Timestep,left_hip_pitch_joint_Torque,left_hip_roll_joint_Torque,left_hip_yaw_joint_Torque,left_knee_joint_Torque,left_ankle_pitch_joint_Torque,left_ankle_roll_joint_Torque,right_hip_pitch_joint_Torque,right_hip_roll_joint_Torque,right_hip_yaw_joint_Torque,right_knee_joint_Torque,right_ankle_pitch_joint_Torque,right_ankle_roll_joint_Torque,left_hip_pitch_joint_Vel,left_hip_roll_joint_Vel,left_hip_yaw_joint_Vel,left_knee_joint_Vel,left_ankle_pitch_joint_Vel,left_ankle_roll_joint_Vel,right_hip_pitch_joint_Vel,right_hip_roll_joint_Vel,right_hip_yaw_joint_Vel,right_knee_joint_Vel,right_ankle_pitch_joint_Vel,right_ankle_roll_joint_Vel
50,-2.808577537536621,2.0338447093963623,-1.9720184803009033,-4.616863250732422,0.0124664306640625,0.007426857948303223,-9.237970352172852,-17.17867088317871,16.60504722595215,-57.55066680908203,12.100189208984375,1.166163682937622,-0.6873177289962769,0.015323137864470482,0.3865610957145691,3.8099637031555176,-2.3651180267333984,-0.3448711633682251,0.6707522869110107,0.2981725037097931,-0.38455140590667725,-1.170529842376709,0.47799161076545715,-0.09891544282436371
51,7.365531921386719,-5.36937952041626,2.1877779960632324,-2.110769271850586,-0.34203147888183594,0.08496582508087158,-5.796678066253662,-3.96304988861084,1.441072702407837,-30.9508056640625,-6.534271240234375,4.837455749511719,1.2611134052276611,-0.5413780212402344,0.0540270060300827,1.5478140115737915,-7.4054789543151855,0.9144500494003296,1.5070552825927734,0.3022380769252777,-0.37670978903770447,-1.2023109197616577,0.20090948045253754,-0.23666737973690033
52,9.693624496459961,5.769109725952148,-3.9936585426330566,-6.095287322998047,0.6242227554321289,-0.03358304500579834,-23.50833511352539,1.1635698080062866,-4.164361953735352,-14.616706848144531,-4.880166530609131,2.288527250289917,2.937486410140991,-0.6344076991081238,-0.3538232445716858,-4.718084812164307,-6.082645893096924,0.753283679485321,0.44714275002479553,0.10562925040721893,-0.3133311867713928,0.8886946439743042,-3.0598604679107666,1.8359816074371338
53,-14.659921646118164,12.236928939819336,-9.911136627197266,-28.385051727294922,-15.820465087890625,-4.988968849182129,3.314833879470825,1.7321181297302246,-3.063166618347168,3.916584014892578,0.6817004680633545,-0.009709835052490234,1.012516736984253,-0.09835021197795868,-0.552524209022522,-1.7395484447479248,4.28475284576416,1.962125539779663,-0.4573546350002289,-0.019607171416282654,-1.2164435386657715,4.123167514801025,-0.4783309996128082,3.153386354446411
54,0.027314186096191406,12.671891212463379,-16.619342803955078,-75.40380096435547,-20.0,4.7468061447143555,-4.3405585289001465,9.00576400756836,-4.456242084503174,3.5345993041992188,-0.1740860939025879,-0.2774527072906494,1.6667064428329468,0.43505823612213135,0.6015874147415161,-1.8818708658218384,5.512418746948242,0.9330182075500488,-0.2970305383205414,0.13345874845981598,-0.5282553434371948,7.380037784576416,-2.7969257831573486,1.7094095945358276
55,-27.022937774658203,7.933046340942383,-19.508363723754883,-66.62731170654297,-20.0,9.197134971618652,-0.7713100910186768,5.862226486206055,-1.5848538875579834,-8.320486068725586,0.014507293701171875,-0.12154197692871094,1.3942501544952393,-0.28283190727233887,-0.2117069810628891,-1.7354767322540283,2.24282169342041,-0.3350057601928711,0.5091893076896667,0.21667693555355072,-0.6533408761024475,3.6568329334259033,-2.2989914417266846,1.9643845558166504
56,-6.002994537353516,15.439397811889648,-16.83858871459961,-50.03054428100586,-18.062482833862305,7.628288745880127,-7.203972339630127,-2.1475884914398193,2.5116188526153564,-3.183624267578125,0.18570661544799805,-0.24097228050231934,0.8045351505279541,-0.42001044750213623,-0.0006542466580867767,-0.15491937100887299,-1.0991252660751343,0.04694857448339462,0.6492225527763367,0.037527162581682205,-0.14925670623779297,2.713146209716797,-0.8466008305549622,1.1656461954116821
57,-7.52772331237793,18.177364349365234,-18.769290924072266,-40.91810989379883,-13.940234184265137,5.718130111694336,-7.456657886505127,-2.75834321975708,1.206153154373169,-5.359008312225342,-0.20197725296020508,-0.11674380302429199,0.7015090584754944,-0.18867610394954681,0.05693637952208519,-0.05136030912399292,-1.46725594997406,0.2078164517879486,1.0301265716552734,0.2105012834072113,-0.15612229704856873,-0.13025927543640137,-1.2657179832458496,1.1081557273864746
58,12.201457977294922,13.928876876831055,-19.59868812561035,-32.784400939941406,-11.122364044189453,2.463460683822632,-21.51089859008789,-3.9801881313323975,2.06878662109375,-4.02182674407959,-0.3829226493835449,-0.22350656986236572,0.9838855266571045,-0.2244817614555359,0.00823233276605606,-0.5935544371604919,0.8436098098754883,0.07234866172075272,1.1725937128067017,0.11956292390823364,0.1461380124092102,-2.310270071029663,-2.9301083087921143,-0.7191566228866577
59,-1.0737805366516113,4.100909233093262,-14.228500366210938,-32.47917556762695,-11.203177452087402,2.6239211559295654,-9.538488388061523,-1.8073406219482422,1.2581264972686768,0.8890914916992188,-6.816770076751709,-0.017470359802246094,0.8918763399124146,-0.4598361849784851,0.3098872900009155,-0.4972134530544281,0.6565877795219421,0.40373343229293823,1.1401331424713135,-0.08375928550958633,0.7649284601211548,-3.8402657508850098,4.138264921493828e-05,-1.2996189594268799
60,-1.900068759918213,-0.6472852230072021,-4.70771598815918,-9.287128448486328,-4.285147190093994,-0.9395759105682373,-6.413939476013184,-3.1675453186035156,1.1905994415283203,-1.4195442199707031,-10.188568115234375,0.020892620086669922,0.05466218292713165,-0.6278669834136963,0.1271858811378479,1.3358856439590454,-3.0154149532318115,0.10950671881437302,1.7258907556533813,-0.14954473078250885,1.0543724298477173,-7.917981147766113,2.6064291887450963e-05,-2.1919028759002686
61,-13.90868091583252,2.1256396770477295,0.3204214572906494,2.402597427368164,0.4379384517669678,-0.17621755599975586,4.4443864822387695,-15.786660194396973,18.316326141357422,-74.53846740722656,-20.0,11.435989379882812,-0.39703187346458435,0.4052279591560364,0.3880886733531952,4.916103363037109,-1.0767103433609009,-2.6207523345947266,2.236358880996704,0.1785815805196762,-0.7919904589653015,-1.571495532989502,-2.3003945350646973,-8.332511901855469
62,-22.301128387451172,-10.132359504699707,6.610832214355469,-2.415363311767578,-0.18086600303649902,0.1863384246826172,3.2873849868774414,-18.647430419921875,18.924983978271484,-78.79069519042969,-7.505256652832031,3.4199728965759277,-1.6559869050979614,0.6580041646957397,1.1137312650680542,7.713526248931885,-1.0575098991394043,-1.4959385395050049,1.1348838806152344,0.15169280767440796,-0.43645617365837097,0.04426480457186699,-1.0207624435424805,0.017731569707393646
63,-19.654403686523438,-4.78262186050415,1.0769848823547363,-11.698480606079102,-0.4570271968841553,0.14307379722595215,-3.1969845294952393,-14.63176155090332,23.1064453125,-61.26057052612305,-4.74050235748291,3.496799945831299,-1.6113147735595703,0.09189333021640778,0.5261896252632141,4.92860746383667,-1.9277822971343994,-1.175890326499939,1.0355743169784546,0.2057798206806183,-0.2747310996055603,-0.33360064029693604,-0.7396724224090576,-0.14228537678718567
64,-13.266427993774414,-6.092822074890137,3.532294273376465,-8.251965522766113,-0.0605015754699707,0.16088789701461792,-7.108714580535889,-7.017917633056641,14.577573776245117,-54.2529182434082,0.6972897052764893,3.148488759994507,-1.6206154823303223,-0.29633334279060364,0.16212612390518188,2.346055507659912,-1.0436242818832397,0.37244924902915955,1.1770780086517334,0.29333144426345825,-0.5656597018241882,-0.8632809519767761,-0.530728280544281,-0.12997877597808838
65,-7.622358322143555,-6.322262763977051,3.7634663581848145,-2.754493236541748,-0.2970857620239258,-0.0060575008392333984,-9.183902740478516,-13.297280311584473,20.951642990112305,-55.121681213378906,7.973695755004883,3.5110931396484375,-0.7666561007499695,-0.6248157620429993,0.394730806350708,-0.08980083465576172,-2.987957715988159,1.3951380252838135,1.6788591146469116,0.3203255534172058,-0.38179683685302734,-1.513033151626587,-0.2751988172531128,-0.06585277616977692
66,-4.976605415344238,4.103798866271973,-2.172600507736206,-0.36348724365234375,-5.493722915649414,-0.04326772689819336,-4.220256805419922,-16.710060119628906,17.55463409423828,-24.932682037353516,17.13420295715332,4.355988025665283,-0.29103824496269226,-0.42229610681533813,0.3943944275379181,-1.8370890617370605,-0.00015282846288755536,2.2525315284729004,1.7825794219970703,0.4124698340892792,-0.24809998273849487,-1.5717524290084839,-0.22118964791297913,-0.46184444427490234
67,10.537508010864258,22.697010040283203,-15.527643203735352,-2.6498031616210938,-6.697524070739746,0.05148029327392578,-22.240745544433594,-24.21603775024414,10.334821701049805,-12.615913391113281,20.0,4.030259609222412,1.1329022645950317,0.08177999407052994,-1.265936017036438,-7.1913652420043945,-8.132541552186012e-05,3.418686866760254,0.7585097551345825,0.5594991445541382,-0.27497991919517517,-0.002283959649503231,0.1694231778383255,0.8284003138542175
68,32.44145202636719,18.386371612548828,-25.32088851928711,-40.02354431152344,-20.0,12.656234741210938,-38.30494689941406,-9.646141052246094,0.9414046406745911,-5.656959533691406,9.649730682373047,2.099987506866455,1.56248140335083,0.8467990756034851,-0.3837577700614929,-2.1276192665100098,8.869566917419434,-2.2700815200805664,-1.7997562885284424,0.01491510309278965,-0.7563989758491516,5.23950719833374,2.6239683628082275,2.215039014816284
69,42.518150329589844,29.221250534057617,-36.92403793334961,-82.28031158447266,-11.079008102416992,4.055963039398193,-41.69905090332031,-1.0726420879364014,0.582118034362793,-4.113506317138672,-0.7623193264007568,-0.2226705551147461,2.0914721488952637,-0.1813359260559082,0.3060683012008667,-0.8693670630455017,-1.7182164192199707,1.4641163349151611,-3.6498594284057617,-0.5059213042259216,0.549297034740448,10.300524711608887,1.8677334785461426,2.1345555782318115
70,16.521596908569336,14.394291877746582,-23.254390716552734,-46.963890075683594,-12.585904121398926,4.723115921020508,-32.91587829589844,2.5190513134002686,-2.9731407165527344,-19.29302978515625,-0.8595771789550781,-0.1797046661376953,1.555113673210144,-0.19156135618686676,0.11940643191337585,-0.6777623295783997,-1.0362789630889893,0.30299004912376404,-4.279468059539795,-0.5868552923202515,0.18169470131397247,6.331675052642822,2.2306783199310303,1.5134705305099487
71,17.522680282592773,15.101194381713867,-20.249948501586914,-37.97776412963867,-7.58306360244751,2.70828914642334,-25.100723266601562,1.046154260635376,-2.1355652809143066,-15.252239227294922,-0.9579522609710693,-0.15594136714935303,2.067894220352173,-0.0688183531165123,0.13048219680786133,-1.0485321283340454,-0.9697496891021729,0.3171786665916443,-3.9264020919799805,-0.434689462184906,0.05106210336089134,1.5056538581848145,1.0452711582183838,0.5777930021286011
72,-17.154184341430664,13.775228500366211,-20.78199005126953,-50.99120330810547,0.3450740575790405,1.224333643913269,0.23963165283203125,0.01435232162475586,0.22397899627685547,-2.0070960521698,-0.5024839639663696,-0.06381261348724365,1.9984307289123535,-0.21761776506900787,0.0992511510848999,-1.4136911630630493,-0.899310827255249,0.1591881662607193,-3.5836427211761475,-0.5774248242378235,0.09889828413724899,-1.0539640188217163,-0.8318979144096375,0.3303457498550415
73,-23.262231826782227,9.723258972167969,-11.536431312561035,-37.35470199584961,2.4259257316589355,-1.529287576675415,12.661661148071289,3.868363618850708,-2.1198244094848633,4.835796356201172,0.1461697220802307,-0.03183192014694214,1.9430270195007324,-0.28561973571777344,-0.04160217195749283,-1.3126647472381592,-1.0552279949188232,0.2663087546825409,-2.6895928382873535,-0.5910597443580627,-0.3076119124889374,-2.393601417541504,-0.39904239773750305,-0.2709287703037262
74,-15.434347152709961,11.485199928283691,-13.404247283935547,-36.490638732910156,17.902250289916992,-8.531496047973633,3.1283512115478516,3.854663372039795,-2.3850135803222656,5.166780471801758,-0.19133639335632324,0.031850218772888184,2.0890555381774902,-0.2541343867778778,0.2800743877887726,-1.7116799354553223,-0.784311056137085,0.6703277826309204,-2.197354555130005,-0.32274991273880005,-0.22686994075775146,-3.6871278285980225,-1.5522884130477905,-0.6142398118972778
75,-33.681671142578125,2.735799789428711,-5.149898052215576,-19.291160583496094,20.0,-5.076009750366211,28.00113296508789,-2.9411911964416504,4.683270454406738,9.077329635620117,0.17578935623168945,-0.08669853210449219,1.6764713525772095,-0.34919169545173645,0.08213821053504944,-0.8255741596221924,-1.0301235914230347,-2.20753812789917,-0.42479029297828674,-0.44737809896469116,0.2781139314174652,-5.791138648986816,-2.6048336029052734,-2.0044353008270264
76,-47.37027359008789,12.355949401855469,-0.14177989959716797,-18.5000057220459,20.0,-4.1954803466796875,40.79238510131836,-9.509393692016602,17.977705001831055,-30.314163208007812,-14.740758895874023,4.268817901611328,0.2713702321052551,0.06708645820617676,0.17047861218452454,2.3571150302886963,0.3902730345726013,-4.14704704284668,2.200225830078125,-0.2594870626926422,-0.13611704111099243,-1.9897781610488892,5.281283378601074,-4.557516098022461
77,-62.76457977294922,-6.253227233886719,5.948907852172852,-6.240791320800781,0.12625598907470703,0.23599624633789062,71.58374786376953,-27.314088821411133,35.64830017089844,-71.65987396240234,-4.532665729522705,-8.346575736999512,-3.6048762798309326,1.012876033782959,0.9695022106170654,9.422192573547363,5.533752918243408,-3.6666858196258545,1.776436686515808,0.055924657732248306,-0.39946624636650085,-0.22152727842330933,-1.6587225198745728,0.7243374586105347
78,-55.14747619628906,-9.774173736572266,6.444494724273682,-15.262611389160156,-1.8008778095245361,0.32378292083740234,61.16749954223633,-10.246063232421875,37.299705505371094,-48.26673889160156,-3.357571601867676,-4.833300590515137,-5.358659267425537,0.7358935475349426,0.8212003707885742,10.30202579498291,0.7780618071556091,-1.7616854906082153,2.230180025100708,0.16208288073539734,-0.638310432434082,-0.7307038903236389,-1.4281343221664429,0.23882779479026794
79,-28.621891021728516,-3.062953472137451,0.33703917264938354,-20.632753372192383,-0.8985075950622559,0.29649293422698975,20.278858184814453,-5.885776996612549,25.920564651489258,-39.304168701171875,-3.846867561340332,-3.587254762649536,-5.575929641723633,0.028405288234353065,0.03515902906656265,5.024402618408203,0.1850767284631729,0.17884798347949982,2.245338201522827,0.3328411877155304,-0.4105745553970337,-0.9834379553794861,-1.2762510776519775,0.26504752039909363
80,-8.774139404296875,-9.867141723632812,6.319426536560059,-8.235320091247559,-0.45939427614212036,0.023075580596923828,-2.376336097717285,-6.272727012634277,22.29711151123047,-59.209022521972656,2.994002103805542,0.4357287883758545,-5.166738510131836,-0.5848212838172913,0.26894503831863403,0.861907958984375,-0.10696305334568024,1.6102099418640137,2.490649461746216,0.3468206524848938,-0.2516923248767853,-1.5296783447265625,-1.0116199254989624,0.025579355657100677
81,10.553455352783203,-9.419113159179688,5.231936931610107,2.2264490127563477,-0.11021268367767334,-0.09231138229370117,-25.171140670776367,-6.6082634925842285,14.928764343261719,-55.6009635925293,14.167168617248535,4.292826175689697,-4.396119117736816,-1.0560756921768188,0.3104621469974518,-1.5885722637176514,-0.5806934237480164,3.1186776161193848,2.5170044898986816,0.4339251220226288,-0.12824484705924988,-2.0516722202301025,-0.7966648936271667,0.043468475341796875
82,21.383724212646484,12.646381378173828,-8.600545883178711,1.6807289123535156,-0.035225868225097656,-0.15070772171020508,-30.93022346496582,-21.858116149902344,15.122485160827637,-29.571544647216797,20.0,7.395260810852051,-2.282275676727295,-0.7009748220443726,-0.5067762136459351,-6.0101141929626465,-0.5781083106994629,3.475198745727539,2.768068790435791,0.44885510206222534,-0.09578131139278412,-2.63572359085083,-0.78278648853302,-0.5478641390800476
83,20.303504943847656,12.876465797424316,-7.019456386566162,12.821819305419922,0.19832193851470947,-0.14143848419189453,-22.181968688964844,-21.810073852539062,6.284548759460449,-15.671157836914062,20.0,4.480247974395752,-0.7769596576690674,0.14456242322921753,-0.7107890844345093,-6.416224002838135,-0.36196181178092957,5.0535197257995605,2.4065637588500977,0.5665508508682251,0.14080077409744263,-1.4470268487930298,-0.7406038641929626,2.341953992843628
84,34.432254791259766,13.98208236694336,-8.863469123840332,13.051910400390625,0.325364351272583,-0.3526325225830078,-33.44801330566406,-14.410049438476562,-0.17666161060333252,-10.133373260498047,20.0,3.612104892730713,1.4590381383895874,0.6550070643424988,-1.2908076047897339,-9.257460594177246,0.978980302810669,4.5984649658203125,0.3683512210845947,0.25401249527931213,-0.4226636290550232,2.373018264770508,1.2562839984893799,1.7914241552352905
85,70.1247329711914,20.330699920654297,-30.160646438598633,-39.34611511230469,-20.0,12.075021743774414,-68.12428283691406,-5.854469299316406,1.8507169485092163,-11.072696685791016,1.904292106628418,0.13337469100952148,2.985795259475708,1.1167770624160767,0.8172381520271301,-4.372753620147705,11.507383346557617,-2.3131256103515625,-2.8841960430145264,-0.45752736926078796,0.2745136320590973,7.104047775268555,5.4810309410095215,2.2180747985839844
86,31.658140182495117,29.280527114868164,-44.69969177246094,-48.46957015991211,-1.060685157775879,18.51575469970703,-27.73358154296875,-2.788435935974121,1.9544239044189453,-9.572370529174805,-1.5815341472625732,-0.27781152725219727,1.6643108129501343,-0.06250253319740295,0.34536799788475037,0.19834300875663757,-1.842841625213623,0.2314751148223877,-3.8644590377807617,-0.0832316130399704,1.638205885887146,6.701779365539551,-0.06554561853408813,1.4103800058364868
87,2.1819286346435547,14.907743453979492,-28.010221481323242,-39.71345138549805,-8.471721649169922,8.741500854492188,-6.673196792602539,2.978416681289673,-4.989528179168701,-9.84180736541748,-0.23870611190795898,-0.028611183166503906,1.7424054145812988,0.07796936482191086,-0.1876276731491089,0.2728883922100067,-2.027486801147461,0.014068543910980225,-3.0559611320495605,-0.2858204245567322,-0.049789346754550934,2.759425401687622,1.075422763824463,1.6030420064926147
88,4.881317138671875,13.126239776611328,-17.594419479370117,-38.623497009277344,-5.446471691131592,4.402839660644531,-8.085423469543457,-1.4854989051818848,0.5078491568565369,-5.031801223754883,-0.41102397441864014,-0.18363893032073975,1.927325963973999,-0.10379791259765625,0.0030766017735004425,-0.058207280933856964,-1.9130967855453491,0.14072738587856293,-2.9181854724884033,-0.6700793504714966,0.09635039418935776,0.6156352758407593,0.7597819566726685,0.7547868490219116
89,-7.059664249420166,8.19902229309082,-14.01589298248291,-44.605247497558594,2.55888295173645,3.0795490741729736,-0.07817459106445312,7.92682409286499,-4.2470703125,2.4023172855377197,-0.09917211532592773,-0.051284193992614746,1.7352937459945679,-0.22604379057884216,-0.021685265004634857,-0.269273579120636,-1.7563765048980713,-0.06273704022169113,-3.086733341217041,-0.4375333786010742,0.06422340869903564,0.19936063885688782,1.067352294921875,0.26509836316108704
90,-6.725921630859375,13.958096504211426,-15.85052490234375,-37.11777114868164,10.097049713134766,0.5948449373245239,5.927145004272461,-0.6125593185424805,1.0136137008666992,0.28089427947998047,-0.44405245780944824,-0.056547150015830994,2.326122760772705,-0.3499968349933624,-0.05354760214686394,-0.770368218421936,-1.6455563306808472,-0.03704087436199188,-1.6260175704956055,-0.523681640625,0.18492482602596283,-2.6030776500701904,-1.19601571559906,-0.09127721935510635
91,-21.666088104248047,1.9118473529815674,-5.372365951538086,-31.435590744018555,13.722111701965332,-1.5824662446975708,12.877851486206055,6.453371047973633,-3.600597381591797,6.604118347167969,0.26651671528816223,0.008179306983947754,2.059803009033203,-0.35987168550491333,0.17823995649814606,-0.7282330393791199,-1.606431484222412,0.21716152131557465,-1.0926685333251953,-0.3202725350856781,0.1394396871328354,-3.686677932739258,-0.11828450858592987,-0.7061660885810852
92,-23.973731994628906,6.993715286254883,-7.662439346313477,-37.59222412109375,19.413349151611328,-4.7672834396362305,15.335965156555176,8.854437828063965,-4.770802021026611,11.151497840881348,0.12657427787780762,0.06299805641174316,2.1184256076812744,-0.5118557214736938,-0.012961730360984802,-1.0413215160369873,-1.5726858377456665,-0.011168062686920166,-0.2678860127925873,-0.13776788115501404,-0.259761244058609,-3.7510948181152344,-0.6984097361564636,-1.5854558944702148
93,-17.556669235229492,11.22500991821289,-4.301691055297852,-15.085623741149902,20.0,-5.003166198730469,18.5980281829834,-1.8914990425109863,2.3748652935028076,9.924397468566895,0.31717783212661743,0.05113029479980469,1.6940960884094238,-0.3058014512062073,-0.1651575118303299,0.188842311501503,-1.8404593467712402,-2.965214967727661,0.9947600960731506,-0.01911706104874611,-0.024235542863607407,-4.489614963531494,0.01785896345973015,-2.488485336303711
94,-32.706241607666016,10.901844024658203,0.8725817799568176,-17.374309539794922,19.28853416442871,-3.999663829803467,24.071056365966797,-7.904592037200928,12.142807006835938,-31.012027740478516,-13.57565689086914,5.174542427062988,0.749830424785614,0.01810251921415329,0.15110355615615845,1.8096330165863037,-0.4758947789669037,-2.8604843616485596,1.7207070589065552,0.00862015038728714,0.3379507064819336,1.1479774713516235,-1.083996057510376,-3.259395122528076
95,-54.42565155029297,-15.586176872253418,10.812095642089844,-1.3504867553710938,-0.0742340087890625,0.11835813522338867,63.00434112548828,-22.992189407348633,36.805240631103516,-73.4989242553711,3.585731267929077,-5.162561416625977,-2.336667537689209,0.4824853539466858,1.257643699645996,8.595060348510742,3.285153388977051,-2.720395088195801,2.1202330589294434,0.022396624088287354,-0.3248385488986969,-0.29521557688713074,-1.8057656288146973,0.3080742061138153
96,-43.71965026855469,-2.1836955547332764,2.511678695678711,-15.623760223388672,-1.4021329879760742,0.29005372524261475,45.092140197753906,-17.11595344543457,32.592857360839844,-38.73571014404297,4.401432514190674,-0.9778409004211426,-3.4080491065979004,0.3907163739204407,1.1986830234527588,7.634929656982422,-0.20993156731128693,-0.8131340742111206,2.419349193572998,0.05210639536380768,-0.4672155976295471,-0.7238437533378601,-1.5417975187301636,-0.07681404054164886
97,-28.19024658203125,1.7909791469573975,-2.1962127685546875,-15.714881896972656,-0.6594135761260986,0.18889987468719482,19.480552673339844,-10.7257661819458,25.55714225769043,-34.57855224609375,1.8048741817474365,0.32732903957366943,-4.012906074523926,0.12555833160877228,0.4264290928840637,4.34263801574707,-0.48176315426826477,0.4862590432167053,2.2334494590759277,0.27254748344421387,-0.3453940749168396,-0.9768344163894653,-1.2779858112335205,-0.08955889195203781
98,-10.464841842651367,-6.255870342254639,3.46932315826416,-9.251797676086426,-0.25288641452789307,0.01658463478088379,4.440635681152344,-1.725266456604004,17.221994400024414,-32.85329055786133,10.960676193237305,0.6962187886238098,-3.7982571125030518,-0.5447993874549866,0.23469112813472748,0.5669887065887451,0.6380894780158997,1.7001426219940186,2.231278896331787,0.21277973055839539,-0.2306719273328781,-1.2090599536895752,-1.1609737873077393,-0.06095688045024872
99,-1.067708969116211,10.69658374786377,-7.453128814697266,-5.084916114807129,-0.5267791748046875,0.02307891845703125,-3.828608512878418,-16.229639053344727,16.66000747680664,-25.009166717529297,18.38755989074707,3.821837902069092,-2.7810678482055664,-0.3111819326877594,-1.00094735622406,-3.3965885639190674,-0.6741872429847717,2.877556085586548,2.5416831970214844,0.5304401516914368,-0.24990761280059814,-1.7180333137512207,-0.9376586079597473,-0.39175957441329956
100,12.03465461730957,10.605792045593262,-5.289466857910156,7.202540397644043,0.16302984952926636,-0.16582059860229492,-22.16234588623047,-21.66569709777832,14.126214981079102,-21.161775588989258,20.0,5.593818664550781,-2.2310774326324463,0.3574618995189667,-1.025534749031067,-4.356659889221191,0.3358199894428253,3.400691509246826,2.0510497093200684,0.6201571226119995,-0.09769675880670547,-1.4770557880401611,-1.084876537322998,-0.1831710934638977
101,36.70896911621094,12.410378456115723,-7.5301103591918945,7.696784973144531,-0.008581563830375671,-0.19258689880371094,-33.49497985839844,-11.498650550842285,6.633493423461914,-13.94991397857666,20.0,4.510363578796387,1.2085610628128052,0.771073043346405,-1.135999321937561,-9.615937232971191,-0.17511488497257233,4.001056671142578,1.3875404596328735,0.2828656733036041,-0.27146226167678833,0.6921069622039795,-0.07500913739204407,1.0598455667495728
102,60.4050407409668,14.67552375793457,-24.097095489501953,-19.649185180664062,-16.441734313964844,7.076815605163574,-56.94123840332031,-0.16107800602912903,-3.846297264099121,-4.33642578125,4.984431266784668,1.11818265914917,2.6305294036865234,1.6636351346969604,0.9638239145278931,-3.2844748497009277,11.703865051269531,-2.432065010070801,-2.259059190750122,-0.22433753311634064,-0.4321573078632355,7.968216896057129,4.697080612182617,2.826303482055664
103,35.091636657714844,27.257822036743164,-37.75730514526367,-56.6038932800293,-0.4539055824279785,15.909965515136719,-34.967132568359375,-0.794660747051239,1.9307284355163574,-15.064207077026367,-1.6245406866073608,-0.37787508964538574,1.7291971445083618,0.00943078100681305,0.306659460067749,0.4914652705192566,-2.33461332321167,0.14177048206329346,-2.9834837913513184,0.24756881594657898,1.472415566444397,5.387579917907715,-0.030160799622535706,1.339828610420227
104,11.541840553283691,20.502548217773438,-29.51896095275879,-47.32501220703125,-6.2296013832092285,7.13331937789917,-12.679167747497559,1.3123862743377686,-3.6833226680755615,-5.79083251953125,-0.24728387594223022,-0.030837297439575195,1.9395105838775635,-0.05507513880729675,0.07827132940292358,0.2962297797203064,-2.1357548236846924,0.19262312352657318,-2.772890329360962,-0.23282243311405182,0.1832553744316101,3.795931100845337,0.45696496963500977,1.6770544052124023
105,0.5386524200439453,18.32529640197754,-24.692975997924805,-51.99266052246094,-0.4999053478240967,4.199273109436035,-9.925662994384766,3.1187047958374023,-3.360400676727295,-5.694664001464844,-0.3730813264846802,-0.12174320220947266,1.9604508876800537,0.09611320495605469,0.06146758049726486,-0.18412944674491882,-1.9443976879119873,0.1190248355269432,-2.840315818786621,-0.18833360075950623,-0.40749263763427734,1.2113109827041626,0.4991929531097412,1.092808485031128
106,3.4202136993408203,11.474041938781738,-17.443418502807617,-38.502525329589844,9.919028282165527,0.31295445561408997,-9.068565368652344,4.915593147277832,-2.368633985519409,-2.4204494953155518,-0.2768646478652954,-0.15063613653182983,1.8504292964935303,-0.024898163974285126,-0.05425015091896057,-0.46990767121315,-1.699933648109436,-0.04726399481296539,-2.8821985721588135,-0.024340137839317322,-0.49334952235221863,-0.7323423027992249,0.9143521785736084,-0.3403412997722626
107,-4.71926212310791,14.45048713684082,-18.24347496032715,-45.02887725830078,14.59545612335205,-3.5502800941467285,1.6220684051513672,-2.9371793270111084,3.0042004585266113,3.786353588104248,-0.33198487758636475,-0.02690887451171875,2.3029427528381348,-0.48038429021835327,0.08885881304740906,-1.2538167238235474,-1.3976348638534546,0.1736743003129959,-2.2888965606689453,-0.4152642488479614,0.17613330483436584,-1.5970553159713745,-0.9404641389846802,-0.669573962688446
108,-18.128263473510742,6.43574333190918,-8.854384422302246,-30.991716384887695,18.21160316467285,-3.837897777557373,12.904624938964844,4.05216121673584,-1.2627209424972534,5.4520368576049805,0.19538551568984985,0.02147388458251953,2.376218795776367,-0.62603360414505,-0.007888242602348328,-1.468091607093811,-1.3041605949401855,0.007161766290664673,-1.2798346281051636,-0.28906115889549255,0.34066659212112427,-3.05338191986084,-0.3389330804347992,-1.3146228790283203
109,-12.307575225830078,5.322488784790039,-3.49151873588562,-14.626581192016602,20.0,-5.54019832611084,10.204205513000488,4.077123641967773,-2.6556825637817383,7.099088668823242,0.1523604393005371,0.11384224891662598,1.9867814779281616,-0.5224921107292175,0.037818506360054016,-0.8416174054145813,-1.4419679641723633,-0.9841177463531494,-0.7604242563247681,-0.11695211380720139,0.22067886590957642,-3.569411039352417,0.27035656571388245,-1.7299364805221558
110,-27.932281494140625,7.283761978149414,0.8965989947319031,-12.745159149169922,20.0,-5.062189102172852,32.07450866699219,-7.574623107910156,5.5480875968933105,8.707185745239258,0.09414017200469971,0.05773782730102539,0.8369365930557251,-0.3176434338092804,0.2620408236980438,1.7143555879592896,-0.2792290449142456,-2.649585485458374,1.60738205909729,-0.3497607111930847,0.5168612003326416,-6.914365291595459,-0.20968399941921234,-2.1920151710510254
111,-46.56277847290039,2.882431983947754,1.668656587600708,-4.894563674926758,5.9264702796936035,-1.1917781829833984,55.74244689941406,-29.097064971923828,26.405683517456055,-65.40377044677734,7.374434471130371,-8.751916885375977,-1.4765032529830933,0.6974247694015503,0.703448474407196,6.183435916900635,3.559526205062866,-3.3846447467803955,2.0385100841522217,0.013783648610115051,0.08676482737064362,0.4380888044834137,-2.498525619506836,0.2821439206600189
112,-50.196815490722656,-8.937978744506836,5.756596565246582,-10.46624755859375,-1.164283037185669,0.4040125012397766,53.606346130371094,-17.769641876220703,26.427270889282227,-47.719844818115234,3.5170741081237793,-3.334894895553589,-3.8197028636932373,0.42179355025291443,0.08192288875579834,8.676671028137207,1.4992878437042236,-0.30378231406211853,2.1064395904541016,0.16791312396526337,-0.27168145775794983,-0.03228151425719261,-1.8962396383285522,0.20997336506843567
113,-23.84650230407715,-5.70637845993042,5.01756477355957,-15.809423446655273,-1.0480355024337769,-0.018444716930389404,18.685256958007812,-11.143553733825684,22.17666244506836,-47.81158447265625,3.6758484840393066,0.11423369497060776,-3.601494312286377,0.1375768482685089,0.4121021032333374,4.341738700866699,-0.9381332993507385,-0.1291864812374115,2.513068199157715,0.015317201614379883,-0.35713595151901245,-0.6922130584716797,-1.5728285312652588,0.02518116869032383
114,-1.2479572296142578,1.2973322868347168,-1.61208176612854,-7.669503688812256,-0.24216902256011963,0.10798537731170654,-14.838074684143066,-16.80050277709961,19.47248077392578,-52.33650588989258,3.41041898727417,2.795494794845581,-3.265720844268799,-0.36348608136177063,-0.2768644392490387,0.3015313148498535,-0.8119497895240784,1.0052591562271118,2.427284002304077,-0.08485367149114609,-0.4619629383087158,-1.204646348953247,-1.3223909139633179,-0.02795632928609848
115,4.500432014465332,-1.4411284923553467,0.7958070039749146,2.5939762592315674,0.030024290084838867,-0.058060407638549805,-16.317317962646484,-10.209665298461914,16.563690185546875,-46.5037956237793,10.515311241149902,3.3634138107299805,-2.812692642211914,-0.09157086908817291,-0.1729690432548523,-0.8213971853256226,-0.8701338171958923,1.5626685619354248,2.351231813430786,0.21955886483192444,-0.3200846314430237,-1.5756367444992065,-1.1078284978866577,0.10593287646770477
116,5.405717372894287,-0.35293644666671753,0.587427020072937,1.1261863708496094,0.14682626724243164,-0.08295059204101562,-8.967265129089355,-7.1129302978515625,10.638814926147461,-25.76757049560547,20.0,5.623003959655762,-1.6562811136245728,0.13536788523197174,-0.015858426690101624,-3.3495090007781982,0.7858186960220337,2.5703301429748535,2.611546277999878,0.4281458556652069,-0.21880656480789185,-1.9563206434249878,-0.8415291905403137,-0.44089746475219727
117,14.420637130737305,4.878376007080078,-2.8835701942443848,5.627096176147461,-0.11048871278762817,-0.1544814109802246,-14.861586570739746,-12.56179428100586,8.871888160705566,-9.128010749816895,20.0,4.573239326477051,-0.3188011050224304,0.021530302241444588,0.01897559128701687,-5.582087993621826,0.3399035930633545,3.251124858856201,1.9281260967254639,0.11772765964269638,-0.148941308259964,-0.4491945505142212,-0.5700134634971619,0.37333035469055176
118,41.17242431640625,18.713363647460938,-13.922750473022461,10.739971160888672,0.29802775382995605,-0.12978649139404297,-42.18932342529297,-3.904294490814209,-1.5721392631530762,-12.940052032470703,19.80944061279297,4.929259777069092,2.2786567211151123,0.8440017700195312,-1.4394217729568481,-9.965300559997559,1.8868638277053833,3.089233875274658,-0.40873661637306213,0.32546842098236084,-0.5997285842895508,3.4706404209136963,1.885034441947937,0.9165452718734741
119,51.100433349609375,20.36589813232422,-28.536943435668945,-40.18016052246094,-20.0,13.487312316894531,-49.8280143737793,-3.892453908920288,1.5807971954345703,-7.837490081787109,-0.7264198064804077,-0.03189897537231445,1.85236656665802,0.31120187044143677,-0.009782195091247559,0.36522459983825684,-0.6086510419845581,-7.2185750007629395,-3.130652666091919,-0.27428382635116577,0.5940937995910645,8.272014617919922,0.9656342267990112,2.52966570854187
120,44.40391159057617,33.1790885925293,-37.502986907958984,-51.35969161987305,3.4480087757110596,4.056364059448242,-38.35912322998047,3.143127679824829,-3.177734851837158,-14.892301559448242,-1.0105156898498535,-0.23553037643432617,1.7307549715042114,0.04992065578699112,0.022965874522924423,0.25910013914108276,-2.0342390537261963,0.39766252040863037,-3.4084060192108154,0.2143794745206833,0.8250236511230469,4.980659008026123,-0.5596612691879272,1.6729146242141724
121,11.173721313476562,10.00999927520752,-20.563945770263672,-37.710601806640625,2.416815757751465,4.0201592445373535,-13.529577255249023,5.272715091705322,-5.157663345336914,-7.959447860717773,-0.18796241283416748,-0.1075279712677002,1.7940956354141235,0.05555174872279167,-0.08434358984231949,-0.019667157903313637,-1.8363536596298218,0.0022199396044015884,-3.3285021781921387,-0.09092387557029724,-0.3074345588684082,2.334815740585327,0.7181209325790405,0.9871379733085632
122,-17.48147964477539,3.893641471862793,-13.773650169372559,-38.73529052734375,0.9024245738983154,4.409334182739258,11.296277046203613,2.3621058464050293,-0.3527696132659912,-0.7200379371643066,-0.028722286224365234,-0.10902506113052368,1.759049654006958,-0.11385572701692581,-0.019192971289157867,-0.09190565347671509,-1.8528003692626953,0.2899791896343231,-2.5323359966278076,-0.19008053839206696,-0.22718819975852966,0.31338149309158325,1.141257882118225,0.5033889412879944
123,6.0023956298828125,11.91562271118164,-13.347612380981445,-28.727584838867188,14.662471771240234,-2.073618173599243,-3.56173038482666,-3.4669361114501953,2.3233656883239746,-3.466318130493164,-0.45538830757141113,-0.16512513160705566,2.4934568405151367,-0.24183222651481628,0.1911434531211853,-0.7740042805671692,-1.6607757806777954,0.10391154140233994,-1.3000890016555786,-0.3667592704296112,0.21343713998794556,-3.340883255004883,0.5119430422782898,-1.1545332670211792
124,-9.987266540527344,12.169105529785156,-13.383411407470703,-36.30009460449219,17.26572608947754,-5.520013809204102,2.819045066833496,6.038069725036621,-3.6084070205688477,8.600440979003906,-0.1322636604309082,0.11732840538024902,2.299755573272705,-0.3665213882923126,-0.042854081839323044,-0.9225866198539734,-1.5850144624710083,0.17869733273983002,-1.152035117149353,-0.21151964366436005,-0.14183829724788666,-3.149379014968872,-0.4920102059841156,-1.4989123344421387
125,-12.270101547241211,6.827198028564453,-10.361003875732422,-36.09657287597656,20.0,-6.661528587341309,7.014000415802002,10.391107559204102,-6.259045600891113,12.270384788513184,0.2162473201751709,0.2322406768798828,2.340416669845581,-0.40839317440986633,0.07103615999221802,-1.057546615600586,-1.5471069812774658,0.10137604922056198,-1.2581170797348022,0.06233571469783783,-0.36333712935447693,-0.8128644227981567,-0.8601912260055542,-0.7722514867782593
126,-22.3408260345459,7.263148307800293,-8.923296928405762,-27.61882972717285,19.856081008911133,-7.245104789733887,14.765222549438477,-2.49674916267395,3.0197224617004395,3.0331974029541016,0.004761219024658203,-0.008692026138305664,2.2549030780792236,-0.5062601566314697,-0.03261345624923706,-1.0146797895431519,-1.4188905954360962,-1.0955727100372314,0.1881144791841507,-0.06972469389438629,-0.04701254144310951,-3.6797943115234375,-1.6218440532684326,-1.415704369544983
127,-24.18146514892578,6.46718692779541,2.370140314102173,-7.103285789489746,20.0,-4.892272472381592,28.058752059936523,-8.64482307434082,6.3216705322265625,7.787651062011719,0.4937174320220947,-0.009184837341308594,0.350649356842041,-0.41700056195259094,0.15521830320358276,2.663865566253662,-0.011605262756347656,-3.1526947021484375,1.7291759252548218,-0.4601662755012512,0.39680758118629456,-2.5716466903686523,7.262044906616211,-5.1814656257629395
128,-39.45819091796875,4.197412014007568,1.3935348987579346,-6.219051361083984,3.180069923400879,-0.5023932456970215,38.07862854003906,-22.393699645996094,25.299570083618164,-46.97572326660156,-20.0,-4.359598159790039,-1.7547686100006104,0.6895923614501953,0.7854954600334167,5.960035800933838,3.2386510372161865,-3.197681427001953,1.5881224870681763,-0.11915046721696854,-0.004898965358734131,0.7505753040313721,-2.504119634628296,0.005763888359069824
129,-43.5088996887207,-17.008983612060547,9.465269088745117,-6.762645721435547,-1.1035878658294678,0.3079557418823242,48.29682159423828,-11.885574340820312,26.482471466064453,-59.29188919067383,4.03533935546875,-2.894392728805542,-3.822833299636841,0.3629087507724762,0.5658383965492249,9.193934440612793,0.25608566403388977,-0.7348425388336182,1.8287858963012695,0.16454634070396423,-0.22936955094337463,0.07646788656711578,-1.844565987586975,0.25318461656570435
130,-32.08018112182617,-3.84352445602417,3.9512205123901367,-18.68233871459961,-0.8295580148696899,0.05602377653121948,28.822982788085938,-11.544412612915039,20.671981811523438,-37.545433044433594,0.2388780117034912,-0.27761170268058777,-4.147414684295654,0.16713771224021912,0.6649072170257568,4.983325004577637,0.036617912352085114,-0.1033758744597435,2.09237003326416,0.0718347355723381,-0.43453583121299744,-0.39682942628860474,-1.5970451831817627,0.02496051788330078
131,-4.579545974731445,-0.699867844581604,-2.426154375076294,-10.161211013793945,-0.4501909017562866,0.1715679168701172,-9.173683166503906,-9.964630126953125,16.507801055908203,-46.351951599121094,0.9335875511169434,2.666099786758423,-3.743988513946533,-0.4206329584121704,-0.45434489846229553,0.5495480895042419,-0.38679784536361694,1.5866144895553589,1.9877705574035645,0.2878960967063904,-0.3087780177593231,-0.8764981031417847,-1.3432564735412598,-0.15931573510169983
132,13.426828384399414,-3.152374267578125,2.2123663425445557,2.3512306213378906,-0.02324497699737549,-0.12143898010253906,-23.02200698852539,-13.03470230102539,17.892560958862305,-53.34601593017578,8.835089683532715,3.313699245452881,-2.3116652965545654,-0.7857421636581421,-0.4234519898891449,-2.189828395843506,-0.8204858899116516,2.1263790130615234,2.348583936691284,0.15235570073127747,-0.21908165514469147,-1.3841601610183716,-1.2331746816635132,0.2867472171783447
133,13.288890838623047,7.631155967712402,-2.3226752281188965,3.827554702758789,0.027106523513793945,-0.13316679000854492,-16.251134872436523,-18.688745498657227,12.39450454711914,-20.09381103515625,19.85573387145996,4.864398002624512,-0.8170156478881836,-0.30204400420188904,0.3032025396823883,-4.823419570922852,-0.9823755621910095,3.072214365005493,2.4126086235046387,-0.020410552620887756,-0.06698081642389297,-1.2382564544677734,-1.3632991313934326,0.5387719869613647
134,22.702781677246094,15.439621925354004,-11.125574111938477,9.19192123413086,0.2223217487335205,-0.11419963836669922,-34.69462585449219,-19.952219009399414,9.176618576049805,-28.557626724243164,20.0,4.836859703063965,0.6857373714447021,0.3395412266254425,-0.8966424465179443,-7.2220611572265625,-0.4410536587238312,3.3704590797424316,2.23107647895813,0.2785269021987915,-0.1585167795419693,-1.3134268522262573,-1.3593817949295044,1.786922812461853
135,31.979610443115234,11.679357528686523,-7.41769552230835,16.631103515625,0.46315765380859375,-0.21942520141601562,-30.991352081298828,-14.861331939697266,5.040948867797852,-10.365095138549805,20.0,3.7659730911254883,1.9804699420928955,1.2389450073242188,-0.2308863401412964,-4.456038475036621,6.584719181060791,0.33727872371673584,0.34813207387924194,0.24625346064567566,-0.23965631425380707,2.2933597564697266,0.7122969627380371,0.7794522047042847
136,55.343441009521484,19.018939971923828,-29.421981811523438,-27.644184112548828,-15.802154541015625,11.090194702148438,-50.50006103515625,3.8361644744873047,-3.2003841400146484,-5.283100128173828,-0.00183868408203125,0.025946617126464844,2.0670719146728516,-0.2518778443336487,-0.693745493888855,-0.30355405807495117,-1.669611930847168,-7.161745071411133,-2.1752235889434814,0.06919606029987335,0.6036145687103271,7.3885579109191895,3.6426093578338623,1.845481276512146
137,42.463043212890625,29.52114486694336,-37.29862976074219,-48.09481430053711,2.9156200885772705,6.422094345092773,-41.10123062133789,1.9302473068237305,-3.0511436462402344,-12.892562866210938,-1.5046688318252563,-0.15714621543884277,1.7566601037979126,-0.05729113519191742,0.10550282150506973,0.2527058720588684,-1.9350905418395996,0.1768406629562378,-3.2200376987457275,0.28522324562072754,0.6162821054458618,6.261666297912598,-0.9324405193328857,1.280551552772522
138,9.350717544555664,15.728507041931152,-28.618654251098633,-40.66523361206055,-2.818561315536499,6.0232696533203125,-15.056833267211914,-3.593477725982666,0.3845787048339844,-11.517857551574707,-0.26065051555633545,-0.1187669038772583,2.043156623840332,-0.031166017055511475,0.16935306787490845,-0.1885657012462616,-1.82038414478302,0.2186746448278427,-2.8075664043426514,-0.16942660510540009,0.09652994573116302,2.3862266540527344,0.34868741035461426,0.9044606685638428
139,-5.652503967285156,17.575719833374023,-26.713327407836914,-47.761878967285156,1.5707008838653564,3.7934975624084473,-5.0719804763793945,-2.573024272918701,1.2046855688095093,-2.422926425933838,-0.33751434087753296,-0.08614134788513184,1.999284029006958,-0.16558532416820526,0.140177920460701,-0.6301716566085815,-1.6006879806518555,0.08575229346752167,-2.8172647953033447,-0.4090985953807831,0.08692984282970428,0.6948312520980835,-0.5340431332588196,0.8034228682518005
140,-0.6754493713378906,15.898164749145508,-19.983137130737305,-44.406803131103516,10.176708221435547,-0.5681973695755005,-5.208711624145508,5.440493583679199,-3.623333215713501,1.23042631149292,-0.04982273653149605,-0.08371439576148987,2.128856658935547,-0.2052297294139862,0.04762594401836395,-1.0086392164230347,-1.4263781309127808,0.13004830479621887,-2.683892250061035,-0.22794057428836823,-0.18621981143951416,-0.3586401641368866,0.029188362881541252,-0.24067457020282745
141,-11.696599960327148,8.004280090332031,-12.129695892333984,-29.993661880493164,15.45969009399414,-3.562488555908203,6.085458278656006,5.577812194824219,-2.629087448120117,3.261312484741211,0.01412898302078247,0.007959723472595215,2.0220882892608643,-0.30933260917663574,-0.14763109385967255,-1.0450255870819092,-1.408495545387268,0.009821176528930664,-2.150601863861084,-0.020172346383333206,-0.3215600252151489,-1.4314026832580566,0.2986051142215729,-0.8878985047340393
142,-8.129270553588867,4.31883430480957,-6.463837146759033,-22.989368438720703,20.0,-8.690560340881348,5.624847412109375,4.368711471557617,-2.4374520778656006,3.875941276550293,-0.15839993953704834,0.07536053657531738,2.1810543537139893,-0.4280368685722351,-0.05312589555978775,-1.1735841035842896,-1.330137014389038,-0.27496665716171265,-1.3540595769882202,-0.12238997220993042,-0.4479047656059265,-2.586310863494873,-0.8254407644271851,-1.3492389917373657
143,-19.61362075805664,10.490815162658691,-6.016447067260742,-21.89664077758789,20.0,-6.227094650268555,15.801947593688965,-4.130804538726807,3.865499496459961,4.873039245605469,0.05091547966003418,0.05620980262756348,2.1428582668304443,-0.3598213195800781,0.025698471814393997,-0.8800204396247864,-1.4745715856552124,-2.3842861652374268,0.18834681808948517,0.0031886743381619453,0.21593736112117767,-5.488113880157471,-0.9526568651199341,-1.4745279550552368
144,-35.226318359375,12.975881576538086,-2.1327619552612305,-14.871160507202148,20.0,-4.417571067810059,35.172908782958984,-12.613581657409668,9.197650909423828,13.199769973754883,0.3209543228149414,-0.03185462951660156,0.6636589169502258,-0.3921962082386017,0.12915101647377014,1.9671456813812256,-0.3301316201686859,-3.8958117961883545,1.8351736068725586,-0.8618257641792297,0.2492123693227768,-2.4627878665924072,6.489439010620117,-5.154224872589111
145,-44.069339752197266,7.277445316314697,0.3538627624511719,-4.797222137451172,5.71230936050415,-0.8163137435913086,45.857093811035156,-25.9842529296875,29.65139389038086,-51.78383255004883,-20.0,-4.163454055786133,-2.1877846717834473,1.3104653358459473,1.1525896787643433,6.964237213134766,3.941128730773926,-4.569429874420166,1.6533706188201904,0.1539323329925537,0.11850892007350922,0.4510228633880615,-2.6638381481170654,1.0311493873596191
146,-46.86197280883789,-5.04209566116333,2.4263997077941895,-11.011890411376953,-1.3787018060684204,0.5755841732025146,54.77297592163086,-22.83871078491211,34.16128158569336,-41.188961029052734,-0.3263382911682129,-4.318621635437012,-3.979811906814575,0.7208375930786133,0.03960215672850609,8.884856224060059,0.040641721338033676,-0.622230589389801,1.7805161476135254,0.13916772603988647,-0.1681032031774521,0.2524589002132416,-1.9616460800170898,0.22502057254314423
147,-21.05067253112793,-9.802517890930176,6.919173240661621,-13.12603759765625,-0.533159077167511,-0.008102178573608398,14.803800582885742,-9.28348159790039,22.475425720214844,-58.59833908081055,-7.690570831298828,-1.7009148597717285,-4.116364002227783,0.31088897585868835,0.19722405076026917,5.742700099945068,0.31300437450408936,-0.5559774041175842,2.105043411254883,0.0368378609418869,-0.27644550800323486,-0.4405679404735565,-1.7159271240234375,0.5381836891174316
148,-14.578811645507812,-0.6951438784599304,0.4414758086204529,-12.863569259643555,-0.5294375419616699,0.14092803001403809,7.818181037902832,-12.087026596069336,20.9842586517334,-37.09403610229492,0.549290657043457,-0.5648752450942993,-3.7726809978485107,-0.09231007099151611,-0.0719958171248436,1.1468006372451782,0.5968379974365234,0.8083972334861755,2.2592880725860596,-0.019448064267635345,-0.23293524980545044,-0.7620601654052734,-1.5204193592071533,0.1764410436153412
149,-8.295621871948242,-2.969273090362549,2.1802918910980225,-7.019016265869141,-0.6225100755691528,0.0520782470703125,0.7752799987792969,-1.9690114259719849,17.82678985595703,-32.17737579345703,12.989789962768555,1.1117428541183472,-3.287632703781128,-0.3048750162124634,-0.03758673369884491,-3.302496910095215,-0.36973798274993896,3.0951554775238037,2.132967948913574,-0.0215560644865036,-0.20706352591514587,-1.0415817499160767,-1.273938536643982,0.13548973202705383
150,16.74658203125,1.9515007734298706,-3.4721555709838867,10.432575225830078,0.12067282199859619,-0.1305990219116211,-19.45309066772461,-10.869410514831543,12.169686317443848,-34.1253776550293,20.0,4.511538028717041,-2.0238828659057617,-0.26499441266059875,-1.2619065046310425,-3.4530675411224365,-1.0684672594070435,4.20475959777832,2.585616111755371,0.49238747358322144,-0.18660277128219604,-1.5501768589019775,-1.1375577449798584,-0.17542687058448792
151,23.784950256347656,0.42271512746810913,2.0531466007232666,8.53951644897461,0.29253488779067993,-0.419769287109375,-26.22686004638672,-8.961365699768066,9.729057312011719,-15.04240894317627,20.0,5.605748653411865,-0.49773576855659485,-0.20155978202819824,-0.18494229018688202,-5.5413498878479,-0.26797398924827576,3.76767635345459,1.4399334192276,0.0019180886447429657,-0.08979126065969467,0.43512609601020813,-0.31735920906066895,-0.8435923457145691
152,40.55302429199219,16.85953712463379,-10.609009742736816,10.406497955322266,0.216033935546875,-0.24846696853637695,-43.351173400878906,-6.389726161956787,3.256246566772461,-16.939979553222656,18.23455810546875,4.879502296447754,2.3951151371002197,0.691909909248352,-0.498304158449173,-10.906230926513672,0.6423393487930298,3.273055076599121,-0.6424882411956787,-0.020972266793251038,-0.0967177301645279,3.8476338386535645,1.579959750175476,0.8260281085968018
153,41.05051803588867,17.440237045288086,-31.477863311767578,-40.660118103027344,-20.0,10.98936939239502,-38.82551574707031,2.539310932159424,-2.1250181198120117,-4.561786651611328,-0.44495654106140137,0.03357553482055664,1.7472784519195557,-0.24031007289886475,-0.5274243354797363,-0.04015398025512695,-1.5085163116455078,-7.006486892700195,-2.415942668914795,-0.2033253312110901,0.4280261993408203,7.820140838623047,1.9565608501434326,2.657397747039795
154,34.67646408081055,23.49810218811035,-32.009254455566406,-38.42873001098633,0.002861499786376953,11.460979461669922,-33.81234359741211,1.3693299293518066,-1.6120283603668213,-15.523614883422852,-1.1620087623596191,-0.25795984268188477,1.5071654319763184,-0.05102568864822388,0.1253778040409088,0.7785474061965942,-2.227644920349121,0.13504323363304138,-2.6967153549194336,0.12070628255605698,0.5571094155311584,4.489851951599121,-0.6392025947570801,1.7985334396362305
155,2.171030044555664,12.086188316345215,-22.357572555541992,-51.587738037109375,-3.491393566131592,6.2203593254089355,-7.74871826171875,5.490103721618652,-5.03648567199707,-5.3391218185424805,-0.16649170219898224,-0.10802674293518066,1.7698944807052612,-0.01526874303817749,0.13336396217346191,0.2475130409002304,-2.0310826301574707,0.04632265120744705,-2.418311834335327,0.00971810333430767,-0.2228565216064453,2.160687208175659,-0.0767565667629242,1.3358566761016846
156,-3.5751752853393555,9.897682189941406,-19.117868423461914,-41.34510803222656,0.08495807647705078,4.385986804962158,-2.2898807525634766,-0.06053858995437622,0.723263144493103,-4.216461658477783,-0.20120179653167725,-0.19520479440689087,2.0063443183898926,-0.1523359715938568,0.15320873260498047,-0.17617018520832062,-1.8624448776245117,0.02528858184814453,-1.686158299446106,-0.032998085021972656,-0.009406842291355133,-0.8896942138671875,0.20359018445014954,0.08975879848003387
157,0.6165685653686523,16.351806640625,-18.43767738342285,-32.33061599731445,9.015307426452637,-0.0496048629283905,-4.191103935241699,-2.8409085273742676,1.2860565185546875,0.9012432098388672,-0.21487222611904144,-0.039581239223480225,2.125251293182373,-0.1699778139591217,0.1976938247680664,-0.35215672850608826,-1.8211002349853516,0.10804592072963715,-1.3001893758773804,-0.0888417512178421,0.11795178055763245,-2.5354418754577637,0.03926772251725197,-0.3114396929740906
158,-20.669326782226562,16.282268524169922,-18.064311981201172,-50.66105651855469,10.750646591186523,-0.48214730620384216,10.949124336242676,-0.5439457893371582,0.664685845375061,8.862427711486816,-0.03696298599243164,0.019205987453460693,2.2846739292144775,-0.42641425132751465,0.20749804377555847,-0.9297362565994263,-1.6042784452438354,0.10979874432086945,-0.6408087611198425,-0.44965070486068726,0.08462387323379517,-2.768707036972046,-1.3213051557540894,-0.42536213994026184
159,-15.223907470703125,19.11387825012207,-14.27840805053711,-37.90361404418945,18.588293075561523,-5.361056804656982,4.396347999572754,2.9054861068725586,-1.6895108222961426,8.28251838684082,0.2791227400302887,0.031250834465026855,1.946576714515686,-0.5017122626304626,-0.00312013179063797,-0.9724032282829285,-1.4760935306549072,0.1657983362674713,-0.6492944955825806,-0.3346672058105469,-0.13318456709384918,-2.4838273525238037,-0.14150069653987885,-0.8991574048995972
160,0.60479736328125,11.428077697753906,-10.823504447937012,-16.945993423461914,20.0,-7.10207462310791,-0.2342906892299652,-4.600337982177734,3.753500461578369,3.617344856262207,-0.17630982398986816,-0.04107046127319336,1.930492639541626,-0.5617360472679138,0.09382972121238708,-0.5943021178245544,-1.460896372795105,-1.5024961233139038,0.044586729258298874,-0.4873126745223999,0.5689281225204468,-3.589343547821045,-1.2645962238311768,-2.03433895111084
161,-28.413623809814453,2.338977813720703,2.0269055366516113,-9.385512351989746,16.956111907958984,-4.151759624481201,26.661684036254883,-3.7985150814056396,9.440528869628906,-30.67728042602539,-14.187881469726562,4.630307674407959,0.8474161028862,-0.32811087369918823,0.048074644058942795,1.9185389280319214,-0.24762938916683197,-2.9507498741149902,2.594529867172241,-0.8619548678398132,-0.9177094101905823,-1.8841091394424438,5.578832626342773,0.49462223052978516
162,-46.28251266479492,-2.9090757369995117,3.147880792617798,-0.4471626281738281,-0.1535017490386963,0.2163243293762207,46.401695251464844,-32.73234176635742,34.4776496887207,-82.38320922851562,-4.64962911605835,-5.622973442077637,-2.30881404876709,0.7531348466873169,0.4652746021747589,8.96507740020752,1.6671600341796875,-2.7308576107025146,2.0227725505828857,0.12774938344955444,-0.2123166173696518,-0.19420456886291504,-1.9693560600280762,0.8919197916984558
163,-36.09684753417969,-1.0254302024841309,1.1440229415893555,-15.481258392333984,-1.0445690155029297,0.2967722415924072,29.305404663085938,-17.486486434936523,29.939762115478516,-51.5431022644043,-6.030649185180664,-3.261885166168213,-2.9339239597320557,0.7325107455253601,0.18000110983848572,7.0051469802856445,-0.2871161997318268,-1.236215353012085,2.219899892807007,0.20684491097927094,-0.3824685215950012,-0.78699791431427,-1.507979154586792,0.3125026822090149
164,-34.24064254760742,-9.029443740844727,7.401278495788574,-16.37554168701172,-0.6125000715255737,0.10183047503232956,26.960895538330078,-4.438376426696777,19.75927734375,-32.18864822387695,0.6946630477905273,-2.292349100112915,-3.7638721466064453,0.17391318082809448,0.6512828469276428,3.5357935428619385,0.5407891869544983,0.08265258371829987,2.03440523147583,-0.006629452109336853,-0.36675554513931274,-0.8923325538635254,-1.3569027185440063,0.19050833582878113
165,-19.6640625,-1.728066086769104,-0.13939332962036133,-8.754844665527344,-0.5837802886962891,0.15195465087890625,16.89095115661621,-8.771299362182617,17.901901245117188,-27.945392608642578,11.58242130279541,0.2412315011024475,-3.932234287261963,-0.0925939753651619,-0.002395135350525379,0.9425917863845825,-0.21563054621219635,2.3964545726776123,2.11053466796875,0.2844218313694,-0.27743417024612427,-1.1070507764816284,-1.1585257053375244,-0.029454048722982407
166,0.05901336669921875,-2.8059210777282715,2.2606453895568848,-2.326906204223633,-0.24727916717529297,-0.18339014053344727,-5.107806205749512,-12.423064231872559,17.48792839050293,-36.46768569946289,20.0,4.403665065765381,-2.830798387527466,-0.49538764357566833,0.03991793841123581,-2.613602876663208,-0.3451797664165497,3.0002739429473877,2.568727493286133,0.16394613683223724,-0.21214206516742706,-1.7079215049743652,-0.9714434146881104,-0.2641226649284363
167,8.297708511352539,12.4119873046875,-7.331372261047363,3.987651824951172,-0.15272223949432373,-0.17595767974853516,-18.02008819580078,-23.391937255859375,15.619712829589844,-29.84375762939453,20.0,7.687234878540039,-1.8552452325820923,0.028817199170589447,-0.6405800580978394,-4.879542827606201,-1.0112113952636719,2.9844908714294434,2.69123911857605,0.4019717574119568,-0.37715020775794983,-2.175217628479004,-0.7389989495277405,-0.665250301361084
168,21.319704055786133,8.718352317810059,-5.972858905792236,10.957870483398438,0.35170778632164,-0.1426558494567871,-19.782840728759766,-12.226223945617676,6.2035746574401855,-8.322623252868652,20.0,4.439068794250488,-0.4868452250957489,0.4360043406486511,-0.9920773506164551,-5.515769958496094,-0.026141062378883362,3.6205856800079346,1.5237795114517212,0.3867434561252594,-0.1702701896429062,0.26815128326416016,-0.2091793566942215,1.0424724817276
169,47.076045989990234,12.416351318359375,-7.865920543670654,13.86309814453125,0.3550528287887573,-0.20744705200195312,-44.78452682495117,-3.9408791065216064,-0.4403700828552246,-12.944655418395996,19.10647964477539,4.340214729309082,1.8360960483551025,1.3807209730148315,-0.1540776491165161,-4.046081066131592,9.454672813415527,0.40363943576812744,-0.8133029341697693,0.12909525632858276,-0.5165315270423889,4.815795421600342,2.4787213802337646,1.284096121788025
170,59.140228271484375,23.76032257080078,-35.11072540283203,-42.15904998779297,-20.0,10.209178924560547,-56.874290466308594,-2.662595748901367,1.4571166038513184,-9.496841430664062,-0.9916582107543945,-0.13627839088439941,1.8406082391738892,-0.40241169929504395,-1.1034460067749023,-0.6208212375640869,-1.2004756927490234,-9.183265686035156,-3.74714732170105,-0.08597065508365631,1.251004934310913,9.020772933959961,1.0883046388626099,1.8419513702392578
171,40.01796340942383,24.551855087280273,-29.750694274902344,-33.32570266723633,0.4243276119232178,16.08196258544922,-34.684593200683594,0.042879462242126465,-2.894094944000244,-18.15188217163086,-0.8868019580841064,-0.13048458099365234,2.041011095046997,0.06385524570941925,0.016687989234924316,-0.044375333935022354,-1.8044028282165527,-3.0145559310913086,-3.801884174346924,-0.18051382899284363,0.8488301038742065,4.613506317138672,1.0320708751678467,1.6381192207336426
172,2.0375261306762695,25.675926208496094,-32.08843994140625,-48.62114715576172,-4.771417140960693,9.667513847351074,-5.656351089477539,-6.4045796394348145,1.89043390750885,-7.759515762329102,-0.6150568723678589,-0.11510324478149414,2.178955078125,0.07769955694675446,0.1448088437318802,-0.041294749826192856,-1.9835811853408813,0.06953132152557373,-2.9130921363830566,-0.6744173169136047,0.2796078622341156,0.45854583382606506,-0.46921882033348083,1.9900354146957397
173,-21.784732818603516,7.191993236541748,-11.227920532226562,-49.79080581665039,-2.4728472232818604,5.922086238861084,12.100019454956055,9.586776733398438,-6.005856990814209,5.897009372711182,0.32771968841552734,-0.13427257537841797,1.803257942199707,-0.02034483477473259,-0.04653659090399742,0.026026111096143723,-1.9105331897735596,0.0861702486872673,-2.7773163318634033,-0.5105353593826294,-0.3962426483631134,0.5640290379524231,1.1423851251602173,1.219321370124817
174,-15.477060317993164,4.832507133483887,-9.922993659973145,-41.229000091552734,5.770925521850586,2.7784454822540283,8.80053997039795,1.1909033060073853,1.1685993671417236,0.2502775192260742,-0.22550618648529053,-0.21705776453018188,1.9776841402053833,-0.2708292603492737,0.1713847517967224,-0.40545421838760376,-1.7028812170028687,0.18166811764240265,-1.8566921949386597,-0.5666018724441528,0.19839224219322205,-1.8146858215332031,0.5386054515838623,-0.34214943647384644
175,-13.414637565612793,0.3439594507217407,-5.252641201019287,-32.09473419189453,14.204662322998047,-1.4776004552841187,6.6951904296875,10.06380844116211,-6.178379058837891,4.404500961303711,-0.14060039818286896,0.04619026184082031,1.9910595417022705,-0.19057133793830872,0.20900529623031616,-0.6013913154602051,-1.716461420059204,-0.14350157976150513,-1.2379941940307617,-0.1000966727733612,-0.13427309691905975,-3.255361318588257,-0.060805365443229675,-1.1505756378173828
176,-22.558002471923828,5.445985794067383,-6.0245866775512695,-31.062604904174805,15.174644470214844,-4.33839225769043,17.247112274169922,1.5644049644470215,0.6073819398880005,7.634624481201172,-0.027896642684936523,0.07581734657287598,2.215883731842041,-0.4227956235408783,0.08183886855840683,-0.8388411402702332,-1.7028050422668457,0.04336075484752655,0.32385408878326416,-0.005141396075487137,0.18916121125221252,-5.164504051208496,-1.2337000370025635,-1.168294072151184
177,-22.194786071777344,2.609628200531006,2.1262879371643066,-17.4351806640625,19.354440689086914,-4.876514911651611,17.23446273803711,-4.750229358673096,3.590848922729492,10.121606826782227,0.30251526832580566,-0.019275188446044922,1.7564581632614136,-0.9016401767730713,-0.017291918396949768,-0.15290065109729767,-1.8095790147781372,-2.025980234146118,0.8237977623939514,-0.6870642900466919,0.7156728506088257,-2.1666102409362793,5.522273540496826,-4.706106185913086
178,-32.41389465332031,-1.312071681022644,6.971684455871582,-6.01817512512207,15.284972190856934,-3.329996109008789,32.44517135620117,-2.766859769821167,9.003067016601562,-57.13764572143555,4.676039695739746,-10.690515518188477,-0.083198182284832,0.24139703810214996,0.3325516879558563,3.1945977210998535,0.6798665523529053,-2.5433545112609863,1.5013012886047363,-0.07850329577922821,0.17034681141376495,0.5972304940223694,-2.4386587142944336,0.8091855645179749
179,-46.27574157714844,-16.085052490234375,10.666668891906738,-2.0492706298828125,-0.3967416286468506,0.1843661069869995,51.881736755371094,-14.903509140014648,26.381126403808594,-66.53419494628906,2.076446771621704,-2.893098831176758,-2.9116499423980713,0.33597642183303833,0.6279929280281067,9.516189575195312,1.2971124649047852,-0.8137674927711487,2.0262391567230225,0.05650264024734497,-0.534385085105896,-0.2674570679664612,-1.7278077602386475,0.18867379426956177
180,-37.654563903808594,-0.27532243728637695,0.7921581268310547,-18.75191879272461,-0.9715676307678223,0.1175302267074585,30.149616241455078,-13.753986358642578,25.983861923217773,-41.436073303222656,2.988267421722412,-0.33426886796951294,-3.6054422855377197,0.24640490114688873,0.37227216362953186,6.215981483459473,0.7189141511917114,0.1686752289533615,2.0736567974090576,0.19850462675094604,-0.6192755103111267,-0.7853739261627197,-1.336936354637146,-0.10550057888031006
181,-19.795698165893555,-7.8902812004089355,5.115789413452148,-12.779956817626953,-0.6585135459899902,-0.03757023811340332,14.040271759033203,-4.211966514587402,20.93718910217285,-37.48394012451172,8.21446704864502,-0.8519124388694763,-3.3914411067962646,-0.4188497066497803,0.6283950805664062,2.1540422439575195,0.27099859714508057,0.5288349390029907,2.2034671306610107,0.08620703220367432,-0.4397679567337036,-1.1503965854644775,-1.1476783752441406,0.009105905890464783
182,-3.4223098754882812,0.6656343936920166,-2.116243362426758,-6.020095348358154,-0.5141682624816895,0.08738040924072266,-5.770452499389648,-6.694524765014648,17.589847564697266,-38.199302673339844,14.324483871459961,2.2656257152557373,-2.627211570739746,-0.6946789622306824,-0.27585992217063904,-1.692518711090088,-1.338456392288208,2.0242884159088135,2.4316186904907227,0.34235817193984985,-0.42314082384109497,-1.7616058588027954,-0.8871396780014038,-0.027243003249168396
183,8.654498100280762,11.90208625793457,-6.392501354217529,0.7830562591552734,0.12215566635131836,-0.06108236312866211,-16.80797004699707,-20.83216667175293,13.86713981628418,-21.207889556884766,20.0,5.786709785461426,-1.5056548118591309,-0.32306522130966187,-0.6044963598251343,-5.116216659545898,0.3095967769622803,2.926992177963257,2.3772475719451904,0.4278504252433777,-0.3160233199596405,-1.9573255777359009,-0.7750746607780457,-0.5543627142906189
184,22.211109161376953,6.8030900955200195,-4.052286624908447,13.0458984375,0.16865070164203644,-0.15850162506103516,-24.3931884765625,-17.261333465576172,6.324112892150879,-13.509788513183594,20.0,4.92070198059082,-0.7338389158248901,-0.033716119825839996,-0.7555437684059143,-4.6544013023376465,-0.09542928636074066,3.6349985599517822,1.0055235624313354,0.4130394458770752,-0.132245272397995,0.30188503861427307,-0.12593026459217072,-0.17685402929782867
185,43.394309997558594,15.892915725708008,-9.304651260375977,10.46890640258789,0.37755918502807617,-0.2807602882385254,-42.335426330566406,-9.697054862976074,2.046600580215454,-12.719522476196289,15.270477294921875,3.035553455352783,2.238138198852539,0.7592623829841614,-0.7006369233131409,-9.635323524475098,1.6399630308151245,2.793444871902466,-1.1846503019332886,0.14071302115917206,-0.24943193793296814,4.315449237823486,1.9966213703155518,0.7138199210166931
186,45.943790435791016,30.508726119995117,-26.082351684570312,-60.29468536376953,6.866267204284668,20.0,-36.025814056396484,-1.0730175971984863,1.030442237854004,-4.7798004150390625,-0.5008068084716797,-0.009433269500732422,2.702103614807129,-0.446209579706192,-0.2124757617712021,-1.0692200660705566,-2.7254624366760254,-5.919598579406738,-2.322239637374878,-0.665735125541687,0.7915639877319336,7.623137474060059,2.415426731109619,2.3099899291992188
187,27.915252685546875,23.270307540893555,-33.03966522216797,-42.407100677490234,3.719784736633301,6.259119987487793,-33.06303405761719,11.702779769897461,-8.336831092834473,-13.094593048095703,-1.0686841011047363,-0.16517996788024902,1.4379736185073853,0.10666126012802124,-0.07080721855163574,0.34208187460899353,-1.914941668510437,0.13768640160560608,-3.177121162414551,0.47849395871162415,0.05521801859140396,5.137723922729492,0.6946658492088318,1.1691864728927612
188,13.449529647827148,12.230573654174805,-21.694011688232422,-44.99718475341797,2.4050464630126953,1.4589297771453857,-15.4671630859375,6.369062900543213,-5.379441261291504,-6.260073661804199,-0.5305644273757935,-0.0032770633697509766,1.8415294885635376,0.1256859004497528,0.08586684614419937,-0.16272829473018646,-1.8551476001739502,0.31445616483688354,-3.2844715118408203,0.47830110788345337,-0.5098153948783875,3.731682300567627,-0.5565003752708435,1.6107181310653687
189,-8.467738151550293,15.256659507751465,-18.520843505859375,-38.02251052856445,1.6776907444000244,1.0698745250701904,-0.26150035858154297,-5.640056610107422,3.4252357482910156,-7.0843825340271,-0.17280270159244537,-0.20654237270355225,1.8585302829742432,0.004631649702787399,0.06880107522010803,-0.4743383824825287,-1.7450549602508545,0.16585803031921387,-2.645711898803711,0.07063717395067215,-0.5950685739517212,0.12570391595363617,0.07990871369838715,0.8108789920806885
190,-10.664793014526367,3.806715250015259,-12.359150886535645,-46.33597183227539,10.402454376220703,-1.0818358659744263,1.514932632446289,6.210981369018555,-2.3464903831481934,2.1791791915893555,-0.15722131729125977,-0.10208208858966827,1.9122356176376343,-0.31025901436805725,0.229549840092659,-1.046504020690918,-1.4400373697280884,0.15708300471305847,-2.4586195945739746,0.16269217431545258,-0.1819869577884674,-0.8515903949737549,-0.7374309301376343,-0.028772158548235893
191,-3.4145774841308594,8.937728881835938,-9.471721649169922,-26.190086364746094,20.0,-5.570446968078613,5.040289878845215,-1.251453161239624,2.0236024856567383,1.3514156341552734,0.07656806707382202,-0.1439676284790039,2.4131598472595215,-0.8089317679405212,0.06870599836111069,-1.5713435411453247,-1.1551330089569092,0.20635607838630676,-1.1189035177230835,-0.17110735177993774,0.22366046905517578,-3.2084853649139404,0.16324099898338318,-2.0232670307159424
192,-15.087940216064453,6.909477233886719,-6.366551399230957,-18.42984390258789,20.0,-6.501757621765137,9.89637565612793,2.340651512145996,-2.3406178951263428,5.317628860473633,-0.18655610084533691,0.23549747467041016,2.240539312362671,-0.5747148990631104,0.190463125705719,-1.3574674129486084,-1.2239857912063599,-0.31418097019195557,-0.18574637174606323,-0.1156422346830368,-0.2359386533498764,-5.212271690368652,-1.1401365995407104,-1.4608211517333984
193,-26.67566680908203,15.085118293762207,-8.84101676940918,-17.234670639038086,20.0,-4.7021894454956055,24.087337493896484,-8.25380802154541,6.488380432128906,11.966327667236328,0.19930505752563477,0.06978702545166016,1.6481612920761108,-0.3816830813884735,0.24447432160377502,-0.02507152408361435,-1.404039740562439,-3.088212013244629,1.233148217201233,-0.11535032093524933,0.44238391518592834,-6.436851978302002,-1.8613375425338745,-1.1068350076675415
194,-33.203304290771484,18.251407623291016,-4.25469970703125,-16.940658569335938,20.0,-3.850923538208008,31.239013671875,-12.412059783935547,15.841830253601074,-23.62685775756836,-14.139276504516602,5.051632404327393,0.62364262342453,-0.1981053203344345,0.3217248320579529,2.171907663345337,-0.1650974303483963,-3.8536317348480225,2.5805504322052,-0.3666829764842987,0.06642304360866547,-2.02594256401062,5.203845500946045,-5.118873119354248
195,-47.5853271484375,1.2995586395263672,1.23675537109375,-2.92352294921875,1.0151491165161133,0.1823291778564453,59.64183044433594,-26.046010971069336,26.849573135375977,-52.08598327636719,2.059380054473877,-5.966433525085449,-2.4684908390045166,1.308332920074463,0.7799557447433472,8.989542007446289,5.342487812042236,-3.399292230606079,1.9539275169372559,0.12706881761550903,-0.3607194423675537,0.24138128757476807,-2.166090250015259,0.5730129480361938
196,-50.91230773925781,-5.696261405944824,3.672597885131836,-18.012710571289062,-1.8461761474609375,0.40325474739074707,52.123741149902344,-17.573009490966797,35.791664123535156,-41.254974365234375,2.843729019165039,-3.6427001953125,-3.557006359100342,0.5308502316474915,0.1412692666053772,7.1389241218566895,0.4848460853099823,-0.6408815383911133,2.2493019104003906,0.07487465441226959,-0.2852883040904999,-0.30698084831237793,-1.7536147832870483,0.06276130676269531
197,-25.964662551879883,2.081512928009033,-0.11870387196540833,-14.956932067871094,-0.8581008911132812,0.127788245677948,20.39828872680664,-20.874130249023438,28.203853607177734,-45.308631896972656,4.706846237182617,-0.6566525101661682,-3.549443006515503,0.4263213276863098,-0.08683964610099792,2.904676675796509,-0.9302138686180115,0.517376720905304,2.6168558597564697,0.04414719343185425,-0.34523528814315796,-0.9968328475952148,-1.4142272472381592,0.0654991865158081
198,-5.648916244506836,-1.6978240013122559,-0.0875542163848877,-4.402020454406738,-0.06707477569580078,0.039270639419555664,-8.246235847473145,-12.446446418762207,17.416627883911133,-37.370155334472656,8.034390449523926,1.172600269317627,-4.049464702606201,0.21310482919216156,-0.47705352306365967,0.9815841913223267,0.19282707571983337,1.5463560819625854,1.9343122243881226,0.2496727854013443,-0.10048754513263702,-0.9389926791191101,-1.2627246379852295,0.059855867177248
199,-4.378852844238281,-4.614659309387207,3.923976421356201,-1.553267478942871,-0.32621902227401733,-0.0729680061340332,1.1585807800292969,-11.762391090393066,14.22275447845459,-25.534664154052734,18.677824020385742,3.771937608718872,-3.7254788875579834,-0.12527361512184143,-0.2649199962615967,-0.9920929074287415,-0.5353968739509583,3.1953840255737305,1.981040358543396,0.1312047690153122,-0.054771412163972855,-0.9540387392044067,-1.2453364133834839,-0.16434630751609802
200,11.242422103881836,2.313983678817749,-1.5117008686065674,2.7313222885131836,-0.03942382335662842,-0.2153153419494629,-13.738483428955078,-10.282562255859375,14.502410888671875,-25.236989974975586,20.0,4.987712860107422,-2.2909605503082275,-0.09243447333574295,-0.5182160139083862,-3.443174123764038,-0.8763126730918884,3.7036805152893066,2.379852294921875,0.1677265763282776,-0.07532337307929993,-1.3042420148849487,-1.2453272342681885,-0.3610571026802063
201,28.989517211914062,14.487299919128418,-9.345233917236328,5.437385559082031,0.2485365867614746,-0.2489156723022461,-35.72151565551758,-11.355611801147461,3.988645553588867,-20.09888458251953,20.0,5.78657341003418,-0.17470160126686096,0.7017335891723633,-1.1848031282424927,-7.631015777587891,0.502956748008728,3.11848521232605,1.499900221824646,0.3833959698677063,-0.21398599445819855,0.04434884339570999,-0.3881479799747467,0.20129206776618958
202,64.51939392089844,21.343097686767578,-22.455991744995117,-13.59036636352539,-14.2633638381958,6.314664840698242,-55.43015670776367,-1.8769038915634155,-2.5705225467681885,-2.8336334228515625,8.505584716796875,1.8151309490203857,3.091815948486328,1.9105792045593262,0.8957087397575378,-4.60377311706543,14.734489440917969,-3.8716588020324707,-1.9327609539031982,0.10295245051383972,-0.10310795158147812,7.162666320800781,4.2293925285339355,1.8992536067962646
203,35.9330940246582,33.57833480834961,-44.80866622924805,-67.70548248291016,2.978569984436035,5.798426151275635,-34.24974822998047,-5.502394676208496,3.4744625091552734,-9.640892028808594,-1.3571749925613403,-0.2321922779083252,1.9733920097351074,-0.1158343106508255,0.5479159951210022,0.09798040986061096,-2.2128262519836426,0.3609670400619507,-3.314641237258911,-0.21600088477134705,1.6378722190856934,7.507837295532227,0.45423123240470886,1.885432481765747
204,36.40851593017578,20.78832244873047,-29.665964126586914,-30.44978141784668,3.1636736392974854,4.874636650085449,-34.8853874206543,3.829285144805908,-5.0436248779296875,-15.434877395629883,-0.610227108001709,-0.15905213356018066,1.9219787120819092,-0.027931302785873413,0.007358424365520477,0.06909745931625366,-1.9004769325256348,0.08732008934020996,-3.627328395843506,-0.04682338237762451,0.4863981008529663,3.900386333465576,1.8166580200195312,0.7324389219284058
205,-1.1604852676391602,9.196268081665039,-16.036348342895508,-42.80443572998047,4.884246826171875,4.742405891418457,-1.9264144897460938,1.4450533390045166,-2.403104782104492,-6.219183921813965,-0.5932333469390869,0.020848751068115234,2.2531917095184326,-0.16767901182174683,0.08612988889217377,-0.42596107721328735,-1.7271018028259277,0.11898048222064972,-2.8622219562530518,-0.6092053651809692,-0.15474888682365417,0.5605013966560364,0.2524961233139038,1.4459365606307983
206,-14.586772918701172,3.777773857116699,-9.03662109375,-41.56077575683594,4.589593887329102,3.9444966316223145,6.628520488739014,4.896629333496094,-2.3816425800323486,0.9756250381469727,-0.06391400098800659,-0.15210610628128052,2.2095837593078613,-0.3343929350376129,0.27503448724746704,-0.6964093446731567,-1.6496837139129639,0.33009642362594604,-2.447965383529663,-0.6135927438735962,-0.05186023563146591,-1.0842398405075073,0.4557112753391266,0.47811803221702576
207,-13.5181884765625,9.965331077575684,-13.928512573242188,-47.134483337402344,16.163576126098633,-1.5890918970108032,4.963902473449707,5.695337295532227,-2.8294787406921387,2.1853790283203125,-0.33697187900543213,-0.08933448791503906,2.5067007541656494,-0.4355369806289673,0.14582017064094543,-1.462302565574646,-1.3540443181991577,0.04196314513683319,-1.3606609106063843,-0.4428233206272125,-0.2725619077682495,-3.9539661407470703,-1.013020634651184,-0.9050891995429993
208,-6.222736358642578,13.020914077758789,-10.051702499389648,-30.333568572998047,20.0,-6.791300296783447,4.271216869354248,6.068245887756348,-3.6592602729797363,11.247642517089844,0.32374534010887146,0.10007381439208984,2.637301445007324,-0.39245784282684326,0.197409987449646,-1.502240777015686,-1.4091893434524536,0.2814062237739563,-1.1714658737182617,-0.016359111294150352,-0.2889842092990875,-2.683576822280884,0.22633136808872223,-1.184577226638794
209,-13.730836868286133,13.13955020904541,-8.795653343200684,-17.371932983398438,20.0,-5.254538536071777,13.936511039733887,-1.8816823959350586,2.314610242843628,9.016770362854004,0.23097825050354004,0.045072317123413086,2.351722478866577,-0.31125688552856445,-0.1364191174507141,-0.7288979887962341,-1.6327396631240845,-1.9806677103042603,-0.3376953601837158,0.06885550916194916,-0.09517748653888702,-2.428934335708618,0.8309032320976257,-1.6368955373764038
210,-35.11042022705078,3.211066246032715,-2.5626816749572754,-20.5721378326416,20.0,-5.014886856079102,26.740196228027344,-6.191045761108398,5.041756629943848,4.569681167602539,-0.22578895092010498,0.058329105377197266,1.3019928932189941,-0.3203639090061188,0.051383912563323975,0.3839574158191681,-0.9427114129066467,-1.3505367040634155,1.622642159461975,-0.008240967988967896,0.4861777722835541,-7.176138401031494,-0.668424129486084,-1.9930311441421509
211,-43.077491760253906,-1.2529675960540771,9.37367057800293,-4.535112380981445,14.94690227508545,-3.6937270164489746,58.21010971069336,-21.165996551513672,22.19887924194336,-57.13664627075195,7.650186538696289,-6.405414581298828,-1.0273497104644775,0.9202526807785034,0.9206361770629883,5.911813259124756,3.478207588195801,-4.032095432281494,2.1704611778259277,0.18861782550811768,0.17000654339790344,0.19263797998428345,-2.167523145675659,0.46182507276535034
212,-52.43653106689453,-12.352822303771973,7.992998123168945,-10.042911529541016,-1.2786747217178345,0.40769875049591064,53.89441680908203,-16.219633102416992,28.389862060546875,-44.273414611816406,3.393610954284668,-5.267043590545654,-3.971700668334961,0.23163291811943054,0.4250296950340271,9.418549537658691,0.379096120595932,-1.0215706825256348,2.0765159130096436,-0.07637084275484085,-0.3016507029533386,-0.20236019790172577,-1.843464970588684,0.27387237548828125
213,-44.9882698059082,-7.255604267120361,5.659468650817871,-19.486595153808594,-0.7975220680236816,0.10750782489776611,42.50476837158203,-9.4937744140625,23.192340850830078,-37.476287841796875,4.376585483551025,-2.4862899780273438,-4.935702800750732,0.13638721406459808,0.832486093044281,6.0659260749816895,1.4240105152130127,0.34778228402137756,2.1926167011260986,0.12410695850849152,-0.2263544201850891,-0.7352442741394043,-1.4408981800079346,0.034817442297935486
214,-14.548847198486328,-7.036059379577637,2.755802869796753,-13.8648099899292,-0.8231683373451233,0.05527663230895996,10.056438446044922,1.7836271524429321,16.84789276123047,-35.12388229370117,8.89923095703125,0.21930208802223206,-4.52424955368042,-0.5565285682678223,0.17575176060199738,0.9932955503463745,0.19770096242427826,1.6758222579956055,2.4459118843078613,0.1801721304655075,-0.3121926784515381,-1.2441974878311157,-1.1920185089111328,-0.07779144495725632
215,3.811899185180664,-4.477725028991699,2.115173101425171,-0.2883930206298828,-0.18532240390777588,-0.040255069732666016,-11.15585708618164,-8.247803688049316,13.261235237121582,-39.66724395751953,16.55780601501465,2.8623814582824707,-3.907928943634033,-1.1057580709457397,-0.3410429358482361,-1.6040728092193604,0.29652196168899536,3.4577877521514893,2.587855577468872,0.27765071392059326,-0.28003808856010437,-1.6928871870040894,-1.0654231309890747,-0.02752131223678589
216,21.037261962890625,5.936575412750244,-2.782142400741577,5.211640357971191,-0.12900805473327637,-0.2896542549133301,-26.52468490600586,-13.213848114013672,10.913673400878906,-29.57301902770996,20.0,5.9577484130859375,-2.0987768173217773,-0.6324399709701538,-0.4539991319179535,-4.095036029815674,-1.2491207122802734,3.099030017852783,2.944399118423462,0.44374099373817444,-0.3267519772052765,-2.170203447341919,-0.9007835388183594,-0.43470627069473267
217,24.167009353637695,10.868072509765625,-5.775937080383301,8.508230209350586,0.4014817476272583,-0.1961507797241211,-25.442867279052734,-19.16515350341797,5.852107048034668,-12.122005462646484,20.0,4.103019714355469,-0.36302313208580017,-0.22044497728347778,-0.42164888978004456,-6.458996295928955,0.67472243309021,3.4616594314575195,1.7816461324691772,0.23028385639190674,-0.12591373920440674,0.06668549031019211,-0.4102257490158081,1.7023481130599976
218,46.431602478027344,23.608095169067383,-14.9122314453125,12.073371887207031,0.05056321620941162,-0.12084102630615234,-46.70869445800781,-10.683362007141113,-0.3413987159729004,-14.102912902832031,18.575519561767578,3.9278335571289062,3.0087010860443115,0.931983470916748,-1.19170081615448,-12.366439819335938,0.7193711996078491,4.0191240310668945,-0.6765394806861877,0.15169180929660797,-0.7371548414230347,4.312388896942139,2.4717376232147217,1.8962016105651855
219,46.22758102416992,24.61852264404297,-35.33866882324219,-36.62620544433594,-20.0,11.360250473022461,-44.78728485107422,-12.129748344421387,7.108503341674805,-8.710548400878906,-0.835638165473938,-0.23641633987426758,2.763742685317993,0.9430000185966492,0.6283473968505859,-3.330054998397827,9.863651275634766,-3.1269936561584473,-2.9157495498657227,-0.27928802371025085,1.109305739402771,7.699079990386963,1.2445166110992432,2.210308790206909
220,22.50753402709961,31.030546188354492,-36.463993072509766,-54.61280059814453,-7.953202247619629,18.054895401000977,-21.245445251464844,-0.5360283851623535,-1.0489139556884766,-11.214803695678711,-0.8114134073257446,-0.19752240180969238,1.5423896312713623,-0.05077463015913963,0.11611854285001755,0.5551531314849854,-1.9731922149658203,0.08948016166687012,-2.847324848175049,-0.6637560129165649,0.8015062808990479,4.714121341705322,-0.2832510471343994,1.7265658378601074
221,13.803579330444336,17.5561466217041,-23.44613265991211,-35.81023406982422,-3.3144044876098633,5.8706793785095215,-13.706157684326172,8.970699310302734,-7.358429908752441,-6.229097366333008,-0.14687085151672363,-0.08878540992736816,1.4740324020385742,0.2778555452823639,-0.30300796031951904,0.7100502252578735,-2.183483362197876,-0.013200308196246624,-2.9139468669891357,-0.131977841258049,-0.3130051791667938,2.750701427459717,1.31796395778656,1.058443307876587
222,-1.8859305381774902,8.9056396484375,-13.812477111816406,-46.66230773925781,-5.2654829025268555,4.91285514831543,0.16817665100097656,3.183885335922241,-1.738262414932251,-1.0141725540161133,-0.32557329535484314,-0.06565618515014648,1.866347074508667,0.02382957935333252,-0.10206812620162964,0.2069249153137207,-2.034850597381592,-0.04948563873767853,-2.462423324584961,-0.48169752955436707,-0.33950909972190857,1.691414475440979,0.11874321103096008,1.0564464330673218
223,-16.93303680419922,-2.4440577030181885,-8.016546249389648,-44.724098205566406,-3.5671725273132324,4.303056240081787,7.339662551879883,8.992706298828125,-4.166556358337402,-2.7778501510620117,-0.25303733348846436,-0.1338908076286316,1.9581602811813354,-0.0064142122864723206,-0.04682287573814392,-0.16101905703544617,-1.899000644683838,-0.10576128214597702,-1.4589111804962158,-0.12730322778224945,-0.3979734778404236,-1.604102611541748,-0.9508345723152161,-0.24941977858543396
224,-3.5688204765319824,4.909910678863525,-9.093320846557617,-39.74778747558594,10.484838485717773,-1.9051932096481323,-3.453134059906006,5.893292427062988,-3.011226177215576,3.2624740600585938,0.07016998529434204,0.025359034538269043,1.9651727676391602,-0.33503466844558716,0.1135723888874054,-0.6458059549331665,-1.6442914009094238,0.09314075112342834,-1.4714224338531494,-0.19216179847717285,-0.2427196055650711,-2.3892505168914795,0.044543519616127014,-0.6162537336349487
225,-2.6448564529418945,10.355744361877441,-13.591285705566406,-35.52625274658203,14.018332481384277,-4.684236526489258,0.5744805335998535,4.623869895935059,-1.8777450323104858,7.0285749435424805,-0.050974369049072266,0.020663976669311523,2.1723618507385254,-0.538177490234375,0.015576074831187725,-0.9198563098907471,-1.508309245109558,0.18916967511177063,-1.0715665817260742,0.06681502610445023,0.04471013322472572,-2.209401845932007,-0.5978761911392212,-1.4130860567092896
226,-11.715865135192871,0.9875342845916748,-3.7886366844177246,-10.503037452697754,20.0,-4.899811267852783,11.98623275756836,-3.561418056488037,2.712974786758423,2.6893234252929688,0.06116250157356262,0.007398128509521484,2.0348360538482666,-0.5905042290687561,0.2232339084148407,-0.4559544622898102,-1.5138630867004395,-0.9443283677101135,0.1883295178413391,-0.17060446739196777,0.4098270535469055,-4.8554368019104,-0.22799880802631378,-2.7348849773406982
227,-17.50961685180664,7.100897789001465,-2.44577693939209,-8.426007270812988,18.2391414642334,-4.287902355194092,16.339675903320312,-8.380714416503906,5.433793067932129,5.1992645263671875,-0.10178104043006897,0.19183349609375,0.9383155703544617,-0.4477401375770569,0.3824632167816162,1.3125754594802856,-1.2646743059158325,-2.466350793838501,1.9814759492874146,-0.3393733501434326,0.88318932056427,-9.324647903442383,-0.20623336732387543,-2.204780101776123
228,-39.87521743774414,2.0268776416778564,2.803523540496826,-2.3660640716552734,7.881978988647461,-1.6990079879760742,52.88884735107422,-18.83641815185547,22.76746940612793,-63.57231521606445,6.276425361633301,-7.765960216522217,-1.2606477737426758,0.9443511962890625,0.6697275042533875,6.270881652832031,2.753885269165039,-4.139891147613525,2.0204925537109375,-0.017168328166007996,-0.08683046698570251,0.6257702708244324,-2.4408936500549316,0.684442400932312
229,-42.71840286254883,-6.9144086837768555,4.599069595336914,-10.727289199829102,-1.2287169694900513,0.4900062084197998,38.887969970703125,-20.681623458862305,25.3514347076416,-52.505950927734375,2.654684543609619,-1.75715970993042,-2.9871644973754883,0.858250081539154,0.321706086397171,7.393928050994873,-0.9468338489532471,-0.5925363302230835,2.1426899433135986,0.19987288117408752,-0.3373108208179474,-0.08332844078540802,-1.792949914932251,0.07354472577571869
230,-23.574806213378906,-0.6272227764129639,0.4768052101135254,-13.926007270812988,-0.47246241569519043,0.07123059034347534,12.622662544250488,-18.34973907470703,25.19328498840332,-48.00969314575195,1.173612356185913,-2.5177760124206543,-3.1831932067871094,0.34111103415489197,-0.22158944606781006,3.671314239501953,-0.5071530938148499,-0.39743897318840027,2.1970374584198,0.08369758725166321,-0.3022081255912781,-0.6255266666412354,-1.5633717775344849,0.28092673420906067
231,-7.462200164794922,-8.15377140045166,4.789785385131836,-5.601970672607422,-0.1395006775856018,0.10779857635498047,-0.5567426681518555,-5.90622615814209,11.659443855285645,-36.960845947265625,8.616918563842773,-0.5737815499305725,-3.071834087371826,-0.08301301300525665,-0.19614726305007935,1.3428115844726562,0.3266696631908417,1.529552698135376,2.1114540100097656,0.21003742516040802,-0.14133813977241516,-0.8285549283027649,-1.3853923082351685,0.024468064308166504
232,4.3292555809021,6.265557765960693,-3.7037038803100586,-2.570882797241211,-0.32779204845428467,-0.03405904769897461,-15.397506713867188,-17.995607376098633,14.525596618652344,-38.62572479248047,15.170185089111328,1.7465091943740845,-2.3277151584625244,0.0294950008392334,-0.8073164224624634,-1.7825945615768433,-0.7708011865615845,2.363069772720337,2.217477560043335,0.25632548332214355,-0.37460166215896606,-1.3029468059539795,-1.1945645809173584,0.02025410532951355
233,19.169876098632812,-3.9308900833129883,3.257336378097534,5.345575332641602,0.05821108818054199,-0.215362548828125,-24.627090454101562,-8.598285675048828,10.625725746154785,-23.94680404663086,20.0,4.519467353820801,-0.6059445142745972,-0.298225998878479,-0.056946251541376114,-4.4255290031433105,-1.5355479717254639,2.805744171142578,2.268522262573242,-0.05495510250329971,-0.11536868661642075,-1.2449549436569214,-1.2686916589736938,-0.1839684247970581
234,16.68034553527832,12.476274490356445,-7.289312362670898,4.872074127197266,0.3144388198852539,-0.12913990020751953,-19.76156234741211,-8.766411781311035,4.065362930297852,-9.923932075500488,20.0,4.868642807006836,1.0190685987472534,0.3179938495159149,-0.394663006067276,-8.329904556274414,0.9513348340988159,3.4833297729492188,1.2138985395431519,0.019469095394015312,-0.29998549818992615,0.6213206648826599,-0.36313191056251526,0.2863379716873169
235,46.09403610229492,7.065283298492432,-16.11052894592285,-19.008455276489258,-15.022905349731445,6.964433193206787,-41.259307861328125,3.0838592052459717,-5.1923723220825195,-6.740932464599609,12.893186569213867,3.224109411239624,2.646404266357422,0.32494691014289856,0.04579108580946922,-2.376037120819092,9.262248992919922,-0.9806888103485107,-1.1412829160690308,-0.14609003067016602,-0.20267227292060852,5.420658111572266,2.5337722301483154,0.5266852378845215
236,38.37143325805664,33.83224105834961,-37.34143829345703,-67.7169189453125,-0.23496484756469727,3.682917833328247,-38.478668212890625,-1.4632920026779175,1.4780888557434082,-8.909917831420898,-1.1502149105072021,-0.011958122253417969,1.6494921445846558,-0.10570921003818512,0.508294939994812,0.3334946930408478,-1.9762349128723145,0.3303787410259247,-2.722775936126709,-0.0902395248413086,1.3120803833007812,6.172134876251221,-0.8496882915496826,1.9245469570159912
237,28.3199520111084,20.676542282104492,-31.97040557861328,-53.87386703491211,1.6041340827941895,5.44426155090332,-28.786293029785156,13.37308406829834,-9.949158668518066,-8.64425277709961,-0.3505669832229614,-0.08852481842041016,2.0878238677978516,0.002649933099746704,-0.026194192469120026,-0.2532912492752075,-1.7281668186187744,0.21208077669143677,-2.822782278060913,0.43447762727737427,-0.07015176117420197,4.242702960968018,-0.014557050541043282,1.1388970613479614
238,-0.351043701171875,10.609235763549805,-18.897933959960938,-38.48682403564453,-0.4675300121307373,3.4369547367095947,-7.648027420043945,0.6746141314506531,-1.5709524154663086,-4.970134735107422,-0.1598808765411377,-0.07239508628845215,1.9351710081100464,-0.09935624897480011,0.08972204476594925,-0.38847795128822327,-1.6875333786010742,0.10273618251085281,-3.1250011920928955,-0.040795642882585526,-0.6419034600257874,3.0527405738830566,0.6127178072929382,0.914299488067627
239,6.454837799072266,8.477255821228027,-16.2059326171875,-31.16608428955078,5.446464538574219,0.6940125823020935,-6.592683792114258,1.00742506980896,0.4839998483657837,-5.853351593017578,-0.3140263557434082,-0.1361847221851349,2.3686091899871826,-0.22323425114154816,0.058992575854063034,-0.6747171878814697,-1.6309115886688232,0.26460614800453186,-2.291290760040283,0.10810103267431259,-0.33549731969833374,0.07361340522766113,0.705163300037384,0.10986936837434769
240,-11.861185073852539,4.758068084716797,-13.988676071166992,-34.24650192260742,11.968219757080078,-1.1929364204406738,1.9729118347167969,3.883523941040039,-2.311065673828125,-0.35512447357177734,-0.40389275550842285,0.018313586711883545,2.3230741024017334,-0.2528591752052307,0.029189221560955048,-0.9571032524108887,-1.5567491054534912,0.04881507158279419,-1.7138108015060425,0.12483686208724976,-0.6268146634101868,-2.3233890533447266,-1.1309293508529663,0.074224554002285
241,-26.115638732910156,18.867277145385742,-15.883824348449707,-43.55143737792969,11.73535442352295,-2.4775400161743164,14.307693481445312,-4.236726760864258,3.100405693054199,8.264599800109863,0.2906501293182373,-0.03973904252052307,2.339780807495117,-0.42618629336357117,0.04200827330350876,-1.2786164283752441,-1.4312331676483154,0.1440524160861969,-0.9897511005401611,-0.07202693819999695,-0.4024909436702728,-2.9672374725341797,-0.2689751386642456,-0.1501726657152176
242,-15.164108276367188,13.79966926574707,-9.965648651123047,-21.25145721435547,20.0,-6.0038604736328125,10.311673164367676,-6.677507400512695,5.868049621582031,5.82469367980957,0.03015846014022827,-0.1322956085205078,2.075129747390747,-0.5486083626747131,-0.06600239872932434,-0.8924921751022339,-1.4160988330841064,-1.2352335453033447,-0.054717056453228,-0.31091180443763733,0.24689508974552155,-4.39355993270874,-0.38750889897346497,-1.5012494325637817
243,-21.52385139465332,9.482173919677734,-0.13338685035705566,-8.613334655761719,20.0,-4.576836109161377,19.916711807250977,-13.164265632629395,9.301855087280273,5.542514801025391,-0.06348693370819092,-0.058121681213378906,0.45880287885665894,-0.6809225082397461,0.04428146034479141,1.7328704595565796,-0.45393672585487366,-3.5562779903411865,1.164361596107483,-1.1278170347213745,0.5659062266349792,-2.415682315826416,7.01154899597168,-5.475242614746094
244,-43.481475830078125,4.855053424835205,0.6548967361450195,-4.921239852905273,6.016138076782227,-0.9738688468933105,46.355628967285156,-19.32720184326172,24.124330520629883,-47.945472717285156,-20.0,-6.119424819946289,-1.913861870765686,1.0008784532546997,0.8578781485557556,6.4017558097839355,3.431969404220581,-3.825908660888672,1.498153805732727,0.07203377783298492,0.05571625381708145,0.6417496800422668,-2.2358503341674805,0.5464471578598022
245,-49.92079544067383,-13.232074737548828,9.149238586425781,-9.649879455566406,-1.2721583843231201,0.34637880325317383,57.92579650878906,-14.745634078979492,31.12146759033203,-50.043888092041016,-0.3027985095977783,-2.7416226863861084,-3.816816806793213,0.7879776358604431,1.0718225240707397,8.973458290100098,0.16641715168952942,-1.141458511352539,2.1130011081695557,-0.04912585765123367,-0.391287624835968,0.05000052973628044,-1.929967999458313,0.12134646624326706
246,-36.347137451171875,-2.527710199356079,0.588329553604126,-21.366168975830078,-0.882699191570282,0.19619783759117126,28.34659194946289,-8.11473560333252,23.36136817932129,-39.84832763671875,0.7697043418884277,-0.8007844686508179,-4.112335205078125,0.2903774082660675,0.21615441143512726,3.4854681491851807,0.11999563127756119,0.1573302000761032,2.255030870437622,0.11883819103240967,-0.38850313425064087,-0.598406970500946,-1.5514647960662842,0.06693527102470398
247,0.7824974060058594,1.734813928604126,-2.58723521232605,-7.306675910949707,-0.34298819303512573,0.06946289539337158,-17.373699188232422,-12.566532135009766,22.851016998291016,-56.04805374145508,5.259712219238281,-0.1893516182899475,-3.3377764225006104,-0.05907032638788223,-0.6049721837043762,-1.399738073348999,0.21302001178264618,0.6215128302574158,2.3382747173309326,0.22175289690494537,-0.3652861714363098,-1.392315149307251,-1.2352240085601807,-0.054541125893592834
248,11.691095352172852,-7.640268325805664,3.722865581512451,8.981552124023438,0.08590933680534363,0.05015277862548828,-22.943756103515625,-6.933526992797852,14.74014663696289,-50.773658752441406,10.837736129760742,1.9003371000289917,-2.9404680728912354,-0.3642433285713196,-0.9095001220703125,-0.9110826849937439,-0.18654215335845947,2.875602960586548,2.246293306350708,0.4835488200187683,-0.21458379924297333,-1.6035511493682861,-1.053901195526123,0.27075111865997314
249,12.046957015991211,5.631917953491211,-1.2501128911972046,0.4530658721923828,-0.028379201889038086,-0.26861572265625,-18.263723373413086,-15.805853843688965,12.142743110656738,-18.622272491455078,20.0,4.361136436462402,-1.4899200201034546,-0.04991890490055084,-0.27906927466392517,-4.605188369750977,0.49073082208633423,2.4503402709960938,2.189333200454712,0.32948264479637146,-0.053349800407886505,-1.5499683618545532,-1.016219973564148,-0.22057265043258667
250,3.4047560691833496,4.75405740737915,-1.8446400165557861,9.376030921936035,0.06642520427703857,-0.14395427703857422,-1.0028352737426758,-17.107337951660156,10.28089427947998,-8.271066665649414,20.0,5.170844078063965,-1.0278384685516357,0.21961583197116852,-0.1903124749660492,-3.7102253437042236,0.9336217641830444,3.226944923400879,2.271026849746704,0.38387176394462585,-0.0062521081417799,-1.125878095626831,-1.195618987083435,-0.5200362205505371
251,14.378515243530273,10.178112983703613,-6.6025519371032715,6.578372955322266,-0.014252901077270508,-0.15128803253173828,-18.28553009033203,-12.040748596191406,3.1771697998046875,-10.979434967041016,20.0,4.700164794921875,-0.1642325222492218,0.5538273453712463,-0.925997793674469,-5.339025020599365,1.3138056993484497,3.8745388984680176,1.1145834922790527,0.41572466492652893,-0.05456117168068886,0.7991869449615479,-0.7281926274299622,0.9293304085731506
252,51.538002014160156,17.63918113708496,-24.022663116455078,-41.365970611572266,-19.031097412109375,8.439849853515625,-48.84707260131836,1.2771841287612915,-5.0981597900390625,-5.058507919311523,12.927000045776367,3.0198705196380615,1.867226004600525,-0.13889402151107788,-0.44133540987968445,0.07926934957504272,-1.961571216583252,-6.619142055511475,-1.8122971057891846,-0.5582050681114197,-0.15277019143104553,6.5555524826049805,3.614856243133545,1.6293845176696777
253,50.88787841796875,28.351757049560547,-33.73201370239258,-50.62550354003906,0.7095038890838623,7.347446441650391,-43.03807830810547,4.844105243682861,-3.0532383918762207,-9.409183502197266,-1.1362686157226562,-0.1313331127166748,1.5642050504684448,-0.2362467646598816,0.3989599645137787,0.5429959893226624,-2.1026408672332764,0.41451603174209595,-3.714940309524536,-0.11734331399202347,0.8565095663070679,8.349266052246094,1.5722178220748901,1.5767492055892944
254,15.356792449951172,21.82476043701172,-34.55347442626953,-56.81364822387695,-0.40691328048706055,5.379164218902588,-20.688146591186523,5.244085311889648,-5.465586185455322,-14.38950252532959,-0.9143854379653931,-0.06561517715454102,1.9727500677108765,0.1954653412103653,0.1104573905467987,-0.1440923660993576,-1.8977782726287842,0.28894591331481934,-3.1640679836273193,0.43557125329971313,-0.10017959028482437,3.182262897491455,0.21983402967453003,1.4839509725570679
255,8.720010757446289,14.79299259185791,-23.931751251220703,-50.3397216796875,2.561570167541504,2.6163036823272705,-14.795303344726562,-2.47017502784729,1.216409683227539,-4.390345573425293,-0.35207581520080566,-0.17069101333618164,1.9815406799316406,-0.2113054394721985,0.2944115400314331,-0.762381374835968,-1.5234448909759521,0.4090173840522766,-3.7375435829162598,-0.1764775663614273,0.013432035222649574,2.0048341751098633,0.13527996838092804,0.8067761659622192
256,-9.299034118652344,11.759100914001465,-20.154705047607422,-39.74790954589844,1.4194672107696533,2.270956516265869,8.09714412689209,-3.1948347091674805,1.9790990352630615,-1.288757085800171,-0.0822685956954956,-0.09544241428375244,2.552536725997925,-0.37605971097946167,0.213032066822052,-1.1324840784072876,-1.462988257408142,0.17715264856815338,-2.2213456630706787,-0.5984029769897461,-0.180797278881073,-0.8098917007446289,0.18495871126651764,0.5086386203765869
257,-13.372258186340332,6.255880355834961,-8.66512393951416,-32.625701904296875,7.711191177368164,-0.13171979784965515,7.6301984786987305,7.513154029846191,-3.834437847137451,3.5735549926757812,0.05388236045837402,-0.04791107773780823,2.487473964691162,-0.3084212839603424,0.10565998405218124,-1.0859570503234863,-1.4977461099624634,0.05913643538951874,-1.5745570659637451,-0.05486145615577698,-0.23959025740623474,-2.1367580890655518,0.9070480465888977,-0.2075648158788681
258,-7.653027057647705,4.004899024963379,-11.182038307189941,-30.876136779785156,18.80023956298828,-5.336275100708008,2.098328113555908,4.962481498718262,-2.225689172744751,5.108888626098633,-0.36705875396728516,-0.022626399993896484,2.5641367435455322,-0.5425935983657837,0.05014195665717125,-1.3421821594238281,-1.3827561140060425,0.22291329503059387,-1.0295898914337158,-0.048612724989652634,-0.23830518126487732,-2.7817294597625732,-1.6641937494277954,-1.3123400211334229
259,-26.800338745117188,1.060624599456787,-4.396038055419922,-27.262287139892578,20.0,-5.494827747344971,14.792557716369629,4.057535171508789,-1.8538086414337158,7.27117919921875,0.35716712474823,0.10184264183044434,2.2144906520843506,-0.7476911544799805,0.209421306848526,-1.4352831840515137,-1.3171110153198242,0.10408860445022583,-0.6169250011444092,-0.12305428832769394,-0.18855136632919312,-3.6763319969177246,-0.4127107262611389,-1.7777116298675537
260,-22.590063095092773,17.258630752563477,-9.117862701416016,-20.350971221923828,20.0,-5.355437755584717,23.322324752807617,-8.54615592956543,6.903113842010498,10.224559783935547,0.23383104801177979,0.08875155448913574,2.2650575637817383,-0.6179518103599548,-0.02506868727505207,-0.7186832427978516,-1.6279447078704834,-2.797031879425049,1.3306206464767456,-0.14510221779346466,0.46453869342803955,-5.256810188293457,-0.37691521644592285,-1.4111524820327759
261,-31.788915634155273,7.893764495849609,4.629388809204102,-3.527799606323242,16.815841674804688,-3.5811901092529297,31.04151153564453,-14.864487648010254,19.92942237854004,-37.88719940185547,-18.478370666503906,5.92694616317749,-0.4668352007865906,-0.036129921674728394,0.6162526607513428,4.253620147705078,1.213820457458496,-4.273100852966309,2.4504354000091553,-0.7726882100105286,0.21685288846492767,-2.0241880416870117,8.320028305053711,-0.44920700788497925
262,-39.47382354736328,7.421619415283203,-2.722240447998047,-6.254360198974609,-0.5215778350830078,0.4020562171936035,41.31296920776367,-26.123579025268555,31.645679473876953,-62.73070526123047,0.8529777526855469,-6.197660446166992,-2.377410888671875,1.6325833797454834,0.42158734798431396,7.639174461364746,1.6303436756134033,-3.599505662918091,2.3853864669799805,0.06146031618118286,-0.4127483665943146,-0.2751706838607788,-3.575626850128174,1.433081865310669
263,-38.13988494873047,-6.462533473968506,3.043887138366699,-14.101922988891602,-0.9757129549980164,0.48716241121292114,32.80608367919922,-17.60445213317871,27.260732650756836,-41.58182907104492,-3.370845079421997,-3.518120288848877,-3.617093324661255,0.646133303642273,-0.5103428959846497,6.299922943115234,-0.025524038821458817,-0.01821121945977211,1.8330906629562378,0.09628893435001373,-0.2784265875816345,-0.22866597771644592,-1.7199339866638184,0.46082058548927307
264,-35.07971954345703,-12.853503227233887,10.651876449584961,-13.375986099243164,-0.6409581899642944,-0.0649416446685791,34.793365478515625,-10.746127128601074,25.629032135009766,-43.72945785522461,3.4549694061279297,-0.1843879669904709,-3.8961377143859863,0.15181265771389008,0.5850513577461243,2.9278459548950195,0.3467661440372467,0.8424485921859741,2.2618184089660645,-0.11332009732723236,-0.13794080913066864,-0.7367982268333435,-1.4190216064453125,0.14481505751609802
265,-4.171062469482422,-2.196195125579834,-0.3208206295967102,-5.445036888122559,-0.4380420446395874,0.03522777557373047,1.331894874572754,-6.696259498596191,18.92401123046875,-31.002546310424805,8.837360382080078,1.5995619297027588,-3.185847043991089,-0.38880303502082825,-0.0879431962966919,-0.12045519798994064,-0.9787267446517944,2.192105293273926,2.5360281467437744,-0.1057790145277977,-0.10907519608736038,-0.956570565700531,-1.3795238733291626,0.23209220170974731
266,6.304385185241699,-1.9736402034759521,0.754479169845581,1.7518911361694336,0.08975516259670258,-0.17312145233154297,-23.478609085083008,-3.2197351455688477,15.628246307373047,-47.42660903930664,12.713336944580078,1.552427053451538,-2.8975839614868164,-0.3563724756240845,-0.5647610425949097,-2.0791141986846924,0.016942286863923073,2.2195305824279785,2.369006872177124,0.14037223160266876,-0.3055298328399658,-1.5101425647735596,-1.154449701309204,0.33741939067840576
267,22.412193298339844,1.014446496963501,-0.4774308204650879,6.172964096069336,0.13549917936325073,-0.16265487670898438,-31.977699279785156,-10.456995010375977,8.794879913330078,-25.41135025024414,20.0,5.573095798492432,-1.4972392320632935,-0.2963395118713379,-0.3834679126739502,-4.380232334136963,0.41013315320014954,2.590252161026001,2.097620964050293,0.1999492347240448,-0.05118861049413681,-1.4288806915283203,-1.0287823677062988,-0.23502016067504883
268,39.040184020996094,16.09283447265625,-10.764222145080566,5.7633056640625,-0.03924880921840668,-0.07495832443237305,-36.95695877075195,-5.478065490722656,-2.4590489864349365,-5.364890098571777,16.583560943603516,3.982647657394409,1.616775631904602,0.18949785828590393,-1.2695180177688599,-10.492382049560547,-0.026882309466600418,3.173051595687866,-0.5362746119499207,0.037937358021736145,-0.11415721476078033,3.3485207557678223,1.3550175428390503,1.2294422388076782
269,51.57255172729492,18.37374496459961,-29.456493377685547,-39.57587814331055,-20.0,13.334846496582031,-45.174530029296875,-5.03068208694458,1.44614577293396,-7.652324676513672,-0.311093807220459,-0.025309085845947266,3.0622200965881348,0.7074783444404602,0.5360564589500427,-3.5085811614990234,10.773500442504883,-2.455371618270874,-1.8665821552276611,-0.33363744616508484,0.3862808048725128,6.152076244354248,3.0920052528381348,2.8334391117095947
270,26.6578369140625,24.95973777770996,-34.73378372192383,-66.19793701171875,-2.399625301361084,9.42193603515625,-27.615751266479492,7.021116733551025,-4.007197380065918,-6.706199645996094,-1.1458420753479004,-0.30760741233825684,1.842746615409851,-0.0560106560587883,0.4551239609718323,0.25031620264053345,-2.0615456104278564,0.35796982049942017,-2.9561767578125,0.2372521460056305,1.3307816982269287,6.383221626281738,-0.8275981545448303,1.2036116123199463
271,13.79300308227539,13.359308242797852,-24.264741897583008,-44.32020568847656,-4.774893760681152,6.280519962310791,-20.236207962036133,5.675788879394531,-5.646454334259033,-10.186155319213867,-0.27655237913131714,-0.03414320945739746,1.8431910276412964,-0.15441593527793884,0.19047954678535461,-0.05248928442597389,-1.8415806293487549,0.280191034078598,-3.098036289215088,0.054172806441783905,0.18897642195224762,3.8959577083587646,0.3124488890171051,1.1328763961791992
272,-6.439709663391113,12.302745819091797,-22.389019012451172,-55.355987548828125,-1.7799091339111328,4.943962097167969,-3.057872772216797,6.323883533477783,-4.612374305725098,-4.449215888977051,-0.37100768089294434,-0.045981407165527344,2.078145742416382,-0.11425065249204636,0.0204610675573349,-0.621718168258667,-1.651402235031128,0.11876227706670761,-2.509941577911377,0.19240356981754303,-0.49818629026412964,1.1083334684371948,-0.7077959179878235,0.984684407711029
273,1.155989646911621,6.346829414367676,-9.782339096069336,-37.42673110961914,4.666265964508057,-0.02817589044570923,-5.362112045288086,5.393540382385254,-3.11246919631958,-0.8474172353744507,0.025170743465423584,-0.14331412315368652,2.2184906005859375,-0.3558543920516968,0.15364034473896027,-0.924085795879364,-1.5099341869354248,0.3672717213630676,-2.40108323097229,0.2148219347000122,-0.41820698976516724,-0.06995829939842224,0.5157511234283447,-0.6235631108283997
274,-11.356501579284668,16.296146392822266,-15.35639762878418,-38.284027099609375,15.735773086547852,-4.05290412902832,1.8329143524169922,-1.9596474170684814,1.3974014520645142,1.4329538345336914,-0.24838656187057495,0.03723025321960449,2.0991764068603516,-0.5650487542152405,0.05259174108505249,-1.3153069019317627,-1.3081836700439453,0.31849217414855957,-2.0842700004577637,-0.10563468933105469,-0.4551921784877777,-1.6130244731903076,-0.42811644077301025,-0.7312501668930054
275,-13.178675651550293,10.66879653930664,-9.94834041595459,-27.781518936157227,20.0,-7.67542028427124,8.089303970336914,1.41176438331604,-0.45606815814971924,3.957365036010742,-0.017539620399475098,0.029981374740600586,2.242682456970215,-0.5895628929138184,0.09481371939182281,-1.5524704456329346,-1.2258422374725342,0.2664581537246704,-1.167056679725647,0.03403624892234802,-0.3270014822483063,-3.360661506652832,-0.6924956440925598,-1.370046854019165
276,-24.517032623291016,13.414152145385742,-6.980813980102539,-20.789430618286133,20.0,-5.2260565757751465,19.757261276245117,-1.1176998615264893,1.2163704633712769,9.542658805847168,0.2306133508682251,0.12640118598937988,1.7601524591445923,-0.3272594213485718,-0.09701479971408844,-0.6446569561958313,-1.5549943447113037,-2.5582027435302734,-0.047468721866607666,0.029813751578330994,-0.5855981111526489,-4.212645053863525,-0.7088931798934937,-1.1213254928588867
277,-28.709331512451172,10.709741592407227,-2.3566734790802,-11.204717636108398,20.0,-4.376494407653809,29.647022247314453,-12.58808708190918,10.580683708190918,7.893795013427734,0.16220521926879883,-0.13379859924316406,0.21613600850105286,-0.25681328773498535,0.15108411014080048,2.1089863777160645,-0.3072373867034912,-3.9546139240264893,2.111586093902588,-0.2755122780799866,0.43224114179611206,-8.04321575164795,-0.717248797416687,-2.988072395324707
278,-41.30949783325195,7.370992660522461,2.0109686851501465,-5.43684196472168,10.379249572753906,-2.0101242065429688,52.238006591796875,-22.898237228393555,30.892192840576172,-42.31373596191406,-19.355615615844727,-5.689312934875488,-1.4861747026443481,0.7003470063209534,1.065345048904419,6.135179042816162,3.373403310775757,-4.722123622894287,1.8064861297607422,-0.022538483142852783,0.5328412055969238,2.1938939094543457,0.5620424747467041,-0.26295793056488037
279,-43.76498794555664,-9.86734390258789,5.994272232055664,-8.116241455078125,-1.2411680221557617,0.504910945892334,49.98971176147461,-16.166725158691406,28.001747131347656,-51.30406951904297,-1.36199951171875,-3.1741795539855957,-3.545569896697998,0.8090810179710388,0.7027173638343811,9.366952896118164,-0.5883933901786804,-1.1742148399353027,2.137298583984375,0.2097545862197876,-0.05065344646573067,0.018533989787101746,-1.924912691116333,0.3832806944847107
280,-44.00758743286133,-6.62917947769165,5.502477645874023,-20.803287506103516,-0.7503595352172852,0.1606374979019165,40.389068603515625,-11.857574462890625,21.160776138305664,-26.132061004638672,2.3695998191833496,-1.0230298042297363,-4.697423458099365,0.20713764429092407,0.7895027995109558,5.606547832489014,0.42377567291259766,0.7781674265861511,1.9447466135025024,-0.002584598958492279,-0.016614630818367004,-0.07668648660182953,-1.7292176485061646,0.08695289492607117
281,-10.34567642211914,-0.4758811295032501,-0.9735357165336609,-12.358707427978516,-0.5253933668136597,0.07263946533203125,2.840482711791992,-8.262849807739258,14.438178062438965,-40.355926513671875,6.434238433837891,3.188767194747925,-4.351614952087402,-0.06688172370195389,-0.11921903491020203,0.823325514793396,0.599852979183197,2.385509490966797,2.1810944080352783,0.13378778100013733,-0.25748956203460693,-0.7080609798431396,-1.445915937423706,-0.0741937980055809
282,10.37124252319336,-0.6526901721954346,-0.23257505893707275,-2.832765579223633,-0.27033209800720215,-0.16095685958862305,-15.063716888427734,-3.4672691822052,11.866042137145996,-27.860321044921875,14.561493873596191,2.0655362606048584,-2.826007127761841,-0.27247312664985657,-0.3634476363658905,-3.4322991371154785,0.4184291958808899,2.7278153896331787,2.394874334335327,0.13501626253128052,-0.21495464444160461,-0.9686242938041687,-1.4709906578063965,-0.06402641534805298
283,17.317970275878906,0.1578683853149414,-0.9245753288269043,9.009164810180664,-0.012898709625005722,-0.12210655212402344,-25.167129516601562,-14.558470726013184,13.651177406311035,-34.740028381347656,20.0,6.044785499572754,-1.5058637857437134,-0.512444019317627,-0.8138648867607117,-4.92441463470459,-0.05168958008289337,4.2168450355529785,2.4607813358306885,0.18671441078186035,-0.12007176876068115,-1.2068345546722412,-1.337058186531067,-0.2322104573249817
284,21.17119789123535,4.243276596069336,-1.049696445465088,13.529794692993164,0.23872479796409607,-0.4064755439758301,-27.980621337890625,-20.192338943481445,10.124165534973145,-27.573429107666016,20.0,6.588441848754883,-0.2607511878013611,-0.26249560713768005,-0.528592586517334,-4.9593119621276855,0.006082712206989527,3.1632449626922607,2.537091016769409,0.11500244587659836,-0.0789763480424881,-1.0914586782455444,-1.5455758571624756,0.3846723437309265
285,23.79660415649414,11.036684036254883,-6.5905680656433105,11.979106903076172,0.33301734924316406,-0.15859603881835938,-31.140769958496094,-15.531200408935547,7.2009406089782715,-18.85553550720215,20.0,4.4352922439575195,0.7500786185264587,0.5022230744361877,-0.5980074405670166,-5.776185512542725,1.2544445991516113,3.808136463165283,1.2487537860870361,0.17161598801612854,-0.06044359505176544,0.7297510504722595,-0.8602471947669983,0.943828821182251
286,52.68035125732422,15.577505111694336,-25.80059814453125,-34.69880294799805,-20.0,8.9547119140625,-51.82314682006836,-4.381721496582031,-1.6602736711502075,-11.786737442016602,13.167276382446289,3.2448806762695312,2.096940040588379,1.3083757162094116,0.7671796083450317,-2.511578321456909,9.645563125610352,-1.27739679813385,-1.1934831142425537,-0.41173428297042847,-0.5611818432807922,5.430960178375244,2.316621780395508,2.266913652420044
287,39.27509689331055,28.77189826965332,-35.53617858886719,-61.03441619873047,-1.1943962574005127,19.527769088745117,-33.53596115112305,6.374406814575195,-3.239389419555664,-6.108615875244141,-0.8480607271194458,-0.21381521224975586,1.6353833675384521,0.16904893517494202,0.023834623396396637,-0.028008481487631798,-1.7198704481124878,-5.528671741485596,-3.1852569580078125,0.2825618386268616,1.2547091245651245,7.68647575378418,0.8735021948814392,1.89249849319458
288,49.10977554321289,30.646390914916992,-36.832637786865234,-39.18612289428711,-6.267952919006348,5.916470527648926,-39.55144500732422,-1.818741798400879,-1.5501270294189453,-14.887269020080566,-0.8537759184837341,-0.16645216941833496,1.9041160345077515,0.06411124020814896,0.32258400321006775,0.2622278034687042,-1.960900068283081,0.2278618961572647,-3.2528162002563477,0.18229591846466064,0.8527674674987793,4.6497721672058105,0.4195900559425354,1.4322168827056885
289,-6.880509376525879,15.706071853637695,-28.0434627532959,-45.421844482421875,-8.434282302856445,8.272150039672852,-0.4685964584350586,-1.7309551239013672,-1.075744390487671,-5.221554756164551,-0.13556623458862305,-0.07902932167053223,1.8203123807907104,0.11532977223396301,0.10442126542329788,0.17056156694889069,-1.9815266132354736,0.13263773918151855,-2.783468008041382,-0.3319903314113617,-0.3257715106010437,2.0197527408599854,1.4176982641220093,1.4424211978912354
290,-11.466127395629883,13.062664031982422,-21.752574920654297,-51.42462158203125,-3.275930404663086,5.420967102050781,4.2673444747924805,-0.7088127136230469,0.44571471214294434,-1.0623281002044678,-0.4161105155944824,-0.09047245979309082,2.1441709995269775,-0.0021315068006515503,0.17461392283439636,-0.34043699502944946,-1.8017380237579346,0.048318050801754,-1.9377243518829346,-0.6684348583221436,-0.4853612780570984,-0.21694310009479523,-0.4090743362903595,1.8238825798034668
291,-20.503965377807617,6.710134029388428,-13.053766250610352,-43.05852127075195,-0.33321070671081543,2.56384539604187,10.591438293457031,2.4737277030944824,0.4607470631599426,2.318082809448242,0.04024350643157959,-0.2600846290588379,2.133054494857788,-0.14454111456871033,0.19630208611488342,-0.5652341842651367,-1.7153692245483398,0.0196208655834198,-1.1357367038726807,-0.4758487939834595,-0.09014929085969925,-2.052771806716919,-0.41316792368888855,0.17200863361358643
292,-13.394180297851562,12.11815071105957,-17.82054328918457,-43.378143310546875,9.745487213134766,-0.8758701086044312,1.2918729782104492,2.297264814376831,0.08062607049942017,4.128264427185059,-0.16143536567687988,-0.06472742557525635,1.8754574060440063,-0.35954800248146057,0.00888744741678238,-0.8211961388587952,-1.451680302619934,0.12208204716444016,-0.8079202771186829,-0.42174798250198364,0.04750414192676544,-3.3873937129974365,-1.494329810142517,-0.5831868052482605
293,0.5696001052856445,15.155099868774414,-13.317490577697754,-24.760217666625977,16.728435516357422,-7.671571254730225,0.5002878904342651,-0.16534113883972168,0.48190248012542725,7.649537086486816,0.28358057141304016,0.009238719940185547,2.230381965637207,-0.47637423872947693,-0.026375528424978256,-0.9043519496917725,-1.4800359010696411,0.5494454503059387,-0.2203495055437088,-0.28198671340942383,0.3980261981487274,-3.2350172996520996,-0.12465734034776688,-1.1467403173446655
294,-9.461674690246582,5.4425482749938965,-6.396147727966309,-18.23418426513672,20.0,-6.379115104675293,2.1389048099517822,-1.7121834754943848,1.0899231433868408,2.585651397705078,-0.26380228996276855,0.005333423614501953,1.7135246992111206,-0.414973646402359,0.11140337586402893,-0.38432642817497253,-1.5774381160736084,-1.7996037006378174,0.3642708659172058,-0.39311185479164124,0.637101411819458,-5.86707067489624,-1.1729260683059692,-2.4275264739990234
295,-26.061864852905273,5.347001075744629,0.6599513292312622,-3.9880008697509766,16.241498947143555,-3.3384861946105957,29.474557876586914,-6.788969039916992,11.390264511108398,-20.77721405029297,-11.95863151550293,3.6534719467163086,-0.19996508955955505,-0.16147202253341675,0.09706201404333115,3.507512092590332,0.23434531688690186,-2.78558349609375,2.1430931091308594,-0.5797175765037537,-0.23750224709510803,-1.6499223709106445,5.461902618408203,-3.586817741394043
296,-33.93609619140625,1.0378451347351074,0.5012884140014648,-6.196767807006836,-0.2539811134338379,0.2088608741760254,32.71559524536133,-17.437896728515625,21.089038848876953,-60.24822235107422,-2.312638282775879,-6.695014953613281,-1.3688803911209106,0.8543718457221985,0.37627893686294556,5.037466526031494,1.7271445989608765,-2.8882501125335693,1.7652053833007812,0.03859254717826843,-0.3273378610610962,0.47738632559776306,-2.1888411045074463,0.5371901392936707
297,-35.01387023925781,-14.083026885986328,8.40811538696289,-4.807971954345703,-0.7095479965209961,0.26979970932006836,32.605491638183594,-12.943626403808594,25.343338012695312,-56.94107437133789,-1.3423044681549072,-4.034255027770996,-3.1051671504974365,0.316274493932724,0.30511364340782166,7.891793251037598,0.054979972541332245,-0.747620701789856,1.881134033203125,0.16457034647464752,-0.36623185873031616,0.0803178995847702,-1.9122151136398315,0.40177449584007263
298,-30.947649002075195,-11.208296775817871,7.9405364990234375,-13.663654327392578,-0.626991868019104,0.04943293333053589,23.493976593017578,-9.734755516052246,20.376022338867188,-55.458351135253906,0.010534048080444336,-2.0047926902770996,-3.525722026824951,-0.29067572951316833,0.46994251012802124,5.182633876800537,0.26465854048728943,0.35810762643814087,2.2987000942230225,0.1056959331035614,-0.5142948031425476,-0.6166411638259888,-1.5923031568527222,0.32764023542404175
299,-6.546701431274414,5.158153533935547,-3.3958120346069336,-11.173046112060547,-0.5432168245315552,0.029779672622680664,-10.02260684967041,-17.152677536010742,22.21324920654297,-49.741050720214844,3.404534339904785,0.512800931930542,-2.95639705657959,-0.0884992703795433,0.34702423214912415,0.415060430765152,-0.4790855944156647,0.6851193904876709,2.2480838298797607,0.2651185393333435,-0.4075978696346283,-1.177796483039856,-1.2459347248077393,-0.0696222335100174
300,0.6744956970214844,5.0692925453186035,-3.987715005874634,-4.633817672729492,-0.30951011180877686,0.10445165634155273,-11.262697219848633,-9.534520149230957,16.193214416503906,-34.02457809448242,13.993850708007812,3.2211575508117676,-1.8884645700454712,-0.10306993126869202,-0.3608025908470154,-3.8463542461395264,-0.8989284634590149,2.5728461742401123,2.3814144134521484,0.37224844098091125,-0.4698571562767029,-1.5840709209442139,-0.9907846450805664,-0.1599292755126953
301,14.182168960571289,7.014092922210693,-3.9538376331329346,6.096778869628906,-0.053530216217041016,-0.14665794372558594,-20.618743896484375,-18.492401123046875,14.552682876586914,-19.53046417236328,20.0,4.401542663574219,-0.39966821670532227,-0.13372553884983063,-0.3311181962490082,-6.532595157623291,-1.73517906665802,3.201233386993408,2.2106051445007324,0.14384257793426514,-0.18953827023506165,-1.1912983655929565,-1.1842985153198242,0.6916519999504089
302,35.70201873779297,15.433094024658203,-10.594534873962402,12.0916748046875,0.5543618202209473,-0.13004064559936523,-35.1478271484375,-6.62568473815918,2.3394246101379395,-8.466079711914062,20.0,4.143367767333984,1.8466521501541138,0.5240239500999451,-1.2169028520584106,-9.928197860717773,0.8268266916275024,3.618917942047119,-0.1967894583940506,0.21401791274547577,-0.4399935007095337,3.033146381378174,1.3702260255813599,0.36497998237609863
303,55.603126525878906,25.008590698242188,-29.435819625854492,-69.04735565185547,3.8762011528015137,4.325681209564209,-48.861873626708984,1.6713957786560059,0.5358114242553711,-3.9829673767089844,-0.45854902267456055,0.02940988540649414,1.7939954996109009,-0.6286417245864868,0.09722454100847244,0.3187107443809509,-2.002277374267578,0.18471881747245789,-2.4226555824279785,-0.4581112861633301,0.9508336782455444,8.121613502502441,2.4351494312286377,2.1816773414611816
304,28.849931716918945,24.859771728515625,-33.47818374633789,-52.69439697265625,-2.657317876815796,5.347142696380615,-36.93805694580078,7.469249725341797,-6.41236686706543,-15.362713813781738,-1.14436674118042,-0.152496337890625,1.802398920059204,-0.2454317808151245,-0.0445353165268898,-0.15995493531227112,-1.734080195426941,0.31860485672950745,-3.1046693325042725,0.21240019798278809,0.4598683714866638,4.849368095397949,0.6287692785263062,1.514830231666565
305,7.685147285461426,15.432819366455078,-24.46432113647461,-49.93707275390625,-2.3741936683654785,3.150435447692871,-14.272367477416992,6.4578986167907715,-5.563248634338379,-5.423208236694336,-0.4463670551776886,-0.06991791725158691,1.9803621768951416,-0.08216860145330429,-0.04647757112979889,-0.496487557888031,-1.6764084100723267,0.2977237105369568,-3.343140125274658,0.4709473252296448,-0.10457725822925568,3.5029377937316895,-0.11979860812425613,1.3158820867538452
306,-6.353042125701904,0.32061612606048584,-12.674347877502441,-40.0225944519043,1.942581057548523,1.9916226863861084,-3.7173309326171875,5.537977695465088,-3.370723247528076,-6.777882099151611,-0.13801145553588867,-0.135384202003479,1.9378764629364014,-0.23197588324546814,0.01002451777458191,-0.8302704095840454,-1.4842580556869507,0.02914939820766449,-3.00862455368042,0.38750332593917847,-0.3590247929096222,0.2948654890060425,1.1495163440704346,0.32171663641929626
307,-0.2420330047607422,8.738309860229492,-12.024025917053223,-31.152860641479492,9.636978149414062,-2.0169286727905273,-1.8203849792480469,-1.3518272638320923,0.5103296041488647,-0.5363893508911133,-0.3370984196662903,-0.07366156578063965,2.2917041778564453,-0.5564168691635132,0.18853050470352173,-1.2050611972808838,-1.378481388092041,0.2622593343257904,-2.4065940380096436,-0.08017387241125107,-0.2425847202539444,-1.3869385719299316,0.3432232141494751,-0.5170653462409973
308,-13.064149856567383,19.54571533203125,-14.42348575592041,-33.30164337158203,14.858501434326172,-5.049930572509766,4.882393836975098,-1.9566175937652588,1.0580345392227173,3.0753517150878906,-0.17035484313964844,0.026679277420043945,2.1781790256500244,-0.6183769702911377,0.029224097728729248,-1.3627299070358276,-1.3110754489898682,0.3284854292869568,-1.8030190467834473,-0.15615862607955933,-0.3525201678276062,-3.18782114982605,-0.10230757296085358,-0.7633810043334961
309,-22.508026123046875,20.023149490356445,-14.425771713256836,-28.331401824951172,20.0,-6.693866729736328,17.484216690063477,-5.366215705871582,4.475476264953613,7.468732833862305,-0.17570781707763672,-0.010851860046386719,2.044210910797119,-0.42986902594566345,-0.16885188221931458,-0.9607966542243958,-1.3955658674240112,-1.9700524806976318,-0.22842444479465485,-0.26576006412506104,-0.2761998772621155,-5.302215576171875,-2.409686803817749,-1.3743847608566284
310,-22.982349395751953,17.403881072998047,-5.5316667556762695,-13.503747940063477,20.0,-4.2282304763793945,24.739625930786133,-11.877361297607422,8.398362159729004,11.31344223022461,0.4748408794403076,-0.03289508819580078,1.509204387664795,-0.22254127264022827,0.2927371561527252,0.5625265836715698,-1.135069489479065,-3.9699859619140625,1.3947638273239136,-0.4243992269039154,0.5750285983085632,-6.995264530181885,-1.1778347492218018,-2.384934663772583
311,-45.11680221557617,9.813077926635742,-0.18815827369689941,-8.173385620117188,13.38887882232666,-2.193545341491699,42.58075714111328,-23.554277420043945,28.92075538635254,-46.832584381103516,-19.45162010192871,-8.77996826171875,-1.0564959049224854,0.8099536895751953,0.833994448184967,5.446687698364258,2.6816442012786865,-4.118661403656006,2.4344146251678467,0.3406097888946533,0.7685711979866028,-0.16395914554595947,-5.981328010559082,3.9132778644561768
312,-54.34935760498047,-0.5480074882507324,1.556531548500061,-10.125396728515625,-1.08870530128479,0.5011415481567383,59.441497802734375,-27.29302215576172,34.76580810546875,-50.76258087158203,3.86080265045166,-4.015905857086182,-3.5243539810180664,1.0736969709396362,0.10313733667135239,8.615066528320312,0.8160480260848999,-0.8740097284317017,2.209261178970337,0.27982592582702637,-0.29321765899658203,-0.45701414346694946,-1.6744142770767212,0.3230466842651367
313,-26.27029037475586,0.27190685272216797,0.30117154121398926,-16.523719787597656,-0.7519469261169434,0.12994451820850372,14.381574630737305,-16.949050903320312,21.82761001586914,-37.94708251953125,-5.416048526763916,-0.5436786413192749,-4.232321262359619,0.7624362707138062,-0.33416032791137695,5.2321906089782715,0.45899930596351624,-0.06932353973388672,1.7731789350509644,0.2521832585334778,-0.18605118989944458,-0.4844949245452881,-1.5241297483444214,0.25857120752334595
314,-13.12263298034668,-10.70484447479248,7.453428268432617,-7.678565979003906,-0.44766974449157715,0.0034148693084716797,11.981972694396973,-8.392359733581543,19.039356231689453,-43.45628356933594,3.252035140991211,0.20186609029769897,-3.7447352409362793,0.12372724711894989,0.032881610095500946,2.4009933471679688,0.03513075038790703,1.0970211029052734,2.255983829498291,0.08439266681671143,-0.07557801157236099,-0.8341276049613953,-1.4037694931030273,0.1800481081008911
315,-0.4979381561279297,-8.036513328552246,5.04888916015625,-2.2478368282318115,-0.16719061136245728,-0.08687400817871094,-7.565852165222168,-7.321896076202393,15.246423721313477,-40.42496109008789,11.244754791259766,1.2420116662979126,-3.3559093475341797,-0.3434404730796814,0.25399622321128845,0.1894407421350479,0.13012287020683289,1.9638861417770386,2.282413959503174,-0.0050402432680130005,-0.017779722809791565,-1.05550217628479,-1.325735092163086,0.22681282460689545
316,1.6830081939697266,-3.19838547706604,2.173541307449341,-1.1261787414550781,-0.23247751593589783,-0.13355302810668945,-8.221893310546875,-5.391215801239014,14.04610824584961,-29.140853881835938,20.0,3.6547558307647705,-2.5682528018951416,-0.3629004657268524,0.42459049820899963,-2.6199238300323486,-0.16875143349170685,2.882412910461426,2.374149799346924,0.05499298870563507,-0.002163231372833252,-1.4196709394454956,-1.1279724836349487,-0.15611532330513
317,22.276596069335938,7.23176383972168,-6.027068138122559,3.2187156677246094,-0.11543560028076172,-0.13956737518310547,-30.86331558227539,-8.899205207824707,7.166407108306885,-25.08484649658203,20.0,6.290215015411377,-0.43238794803619385,-0.25412389636039734,-0.4217430353164673,-6.830548286437988,-1.1116551160812378,3.478187084197998,2.5478992462158203,0.1547204554080963,-0.0061892494559288025,-1.6605243682861328,-1.1757584810256958,0.9203068017959595
318,45.61820602416992,20.02947235107422,-13.979970932006836,12.16217041015625,0.4354517459869385,-0.1322169303894043,-45.1089973449707,-3.250307559967041,-4.531963348388672,-8.986923217773438,19.409019470214844,4.9022088050842285,2.4961400032043457,0.7674492597579956,-1.732762336730957,-11.606698036193848,0.671632707118988,3.7257964611053467,-0.30794376134872437,0.29603999853134155,-0.6006686687469482,3.299466371536255,1.7524490356445312,1.7680566310882568
319,53.655120849609375,19.457706451416016,-33.46739196777344,-38.907379150390625,-20.0,12.888774871826172,-49.86833190917969,-8.484797477722168,4.388552665710449,-6.822414398193359,-0.489501953125,-0.15819168090820312,2.6945598125457764,0.7930319905281067,0.43483754992485046,-3.622939348220825,10.62505054473877,-3.1248748302459717,-2.8445043563842773,-0.5005740523338318,0.5784337520599365,8.423760414123535,2.7758021354675293,2.7440803050994873
320,22.76202392578125,29.395265579223633,-36.624942779541016,-50.200767517089844,-5.61022424697876,9.55567455291748,-22.09678840637207,-1.6071052551269531,0.5334067344665527,-12.638275146484375,-1.0579243898391724,-0.2935056686401367,1.7276066541671753,-0.02828299254179001,0.07223658263683319,0.5551631450653076,-2.2099242210388184,0.2074621021747589,-2.649923324584961,-0.3353002667427063,1.1069103479385376,5.300673961639404,0.45636919140815735,1.8798812627792358
321,5.289474964141846,10.288484573364258,-19.0242862701416,-43.96577072143555,-4.125635623931885,5.608450412750244,-13.493032455444336,12.400918960571289,-9.854323387145996,-7.5194292068481445,-0.4070611596107483,-0.07149720191955566,1.456869125366211,0.2173183560371399,-0.23017306625843048,0.5270376801490784,-2.146463394165039,0.06046530231833458,-2.912299394607544,0.0491524301469326,-0.23319067060947418,3.114650011062622,0.4513230323791504,1.282810091972351
322,3.782778739929199,5.009954452514648,-11.190082550048828,-38.8648796081543,-5.4177398681640625,4.149234294891357,-4.993556022644043,2.9012813568115234,-2.0571882724761963,-4.688469886779785,-0.2591245174407959,-0.11598420143127441,1.9746242761611938,0.07033457607030869,0.10088635981082916,0.1404014527797699,-2.0790488719940186,0.11918850243091583,-2.3267242908477783,-0.1729295253753662,-0.1706378161907196,0.9946179986000061,0.4443274140357971,0.7452153563499451
323,-5.2565460205078125,5.478158473968506,-11.262001991271973,-47.45614242553711,1.961195468902588,-0.6228877305984497,-2.9940900802612305,8.630813598632812,-4.792750358581543,1.6854758262634277,-0.16952362656593323,-0.018711566925048828,1.9685159921646118,-0.2832869589328766,0.002349983900785446,-0.2556087374687195,-1.8803426027297974,0.1352662295103073,-2.3700850009918213,-0.17574068903923035,-0.3986552953720093,0.7303557395935059,-0.20047681033611298,0.6497704386711121
324,-8.326473236083984,8.052383422851562,-12.65013599395752,-41.879302978515625,7.2198872566223145,-2.8764750957489014,1.7664794921875,4.428471088409424,-2.591057300567627,-0.8752336502075195,-0.15889132022857666,-0.09433317184448242,2.27435040473938,-0.28347545862197876,0.07075652480125427,-0.7200078964233398,-1.7528386116027832,0.2216026782989502,-1.5155613422393799,-0.009582852944731712,-0.5687924027442932,-1.8307247161865234,-0.456829309463501,-0.5464825630187988
325,-11.591063499450684,16.238441467285156,-15.704424858093262,-34.76762771606445,20.0,-8.845385551452637,3.1566977500915527,-7.910670757293701,6.167609214782715,0.7200565338134766,-0.24100470542907715,-0.06645083427429199,2.6005971431732178,-0.5853111743927002,0.11906222254037857,-1.4786701202392578,-1.4514751434326172,0.5589305758476257,-0.37575846910476685,-0.37632936239242554,0.0896134302020073,-5.132965564727783,-1.2361423969268799,-1.2402596473693848
326,-26.527748107910156,6.275739669799805,-7.3210859298706055,-29.86810302734375,20.0,-7.792215347290039,14.080867767333984,3.532087564468384,-1.2832369804382324,12.421717643737793,0.3203577995300293,0.09683704376220703,1.9421671628952026,-0.6195268034934998,0.25335365533828735,-1.1111440658569336,-1.371219277381897,-0.7261633276939392,-0.3314712941646576,-0.2583826780319214,0.35758766531944275,-4.5112762451171875,-0.6398494243621826,-1.5619990825653076
327,-15.272193908691406,3.9470601081848145,-0.7390750646591187,-4.521137237548828,20.0,-5.203553199768066,22.625703811645508,-8.878678321838379,6.96629524230957,7.204746246337891,0.1421043872833252,-0.08944034576416016,0.9502084255218506,-0.6802349090576172,0.07158976793289185,1.4791650772094727,-0.887079656124115,-4.768637657165527,1.581911325454712,-0.848189115524292,0.781265377998352,-3.2486279010772705,7.1073455810546875,-6.715532302856445
328,-38.864681243896484,6.930865287780762,-2.5767641067504883,-8.683563232421875,10.938035011291504,-1.3816337585449219,40.124786376953125,-17.718772888183594,20.669172286987305,-66.55994415283203,1.0621435642242432,-5.0868821144104,-0.8677794337272644,0.7409088015556335,0.5438978672027588,5.078210353851318,2.538033962249756,-3.939391851425171,1.8852089643478394,0.0632089227437973,0.19005189836025238,0.2975291609764099,-2.3210999965667725,0.8422830104827881
329,-52.40752410888672,-12.563545227050781,8.624860763549805,-8.56374740600586,-0.9246780872344971,0.37975263595581055,53.181114196777344,-13.946537017822266,27.981176376342773,-48.43212890625,4.4617390632629395,-4.326742649078369,-3.8391668796539307,0.5031576752662659,0.5241071581840515,8.9507417678833,1.6234582662582397,-1.1326048374176025,1.7364546060562134,0.06370002031326294,-0.21986812353134155,-0.14056479930877686,-1.7282507419586182,0.25748229026794434
330,-30.039108276367188,-2.79935884475708,1.7309112548828125,-17.019126892089844,-1.0369181632995605,0.14436429738998413,27.896469116210938,-8.631769180297852,20.333209991455078,-38.42279815673828,0.17629218101501465,-2.628664970397949,-3.8349125385284424,0.3944246172904968,0.03634524717926979,5.425243377685547,-0.4824765920639038,-0.2478485256433487,2.229823350906372,0.31204256415367126,-0.3124319911003113,-0.729256272315979,-1.5056861639022827,0.24284714460372925
331,-18.311294555664062,-7.554457187652588,5.71663236618042,-11.312670707702637,-0.46132713556289673,0.053658485412597656,10.1708984375,-8.790842056274414,20.247079849243164,-43.49717330932617,6.278963088989258,-0.6889345645904541,-3.7897915840148926,-0.33370065689086914,0.23392178118228912,1.4243606328964233,-0.26872706413269043,1.1361786127090454,2.37756609916687,0.08413134515285492,-0.24521414935588837,-1.1452041864395142,-1.2720171213150024,0.1700565367937088
332,0.9425277709960938,5.019184589385986,-4.626877307891846,-4.496811866760254,-0.13556838035583496,0.0661916732788086,-13.348814964294434,-12.76445484161377,15.699758529663086,-34.820289611816406,13.088037490844727,1.8424698114395142,-3.4098329544067383,-0.29929378628730774,-0.6668744683265686,-2.084118604660034,0.8614782094955444,2.66015362739563,2.1036033630371094,0.33812248706817627,-0.19121398031711578,-1.4344416856765747,-1.065114140510559,0.0414048433303833
333,11.87525749206543,1.3603483438491821,-0.4294252395629883,5.258875846862793,-0.1575847864151001,-0.17578411102294922,-15.947527885437012,-11.032188415527344,11.54041862487793,-22.18355941772461,20.0,3.604898691177368,-2.30381178855896,-0.22043579816818237,-0.808056652545929,-3.5228993892669678,-0.052651312202215195,3.3367185592651367,2.1904072761535645,0.43285179138183594,-0.0909905955195427,-1.4907972812652588,-1.0683062076568604,-0.22607499361038208
334,23.666582107543945,3.665752649307251,-0.9482510089874268,8.150596618652344,0.12486544251441956,-0.2600407600402832,-33.886688232421875,-10.559183120727539,5.694352149963379,-23.782869338989258,20.0,5.430142402648926,-0.9216687083244324,0.04314130172133446,-0.650331437587738,-5.7015228271484375,0.175591841340065,3.681065082550049,1.9468410015106201,0.37043675780296326,-0.27662405371665955,-1.3473187685012817,-0.9205527901649475,-0.6731990575790405
335,36.20951843261719,14.662466049194336,-9.238802909851074,12.627670288085938,0.20348185300827026,-0.19187641143798828,-37.47325897216797,-13.804306030273438,-2.7260847091674805,-15.349414825439453,20.0,4.825550556182861,1.30942964553833,0.7580190896987915,-1.3175050020217896,-8.499459266662598,0.25334662199020386,3.9504687786102295,0.32908153533935547,0.4819587767124176,-0.1904686689376831,1.9436508417129517,0.6404857635498047,1.0747510194778442
336,69.89871978759766,23.660701751708984,-19.30803680419922,-66.68467712402344,5.518972396850586,20.0,-55.405906677246094,11.283970832824707,-5.989587306976318,-3.9141311645507812,0.30622386932373047,0.08928489685058594,2.0151233673095703,-0.009178977459669113,-0.5244513154029846,-0.6354643106460571,-1.4966005086898804,-8.838187217712402,-2.6465766429901123,-0.08998005837202072,0.11411010473966599,8.325575828552246,4.822732448577881,2.3064281940460205
337,60.871849060058594,29.3759708404541,-37.48014450073242,-40.22739791870117,4.285649299621582,6.302448749542236,-49.80768585205078,1.0415046215057373,-1.5637474060058594,-15.558752059936523,-1.7577757835388184,-0.2747405767440796,1.927582025527954,-0.06155634671449661,0.3873457908630371,-0.022865040227770805,-1.8662573099136353,0.24508367478847504,-3.722674608230591,0.33986082673072815,0.8496489524841309,7.1830973625183105,-0.03470003232359886,0.8109568357467651
338,-3.03623628616333,14.524370193481445,-30.88606834411621,-46.802207946777344,-3.7468791007995605,6.361268043518066,-4.98322868347168,-1.5594679117202759,-0.7453452348709106,-10.262540817260742,-0.34641018509864807,-0.005824565887451172,2.034616231918335,0.06175597012042999,0.17525343596935272,-0.34615132212638855,-1.8274040222167969,0.17408525943756104,-3.0368762016296387,0.12403950095176697,-0.0635153204202652,3.1945552825927734,0.17298169434070587,1.4668017625808716
339,-13.191285133361816,11.076706886291504,-20.255725860595703,-44.016212463378906,-3.143498420715332,5.5421061515808105,4.4804792404174805,-0.9061607718467712,0.5500600337982178,-2.063570976257324,-0.0014374256134033203,-0.18072599172592163,1.9116898775100708,-0.1353621482849121,0.08004453778266907,-0.4960905611515045,-1.7199041843414307,0.09107288718223572,-2.681436777114868,-0.1941646933555603,-0.29008251428604126,1.5510720014572144,1.091623067855835,0.36527320742607117
340,-0.21226024627685547,12.274580955505371,-19.319238662719727,-39.41778564453125,4.824879169464111,0.28269582986831665,-3.569767951965332,1.8181052207946777,-0.6598087549209595,-2.53918194770813,-0.5104907751083374,-0.003216981887817383,2.1371941566467285,-0.24212345480918884,-0.03130313754081726,-0.8073607683181763,-1.621059536933899,0.4593349099159241,-2.026027202606201,-0.15638382732868195,-0.33911874890327454,-0.7926228642463684,-0.8909385800361633,0.7521047592163086
341,-11.287654876708984,10.960273742675781,-12.014603614807129,-34.76748275756836,10.101734161376953,-1.7855428457260132,3.694324016571045,-0.46081089973449707,0.3638026714324951,2.4713830947875977,0.1288851797580719,-0.09805287420749664,2.0982370376586914,-0.38316336274147034,0.09802154451608658,-1.0669775009155273,-1.5042786598205566,0.2578044533729553,-1.7212320566177368,-0.3851304352283478,-0.24247346818447113,-2.0135884284973145,0.18888205289840698,0.09037968516349792
342,-5.645057678222656,3.65158748626709,-8.089816093444824,-29.291561126708984,20.0,-4.843756198883057,1.1966862678527832,5.006747722625732,-2.076378583908081,3.0102100372314453,-0.28021860122680664,-0.05895423889160156,2.195770740509033,-0.6115407943725586,0.13321174681186676,-1.4372464418411255,-1.2783114910125732,0.26536425948143005,-1.106502652168274,-0.35173770785331726,-0.0893872007727623,-3.6373767852783203,-1.3342108726501465,-1.0780742168426514
343,-18.31194496154785,17.66604232788086,-14.273134231567383,-37.4553108215332,20.0,-10.151314735412598,10.409817695617676,5.877801895141602,-3.384939670562744,12.153304100036621,0.33309900760650635,0.1315467357635498,2.1129891872406006,-0.49674656987190247,-0.09907259047031403,-1.5013054609298706,-1.1774953603744507,0.37449514865875244,-0.7078468203544617,0.08964785933494568,-0.40266716480255127,-2.8073935508728027,-0.8343772888183594,-1.1318403482437134
344,-8.411126136779785,11.844852447509766,-9.089885711669922,-15.94636344909668,20.0,-6.32963752746582,8.623878479003906,-5.485930442810059,5.239176273345947,6.518363952636719,0.23686620593070984,-0.027964115142822266,1.9679152965545654,-0.6452133059501648,-0.16426974534988403,-0.9189634919166565,-1.3238112926483154,-1.871137022972107,0.08980017155408859,0.010639388114213943,0.6626938581466675,-3.28762149810791,0.009234067052602768,-1.991385579109192
345,-15.704864501953125,17.014829635620117,-5.438760280609131,-5.7770795822143555,20.0,-3.868213653564453,16.536956787109375,-8.889457702636719,4.096865653991699,6.888727188110352,0.011531174182891846,0.14990878105163574,0.4870716333389282,-0.13744401931762695,0.19482536613941193,2.0248920917510986,-0.9043192267417908,-4.7204670906066895,1.1401106119155884,-0.3908923864364624,0.2307588905096054,-5.050957679748535,-0.5268107056617737,-1.8153215646743774
346,-49.2453727722168,5.82545280456543,1.2686073780059814,-8.316848754882812,13.525272369384766,-2.2286906242370605,66.29612731933594,-19.895238876342773,27.682384490966797,-29.409069061279297,-16.747434616088867,-8.132658958435059,-2.0123701095581055,0.5476675629615784,0.9539334177970886,7.321250915527344,3.8028175830841064,-3.6987838745117188,1.5766512155532837,0.013779699802398682,0.30551281571388245,1.1374008655548096,-2.5204684734344482,0.26024550199508667
347,-51.54572296142578,-8.430423736572266,6.2401227951049805,-13.204299926757812,-1.3009963035583496,0.31337833404541016,61.576751708984375,-15.603809356689453,29.88194465637207,-45.51457977294922,4.715784549713135,-8.420940399169922,-3.5130624771118164,0.8271321058273315,1.1185275316238403,8.326672554016113,1.5403416156768799,-1.967000126838684,2.5829529762268066,-0.0250595360994339,-0.3102107644081116,0.1328069269657135,-2.214068651199341,0.45704036951065063
348,-38.598812103271484,-6.012086868286133,3.3430685997009277,-16.522869110107422,-1.0913078784942627,0.2993701696395874,29.276636123657227,-18.905284881591797,27.404582977294922,-48.652679443359375,7.541967868804932,-1.8025822639465332,-4.894060134887695,0.22636814415454865,0.8026515245437622,5.351161956787109,0.0020556068047881126,0.8931686282157898,2.268508195877075,-0.038168713450431824,-0.266725093126297,-0.4038040339946747,-1.7327237129211426,0.06767967343330383
349,-7.665428161621094,-0.9939042925834656,-0.5910218954086304,-9.409503936767578,-0.42550933361053467,-0.008461952209472656,1.4039325714111328,-9.145757675170898,15.262690544128418,-36.05631637573242,10.193798065185547,1.162583351135254,-4.651091575622559,0.10862813889980316,0.22952252626419067,1.821448564529419,-0.3216822147369385,1.5393182039260864,2.3650476932525635,0.18995770812034607,-0.31081897020339966,-0.7780430316925049,-1.540582299232483,-0.06073533743619919
350,6.099321365356445,-1.327857255935669,-1.1792380809783936,-3.089632034301758,-0.11523348093032837,-0.0017247200012207031,-14.226640701293945,-6.610208511352539,12.74337100982666,-37.11723327636719,14.857198715209961,2.4994101524353027,-3.6488852500915527,-0.26449525356292725,-0.711086630821228,-1.7505029439926147,0.2637327313423157,2.973337411880493,2.585966110229492,0.3646460473537445,-0.34374138712882996,-1.2876214981079102,-1.3934590816497803,-0.0850665271282196
351,19.71771240234375,5.762747287750244,-3.1559276580810547,4.518501281738281,-0.012699246406555176,-0.1986680030822754,-29.344463348388672,-16.31550407409668,11.435223579406738,-29.595937728881836,20.0,6.082854270935059,-2.1444902420043945,-0.042854584753513336,-0.8442704677581787,-4.602787494659424,0.34603196382522583,3.320855140686035,2.5554897785186768,0.41815418004989624,-0.2476515918970108,-1.5430134534835815,-1.2673996686935425,-0.4259885549545288
352,26.986103057861328,11.20511245727539,-6.471112251281738,6.880931854248047,0.04849720001220703,-0.18244647979736328,-23.07904052734375,-9.341429710388184,5.082107067108154,-5.964822292327881,20.0,4.147143840789795,0.3342386484146118,0.5090991854667664,-0.7735224366188049,-8.521505355834961,0.9444855451583862,4.063034534454346,0.9629700183868408,0.16861647367477417,-0.13470695912837982,1.8033331632614136,0.28420358896255493,1.1912227869033813
353,64.74429321289062,20.416645050048828,-27.684913635253906,-23.250123977661133,-20.0,10.26135540008545,-60.327884674072266,-10.08511734008789,1.7215508222579956,-14.000045776367188,8.238218307495117,1.7791521549224854,2.9107577800750732,1.7185240983963013,0.9424261450767517,-3.388108730316162,12.872512817382812,-1.816474199295044,-1.5618903636932373,-0.23742157220840454,-0.2921224534511566,6.817863941192627,4.050737380981445,1.7380750179290771
354,24.477270126342773,28.06108856201172,-36.561378479003906,-70.10649871826172,0.47198486328125,10.271470069885254,-24.956092834472656,0.17965616285800934,2.5484819412231445,-9.702018737792969,-1.2565089464187622,-0.1987752914428711,1.748945951461792,-0.2594115436077118,0.3004928529262543,0.6766432523727417,-2.358858108520508,0.2571001350879669,-2.3622169494628906,0.04405108094215393,1.8012635707855225,5.505410194396973,0.4582803249359131,2.1613245010375977
355,38.74907684326172,25.915851593017578,-32.95539855957031,-48.50044631958008,5.5617218017578125,3.644109010696411,-39.734962463378906,3.2953600883483887,-5.515881538391113,-12.442869186401367,-0.7297694683074951,-0.18895244598388672,1.877576231956482,-0.2605571150779724,0.09257125109434128,-0.08689156174659729,-1.8667527437210083,0.3134533762931824,-3.347675323486328,-0.10072159767150879,0.8013923168182373,2.877906322479248,0.7849287390708923,0.7718563675880432
356,7.269763946533203,13.928311347961426,-18.26957893371582,-34.708885192871094,4.091228485107422,4.158388614654541,-5.952627182006836,1.4563286304473877,-2.829996109008789,-2.6142120361328125,-0.1418144702911377,-0.05233132839202881,2.039865493774414,-0.2515268325805664,0.17240892350673676,-0.20950251817703247,-1.8583412170410156,0.03964398056268692,-3.2747578620910645,-0.4135543406009674,0.26065757870674133,1.6621521711349487,1.9359703063964844,0.2116103172302246
357,-7.940669536590576,15.818198204040527,-19.602109909057617,-49.359474182128906,5.280683517456055,4.7520294189453125,3.905074119567871,4.064702033996582,-3.0341033935546875,0.3260625898838043,-0.40407490730285645,0.04155254364013672,2.3087000846862793,-0.22151044011116028,0.08437798172235489,-0.608745276927948,-1.7127965688705444,0.04594340920448303,-2.47609543800354,-0.31416064500808716,-0.15537449717521667,-0.36409643292427063,0.6311553716659546,0.5701993703842163
358,-9.784454345703125,18.058292388916016,-15.848968505859375,-41.70743942260742,11.356433868408203,-0.04703231155872345,3.3796987533569336,-0.9447994232177734,0.3059331178665161,3.3688502311706543,-0.14819058775901794,-0.06337279081344604,2.403059959411621,-0.40138357877731323,0.08669377118349075,-1.0062016248703003,-1.6022517681121826,0.04130277782678604,-2.0702197551727295,-0.6551974415779114,-0.3552354872226715,-1.2698192596435547,0.11574200540781021,0.10348208248615265
359,-19.905597686767578,12.713323593139648,-15.481769561767578,-45.736610412597656,13.819971084594727,-0.3473969101905823,9.702789306640625,5.297098159790039,-2.090319871902466,5.55036735534668,-0.08750629425048828,-0.0128096342086792,2.436227798461914,-0.35601750016212463,0.0842602401971817,-1.4052586555480957,-1.4250329732894897,-0.03912267088890076,-1.3419246673583984,-0.26546865701675415,-0.2792210280895233,-2.55071759223938,-0.8730267286300659,-0.2820100784301758
360,-12.07532024383545,15.20164680480957,-11.593894004821777,-32.27997589111328,20.0,-5.349018096923828,9.113945007324219,3.2195892333984375,-1.3139829635620117,8.71519660949707,0.24672859907150269,0.021228790283203125,2.676299571990967,-0.4734323024749756,-0.05737913027405739,-1.6223739385604858,-1.3126529455184937,0.06508824974298477,-0.4928164780139923,-0.17175927758216858,-0.36466583609580994,-2.5709407329559326,-0.45534250140190125,-0.6116102933883667
361,-18.8338623046875,2.7627267837524414,-2.908090114593506,-19.796417236328125,20.0,-6.563297271728516,11.788634300231934,1.7737696170806885,0.34866955876350403,5.204164505004883,-0.03467702865600586,-0.044266700744628906,2.378248691558838,-0.6351757645606995,-0.012015653774142265,-1.436179280281067,-1.2520209550857544,-0.9771565198898315,0.331579327583313,-0.23332232236862183,-0.06357654184103012,-4.220643043518066,-1.432124137878418,-2.0812041759490967
362,-26.269630432128906,8.987223625183105,-3.5951976776123047,-17.140596389770508,20.0,-4.873891353607178,21.183475494384766,-2.352654218673706,2.6728315353393555,10.004209518432617,0.40293794870376587,0.1280064582824707,1.7000234127044678,-0.558478057384491,-0.15215373039245605,-0.16575883328914642,-1.0713087320327759,-2.3465514183044434,1.4342113733291626,-0.08610345423221588,0.39735275506973267,-2.910964012145996,3.4825034141540527,-3.5212371349334717
363,-39.04655838012695,-2.6576590538024902,6.496852874755859,0.511932373046875,11.878595352172852,-2.630377769470215,52.46023178100586,-21.80838394165039,21.716833114624023,-58.709716796875,3.378919839859009,-3.9908862113952637,-1.3612196445465088,0.678663432598114,0.8853430151939392,5.884735107421875,3.4001846313476562,-3.2049107551574707,1.7629468441009521,-0.05268838629126549,0.13062684237957,0.3789215683937073,-2.3532004356384277,0.830822765827179
364,-58.54863739013672,-11.717876434326172,8.260703086853027,-9.663837432861328,-1.0878450870513916,0.2569401264190674,73.57948303222656,-14.061556816101074,27.010652542114258,-40.556278228759766,3.104184150695801,-3.063599109649658,-3.925947904586792,1.0137534141540527,1.0517926216125488,10.567853927612305,2.044058084487915,-1.6432976722717285,2.3773326873779297,0.1900785267353058,-0.48715513944625854,-0.25545138120651245,-1.8162479400634766,-0.04204321280121803
365,-38.24104309082031,0.28914475440979004,-0.7062187790870667,-22.548128128051758,-1.2767086029052734,0.2551362216472626,29.83972930908203,-13.209846496582031,28.644298553466797,-41.731224060058594,1.266360878944397,-1.4178192615509033,-4.503496170043945,0.3924233019351959,0.03043067641556263,5.379635810852051,0.4974607527256012,-0.1403171569108963,2.365402936935425,0.20419777929782867,-0.48645585775375366,-0.8302946090698242,-1.4529767036437988,-0.10342855751514435
366,-18.069108963012695,-2.885946750640869,2.5761213302612305,-13.177017211914062,-0.69660484790802,0.07824873924255371,9.293588638305664,-15.322318077087402,23.72012710571289,-39.762718200683594,8.88136100769043,0.43671169877052307,-4.450836181640625,-0.28407347202301025,0.07885529100894928,0.28327178955078125,0.3427593410015106,1.2706482410430908,2.2465341091156006,0.021198920905590057,-0.16681672632694244,-1.1530221700668335,-1.222693681716919,-0.07948129624128342
367,0.6881027221679688,-0.47325801849365234,0.02878725528717041,1.7232599258422852,-0.23380613327026367,-0.02155447006225586,-3.013063430786133,-11.111068725585938,19.482975006103516,-36.25538635253906,20.0,3.0296378135681152,-3.87638258934021,-0.29741930961608887,-0.33405089378356934,-1.274764060974121,-0.23667965829372406,2.5903139114379883,2.572890281677246,0.17575544118881226,-0.26654553413391113,-1.6576716899871826,-1.0460271835327148,-0.25838765501976013
368,18.084810256958008,0.8449015617370605,-1.423691749572754,5.440066337585449,-0.010396957397460938,-0.1467728614807129,-21.198711395263672,-9.08355712890625,12.3721342086792,-29.557064056396484,20.0,4.702305793762207,-2.2428386211395264,-0.3032166361808777,-0.8362777233123779,-3.2267348766326904,-1.2095144987106323,3.350918769836426,2.944934129714966,0.35961270332336426,-0.2595318853855133,-2.1645760536193848,-1.1189903020858765,-0.32299894094467163
369,24.28644561767578,9.365527153015137,-3.969017267227173,6.282140731811523,0.32217562198638916,-0.29705381393432617,-27.23172378540039,-13.825303077697754,6.3730926513671875,-14.50696849822998,20.0,4.559484481811523,-0.44994404911994934,0.26092931628227234,-0.28578981757164,-6.418867588043213,0.49438345432281494,2.87431001663208,1.928350567817688,0.11983051151037216,-0.12848062813282013,-0.23109352588653564,-0.35534077882766724,0.7568955421447754
370,40.57989501953125,10.943727493286133,-8.403873443603516,16.338491439819336,0.2592112720012665,-0.10873126983642578,-41.125911712646484,-7.9023847579956055,1.2396132946014404,-19.509613037109375,20.0,4.933248996734619,1.8932421207427979,0.8661560416221619,-0.8750152587890625,-8.115142822265625,0.09593110531568527,3.508111000061035,0.6226467490196228,0.2294352501630783,-0.3260154128074646,2.2256484031677246,1.159250020980835,0.6233322620391846
371,50.425655364990234,13.042801856994629,-28.456707000732422,-32.15477752685547,-19.844606399536133,9.275421142578125,-48.67127990722656,-2.5084705352783203,-0.4278056025505066,-6.662403106689453,1.9570097923278809,0.5495686531066895,2.5526375770568848,1.388527750968933,0.9694153070449829,-2.947406053543091,10.22523307800293,-1.1069791316986084,-2.1212844848632812,-0.23699012398719788,0.057311516255140305,6.638117790222168,4.176082134246826,2.9203686714172363
372,33.45247268676758,27.143890380859375,-35.06196212768555,-49.798118591308594,-3.4601035118103027,17.7451171875,-30.245452880859375,-0.34415000677108765,0.9260878562927246,-10.943607330322266,-1.4445948600769043,-0.3342008590698242,1.7583682537078857,0.05108658969402313,-0.09181906282901764,0.3117288053035736,-2.011227607727051,-4.302663803100586,-2.99397349357605,0.04760446399450302,1.2583510875701904,5.698746204376221,-0.7078374624252319,1.892089605331421
373,12.606061935424805,13.336407661437988,-24.25046157836914,-41.64110565185547,-7.401425361633301,12.362327575683594,-13.339700698852539,7.765081882476807,-6.747797966003418,-7.096056938171387,-0.13393211364746094,-0.09172439575195312,1.612457036972046,0.1341640204191208,-0.06234387308359146,0.6599320769309998,-2.1521313190460205,-1.370867371559143,-2.8962254524230957,0.1451071798801422,0.1586829125881195,3.7364046573638916,0.6687554121017456,1.5861889123916626
374,-4.372464179992676,8.009844779968262,-18.813358306884766,-43.11699676513672,-7.643566131591797,8.34077262878418,-0.06240558624267578,0.7037466168403625,-0.6826328039169312,-5.223450183868408,-0.2814643383026123,-0.14219141006469727,1.721602201461792,-0.07352638244628906,0.06621314585208893,0.5387528538703918,-2.196603298187256,-0.015339814126491547,-2.1724696159362793,-0.28948530554771423,-0.20466265082359314,0.9626280665397644,0.46846503019332886,1.16560959815979
375,5.0950469970703125,14.8582763671875,-21.153282165527344,-46.46821212768555,4.560137748718262,2.6307408809661865,-9.842255592346191,-1.4318475723266602,0.9160761833190918,-3.57354736328125,-0.5817217826843262,-0.1558360457420349,2.1344640254974365,-0.21426865458488464,0.23701360821723938,-0.2752113938331604,-1.8765918016433716,0.11242379248142242,-1.7741748094558716,-0.46522000432014465,0.03914874419569969,-1.9288734197616577,-1.4341871738433838,0.28657305240631104
376,-16.85055160522461,11.43537425994873,-18.80415916442871,-49.52323913574219,9.401519775390625,0.7377275824546814,6.3490495681762695,8.275409698486328,-4.439623832702637,6.805944442749023,0.14963340759277344,-0.014909803867340088,2.036123275756836,-0.1369709074497223,0.01298174262046814,-0.5966030359268188,-1.7136685848236084,-0.08220735937356949,-1.3320907354354858,0.07555144280195236,-0.25213128328323364,-2.8309030532836914,-1.1885417699813843,-0.4037361443042755
377,-4.596184253692627,7.205499649047852,-7.62706995010376,-27.907155990600586,15.224668502807617,-4.183652877807617,4.975766181945801,2.66882061958313,-0.5915507674217224,8.464962005615234,0.3627157211303711,-0.04510951042175293,2.190002918243408,-0.6010661721229553,-0.006883753463625908,-0.7178294658660889,-1.650330901145935,0.11834323406219482,-0.980239748954773,-0.1568307876586914,0.08026647567749023,-1.910129189491272,0.2809968888759613,-1.8395181894302368
378,-27.82559585571289,10.034045219421387,-6.4510817527771,-22.274398803710938,17.533937454223633,-4.087088584899902,19.740631103515625,-0.09924206137657166,0.195235013961792,5.8925981521606445,0.1250380277633667,0.17393255233764648,1.9205316305160522,-0.4260522723197937,-0.14060267806053162,-0.47173044085502625,-1.8280417919158936,-0.1911989152431488,0.15196992456912994,0.09212754666805267,-0.06336522102355957,-4.016712665557861,0.8150473833084106,-1.4562654495239258
379,-15.692449569702148,6.8723063468933105,-1.454026699066162,-8.284172058105469,16.451507568359375,-3.837521553039551,15.598647117614746,-11.066720962524414,7.685538291931152,5.59449577331543,-0.22195768356323242,-0.021265506744384766,1.2989003658294678,-0.617727518081665,-0.12690451741218567,0.9530017971992493,-1.6745946407318115,-2.227247714996338,1.5778815746307373,-0.4993138015270233,0.5500893592834473,-4.235528469085693,1.9859247207641602,-3.209782123565674
380,-31.973459243774414,-0.14264322817325592,5.415896415710449,-8.586533546447754,12.423338890075684,-2.9136404991149902,31.838787078857422,-7.907764434814453,12.720497131347656,-55.434818267822266,3.0641307830810547,-7.757444858551025,0.13911305367946625,0.26689794659614563,0.3506390452384949,3.240304470062256,0.532826840877533,-2.1541929244995117,1.6919877529144287,-0.013749390840530396,0.1033138707280159,0.6871730089187622,-2.276728391647339,0.35956209897994995
381,-41.512237548828125,-13.237598419189453,9.327037811279297,-1.414337158203125,-0.4435698390007019,0.13936305046081543,38.24560546875,-23.012338638305664,27.620668411254883,-73.56373596191406,4.422583103179932,-0.7505643367767334,-2.82442045211792,0.4352571964263916,0.8759878277778625,9.218976020812988,0.417610764503479,-0.7837087512016296,1.9238572120666504,0.032102055847644806,-0.510111927986145,-0.17153286933898926,-1.7801356315612793,0.036887072026729584
382,-39.386390686035156,-1.9458285570144653,1.6379222869873047,-14.853439331054688,-0.8048626184463501,0.08276942372322083,33.58436584472656,-21.9608154296875,31.845003128051758,-50.55879211425781,6.1909027099609375,0.09734402596950531,-3.8216710090637207,0.3377247452735901,0.806386411190033,7.874648094177246,-0.06309761852025986,-0.12913306057453156,2.0330705642700195,0.2049017995595932,-0.4367172122001648,-0.7188300490379333,-1.4043066501617432,-0.07280449569225311
383,-25.85930633544922,2.528693675994873,-1.0072104930877686,-21.237449645996094,-0.768386721611023,0.06732523441314697,15.36607837677002,-12.33607006072998,25.44742774963379,-43.04677200317383,11.335227966308594,0.9181761741638184,-3.310438394546509,0.13548479974269867,0.5641567707061768,0.5921708941459656,0.4310125410556793,0.5097488760948181,2.328030586242676,0.11280472576618195,-0.5015920996665955,-1.5793333053588867,-0.9453681707382202,-0.06370313465595245
384,1.2760448455810547,-4.753375053405762,0.4007346034049988,-0.06335973739624023,-0.2615370750427246,0.09490299224853516,-4.974280834197998,-5.180933952331543,14.559877395629883,-30.988433837890625,17.756223678588867,4.410322666168213,-2.5718343257904053,-0.5020360946655273,-0.27078932523727417,-1.2858985662460327,-0.6521324515342712,2.4719250202178955,2.588024377822876,0.33090630173683167,-0.32585591077804565,-1.890954613685608,-0.8236142992973328,-0.35335052013397217
385,-0.8159704208374023,2.18993878364563,-0.433987021446228,0.3952302932739258,-0.09893721342086792,-0.1839308738708496,-7.255663871765137,-7.348438262939453,17.27890968322754,-18.65746307373047,20.0,4.212654113769531,-2.2533318996429443,-0.3293023407459259,-0.23438599705696106,-3.3094213008880615,-0.34966185688972473,2.7926390171051025,2.284400701522827,0.40202057361602783,-0.23969930410385132,-1.847987413406372,-0.7819581627845764,-0.6241744160652161
386,19.68790054321289,13.170384407043457,-8.872896194458008,4.678775787353516,0.022181153297424316,-0.1173253059387207,-20.52777099609375,-15.276358604431152,11.49905776977539,-12.07379150390625,20.0,5.10067892074585,-0.2782506048679352,0.03188031166791916,-1.0371001958847046,-6.588642120361328,-0.4296647608280182,3.216895818710327,1.8508036136627197,0.5020042061805725,-0.1309746503829956,-0.668182373046875,-0.3016990125179291,-0.16289755702018738
387,42.654014587402344,16.05514907836914,-9.243002891540527,14.387626647949219,0.326368123292923,-0.15588712692260742,-39.289756774902344,-8.376574516296387,0.9349931478500366,-10.645130157470703,20.0,4.794902801513672,1.9475295543670654,1.460289478302002,0.08190441131591797,-3.6849899291992188,10.02471923828125,-0.3326559066772461,-0.37574154138565063,0.35832321643829346,-0.4055618643760681,3.9548912048339844,1.984910249710083,1.5251129865646362
388,48.529693603515625,23.516952514648438,-35.35065460205078,-50.41594696044922,-20.0,13.099161148071289,-50.90513229370117,1.6661906242370605,-1.2511403560638428,-6.792301177978516,-0.790725588798523,-0.10659122467041016,2.2712793350219727,-0.1963513195514679,-0.6457318067550659,-0.785111129283905,-1.4761587381362915,-7.376481533050537,-2.99558424949646,-0.07617960125207901,0.6740761399269104,8.359588623046875,1.0968683958053589,2.2654316425323486
389,38.97996139526367,30.99184226989746,-36.66415786743164,-54.431419372558594,-0.8437848091125488,5.136565208435059,-40.71904754638672,0.25884318351745605,-1.9214699268341064,-15.379985809326172,-1.0352091789245605,-0.1766033172607422,1.9388656616210938,-0.20382186770439148,0.11556489765644073,-0.3987736999988556,-1.647402048110962,0.31838464736938477,-3.945406198501587,-0.13076923787593842,0.6729766726493835,5.830101490020752,-0.5647697448730469,2.1998071670532227
390,12.12782096862793,17.351219177246094,-24.21398162841797,-29.74236297607422,-2.8818442821502686,5.365264415740967,-14.491615295410156,-2.4847588539123535,0.0860903263092041,-12.375768661499023,-0.21515297889709473,-0.26232147216796875,2.1291449069976807,0.008905276656150818,0.029771331697702408,-0.46441900730133057,-1.657382845878601,0.09827105700969696,-3.4442148208618164,-0.0676354318857193,0.44427862763404846,1.3689937591552734,1.4058127403259277,0.7741203904151917
391,-14.232874870300293,4.342360973358154,-12.382596969604492,-41.11708450317383,0.6360001564025879,4.550169944763184,7.889634609222412,6.866381645202637,-5.333215236663818,1.5453534126281738,-0.12648224830627441,-0.01911008358001709,2.097304344177246,-0.06788656860589981,0.000572696328163147,-0.5401821732521057,-1.6465656757354736,0.06732567399740219,-2.9083592891693115,-0.28982189297676086,-0.44004005193710327,0.15345431864261627,1.4187557697296143,0.3001876175403595
392,-3.0679359436035156,10.524969100952148,-16.83269691467285,-39.44488525390625,10.20583724975586,0.6221290230751038,-0.43001461029052734,4.173562526702881,-1.617133378982544,0.034755706787109375,-0.50679612159729,-0.06058913469314575,2.644347667694092,-0.05150764435529709,0.10349726676940918,-1.149714469909668,-1.5395351648330688,-0.023138612508773804,-1.971501111984253,0.1278049349784851,-0.0831250548362732,-2.277170181274414,-0.6050107479095459,-0.45590996742248535
393,-18.324989318847656,13.56788158416748,-13.957606315612793,-36.029197692871094,18.567779541015625,-2.4568395614624023,8.143817901611328,2.3860666751861572,-1.348968505859375,8.136847496032715,0.2289278507232666,0.05679750442504883,2.318993330001831,-0.316345751285553,-0.1123487576842308,-1.2947752475738525,-1.412320613861084,-0.09590885043144226,-1.8443821668624878,-0.1240147203207016,-0.4304048418998718,-2.068948745727539,0.3946571946144104,-0.5496069192886353
394,-15.43979549407959,6.459008693695068,-5.104757785797119,-17.941341400146484,20.0,-6.238655090332031,11.271824836730957,1.3849306106567383,0.13042664527893066,5.087628364562988,-0.05130145698785782,-0.0020897388458251953,2.120133399963379,-0.361994206905365,-0.09111183881759644,-1.029996395111084,-1.4387781620025635,-0.5209860801696777,-1.0315842628479004,-0.1447673738002777,-0.322650671005249,-3.294255256652832,-0.11297387629747391,-1.3552320003509521
395,-10.737103462219238,9.880226135253906,-6.5662312507629395,-16.67711639404297,20.0,-5.957598686218262,10.659820556640625,-5.870024681091309,4.3892669677734375,6.860368728637695,-0.048992156982421875,0.018717288970947266,2.0890796184539795,-0.4483475983142853,-0.0233684740960598,-0.5416273474693298,-1.6523278951644897,-2.746004581451416,0.01575407013297081,-0.48104310035705566,0.13626548647880554,-4.253751277923584,-1.1736462116241455,-2.162107467651367
396,-39.082054138183594,-0.9598705768585205,7.298549652099609,-10.329774856567383,20.0,-4.738343238830566,42.66112518310547,-6.72756814956665,9.927205085754395,-17.867525100708008,-15.323055267333984,6.04861307144165,-0.36219632625579834,-0.39075717329978943,0.5059841275215149,3.9970502853393555,1.1305270195007324,-2.7541728019714355,2.1651854515075684,-0.998413622379303,-0.2068815529346466,-1.937151312828064,7.127455711364746,-4.83945369720459
397,-54.298736572265625,-4.165484428405762,3.0783019065856934,-6.836936950683594,-0.4783048629760742,0.18502235412597656,62.436767578125,-26.968135833740234,32.504425048828125,-76.51184844970703,-0.24476194381713867,-3.148974657058716,-3.3585102558135986,0.9109747409820557,1.0752415657043457,9.200881958007812,3.109424114227295,-2.7007076740264893,1.5842986106872559,0.15410180389881134,0.03644555062055588,0.5366394519805908,-2.2385828495025635,0.5898101329803467
398,-44.211280822753906,-6.911014556884766,4.332754611968994,-14.760971069335938,-1.3502105474472046,0.2884023189544678,51.51233673095703,-13.913369178771973,28.092985153198242,-45.206932067871094,-1.8077356815338135,-2.6076598167419434,-4.409870624542236,0.63669353723526,0.3921830654144287,8.801247596740723,-0.2062433511018753,-0.8119174242019653,2.2621190547943115,0.19655846059322357,-0.40831810235977173,-0.19228574633598328,-1.8738290071487427,0.12558624148368835
399,-17.529510498046875,-3.248342990875244,2.2986230850219727,-17.233312606811523,-0.58138108253479,0.11304180324077606,6.94947624206543,-14.986063957214355,19.973167419433594,-47.389976501464844,-1.6333765983581543,1.5346752405166626,-4.284541606903076,0.07481567561626434,0.3131093680858612,3.3372817039489746,0.3210899233818054,0.10820642113685608,2.259634494781494,0.08736566454172134,-0.24541938304901123,-0.6376816034317017,-1.6386375427246094,0.0855131521821022
400,-8.029329299926758,-11.529815673828125,6.249235153198242,-5.823835849761963,-0.39268791675567627,0.055422306060791016,-0.33695220947265625,-6.21531867980957,16.674043655395508,-48.386451721191406,11.232765197753906,2.3233354091644287,-4.069231033325195,-0.8557348847389221,0.24730826914310455,-0.08073191344738007,0.2715366780757904,1.9124913215637207,2.270338296890259,0.015147097408771515,-0.09827038645744324,-1.076378345489502,-1.3002231121063232,0.03846634924411774
401,6.888827323913574,-1.2644977569580078,0.29391950368881226,1.249979019165039,-0.22110313177108765,-0.09811830520629883,-13.826411247253418,-8.1150541305542,13.825875282287598,-42.06596374511719,20.0,3.068328380584717,-3.081676483154297,-0.7436193823814392,-0.1296631395816803,-2.6127936840057373,-0.49618229269981384,2.873824119567871,2.57629656791687,0.2921072542667389,-0.15003173053264618,-1.8011305332183838,-1.0286623239517212,-0.05897700786590576
402,26.32328224182129,16.615774154663086,-10.493856430053711,4.345161437988281,0.10201691836118698,-0.1213226318359375,-35.980018615722656,-23.080547332763672,11.519962310791016,-26.707237243652344,20.0,4.887155532836914,-1.0856579542160034,-0.1467791199684143,-0.8635991811752319,-6.500500202178955,0.0035124088171869516,3.251894235610962,2.4139950275421143,0.32156872749328613,-0.14827720820903778,-1.6337342262268066,-0.8680602312088013,0.8032499551773071
403,31.90218162536621,8.737936019897461,-4.969478607177734,14.358455657958984,0.30314064025878906,-0.21134281158447266,-31.786739349365234,-13.068958282470703,2.5263123512268066,-12.825440406799316,20.0,4.3331828117370605,0.7816179990768433,0.39397430419921875,-0.7463046312332153,-7.909471035003662,0.6499586701393127,3.602562427520752,0.7973721027374268,0.13209111988544464,-0.30291545391082764,1.2160065174102783,0.6235164403915405,0.9760923385620117
404,47.86171340942383,21.057979583740234,-14.120661735534668,18.416275024414062,0.2852153778076172,-0.15282821655273438,-40.494972229003906,-7.390666961669922,0.912641704082489,-5.29951286315918,8.256254196166992,1.8065686225891113,3.4971604347229004,1.3681336641311646,-0.6476764678955078,-7.160956382751465,3.815021514892578,1.8646821975708008,-1.7232215404510498,-0.023818492889404297,-0.2911662459373474,6.388995170593262,3.5201175212860107,2.610919713973999
405,35.267887115478516,24.56350326538086,-32.3908805847168,-34.68358612060547,-19.353334426879883,13.286846160888672,-37.769317626953125,-4.531501293182373,2.640275478363037,-12.113277435302734,-1.269972801208496,-0.3158690929412842,1.737446904182434,-0.2407159060239792,-0.5171599388122559,0.18572291731834412,-1.8687607049942017,-5.822163105010986,-3.0559659004211426,-0.31008821725845337,1.1241207122802734,6.755051612854004,-0.25156915187835693,1.8891509771347046
406,13.470780372619629,21.92489242553711,-30.287588119506836,-43.77001953125,-3.085712432861328,9.464579582214355,-13.952781677246094,2.496666669845581,-3.1157801151275635,-9.919346809387207,-0.39680737257003784,-0.12923192977905273,1.509193778038025,0.07511677592992783,-0.08184550702571869,0.913060188293457,-2.3662567138671875,0.04290028661489487,-2.6316490173339844,0.011513534933328629,0.7568007111549377,3.4303293228149414,-0.04660819470882416,1.7945454120635986
407,10.105874061584473,13.014259338378906,-16.216991424560547,-44.58364486694336,1.6160814762115479,4.49399995803833,-12.78357219696045,4.7357048988342285,-4.4980788230896,-4.497954368591309,-0.21167349815368652,-0.15822935104370117,1.6830018758773804,-0.1352086067199707,-0.01047275960445404,0.35753050446510315,-2.1031477451324463,0.09567093849182129,-2.8566789627075195,-0.30164986848831177,0.2811141014099121,1.991288661956787,0.7019540071487427,0.6704192757606506
408,-16.265945434570312,11.786590576171875,-16.333389282226562,-51.78138732910156,1.8805391788482666,5.001299858093262,7.081722259521484,6.363825798034668,-4.63410758972168,-0.2560204863548279,-0.15877938270568848,-0.03246963024139404,1.7598514556884766,0.04739347845315933,0.03726547211408615,-0.060724321752786636,-1.95425283908844,-0.1022956520318985,-2.2191450595855713,-0.03279010206460953,-0.1915576308965683,-0.30589595437049866,0.5512893199920654,0.12765955924987793
409,11.359335899353027,10.661614418029785,-11.961140632629395,-33.22319030761719,13.84391975402832,-1.8100600242614746,-8.553790092468262,1.7949367761611938,-0.6045649647712708,0.4032440185546875,-0.3006178140640259,-0.0643543004989624,2.3227486610412598,-0.38595059514045715,0.1672702133655548,-0.6345999240875244,-1.730739712715149,0.2599030137062073,-1.7018903493881226,-0.33025792241096497,0.10180773586034775,-1.4617414474487305,-0.14779719710350037,-0.8198292255401611
410,-12.98495101928711,10.618682861328125,-12.97464370727539,-38.59259033203125,19.669322967529297,-4.297834873199463,4.454442977905273,4.992223739624023,-3.177210807800293,3.7829246520996094,-0.15950965881347656,0.10777509212493896,2.382859706878662,-0.5045584440231323,-0.0034619197249412537,-1.148100733757019,-1.5290776491165161,0.08270376920700073,-0.9824667572975159,-0.40599799156188965,-0.4357767105102539,-3.255481481552124,-1.1184110641479492,-0.817973792552948
411,-15.69327163696289,10.005363464355469,-11.401002883911133,-24.698532104492188,20.0,-7.216428279876709,9.933846473693848,1.4414855241775513,-0.07379400730133057,7.183841705322266,0.14511322975158691,0.039515018463134766,2.4250755310058594,-0.37026891112327576,0.09600017964839935,-1.2163512706756592,-1.5032795667648315,-0.1715417355298996,-0.13079911470413208,-0.005080651491880417,-0.17398478090763092,-4.544600486755371,-0.8452295064926147,-1.289158582687378
412,-28.558870315551758,10.10183048248291,-5.887438774108887,-18.143850326538086,20.0,-4.99084997177124,23.224937438964844,-7.818728923797607,6.791163444519043,8.52505874633789,0.15388667583465576,-0.022136211395263672,1.5784677267074585,-0.49613797664642334,-0.15516828000545502,0.15944631397724152,-1.2975443601608276,-2.4295408725738525,1.3230341672897339,-0.29861533641815186,0.5160883069038391,-4.66163969039917,3.9359874725341797,-3.881377696990967
413,-30.153337478637695,1.7605525255203247,6.809902667999268,-3.6374359130859375,15.014710426330566,-3.5121145248413086,33.728572845458984,-19.41368865966797,19.23324203491211,-76.97252655029297,-1.1733689308166504,-13.185321807861328,-0.0999428853392601,0.47510474920272827,0.6412350535392761,3.586235523223877,1.5480090379714966,-4.0124945640563965,2.060790777206421,0.13590103387832642,0.4262484908103943,-0.12954869866371155,-2.4133784770965576,0.9913207292556763
414,-55.748191833496094,-14.779658317565918,10.769834518432617,-3.8313636779785156,-0.650766134262085,0.3291206359863281,68.71659851074219,-20.594018936157227,28.05921173095703,-45.374244689941406,3.156935214996338,-3.26613187789917,-3.6427032947540283,0.6612675786018372,1.2703766822814941,11.355770111083984,1.3414798974990845,-1.5072336196899414,2.2467446327209473,0.035831794142723083,-0.33351337909698486,-0.28383368253707886,-1.7547000646591187,0.11272628605365753
415,-43.892974853515625,-1.2959997653961182,1.1724863052368164,-24.650646209716797,-1.2311640977859497,0.17696213722229004,41.68790817260742,-9.656877517700195,23.69548225402832,-24.772449493408203,3.1079978942871094,-2.2077531814575195,-3.9945335388183594,0.2610829174518585,0.8984057307243347,6.286899566650391,0.12531982362270355,-0.5523166060447693,2.3950510025024414,-0.004282206296920776,-0.3481428623199463,-0.6179044842720032,-1.575360655784607,-0.03404765576124191
416,-21.664993286132812,0.07557916641235352,-1.030081868171692,-14.774142265319824,-0.6572182178497314,0.19095420837402344,15.011316299438477,-8.977180480957031,17.873226165771484,-35.03496170043945,5.895750045776367,1.3065555095672607,-4.007553577423096,0.04855687916278839,0.2788628339767456,1.813138723373413,-0.14273497462272644,1.3346850872039795,2.4702210426330566,0.26006844639778137,-0.21085011959075928,-1.0993518829345703,-1.2451156377792358,-0.015462592244148254
417,1.0526771545410156,-2.2266838550567627,1.0128285884857178,-3.140488624572754,-0.21988940238952637,-0.028995513916015625,-8.3635835647583,-10.47741413116455,13.13102912902832,-39.308692932128906,13.434556007385254,4.132019519805908,-3.33956241607666,-0.5036249756813049,-0.315014123916626,-1.3906570672988892,-0.07680657505989075,2.6700522899627686,2.7678091526031494,0.17643380165100098,-0.39263588190078735,-1.6199584007263184,-1.1326954364776611,-0.06561800837516785
418,23.352218627929688,3.0856733322143555,-3.861257553100586,5.496344566345215,0.0381317138671875,-0.15170812606811523,-32.70716857910156,-4.111771583557129,8.751382827758789,-23.980281829833984,18.01934242248535,5.2273173332214355,-2.044377565383911,-0.28940194845199585,-0.9767071604728699,-2.9968314170837402,-1.2185869216918945,2.9485583305358887,2.57137393951416,0.48872101306915283,-0.27099812030792236,-1.6647863388061523,-1.128589391708374,-0.3758149743080139
419,25.59044075012207,13.349361419677734,-6.82031774520874,2.1097412109375,0.07892215251922607,-0.1670823097229004,-28.393596649169922,-13.480884552001953,4.3393120765686035,-12.281135559082031,20.0,4.659408092498779,0.3196502923965454,0.3997642695903778,-0.6874619126319885,-8.381421089172363,-0.723495602607727,3.685443878173828,1.1289445161819458,0.24334803223609924,-0.17073889076709747,0.8797662258148193,-0.12697671353816986,1.4929653406143188
420,45.800994873046875,16.900039672851562,-12.110077857971191,16.063655853271484,0.40175163745880127,-0.1423511505126953,-42.248443603515625,-3.4825425148010254,-0.4985314607620239,-6.899127960205078,12.121540069580078,2.562899112701416,2.834416627883911,1.5203869342803955,-0.3481574058532715,-7.76763916015625,8.340951919555664,1.0363540649414062,-1.7219712734222412,0.212807297706604,-0.22896549105644226,6.063233852386475,3.048354387283325,1.9233393669128418
421,42.38534927368164,21.52362632751465,-33.80033493041992,-39.653018951416016,-20.0,14.251497268676758,-44.05876541137695,-2.369957447052002,2.477238655090332,-11.679498672485352,-1.1610647439956665,-0.23810505867004395,1.567563772201538,-0.4775921702384949,-1.1720218658447266,-0.22797754406929016,-1.0856019258499146,-7.155596733093262,-3.2230372428894043,-0.174358531832695,1.1653972864151,7.170331954956055,0.02571694552898407,1.6678334474563599
422,18.300249099731445,25.01399040222168,-28.598604202270508,-49.61665344238281,-6.3773932456970215,7.415275573730469,-16.521373748779297,5.955557823181152,-5.492260932922363,-10.65365982055664,-0.48891180753707886,-0.06774735450744629,1.6674031019210815,0.007133655250072479,-0.18025916814804077,0.8290684819221497,-2.3116042613983154,0.19962075352668762,-2.5992274284362793,0.10447636991739273,0.3887191414833069,3.606130599975586,-0.08297324925661087,1.805431604385376
423,-8.342140197753906,16.694576263427734,-22.43172264099121,-61.591670989990234,-7.076163291931152,8.272839546203613,-1.8245744705200195,0.6981147527694702,-2.1703262329101562,-3.622386932373047,-0.18322467803955078,-0.13080716133117676,2.080104351043701,0.024462632834911346,0.13286300003528595,-0.052815161645412445,-2.0268092155456543,-0.025488853454589844,-2.1873533725738525,-0.4030904173851013,-0.11781085282564163,1.102830410003662,0.15134473145008087,1.4362156391143799
424,-5.521939277648926,5.3018341064453125,-13.526103019714355,-44.86859130859375,3.5678515434265137,2.721607208251953,-1.2942333221435547,7.198202610015869,-3.43815279006958,-0.9390795230865479,-0.10461783409118652,-0.19150561094284058,2.256749153137207,-0.18093958497047424,0.1166914850473404,-0.5453060269355774,-1.7740240097045898,-0.02383054792881012,-1.6494656801223755,-0.2580532729625702,-0.14739613234996796,-0.9889597296714783,0.7443894147872925,-0.31102246046066284
425,1.2479305267333984,12.840566635131836,-12.554407119750977,-36.4890251159668,10.514640808105469,-1.1866140365600586,-5.505805015563965,3.0118532180786133,-1.2214570045471191,3.5997495651245117,-0.2633911371231079,0.03458327054977417,2.217451572418213,-0.5372825860977173,0.03697904571890831,-0.786413311958313,-1.5560755729675293,0.10549639910459518,-1.7729836702346802,-0.346689909696579,0.050741612911224365,-0.8195388317108154,-0.42342105507850647,-0.3270830512046814
426,-19.53658103942871,3.4465413093566895,-5.877728462219238,-25.154220581054688,13.571752548217773,-2.4419753551483154,9.78042984008789,4.907648086547852,-3.009763240814209,1.9199180603027344,0.0029367804527282715,0.001939535140991211,1.8722540140151978,-0.43634796142578125,0.02805415540933609,-0.6660038828849792,-1.6655981540679932,-0.053484946489334106,-1.1632205247879028,-0.1546354442834854,-0.3059420585632324,-2.9804627895355225,-0.2970622181892395,-1.3595921993255615
427,-12.061922073364258,10.225377082824707,-7.169442653656006,-21.180572509765625,16.285934448242188,-6.237885475158691,13.575684547424316,-5.2759013175964355,4.373049259185791,6.062252044677734,0.08421701192855835,-0.0010051727294921875,2.2729551792144775,-0.49840861558914185,0.0932222455739975,-0.5664778351783752,-1.7037813663482666,-0.8803732395172119,0.5308809280395508,-0.146646186709404,0.3897576332092285,-5.0626726150512695,-0.14309538900852203,-2.379845380783081
428,-26.939960479736328,6.9802350997924805,0.8405001163482666,-12.736858367919922,17.862329483032227,-4.572163105010986,25.332454681396484,-8.202291488647461,7.276707649230957,-19.9259033203125,-17.49664306640625,6.95979642868042,1.2138195037841797,-0.5254548788070679,0.13196928799152374,1.5689533948898315,-0.7811198234558105,-2.405501365661621,2.1679184436798096,-0.6685022711753845,0.31632474064826965,-2.1579766273498535,6.651655197143555,-4.627906322479248
429,-40.646759033203125,-0.2947535514831543,3.923269271850586,-4.387210845947266,5.193789482116699,-1.0656614303588867,41.097267150878906,-16.057342529296875,17.781694412231445,-61.88764953613281,2.590597629547119,-5.233035564422607,-1.2015584707260132,0.8951156139373779,0.674626886844635,5.498127460479736,2.6050240993499756,-2.5745840072631836,1.8412398099899292,0.052429743111133575,-0.17593258619308472,0.4125767946243286,-2.172659158706665,0.38942649960517883
430,-45.158592224121094,-8.434213638305664,6.416064262390137,-7.364955902099609,-1.0089139938354492,0.1961667537689209,45.41355514526367,-22.944686889648438,36.91358184814453,-58.4893684387207,1.7202959060668945,-3.892167091369629,-3.2908084392547607,0.42828571796417236,0.530325710773468,8.378381729125977,0.34904372692108154,-1.5538467168807983,2.143655300140381,-0.1517285704612732,-0.4819139838218689,-0.18612124025821686,-1.8220986127853394,0.12718580663204193
431,-37.62699890136719,-2.838216781616211,2.3601155281066895,-17.83551788330078,-0.8727351427078247,0.20917153358459473,27.47930908203125,-13.228621482849121,28.15212059020996,-47.08330154418945,3.678060531616211,-0.4951879382133484,-3.988849401473999,0.1269390881061554,0.4424349069595337,4.600601673126221,-0.07643115520477295,0.11872238665819168,2.063096284866333,-0.008040264248847961,-0.2847892642021179,-0.7197380065917969,-1.4194839000701904,-0.00441470742225647
432,-9.665735244750977,0.39815568923950195,-1.7910003662109375,-9.842191696166992,-0.37572169303894043,0.1171720027923584,0.6745576858520508,-8.477744102478027,14.908425331115723,-38.46186065673828,7.003121376037598,0.39296379685401917,-3.7123680114746094,-0.28109896183013916,-0.7119246125221252,0.8660648465156555,0.21858754754066467,1.4043149948120117,2.2250607013702393,0.24396347999572754,-0.3398821949958801,-1.1929707527160645,-1.228545904159546,0.025742456316947937
433,1.8606290817260742,-3.152923583984375,3.702848196029663,-0.33875417709350586,-0.18706262111663818,-0.14299535751342773,-13.553348541259766,-10.356938362121582,15.73023796081543,-47.98160934448242,12.012938499450684,2.1046946048736572,-2.961513042449951,-0.1829182654619217,-0.1939268708229065,-1.6659817695617676,0.19759739935398102,1.7696226835250854,2.365196704864502,0.26356881856918335,-0.30489856004714966,-1.6594512462615967,-0.9957320094108582,0.2290942519903183
434,21.0430850982666,-0.09637928009033203,-0.7506039142608643,6.894670486450195,0.03478848934173584,-0.06809854507446289,-31.94599151611328,-11.824140548706055,8.621034622192383,-30.697303771972656,19.7191162109375,5.237008571624756,-1.7930140495300293,-0.39638230204582214,-0.4639069736003876,-3.045412063598633,-0.743427574634552,2.953996181488037,2.2970921993255615,0.29558607935905457,-0.1942598819732666,-1.79578697681427,-0.9894735813140869,-0.11825728416442871
435,18.006895065307617,6.896801471710205,-3.444401264190674,6.007402420043945,0.1603785753250122,-0.20690441131591797,-16.526460647583008,-11.237456321716309,5.0497870445251465,-9.141518592834473,20.0,4.2056756019592285,-0.12974482774734497,0.0602848120033741,-0.20634596049785614,-5.163228511810303,-0.5765499472618103,3.273894786834717,1.6396899223327637,0.22527006268501282,-0.004608971066772938,-0.13269773125648499,-0.5129265189170837,0.7502715587615967
436,27.449811935424805,16.91148567199707,-10.847003936767578,9.846588134765625,0.27781641483306885,-0.12131595611572266,-27.63638687133789,-11.892473220825195,0.48765069246292114,-12.179640769958496,20.0,4.4996256828308105,1.672715187072754,0.7340970635414124,-1.1292756795883179,-7.887355327606201,0.4178493618965149,3.9493563175201416,0.14692343771457672,0.1616436094045639,-0.4245152473449707,2.8693933486938477,1.1945720911026,0.9117321968078613
437,52.20531463623047,26.528257369995117,-34.351314544677734,-52.35285568237305,-20.0,14.379659652709961,-51.32722473144531,3.5726075172424316,-3.3719005584716797,-4.571510314941406,-0.3394789695739746,0.05070638656616211,1.8575352430343628,-0.21076948940753937,-1.094218134880066,-0.8869071006774902,-1.8706073760986328,-8.174592971801758,-2.7101359367370605,-0.3343541622161865,0.0546441413462162,8.217521667480469,3.856276750564575,2.750840902328491
438,51.321807861328125,27.347352981567383,-36.33448791503906,-48.70752716064453,-0.07855510711669922,6.503841400146484,-47.25804138183594,3.126161575317383,-1.9212217330932617,-16.54328155517578,-1.6965441703796387,-0.29772210121154785,1.7565879821777344,-0.1003589779138565,0.1335817575454712,0.0616622157394886,-1.8653960227966309,0.23258362710475922,-3.5107598304748535,0.08226705342531204,0.583882749080658,5.698386192321777,-1.0541528463363647,1.4003238677978516
439,7.230774879455566,10.615326881408691,-23.86154556274414,-35.791255950927734,-2.7365546226501465,4.793282508850098,-11.803766250610352,5.540314197540283,-4.920627593994141,-8.270852088928223,0.047815561294555664,-0.06825971603393555,1.60149085521698,0.22170943021774292,0.01349988579750061,0.1731552630662918,-1.9991012811660767,0.19044621288776398,-3.70015811920166,0.5586217045783997,-0.0316639207303524,3.3031864166259766,1.9674662351608276,1.2625304460525513
440,16.89859390258789,11.94115161895752,-22.829267501831055,-44.54882049560547,5.957380294799805,1.3938183784484863,-16.345582962036133,-1.82066011428833,0.29565292596817017,-7.6830549240112305,-0.7850995063781738,-0.15210241079330444,2.34505295753479,-0.12522506713867188,0.2414851188659668,-0.783835768699646,-1.636499285697937,0.37619248032569885,-3.204246997833252,-0.09196096658706665,-0.11335510015487671,-0.014431213960051537,0.388084352016449,0.3832781910896301
441,-14.435786247253418,13.075510025024414,-18.053014755249023,-39.46077346801758,10.10446548461914,0.8627587556838989,7.293183326721191,-0.6589223146438599,0.7970485091209412,2.3384642601013184,-0.1318066120147705,-0.052506223320961,2.3315374851226807,-0.280096173286438,0.135945662856102,-1.099615454673767,-1.5205132961273193,0.06351539492607117,-2.5978124141693115,-0.2266654074192047,-0.14352288842201233,-1.697802186012268,0.006547946482896805,0.08635193109512329
442,-12.658370971679688,13.674446105957031,-15.058609962463379,-34.9561767578125,14.690155029296875,-5.094202995300293,5.017704010009766,0.6272711753845215,-0.6339845657348633,3.977288246154785,-0.13925164937973022,-0.03967773914337158,2.2572875022888184,-0.31232309341430664,0.14645172655582428,-1.2937997579574585,-1.459378719329834,0.40154755115509033,-2.0283029079437256,-0.3086860775947571,-0.41853073239326477,-3.299391984939575,-0.4741608500480652,-0.8299892544746399
443,-26.45660400390625,12.523998260498047,-13.16604232788086,-41.702911376953125,20.0,-8.378011703491211,20.313739776611328,4.720702648162842,-0.9960012435913086,12.77968692779541,0.21174001693725586,0.014519691467285156,2.5285181999206543,-0.47620689868927,-0.11661545932292938,-1.6990926265716553,-1.3251444101333618,0.33687832951545715,-0.8109884262084961,-0.0642905980348587,-0.3479841947555542,-3.0987699031829834,-1.335465908050537,-1.9826680421829224
444,-30.308258056640625,6.320998191833496,-4.787014961242676,-20.408124923706055,20.0,-5.4603800773620605,24.920024871826172,-3.758310317993164,4.1348652839660645,9.152372360229492,0.27704501152038574,0.11908841133117676,1.9070335626602173,-0.4679147005081177,-0.0941486582159996,-0.7195155024528503,-1.2919468879699707,-2.3492300510406494,0.44071322679519653,-0.2672874629497528,0.09759404510259628,-4.35480260848999,-1.7128028869628906,-1.9173389673233032
445,-26.598764419555664,5.626175880432129,0.11212217807769775,-11.41413688659668,20.0,-4.9550461769104,28.159666061401367,-5.430903911590576,4.945672035217285,9.495199203491211,0.37342381477355957,0.04660797119140625,0.6535376310348511,-0.29337725043296814,0.057617589831352234,1.9591652154922485,-0.2063864767551422,-3.680574893951416,2.230005979537964,-0.26879236102104187,0.5022666454315186,-2.7220468521118164,5.582720756530762,-5.043720245361328
446,-44.48744201660156,-5.69365119934082,5.903119087219238,-1.1932563781738281,0.1810002326965332,0.23272371292114258,48.542091369628906,-20.30405044555664,24.451637268066406,-45.500526428222656,-19.21626853942871,-5.6709465980529785,-2.6876001358032227,0.7325400114059448,1.307877540588379,9.971918106079102,4.000475883483887,-3.1907713413238525,1.5366981029510498,-0.028878629207611084,0.4954575300216675,2.13688588142395,-0.7844538688659668,0.21796858310699463
447,-41.7574462890625,-7.367210388183594,3.1959304809570312,-17.43405532836914,-1.641163945198059,0.3964937925338745,44.59090042114258,-10.494293212890625,26.0212459564209,-38.707603454589844,1.4812006950378418,-4.252993583679199,-3.439321517944336,0.1420750468969345,0.3388683497905731,8.205744743347168,-0.7928354740142822,-0.5270420908927917,1.768646001815796,0.02186472713947296,-0.24456536769866943,0.22760997712612152,-1.9842009544372559,0.3503621816635132
448,-16.668075561523438,5.709686279296875,-3.5520148277282715,-17.481334686279297,-0.5732015371322632,0.13977500796318054,3.3362045288085938,-18.356903076171875,24.372638702392578,-43.49939727783203,-1.41450834274292,-1.6054490804672241,-3.376368284225464,-0.202194482088089,-0.44861963391304016,2.798516273498535,-0.6811163425445557,0.09187725931406021,1.7027308940887451,-0.09125933796167374,-0.3311474323272705,-0.2504357397556305,-1.74650239944458,0.1620534062385559
449,-18.22749900817871,0.4144645929336548,1.5639972686767578,-9.45956039428711,-0.32465481758117676,0.06882238388061523,14.326292037963867,-8.00365161895752,19.631505966186523,-38.213863372802734,4.890671730041504,-0.013436123728752136,-3.1051273345947266,0.1447504758834839,-0.23443827033042908,-1.0881792306900024,0.6080707907676697,1.6738653182983398,2.009077548980713,0.08937543630599976,-0.4469066262245178,-0.7963702082633972,-1.3781520128250122,0.05076484754681587
450,1.7539749145507812,2.584550380706787,-1.7299559116363525,1.1824016571044922,-0.31696316599845886,-0.034327030181884766,-8.02640438079834,-17.144784927368164,20.664243698120117,-37.69426727294922,16.284955978393555,1.7479417324066162,-2.2242701053619385,-0.040084339678287506,-0.6037663817405701,-3.7780444622039795,-0.06790795177221298,3.0641040802001953,2.246908664703369,0.09001860022544861,-0.3879978656768799,-1.2424501180648804,-1.2731550931930542,0.026358693838119507
451,22.87118148803711,3.268674850463867,-2.1049013137817383,9.10059928894043,0.055597662925720215,-0.22350692749023438,-32.970924377441406,-11.231254577636719,13.026765823364258,-31.998027801513672,20.0,4.64940071105957,-0.7392042279243469,0.14301437139511108,-0.7211750149726868,-5.799577713012695,-0.6164641976356506,3.215599298477173,2.2284250259399414,0.17281904816627502,-0.3732396960258484,-1.5096545219421387,-1.2042837142944336,-0.17645883560180664
452,22.43984603881836,8.763721466064453,-5.1792120933532715,9.731220245361328,0.3013033866882324,-0.20646047592163086,-19.588172912597656,-10.613933563232422,5.299192428588867,-7.334789276123047,20.0,4.245258808135986,1.3957703113555908,0.5196433663368225,-0.7268213033676147,-8.934558868408203,1.3981975317001343,3.3960189819335938,1.0341914892196655,0.09782383590936661,-0.16977855563163757,1.1212060451507568,-0.1490534245967865,0.5410012006759644
453,41.84196472167969,17.800941467285156,-9.582701683044434,-46.90007781982422,7.236092567443848,17.72601890563965,-37.9434814453125,6.7457275390625,-5.026464462280273,-2.6497650146484375,7.54827880859375,1.825714111328125,2.0085599422454834,-0.35842302441596985,-0.26934319734573364,-0.1781134307384491,-1.816786766052246,-4.542710304260254,-1.4554641246795654,-0.4456441402435303,0.313852995634079,5.851174354553223,3.033970355987549,1.4689617156982422
454,40.001590728759766,28.414533615112305,-28.262338638305664,-54.62140655517578,9.217617988586426,4.109761714935303,-42.549835205078125,13.345428466796875,-8.633499145507812,-9.149438858032227,-1.1788709163665771,-0.07677292823791504,1.4872992038726807,-0.28065377473831177,0.0040274690836668015,-0.002771364524960518,-1.7134814262390137,0.2101939618587494,-3.3580265045166016,0.5365499258041382,0.5696618556976318,6.717039585113525,0.19909220933914185,1.037540078163147
455,21.00603485107422,8.979872703552246,-16.789522171020508,-36.54364776611328,6.779394149780273,2.095780372619629,-21.284997940063477,5.532099723815918,-4.6021952629089355,-10.544126510620117,-0.44296538829803467,-0.05109739303588867,1.8583418130874634,-0.408003032207489,0.21163812279701233,-0.49044403433799744,-1.547882318496704,0.27660268545150757,-3.477562427520752,0.3695746958255768,0.2219933271408081,4.700289726257324,0.5174759030342102,0.8660877346992493
456,17.16678810119629,14.309698104858398,-15.65478801727295,-28.0579833984375,12.696981430053711,-0.7847155332565308,-15.548835754394531,-0.45081862807273865,-1.3194023370742798,-9.951454162597656,-0.5019913911819458,-0.06255674362182617,2.386075019836426,-0.5202394723892212,0.2776518762111664,-0.9944364428520203,-1.4045482873916626,0.3113292157649994,-2.9485111236572266,0.09292536228895187,-0.06289581209421158,1.2115353345870972,0.4666668176651001,0.667807936668396
457,-6.302495002746582,17.68891143798828,-18.41448974609375,-33.005775451660156,18.376855850219727,-3.7012219429016113,-4.852980613708496,-0.8985598683357239,-0.35291528701782227,-3.9836111068725586,-0.49365556240081787,-0.10021710395812988,2.0878944396972656,-0.4173147976398468,0.15499180555343628,-1.3108967542648315,-1.296196460723877,0.2057223916053772,-2.8256757259368896,0.1873251050710678,-0.34993284940719604,-2.0788278579711914,-0.6005211472511292,-0.39015355706214905
458,-6.3405303955078125,16.19822120666504,-15.317564010620117,-26.808725357055664,20.0,-7.699756622314453,8.932748794555664,-2.4599955081939697,1.8769292831420898,6.513250350952148,0.039595603942871094,-0.022878646850585938,2.678877115249634,-0.6220964789390564,0.019366249442100525,-1.669960856437683,-1.1970899105072021,0.4399968385696411,-1.4226880073547363,-0.17081224918365479,-0.4111318588256836,-3.1376373767852783,-1.0987778902053833,-1.1779640913009644
459,-17.18567657470703,18.01592254638672,-13.44086742401123,-21.820308685302734,20.0,-6.233584880828857,13.025954246520996,-2.911630630493164,1.8194236755371094,9.071009635925293,0.20045983791351318,0.10276985168457031,2.2821967601776123,-0.25311729311943054,0.029998674988746643,-0.8235381841659546,-1.5461819171905518,-2.5796713829040527,-0.7103090882301331,-0.145070880651474,-0.57266765832901,-3.4573445320129395,-1.040570616722107,-0.9996825456619263
460,-22.807283401489258,9.172833442687988,-4.267085075378418,-9.452730178833008,20.0,-4.403153419494629,23.63881492614746,-10.706644058227539,9.093130111694336,7.570987701416016,0.23667502403259277,-0.1119532585144043,0.8954556584358215,-0.22555293142795563,0.316304475069046,1.72495436668396,-0.7100967168807983,-4.457674503326416,0.6629155278205872,-0.41726112365722656,0.4089263081550598,-5.5589752197265625,-0.7280996441841125,-2.588214874267578
461,-52.442386627197266,9.746554374694824,-1.7991769313812256,-15.231168746948242,14.725549697875977,-2.5095643997192383,58.7312126159668,-22.29183006286621,22.33443832397461,-40.51387023925781,-20.0,-12.90723991394043,-1.0155936479568481,0.47993004322052,0.7651224136352539,5.95347261428833,3.1993908882141113,-3.325470209121704,3.0800368785858154,-0.222089946269989,0.23607003688812256,-2.5527679920196533,9.235336303710938,0.32007765769958496
462,-44.79362487792969,5.513636589050293,-1.3852081298828125,-10.184749603271484,-1.072981595993042,0.3043484687805176,45.422523498535156,-31.415283203125,33.59378433227539,-57.223514556884766,-0.8426027297973633,-6.284300327301025,-3.4408347606658936,1.6263353824615479,0.6116328239440918,8.366607666015625,1.5523395538330078,-2.5540897846221924,2.010436534881592,0.24856387078762054,-0.38695675134658813,-0.06317400932312012,-2.014906883239746,0.5717656016349792
463,-34.1764030456543,-5.947728157043457,3.04967999458313,-15.372344970703125,-0.9212549924850464,0.35451561212539673,33.16987609863281,-18.917724609375,26.23128318786621,-35.23098373413086,-3.22697377204895,-0.7244774103164673,-4.173600196838379,0.658578634262085,-0.09545905888080597,5.865109443664551,0.5328403115272522,0.20760062336921692,1.9613462686538696,0.16035127639770508,-0.16341519355773926,-0.15501748025417328,-1.8037201166152954,0.15323466062545776
464,-24.56073760986328,-4.968589782714844,4.425442695617676,-12.890828132629395,-0.709816575050354,0.008069515228271484,22.268924713134766,-12.220636367797852,23.890979766845703,-43.75833511352539,4.205862522125244,0.8201064467430115,-4.1626081466674805,0.4483359158039093,0.06411410868167877,1.7752476930618286,0.17205774784088135,1.2576435804367065,2.368337392807007,0.11241552233695984,-0.22862595319747925,-0.8081289529800415,-1.4856971502304077,0.028942346572875977
465,4.334621429443359,-11.740638732910156,5.246657371520996,0.49104011058807373,-0.1667519211769104,-0.04508066177368164,-13.889174461364746,-4.249828338623047,16.079816818237305,-48.078773498535156,12.281497955322266,2.8754749298095703,-3.805044174194336,-0.4041922092437744,-0.25540488958358765,-0.12535619735717773,-0.3166055679321289,2.7317936420440674,2.264853000640869,0.18167343735694885,-0.012778006494045258,-1.1692781448364258,-1.3568087816238403,0.2649882137775421
466,5.668831825256348,-6.97236442565918,5.694489002227783,1.8588886260986328,-0.05715414881706238,-0.29313135147094727,-11.004447937011719,-5.509100914001465,12.579790115356445,-28.71568489074707,20.0,5.876162052154541,-3.1914286613464355,-0.748917281627655,0.2125801146030426,-2.0937654972076416,-0.1414685845375061,2.6733391284942627,2.2407166957855225,0.03259248286485672,-0.05573897808790207,-1.3013485670089722,-1.2306028604507446,-0.20726466178894043
467,16.18878173828125,5.602954387664795,-3.439518928527832,4.591133117675781,-0.046019911766052246,-0.12219715118408203,-18.33517837524414,-12.824697494506836,10.784486770629883,-24.982635498046875,20.0,7.885190486907959,-1.4012162685394287,-0.5555839538574219,-0.1362060159444809,-4.713282108306885,-0.749002993106842,3.885261297225952,2.7322797775268555,0.1444557160139084,-0.12075207382440567,-1.7006268501281738,-1.1826170682907104,-0.21482586860656738
468,29.628604888916016,20.242168426513672,-13.364517211914062,5.839515686035156,0.28179001808166504,-0.17121219635009766,-27.65668296813965,-12.462955474853516,0.9186218976974487,-6.245296001434326,20.0,4.4928879737854,1.1401935815811157,0.408866822719574,-1.0282286405563354,-9.601935386657715,1.4397939443588257,4.2530670166015625,0.6525933146476746,0.12596935033798218,-0.20522066950798035,2.075787305831909,0.7430309653282166,2.3190181255340576
469,61.50286102294922,20.343902587890625,-25.078079223632812,-14.686599731445312,-17.211469650268555,7.380767822265625,-55.97203063964844,-5.527370452880859,-0.14092020690441132,-8.29800796508789,3.372377872467041,0.4253201484680176,2.8536665439605713,1.8892011642456055,1.0495127439498901,-3.5933964252471924,12.825057983398438,-1.7876768112182617,-2.0914535522460938,-0.11548759788274765,-0.20049694180488586,7.085341453552246,4.446829795837402,2.3918309211730957
470,20.443225860595703,27.121389389038086,-34.299110412597656,-53.55857849121094,-1.6356287002563477,17.951229095458984,-18.3778018951416,-3.756201982498169,3.945861339569092,-9.53741455078125,-1.329262137413025,-0.33060383796691895,2.030320644378662,0.056907057762145996,0.005749434232711792,0.3425668179988861,-2.139746904373169,-3.5077974796295166,-2.355990409851074,-0.004752476699650288,1.6689969301223755,5.5880231857299805,-0.17420002818107605,1.4867405891418457
471,21.83708953857422,23.923179626464844,-25.562000274658203,-45.694766998291016,-1.6972551345825195,7.098496913909912,-23.947280883789062,2.94738507270813,-5.09282112121582,-7.700279235839844,-0.3190739154815674,-0.02759075164794922,1.6285344362258911,-0.19886304438114166,0.05888517200946808,0.5400362014770508,-2.1374733448028564,0.19754578173160553,-3.1826870441436768,-0.46146950125694275,0.6138466596603394,4.635286808013916,0.9317907094955444,1.9731084108352661
472,0.8975753784179688,15.740694046020508,-18.945220947265625,-47.557456970214844,-3.137592315673828,6.441714763641357,-5.364013671875,0.7510015964508057,-1.910873293876648,-8.44174861907959,-0.5564293265342712,-0.18342089653015137,2.074453830718994,-0.1605617105960846,0.13292869925498962,-0.09812596440315247,-1.9448446035385132,0.09582455456256866,-2.3220224380493164,-0.7326414585113525,0.1656022071838379,0.5401678681373596,-0.07456870377063751,1.097718596458435
473,-10.221944808959961,12.615985870361328,-13.648420333862305,-44.56367111206055,5.704146385192871,3.7214739322662354,3.857830047607422,7.998702049255371,-4.293099403381348,2.7295174598693848,0.018326640129089355,-0.1260085105895996,2.004009962081909,-0.1218380481004715,0.058335788547992706,-0.2584046721458435,-1.8239802122116089,0.08703850209712982,-2.046607732772827,-0.18272706866264343,0.15125273168087006,-0.3757130801677704,0.2998484969139099,-0.17792817950248718
474,-0.19102001190185547,4.130375385284424,-9.289615631103516,-39.26387023925781,13.119422912597656,-1.2354607582092285,-3.5451622009277344,10.435420989990234,-7.07966423034668,3.0991923809051514,-0.1573835015296936,0.12250792980194092,2.129244089126587,-0.3258967101573944,0.11109256744384766,-0.6798233985900879,-1.6563931703567505,0.03711730241775513,-1.9687740802764893,-0.28429892659187317,-0.4724195599555969,-0.6589741110801697,-0.3113235533237457,0.28154638409614563
475,-12.49562931060791,13.391998291015625,-12.73360824584961,-36.18190002441406,14.27996826171875,-4.183836936950684,7.176159381866455,-1.199618935585022,2.127476215362549,3.169698715209961,-0.05744731426239014,-0.10512614250183105,2.3371741771698,-0.5872421860694885,0.06909000873565674,-1.1219708919525146,-1.5252567529678345,0.20558784902095795,-1.1412949562072754,-0.26748767495155334,0.03421904146671295,-2.153571844100952,-0.9986531734466553,-0.6323625445365906
476,-15.518128395080566,-1.4631762504577637,-3.916926383972168,-26.97202491760254,20.0,-6.306591510772705,6.190489768981934,12.884882926940918,-7.712366104125977,5.484703063964844,0.17933762073516846,0.06249666213989258,1.9974504709243774,-0.4946528971195221,0.1097860187292099,-1.1021807193756104,-1.468092441558838,0.025442250072956085,-0.8915340900421143,0.2536112368106842,-0.3526614308357239,-3.054488182067871,-0.14451929926872253,-1.82034432888031
477,-8.854084014892578,10.316606521606445,-6.013265132904053,-12.623100280761719,20.0,-5.735833644866943,14.117280006408691,-9.89433765411377,7.1722025871276855,4.057960510253906,-0.14801287651062012,0.0380253791809082,2.1615848541259766,-0.5404603481292725,0.007356142625212669,-0.4063604176044464,-1.7352399826049805,-3.6755192279815674,1.2738752365112305,-0.20984841883182526,0.24711687862873077,-6.367917060852051,-1.5173310041427612,-2.361802101135254
478,-28.822124481201172,10.580463409423828,-0.21634066104888916,-4.7639007568359375,20.0,-3.5927391052246094,32.64759063720703,-12.022439956665039,13.067052841186523,-23.023021697998047,-15.241344451904297,5.366622447967529,-0.21654124557971954,-0.1342483013868332,0.4024835228919983,4.364062786102295,1.1077015399932861,-4.050966262817383,2.6982927322387695,-0.8565179705619812,0.3415209650993347,-1.8412631750106812,7.611273765563965,1.2134734392166138
479,-45.06989288330078,-0.9061985015869141,2.066199779510498,-5.260807037353516,-0.3714261054992676,0.3316950798034668,46.779571533203125,-24.008272171020508,25.472942352294922,-67.20496368408203,-1.9891209602355957,-7.990710258483887,-3.1021780967712402,1.4689570665359497,0.6807589530944824,9.679971694946289,3.0109713077545166,-3.314333200454712,1.9500057697296143,0.22629520297050476,-0.408259779214859,0.19429394602775574,-2.249021291732788,0.928666889667511
480,-37.8006591796875,-5.633577346801758,3.4288854598999023,-17.91602325439453,-1.3664292097091675,0.40819549560546875,33.451210021972656,-20.067533493041992,29.896150588989258,-51.77107238769531,-1.367828130722046,-4.160231113433838,-3.5772860050201416,0.5888872742652893,-0.030955221503973007,6.178893566131592,0.19002608954906464,-0.5253891944885254,2.2075107097625732,0.0904843807220459,-0.41568565368652344,-0.46597233414649963,-1.7539849281311035,0.3492206037044525
481,-27.86733627319336,-8.501070022583008,6.475958824157715,-13.709023475646973,-0.6628532409667969,0.08172202110290527,23.783748626708984,-11.979253768920898,22.984201431274414,-42.265159606933594,10.179400444030762,-1.2822248935699463,-3.7995595932006836,0.017924532294273376,0.3481518626213074,2.126227617263794,0.42922526597976685,1.111994981765747,2.3433382511138916,0.01890040934085846,-0.2489270716905594,-0.9858588576316833,-1.3350054025650024,0.04313205927610397
482,1.1546173095703125,-2.1856746673583984,-0.7258279323577881,-2.9754421710968018,-0.3257288336753845,0.02409219741821289,-11.819623947143555,-10.523113250732422,11.878806114196777,-38.56686782836914,10.737667083740234,2.0008625984191895,-3.5948784351348877,-0.5110344290733337,-0.6324666142463684,-0.2409256547689438,-0.45743289589881897,2.4217138290405273,2.1817831993103027,0.20456798374652863,-0.2218049019575119,-1.2339410781860352,-1.2642717361450195,0.20087426900863647
483,2.4937477111816406,-2.3024282455444336,3.4568676948547363,1.6387510299682617,-0.059815168380737305,-0.21060752868652344,-3.6234560012817383,-14.174036026000977,14.782125473022461,-37.13910675048828,20.0,4.223776340484619,-2.308415651321411,-0.38448596000671387,0.012527302838861942,-2.608454942703247,-0.1831708550453186,3.1020965576171875,2.775104284286499,0.2041342556476593,-0.15418696403503418,-1.8322972059249878,-0.9699263572692871,-0.18444502353668213
484,16.134098052978516,7.388230323791504,-5.211184978485107,6.524632453918457,-0.004526019096374512,-0.15718889236450195,-25.92302131652832,-16.52703094482422,10.68950080871582,-27.867286682128906,20.0,7.123470306396484,-1.2421965599060059,-0.15699997544288635,-0.7263147234916687,-4.083181858062744,-1.040555477142334,3.7882978916168213,2.8215219974517822,0.39239954948425293,-0.26818573474884033,-2.1768503189086914,-0.8822159171104431,-0.4432939887046814
485,26.562728881835938,6.028038024902344,-2.886096954345703,11.242273330688477,0.3587155342102051,-0.3316354751586914,-33.536041259765625,-14.282063484191895,6.029898166656494,-18.48834800720215,20.0,4.752810478210449,-0.09444934874773026,0.17254923284053802,-0.4238101840019226,-5.003519058227539,-0.6798684597015381,3.1546735763549805,1.6007877588272095,0.17569923400878906,-0.19101636111736298,-0.2866927683353424,-0.47388529777526855,0.8602765202522278
486,40.39470291137695,18.275768280029297,-12.385269165039062,9.029354095458984,0.49617671966552734,-0.13088178634643555,-36.69306182861328,-2.615816116333008,-3.7776427268981934,-6.068458557128906,18.800926208496094,4.412014007568359,2.8364431858062744,1.0098036527633667,-1.4113374948501587,-10.504225730895996,2.3140594959259033,3.3313019275665283,-1.3351541757583618,0.14369148015975952,-0.5858070254325867,4.93900728225708,2.743630886077881,1.2310571670532227
487,51.79364013671875,25.903079986572266,-34.793968200683594,-35.804344177246094,-20.0,12.999074935913086,-47.26031494140625,-1.5620927810668945,0.35231876373291016,-8.399654388427734,-0.8652737140655518,-0.08262491226196289,1.7361036539077759,0.12520688772201538,-0.5275463461875916,-0.25671952962875366,-1.6613508462905884,-7.586492538452148,-3.6727635860443115,0.007095126435160637,0.7877010703086853,8.773111343383789,1.679470181465149,2.1854593753814697
488,38.015113830566406,24.846277236938477,-32.47507858276367,-36.28329086303711,-1.5750269889831543,8.434770584106445,-28.099031448364258,1.1897557973861694,-1.7888495922088623,-15.202986717224121,-0.9296513795852661,-0.21721887588500977,1.7183881998062134,0.08264551311731339,-0.14297068119049072,0.6570416688919067,-2.1741981506347656,0.0778229832649231,-3.0694618225097656,0.1403820663690567,0.4784091114997864,4.766904354095459,0.4831761121749878,1.2886906862258911
489,5.589694023132324,14.106037139892578,-24.15062713623047,-46.829952239990234,-3.7709970474243164,6.319383144378662,-10.621893882751465,-4.372228622436523,0.9207102060317993,-8.893933296203613,-0.48594313859939575,-0.10056352615356445,2.089186668395996,0.015326157212257385,0.1661941260099411,-0.08537834882736206,-1.9685249328613281,0.2343311458826065,-2.770578622817993,-0.5731756687164307,0.22827483713626862,1.2965476512908936,0.12207511067390442,1.3338898420333862
490,-12.689224243164062,7.905858516693115,-16.464923858642578,-52.19445037841797,3.3547816276550293,4.223167419433594,3.7748546600341797,9.790268898010254,-5.886045455932617,3.0955452919006348,0.004819035530090332,-0.08743953704833984,1.9307299852371216,-0.07000047713518143,-0.01837906241416931,-0.42313718795776367,-1.7634445428848267,-0.02162114530801773,-2.7630410194396973,-0.2995070517063141,-0.25335195660591125,0.8526793718338013,0.354708731174469,0.5813607573509216
491,-0.6210994720458984,0.722969651222229,-8.494332313537598,-24.961889266967773,9.63790225982666,1.1626564264297485,2.221059799194336,2.090156316757202,0.2206708788871765,-1.8349695205688477,-0.14554834365844727,-0.12221139669418335,2.1563894748687744,-0.3326544165611267,0.10471147298812866,-0.4895904064178467,-1.6336054801940918,0.24955613911151886,-1.8209556341171265,-0.3236182630062103,0.23282097280025482,-1.503126621246338,0.5289833545684814,-0.38295820355415344
492,6.266232490539551,1.0577292442321777,-6.738662242889404,-32.71565628051758,19.136497497558594,-3.7944064140319824,-8.891380310058594,12.741127014160156,-8.398661613464355,2.9486618041992188,-0.3292958736419678,0.06205129623413086,2.3402297496795654,-0.4842154085636139,0.1582159548997879,-0.9825382828712463,-1.4793636798858643,0.12009400874376297,-1.8772772550582886,-0.04984170198440552,-0.10621055960655212,-2.0221500396728516,-0.6269622445106506,-1.3707576990127563
493,-15.425675392150879,7.856717109680176,-6.53701114654541,-25.068504333496094,20.0,-6.40244197845459,9.757316589355469,2.8700180053710938,-2.0513370037078857,5.9187211990356445,0.14261682331562042,0.13898372650146484,2.2772932052612305,-0.533653199672699,0.18849220871925354,-1.0974284410476685,-1.545849323272705,0.16802376508712769,-1.3012523651123047,-0.01731596700847149,-0.31576409935951233,-2.9582080841064453,-0.06172201782464981,-1.4160916805267334
494,-18.633460998535156,8.80990982055664,-7.3477630615234375,-29.49488639831543,20.0,-8.601832389831543,15.006230354309082,3.6560957431793213,-1.5125744342803955,7.922281265258789,0.00645899772644043,0.0804300308227539,2.5814735889434814,-0.38986366987228394,0.23608268797397614,-1.3088746070861816,-1.4298332929611206,-0.3484058976173401,0.16421672701835632,0.451870858669281,-0.1315642148256302,-4.7742438316345215,-0.688937246799469,-2.2780773639678955
495,-30.13478660583496,9.666796684265137,-1.8467106819152832,-13.441058158874512,20.0,-4.922307968139648,24.76464080810547,-11.153813362121582,7.648721694946289,8.727706909179688,0.12475782632827759,0.12129020690917969,0.5143614411354065,-0.5160818696022034,0.12661594152450562,1.7456377744674683,-0.2717181146144867,-3.481438159942627,1.168874740600586,-0.24272628128528595,0.3919408619403839,-4.336097717285156,4.7614593505859375,-4.3701276779174805
496,-46.22282409667969,-0.27930164337158203,2.5296406745910645,-2.9342422485351562,3.8206515312194824,-0.6304564476013184,59.195777893066406,-32.26677703857422,28.875240325927734,-81.04556274414062,9.375297546386719,-9.417308807373047,-1.4503138065338135,0.9901566505432129,1.0680564641952515,6.121809482574463,3.982389211654663,-3.7093355655670166,2.271728515625,-0.140520378947258,-0.18450522422790527,-0.08854855597019196,-2.436147451400757,0.7037184834480286
497,-38.946502685546875,-8.334529876708984,4.63828182220459,-7.454566955566406,-1.2228434085845947,0.37328028678894043,44.88140869140625,-14.18410587310791,26.158405303955078,-44.2323112487793,-3.4442038536071777,-1.6564810276031494,-3.2389965057373047,1.0541305541992188,0.5968341827392578,9.341397285461426,-0.007572245318442583,-1.4319484233856201,2.4061315059661865,0.2634519934654236,-0.4642520546913147,-0.3526776432991028,-1.7404969930648804,0.06063836067914963
498,-29.316953659057617,-9.28438949584961,6.13893985748291,-16.473907470703125,-0.7193162441253662,0.11336684226989746,20.599796295166016,-12.977045059204102,23.881942749023438,-43.57026672363281,-2.4438726902008057,-0.45698896050453186,-3.907104253768921,0.21849822998046875,0.7309255003929138,5.861232280731201,-0.050590358674526215,-0.48249226808547974,2.1612818241119385,0.05859211087226868,-0.23655487596988678,-0.6283748149871826,-1.5036509037017822,0.20683768391609192
499,-9.196640014648438,-3.439082622528076,0.6102895736694336,-12.557616233825684,-0.49371835589408875,0.15841054916381836,-2.989781379699707,-7.65720796585083,16.382535934448242,-33.767364501953125,3.9065921306610107,0.9762831926345825,-3.944643974304199,-0.6529002785682678,0.0704694390296936,1.4196124076843262,-0.17731988430023193,1.1251046657562256,1.8139251470565796,-0.0618860200047493,-0.2063772827386856,-0.7469008564949036,-1.3762352466583252,-0.055921196937561035
500,2.641305923461914,-2.2501540184020996,1.4059312343597412,-2.973308563232422,-0.35687994956970215,-0.010640144348144531,-3.2469253540039062,-11.389934539794922,16.989660263061523,-44.99014663696289,11.750845909118652,4.827291488647461,-2.172884702682495,-0.7823231816291809,0.07459471374750137,-2.639225482940674,-1.6003680229187012,2.7081384658813477,2.683929681777954,0.03981725126504898,-0.11793819069862366,-1.586628794670105,-1.0715357065200806,0.13468846678733826
501,13.382393836975098,4.6505126953125,-3.5670387744903564,6.9889421463012695,0.32129740715026855,-0.13853073120117188,-23.35796356201172,-14.25119686126709,9.756893157958984,-28.331701278686523,17.399276733398438,6.857792854309082,-1.723794937133789,-0.5609549283981323,-0.5576296448707581,-3.300046443939209,-0.5285899639129639,3.4446985721588135,2.369676351547241,0.2900627851486206,-0.15191836655139923,-1.646329641342163,-1.0541266202926636,0.061316072940826416
502,13.044975280761719,3.106544017791748,-0.9702945351600647,7.319502830505371,0.26790618896484375,-0.29332494735717773,-16.0574951171875,-12.822916984558105,10.232621192932129,-13.254229545593262,20.0,4.381118297576904,-0.7194542288780212,-0.29901063442230225,-0.05614152178168297,-4.3710856437683105,0.8875923752784729,3.331892967224121,1.882258653640747,0.1736527681350708,0.19248029589653015,-0.8201187252998352,-1.1438285112380981,0.6024361252784729
503,31.564071655273438,12.67277717590332,-8.364021301269531,9.14101791381836,-0.014549970626831055,-0.1866288185119629,-32.68754959106445,-7.693066596984863,-0.977994441986084,-15.178618431091309,20.0,5.353062629699707,1.3093236684799194,0.3208552896976471,-0.9137271046638489,-7.234464168548584,-0.17220091819763184,3.467294454574585,0.7637666463851929,0.2202455699443817,-0.3485117554664612,1.4118419885635376,-0.09922118484973907,1.5955387353897095
504,54.01557540893555,21.32454490661621,-26.054414749145508,-18.83931541442871,-20.0,9.405517578125,-46.660362243652344,-6.838463306427002,-0.7610355019569397,-3.611583709716797,2.273634910583496,0.30950021743774414,2.318431854248047,1.6145530939102173,0.7079355716705322,-3.228166103363037,11.8261137008667,-4.619907855987549,-2.363792896270752,-0.1645805388689041,-0.26699647307395935,8.711291313171387,4.781196594238281,2.577688217163086
505,30.65896987915039,27.71450424194336,-31.627307891845703,-58.18370819091797,-1.8139333724975586,20.0,-30.048587799072266,-0.49925392866134644,2.717817783355713,-14.391326904296875,-1.776383638381958,-0.3133077621459961,1.7579796314239502,-0.17277444899082184,-0.4449259042739868,0.04958068206906319,-1.1888580322265625,-5.452846050262451,-2.5935630798339844,0.02992934361100197,1.421359896659851,6.533215045928955,-1.9387047290802002,2.0728201866149902
506,13.84521484375,15.966354370117188,-18.25396728515625,-34.96250534057617,-0.48859500885009766,7.622585773468018,-16.92218780517578,2.8604698181152344,-5.178092002868652,-12.49170207977295,-0.04688596725463867,-0.14670467376708984,1.4322388172149658,-0.04547745734453201,0.08883334696292877,0.7073552012443542,-2.0910534858703613,0.1306239366531372,-2.432868003845215,-0.2941649854183197,0.3503950238227844,2.5590689182281494,1.129822015762329,1.2527334690093994
507,13.845931053161621,14.311125755310059,-19.9013614654541,-40.49530792236328,-0.26414918899536133,2.780397415161133,-15.682153701782227,4.184060573577881,-3.598997116088867,-3.07125186920166,-0.5419710278511047,-0.10154235363006592,1.6393109560012817,-0.08726861327886581,0.2073838710784912,0.353509783744812,-2.0428659915924072,0.26366686820983887,-2.7956793308258057,-0.3482200801372528,0.07491281628608704,1.9269988536834717,-0.48900046944618225,0.4732497036457062
508,-3.939669609069824,21.33099937438965,-21.687055587768555,-50.05606460571289,5.6732282638549805,1.3909410238265991,-1.5279121398925781,1.6527267694473267,-1.9227666854858398,-0.6783871650695801,-0.09038561582565308,-0.010270118713378906,1.9669102430343628,-0.11994245648384094,0.08259125053882599,-0.25216230750083923,-1.8527202606201172,0.11458125710487366,-2.2220802307128906,-0.520757257938385,-0.5174158215522766,-0.08207695186138153,-0.17918658256530762,0.364944726228714
509,-10.559165954589844,10.150201797485352,-13.929797172546387,-42.02215576171875,12.253979682922363,-1.188554048538208,3.465393543243408,6.5375285148620605,-2.2503538131713867,2.3688297271728516,-0.05801895260810852,-0.09327781200408936,2.0205917358398438,-0.23240916430950165,-0.03812842071056366,-0.6395795345306396,-1.6249176263809204,-0.0665707066655159,-1.67110276222229,-0.06147002801299095,-0.2484920620918274,-1.6237471103668213,-0.24844233691692352,-0.9151588082313538
510,-9.13470458984375,5.521191596984863,-14.64828872680664,-37.625526428222656,18.338661193847656,-2.360079288482666,2.78460955619812,2.1558871269226074,-0.042488276958465576,3.097745895385742,-0.2559394836425781,0.05862903594970703,2.3817193508148193,-0.5216079950332642,0.12710629403591156,-1.3392823934555054,-1.3326523303985596,0.03546527028083801,-0.7938733696937561,-0.21282988786697388,0.19886860251426697,-3.4864585399627686,-2.0512640476226807,-1.0027488470077515
511,-21.327177047729492,6.153832912445068,-1.583656668663025,-13.281293869018555,18.938589096069336,-4.128222465515137,18.227128982543945,-0.9634768962860107,0.5894466638565063,6.748575210571289,0.422174870967865,0.04988551139831543,1.797743320465088,-0.430217981338501,0.1536078155040741,-0.3369849622249603,-1.3195624351501465,-1.0754647254943848,0.39113712310791016,-0.25476783514022827,0.05264614149928093,-5.5842390060424805,-0.2818215787410736,-1.5605995655059814
512,-33.606834411621094,7.831329822540283,3.331989288330078,-6.643440246582031,16.039569854736328,-3.962684154510498,39.38158416748047,-16.726768493652344,16.507400512695312,-27.53559684753418,-20.0,7.594058990478516,-0.23525293171405792,-0.27780812978744507,0.5608437061309814,3.8833022117614746,0.8322638869285583,-3.1575558185577393,2.7825324535369873,-1.0024914741516113,-0.527066171169281,-2.84210467338562,8.613485336303711,-5.405390739440918
513,-34.19865417480469,5.022590637207031,-1.787510871887207,-5.42024040222168,-0.10461664199829102,0.2616996765136719,35.76955032348633,-23.044143676757812,22.233137130737305,-65.60216522216797,0.9003584384918213,-4.4286346435546875,-1.8568123579025269,1.346402883529663,0.40860962867736816,6.674999237060547,3.235696315765381,-3.1214399337768555,2.0859274864196777,0.1795777678489685,-0.3750573694705963,0.11626608669757843,-2.085005283355713,0.3286511301994324
514,-37.515445709228516,-11.524740219116211,6.840373516082764,-9.496074676513672,-1.2467467784881592,0.32785606384277344,32.10036087036133,-21.668006896972656,30.847925186157227,-59.72588348388672,-3.001934766769409,-2.198037624359131,-3.2251875400543213,0.4025864005088806,0.04335257038474083,7.075309753417969,-0.6122051477432251,-0.7219549417495728,2.0885469913482666,0.0885200947523117,-0.22121112048625946,-0.3784038722515106,-1.675153136253357,0.3373946249485016
515,-26.322717666625977,-10.479569435119629,7.373849868774414,-12.216595649719238,-0.5137718915939331,0.03368406742811203,21.092187881469727,-8.688969612121582,21.730398178100586,-44.26838302612305,2.5272819995880127,-0.9277243614196777,-3.5457184314727783,-0.21195878088474274,0.3286793529987335,4.4548773765563965,-0.5790925025939941,0.018225183710455894,2.2738943099975586,-0.016148775815963745,-0.17660453915596008,-0.7730656862258911,-1.431208848953247,0.1749996542930603
516,-9.923795700073242,-0.5576708316802979,-0.9485867023468018,-11.528911590576172,-0.42510825395584106,0.16150712966918945,-2.5645980834960938,-3.418416738510132,14.894340515136719,-35.39434814453125,9.348341941833496,0.24143007397651672,-3.411477565765381,-0.446951299905777,-0.39453551173210144,-0.011349186301231384,-0.5050727725028992,2.1706247329711914,2.05850887298584,0.21723201870918274,-0.17455650866031647,-1.1740660667419434,-1.1476813554763794,-0.04443392902612686
517,8.68441104888916,1.0365493297576904,-0.2386634349822998,-1.0805492401123047,-0.15222692489624023,-0.10882806777954102,-14.920528411865234,-8.661947250366211,9.910861015319824,-29.39623260498047,20.0,4.1510820388793945,-2.049346923828125,-0.38765424489974976,-0.542830765247345,-3.6056954860687256,-0.8801788091659546,3.3244051933288574,2.3085856437683105,0.32891136407852173,-0.13009795546531677,-1.5897002220153809,-1.005085825920105,-0.17534655332565308
518,18.242568969726562,0.18068158626556396,0.9086813926696777,11.897632598876953,0.34884023666381836,-0.2777895927429199,-22.3637752532959,-11.902182579040527,4.971540451049805,-24.163562774658203,20.0,5.227724075317383,-1.2281988859176636,-0.13030293583869934,-0.43589508533477783,-2.7734808921813965,-0.6905083060264587,3.5088560581207275,2.4232230186462402,0.4517427384853363,-0.23500163853168488,-1.5747276544570923,-1.087265968322754,-0.37199798226356506
519,16.724323272705078,8.311758041381836,-3.953901767730713,4.565950393676758,0.16918542981147766,-0.2974972724914551,-13.837757110595703,-13.964452743530273,4.295403480529785,-2.925046920776367,20.0,4.747455596923828,0.19632460176944733,0.2743290662765503,-0.012661509215831757,-5.322531223297119,0.05054354667663574,3.0395004749298096,0.8110952973365784,0.1137920618057251,-0.27599194645881653,1.6122336387634277,0.34064316749572754,-0.8603962063789368
520,30.512577056884766,12.504107475280762,-8.97578239440918,11.443344116210938,0.3906385898590088,-0.1422405242919922,-30.687305450439453,-7.094886302947998,1.7871407270431519,-15.43058967590332,19.189016342163086,5.594965934753418,2.1049015522003174,0.8065173029899597,-0.8591513633728027,-7.827743053436279,1.9671186208724976,3.2517709732055664,-0.5801325440406799,0.255671888589859,-0.5202570557594299,3.9885542392730713,1.865281581878662,-0.5069306492805481
521,54.095726013183594,29.021867752075195,-25.222270965576172,-75.66413116455078,5.170990467071533,20.0,-50.45331573486328,4.239931583404541,-1.634129524230957,-7.136287689208984,-0.7221460342407227,0.1634969711303711,2.2320048809051514,-0.26498639583587646,0.066523477435112,0.24919790029525757,0.19835758209228516,-7.648690223693848,-3.0426347255706787,-0.16656449437141418,1.006714940071106,7.5303802490234375,2.0580413341522217,2.203784227371216
522,29.830991744995117,27.20892333984375,-32.992774963378906,-48.06108474731445,1.9789409637451172,7.478061676025391,-29.399919509887695,4.744741439819336,-3.9500741958618164,-13.462924003601074,-1.074803113937378,-0.16676926612854004,1.7533528804779053,-0.22080674767494202,0.09403369575738907,0.05569148808717728,-1.8132892847061157,0.2268744707107544,-3.047163248062134,0.0763721913099289,0.3125775158405304,3.9980621337890625,-0.31070584058761597,1.7227287292480469
523,11.068290710449219,10.94912338256836,-19.81885528564453,-42.11851501464844,0.33403515815734863,5.377344608306885,-13.82093620300293,5.963505744934082,-5.216097831726074,-5.150104522705078,-0.170934796333313,-0.09458708763122559,1.9288395643234253,-0.21600018441677094,0.16546717286109924,-0.24192911386489868,-1.7334030866622925,0.21653872728347778,-3.2426607608795166,-0.07574990391731262,-0.4035813808441162,2.59394907951355,0.7262094020843506,1.3527554273605347
524,-6.614717483520508,13.5044527053833,-18.364322662353516,-46.81802749633789,2.9003493785858154,3.587890148162842,-1.1373424530029297,2.6106793880462646,-1.8067436218261719,-2.403430461883545,-0.22968316078186035,-0.11386072635650635,2.040215253829956,-0.20227068662643433,0.20611512660980225,-0.650134265422821,-1.644331932067871,0.10206282138824463,-2.9458186626434326,0.011470500379800797,-0.5562095642089844,0.4927618205547333,0.926369309425354,0.8531142473220825
525,4.882568359375,13.335617065429688,-14.759209632873535,-40.49131774902344,11.51697063446045,-2.7116217613220215,-5.763513565063477,1.6900408267974854,-0.018221616744995117,0.21257734298706055,-0.42434191703796387,-0.13631030917167664,2.5230672359466553,-0.6466059684753418,0.2165626734495163,-1.271745204925537,-1.366518259048462,0.5488238334655762,-2.378756523132324,-0.17543773353099823,-0.17041420936584473,-0.8619738817214966,-0.7421087026596069,-0.1836181879043579
526,-21.98314094543457,18.11566162109375,-17.13008689880371,-38.31118392944336,17.529478073120117,-4.065454483032227,11.036190032958984,0.02705875039100647,-0.22797727584838867,3.016193389892578,-0.027118682861328125,0.01163625717163086,2.546724557876587,-0.405983567237854,0.11963187158107758,-1.644106388092041,-1.3138025999069214,0.23273056745529175,-1.345999002456665,0.025600124150514603,-0.5049963593482971,-3.6176164150238037,-0.9405537843704224,-0.4994761049747467
527,-20.29789161682129,15.701152801513672,-12.698731422424316,-22.554298400878906,20.0,-5.943150520324707,16.497095108032227,-1.0487592220306396,2.3786635398864746,11.436724662780762,0.34274792671203613,-0.022009611129760742,2.1809000968933105,-0.3855334520339966,-0.1420973837375641,-1.0393296480178833,-1.3917278051376343,-0.9712085723876953,-0.6319279670715332,0.1560349464416504,-0.2509605884552002,-3.066685914993286,-0.4972873330116272,-1.2066725492477417
528,-21.485626220703125,7.057307243347168,-5.714150905609131,-9.82662296295166,20.0,-5.0213847160339355,24.240673065185547,-12.734858512878418,9.69246768951416,5.919702529907227,0.08552980422973633,-0.07085323333740234,1.19411039352417,-0.4838891625404358,0.3039425015449524,1.168092131614685,-0.06245189905166626,-2.2453575134277344,1.1834092140197754,-0.4972530007362366,0.5831009149551392,-5.8809990882873535,-1.1165685653686523,-2.333930253982544
529,-29.07671546936035,14.607640266418457,-1.2910375595092773,-7.970447540283203,16.337263107299805,-3.4402685165405273,32.82509231567383,-12.790745735168457,22.697826385498047,-29.45295524597168,-15.995477676391602,4.364468097686768,-0.43490636348724365,0.39083701372146606,0.5502492189407349,5.086764335632324,1.5569183826446533,-4.828817844390869,3.2050836086273193,-0.4058021008968353,-0.198468878865242,-2.543635845184326,7.116449356079102,-5.255795001983643
530,-38.579933166503906,-0.030730247497558594,0.7511148452758789,-7.199544906616211,-0.6200251579284668,0.48336172103881836,34.47515106201172,-28.525096893310547,32.08439636230469,-74.34996032714844,-3.1025876998901367,-5.449788570404053,-2.4013619422912598,1.0936733484268188,0.37070807814598083,7.104430675506592,1.99606192111969,-3.004680871963501,1.9378029108047485,0.09461867809295654,-0.10578557848930359,0.0819559395313263,-2.0767924785614014,0.7450233101844788
531,-47.22885513305664,-8.616098403930664,6.893022537231445,-12.597993850708008,-1.060410499572754,0.3276607096195221,47.019432067871094,-20.392749786376953,27.06827735900879,-45.89118576049805,-1.6089372634887695,-1.4195514917373657,-3.97090482711792,0.8258041143417358,0.5806280970573425,7.289759635925293,0.1911466121673584,-0.10809478908777237,2.2879512310028076,0.1937384009361267,0.04646111652255058,-0.37822115421295166,-2.963776111602783,1.1487202644348145
532,-28.50455093383789,-0.17681145668029785,0.15707707405090332,-18.878328323364258,-0.7070422172546387,0.10179078578948975,20.696796417236328,-9.059292793273926,18.937719345092773,-32.63813018798828,4.996638774871826,-1.0577723979949951,-4.003905773162842,0.6375524401664734,0.0008522644639015198,1.8217456340789795,1.0382953882217407,0.9880494475364685,2.4571948051452637,0.21872617304325104,-0.2522285580635071,-1.51803719997406,-2.463855266571045,1.1957587003707886
533,1.861166000366211,-4.73829984664917,1.6369991302490234,-1.9178149700164795,-0.503422737121582,0.0008482933044433594,-12.29704475402832,-9.759044647216797,19.264057159423828,-47.138389587402344,12.310222625732422,1.9880415201187134,-3.524099111557007,-0.22458451986312866,-0.826153576374054,-0.9511416554450989,-0.9310453534126282,2.2572333812713623,2.385178565979004,0.08715230226516724,-0.28662604093551636,-1.2637425661087036,-1.3198230266571045,0.23313240706920624
534,15.560790061950684,4.059426784515381,-2.8672385215759277,1.1680469512939453,-0.02548229694366455,-0.11300516128540039,-26.693008422851562,-10.843449592590332,16.224241256713867,-36.48041534423828,18.876750946044922,4.8513007164001465,-1.8857146501541138,-0.00724782794713974,-1.0855835676193237,-4.89168643951416,-0.9231577515602112,2.8804891109466553,2.4475488662719727,0.2936132550239563,-0.13290205597877502,-1.7656331062316895,-1.030448317527771,-0.16691815853118896
535,26.031198501586914,8.092214584350586,-3.4773993492126465,9.089012145996094,0.3035397529602051,-0.1660470962524414,-26.351274490356445,-11.892773628234863,3.823141574859619,-11.801345825195312,20.0,4.636534690856934,-0.030194751918315887,0.3847466707229614,-0.72149658203125,-7.677143096923828,0.5798712372779846,3.8608953952789307,1.0926332473754883,0.02516205608844757,-0.19307561218738556,0.8524860739707947,0.002400500699877739,0.7960085272789001
536,52.51980209350586,14.717507362365723,-18.52381134033203,-15.164375305175781,-18.935270309448242,8.596498489379883,-48.215328216552734,0.6500874757766724,-3.3619816303253174,-8.493959426879883,7.526904582977295,2.086481809616089,2.846430778503418,1.65186607837677,0.7227251529693604,-3.181495428085327,11.120003700256348,-0.541038990020752,-1.128851056098938,0.26750436425209045,-0.03980526328086853,5.269445896148682,2.8892977237701416,1.5465821027755737
537,25.486719131469727,21.2961368560791,-30.423995971679688,-65.65927124023438,-2.615061044692993,20.0,-28.78948402404785,0.8423072695732117,0.3320603370666504,-7.145149230957031,-0.9567331075668335,-0.1586933135986328,1.7932729721069336,-0.12663689255714417,0.39304953813552856,0.21859291195869446,-1.8960623741149902,0.07478141784667969,-2.224778652191162,-0.02187987044453621,1.1560407876968384,5.700521945953369,0.4599651098251343,1.6950410604476929
538,22.808364868164062,21.862735748291016,-26.040142059326172,-42.63115310668945,0.42159223556518555,6.964025020599365,-25.73093032836914,2.394129514694214,-4.459728240966797,-9.365254402160645,-0.4622269868850708,-0.05978107452392578,1.9765931367874146,-0.07721516489982605,0.29272499680519104,-0.14863646030426025,-1.840048909187317,0.1501465141773224,-2.699633836746216,-0.21684587001800537,0.23945432901382446,3.991452693939209,1.1220813989639282,1.9952056407928467
539,13.914133071899414,17.15658950805664,-20.6770076751709,-38.13349914550781,7.241602420806885,0.8829523324966431,-20.995262145996094,2.2332122325897217,-2.008211374282837,-7.912398338317871,-0.7341368198394775,-0.20176923274993896,1.7185732126235962,-0.19313429296016693,0.11008542776107788,-0.43326878547668457,-1.6490943431854248,0.2909835875034332,-3.3541386127471924,-0.18622544407844543,-0.018911117687821388,2.1052560806274414,-0.7016269564628601,0.9187906384468079
540,1.014969825744629,9.421585083007812,-16.70613670349121,-35.72648239135742,11.962751388549805,1.4804600477218628,-4.2281646728515625,3.3828775882720947,-2.4824790954589844,-3.172783374786377,-0.10762852430343628,-0.07218372821807861,1.9505016803741455,-0.19279202818870544,0.055888816714286804,-0.8063565492630005,-1.4957705736160278,-0.08516312390565872,-2.806363821029663,-0.22705620527267456,-0.39496445655822754,-0.3909949064254761,-0.08206845074892044,0.4212203025817871
541,2.044703483581543,1.9423038959503174,-3.1672348976135254,-16.662782669067383,16.65703582763672,-1.0245171785354614,1.8242464065551758,3.5089664459228516,-1.3403546810150146,0.6607933044433594,0.09933805465698242,-0.10179316997528076,2.1676433086395264,-0.4921025335788727,0.17538543045520782,-0.7937153577804565,-1.4750021696090698,0.11590796709060669,-2.09647536277771,-0.2900610566139221,-0.09238486737012863,-1.890136957168579,1.6943823099136353,-0.8563851118087769
542,-10.35733699798584,10.324617385864258,-9.996230125427246,-21.513065338134766,20.0,-4.251555442810059,6.176113128662109,-2.020977258682251,1.8599774837493896,2.898906707763672,-0.44055771827697754,0.002256631851196289,2.209789514541626,-0.5762202143669128,0.2005831003189087,-1.0233622789382935,-1.5496054887771606,0.08547995984554291,-1.3211276531219482,-0.3182642161846161,0.21708932518959045,-3.8487064838409424,-0.2589873969554901,-1.6722311973571777
543,-28.511592864990234,1.3200665712356567,-3.423624277114868,-19.22720718383789,20.0,-5.296311855316162,24.981088638305664,-0.17839115858078003,0.9520518779754639,7.697671890258789,0.022151947021484375,0.12384295463562012,1.9724620580673218,-0.44794127345085144,0.3258918225765228,-0.43540534377098083,-1.2622228860855103,-0.4806569516658783,0.6681156158447266,-0.24597790837287903,0.24828048050403595,-7.149861812591553,-0.8383941650390625,-1.7594765424728394
544,-35.950191497802734,10.810433387756348,0.2000739425420761,-11.532066345214844,20.0,-4.353804111480713,38.67144012451172,-11.127114295959473,13.349150657653809,-23.48209571838379,-13.707691192626953,4.635438919067383,0.41881680488586426,-0.0017366823740303516,0.26808038353919983,3.210177421569824,0.4179929494857788,-3.2131404876708984,2.2264962196350098,0.13336318731307983,-0.030457288026809692,-0.07574835419654846,-1.5341756343841553,-7.0483222007751465
545,-58.8304557800293,-10.707752227783203,8.456851959228516,-5.405845642089844,-0.3997354507446289,0.21030569076538086,64.45057678222656,-27.603796005249023,31.913116455078125,-76.8738784790039,4.410093307495117,-1.3348135948181152,-2.9436213970184326,0.7725855708122253,1.0146868228912354,8.894657135009766,2.8184871673583984,-2.183454751968384,2.2522313594818115,0.12513621151447296,-0.3710004389286041,-0.23255646228790283,-1.866937518119812,0.16258344054222107
546,-48.20211410522461,-13.01165771484375,7.923792839050293,-14.697307586669922,-1.2689324617385864,0.18935465812683105,50.75497817993164,-11.81029987335205,30.888212203979492,-37.53292465209961,9.0928373336792,-2.6963956356048584,-4.743319511413574,-0.08181074261665344,0.9634074568748474,8.954975128173828,0.3935183584690094,-0.5424594283103943,2.1519010066986084,0.06924855709075928,-0.3106313645839691,-0.4645734131336212,-1.6131802797317505,-0.09459809958934784
547,-16.85577392578125,3.632981300354004,-3.9218239784240723,-20.193546295166016,-0.6744602918624878,0.1916595697402954,9.409808158874512,-8.683395385742188,16.74629783630371,-35.018123626708984,3.883727550506592,0.6929351091384888,-4.202492713928223,-0.39670658111572266,-0.1843695342540741,2.481677293777466,1.0955532789230347,0.5957282781600952,2.4134435653686523,0.2766428589820862,-0.4102025032043457,-1.0647435188293457,-1.3401758670806885,-0.07498589158058167
548,-7.820701599121094,-2.9226253032684326,3.0526320934295654,-4.691342830657959,-0.6402897834777832,0.024915218353271484,-0.5670928955078125,-16.72374153137207,21.128787994384766,-46.817665100097656,11.840431213378906,3.4338676929473877,-3.883662223815918,-0.7340086698532104,0.09932740777730942,-0.7244709730148315,-0.6777567863464355,2.47100567817688,2.4754230976104736,0.18067768216133118,-0.2661002278327942,-1.4824118614196777,-1.0970442295074463,0.07001474499702454
549,21.45926856994629,2.970989227294922,-2.0278825759887695,5.853124618530273,0.13196039199829102,-0.1872844696044922,-33.10803985595703,-14.747353553771973,16.66254425048828,-49.350364685058594,15.96867847442627,6.751516342163086,-2.470524787902832,-0.5639808177947998,-0.21081069111824036,-2.796226978302002,-0.982714831829071,2.494377851486206,2.787933588027954,0.2682726979255676,-0.46970880031585693,-2.234356641769409,-0.8737800717353821,-0.22696956992149353
550,14.958978652954102,5.97774600982666,-2.3778843879699707,5.70536994934082,0.22854343056678772,-0.1736912727355957,-16.868061065673828,-16.03362274169922,9.950142860412598,-15.017165184020996,20.0,4.587414264678955,-1.0774285793304443,-0.14633120596408844,0.4717593789100647,-4.8542704582214355,0.16092446446418762,3.126786947250366,2.373067855834961,0.09611776471138,-0.08137181401252747,-1.3410080671310425,-1.106652855873108,1.9157391786575317
551,40.799163818359375,15.706119537353516,-12.92735767364502,11.167661666870117,0.195451021194458,-0.10442447662353516,-41.270660400390625,-14.576530456542969,5.550036430358887,-14.217594146728516,20.0,3.928612470626831,1.4365392923355103,0.10424510389566422,-0.798650324344635,-8.18348503112793,-0.23956279456615448,3.4142396450042725,0.1963842809200287,-0.03987560048699379,-0.3306204378604889,2.4428811073303223,1.577284812927246,0.8266005516052246
552,55.52473449707031,17.617069244384766,-12.700874328613281,22.07678985595703,0.7454612255096436,-0.14334869384765625,-53.224159240722656,-4.514553546905518,-0.8657504320144653,-13.68863296508789,5.166257381439209,1.7986249923706055,3.45701003074646,1.6875267028808594,0.6937234401702881,-3.3536934852600098,9.360994338989258,-0.6816703081130981,-2.1413514614105225,0.10018110275268555,-0.25409120321273804,6.429133415222168,4.050070762634277,1.8377922773361206
553,23.543567657470703,21.60857582092285,-33.34120559692383,-41.72398376464844,-19.474536895751953,12.1895751953125,-28.156295776367188,-0.34463346004486084,0.6378817558288574,-9.37887954711914,-1.2458423376083374,-0.18737077713012695,1.5899221897125244,-0.06936763972043991,-0.7215201258659363,0.19606539607048035,-1.98698091506958,-5.751126766204834,-3.243018865585327,0.1805049329996109,0.9640244841575623,6.694098949432373,-0.11218655109405518,1.9354382753372192
554,2.915506362915039,20.50878143310547,-24.483163833618164,-45.824851989746094,-5.835925102233887,8.173476219177246,-2.9124603271484375,3.198533773422241,-3.743039846420288,-6.988771438598633,-0.10587310791015625,-0.07930183410644531,1.3258693218231201,0.1588757038116455,-0.24690958857536316,1.1342084407806396,-2.4556639194488525,0.07906738668680191,-2.5230438709259033,0.14873893558979034,0.20112287998199463,4.089155197143555,1.2634690999984741,2.477827310562134
555,18.83846092224121,19.943397521972656,-24.70658302307129,-44.368003845214844,-0.9798035621643066,2.7539236545562744,-20.38763427734375,-1.7189626693725586,0.03770411014556885,-8.78193187713623,-0.7721936106681824,-0.2830817699432373,1.8034019470214844,0.19791942834854126,-0.08771048486232758,0.45383837819099426,-2.2106900215148926,0.19520550966262817,-2.460566997528076,0.11376047134399414,0.3796311318874359,1.1867144107818604,-0.3873823583126068,1.1130620241165161
556,-5.895956039428711,12.66714096069336,-15.307629585266113,-51.012779235839844,5.108448028564453,1.103183388710022,-2.757863998413086,0.35295653343200684,-0.8455302119255066,-1.5113224983215332,-0.21017670631408691,-0.12205910682678223,1.9987468719482422,-0.2347053587436676,-0.07389824092388153,-0.3832305371761322,-1.8027726411819458,0.03905913606286049,-2.087188720703125,-0.6447747945785522,0.046617522835731506,-0.9694505333900452,-0.7943727970123291,0.30492547154426575
557,-19.278011322021484,1.206878900527954,-6.274624824523926,-35.49945831298828,9.200799942016602,0.6846612691879272,9.97403621673584,8.173843383789062,-4.445948123931885,4.1627044677734375,0.17973542213439941,-0.04264652729034424,1.6347682476043701,-0.18154865503311157,0.16821277141571045,-0.29337143898010254,-1.7641793489456177,0.22675709426403046,-1.8707197904586792,-0.25047293305397034,0.12439125776290894,-1.9115819931030273,0.007949627004563808,-0.6949285864830017
558,-7.69197940826416,4.943672180175781,-8.405401229858398,-38.72980499267578,18.023649215698242,-3.8074002265930176,3.8249855041503906,5.469959259033203,-2.9779670238494873,4.097630500793457,-0.12936294078826904,0.03617429733276367,2.0740387439727783,-0.5660661458969116,0.20281317830085754,-1.0355302095413208,-1.5080020427703857,0.13801074028015137,-0.9244664907455444,-0.561737060546875,-0.021271858364343643,-3.506680727005005,-0.7189458608627319,-1.5698702335357666
559,-7.861929893493652,15.63442325592041,-14.689807891845703,-29.74073600769043,20.0,-8.291452407836914,3.815617084503174,-1.5636248588562012,1.577465295791626,7.482421875,-0.01908731460571289,0.11293721199035645,2.2181055545806885,-0.7156422734260559,0.13825723528862,-1.2852578163146973,-1.3508007526397705,0.38732248544692993,-0.26114240288734436,-0.5925384759902954,0.25155383348464966,-4.114222526550293,-1.4583895206451416,-1.5176115036010742
560,-23.310972213745117,6.767060279846191,2.1847236156463623,-5.665600776672363,20.0,-5.299927234649658,30.663089752197266,-9.450718879699707,11.244132995605469,-25.51760482788086,-18.765275955200195,6.983789443969727,0.9649016261100769,-0.4374742805957794,0.05567396432161331,1.7550874948501587,-0.16482162475585938,-3.7840940952301025,2.6672606468200684,-0.7361873388290405,0.30123642086982727,-3.1102375984191895,7.967305660247803,-5.661782264709473
561,-42.23924255371094,-6.445827960968018,5.2589616775512695,0.767333984375,0.10213518142700195,0.24608659744262695,47.93120193481445,-27.94471549987793,27.457538604736328,-76.87041473388672,4.677622318267822,-6.069810390472412,-1.8914761543273926,0.8987940549850464,1.418439269065857,8.717824935913086,3.4655606746673584,-3.4966464042663574,2.1945858001708984,0.0025811418890953064,-0.025035176426172256,-0.05703893303871155,-2.00768780708313,0.45736896991729736
562,-41.0970573425293,-3.3755788803100586,1.6465139389038086,-15.258859634399414,-1.446852684020996,0.4292306900024414,35.35655975341797,-17.758544921875,23.257787704467773,-47.502891540527344,-1.1568613052368164,0.1294577419757843,-3.149890184402466,0.6784936189651489,0.6166223287582397,7.976444244384766,-0.5308604836463928,-0.736544668674469,2.228774309158325,0.1949610859155655,-0.24301038682460785,-0.6242948174476624,-1.5375313758850098,-0.03644498437643051
563,-35.889060974121094,-12.481335639953613,8.341779708862305,-16.573158264160156,-0.6558988094329834,0.07010602951049805,30.71337890625,-4.168581008911133,17.320219039916992,-34.778385162353516,2.885758876800537,-0.29496002197265625,-4.0047688484191895,-0.31540533900260925,0.6659900546073914,4.7503275871276855,0.003743965644389391,0.5749720931053162,2.1321356296539307,0.030344709753990173,-0.13406741619110107,-0.8318454027175903,-1.3821003437042236,-0.010927319526672363
564,-18.26641273498535,-3.180877685546875,1.8058481216430664,-10.45975112915039,-0.5477774143218994,0.028270483016967773,14.699438095092773,-10.51192569732666,18.067873001098633,-36.041202545166016,15.273277282714844,0.9427023530006409,-3.9355132579803467,-0.771143913269043,0.30096009373664856,1.1422382593154907,-0.26216989755630493,1.814037561416626,2.410848617553711,0.08115056902170181,-0.08907763659954071,-1.3293986320495605,-1.1279950141906738,0.07491564005613327
565,11.037132263183594,10.274322509765625,-8.027843475341797,-3.707942008972168,-0.1847640573978424,0.005584239959716797,-24.31346893310547,-14.99431037902832,13.686335563659668,-35.48302459716797,20.0,4.373864650726318,-2.9811453819274902,-0.5610169172286987,-1.0865448713302612,-2.935466766357422,-0.2595222294330597,2.7195756435394287,2.43204665184021,0.33997708559036255,-0.31910571455955505,-2.0328147411346436,-0.8500884175300598,-0.2510405480861664
566,24.15453338623047,15.550761222839355,-8.425751686096191,1.7791862487792969,-0.16992664337158203,-0.10254144668579102,-30.23617172241211,-16.861040115356445,8.425467491149902,-18.96002960205078,20.0,4.58535099029541,-0.6240219473838806,0.2988341152667999,-1.1343644857406616,-7.973567962646484,-1.057600498199463,3.834421157836914,1.9206171035766602,0.313899427652359,-0.24538779258728027,-1.256429672241211,-0.4655686318874359,0.8654636144638062
567,48.02994918823242,13.394744873046875,-8.62773323059082,16.595966339111328,0.4443742334842682,-0.24215316772460938,-44.915218353271484,-8.223559379577637,1.585347056388855,-11.9378080368042,20.0,4.321977138519287,2.6642894744873047,1.0024174451828003,-1.141390085220337,-11.973268508911133,0.07559671252965927,3.892320156097412,-0.2909081280231476,0.061756882816553116,-0.6478232741355896,3.0396721363067627,1.9615658521652222,0.9524043798446655
568,49.99483108520508,15.752471923828125,-32.3464241027832,-30.344545364379883,-20.0,13.070886611938477,-44.88920593261719,-7.682992458343506,3.7601635456085205,-7.633762359619141,-0.5268387794494629,-0.021159648895263672,2.628814935684204,1.29224693775177,0.4443410634994507,-2.818131446838379,9.480992317199707,-2.1146163940429688,-2.436002731323242,-0.22643226385116577,0.25625190138816833,6.961725234985352,2.3837499618530273,2.8454744815826416
569,29.03260040283203,23.070423126220703,-30.604167938232422,-41.19214630126953,-2.408763885498047,16.80211639404297,-25.48558235168457,-0.4885437786579132,1.072493076324463,-10.505651473999023,-0.960447371006012,-0.3489992618560791,1.7994672060012817,0.12417643517255783,-0.11633209139108658,0.057453401386737823,-1.844008445739746,-4.241218090057373,-3.000729560852051,-0.034558072686195374,1.3130992650985718,5.962520122528076,-0.05060321465134621,1.4416122436523438
570,4.967987060546875,18.05678367614746,-25.567604064941406,-43.31752395629883,-0.697258472442627,8.097742080688477,-6.073665618896484,2.8861334323883057,-3.786858320236206,-8.224973678588867,-0.3021506071090698,-0.058678388595581055,1.82578444480896,0.0359543040394783,-0.1463848054409027,0.38295838236808777,-2.1147661209106445,0.01143268495798111,-1.9868563413619995,-0.2692526578903198,0.2211250364780426,2.2506775856018066,0.18262310326099396,1.5652682781219482
571,13.375677108764648,-1.200690746307373,-3.792070150375366,-23.687908172607422,7.049552917480469,3.3028030395507812,-15.815963745117188,13.007699966430664,-8.782719612121582,-5.580527305603027,-0.3050299882888794,-0.1049034595489502,1.5956498384475708,-0.03953861817717552,-0.06397790461778641,0.4086143970489502,-2.017740488052368,0.022297531366348267,-2.5104000568389893,-0.09984955191612244,-0.3789842426776886,0.7743840217590332,0.6452791690826416,0.34306296706199646
572,7.738508224487305,12.745115280151367,-16.18558692932129,-37.40105056762695,13.77798843383789,-0.4087451100349426,-10.587603569030762,-1.6002357006072998,1.4322760105133057,-4.5716657638549805,-0.6733267307281494,-0.09590291976928711,2.1087238788604736,-0.2757415473461151,0.13086378574371338,-0.5253279805183411,-1.723517894744873,0.12649916112422943,-1.9385316371917725,-0.4401283264160156,-0.11093580722808838,-2.579148769378662,-1.610572338104248,-0.5278894305229187
573,12.203760147094727,15.116874694824219,-12.186110496520996,-18.70417594909668,18.123321533203125,-5.762823104858398,-6.963600158691406,1.1576961278915405,-0.813567578792572,5.28293514251709,0.17650681734085083,0.019071340560913086,2.3691139221191406,-0.3664918541908264,0.1086106151342392,-0.498729407787323,-1.7676886320114136,0.4411071836948395,-1.7609928846359253,-0.3378355801105499,-0.021002627909183502,-2.3542184829711914,-0.2718818783760071,-1.1636309623718262
574,-23.427650451660156,6.218430042266846,-12.017779350280762,-28.724836349487305,20.0,-3.121954917907715,14.135562896728516,3.719949960708618,-1.1158920526504517,6.825516700744629,0.08461029827594757,0.09443974494934082,1.9633792638778687,-0.39668482542037964,-0.059409249573946,-0.4336826205253601,-1.7588940858840942,0.1461734175682068,-1.0940130949020386,-0.14248591661453247,-0.03714345023036003,-3.6665422916412354,-0.12432693690061569,-1.315966248512268
575,-26.409679412841797,9.043068885803223,-9.69504165649414,-25.199413299560547,20.0,-6.123226642608643,21.145326614379883,-2.597668409347534,1.8694088459014893,9.125978469848633,0.10349391400814056,0.04488563537597656,2.191359758377075,-0.27717819809913635,0.05348905920982361,-0.6132755279541016,-1.828989863395691,-0.4742591381072998,0.48248490691185,-0.11202248930931091,0.07893428951501846,-5.820463180541992,-0.1135491281747818,-2.1468214988708496
576,-26.793447494506836,4.991573333740234,5.5342607498168945,-8.426263809204102,20.0,-4.82881498336792,24.34893798828125,-14.460660934448242,19.769527435302734,-50.47892761230469,8.814909934997559,-2.5848946571350098,1.2130237817764282,0.11342103779315948,0.13700737059116364,1.7896091938018799,-0.0533905029296875,-3.668395519256592,2.121063709259033,-0.027373701333999634,0.26416832208633423,0.3598712682723999,-2.998650074005127,0.7423892617225647
577,-62.00819778442383,-20.516544342041016,14.511357307434082,-0.5094413757324219,-0.2370142936706543,0.2534515857696533,73.84480285644531,-26.772361755371094,31.019479751586914,-67.51093292236328,8.082160949707031,-2.793501377105713,-3.407243251800537,0.45084360241889954,1.5838546752929688,12.137142181396484,2.4113082885742188,-1.1167231798171997,2.217674493789673,-0.0720367282629013,-0.43664440512657166,-0.15754003822803497,-1.8662844896316528,0.04561586678028107
578,-43.954124450683594,5.597513198852539,-4.183381080627441,-23.92229652404785,-1.4746071100234985,0.15245389938354492,35.71061706542969,-15.311088562011719,30.120561599731445,-46.47580337524414,2.223268508911133,-1.1026127338409424,-3.8986949920654297,0.5687593817710876,0.3809133470058441,7.692235469818115,-0.25798746943473816,-1.0809211730957031,2.5197043418884277,0.262771338224411,-0.7926576137542725,-1.0902682542800903,-1.3517869710922241,-0.29420894384384155
579,-25.0578670501709,-8.979667663574219,5.87754487991333,-16.684701919555664,-0.5789527893066406,0.10886365920305252,15.09946060180664,-4.3987016677856445,17.012508392333984,-31.070236206054688,5.1003737449646,0.2739063501358032,-4.441983699798584,-0.19184176623821259,0.7941986918449402,3.2887375354766846,0.43379801511764526,0.08472254127264023,1.9908541440963745,0.24074432253837585,-0.30394986271858215,-1.0858604907989502,-1.1408517360687256,-0.11168889701366425
580,-9.481805801391602,0.028464794158935547,-1.035273790359497,-9.950754165649414,-0.5263044834136963,0.1166231632232666,5.830574989318848,-10.367915153503418,21.601348876953125,-37.23566436767578,12.36499309539795,1.2343416213989258,-3.492041826248169,-0.8501572012901306,0.059763647615909576,-1.9353197813034058,0.4829197824001312,1.5998564958572388,2.490217924118042,0.13361072540283203,-0.29983654618263245,-1.6708265542984009,-0.9360871315002441,-0.043327681720256805
581,8.054145812988281,0.8138017654418945,-1.200972557067871,7.319718360900879,-0.049021899700164795,-0.004249095916748047,-14.356040954589844,-9.509246826171875,13.237146377563477,-34.649925231933594,19.378530502319336,5.357309818267822,-3.11818528175354,-0.6044555306434631,-0.5781263709068298,-1.8146275281906128,-0.17989188432693481,3.483612298965454,2.5548017024993896,0.5732149481773376,-0.3543914258480072,-2.0640053749084473,-0.7707566022872925,-0.4017637073993683
582,18.352890014648438,8.193593978881836,-3.329069137573242,0.38525390625,-0.21519231796264648,-0.2507352828979492,-16.781982421875,-9.300695419311523,7.633988857269287,-8.10782527923584,20.0,4.454703330993652,-0.931578516960144,-0.351370245218277,-0.35060614347457886,-6.357205867767334,-1.277253270149231,4.0094194412231445,1.9952491521835327,0.24201399087905884,-0.37140652537345886,-0.48921406269073486,-0.30258652567863464,0.7429468035697937
583,34.32365036010742,21.008764266967773,-13.28643798828125,9.660079956054688,0.32624971866607666,-0.19687938690185547,-35.90070724487305,-16.997224807739258,6.303369998931885,-12.967389106750488,20.0,4.005893707275391,1.853129267692566,0.5213333368301392,-0.8551962375640869,-11.530461311340332,0.8507049083709717,4.334623336791992,-0.18168210983276367,0.0031972303986549377,-0.5635047554969788,3.245598077774048,1.8579591512680054,1.5975114107131958
584,68.45172882080078,14.584482192993164,-26.254487991333008,-22.12105941772461,-20.0,10.581815719604492,-58.182960510253906,-0.9132188558578491,-0.8016653060913086,-9.70517349243164,-0.48345279693603516,-0.12718605995178223,2.7177553176879883,1.508847713470459,0.5410895347595215,-2.847912549972534,11.129953384399414,-2.8307881355285645,-2.4552838802337646,0.2804355323314667,0.09301479905843735,7.282682418823242,4.10552978515625,1.871364712715149
585,17.821786880493164,29.255891799926758,-32.229148864746094,-52.57489776611328,-3.38258695602417,18.049102783203125,-21.686161041259766,-6.7225117683410645,4.402998924255371,-13.221399307250977,-1.498521327972412,-0.2273557186126709,1.7619527578353882,0.1565411239862442,-0.18395249545574188,0.31649380922317505,-2.0436038970947266,-3.5927889347076416,-2.8697996139526367,0.06888039410114288,1.2874757051467896,4.371301651000977,-1.139160394668579,1.789022445678711
586,11.490191459655762,16.842670440673828,-20.81610679626465,-42.26523208618164,-3.807980537414551,7.955166339874268,-10.803189277648926,5.241042137145996,-4.960577011108398,-5.670853614807129,-0.05678844451904297,-0.10973072052001953,1.705528974533081,-0.12238430976867676,-0.17816832661628723,0.5897927284240723,-2.1410021781921387,-0.014772798866033554,-2.4752326011657715,-0.36287662386894226,0.19999675452709198,2.2289199829101562,0.21306638419628143,1.3413887023925781
587,-11.08420181274414,12.96415901184082,-13.920283317565918,-49.23554992675781,-5.723627090454102,7.989623069763184,3.9261999130249023,2.5767176151275635,-2.3423221111297607,-2.4516758918762207,-0.22135671973228455,-0.09871292114257812,2.0073347091674805,-0.06835581362247467,0.06986960768699646,0.0918688178062439,-2.0058517456054688,-0.0049856361001729965,-1.687068223953247,-0.5036580562591553,-0.007770078256726265,-0.6010230183601379,-0.19059275090694427,1.0194650888442993
588,-6.8765130043029785,9.73118782043457,-12.068109512329102,-48.549007415771484,4.455218315124512,4.0806965827941895,-1.7905492782592773,9.350425720214844,-5.230396270751953,5.225139617919922,0.10696041584014893,-0.07552304863929749,1.870068907737732,-0.27949416637420654,0.08501877635717392,-0.3161022365093231,-1.7746326923370361,-0.13952741026878357,-2.1064395904541016,-0.36281004548072815,-0.12164276093244553,0.05974160507321358,0.728917121887207,0.22685806453227997
589,-0.4940643310546875,10.738256454467773,-13.246672630310059,-29.09504508972168,14.629295349121094,0.6321049928665161,-2.4844818115234375,4.576258659362793,-2.281801462173462,-0.36506080627441406,-0.2823171615600586,-0.09518861770629883,1.9177587032318115,-0.22499284148216248,0.0994679182767868,-0.40858030319213867,-1.664555311203003,-0.009791094809770584,-1.5814599990844727,0.015371073968708515,-0.0426841638982296,-2.004342555999756,0.355490505695343,-1.4266822338104248
590,-3.3965206146240234,12.761306762695312,-12.015693664550781,-29.806312561035156,19.394973754882812,-6.572421073913574,1.8265466690063477,1.0265601873397827,-0.3386145234107971,4.935349464416504,-0.21323370933532715,0.10170531272888184,2.2843878269195557,-0.47967156767845154,-0.019725197926163673,-0.857651948928833,-1.65103280544281,0.11038880050182343,-0.8502045273780823,-0.053310327231884,0.07190921157598495,-2.819570541381836,-1.0911058187484741,-1.727372646331787
591,-22.583364486694336,15.86401653289795,-12.880560874938965,-24.341297149658203,20.0,-5.398879051208496,15.604263305664062,-6.7346296310424805,4.653995037078857,5.482690811157227,0.006412506103515625,0.10467672348022461,2.0397753715515137,-0.27001243829727173,-0.08320802450180054,-0.541558027267456,-1.7317622900009155,-1.7041759490966797,0.5275294184684753,0.033046361058950424,0.5211066007614136,-5.780701637268066,-1.690114974975586,-1.467725396156311
592,-34.15851593017578,6.251386642456055,4.841141223907471,-10.093687057495117,15.739304542541504,-3.5958099365234375,33.70991134643555,-11.328977584838867,12.788148880004883,-27.776100158691406,-14.731626510620117,4.610672950744629,0.8312079310417175,-0.008145149797201157,0.33827129006385803,2.205855369567871,-0.3751773536205292,-3.247251272201538,2.1885905265808105,-0.4883022904396057,-0.8363069891929626,-0.41055989265441895,-1.9069304466247559,-6.813094615936279
593,-54.910919189453125,-24.707719802856445,15.897302627563477,-0.1215362548828125,-0.1292581558227539,0.17189598083496094,60.66905975341797,-17.292186737060547,20.969022750854492,-68.9098129272461,0.4542124271392822,-0.37407997250556946,-3.4162867069244385,0.2713771164417267,1.6393821239471436,11.918867111206055,1.951198697090149,-1.570841908454895,1.712120532989502,0.12618428468704224,-0.0893830955028534,0.32112255692481995,-2.0376088619232178,0.10331416130065918
594,-43.550682067871094,-1.2263102531433105,1.228459358215332,-22.49947738647461,-1.3086600303649902,0.1624222993850708,37.205055236816406,-13.969118118286133,25.090866088867188,-52.07160949707031,-0.14345097541809082,1.0850646495819092,-3.8525030612945557,0.1626056581735611,1.053781270980835,7.794068336486816,0.37932536005973816,-0.855639636516571,2.215029239654541,0.1917019784450531,-0.511926531791687,-0.6689634919166565,-1.5642814636230469,-0.21663635969161987
595,-22.25577735900879,-2.6306772232055664,0.6955657005310059,-15.881465911865234,-0.7475607395172119,0.14617720246315002,15.316381454467773,-9.148727416992188,24.38434410095215,-47.364200592041016,6.5399250984191895,0.44285380840301514,-3.539407730102539,-0.4695056080818176,0.4807422161102295,2.8515396118164062,-0.196732759475708,0.09626870602369308,2.616445541381836,0.24725432693958282,-0.42565712332725525,-1.4407137632369995,-1.1615897417068481,-0.18849456310272217
596,-4.27702522277832,-1.3758065700531006,0.31777524948120117,-5.976744651794434,-0.37860608100891113,0.08989310264587402,-5.196795463562012,-9.667642593383789,15.246776580810547,-38.20220184326172,12.53598403930664,3.4936962127685547,-3.1800642013549805,-0.7589155435562134,0.06791245192289352,-0.3794013559818268,-1.079867959022522,1.5909730195999146,2.670027494430542,0.40438199043273926,-0.3474692106246948,-1.8840465545654297,-0.9369346499443054,-0.23584948480129242
597,13.739465713500977,8.210692405700684,-6.196557998657227,0.15850353240966797,0.007857561111450195,0.04961204528808594,-30.185483932495117,-20.66706085205078,11.895063400268555,-28.90228271484375,20.0,5.397465705871582,-2.651477813720703,-0.8148521780967712,-0.6942651271820068,-3.4343926906585693,-0.950874924659729,3.541870594024658,1.9721661806106567,0.3848000168800354,-0.1752089560031891,-1.7609272003173828,-1.030158519744873,0.6234701871871948
598,13.116928100585938,9.917683601379395,-4.224616050720215,6.590850830078125,0.25563740730285645,-0.26096343994140625,-10.706254005432129,-22.240690231323242,13.981916427612305,-22.359119415283203,20.0,6.112981796264648,-0.5641493201255798,-0.24441954493522644,-0.529188871383667,-5.604341506958008,0.5145068168640137,3.7254419326782227,2.655913829803467,0.34021008014678955,-0.13185396790504456,-1.9781502485275269,-0.89391028881073,0.5907871723175049
599,20.01296615600586,12.998348236083984,-7.750304698944092,11.773117065429688,0.03640301525592804,-0.25742578506469727,-24.220266342163086,-24.020366668701172,10.615839004516602,-11.965010643005371,20.0,3.3497657775878906,0.3977407217025757,0.2633887529373169,-0.6868657469749451,-6.205018997192383,-0.1379869133234024,3.2976937294006348,1.2259318828582764,0.12491880357265472,-0.16449156403541565,0.45064395666122437,-0.31437042355537415,1.692906379699707
600,39.85264587402344,19.728389739990234,-12.770608901977539,15.745006561279297,0.43436646461486816,-0.13457918167114258,-33.62547302246094,-16.14138412475586,3.234771251678467,-9.746036529541016,20.0,3.922779083251953,2.657383441925049,1.2274131774902344,-1.2213623523712158,-7.915589332580566,0.6362236142158508,3.461245536804199,-1.0589251518249512,-0.18216155469417572,-0.7996808290481567,5.166723251342773,2.2393691539764404,1.9596138000488281
601,63.82848358154297,23.09697151184082,-32.949832916259766,-28.71944236755371,-17.459636688232422,12.563760757446289,-60.65921401977539,-0.5178073048591614,0.16628098487854004,-13.117584228515625,-0.8238935470581055,-0.19794559478759766,2.31951904296875,0.03908175230026245,0.24102330207824707,1.1448109149932861,0.9613094329833984,-9.524137496948242,-3.334613800048828,-0.403184711933136,0.47956523299217224,7.569646835327148,2.9739990234375,1.8957188129425049
602,33.589256286621094,29.7681884765625,-35.82520294189453,-40.33716583251953,4.076415061950684,6.359542369842529,-31.20245361328125,3.739598274230957,-3.2781169414520264,-13.246711730957031,-1.2624796628952026,-0.1368098258972168,1.3381001949310303,0.019079573452472687,-0.23164576292037964,0.6934847235679626,-2.148087739944458,0.046902429312467575,-4.051313877105713,0.09188959002494812,0.3594374656677246,4.917252063751221,-0.28587254881858826,1.7127504348754883
603,1.5423145294189453,18.109386444091797,-24.895029067993164,-45.90077590942383,-2.694758415222168,6.024399280548096,-0.879547119140625,-2.8903818130493164,0.3039247989654541,-4.990694999694824,-0.07694876194000244,-0.152754545211792,2.1089346408843994,-0.003323204815387726,0.007877655327320099,0.057395778596401215,-2.1337311267852783,0.08414997905492783,-3.1150920391082764,-0.4854608178138733,0.06948676705360413,2.2561910152435303,0.7508515119552612,1.3201476335525513
604,-7.531216621398926,8.944147109985352,-14.902860641479492,-38.265106201171875,1.85530424118042,4.076303005218506,1.969801902770996,0.789915919303894,0.6968519687652588,-3.8459110260009766,-0.32121700048446655,-0.21866092085838318,2.297720193862915,-0.2174295336008072,0.0032934993505477905,-0.3508135676383972,-1.9175057411193848,-0.04428591579198837,-2.2997748851776123,-0.5251307487487793,0.4366301894187927,-0.8121065497398376,0.1894175261259079,-0.22043879330158234
605,-10.617745399475098,17.011741638183594,-14.39159107208252,-37.653839111328125,14.472587585449219,-3.5171165466308594,1.579127311706543,0.021399974822998047,-0.7196819186210632,1.2711143493652344,-0.22857452929019928,-0.02401566505432129,2.2569689750671387,-0.2606761157512665,0.02184922806918621,-0.7869697213172913,-1.805993676185608,0.1721203476190567,-1.8943060636520386,-0.6170949935913086,0.2289527803659439,-3.08552622795105,-0.13136117160320282,-1.2023847103118896
606,-6.233242034912109,11.998600006103516,-9.740439414978027,-30.091833114624023,20.0,-8.450664520263672,3.397371768951416,2.843639612197876,-0.7873708009719849,7.946176528930664,-0.052311062812805176,0.07183980941772461,2.2802436351776123,-0.6619685888290405,-0.057290174067020416,-1.0638246536254883,-1.598526954650879,0.3913506269454956,-1.6166819334030151,-0.8098233342170715,0.434760183095932,-2.771418809890747,-0.9523435831069946,-1.6765104532241821
607,-13.490924835205078,7.526474475860596,-5.738499164581299,-16.806732177734375,20.0,-6.154365539550781,14.461708068847656,0.6051522493362427,-0.6134904623031616,5.87757682800293,0.14919495582580566,0.1255807876586914,2.219575881958008,-0.16266125440597534,0.12343425303697586,-0.2905123829841614,-1.9440126419067383,-2.9723634719848633,-0.14796067774295807,-0.42269793152809143,0.43037185072898865,-5.18237829208374,-0.3051333427429199,-2.0093915462493896
608,-34.675392150878906,13.207978248596191,-5.882570743560791,-21.349092483520508,20.0,-4.032413482666016,29.54551887512207,-4.0103864669799805,5.796597957611084,-15.131423950195312,-12.020857810974121,-3.695282459259033,1.6346855163574219,0.012092068791389465,-0.17856846749782562,1.2319875955581665,-1.2531946897506714,-3.493333578109741,1.7270363569259644,-0.4404909908771515,-0.18062852323055267,-0.9750984907150269,4.352585792541504,0.2552984058856964
