Timestep,left_hip_pitch_joint_Torque,left_hip_roll_joint_Torque,left_hip_yaw_joint_Torque,left_knee_joint_Torque,left_ankle_pitch_joint_Torque,left_ankle_roll_joint_Torque,right_hip_pitch_joint_Torque,right_hip_roll_joint_Torque,right_hip_yaw_joint_Torque,right_knee_joint_Torque,right_ankle_pitch_joint_Torque,right_ankle_roll_joint_Torque,left_hip_pitch_joint_Vel,left_hip_roll_joint_Vel,left_hip_yaw_joint_Vel,left_knee_joint_Vel,left_ankle_pitch_joint_Vel,left_ankle_roll_joint_Vel,right_hip_pitch_joint_Vel,right_hip_roll_joint_Vel,right_hip_yaw_joint_Vel,right_knee_joint_Vel,right_ankle_pitch_joint_Vel,right_ankle_roll_joint_Vel
50,0.883198618888855,3.7477774620056152,-1.988030195236206,-2.007822036743164,-0.16164088249206543,0.048015713691711426,-6.782168388366699,-4.041957855224609,14.699586868286133,-61.30699157714844,-3.7397756576538086,-0.8678058385848999,0.2628161907196045,0.2709238529205322,-0.1432473212480545,-1.3522045612335205,-1.622188925743103,0.1768731027841568,0.5660560727119446,0.25252753496170044,-0.690090537071228,-1.1007715463638306,0.33453673124313354,-0.1307867169380188
51,0.9689159393310547,5.474644660949707,-3.962235927581787,-7.926948547363281,-0.8233585357666016,0.10242080688476562,10.149717330932617,4.546943664550781,11.734957695007324,-24.462827682495117,-11.993084907531738,3.315514326095581,3.657478094100952,0.2808387875556946,-0.7293217182159424,-8.565265655517578,-7.686882972717285,1.1796289682388306,1.7354662418365479,0.08958899974822998,-0.8472305536270142,-0.5748010277748108,-1.5290567874908447,-0.2392372488975525
52,-2.6613426208496094,12.923956871032715,-21.198781967163086,-59.86954116821289,-20.0,-12.132576942443848,-5.75302791595459,-2.90442156791687,2.735971450805664,7.26359748840332,0.17486095428466797,0.0695960521697998,1.5297733545303345,0.8935866951942444,-0.44812527298927307,-1.1154637336730957,4.4363694190979,-0.3983941972255707,0.9135313034057617,0.9186426401138306,0.5372393131256104,3.7435035705566406,-3.6092240810394287,1.5283889770507812
53,-17.20153045654297,7.998754978179932,-15.104596138000488,-86.82903289794922,-20.0,-4.3078107833862305,-7.699224472045898,9.084959030151367,-8.221454620361328,3.229001998901367,0.5143275260925293,-0.11551046371459961,1.9125251770019531,0.5238437056541443,-0.0129866823554039,-0.9877381920814514,-0.8544607758522034,0.06040012836456299,0.4713369607925415,0.7700880765914917,-0.24560920894145966,5.642829418182373,-1.5889265537261963,-0.22175881266593933
54,-13.532861709594727,15.898125648498535,-19.5483455657959,-105.52481842041016,-13.403742790222168,-1.0329800844192505,-10.69430923461914,3.0632662773132324,-2.459233283996582,1.6419868469238281,0.09617948532104492,0.042970895767211914,2.036870002746582,-0.06070549786090851,0.4058196544647217,-1.768161654472351,-0.14277181029319763,1.1401156187057495,0.24794171750545502,0.24424360692501068,-0.18119147419929504,7.2475409507751465,-1.0610092878341675,-0.337941437959671
55,-22.587228775024414,15.781298637390137,-21.681396484375,-77.6982192993164,-13.999711036682129,-1.1150578260421753,-6.639528274536133,-3.9627320766448975,2.572810173034668,-13.379068374633789,-0.5039830207824707,0.011911988258361816,1.7089412212371826,-0.11901210993528366,0.20243777334690094,-2.429734706878662,0.3940984606742859,0.9166458249092102,1.1278048753738403,0.08945704251527786,-0.4396020770072937,1.7420192956924438,-2.251682758331299,-0.23563246428966522
56,-7.306184768676758,22.68110466003418,-19.767175674438477,-47.92509460449219,-9.14035415649414,-1.6469765901565552,-8.400341033935547,-10.889276504516602,6.683277130126953,-3.119622230529785,-0.022382259368896484,-0.03542241454124451,1.6607861518859863,-0.18534210324287415,0.4668678343296051,-2.517882823944092,0.7017222046852112,0.9229488372802734,1.2586554288864136,-0.2574564516544342,0.2537800669670105,-0.04690547287464142,-2.316535711288452,0.001403394853696227
57,-7.8819732666015625,16.870771408081055,-14.4957914352417,-27.983871459960938,-7.400833606719971,-1.8756215572357178,-3.2613606452941895,-6.366766452789307,3.6536364555358887,-2.081663131713867,-0.003708362579345703,-0.015333294868469238,1.4885607957839966,-0.06482663005590439,0.30180492997169495,-2.1735103130340576,0.5738616585731506,0.72725510597229,1.849108099937439,-0.3205936849117279,0.23248736560344696,-2.3852734565734863,-2.9617528915405273,0.33162131905555725
58,0.4371066093444824,-2.4944982528686523,-0.09695278108119965,-0.34107065200805664,-1.6224687099456787,0.8168479800224304,-6.599347114562988,1.04755437374115,-0.9841881990432739,-3.3062515258789062,-0.0327601432800293,-0.03964011371135712,0.9073286056518555,-0.04109475016593933,0.08700559288263321,-1.062770962715149,0.011830614879727364,-0.018444858491420746,2.095743179321289,-0.13670770823955536,0.06573238968849182,-5.5030412673950195,-0.9659601449966431,-0.014934825710952282
59,-0.658277153968811,-7.529872417449951,3.6137990951538086,4.285242080688477,1.323184847831726,0.1979275941848755,-3.8061680793762207,1.198363184928894,-0.2145543098449707,1.7066192626953125,-11.608360290527344,-0.03523671627044678,-0.06484270840883255,-0.5922859311103821,0.1052730530500412,1.4582897424697876,-0.0464082732796669,0.37476447224617004,1.9995728731155396,0.014304962009191513,0.633811891078949,-7.63309383392334,2.8900016332045197e-05,-0.4097067415714264
60,-5.070040702819824,-7.251226425170898,5.777219295501709,2.6405982971191406,0.2628028392791748,-0.09766259789466858,4.150670051574707,1.7304397821426392,2.8186535835266113,-29.691133499145508,-20.0,8.126641273498535,-1.2896230220794678,-0.9517764449119568,0.12695161998271942,6.269623279571533,1.2619537115097046,0.153201624751091,0.11458542943000793,-0.043831661343574524,0.4285956025123596,0.10094207525253296,2.125727653503418,4.930453300476074
61,-21.711734771728516,-6.812997817993164,6.857717990875244,-3.477039337158203,-0.5997322797775269,-0.09320676326751709,24.014455795288086,-11.871849060058594,14.603426933288574,-71.1646499633789,-19.821613311767578,-5.30875301361084,-1.7286717891693115,-0.49844858050346375,0.6374707221984863,8.643735885620117,-0.8623303174972534,0.3747106194496155,0.582624614238739,0.09511798620223999,-0.4662039875984192,0.3931727111339569,0.738854706287384,1.2293822765350342
62,-19.922103881835938,-2.1306233406066895,1.1088271141052246,-14.866612434387207,-0.44664227962493896,-0.10373449325561523,-1.4890360832214355,-11.136141777038574,17.742046356201172,-69.8923110961914,-18.624053955078125,-2.85003399848938,-1.7189565896987915,-0.25003889203071594,1.1700180768966675,4.814501762390137,-0.2682381570339203,-0.4953886866569519,0.6130419969558716,0.33396488428115845,-0.15713202953338623,-0.6395163536071777,2.6497600078582764,1.1889081001281738
63,-9.842199325561523,5.357661247253418,-4.93662166595459,-9.97254467010498,-0.48984408378601074,0.1293897032737732,-5.638744831085205,-18.231342315673828,19.99877166748047,-63.60612487792969,-19.787643432617188,-0.6083650588989258,-1.1409255266189575,-0.29857632517814636,0.5962167978286743,1.115074634552002,-1.5980688333511353,0.01374648604542017,0.5296377539634705,0.4141862392425537,-0.18849655985832214,-0.5500774383544922,1.6035008430480957,1.609745740890503
64,-5.879337310791016,0.1424168348312378,-0.4546089768409729,-1.0278083086013794,-0.032950401306152344,0.05132710933685303,-8.155113220214844,-10.032248497009277,15.668792724609375,-67.57392883300781,-9.052223205566406,1.566625714302063,-0.9107933044433594,-0.30714136362075806,-0.11995124071836472,-0.3864721655845642,-1.716597557067871,0.6885591745376587,0.6879677772521973,0.3514336347579956,-0.9502028226852417,-0.24285119771957397,-0.779141902923584,0.0047476887702941895
65,-7.686090469360352,0.8535877466201782,-1.093682885169983,1.2725772857666016,-0.12211799621582031,-0.022019147872924805,-4.654499053955078,-16.113649368286133,24.686498641967773,-63.75701904296875,-4.428410053253174,3.08697772026062,-0.3484099507331848,-0.28156769275665283,-0.3671048879623413,-1.8326845169067383,-2.9280595779418945,0.894555926322937,0.9150282144546509,0.5832040905952454,-0.7424607872962952,-0.6084765195846558,-0.5195007920265198,-0.15611997246742249
66,-0.873859167098999,5.140146255493164,-1.697892427444458,-0.6271305084228516,0.021665573120117188,-0.030733823776245117,-5.005643844604492,-13.781038284301758,14.369558334350586,-26.221982955932617,7.056059837341309,4.7891082763671875,0.7391401529312134,-0.06591109186410904,-0.041477397084236145,-4.992668628692627,-3.680607795715332,1.6111271381378174,0.97505122423172,0.5291200876235962,-0.35021907091140747,-0.3268662989139557,-0.9249017834663391,0.8410975933074951
67,27.0521297454834,24.076887130737305,-16.029802322387695,-0.6590766906738281,-7.381837368011475,0.04890918731689453,-33.64936828613281,-5.683711051940918,-0.22232890129089355,2.9810829162597656,5.379428863525391,1.0588040351867676,3.167677164077759,1.1061561107635498,-0.035010576248168945,-4.083011627197266,8.469743728637695,0.4800228476524353,-2.1729581356048584,0.36428093910217285,-0.43478924036026,6.0787577629089355,3.003796100616455,2.322767496109009
68,21.135955810546875,20.773378372192383,-26.506938934326172,-114.97373962402344,-12.687847137451172,3.5549094676971436,-34.599761962890625,9.365472793579102,-6.308494567871094,0.7743797302246094,-0.6154766082763672,-0.24587631225585938,1.054278016090393,-0.09295391291379929,0.4545668363571167,0.002631779760122299,-1.2678340673446655,0.5151345729827881,-3.8636841773986816,-0.30657288432121277,0.3238377869129181,10.858254432678223,2.6935083866119385,0.46473225951194763
69,15.795980453491211,27.421905517578125,-37.123069763183594,-103.14264678955078,-8.052276611328125,2.0444586277008057,-39.93812561035156,5.950440883636475,-5.890801906585693,-13.843570709228516,-1.0665667057037354,0.0278090238571167,1.2579686641693115,-0.2226157933473587,0.5184775590896606,-1.1333253383636475,-0.6129226684570312,0.7378444075584412,-4.9604573249816895,0.028297726064920425,0.2864249050617218,8.753247261047363,2.2585206031799316,0.7093160152435303
70,-6.482074737548828,21.443166732788086,-27.767213821411133,-67.68241882324219,-4.267735481262207,0.7092331647872925,-11.253576278686523,-3.4676713943481445,1.8811533451080322,-17.951772689819336,-1.0534780025482178,-0.07707095146179199,1.3451792001724243,-0.3801683187484741,0.312300443649292,-1.7797892093658447,-0.2733243703842163,0.694353461265564,-4.4483842849731445,0.03903347626328468,0.440283864736557,2.894224166870117,0.4409080743789673,0.9946633577346802
71,-1.7660574913024902,16.09290313720703,-17.38215446472168,-40.81562805175781,6.093531608581543,-0.7628549337387085,-1.7378044128417969,-2.4658095836639404,-0.5717357397079468,-11.663108825683594,-0.7488846778869629,-0.11548447608947754,1.9302480220794678,-0.26276132464408875,0.09984147548675537,-2.243335723876953,-0.10988269001245499,0.3611346185207367,-2.8152365684509277,-0.17742374539375305,-0.3304895758628845,-2.8436949253082275,-1.5675084590911865,-0.014832585118710995
72,-25.61102294921875,5.094729900360107,-7.427828311920166,-34.787208557128906,17.23814582824707,-4.584144115447998,15.89353084564209,0.8123621940612793,-0.2551589012145996,4.22514533996582,0.008090019226074219,-0.080535888671875,2.050563097000122,-0.42798471450805664,0.17559215426445007,-2.7216970920562744,-0.09569376707077026,0.23234005272388458,-1.4532921314239502,-0.4502587616443634,-0.5668416023254395,-5.090071678161621,-2.9719581604003906,-1.7667860984802246
73,-26.46747589111328,11.965499877929688,-7.453921318054199,-15.320780754089355,20.0,-4.67573881149292,24.197662353515625,-1.9844751358032227,4.173466682434082,11.367147445678711,0.5723037719726562,0.10023164749145508,0.92899090051651,-0.3470154106616974,-0.08548487722873688,-0.8660988807678223,0.44533517956733704,-0.6497729420661926,-0.06537427008152008,-0.5994617938995361,-0.6494207382202148,-5.628829479217529,-2.3902618885040283,-1.8419233560562134
74,-20.41531753540039,2.3016698360443115,-1.604702353477478,-9.485939979553223,20.0,-4.777299880981445,24.010704040527344,-0.0014511346817016602,1.3930752277374268,13.103572845458984,0.5884926319122314,0.10332441329956055,-0.39937883615493774,0.07309593260288239,0.7516957521438599,2.1792502403259277,1.73611581325531,-0.7052469253540039,1.034268856048584,-0.30081307888031006,-0.7036562561988831,-5.590311527252197,-1.3521957397460938,-2.6373138427734375
75,-30.659381866455078,1.2527921199798584,0.060159921646118164,-2.477630615234375,5.006139755249023,-0.9985055923461914,41.91653060913086,-18.28106689453125,17.821346282958984,11.143692016601562,0.23644304275512695,-0.01456308364868164,-2.7846360206604004,-0.4816312789916992,0.6214840412139893,7.026609420776367,5.316554069519043,-1.7529716491699219,3.2190635204315186,-0.7769888639450073,1.1705515384674072,-7.524341583251953,-3.598881244659424,-2.9820547103881836
76,-38.99407958984375,10.734188079833984,-7.907868385314941,-9.739463806152344,-1.1971039772033691,0.3017094135284424,54.400779724121094,-13.79176139831543,27.052221298217773,-39.48747634887695,-15.058512687683105,-9.195245742797852,-4.501062393188477,0.8344460725784302,-0.8402602672576904,9.894696235656738,3.028125524520874,-1.0937275886535645,0.8426895141601562,-0.2290743887424469,-0.6566391587257385,0.23414598405361176,2.0259366035461426,1.4866552352905273
77,-24.464120864868164,-4.399651527404785,4.440369606018066,-15.096763610839844,-1.174888253211975,0.08651405572891235,26.605852127075195,-18.780479431152344,34.994911193847656,-54.62697982788086,-17.148752212524414,-9.106695175170898,-4.483628273010254,0.39079368114471436,-0.4409313201904297,6.630430698394775,0.38239601254463196,-0.3816116750240326,1.0863324403762817,0.179269939661026,0.15795019268989563,0.16869014501571655,1.451751470565796,1.7430460453033447
78,-11.131898880004883,-2.9287984371185303,4.4740681648254395,-12.103045463562012,-0.5467971563339233,-0.033794105052948,4.6151204109191895,-10.859794616699219,21.594266891479492,-58.50984573364258,-17.006263732910156,-3.987600088119507,-4.398776531219482,0.43776804208755493,0.1889021247625351,2.6821794509887695,0.18260879814624786,-0.34405267238616943,1.4015388488769531,-0.014407910406589508,0.29300999641418457,-0.3746580481529236,3.147007703781128,1.0193620920181274
79,6.210382461547852,-5.341286659240723,1.665294885635376,-3.7292375564575195,-0.3539621829986572,0.07346493005752563,-12.871050834655762,-7.514811992645264,14.059192657470703,-63.70775604248047,-3.093255043029785,-2.7705440521240234,-3.5398247241973877,0.07980365306138992,-0.17091675102710724,-0.3715455234050751,-1.5569382905960083,0.41890949010849,1.1773409843444824,-0.041166797280311584,-0.02539794147014618,0.7037400007247925,-2.2105600833892822,0.44842731952667236
80,14.229498863220215,-4.83730411529541,3.4190683364868164,4.391669273376465,0.23321151733398438,-0.0812940001487732,-21.12148094177246,-8.164985656738281,12.320609092712402,-75.31229400634766,1.5989890098571777,1.620779037475586,-2.1639955043792725,0.1681491732597351,-0.177223339676857,-2.2549378871917725,-1.4074046611785889,0.2569010257720947,1.712037444114685,0.11345182359218597,-0.34075015783309937,-0.08405756950378418,-1.8679217100143433,0.07532835006713867
81,22.600383758544922,-7.147622108459473,4.703277587890625,11.422818183898926,0.4011695384979248,-0.03567171096801758,-32.78962326049805,-8.448927879333496,9.010177612304688,-75.27752685546875,12.319841384887695,3.600630044937134,-0.7467859983444214,0.2261160910129547,0.11909626424312592,-2.451780319213867,-1.9578937292099,0.9535375237464905,1.978489875793457,0.3374800384044647,-0.4041101336479187,-0.7481014132499695,-1.5648775100708008,0.49015673995018005
82,10.826150894165039,12.253803253173828,-8.998902320861816,-2.554332733154297,0.01796412467956543,0.03221583366394043,-14.71579360961914,-18.25594711303711,6.817512512207031,-17.979246139526367,20.0,5.443083763122559,0.8978295922279358,0.49713435769081116,-0.5637815594673157,-7.4047393798828125,-1.8305482864379883,1.3061251640319824,1.469925045967102,0.01520373672246933,-0.4652804732322693,-0.19140061736106873,-0.7323666214942932,-0.604507565498352
83,29.153564453125,14.540458679199219,-10.881954193115234,11.268909454345703,0.4271266460418701,0.08315706253051758,-21.460071563720703,-7.61458683013916,-3.7507565021514893,3.3027706146240234,20.0,4.04148006439209,2.8659400939941406,1.2414454221725464,-0.5353553295135498,-4.812901020050049,5.207087516784668,-0.6079611778259277,-1.3531720638275146,-0.1464187502861023,0.020870178937911987,5.429327011108398,3.2313692569732666,1.0837289094924927
84,50.2650032043457,24.260618209838867,-37.8086051940918,-93.97613525390625,0.3604106903076172,1.800931453704834,-52.67216873168945,13.656179428100586,-11.034658432006836,-1.8047943115234375,-0.683070182800293,0.024759531021118164,1.4942561388015747,0.09797166287899017,0.14138488471508026,0.6564714908599854,-2.2375435829162598,0.6104763746261597,-3.9876978397369385,0.07367735356092453,0.37458422780036926,9.860904693603516,4.30789041519165,1.680176019668579
85,35.19100570678711,20.114093780517578,-34.75127029418945,-84.228759765625,1.530651330947876,1.4802072048187256,-40.88158416748047,-0.6300023794174194,-1.2072443962097168,-17.58308982849121,-1.503934383392334,-0.2071530818939209,2.0200815200805664,-0.173536479473114,0.546792209148407,-0.6326082348823547,-1.628838300704956,0.777245283126831,-4.89973783493042,0.4134097695350647,1.5890299081802368,6.161081790924072,2.1308841705322266,1.0244823694229126
86,0.8580541610717773,15.641284942626953,-32.323787689208984,-74.57748413085938,10.019305229187012,-0.7279701232910156,-7.850482940673828,2.588895082473755,-4.183009147644043,-10.93061637878418,-0.893361508846283,-0.07195013761520386,2.3612422943115234,-0.13074123859405518,0.17092430591583252,-1.5834214687347412,-1.1850571632385254,0.4057093858718872,-4.0226731300354,0.6320003867149353,0.7045782804489136,1.1911063194274902,0.007040738593786955,0.40050822496414185
87,-20.601863861083984,13.521355628967285,-20.605594635009766,-62.96026611328125,14.376476287841797,-4.084064483642578,13.987190246582031,-3.389080047607422,0.7633739113807678,-2.48068904876709,-0.23508548736572266,-0.09249770641326904,2.779693126678467,-0.3185507655143738,-0.04295468330383301,-2.5017502307891846,-0.770593523979187,0.3403685688972473,-2.1050894260406494,0.07301357388496399,0.0738331750035286,-2.978485584259033,-1.1145449876785278,-0.9165984392166138
88,-19.198392868041992,5.606607437133789,-1.4011366367340088,-23.765167236328125,20.0,-6.124527454376221,16.69261932373047,-2.0299646854400635,-0.4732053279876709,6.240117073059082,0.23779058456420898,0.1006002426147461,2.8044493198394775,-0.40364953875541687,0.13894864916801453,-2.615600347518921,-0.6028221845626831,-0.1162925660610199,-0.8941335678100586,-0.5065253973007202,-0.5538119077682495,-4.273136138916016,-0.9165910482406616,-1.1920177936553955
89,-17.427906036376953,-3.5922555923461914,0.5821610689163208,-14.995576858520508,20.0,-5.520363807678223,11.763692855834961,8.374662399291992,-4.337101459503174,9.827916145324707,0.30885815620422363,0.11220335960388184,1.8620396852493286,-0.31935954093933105,0.23604027926921844,-1.509840488433838,-0.28497228026390076,-0.2949627637863159,-0.5559816956520081,-0.3057418763637543,-1.0646202564239502,-3.9508965015411377,-0.4743568003177643,-1.8575972318649292
90,-10.658425331115723,0.29109978675842285,1.8905529975891113,0.4699068069458008,20.0,-4.611196517944336,24.672077178955078,-7.9117255210876465,8.883853912353516,5.987726211547852,0.15030360221862793,0.04313182830810547,0.42920151352882385,-0.4402601420879364,0.38933396339416504,2.023958921432495,1.7305666208267212,-1.4892923831939697,1.5363082885742188,-0.6721396446228027,-0.3572848439216614,-5.881320953369141,-1.255935788154602,-2.056877374649048
91,-40.105037689208984,-0.9409751892089844,2.5731844902038574,-1.3250541687011719,0.7379798889160156,-0.054956674575805664,45.19963836669922,-17.754379272460938,17.784793853759766,12.431385040283203,0.6120076775550842,-0.07471179962158203,-2.7757551670074463,-0.5565094947814941,0.8880086541175842,8.40209674835205,6.779869556427002,-1.787864327430725,3.274791717529297,-0.8594348430633545,1.5114893913269043,-7.4467997550964355,-0.3993137776851654,-2.6135876178741455
92,-31.593246459960938,10.35232162475586,-9.156496047973633,-14.65093994140625,-1.7396749258041382,0.3444346785545349,39.184967041015625,-9.41938591003418,23.272869110107422,-27.680484771728516,-16.906057357788086,-14.139976501464844,-3.547417163848877,0.19683738052845,-0.6693485379219055,8.031366348266602,1.0911015272140503,-0.47510820627212524,1.3384490013122559,-0.37100714445114136,0.03699759766459465,0.23021459579467773,2.8432812690734863,2.5002951622009277
93,-17.3900146484375,-5.206068992614746,5.282432556152344,-11.804866790771484,-0.5892609357833862,-0.019756972789764404,21.2619571685791,-8.980341911315918,22.40119743347168,-61.831581115722656,-3.4299449920654297,-12.448556900024414,-3.520732879638672,0.3685874342918396,0.01711130514740944,5.2793192863464355,1.0183302164077759,-0.3366246223449707,1.0679914951324463,-0.11241525411605835,-0.018149971961975098,1.6310057640075684,-3.0432827472686768,0.7398110628128052
94,-10.029621124267578,-1.6402509212493896,0.9011750817298889,-9.863972663879395,-0.7717010974884033,0.05578899383544922,9.598854064941406,-6.649383544921875,26.07571792602539,-73.15098571777344,-3.1747617721557617,-3.366436243057251,-3.1330268383026123,0.4578264355659485,-0.2754060924053192,1.3494726419448853,-1.2880146503448486,0.1914510428905487,1.508920431137085,-0.12010429799556732,-0.4341665506362915,0.746062159538269,-2.3926892280578613,0.3040502667427063
95,5.266387462615967,-9.385337829589844,5.799525260925293,2.2128796577453613,0.23576360940933228,-0.08296563476324081,-5.567719459533691,-6.10903787612915,22.981578826904297,-79.1466064453125,-0.1318216323852539,-1.0247983932495117,-2.012308120727539,-0.030241532251238823,0.13899075984954834,-0.5325555205345154,-0.10705120116472244,-0.02404770255088806,2.0610907077789307,-0.012988060712814331,-0.2487255036830902,-0.018908247351646423,-2.06577205657959,0.2036283016204834
96,-1.8454904556274414,-1.0120105743408203,0.919969916343689,-0.3340282440185547,-0.40903425216674805,0.08083105087280273,-0.10130500793457031,-9.934496879577637,14.143033027648926,-50.991455078125,14.638323783874512,2.359072208404541,-1.4641886949539185,0.1537599414587021,0.11316536366939545,-2.7826485633850098,-2.373775005340576,1.6168041229248047,2.168417453765869,0.2137855887413025,-0.32605451345443726,-0.4643004536628723,-1.6499450206756592,0.2437150776386261
97,5.817829132080078,-2.4814157485961914,1.4633793830871582,4.163305282592773,0.24727964401245117,-0.1742079257965088,-9.526190757751465,-7.36594820022583,8.443975448608398,-34.91712188720703,18.514358520507812,3.134932041168213,-0.6241660118103027,0.15324585139751434,0.20906853675842285,-4.461222171783447,-1.6141011714935303,1.1701419353485107,2.166778087615967,0.3558405041694641,-0.2297910749912262,-0.6565725207328796,-1.606156826019287,0.10115218162536621
98,21.06751251220703,3.139810085296631,-2.6142027378082275,8.605463027954102,0.4008054733276367,-0.04879927635192871,-20.34329605102539,-7.300014972686768,1.7197067737579346,-17.886417388916016,20.0,5.37896203994751,0.8133730292320251,0.0643555149435997,-0.08926506340503693,-5.801748275756836,-0.8256891369819641,1.572182297706604,1.3758500814437866,0.1839217245578766,-0.20616915822029114,0.7844135761260986,-0.5059005618095398,-0.5448668003082275
99,27.932132720947266,17.5373592376709,-13.533103942871094,5.306369781494141,0.24837270379066467,0.006878376007080078,-24.365842819213867,-5.163570404052734,-6.961061000823975,1.6587047576904297,16.765295028686523,5.082592010498047,2.8821325302124023,0.849312424659729,-0.48341280221939087,-2.58878231048584,9.845427513122559,-3.2942616939544678,-1.351702094078064,-0.07892777770757675,-0.11386187374591827,5.620633602142334,3.8952877521514893,-0.5347371101379395
100,39.59656524658203,21.57541275024414,-27.193553924560547,-81.87739562988281,2.976313591003418,-1.205389380455017,-45.417694091796875,16.90222930908203,-12.859391212463379,-4.388771057128906,-0.9021816253662109,0.2070135474205017,1.2428871393203735,0.18803532421588898,-0.18265791237354279,0.948958694934845,-2.365868091583252,0.4342028796672821,-3.5804197788238525,0.31401294469833374,-0.530299186706543,7.741719722747803,3.4295549392700195,0.2911019027233124
101,27.289344787597656,17.294763565063477,-29.691059112548828,-96.79686737060547,5.629846572875977,-0.18172740936279297,-29.97202491760254,8.67059326171875,-3.823890209197998,-8.498970031738281,-1.0949127674102783,-0.03867483139038086,1.9898953437805176,-0.14618057012557983,0.2758719325065613,-0.5026487112045288,-1.765621542930603,0.7773098945617676,-4.2483744621276855,1.196711778640747,1.0472439527511597,6.2328715324401855,0.9531099200248718,0.5385578870773315
102,22.231693267822266,15.116901397705078,-29.43471908569336,-75.07688903808594,10.197903633117676,-0.7546359300613403,-24.814815521240234,3.4026432037353516,-5.767175674438477,-11.903264999389648,-0.832399308681488,0.021164536476135254,2.559013843536377,-0.22748920321464539,0.31173935532569885,-1.5808751583099365,-1.2165038585662842,0.6250889301300049,-4.1500773429870605,1.257995843887329,0.4414977431297302,2.2032182216644287,-0.006299636792391539,0.6382414698600769
103,-18.67962074279785,10.281982421875,-18.444541931152344,-40.61199951171875,16.653318405151367,-3.5123302936553955,14.609458923339844,-9.842094421386719,4.687853813171387,-9.547004699707031,-0.40238481760025024,-0.13699489831924438,2.7998523712158203,-0.21701182425022125,0.1897517740726471,-2.331827163696289,-1.0060317516326904,0.2997854948043823,-2.1797845363616943,0.6668764352798462,0.05948919057846069,-4.11631965637207,-0.4534934461116791,-0.5190996527671814
104,-26.112276077270508,4.543903827667236,-7.377118110656738,-20.597332000732422,20.0,-5.251706123352051,27.015605926513672,-8.698147773742676,5.158046722412109,6.315046310424805,0.01982593536376953,-0.03237748146057129,2.699695348739624,-0.4080031216144562,0.17229676246643066,-2.1206533908843994,-0.6029744148254395,-0.1636340320110321,0.06819252669811249,-0.35308071970939636,-0.27919483184814453,-6.591979026794434,-2.0793957710266113,-1.5526012182235718
105,-25.959449768066406,0.04789900779724121,1.9783707857131958,-8.542210578918457,20.0,-5.2223124504089355,28.70370101928711,-0.41561365127563477,1.1996474266052246,14.236534118652344,0.6376467943191528,0.08156919479370117,0.840815544128418,-0.09114986658096313,0.3680349588394165,1.08022141456604,1.1912574768066406,-0.8868179321289062,1.5924358367919922,-0.584689199924469,-1.0726711750030518,-7.022377967834473,-0.8794215321540833,-2.6350290775299072
106,-26.512779235839844,5.996303558349609,-2.0173568725585938,-6.906704902648926,11.742945671081543,-2.5162625312805176,32.282867431640625,-9.69660758972168,10.505237579345703,17.195457458496094,0.6470410227775574,0.0833587646484375,-1.117294192314148,-0.052756763994693756,0.54586261510849,4.779262542724609,3.609192371368408,-1.6541138887405396,2.820897340774536,-0.8967642188072205,-0.4891800880432129,-5.942132949829102,0.11799892038106918,-2.918566942214966
107,-34.38163375854492,-1.5316882133483887,0.9729504585266113,-6.123180389404297,-0.8385684490203857,0.1555037498474121,41.196903228759766,-13.563161849975586,23.180463790893555,-24.403141021728516,-16.040315628051758,-13.26800537109375,-2.9337961673736572,-0.12447220832109451,0.5358031988143921,7.563209533691406,2.264610767364502,-1.1810312271118164,1.7610650062561035,-0.7570800185203552,0.13849595189094543,-0.7998250722885132,6.066280364990234,3.091308355331421
108,-11.236888885498047,-4.14506196975708,0.6537525057792664,-9.730155944824219,-0.84767746925354,0.16217106580734253,10.75085163116455,-4.301673889160156,23.60289192199707,-62.584632873535156,-5.525050163269043,-8.691851615905762,-3.0219931602478027,-0.269027978181839,-0.14060014486312866,5.57343864440918,-0.598244845867157,-0.3499816060066223,0.8980646729469299,-0.20079690217971802,0.042600251734256744,1.557729959487915,-2.819345474243164,0.9326353073120117
109,-11.692996978759766,1.5079654455184937,-0.2697003483772278,-9.033345222473145,-0.17227566242218018,0.03878399729728699,14.095038414001465,-13.779019355773926,31.154497146606445,-57.363426208496094,-0.13579702377319336,-4.142652988433838,-2.7217938899993896,-0.08007153868675232,0.05149344354867935,2.3973326683044434,0.8643798828125,-0.17745080590248108,1.1524585485458374,-0.09050910174846649,0.09144875407218933,1.0384867191314697,-2.3975112438201904,0.3433436453342438
110,-3.5861339569091797,0.02854636311531067,0.27121827006340027,-3.02656626701355,-0.3996236324310303,0.04742997884750366,5.82942008972168,-13.793414115905762,21.745628356933594,-55.28489685058594,3.147533416748047,-1.799626111984253,-2.133869171142578,0.06574304401874542,-0.07605060935020447,0.3253234922885895,-0.5707493424415588,0.4515560269355774,1.5885685682296753,0.04912051558494568,0.010292001068592072,0.553591251373291,-2.2343554496765137,0.19362349808216095
111,5.282907485961914,0.9654855728149414,-0.8821569681167603,1.0876436233520508,-0.016956686973571777,-0.007698178291320801,-8.741287231445312,-17.987834930419922,20.639312744140625,-62.29150390625,6.8952178955078125,0.47006046772003174,-1.2340794801712036,0.08278529345989227,-0.3644421398639679,-1.7548741102218628,-0.8446087837219238,0.7388719320297241,1.907874584197998,0.11966250091791153,-0.032407246530056,-0.06009049713611603,-2.0291566848754883,0.08198022842407227
112,-1.0108458995819092,2.2222673892974854,-0.9851875305175781,1.3935070037841797,-0.09874773025512695,-0.0013356208801269531,-0.2484292984008789,-16.02995491027832,13.124953269958496,-41.67491149902344,20.0,3.935715675354004,-0.6055666208267212,0.4309948682785034,-0.5091714859008789,-3.7986202239990234,-1.17130708694458,1.6283202171325684,1.9984170198440552,0.33527979254722595,-0.09235947579145432,-0.45441073179244995,-1.684626579284668,0.014328956604003906
113,18.470666885375977,8.460311889648438,-4.7503886222839355,2.6459617614746094,0.027879953384399414,-0.11441540718078613,-15.208585739135742,-10.12385368347168,1.674984335899353,-14.826132774353027,20.0,4.964132785797119,1.4796212911605835,0.587138295173645,-0.8214876651763916,-7.555380821228027,-1.9222089052200317,1.3121060132980347,1.6481890678405762,0.003600730560719967,-0.2361486703157425,0.7896922826766968,-0.8991997838020325,0.6044006943702698
114,27.736675262451172,7.712980270385742,-14.144340515136719,-16.817638397216797,-18.76556396484375,9.498391151428223,-29.286399841308594,-8.948724746704102,-4.267448425292969,-9.46025562286377,17.773469924926758,4.06002950668335,2.2325639724731445,0.9040576815605164,0.0028035491704940796,-1.5179524421691895,5.852066993713379,-2.90156888961792,-0.7047551274299622,-0.3876919150352478,-0.29920774698257446,4.633302688598633,2.200786828994751,1.2412487268447876
115,31.594722747802734,20.182985305786133,-25.974472045898438,-72.7799072265625,-2.3545875549316406,-0.45252275466918945,-37.5317268371582,7.762229919433594,-7.222859859466553,-6.24468994140625,-0.5510997772216797,-0.06707167625427246,1.7889665365219116,0.08561050146818161,0.10793119668960571,0.598261833190918,-2.4780490398406982,0.8483686447143555,-1.9847962856292725,-0.0794806182384491,-0.2124447226524353,4.762332439422607,3.7218189239501953,0.8149611949920654
116,34.826072692871094,24.527729034423828,-33.78684997558594,-91.35364532470703,7.720986366271973,0.26078009605407715,-43.92955017089844,9.960853576660156,-8.131628036499023,-2.6293258666992188,-1.0109868049621582,-0.03733384609222412,1.891406774520874,0.07235168665647507,0.4665716290473938,-0.35417577624320984,-1.9141291379928589,0.6828790903091431,-4.251323699951172,0.8398855328559875,0.6604674458503723,6.394939422607422,1.9198039770126343,0.5646250247955322
117,12.662989616394043,17.42698860168457,-34.96229934692383,-73.34027099609375,15.219436645507812,-2.25243878364563,-18.70941734313965,-3.146991014480591,0.7648715972900391,-11.54329776763916,-0.832978367805481,-0.07727938890457153,2.239719867706299,-0.1738862842321396,0.4573901891708374,-1.3737187385559082,-1.3588570356369019,0.8066215515136719,-4.071881294250488,0.7961781024932861,0.9185807108879089,2.3846917152404785,1.0216765403747559,0.4546150863170624
118,0.2956571578979492,14.984824180603027,-23.133012771606445,-48.99550247192383,20.0,-3.617626190185547,-2.0701942443847656,-3.5234220027923584,0.10093045234680176,-7.888111114501953,-0.7136664390563965,-0.08492553234100342,2.576594829559326,-0.2696804404258728,0.1948150098323822,-2.08948016166687,-0.9646053314208984,0.4608343243598938,-2.7591164112091064,0.4874584674835205,0.35438114404678345,-2.3855764865875244,-1.0395371913909912,-0.660425066947937
119,-9.16606330871582,7.903841018676758,-12.517624855041504,-38.69050216674805,20.0,-5.581121444702148,7.937163352966309,1.3912508487701416,-3.61678409576416,7.133269309997559,0.18169283866882324,0.10126042366027832,2.9394071102142334,-0.31660619378089905,0.23323248326778412,-2.4591495990753174,-0.8238550424575806,0.3557782769203186,-1.6430416107177734,0.036014579236507416,-0.6305673718452454,-2.9763946533203125,-1.1037976741790771,-1.1788760423660278
120,-11.121869087219238,4.915706634521484,-6.586353778839111,-8.885086059570312,20.0,-4.5621418952941895,14.285093307495117,-6.016541004180908,4.405699729919434,1.824453353881836,-0.004951953887939453,0.020862102508544922,2.361072063446045,-0.1446515917778015,0.1823737919330597,-1.2603237628936768,-0.25712287425994873,-1.2470866441726685,0.0061943004839122295,-0.26245763897895813,-0.8493369817733765,-6.160867691040039,-1.413681983947754,-2.0938761234283447
121,-32.16386032104492,-6.084629535675049,5.698565483093262,-3.684141159057617,18.267885208129883,-4.302333831787109,40.730873107910156,-7.437177658081055,9.692201614379883,12.897150039672852,0.5634959936141968,0.031088829040527344,-0.6141441464424133,-0.5447559356689453,0.5026329159736633,4.053895950317383,3.8381810188293457,-0.45009562373161316,2.004347085952759,-0.8695569038391113,-0.1849273294210434,-7.529095649719238,-0.8533207178115845,-2.747728109359741
122,-46.770511627197266,1.5184659957885742,0.8155407905578613,-5.726078033447266,-0.6596364974975586,-0.0047054290771484375,50.37818145751953,-10.635120391845703,22.137224197387695,-17.027299880981445,-16.09841537475586,-7.119473934173584,-3.4217331409454346,-0.30164799094200134,0.39137157797813416,9.158011436462402,5.188352584838867,-1.1576374769210815,1.775702953338623,-1.2141211032867432,-0.21975953876972198,-0.8581863045692444,6.024803161621094,3.009445905685425
123,-29.172971725463867,-3.10174560546875,1.0102126598358154,-10.238502502441406,-1.4107778072357178,0.13379621505737305,37.17110061645508,-17.633441925048828,34.519168853759766,-49.859825134277344,-8.973493576049805,-10.980393409729004,-4.3325700759887695,-0.06131424009799957,0.4619350731372833,9.244688034057617,0.9392856359481812,-0.42895588278770447,0.8500327467918396,0.08407869935035706,0.25053101778030396,1.818292260169983,-2.757969617843628,0.37393808364868164
124,-14.968955993652344,-2.8302712440490723,2.565443754196167,-15.712448120117188,-0.5756592750549316,-0.03143191337585449,22.829971313476562,-13.11415958404541,30.595203399658203,-72.03193664550781,-6.744356155395508,-4.9195475578308105,-3.684344530105591,-0.08120054751634598,0.6987507939338684,4.13347053527832,1.9019386768341064,-1.0472458600997925,1.7959686517715454,-0.09904678165912628,0.09954039007425308,0.7882611751556396,-2.6320178508758545,0.7651485204696655
125,-8.92486572265625,1.1105256080627441,-2.261831283569336,-10.06907844543457,-0.8558789491653442,0.22003698348999023,8.544625282287598,-13.854410171508789,23.68172836303711,-55.960044860839844,1.3821146488189697,-0.2622499465942383,-3.39758563041687,-0.1947835087776184,0.006058265455067158,0.04907653480768204,-0.33972790837287903,0.5262743234634399,2.0300748348236084,0.03727760910987854,0.0009599030017852783,0.20167241990566254,-2.194023609161377,0.10357590019702911
126,10.334760665893555,1.5641758441925049,-0.9351421594619751,0.8981533050537109,-0.07327377796173096,-0.02869558334350586,-13.240013122558594,-17.206586837768555,19.17947006225586,-65.11603546142578,6.02099609375,1.8371199369430542,-2.180884599685669,-0.12657147645950317,-0.3119490146636963,-2.6299808025360107,-0.8937480449676514,0.6362599730491638,2.4332897663116455,0.042823806405067444,-0.13526438176631927,-0.4701644778251648,-1.966401219367981,0.08910691738128662
127,8.777448654174805,-3.9272258281707764,4.086793899536133,8.298257827758789,0.181962251663208,-0.08696746826171875,-8.40803337097168,-8.870842933654785,7.865830421447754,-57.031227111816406,18.342098236083984,5.441593170166016,-1.1286121606826782,0.4547683894634247,0.15204082429409027,-2.981078624725342,-1.1553432941436768,1.1352802515029907,2.9000377655029297,0.3973149061203003,-0.36818233132362366,-1.2215708494186401,-1.6458128690719604,0.0572810173034668
128,19.129009246826172,7.358719825744629,-6.413615703582764,2.624034881591797,-0.01841115951538086,0.029447078704833984,-23.11651611328125,-15.721781730651855,7.855862140655518,-21.735549926757812,20.0,4.877539157867432,0.40575480461120605,0.2660863995552063,-0.49565809965133667,-6.105459213256836,-2.5557732582092285,2.060648202896118,2.090294599533081,0.1328182816505432,-0.2188989520072937,-0.16041354835033417,-0.9067395329475403,0.6713852882385254
129,32.593631744384766,5.78090238571167,-5.1205902099609375,13.306510925292969,0.7807410955429077,-0.11048555374145508,-34.00035858154297,-3.087780714035034,-5.603926658630371,-16.41915512084961,20.0,5.3168792724609375,1.975875973701477,0.5036505460739136,-1.1647157669067383,-6.703240871429443,-0.7147043943405151,2.0067782402038574,0.09965446591377258,-0.14404617249965668,-0.440979540348053,2.977595806121826,1.5650702714920044,1.2591185569763184
130,41.968994140625,18.88419532775879,-13.242716789245605,10.765789031982422,0.488858699798584,-0.06773757934570312,-44.281463623046875,-0.4741940498352051,-4.26629638671875,-0.22465133666992188,0.6060771942138672,0.1479330062866211,2.527980327606201,0.1045067310333252,-0.787139356136322,-3.151876449584961,9.052523612976074,-8.438124656677246,-3.176740884780884,-0.4878343641757965,-0.0679570883512497,9.73333740234375,6.859220504760742,3.426755666732788
131,26.94459342956543,17.613704681396484,-32.94037628173828,-72.61082458496094,-0.6287636756896973,1.4061193466186523,-30.923397064208984,5.10622501373291,-3.3922410011291504,-19.45431137084961,-2.1578052043914795,-0.4356616735458374,1.470565915107727,0.34041285514831543,-0.1074647530913353,0.7941114902496338,-2.5218305587768555,0.6069697737693787,-3.1027820110321045,0.600866973400116,0.3015444278717041,4.323476791381836,0.25802141427993774,0.5866569876670837
132,25.852935791015625,17.72589683532715,-26.43849754333496,-82.92292022705078,10.749835968017578,-1.3788433074951172,-25.725465774536133,0.020241498947143555,-1.3850057125091553,-6.848082542419434,-0.6921064853668213,-0.10273516178131104,2.3374509811401367,-0.2140890508890152,0.2866194546222687,-0.7220883369445801,-1.8086433410644531,0.7620975375175476,-3.249765157699585,0.22973892092704773,1.0973225831985474,2.1286354064941406,-1.3388330936431885,-0.1798934042453766
133,-2.598780632019043,11.348041534423828,-21.34781265258789,-55.3471794128418,16.069242477416992,-1.811407446861267,-3.3514976501464844,0.8568154573440552,-2.20611572265625,-4.011322975158691,-0.07043427228927612,0.04735726863145828,2.4381797313690186,-0.24101483821868896,0.31592682003974915,-1.4858615398406982,-1.4235923290252686,0.279009610414505,-2.83048939704895,0.23445533215999603,0.9516144394874573,-1.0292997360229492,-0.3489775061607361,0.0236133374273777
134,-12.844791412353516,11.812078475952148,-14.30842399597168,-33.94749069213867,20.0,-3.8091185092926025,11.789859771728516,-3.236665964126587,-0.30658531188964844,0.14694976806640625,-0.1955099105834961,-0.030611515045166016,2.57578444480896,-0.182626411318779,0.1419408917427063,-1.8388800621032715,-1.256563663482666,0.07289648056030273,-1.240586519241333,-0.21250775456428528,-0.056913528591394424,-4.491944313049316,-1.5158370733261108,-1.1727432012557983
135,-10.452045440673828,3.0583715438842773,0.22285839915275574,-5.201046943664551,20.0,-4.677995204925537,20.878467559814453,-4.597922325134277,3.5096497535705566,6.539463043212891,0.35259294509887695,0.03461408615112305,1.7824561595916748,-0.2036047875881195,0.12957356870174408,0.23773109912872314,-0.06860195845365524,-0.8949613571166992,0.7942211031913757,-0.7877317667007446,-0.5259144902229309,-6.45082426071167,-0.6207077503204346,-1.9796758890151978
136,-15.203258514404297,-5.647552013397217,6.243862152099609,-4.127737998962402,18.75823211669922,-4.460014343261719,19.85176658630371,1.6617478132247925,1.7673826217651367,11.75460433959961,0.386028528213501,0.10011482238769531,-0.17429135739803314,-0.1711442917585373,0.7286500334739685,3.9658684730529785,2.7141988277435303,-0.0041960459202528,1.655400037765503,-0.4792117476463318,-0.09409721195697784,-6.80950403213501,0.6697376370429993,-2.519968032836914
137,-32.409034729003906,1.0996805429458618,0.43332862854003906,-5.587974548339844,-0.21761035919189453,-0.10286831855773926,34.156288146972656,-12.65719985961914,11.6097412109375,-20.440677642822266,-14.770398139953613,-7.854428291320801,-2.0482959747314453,0.011643026024103165,0.4299750328063965,7.09149694442749,5.129020690917969,-1.4074862003326416,1.8343559503555298,-0.5988152027130127,-0.4198550283908844,-0.3443866968154907,6.225229263305664,0.1599956750869751
138,-22.882373809814453,-4.683504581451416,2.2959606647491455,-7.875467300415039,-1.493494987487793,0.1911674290895462,23.651968002319336,-21.305938720703125,19.748615264892578,-67.39635467529297,-0.9329562187194824,-6.110721588134766,-3.0119476318359375,0.2660066783428192,0.10849124193191528,6.90777063369751,-0.8393898010253906,0.1357765793800354,1.0868428945541382,0.18738482892513275,-0.20867004990577698,1.4559942483901978,-2.9054317474365234,0.7728755474090576
139,-19.583791732788086,1.2423114776611328,-0.05991959571838379,-10.458331108093262,-0.23749208450317383,-0.0663299560546875,22.88262176513672,-35.55131149291992,41.12595748901367,-74.03023529052734,-0.03412675857543945,-3.2122199535369873,-2.890493869781494,-0.21527960896492004,0.31871747970581055,3.3251004219055176,1.188905119895935,-0.8031865358352661,1.502832293510437,-0.12642495334148407,0.020572476089000702,0.7681414484977722,-2.494582414627075,0.3093315362930298
140,-14.564308166503906,-0.054486870765686035,-0.2720908522605896,-4.291460037231445,-0.5066516399383545,0.12458935379981995,15.874733924865723,-18.116775512695312,27.27419662475586,-67.94763946533203,8.665399551391602,-0.05558320879936218,-2.9936599731445312,0.06313641369342804,0.031712450087070465,1.488478660583496,0.3999096155166626,0.039727017283439636,1.8711553812026978,0.1494896113872528,-0.20801039040088654,-0.05104325711727142,-2.0089128017425537,0.022103875875473022
141,-1.3452529907226562,-5.995338439941406,4.048270225524902,-3.1213479042053223,-0.4484059810638428,0.021821260452270508,3.3424243927001953,-5.457912445068359,13.348695755004883,-58.50801467895508,16.467546463012695,1.5117400884628296,-2.0743322372436523,-0.08446140587329865,-0.003174157813191414,-1.4266120195388794,-1.531754732131958,1.1634266376495361,2.466923475265503,0.24336449801921844,-0.42159491777420044,-0.8000758290290833,-1.7544304132461548,0.3291933536529541
142,-6.916754722595215,-1.770156979560852,1.9325339794158936,-0.18305206298828125,-0.083465576171875,-0.10475897789001465,5.159600257873535,-12.133638381958008,17.406370162963867,-36.872013092041016,20.0,2.0770819187164307,-1.8083062171936035,-0.2246583253145218,0.2683170735836029,-3.7552490234375,-0.9846261739730835,1.4415103197097778,2.3668742179870605,0.2457694709300995,-0.28609681129455566,-1.039428949356079,-1.480386734008789,0.005416780710220337
143,14.319266319274902,9.781478881835938,-7.024832725524902,4.194828033447266,-0.046088218688964844,-0.03710603713989258,-15.296745300292969,-16.996448516845703,13.38010025024414,-28.4853572845459,20.0,6.222355842590332,-0.014370390214025974,0.08263202011585236,-0.5268836617469788,-6.600619316101074,-2.049342632293701,1.5926992893218994,2.652991533279419,0.3043225407600403,-0.4194372892379761,-1.4500038623809814,-1.501311182975769,-0.6227240562438965
144,32.56593322753906,13.850810050964355,-8.64328670501709,12.610122680664062,0.6442298889160156,-0.021619796752929688,-24.095439910888672,-9.34317398071289,0.6053214073181152,-3.604926109313965,20.0,4.2654314041137695,2.220736503601074,0.42744821310043335,-1.0297353267669678,-8.103171348571777,-0.3737450838088989,2.126837968826294,0.6671901345252991,-0.25234973430633545,-0.35437533259391785,3.0249412059783936,1.341006875038147,1.551808476448059
145,63.683204650878906,31.108064651489258,-28.453413009643555,-50.66053771972656,6.900839805603027,19.054075241088867,-67.00161743164062,5.479074001312256,-8.489608764648438,-1.8473281860351562,0.1532115936279297,0.03955698013305664,2.067038059234619,0.19516126811504364,0.3281993865966797,0.37755087018013,-2.719578742980957,3.6475043296813965,-3.7099642753601074,-0.22092124819755554,0.10250355303287506,10.193244934082031,7.261019229888916,2.499459981918335
146,57.617713928222656,26.38863754272461,-40.18903350830078,-77.81812286376953,2.4225306510925293,4.971919536590576,-58.72451400756836,5.464852809906006,-5.19089412689209,-18.274009704589844,-2.3039979934692383,-0.2814464569091797,1.754814863204956,-0.1103784590959549,0.22812679409980774,-0.03141466900706291,-1.9389712810516357,0.26396021246910095,-5.678333759307861,0.6992829442024231,1.2550896406173706,7.591207981109619,1.5861371755599976,1.1745682954788208
147,5.601326942443848,28.243446350097656,-35.9881591796875,-70.91557312011719,6.377013206481934,-1.0849828720092773,-2.6767005920410156,-9.83803653717041,4.1399688720703125,-15.264457702636719,-0.8896467685699463,-0.16776823997497559,2.8911614418029785,-0.0026773419231176376,0.17092223465442657,-1.2357168197631836,-1.738997220993042,0.7436001896858215,-3.8968265056610107,0.6531479954719543,1.3548780679702759,0.8688116669654846,-0.0193583182990551,0.7294058203697205
148,-7.521441459655762,4.4476494789123535,-14.500711441040039,-52.29795837402344,15.339927673339844,-2.8528077602386475,3.7457523345947266,5.942113876342773,-8.421880722045898,-3.545978546142578,-0.3025764226913452,-0.005355715751647949,3.133383274078369,0.1154375672340393,-0.0349828340113163,-1.9356493949890137,-1.3636966943740845,0.06979566812515259,-2.562467098236084,0.27186065912246704,-0.6620498299598694,-3.3271267414093018,-0.3166019916534424,-0.7541844844818115
149,-26.08913230895996,1.0542576313018799,-9.087735176086426,-41.2688102722168,20.0,-4.881311416625977,14.111547470092773,5.79436731338501,-1.9721734523773193,9.9345064163208,0.13126182556152344,0.05948519706726074,2.628716468811035,-0.14874468743801117,-0.033512286841869354,-2.180960178375244,-1.0974644422531128,-0.03592059016227722,-2.12911057472229,0.33417752385139465,-0.5507811903953552,-3.4271316528320312,-1.03627347946167,-1.1074581146240234
150,-14.5049409866333,-2.1662802696228027,-2.5973598957061768,-11.909475326538086,20.0,-5.290762901306152,22.877368927001953,-2.349212884902954,1.6940484046936035,5.226984024047852,0.2176915407180786,0.052297115325927734,2.589420795440674,-0.1486043632030487,-0.026523172855377197,-1.3907911777496338,-0.6105992197990417,-0.7766375541687012,0.2145688384771347,-0.2785383462905884,-1.1708704233169556,-5.8407392501831055,-1.0943766832351685,-2.029391288757324
151,-10.045578002929688,-5.66227912902832,7.778058052062988,0.13484525680541992,20.0,-4.884668827056885,18.789691925048828,-2.164963483810425,5.593564033508301,11.22689437866211,0.3651846647262573,0.0368657112121582,0.7890485525131226,-0.6160804629325867,0.4457659125328064,2.0976316928863525,1.7460347414016724,-0.44350776076316833,1.0647823810577393,-0.48787644505500793,0.09005095809698105,-5.188114643096924,-0.9920157194137573,-2.8295888900756836
152,-35.09345626831055,-0.28553885221481323,2.5827879905700684,-2.5853118896484375,4.361145973205566,-1.1017403602600098,40.07984924316406,-13.956278800964355,12.293277740478516,10.88555908203125,0.5364536046981812,0.12520265579223633,-1.9574699401855469,-0.2615824043750763,1.0890601873397827,6.793969631195068,5.537161350250244,-2.08188796043396,2.928877115249634,-0.8524426817893982,0.6817972660064697,-7.389647006988525,0.20385396480560303,-2.5509748458862305
153,-38.27393341064453,6.017529487609863,-6.013490676879883,-10.344261169433594,-1.468308925628662,0.3703211545944214,43.30381774902344,-14.030412673950195,23.895280838012695,-28.867294311523438,-16.98525047302246,-6.092477798461914,-3.591416358947754,-0.05564136058092117,-0.33915871381759644,8.650282859802246,0.961844801902771,-0.2748127579689026,1.5259848833084106,-1.1836458444595337,-0.5406984090805054,-0.015761956572532654,5.483368396759033,0.7788087129592896
154,-5.865095138549805,-4.199944019317627,4.356851100921631,-10.73031234741211,-0.5296515226364136,-0.06110227108001709,6.1459197998046875,-17.824573516845703,21.53000259399414,-69.39717102050781,-8.85396957397461,-6.034679412841797,-3.4839398860931396,0.21148240566253662,0.2786949872970581,5.94819974899292,0.06914132088422775,-0.7091469764709473,0.7789126634597778,-0.11888575553894043,0.24296799302101135,2.151817798614502,-3.348330020904541,1.0073351860046387
155,-4.745328903198242,2.8116016387939453,-1.9147343635559082,-8.533935546875,-0.23778772354125977,0.09216713905334473,12.049692153930664,-19.235300064086914,30.12055206298828,-76.68716430664062,-7.5688395500183105,-2.507399797439575,-2.470747709274292,0.41914281249046326,-0.22814930975437164,2.1955277919769287,0.9178938865661621,-0.5378955602645874,1.714335322380066,-0.1503528654575348,-0.15987181663513184,1.1515758037567139,-2.8426589965820312,0.34733617305755615
156,2.3801450729370117,-10.350848197937012,6.60111141204834,1.8955097198486328,-0.16455332934856415,-4.976987838745117e-06,-10.140247344970703,-8.260231971740723,18.320241928100586,-78.9755630493164,-3.0260252952575684,-0.46107017993927,-2.362391471862793,0.06228902190923691,0.21089044213294983,1.3289237022399902,-0.006334921345114708,-0.14541032910346985,1.6861743927001953,-0.056096576154232025,-0.14961521327495575,0.5092228651046753,-2.44106388092041,0.21075081825256348
157,2.300464630126953,-7.797515869140625,4.517202377319336,-0.6155171394348145,-0.15927016735076904,0.000701606273651123,-4.026021480560303,-10.262077331542969,13.263883590698242,-72.6242446899414,6.247725486755371,2.3958020210266113,-1.4419777393341064,0.06479871273040771,0.4138023853302002,-0.9433586001396179,-0.7560728788375854,0.4212254583835602,2.108886957168579,0.33567291498184204,-0.1653619259595871,-0.3870418071746826,-1.9388313293457031,0.06714363396167755
158,7.325647830963135,-0.808871865272522,-0.2936057448387146,0.5540065765380859,-0.15939712524414062,0.0345311164855957,-9.967044830322266,-14.393285751342773,8.264945983886719,-57.97114562988281,11.743149757385254,4.128757476806641,-0.22340282797813416,-0.012679477222263813,-0.22155363857746124,-3.61334228515625,-2.339186191558838,1.4246543645858765,2.54671311378479,0.441484272480011,-0.4460621774196625,-1.057207465171814,-1.6328517198562622,0.37912213802337646
159,6.093935012817383,9.691615104675293,-6.218584060668945,1.3711509704589844,0.12364935874938965,-0.061235666275024414,-11.523470878601074,-20.636962890625,10.64162826538086,-21.08911895751953,20.0,5.249749660491943,0.7173481583595276,0.2722777724266052,-0.5885438323020935,-6.7069783210754395,-1.7535666227340698,1.342736840248108,2.1910459995269775,0.2149266004562378,-0.4539659917354584,-0.8936954140663147,-1.341498613357544,-0.07844796776771545
160,24.58734893798828,7.981184959411621,-5.73820161819458,11.984954833984375,0.3895289897918701,-0.024132728576660156,-22.0665340423584,-11.127766609191895,3.5919930934906006,-6.931697845458984,20.0,4.117547988891602,2.2796411514282227,0.29267287254333496,-0.8878614902496338,-7.63639497756958,-1.8216044902801514,1.8148438930511475,0.0035651391372084618,-0.15669900178909302,-0.22022929787635803,2.750308036804199,1.092457890510559,0.670624852180481
161,40.563262939453125,16.276409149169922,-22.9581356048584,-22.160348892211914,-17.224544525146484,9.92522144317627,-42.33586502075195,1.8297038078308105,-6.513864517211914,-1.2713432312011719,0.8820457458496094,0.2535724639892578,2.7812399864196777,0.7552558183670044,-0.24057579040527344,-2.126702308654785,7.9733567237854,-5.321832656860352,-2.445655584335327,-0.05834013968706131,-0.2088070958852768,8.141827583312988,5.653800964355469,2.348907470703125
162,18.723621368408203,14.323020935058594,-28.436582565307617,-83.2648696899414,-1.1221542358398438,2.8293495178222656,-27.320636749267578,6.409610748291016,-4.578722953796387,-13.299298286437988,-1.7031201124191284,-0.2650136947631836,1.759148359298706,0.052952930331230164,0.08957643806934357,0.3404504954814911,-2.2820820808410645,0.6370508074760437,-2.6582388877868652,0.4097784459590912,0.24237316846847534,4.732212543487549,0.22744981944561005,0.6779425144195557
163,7.074355125427246,11.644917488098145,-20.369722366333008,-87.448974609375,8.571861267089844,-0.24022328853607178,-18.6751651763916,12.121171951293945,-8.323432922363281,-4.498011589050293,-0.38224413990974426,-0.026805192232131958,1.9138288497924805,-0.1924521028995514,0.20126114785671234,-0.7767294645309448,-1.6365269422531128,0.5701035261154175,-3.1804416179656982,1.0338187217712402,0.4147474765777588,3.05920147895813,0.1213400736451149,0.19471150636672974
164,18.21263885498047,17.77285385131836,-25.232280731201172,-62.082759857177734,20.0,-3.6529006958007812,-22.019861221313477,0.11112809181213379,-2.9519407749176025,-5.806639671325684,-0.5711796283721924,-0.026256799697875977,2.185166597366333,-0.483175665140152,0.2666262090206146,-1.6386747360229492,-1.0827198028564453,0.5841558575630188,-3.3988254070281982,0.6986526846885681,0.22510500252246857,0.8384181261062622,-0.87940913438797,-0.5477997660636902
165,13.306273460388184,7.005281448364258,-14.633862495422363,-28.978681564331055,20.0,-4.812681198120117,-7.888660430908203,-0.38301563262939453,-3.3471202850341797,-4.296107292175293,-0.28791379928588867,0.10425293445587158,2.68687105178833,-0.4284270405769348,0.32716912031173706,-2.016023874282837,-0.8619081377983093,0.20330902934074402,-2.5326335430145264,0.37169185280799866,-0.5786188244819641,-2.0549252033233643,-1.2667927742004395,-0.6770915389060974
166,-14.326553344726562,14.61466121673584,-14.06850528717041,-10.103320121765137,20.0,-3.7367939949035645,18.68120574951172,-17.41560173034668,12.843622207641602,-1.7203330993652344,0.021669626235961914,-0.06096243858337402,1.9600056409835815,-0.4859199523925781,0.1857038140296936,-0.7245464324951172,-0.0319940559566021,-1.0159039497375488,-0.5409811735153198,-0.32503199577331543,0.12920361757278442,-6.539032936096191,-0.6610345244407654,-0.6431214213371277
167,-37.92402267456055,8.918747901916504,-4.353571891784668,-8.866862297058105,17.49595069885254,-3.388645648956299,46.65955352783203,-15.721214294433594,12.543636322021484,11.434688568115234,0.3259561061859131,-0.1294536590576172,-0.4277924597263336,-0.08271383494138718,0.4347573220729828,3.5991899967193604,3.1250760555267334,-1.5860624313354492,2.6437599658966064,-1.0208985805511475,-0.31636208295822144,-10.366257667541504,-0.6814382672309875,-2.311587333679199
168,-44.94506072998047,8.55903434753418,-4.376802921295166,-3.808696746826172,-0.4923229217529297,0.18720293045043945,56.25471115112305,-17.270183563232422,32.11651611328125,-13.675405502319336,-17.649499893188477,7.896083354949951,-2.5945627689361572,0.43446603417396545,0.3034614026546478,9.016607284545898,4.666008949279785,-1.2965656518936157,2.16770339012146,-1.22278892993927,-0.42223891615867615,-1.008209466934204,6.227536678314209,2.6446356773376465
169,-25.207408905029297,-3.222708225250244,1.428707242012024,-13.671611785888672,-1.458324670791626,0.1868721842765808,24.5523681640625,-17.66944122314453,28.811281204223633,-52.58712387084961,-7.100075721740723,-6.057651042938232,-3.672314405441284,0.09109944105148315,-0.2114943116903305,7.533681392669678,0.09091910719871521,0.10511865466833115,1.079136848449707,-0.0624275729060173,0.2516482174396515,1.7694522142410278,-3.1458017826080322,1.351220965385437
170,-16.546558380126953,-6.158071994781494,6.406472682952881,-10.314239501953125,-0.26433801651000977,-0.1497269868850708,21.80523109436035,-14.841951370239258,32.757747650146484,-71.05059051513672,-1.7969021797180176,-2.0821845531463623,-3.6202619075775146,0.18730083107948303,0.9049291610717773,4.2669501304626465,2.1775898933410645,-0.801447868347168,1.5058072805404663,-0.17780354619026184,0.24163495004177094,1.0620908737182617,-2.6937131881713867,0.42680391669273376
171,-4.537591934204102,-10.595273971557617,4.406909942626953,-3.0362071990966797,-0.5399824380874634,0.11695635318756104,0.585486888885498,-6.56319522857666,20.92389488220215,-70.74563598632812,-0.025031089782714844,1.2267727851867676,-3.7141189575195312,-0.38666218519210815,0.7624635696411133,2.6993255615234375,0.4589993357658386,0.5010241866111755,1.5254051685333252,-0.006414726376533508,0.24905075132846832,0.4828609228134155,-2.2917025089263916,0.15713900327682495
172,3.917485237121582,-1.4181573390960693,0.8732662200927734,-4.278144359588623,-0.3137522339820862,-0.05820930004119873,-5.1035847663879395,-16.64834213256836,17.383712768554688,-72.21829986572266,6.641524791717529,2.755988597869873,-2.7772881984710693,-0.33938169479370117,0.5479907393455505,-0.7156125903129578,-0.3405683636665344,0.39267486333847046,2.0856921672821045,0.0884212777018547,0.010563619434833527,-0.4752514362335205,-1.9611501693725586,0.08635255694389343
173,5.144686698913574,7.9309468269348145,-6.724406719207764,-3.1806392669677734,-0.3287224769592285,0.10406827926635742,-4.083723068237305,-18.629501342773438,18.08849334716797,-49.96705627441406,18.12224006652832,4.314762115478516,-1.2886956930160522,0.10296856611967087,-0.5567706823348999,-4.670050144195557,-1.516224980354309,1.29281485080719,2.518017292022705,0.41023921966552734,-0.13356457650661469,-1.2478348016738892,-1.4800026416778564,-0.03680163621902466
174,10.499011039733887,-0.8053287267684937,1.8880757093429565,11.412806510925293,0.2907264232635498,-0.10615420341491699,-12.827526092529297,-19.800331115722656,12.004419326782227,-42.768699645996094,20.0,7.44446325302124,-0.29923582077026367,-0.049798619002103806,-0.23970116674900055,-4.759718418121338,-1.5096204280853271,1.8881494998931885,2.7067880630493164,0.22265401482582092,-0.1824016273021698,-1.4863593578338623,-1.3849619626998901,-0.2275773286819458
175,18.26775360107422,4.063282012939453,-2.9576592445373535,9.15664291381836,0.32532215118408203,-0.14609575271606445,-24.34103012084961,-9.183412551879883,3.580791473388672,-22.308135986328125,20.0,5.759751319885254,0.8110536932945251,0.43074992299079895,-0.26435866951942444,-5.591155052185059,-1.4486287832260132,1.6137746572494507,1.9477593898773193,0.2504998445510864,-0.09067250788211823,-0.5657798051834106,-1.0184050798416138,0.9062753319740295
176,39.39659118652344,14.00994873046875,-11.399961471557617,11.88724136352539,0.4570024013519287,0.003157377243041992,-34.484073638916016,-7.010357856750488,-3.5797979831695557,-6.628287315368652,20.0,4.5409369468688965,3.0382556915283203,0.7652320265769958,-1.4258288145065308,-7.358973979949951,-2.1244568824768066,1.7953578233718872,-0.7492737174034119,-0.3308975100517273,-0.42450565099716187,4.219040870666504,2.613990068435669,1.927342176437378
177,73.80076599121094,20.970569610595703,-35.99029541015625,-26.5374755859375,-16.944509506225586,16.866207122802734,-63.980499267578125,-1.8614158630371094,-3.0806949138641357,-4.535320281982422,-0.48131656646728516,-0.11143827438354492,2.586245059967041,1.0458508729934692,0.23166677355766296,-2.159813404083252,8.014839172363281,-5.370893478393555,-4.445651531219482,-0.46940961480140686,0.6051511764526367,11.023674011230469,5.63332986831665,2.9070146083831787
178,28.66525650024414,13.904845237731934,-33.740867614746094,-60.52472686767578,1.5208020210266113,5.177185535430908,-29.391929626464844,7.771777153015137,-4.803884506225586,-20.552169799804688,-1.8193303346633911,-0.32190394401550293,1.2782737016677856,0.35398179292678833,0.024610459804534912,0.8692195415496826,-2.3898074626922607,0.16425183415412903,-4.74742317199707,0.9221620559692383,1.2275770902633667,5.577847480773926,1.3229954242706299,1.4139578342437744
179,7.8778791427612305,13.675736427307129,-22.78055191040039,-66.7513656616211,9.105001449584961,-0.23593658208847046,-2.4173107147216797,-2.637636184692383,-0.9144282341003418,-10.688584327697754,-0.6502643823623657,-0.15837299823760986,2.384082794189453,0.1324704885482788,0.11775729060173035,-0.3912881910800934,-2.086832284927368,0.395006000995636,-3.1618783473968506,0.439581960439682,0.87883460521698,0.5064666271209717,0.21807684004306793,0.33351826667785645
180,-4.212763786315918,8.313505172729492,-15.214612007141113,-47.9529914855957,17.594690322875977,-3.2800121307373047,3.326322078704834,-0.8215076327323914,-2.8114919662475586,-2.592174530029297,-0.32529622316360474,-0.024642467498779297,2.757262706756592,0.07505428045988083,0.111555315554142,-1.1228225231170654,-1.7741442918777466,0.10040737688541412,-1.9357798099517822,-0.20641754567623138,-0.2396899163722992,-3.0176711082458496,-0.5660890340805054,-0.8471075296401978
181,-13.036205291748047,4.952150344848633,-10.997302055358887,-28.252628326416016,20.0,-4.222095012664795,8.96324634552002,-0.7922453880310059,1.625343680381775,4.3447418212890625,0.02080714702606201,0.024059295654296875,2.520277500152588,-0.16404883563518524,0.0010849544778466225,-1.2708929777145386,-1.541468858718872,-0.10278227925300598,-1.0444878339767456,-0.5012128353118896,-0.2508118450641632,-4.850475311279297,-0.4799310863018036,-1.3984649181365967
182,-13.152959823608398,4.190698623657227,-5.413174152374268,-14.554986953735352,20.0,-4.776535511016846,15.854132652282715,-1.4418292045593262,2.420266628265381,9.363309860229492,0.16050076484680176,0.04966592788696289,2.3123056888580322,-0.1876486837863922,-0.0689157173037529,-0.5768892765045166,-1.2476515769958496,-0.2044377624988556,0.33250555396080017,-0.6797882914543152,-0.37621980905532837,-5.483126163482666,-0.9449703693389893,-2.2013165950775146
183,-23.82923126220703,-0.1597670316696167,-0.5762916207313538,-17.180084228515625,20.0,-5.0150299072265625,21.54505157470703,-1.051866054534912,3.6741812229156494,12.937113761901855,0.42226898670196533,0.10999631881713867,1.1292626857757568,-0.33589428663253784,0.09662804752588272,1.4396742582321167,-0.13132524490356445,-0.49125492572784424,1.0811468362808228,-0.7254429459571838,0.15024122595787048,-5.071990013122559,-0.5186243653297424,-2.5194878578186035
184,-24.94721221923828,-7.738778114318848,9.107209205627441,2.2849464416503906,9.044938087463379,-2.185023784637451,29.485248565673828,-8.68103313446045,17.65669059753418,-24.20557975769043,-11.822168350219727,-5.080753803253174,-1.568392276763916,-0.3286072313785553,0.8501478433609009,7.017040729522705,4.808099746704102,-0.6705459952354431,1.9610540866851807,-1.1832518577575684,-0.03596571832895279,-1.0793834924697876,6.818043231964111,1.628146767616272
185,-35.98771667480469,-9.099760055541992,4.1490325927734375,-3.469676971435547,-1.1957430839538574,0.05464246869087219,42.346534729003906,-21.260190963745117,30.55006980895996,-80.54080963134766,-2.811245918273926,-7.130980491638184,-3.77793025970459,0.044890813529491425,0.5577427744865417,10.370158195495605,1.9139302968978882,-0.217281773686409,0.7505635619163513,0.22510451078414917,-0.09181194007396698,1.4918832778930664,-2.761680841445923,0.9469214081764221
186,-22.88954734802246,1.7450177669525146,-0.5952006578445435,-15.897676467895508,-0.7787642478942871,-0.019293785095214844,38.96950149536133,-26.49005126953125,42.815067291259766,-69.31605529785156,-3.4670968055725098,-3.626101493835449,-2.8337464332580566,-0.5565654635429382,0.3401092290878296,5.845090389251709,2.2798314094543457,-1.0405277013778687,2.033656597137451,-0.24910372495651245,-0.2047630250453949,0.7495838403701782,-2.623162031173706,0.4762607514858246
187,-17.697595596313477,0.9741913080215454,-1.1791863441467285,-11.764845848083496,-0.9209282398223877,0.1823388636112213,11.6846923828125,-10.658679008483887,28.439651489257812,-66.30955505371094,0.6402254104614258,-0.6522685289382935,-3.264483690261841,-0.3370741605758667,0.1012599840760231,2.2695674896240234,0.5367079973220825,0.22071978449821472,2.0185258388519287,0.04778902232646942,-0.35769230127334595,-0.05554211139678955,-2.0822505950927734,-0.01655721664428711
188,-6.8984270095825195,4.179919242858887,-2.178748607635498,-8.291205406188965,-0.5983166694641113,0.03431344032287598,4.90342903137207,-17.888261795043945,24.667980194091797,-58.79802703857422,6.15713357925415,1.800097942352295,-2.6243724822998047,-0.12996287643909454,-0.1012001782655716,-2.110503911972046,-0.5123127102851868,0.7312169075012207,2.329556703567505,0.21214038133621216,-0.32069242000579834,-0.7206355333328247,-1.7535446882247925,-0.14521723985671997
189,8.684511184692383,0.06261569261550903,1.0324007272720337,5.160253524780273,-0.10109663009643555,-0.0728616714477539,-11.734254837036133,-14.365878105163574,16.60214614868164,-65.99073791503906,17.993633270263672,4.288568019866943,-1.4478428363800049,0.1536136269569397,-0.002532009035348892,-3.9343626499176025,-1.971398115158081,0.9673527479171753,2.7460949420928955,0.31502339243888855,-0.5100995898246765,-1.5210444927215576,-1.4407761096954346,0.049394696950912476
190,10.975776672363281,4.500649452209473,-3.1513445377349854,4.833629608154297,0.15788936614990234,0.0034570693969726562,-14.43191146850586,-15.59495735168457,12.38093090057373,-28.233928680419922,20.0,6.156473159790039,-0.16303429007530212,0.08956648409366608,-0.13247011601924896,-6.298252105712891,-1.7620984315872192,1.9415165185928345,2.6000449657440186,0.17982923984527588,-0.31709620356559753,-1.3889464139938354,-1.4357964992523193,0.7355657815933228
191,18.712865829467773,-2.976799249649048,2.0957283973693848,16.127788543701172,0.6158307790756226,-0.16545867919921875,-17.45691680908203,-5.510692596435547,1.4184062480926514,-15.805543899536133,20.0,4.682607650756836,0.6672231554985046,-0.09130320698022842,0.19123941659927368,-4.554211616516113,-0.5624247193336487,2.2690086364746094,1.8161388635635376,-0.09320685267448425,-0.2517169713973999,0.3322736918926239,-0.835984468460083,1.5300910472869873
192,33.309898376464844,15.30214786529541,-11.79381275177002,10.51314926147461,0.3881648778915405,-0.07932281494140625,-31.583690643310547,-10.928324699401855,-0.7270982265472412,-10.81578540802002,20.0,4.083003997802734,2.305133819580078,0.40845656394958496,-0.881413459777832,-5.7676005363464355,-0.700436532497406,1.9164735078811646,-0.7977795004844666,-0.4650386571884155,-0.4011826813220978,4.44995641708374,2.698253631591797,1.6616809368133545
193,58.88355255126953,24.55315589904785,-28.317401885986328,-35.0057258605957,-18.995113372802734,15.553611755371094,-53.387386322021484,0.922848641872406,-3.869795322418213,-4.863243103027344,-0.5201473236083984,-0.05969047546386719,2.1219322681427,-0.061520665884017944,-0.47627782821655273,0.050546467304229736,-2.0737311840057373,-7.233946323394775,-3.57676100730896,-0.24893757700920105,0.953072190284729,9.060311317443848,5.077917575836182,2.989454746246338
194,36.2681770324707,22.718791961669922,-36.32347106933594,-83.26494598388672,5.01837158203125,3.133864402770996,-42.539710998535156,13.557256698608398,-10.40958023071289,-13.05068588256836,-1.6020174026489258,-0.2822747230529785,1.513175129890442,0.054182201623916626,-0.018360719084739685,0.2381444126367569,-2.03171443939209,0.14390958845615387,-5.003664016723633,0.9664213061332703,0.9305083155632019,6.6815266609191895,1.4763612747192383,1.1099432706832886
195,20.373512268066406,16.273488998413086,-30.175922393798828,-57.82772445678711,15.081787109375,-0.4030914306640625,-16.989057540893555,-2.8383073806762695,-0.8291676044464111,-15.124420166015625,-0.9296549558639526,-0.12479907274246216,2.2821390628814697,0.06529977917671204,0.06155959144234657,-0.7434209585189819,-1.7038344144821167,0.3122914135456085,-4.326220512390137,0.8928699493408203,0.7471310496330261,1.1341562271118164,0.3167318105697632,0.44031232595443726
196,-5.199367523193359,7.3652191162109375,-14.822959899902344,-44.982757568359375,20.0,-1.9993170499801636,4.046901702880859,-4.965437889099121,1.2282495498657227,-6.13041877746582,-0.4655516743659973,-0.11301183700561523,2.72058367729187,-0.2428319752216339,0.21469494700431824,-1.6989282369613647,-1.3338924646377563,-0.015293821692466736,-3.0549156665802,0.20266181230545044,0.7254152894020081,-3.48673677444458,-0.5000793933868408,-0.88617342710495
197,-28.667606353759766,-3.059666156768799,-5.292154788970947,-22.833953857421875,20.0,-3.6366424560546875,29.208873748779297,-0.7802276611328125,-0.9504849910736084,4.753273010253906,0.1301935315132141,0.06414341926574707,2.333538770675659,-0.16123121976852417,0.1533966064453125,-1.2001581192016602,-0.7302338480949402,-0.09018683433532715,-0.7033671736717224,-0.3627491891384125,-0.4292956292629242,-6.947543621063232,-0.538618266582489,-1.8799893856048584
198,-29.53133773803711,-2.78041934967041,6.986163139343262,-5.6675567626953125,17.878477096557617,-4.582382678985596,40.908531188964844,-6.485485076904297,6.138557434082031,12.734004974365234,0.4486461877822876,0.0670309066772461,0.2941049337387085,-0.05701079219579697,0.31804341077804565,2.860880136489868,2.083054542541504,-0.7616562843322754,2.0858662128448486,-0.8145791888237,-0.7095957398414612,-9.14069652557373,0.09729345887899399,-2.6261632442474365
199,-39.515342712402344,2.839830160140991,0.9446759223937988,-3.2400550842285156,-0.0639657974243164,-0.007803440093994141,43.31010055541992,-13.133959770202637,16.097747802734375,0.2827587127685547,-10.982272148132324,4.431445121765137,-2.128621816635132,0.19028344750404358,0.48101913928985596,8.184410095214844,5.464738368988037,-1.3693803548812866,2.2932677268981934,-0.9676770567893982,-0.8121424913406372,-0.5891010761260986,6.978163719177246,-0.5850448608398438
200,-23.041532516479492,-2.9671387672424316,0.3642881512641907,-10.019577026367188,-1.5534454584121704,0.18730205297470093,20.793420791625977,-16.97954559326172,28.99024772644043,-64.04672241210938,-4.295090675354004,-6.7910284996032715,-3.0749824047088623,0.11153865605592728,0.0011695390567183495,7.482846736907959,-0.3082864284515381,-0.31198742985725403,1.0416178703308105,0.07087664306163788,0.02123747020959854,1.7663185596466064,-3.0366461277008057,0.5736112594604492
201,-13.681718826293945,-3.359483480453491,3.1450212001800537,-9.342399597167969,-0.20875263214111328,-0.03941547870635986,13.543668746948242,-17.195287704467773,30.475862503051758,-84.11395263671875,-3.579176902770996,-3.358423948287964,-3.063011407852173,0.0915028378367424,0.21408909559249878,4.4879584312438965,1.4697599411010742,-0.8427693247795105,1.4735078811645508,0.03971990942955017,-0.15930038690567017,0.7792921662330627,-2.56282114982605,0.31497642397880554
202,-12.883615493774414,-0.35432448983192444,0.842654824256897,-9.496929168701172,-0.7006126642227173,0.10708652436733246,19.66924285888672,-16.86425018310547,30.749704360961914,-75.6524887084961,5.002429962158203,0.5517598390579224,-2.14603328704834,0.10318947583436966,0.23257893323898315,0.12132127583026886,0.3879762291908264,-0.0004704020684584975,2.4191412925720215,0.08432775735855103,-0.27064406871795654,-0.2797919809818268,-2.1318461894989014,0.09553037583827972
203,-9.539083480834961,-1.5759856700897217,0.5113510489463806,-0.0633401870727539,-0.4150139093399048,0.08971953392028809,11.38357162475586,-20.822479248046875,24.425758361816406,-64.01187896728516,16.833023071289062,3.139869451522827,-1.8245699405670166,-0.12924028933048248,-0.06609192490577698,-1.8440977334976196,-0.9500364065170288,1.4747366905212402,2.76080060005188,0.22508132457733154,-0.24365681409835815,-0.9676666259765625,-1.687995433807373,0.2784203290939331
204,-1.752227783203125,-7.2876996994018555,5.146120071411133,7.263689994812012,0.07387375831604004,-0.15436816215515137,-4.338642120361328,-8.527989387512207,13.489255905151367,-54.7454948425293,20.0,4.820298194885254,-1.9541640281677246,-0.31818506121635437,0.11105640232563019,-1.543739676475525,-1.202155590057373,1.7853758335113525,2.695545196533203,0.3275608718395233,-0.40409016609191895,-1.4652409553527832,-1.3770642280578613,-0.02249699831008911
205,13.510552406311035,3.692439556121826,-2.4222967624664307,3.723407745361328,0.19690251350402832,-0.16156578063964844,-18.746780395507812,-16.360036849975586,11.756818771362305,-31.709392547607422,20.0,6.141100883483887,-0.952532947063446,-0.2589699625968933,-0.01576733961701393,-3.2877159118652344,-0.9477713704109192,1.1995614767074585,2.5242836475372314,0.34208396077156067,-0.2971448302268982,-1.5425447225570679,-1.2548459768295288,-0.2803712487220764
206,24.13489532470703,9.722222328186035,-6.924715042114258,3.6927623748779297,0.06857919692993164,-0.0028116703033447266,-22.99076271057129,-12.047345161437988,5.916678428649902,-13.801324844360352,20.0,4.635776519775391,1.0839462280273438,-0.15501458942890167,-0.4008491635322571,-6.548837184906006,-2.130661964416504,1.8371073007583618,1.2569262981414795,-0.03773731365799904,-0.11441997438669205,0.7287349104881287,0.19905471801757812,0.7008322477340698
207,39.55302429199219,13.025567054748535,-9.37537670135498,15.038419723510742,0.7458245754241943,-0.08255362510681152,-40.23768615722656,1.0366498231887817,-6.65730094909668,-10.23680305480957,14.023336410522461,4.050987720489502,2.562305450439453,0.6907694339752197,-1.3485556840896606,-6.786563396453857,-1.1111143827438354,1.2906830310821533,-1.405063509941101,-0.17390789091587067,-0.5351027846336365,4.723125457763672,3.618830919265747,0.9810757637023926
208,68.2264404296875,27.935819625854492,-34.97648239135742,-43.63854217529297,-20.0,19.580116271972656,-60.76546859741211,1.8219921588897705,-5.22091007232666,-3.2098617553710938,-0.8322410583496094,0.02068805694580078,1.3029119968414307,-0.03905565291643143,-0.038443565368652344,1.0301740169525146,-2.076768398284912,-0.9547648429870605,-4.786776542663574,-0.10428109765052795,0.711071252822876,10.901236534118652,3.970750331878662,2.630570411682129
209,34.68576431274414,24.321704864501953,-43.110530853271484,-66.1006088256836,5.6868577003479,2.8639464378356934,-30.987518310546875,-5.684328079223633,3.765164375305176,-21.946407318115234,-1.5182480812072754,-0.3585641384124756,2.121018886566162,0.23918448388576508,0.21766474843025208,-0.005689072422683239,-2.145458459854126,0.48041895031929016,-4.417316913604736,0.5835437774658203,1.9729676246643066,4.496682167053223,1.833743929862976,1.673887014389038
210,-4.773392677307129,6.929757595062256,-20.277986526489258,-69.83777618408203,10.451924324035645,0.5374112725257874,1.1960268020629883,6.379218101501465,-8.174150466918945,-9.244739532470703,-0.7544960379600525,-0.12104623019695282,2.6803131103515625,0.20393617451190948,-0.08480295538902283,-1.133650541305542,-1.6719563007354736,-0.02861606329679489,-2.8805737495422363,0.3313017189502716,0.24370801448822021,-0.88912433385849,-0.2767806649208069,-0.13189814984798431
211,-13.763629913330078,9.299043655395508,-14.811064720153809,-36.20777130126953,18.919191360473633,-3.784324884414673,9.514154434204102,-7.28101921081543,3.054046869277954,-0.08607101440429688,-0.05252397060394287,-0.0031845569610595703,2.6873486042022705,0.011209655553102493,0.06401124596595764,-1.570353388786316,-1.460799217224121,0.04389065504074097,-1.8476924896240234,-0.5568060874938965,-0.09227800369262695,-3.8229053020477295,0.2249685376882553,-0.34372326731681824
212,-15.607526779174805,-1.5406980514526367,-9.449856758117676,-33.931129455566406,20.0,-3.8522770404815674,12.473716735839844,5.485950469970703,-1.9204716682434082,7.678417205810547,-0.22723865509033203,-0.05744218826293945,2.690558671951294,-0.17229405045509338,-0.04623117670416832,-1.7554569244384766,-1.1939071416854858,-0.018367573618888855,-0.5483843684196472,-0.6422006487846375,-0.4192420542240143,-4.890501022338867,-2.7911808490753174,-2.209771156311035
213,-12.708216667175293,-11.702757835388184,4.825343132019043,-3.754276990890503,20.0,-5.345135688781738,16.478429794311523,3.134775161743164,-0.6428868770599365,6.72667121887207,0.5323724746704102,0.1716294288635254,1.0984463691711426,-0.19388826191425323,0.25759443640708923,0.9584165811538696,0.5553439855575562,-0.1836925745010376,0.5457645058631897,-0.6081610321998596,-0.555266261100769,-6.6612958908081055,-0.5358190536499023,-2.555095911026001
214,-24.10807228088379,-7.045968532562256,8.085944175720215,-0.053752899169921875,12.04414176940918,-3.0682973861694336,34.885765075683594,-3.259594440460205,6.560425281524658,14.40555191040039,0.4415022134780884,0.11370420455932617,-1.3185367584228516,-0.277905136346817,0.34224680066108704,5.416844367980957,3.930318593978882,-0.4435460865497589,2.2604427337646484,-0.4327421188354492,0.3073485195636749,-6.937084674835205,-0.5212579965591431,-2.6272449493408203
215,-35.191680908203125,-6.161906719207764,3.9883103370666504,-3.1547393798828125,-0.7481966018676758,-0.001984119415283203,40.0963134765625,-15.648799896240234,19.229806900024414,-40.64485549926758,-18.146202087402344,-10.573378562927246,-3.400831937789917,-0.10185045748949051,0.1673046350479126,10.033066749572754,3.3059260845184326,-0.6302270889282227,2.3947393894195557,-0.2772587239742279,-0.38200053572654724,-0.3184744119644165,6.045389175415039,1.1103655099868774
216,-14.663894653320312,-6.477097511291504,3.383596420288086,-14.757083892822266,-1.2172503471374512,0.04953223466873169,12.517123222351074,-14.182381629943848,22.423078536987305,-68.29996490478516,-8.099650382995605,-7.174917221069336,-3.2745256423950195,-0.4208250045776367,0.31466245651245117,6.254876613616943,-0.35415130853652954,-0.2618706226348877,1.1393271684646606,0.09576534479856491,0.0738927572965622,1.5220648050308228,-2.9070558547973633,0.7960904836654663
217,-11.416975021362305,2.1170644760131836,-0.33277034759521484,-9.022849082946777,-0.15548300743103027,-0.007345795631408691,15.945964813232422,-20.90581703186035,29.484464645385742,-68.22115325927734,-2.972165584564209,-2.9073681831359863,-2.9138450622558594,-0.393240362405777,0.338487833738327,3.06889271736145,1.6209908723831177,-0.7129529118537903,1.7792940139770508,-0.10497927665710449,-0.17518126964569092,0.8218368887901306,-2.6350016593933105,0.3944655954837799
218,-4.638782501220703,5.524751663208008,-3.852750778198242,-7.265349864959717,-0.8424537181854248,0.16239029169082642,1.65338134765625,-22.681760787963867,24.856220245361328,-75.67486572265625,6.322968482971191,1.7940113544464111,-2.1842496395111084,0.09565497934818268,-0.23390944302082062,-0.922361433506012,-1.7202001810073853,0.3392833471298218,2.266552209854126,0.22874583303928375,-0.4095710515975952,-0.29255449771881104,-2.0379934310913086,-0.16448472440242767
219,7.43112850189209,-3.9221320152282715,3.335540294647217,4.220479965209961,0.1884152889251709,-0.05557727813720703,-12.378751754760742,-12.420811653137207,15.175785064697266,-74.33821868896484,10.837631225585938,3.2587718963623047,-1.153794527053833,0.053311787545681,-0.06642260402441025,-2.7233338356018066,-1.535971999168396,0.5949537754058838,2.6695396900177,0.24330691993236542,-0.5652438402175903,-1.0860238075256348,-1.704375147819519,0.35288164019584656
220,5.456534385681152,3.831331968307495,-1.9415229558944702,5.616046905517578,0.1894381046295166,-0.03795325756072998,-9.363853454589844,-21.868289947509766,17.690832138061523,-48.74509048461914,19.344308853149414,6.716561317443848,-0.18363092839717865,0.37326183915138245,0.028342248871922493,-4.099106311798096,-1.1244417428970337,0.631040632724762,2.8165721893310547,0.4153338372707367,-0.46479910612106323,-1.5392038822174072,-1.3359811305999756,-0.15396767854690552
221,6.300340175628662,6.118091106414795,-4.18607234954834,5.157499313354492,0.0819711685180664,0.03496694564819336,-11.09986400604248,-14.140743255615234,7.871951103210449,-16.287704467773438,20.0,4.4997148513793945,0.3590340316295624,0.4574941098690033,-0.287282258272171,-5.462044715881348,-1.0467774868011475,1.4284329414367676,2.1646716594696045,0.26216810941696167,-0.417056143283844,-0.7337104678153992,-1.2020072937011719,0.9926003217697144
222,26.145294189453125,9.028646469116211,-7.323694229125977,7.3907318115234375,0.2663106918334961,-0.0019469261169433594,-23.225290298461914,-2.241506576538086,-2.960602283477783,-0.044101715087890625,20.0,3.9593374729156494,2.0040781497955322,0.4044027030467987,-1.1020272970199585,-7.964468002319336,-0.8640563488006592,1.9749034643173218,-0.707266092300415,-0.2630230486392975,-0.4675547480583191,4.218141555786133,2.711278200149536,0.6037503480911255
223,57.14714050292969,20.823644638061523,-27.187353134155273,-38.87116622924805,-20.0,15.354528427124023,-55.968475341796875,1.202989101409912,-4.606883525848389,-6.241847991943359,-0.5793628692626953,0.057518959045410156,1.308669924736023,-0.3993305265903473,0.36272943019866943,2.5969340801239014,-0.3424534797668457,-1.239391803741455,-3.5150930881500244,-0.2891395688056946,0.5374182462692261,8.72968864440918,4.707330226898193,2.180126667022705
224,37.91114807128906,23.91643524169922,-34.76729202270508,-80.30713653564453,4.324737548828125,1.7071267366409302,-42.78966522216797,8.922654151916504,-8.091506004333496,-12.83553695678711,-1.4326567649841309,-0.20269560813903809,1.4531902074813843,-0.017125017940998077,-0.03989778459072113,0.1944607049226761,-2.034834384918213,0.47312065958976746,-4.920820713043213,0.5926578640937805,0.5515199303627014,6.52557897567749,2.4212851524353027,0.7740424871444702
225,12.966913223266602,17.919925689697266,-29.328500747680664,-65.54685974121094,7.2417097091674805,0.31227588653564453,-10.542915344238281,-4.036108016967773,2.259995460510254,-13.072554588317871,-1.0018229484558105,-0.12683212757110596,2.377392530441284,-0.03470253944396973,0.11663629859685898,-0.8705076575279236,-1.6932141780853271,0.502977192401886,-3.8662028312683105,0.829918384552002,1.2770211696624756,1.4374412298202515,0.24342572689056396,0.5414161682128906
226,-2.329092025756836,7.784049034118652,-16.458452224731445,-39.55855178833008,14.60053825378418,-1.607197642326355,5.343256950378418,-6.066983222961426,0.8034777641296387,-6.635127067565918,-0.5012669563293457,-0.05670380964875221,3.017573118209839,-0.10345549881458282,0.1889227032661438,-1.605790138244629,-1.458475112915039,0.05967198312282562,-2.1251392364501953,0.1504366397857666,0.742074728012085,-3.2597010135650635,-1.229091763496399,-0.010691235773265362
227,-17.25588035583496,4.7501444816589355,-7.200497627258301,-26.67662811279297,20.0,-4.679405212402344,13.388797760009766,-0.6120615005493164,-2.8258135318756104,4.937629699707031,0.09169626235961914,0.001415252685546875,2.9841055870056152,-0.05765550211071968,0.15017105638980865,-1.7570804357528687,-1.4408072233200073,-0.010743767023086548,-0.784904420375824,-0.49137037992477417,-0.7686442732810974,-5.547035217285156,-1.2527554035186768,-1.4560359716415405
228,-17.35154914855957,-5.269651889801025,0.8760337233543396,-13.849019050598145,20.0,-4.276621341705322,16.083158493041992,6.525125026702881,-1.558586597442627,13.316895484924316,0.4288264513015747,0.09551858901977539,1.9060786962509155,-0.2927456200122833,0.08912662416696548,-0.18498271703720093,-0.5815973877906799,-0.10546858608722687,-0.19105002284049988,-0.6112068891525269,-0.9059792160987854,-4.2570061683654785,-1.0428167581558228,-2.0689642429351807
229,-27.38239097595215,-2.5784130096435547,0.8091030120849609,-17.96590232849121,20.0,-5.466156959533691,25.329957962036133,1.2052260637283325,2.1479313373565674,10.139396667480469,0.4433082342147827,0.12284326553344727,0.478089302778244,-0.29805877804756165,0.1624816209077835,1.9167591333389282,0.8461354374885559,0.023985695093870163,1.0172063112258911,-0.5448119044303894,-0.9410321116447449,-5.376755714416504,-0.006260531954467297,-2.57230544090271
230,-33.559974670410156,1.7602791786193848,4.2304792404174805,-2.7365055084228516,6.4696550369262695,-1.7520616054534912,42.454227447509766,-15.313974380493164,22.249372482299805,-25.741588592529297,-20.0,-8.49207878112793,-1.650457501411438,-0.006961345672607422,0.6370350122451782,5.9203996658325195,4.191256523132324,-1.1854934692382812,1.78360116481781,-1.3610237836837769,-0.4102455973625183,-1.0280053615570068,7.655440807342529,0.10385096073150635
231,-27.157085418701172,-10.790839195251465,4.917664051055908,-2.7140350341796875,-1.006177306175232,0.13094469904899597,35.33045959472656,-15.5581693649292,24.86655616760254,-69.22065734863281,-2.361145496368408,-6.005760192871094,-3.383446216583252,0.1437401920557022,0.4855281114578247,8.855541229248047,1.2696733474731445,-0.0671747550368309,0.7247321009635925,0.1672246903181076,0.13660316169261932,1.8508564233779907,-2.9960644245147705,1.0625841617584229
232,-21.148130416870117,5.497352600097656,-3.6277101039886475,-13.258918762207031,-0.6881191730499268,0.008426785469055176,28.517457962036133,-27.720317840576172,42.42205810546875,-66.79017639160156,-6.564176559448242,-3.312826633453369,-3.317186117172241,-0.21898050606250763,-0.32722383737564087,5.480950355529785,1.108114242553711,-0.8953475952148438,1.3775118589401245,-0.24006521701812744,-0.17904125154018402,1.2101775407791138,-2.6920323371887207,0.3001042604446411
233,-5.225369453430176,-7.239931106567383,5.996608257293701,-4.620916366577148,-0.34517037868499756,-0.0057250261306762695,8.402534484863281,-9.63951301574707,33.668846130371094,-86.60514068603516,-3.9539103507995605,0.21403226256370544,-2.532834768295288,-0.19848741590976715,0.7771465182304382,2.8653199672698975,0.7168344855308533,-0.8936612606048584,1.9854984283447266,-0.12157909572124481,0.006271928548812866,0.2904716730117798,-2.2678096294403076,0.13224489986896515
234,-10.892990112304688,2.800910234451294,-2.966477394104004,-7.833409309387207,-0.6006926894187927,0.19545632600784302,8.436954498291016,-12.757009506225586,22.90489387512207,-59.999366760253906,4.50033712387085,2.7862911224365234,-2.459244728088379,-0.1724439263343811,-0.1570436656475067,-0.610738217830658,-0.517142117023468,0.3796253800392151,2.257282257080078,0.06902477145195007,-0.28710347414016724,-0.44209519028663635,-1.829878807067871,-0.08897483348846436
235,-1.814117431640625,-3.5744948387145996,3.14105224609375,2.261630058288574,-0.055995166301727295,-0.0321505069732666,-0.22376060485839844,-10.397899627685547,19.060319900512695,-57.39467239379883,10.678900718688965,2.3740663528442383,-2.008223056793213,-0.1359301507472992,0.27459508180618286,-2.0988945960998535,-0.4589109718799591,1.090976595878601,2.3490591049194336,0.19001631438732147,-0.16817426681518555,-0.8521394729614258,-1.6014957427978516,0.37386712431907654
236,16.722963333129883,0.5823361277580261,-0.4235423803329468,6.285517692565918,0.07793164253234863,-0.10771465301513672,-21.444612503051758,-12.339303970336914,12.256502151489258,-53.2929801940918,14.632966041564941,4.5610456466674805,-0.5803577899932861,0.11288312077522278,0.27088066935539246,-3.5118136405944824,-1.6219863891601562,0.8972253203392029,2.6205391883850098,0.33432650566101074,-0.2286495566368103,-1.3789652585983276,-1.4188833236694336,0.2060064673423767
237,8.258265495300293,1.2072327136993408,-2.587287187576294,5.813432693481445,0.21404504776000977,0.03330659866333008,-13.41097354888916,-8.083740234375,5.226637840270996,-26.199092864990234,20.0,7.002748012542725,0.09694170951843262,0.1688637137413025,-0.497463583946228,-4.462643623352051,-1.3673455715179443,2.011716842651367,2.4445104598999023,0.6337265968322754,-0.3132055699825287,-1.4792401790618896,-1.1731489896774292,-0.3856787085533142
238,26.656217575073242,11.20958423614502,-7.003973007202148,5.485866546630859,0.3774902820587158,-0.15460419654846191,-20.968528747558594,-9.37818431854248,-1.2196155786514282,-0.7523307800292969,20.0,4.4087443351745605,2.105837821960449,0.2910046875476837,-0.6920797824859619,-7.512439250946045,-0.4264252483844757,1.2311500310897827,-0.04502487927675247,-0.18689727783203125,-0.178691104054451,3.1845526695251465,1.8227956295013428,1.292378544807434
239,55.33937072753906,21.399456024169922,-18.566997528076172,10.89828109741211,-3.3670260906219482,2.2003355026245117,-52.56991195678711,0.10717305541038513,-5.821125507354736,-2.707550048828125,0.055342674255371094,0.10840320587158203,3.319875478744507,1.1248393058776855,-0.29962173104286194,-1.8700807094573975,8.116982460021973,-4.055631637573242,-2.9948203563690186,0.07133691757917404,-0.002804262563586235,9.473638534545898,5.985414028167725,3.580254554748535
240,28.772201538085938,12.8619384765625,-32.75096893310547,-78.61048889160156,-1.4667510986328125,5.796010494232178,-36.57917785644531,8.302569389343262,-6.182183742523193,-14.611795425415039,-1.8204482793807983,-0.38762998580932617,1.5878201723098755,0.23041433095932007,0.05972788482904434,0.6942629814147949,-2.342892646789551,0.2638866901397705,-3.9726061820983887,0.5318737626075745,0.31726086139678955,6.954132556915283,0.6922838091850281,1.2784984111785889
241,6.727004051208496,22.925975799560547,-36.216800689697266,-89.97625732421875,4.716731071472168,-1.0428438186645508,-14.958925247192383,-4.04408597946167,1.1926765441894531,-12.154892921447754,-0.6292387247085571,-0.17402637004852295,2.310818672180176,0.2391865849494934,0.30159738659858704,-0.7415001392364502,-1.8875564336776733,0.9271848201751709,-3.549862861633301,0.7471937537193298,0.8101391792297363,2.056190013885498,0.9366413354873657,0.5588780641555786
242,-6.492114067077637,11.445571899414062,-19.192970275878906,-54.15721893310547,16.727127075195312,-3.6695914268493652,-0.236785888671875,-5.6632981300354,2.2127037048339844,-6.8109893798828125,-0.5853059887886047,-0.144067645072937,2.401850461959839,-0.28285616636276245,0.17806997895240784,-1.6430389881134033,-1.2908886671066284,0.36885133385658264,-2.651247262954712,-0.19422133266925812,0.6307945251464844,-2.084672451019287,-0.4523693025112152,-0.9298385381698608
243,-3.4351797103881836,5.453065395355225,-12.333683013916016,-30.33616065979004,20.0,-4.5522074699401855,2.5114779472351074,1.8410674333572388,-2.1115124225616455,1.0584125518798828,-0.2960827350616455,0.06874966621398926,2.4008629322052,-0.3377469778060913,0.07186020910739899,-1.801957368850708,-1.0221999883651733,0.12008988112211227,-1.6277453899383545,-0.3798181712627411,0.10174925625324249,-4.608994960784912,-1.9925527572631836,-1.6513702869415283
244,-27.4600772857666,-0.23492540419101715,-3.2205395698547363,-18.539623260498047,20.0,-5.291433334350586,30.049531936645508,-0.03136599063873291,1.1570185422897339,10.300243377685547,0.5403088331222534,0.14129328727722168,1.7673048973083496,-0.08323675394058228,0.18253320455551147,-0.3969793915748596,-0.21690595149993896,-0.4432287812232971,0.3918500244617462,-0.30853062868118286,-0.30069440603256226,-6.209708213806152,-1.1404145956039429,-1.6236172914505005
245,-16.5292911529541,-5.1294450759887695,5.494073867797852,-8.1749267578125,20.0,-5.168673992156982,20.936931610107422,3.4075374603271484,-0.18183541297912598,14.931402206420898,0.6019976139068604,0.1018376350402832,0.036922112107276917,-0.33507174253463745,0.4239245057106018,2.8903305530548096,1.9035965204238892,-0.01673358492553234,1.0754413604736328,-0.6206789016723633,-0.4708317220211029,-4.614038467407227,0.04360713064670563,-2.211151123046875
246,-34.255523681640625,2.823598623275757,-1.9325217008590698,-13.14531421661377,7.6983160972595215,-2.135075330734253,36.242252349853516,-11.703449249267578,11.263677597045898,11.758888244628906,0.3246101140975952,0.042163848876953125,-1.4990514516830444,-0.5286206007003784,0.18908169865608215,5.277966022491455,3.6902146339416504,-1.2271860837936401,2.584906578063965,-1.0796661376953125,-0.07905656099319458,-3.624621629714966,3.0127975940704346,-1.0345728397369385
247,-27.03816795349121,0.4121279716491699,-0.6349887251853943,-5.500617980957031,-0.8918025493621826,0.11170554161071777,30.392284393310547,-16.310762405395508,21.410736083984375,-56.31783676147461,-7.853076934814453,-10.927705764770508,-3.010334014892578,0.6026344299316406,-0.13142481446266174,7.128100872039795,1.6101986169815063,-1.2854511737823486,0.6768805980682373,0.2764456570148468,-0.17857909202575684,1.7192738056182861,-2.5806121826171875,0.31645214557647705
248,-10.557403564453125,-10.277351379394531,7.104271411895752,-3.1729087829589844,-0.37890124320983887,0.05323672294616699,13.34400463104248,-15.943902969360352,32.283592224121094,-81.01476287841797,-9.120468139648438,-6.1190996170043945,-3.0680642127990723,-0.014304321259260178,0.36744919419288635,6.7603983879089355,1.4153163433074951,-0.8709615468978882,1.2069357633590698,0.03357478976249695,-0.12049590796232224,1.0294889211654663,-2.7007639408111572,0.7014830112457275
249,-18.168245315551758,1.8942152261734009,-1.3693302869796753,-14.300494194030762,-0.7736994028091431,0.10711371898651123,21.95116424560547,-19.977676391601562,31.79056167602539,-60.20917892456055,-1.075312614440918,-3.544616222381592,-2.623012065887451,-0.10190184414386749,0.2555851340293884,2.108126163482666,0.9148610830307007,-0.5924857258796692,1.667388916015625,0.02846553921699524,-0.07018634676933289,0.41171225905418396,-2.2970173358917236,0.5045720934867859
250,-14.836612701416016,2.02506160736084,-0.9474308490753174,-5.065511703491211,-0.5427996516227722,0.12296509742736816,16.72339630126953,-20.25859260559082,27.871109008789062,-54.654075622558594,5.872503757476807,-1.0045394897460938,-2.655848264694214,-0.08075955510139465,0.15021756291389465,-0.37311479449272156,0.1801452785730362,0.540634274482727,1.9078816175460815,0.05218156427145004,-0.07982143759727478,-0.0493180938065052,-2.0238802433013916,0.2549768090248108
251,-4.354288101196289,-1.4626103639602661,1.70864737033844,1.1514034271240234,-0.3284604549407959,-0.03858590126037598,3.1651201248168945,-15.977072715759277,17.881258010864258,-59.775672912597656,17.977649688720703,2.5808334350585938,-2.356920003890991,0.023906715214252472,0.10345124453306198,-2.1069836616516113,-1.093083143234253,1.044429063796997,2.1968557834625244,0.13151517510414124,-0.3298705220222473,-0.7318091988563538,-1.684325933456421,0.2944558262825012
252,6.753526210784912,-2.0386886596679688,0.6685357093811035,3.203533172607422,-0.06528043746948242,-0.033528804779052734,-5.391391754150391,-10.586261749267578,14.725434303283691,-44.978389739990234,20.0,4.847080707550049,-0.9151479601860046,-0.19497358798980713,-0.08709485828876495,-4.406299591064453,-2.118732213973999,1.9713687896728516,2.67950177192688,0.21234048902988434,-0.32334497570991516,-1.284765601158142,-1.452588438987732,-0.17493146657943726
253,18.650012969970703,3.4225058555603027,-1.8824515342712402,6.6376495361328125,0.24132442474365234,-0.13274478912353516,-18.510143280029297,-2.5427517890930176,4.55326509475708,-15.434825897216797,20.0,5.1566948890686035,0.6807755827903748,-0.1025717556476593,-0.08712153881788254,-6.386230945587158,-2.5077426433563232,2.3421995639801025,1.981173038482666,-0.03888916224241257,-0.21908320486545563,0.15061187744140625,-0.7866721749305725,1.0319743156433105
254,36.244911193847656,18.8319034576416,-14.818341255187988,8.87213134765625,0.5057868957519531,-0.04368925094604492,-35.72163391113281,-1.3499332666397095,-6.104609966278076,-3.5150279998779297,20.0,4.453786849975586,2.5328032970428467,1.463997483253479,-0.556136965751648,-3.8377466201782227,7.270058631896973,-2.194366455078125,-1.4386323690414429,0.3166542649269104,-0.1560029238462448,5.462278366088867,4.304874897003174,0.6236848831176758
255,53.21866226196289,29.350013732910156,-30.024831771850586,-64.50325012207031,3.682183265686035,-0.17491769790649414,-54.669532775878906,9.83281135559082,-7.8418192863464355,-4.936988830566406,-0.9940319061279297,0.026723861694335938,1.1755253076553345,-0.2641536593437195,-0.3213626742362976,0.965762734413147,-2.382336378097534,0.7419697046279907,-4.459435939788818,0.21768146753311157,0.48071491718292236,9.673054695129395,3.9276654720306396,1.5315929651260376
256,36.833003997802734,21.0131893157959,-34.39982223510742,-79.9887466430664,3.9743154048919678,0.6399245262145996,-32.63941192626953,1.7357959747314453,-1.6407084465026855,-18.083011627197266,-1.4260141849517822,-0.1562178134918213,2.200984001159668,-0.12546847760677338,-0.02099723368883133,-0.4471812844276428,-1.8959791660308838,0.6449189186096191,-4.252182483673096,0.8499177098274231,1.46122145652771,4.525254726409912,1.6205878257751465,1.580330491065979
257,9.655099868774414,18.090648651123047,-22.218563079833984,-59.2163200378418,10.871732711791992,-0.5204536318778992,-10.210554122924805,-1.4695452451705933,-3.573023557662964,-9.445127487182617,-0.7678095698356628,-0.12164819240570068,2.661559581756592,-0.11238129436969757,-0.008315209299325943,-1.2754210233688354,-1.5077623128890991,0.37790629267692566,-3.635448932647705,0.4560665488243103,0.5980757474899292,0.2942201495170593,0.19602514803409576,0.6235888600349426
258,5.837713241577148,10.672143936157227,-15.556441307067871,-48.50367736816406,19.542238235473633,-3.9109044075012207,-2.7909059524536133,2.194157123565674,-4.073461055755615,-0.0243072509765625,-0.3090693950653076,-0.0539013147354126,3.3152472972869873,-0.2124563753604889,0.010369496420025826,-1.9820263385772705,-1.255539059638977,0.358212947845459,-2.551029682159424,0.0593072772026062,-0.22436778247356415,-1.8470590114593506,-0.9624153971672058,-0.6485773324966431
259,-29.840850830078125,2.6225745677948,-6.520164489746094,-26.046308517456055,20.0,-5.415905952453613,22.300804138183594,-1.5460911989212036,1.5330734252929688,3.578409194946289,0.17889273166656494,0.03455328941345215,2.7284975051879883,-0.0917610228061676,0.08743968605995178,-1.763062834739685,-0.8447745442390442,0.0033338144421577454,-1.3133348226547241,-0.0051908851601183414,-0.41708651185035706,-4.466987609863281,-0.7092812061309814,-0.9635704159736633
260,-24.872005462646484,3.5777015686035156,-2.1941356658935547,-12.899543762207031,20.0,-5.036807537078857,30.344253540039062,-9.252813339233398,7.686966896057129,8.890974044799805,0.3724129796028137,-0.019472599029541016,1.6897993087768555,-0.19798168540000916,0.262006938457489,0.3600386381149292,0.7138160467147827,-0.9948213696479797,0.7704096436500549,-0.812021791934967,-0.3147784173488617,-6.029411315917969,-0.3662852942943573,-1.608851432800293
261,-25.6994686126709,-0.7958507537841797,5.039599895477295,-3.6325950622558594,13.774419784545898,-3.3389084339141846,32.69096755981445,-7.278533458709717,8.097357749938965,11.307537078857422,0.3142983317375183,-0.022478103637695312,-0.6545678377151489,-0.004362326115369797,0.671682596206665,4.603690147399902,3.5521812438964844,-1.6067904233932495,2.567526340484619,-0.9275796413421631,0.0664602592587471,-7.573644161224365,-0.4525502920150757,-2.815873384475708
262,-36.86011505126953,6.25473690032959,-1.8906958103179932,-7.959953308105469,-0.5911235809326172,0.12496471405029297,37.568511962890625,-7.192228317260742,15.948199272155762,-7.6232099533081055,-15.084939956665039,-7.124261856079102,-2.658207654953003,0.5838689804077148,0.2724485993385315,7.715159893035889,4.812190055847168,-2.0412235260009766,2.038640022277832,-1.2539315223693848,-0.6674544215202332,-0.8197067379951477,5.805625915527344,3.2568252086639404
263,-21.070436477661133,-2.6715588569641113,-0.1730484962463379,-12.880298614501953,-1.6238880157470703,0.3360273838043213,17.692604064941406,-16.351083755493164,28.1036376953125,-41.91644287109375,-16.62562370300293,-10.286497116088867,-3.271963357925415,-0.2962506413459778,-0.5984191298484802,5.674556732177734,-1.814441204071045,0.3948665261268616,1.4699536561965942,-0.29234811663627625,0.24419042468070984,0.33318179845809937,1.9564851522445679,1.8126753568649292
264,-15.957452774047852,-3.6208689212799072,4.368225574493408,-4.9994659423828125,0.1177511215209961,-0.10386553406715393,22.796924591064453,-20.092208862304688,30.982044219970703,-81.51336669921875,-3.7923049926757812,-4.8994035720825195,-3.465085029602051,0.21078480780124664,0.18846169114112854,4.029503345489502,1.0271064043045044,0.17664188146591187,1.2541241645812988,-0.05603297799825668,0.02312076836824417,1.3453505039215088,-2.8221092224121094,0.6332252621650696
265,-5.880857467651367,-2.68963623046875,1.7255256175994873,-6.919572830200195,-0.638951301574707,-0.004678845405578613,11.314265251159668,-14.624285697937012,27.74355697631836,-66.32579040527344,2.204793691635132,-1.3759493827819824,-2.481781482696533,-0.1288374960422516,0.256852388381958,0.3403274714946747,-1.2236180305480957,0.6329872608184814,1.9620634317398071,-0.19315625727176666,0.020772874355316162,0.6501931548118591,-2.4949889183044434,0.21772687137126923
266,3.784243583679199,-7.470752716064453,4.792965888977051,3.8679540157318115,0.24394352734088898,-0.12483379244804382,-12.596427917480469,-2.3356475830078125,12.46114730834961,-75.59160614013672,7.146971225738525,-0.35227859020233154,-2.3687081336975098,0.0572105348110199,0.3104974031448364,-0.47066542506217957,-0.02970183454453945,0.2093544453382492,2.061248302459717,0.12424355745315552,-0.34706389904022217,-0.2594079077243805,-2.0734775066375732,0.11541126668453217
267,9.307552337646484,-1.6746940612792969,0.7288867235183716,1.2940893173217773,-0.05624532699584961,-0.002068758010864258,-9.485223770141602,-13.995523452758789,11.100499153137207,-49.954078674316406,16.522436141967773,2.329423427581787,-1.0457431077957153,0.007492667995393276,0.3085862994194031,-2.9182369709014893,-0.4772883951663971,0.6669108867645264,2.3367161750793457,0.29653456807136536,-0.21936503052711487,-0.6686418652534485,-1.8068283796310425,0.3463756740093231
268,15.829724311828613,8.68934154510498,-7.0285563468933105,-0.6300773620605469,-0.2248992919921875,0.06699061393737793,-18.074081420898438,-11.529914855957031,5.548089027404785,-20.17923927307129,20.0,5.5815229415893555,0.7324386835098267,0.09242486208677292,-0.4811032712459564,-7.292012691497803,-2.0978643894195557,1.4713886976242065,1.82525634765625,0.2409849613904953,-0.21735864877700806,-0.06426618993282318,-0.861864447593689,-0.584301769733429
269,23.914562225341797,10.89365005493164,-7.095945358276367,14.747251510620117,0.6672484874725342,-0.03529763221740723,-20.08994483947754,-13.200573921203613,2.4287126064300537,-14.839982986450195,20.0,5.377342224121094,2.2180023193359375,0.4390718340873718,-1.1542387008666992,-7.363330364227295,-0.09940416365861893,1.6345869302749634,0.7618595957756042,0.07254641503095627,-0.2763163447380066,2.2588014602661133,0.8051280975341797,0.22805142402648926
270,59.75250244140625,18.7724609375,-26.538108825683594,-49.807865142822266,11.9267578125,-9.137516975402832,-62.001441955566406,13.085234642028809,-13.335084915161133,-0.5138664245605469,1.0475778579711914,0.4596729278564453,1.7852492332458496,-0.034121304750442505,0.02810574509203434,0.8764969706535339,-3.1571004390716553,1.2214045524597168,-2.9349687099456787,-0.042342815548181534,-0.5045356750488281,8.803009986877441,6.587925434112549,2.454741954803467
271,48.3599739074707,17.44237518310547,-34.403282165527344,-83.60226440429688,7.065959453582764,2.5831737518310547,-52.62670135498047,10.565742492675781,-7.322267055511475,-13.83737564086914,-2.056384563446045,-0.25762462615966797,1.8094285726547241,-0.0878961980342865,0.3477550745010376,-0.008913806639611721,-2.0365171432495117,0.48891156911849976,-4.849878311157227,1.0961508750915527,0.6411232948303223,7.424798488616943,0.8319664597511292,1.0705876350402832
272,14.461305618286133,13.111237525939941,-35.423545837402344,-83.2585220336914,14.205118179321289,-1.1067537069320679,-17.318567276000977,3.1919002532958984,-4.058538436889648,-15.249585151672363,-0.9090779423713684,-0.11026708781719208,2.540677070617676,-0.06568095088005066,0.22967909276485443,-1.3922672271728516,-1.4805591106414795,0.6928879022598267,-3.960771322250366,1.3669795989990234,-0.01442479994148016,1.204397201538086,-0.4203130304813385,0.01679973676800728
273,0.28148651123046875,10.010252952575684,-16.68319320678711,-46.12896728515625,18.888507843017578,-4.125795841217041,2.5921497344970703,-4.752965927124023,1.9442849159240723,-3.9699783325195312,-0.20376843214035034,-0.04841876029968262,3.197551965713501,-0.47541117668151855,0.23348146677017212,-2.264404535293579,-1.094841718673706,0.34419679641723633,-2.573422431945801,0.84797602891922,0.2035275399684906,-2.398251533508301,-0.3020319938659668,-0.5707777142524719
274,-27.19223403930664,12.789615631103516,-16.574874877929688,-23.767845153808594,20.0,-4.42234992980957,21.54058074951172,-12.037307739257812,6.319260120391846,3.682821273803711,0.05256795883178711,-0.005430936813354492,2.6621861457824707,-0.3462596833705902,0.0877244770526886,-1.9484689235687256,-0.8699524402618408,-0.7754554152488708,-1.067575454711914,0.00833362527191639,-0.283828467130661,-5.230517387390137,-0.37074920535087585,-1.1142617464065552
275,-22.120670318603516,-0.4436720609664917,-4.716423034667969,-16.37061309814453,20.0,-5.080291748046875,20.722280502319336,0.272916316986084,1.1614692211151123,11.180429458618164,0.203460693359375,0.01907968521118164,1.7617052793502808,-0.3927004337310791,0.2867021858692169,-0.6396111249923706,0.07274606823921204,-0.08143877238035202,0.06565381586551666,-0.25255146622657776,-0.4175862967967987,-5.527372360229492,-1.0445034503936768,-2.3978357315063477
276,-26.39540672302246,3.8688278198242188,1.1369566917419434,-10.663980484008789,18.3494930267334,-4.536656379699707,32.505462646484375,-5.015242099761963,5.1813249588012695,15.37131118774414,0.6607334613800049,0.1336226463317871,0.21038974821567535,-0.33930033445358276,0.49749863147735596,2.3491578102111816,1.7453265190124512,-1.0362590551376343,1.5909976959228516,-0.8945686221122742,-0.7722395062446594,-4.775752544403076,-0.20483188331127167,-2.9405553340911865
277,-32.697975158691406,0.3133043050765991,1.847829818725586,-1.9659957885742188,2.6185483932495117,-0.5247235298156738,36.51514434814453,-12.34477424621582,13.82640552520752,10.030105590820312,0.3464190363883972,0.10129261016845703,-2.4596400260925293,-0.10628212988376617,0.9949154257774353,7.102596759796143,5.855045318603516,-2.177471876144409,3.160996913909912,-0.8936405777931213,0.5331581234931946,-6.6075968742370605,-0.14463576674461365,-2.580249786376953
278,-27.89844512939453,3.6473164558410645,-3.5336530208587646,-7.263294219970703,-1.3216829299926758,0.2994558811187744,37.97282409667969,-17.046611785888672,30.070104598999023,-43.05602264404297,-20.0,-5.21273946762085,-3.213526487350464,0.751796543598175,0.13071265816688538,8.583242416381836,1.7305717468261719,-0.9441894888877869,0.9845020174980164,0.6795438528060913,0.344390869140625,1.8764266967773438,-3.0812838077545166,0.37118998169898987
279,-17.374099731445312,-4.645742416381836,2.1895198822021484,-12.587369918823242,-0.8364413380622864,0.08985555171966553,22.85755157470703,-12.434733390808105,35.98991012573242,-70.84928131103516,-4.814850330352783,-2.7839410305023193,-2.865043878555298,0.1259586215019226,-0.09580270200967789,4.806452751159668,0.3055826425552368,-0.6618624329566956,1.458581566810608,-0.0363745391368866,-0.01944372057914734,1.2226049900054932,-2.656388282775879,0.2844376266002655
280,-17.72982406616211,-1.1637803316116333,2.4383511543273926,-7.41794490814209,-0.47993552684783936,0.05063703656196594,20.245798110961914,-20.66737174987793,33.44944763183594,-62.67644500732422,1.1972923278808594,0.7138168811798096,-3.214970111846924,-0.09635938704013824,0.21833449602127075,2.196523904800415,0.2642989754676819,-0.1605915129184723,1.679358720779419,-0.18724608421325684,0.06459623575210571,0.6846554279327393,-2.329951047897339,0.06037148833274841
281,-0.48665809631347656,1.1689891815185547,-0.8255066871643066,-3.2247495651245117,-0.28268104791641235,0.06160628795623779,-2.277174949645996,-14.786458969116211,20.137298583984375,-62.41461944580078,2.7433576583862305,2.836973190307617,-2.790968656539917,0.11257584393024445,-0.23041975498199463,-0.32320958375930786,-0.3211042881011963,0.4512183368206024,1.9966992139816284,-0.0558420792222023,-0.2372981309890747,-0.0201951265335083,-2.091236114501953,-0.018370389938354492
282,4.2684102058410645,-1.2738035917282104,-0.4740726947784424,-1.1730775833129883,-0.3030250072479248,0.0325467586517334,-4.227120876312256,-7.890522480010986,15.933514595031738,-49.528690338134766,12.415828704833984,2.516305446624756,-1.6072864532470703,0.044786304235458374,-0.681799590587616,-3.25077748298645,-2.043510913848877,1.2492977380752563,2.2707231044769287,0.17489013075828552,-0.1944880485534668,-0.48970410227775574,-1.8486897945404053,0.3062053322792053
283,8.842063903808594,-0.660359263420105,1.342470645904541,6.210588455200195,0.2299344539642334,-0.06658220291137695,-7.894845008850098,-14.147736549377441,13.78077220916748,-44.69786834716797,20.0,7.185905933380127,-0.244443878531456,0.20260606706142426,-0.4340643882751465,-4.92186975479126,-1.7651526927947998,2.281938314437866,2.6471590995788574,0.3010444641113281,-0.16835027933120728,-0.9917275309562683,-1.5858951807022095,-0.1344965696334839
284,7.29541015625,4.558664798736572,-1.6865265369415283,9.543397903442383,0.2890806198120117,-0.21285367012023926,-11.717529296875,-21.544862747192383,12.469552040100098,-28.269254684448242,20.0,6.490294456481934,0.3670659065246582,0.26238539814949036,-0.2518220543861389,-5.34720516204834,-0.9979199171066284,1.6977657079696655,2.419581174850464,0.093827985227108,-0.09638313949108124,-0.7256383299827576,-1.7189093828201294,0.4924463629722595
285,19.490795135498047,4.578070163726807,-2.8634510040283203,12.034719467163086,0.3476288318634033,-0.10704851150512695,-18.87540054321289,-7.638771057128906,0.8829333782196045,-12.582918167114258,20.0,4.5746965408325195,1.2826321125030518,0.5259515643119812,-0.2967190742492676,-4.994846343994141,-0.9388619065284729,1.7590713500976562,1.0726758241653442,-0.2039928138256073,-0.19832028448581696,1.7035003900527954,-0.4240603744983673,1.6176798343658447
286,46.251224517822266,14.70311164855957,-20.287141799926758,-12.626676559448242,-8.254152297973633,4.065925598144531,-49.753089904785156,-0.3448166847229004,-3.7013936042785645,-8.730823516845703,14.726597785949707,3.411447048187256,2.763033628463745,0.6630858182907104,-0.07597103714942932,-2.6763217449188232,5.066806793212891,-3.6801130771636963,-2.382368803024292,-0.5405524373054504,0.1579524576663971,6.827005863189697,5.197508335113525,0.6073555946350098
287,45.32484436035156,28.689773559570312,-32.251625061035156,-76.29522705078125,0.040950775146484375,1.338479995727539,-45.48303985595703,10.662323951721191,-8.597021102905273,-6.190540313720703,-1.2499756813049316,0.03465986251831055,1.1959025859832764,0.0035436064936220646,0.2651113271713257,0.8917562961578369,-2.267507791519165,0.4010021984577179,-4.791420936584473,0.4752367436885834,1.1991990804672241,8.673918724060059,3.1650497913360596,1.6031478643417358
288,38.47784423828125,23.884292602539062,-35.424232482910156,-79.71484375,4.864575386047363,1.7088466882705688,-34.2437744140625,2.8000693321228027,-5.271866798400879,-17.033817291259766,-1.358511209487915,-0.11106300354003906,2.2548086643218994,0.04614369571208954,0.2967548072338104,-0.4297611117362976,-1.850108027458191,0.5867430567741394,-4.505889892578125,0.9065600037574768,1.0535669326782227,3.4382379055023193,1.0401570796966553,1.3159098625183105
289,-17.316326141357422,17.41839599609375,-28.00619888305664,-63.732418060302734,10.546215057373047,-1.126542329788208,10.187845230102539,-7.5389084815979,2.7690954208374023,-4.463144302368164,-0.34728389978408813,-0.15637850761413574,2.4474830627441406,-0.07553601264953613,0.15405187010765076,-1.2783570289611816,-1.5418802499771118,0.27040353417396545,-3.2609918117523193,0.21278032660484314,0.5271055698394775,-0.4848542809486389,0.24253125488758087,0.49456194043159485
290,-16.2545166015625,19.172039031982422,-22.712308883666992,-52.845638275146484,16.629064559936523,-4.85754919052124,14.975837707519531,-8.880938529968262,3.493783473968506,1.7001981735229492,-0.1904149055480957,-0.09541428089141846,3.0060086250305176,-0.03830094635486603,0.12678374350070953,-1.9394327402114868,-1.3166407346725464,0.3791177272796631,-1.2629896402359009,-0.5607517957687378,-0.2064492553472519,-3.5391483306884766,-1.3300209045410156,-0.6215632557868958
291,-32.20090103149414,-0.4029008448123932,-2.4033422470092773,-26.67596435546875,19.416593551635742,-4.994086265563965,24.80268096923828,2.7150063514709473,0.4919304847717285,6.167417526245117,0.25812244415283203,-0.025959491729736328,2.455103635787964,-0.038705624639987946,0.015008673071861267,-1.5537923574447632,-0.8409594893455505,0.06301074475049973,0.37065768241882324,-0.5902906656265259,-0.5789842009544373,-6.039428234100342,-1.3327059745788574,-1.9896897077560425
292,-22.499801635742188,-6.848857402801514,4.1598591804504395,-11.19012451171875,20.0,-5.165047645568848,23.309391021728516,3.499345302581787,1.0132088661193848,12.592853546142578,0.4814307689666748,0.11232376098632812,0.6865947842597961,-0.26575300097465515,-0.0531996488571167,0.8452596664428711,0.8319450616836548,0.025914758443832397,1.4659967422485352,-0.8148300051689148,-0.6730190515518188,-6.109008312225342,-0.7005151510238647,-2.6252291202545166
293,-24.518714904785156,-0.26562273502349854,3.518765449523926,-3.79840087890625,10.381444931030273,-2.6836886405944824,33.37450408935547,-8.171709060668945,9.505327224731445,15.373409271240234,0.5961991548538208,0.12170267105102539,-0.9463061094284058,-0.1599421501159668,0.3931877315044403,4.6732025146484375,3.2702529430389404,-0.8296043276786804,2.8919529914855957,-0.7486180663108826,0.3972363770008087,-5.350591659545898,-0.08675868064165115,-2.201637029647827
294,-22.523479461669922,-7.546727180480957,4.539935111999512,-1.0275001525878906,-0.49980688095092773,-0.006372928619384766,21.141132354736328,-7.463584899902344,18.48380470275879,-43.42504119873047,-17.77240753173828,-11.014492988586426,-2.897589921951294,0.00747301708906889,0.5053777098655701,8.864689826965332,3.1243579387664795,-1.4976478815078735,1.4093453884124756,-0.29066500067710876,0.04993961751461029,-0.21537238359451294,4.443902492523193,2.456789493560791
295,-26.559635162353516,-5.581367492675781,2.81699800491333,-13.392967224121094,-1.1718251705169678,0.1733187437057495,28.70403289794922,-13.106697082519531,25.861631393432617,-58.93537902832031,-4.541952133178711,-5.580446243286133,-3.5101029872894287,-0.3429041802883148,0.3485111594200134,6.715466022491455,0.29258695244789124,-0.35635262727737427,0.6612435579299927,-0.020486973226070404,0.022300295531749725,1.61569082736969,-2.6372411251068115,0.6356425285339355
296,-9.879156112670898,2.749575138092041,-2.07802152633667,-13.041752815246582,-0.5762360692024231,0.05312997102737427,13.277530670166016,-13.261251449584961,28.860137939453125,-66.80571746826172,-5.2029547691345215,-3.532362222671509,-2.5615451335906982,-0.2641894519329071,-0.03718635439872742,1.9860625267028809,-0.4036298394203186,-0.47753673791885376,1.4377256631851196,0.02251969277858734,-0.1700291931629181,0.7595447301864624,-2.3671555519104004,0.38104814291000366
297,-1.3259477615356445,-3.990849733352661,2.891510248184204,0.8059349060058594,0.04897946119308472,0.04838201403617859,-0.06417083740234375,-12.680633544921875,24.11334991455078,-73.75691986083984,-0.29260969161987305,-0.5531951785087585,-2.0814590454101562,-0.22742757201194763,0.17952369153499603,0.7628456950187683,0.2812342345714569,0.24725158512592316,1.8142626285552979,0.22493547201156616,-0.19228261709213257,0.08053873479366302,-2.0597896575927734,0.12523192167282104
298,-5.418766975402832,-3.243419647216797,3.137218713760376,0.1911168098449707,-0.22858142852783203,-0.011501789093017578,2.7070999145507812,-17.500904083251953,18.04926109313965,-63.057273864746094,7.565186500549316,1.7201381921768188,-1.8811392784118652,-0.402263343334198,0.30016767978668213,-0.7597014307975769,-0.19659414887428284,1.0857291221618652,2.0745022296905518,0.21714505553245544,-0.32211461663246155,-0.4441383481025696,-1.7931220531463623,0.04049503803253174
299,4.275331974029541,5.010765552520752,-4.331554412841797,0.4186067581176758,-0.18455266952514648,-0.061802029609680176,-8.964583396911621,-19.17733383178711,20.145219802856445,-47.3445930480957,10.20145320892334,0.8378429412841797,-0.9469939470291138,-0.3281058371067047,-0.27596133947372437,-3.059535264968872,-1.3268901109695435,0.5906451940536499,2.056309938430786,0.3226509094238281,-0.14737781882286072,-0.6413805484771729,-1.6204711198806763,0.43104761838912964
300,10.0718994140625,12.798977851867676,-7.806339263916016,0.08925247192382812,-0.16703414916992188,0.0759744644165039,-12.290735244750977,-15.276896476745605,11.295832633972168,-23.511959075927734,20.0,4.184284210205078,0.5828111171722412,0.3920295834541321,-0.9290106296539307,-6.655169486999512,-2.8629558086395264,1.5461854934692383,2.2095279693603516,0.46913933753967285,-0.31795182824134827,-0.9212452173233032,-1.456955075263977,-0.21238213777542114
301,37.06094741821289,19.503637313842773,-12.23847484588623,10.181053161621094,0.6374702453613281,-0.015695571899414062,-33.16374206542969,-12.341218948364258,0.9216141104698181,-3.888644218444824,19.177732467651367,4.032525062561035,2.9994614124298096,0.9368730783462524,-1.4867113828659058,-9.853029251098633,-1.4966368675231934,1.5719923973083496,-0.6931406855583191,-0.32446035742759705,-0.3872852623462677,4.059484004974365,2.326366424560547,1.252138614654541
302,65.90087890625,25.746217727661133,-34.1953125,-66.88155364990234,5.5789384841918945,3.12432861328125,-58.44395065307617,9.477376937866211,-8.922704696655273,-2.7585678100585938,-0.5205707550048828,0.024585247039794922,1.813647985458374,0.1206774041056633,0.2658262550830841,0.8789964914321899,-2.4489049911499023,0.3262178599834442,-3.4162373542785645,-0.05932470038533211,0.2910364270210266,9.351510047912598,4.3324432373046875,2.553030490875244
303,21.824687957763672,21.75526237487793,-37.22786331176758,-82.48485565185547,2.795917272567749,2.02241849899292,-31.052091598510742,0.1637108325958252,0.054955482482910156,-15.185361862182617,-1.4367631673812866,-0.31561946868896484,2.008694648742676,-0.05501825362443924,0.29475077986717224,-0.2209312915802002,-1.9582302570343018,0.710279107093811,-4.169810771942139,0.8158994913101196,1.6062508821487427,5.730392932891846,1.3531439304351807,1.5844416618347168
304,0.5652379989624023,18.33243179321289,-30.817058563232422,-66.91407012939453,10.258598327636719,-0.6365464329719543,-8.273290634155273,-4.555350303649902,-0.3353590965270996,-13.005619049072266,-0.7892072200775146,-0.1922597587108612,2.2527015209198,-0.04238838702440262,0.10633669793605804,-1.1424428224563599,-1.5213890075683594,0.41964834928512573,-3.349398612976074,0.47295641899108887,0.9094924926757812,0.1472524106502533,0.20572569966316223,0.2088496834039688
305,-6.16597318649292,2.4065778255462646,-12.29638385772705,-58.322227478027344,19.157033920288086,-3.0682363510131836,3.7762742042541504,8.595881462097168,-9.180469512939453,-0.714543342590332,-0.3311653137207031,0.03961896896362305,2.82550048828125,-0.03281025588512421,0.06976278126239777,-2.0012876987457275,-1.1560564041137695,0.13304820656776428,-1.8464655876159668,0.21564552187919617,-0.7361114025115967,-3.1498677730560303,-1.3299560546875,-1.195975661277771
306,-17.145750045776367,1.0409245491027832,-9.455283164978027,-37.13861846923828,20.0,-5.998824596405029,9.102579116821289,3.333570957183838,-1.7045531272888184,6.761579513549805,0.2002941370010376,0.09708452224731445,2.5714476108551025,-0.2671453356742859,0.10077828168869019,-2.2302894592285156,-0.7650790810585022,0.07401350140571594,-1.1536524295806885,0.015917522832751274,-0.9728969931602478,-4.158627986907959,-0.9884101152420044,-1.734753131866455
307,-8.786717414855957,2.451406955718994,-1.834007978439331,-6.527230739593506,20.0,-4.946074962615967,14.672018051147461,-6.590977668762207,6.326178550720215,6.8603057861328125,0.21418869495391846,0.09165453910827637,1.8434420824050903,-0.506266176700592,0.3239685595035553,-0.6424707174301147,-0.026513537392020226,-0.9426943063735962,-0.006502265110611916,-0.494207501411438,-0.27940139174461365,-4.870486736297607,-0.8784030675888062,-1.426891803741455
308,-18.122034072875977,5.515108585357666,-2.710956573486328,-10.108861923217773,20.0,-4.383172512054443,21.74868392944336,-3.7707295417785645,4.34386682510376,9.49726676940918,0.36228451132774353,0.05503964424133301,0.3056789040565491,-0.40047094225883484,0.47068628668785095,1.810274362564087,1.7932181358337402,-0.49262481927871704,1.316236138343811,-0.5594419836997986,-0.2707253098487854,-6.180903434753418,0.14086903631687164,-1.8334449529647827
309,-42.393096923828125,8.108441352844238,-2.664600133895874,-2.723796844482422,2.2725887298583984,-0.3926217555999756,50.607967376708984,-19.754976272583008,17.683685302734375,7.096563339233398,-6.040699005126953,2.7268166542053223,-2.4389047622680664,0.1431637704372406,0.5213680267333984,7.311054706573486,6.176181793212891,-1.5168471336364746,1.6094313859939575,-1.2515512704849243,-0.10994960367679596,-1.001999855041504,6.898623943328857,3.992973804473877
310,-26.530746459960938,0.7044711112976074,-0.6643322706222534,-7.692695617675781,-1.6618949174880981,0.20433855056762695,28.7886905670166,-19.571409225463867,32.57217788696289,-49.8613395690918,-20.0,-5.470878601074219,-3.5540266036987305,0.5105330944061279,0.029197536408901215,8.33484172821045,-0.6043402552604675,-0.41498255729675293,0.8812722563743591,0.23106883466243744,0.18264514207839966,1.7146413326263428,-2.8577635288238525,0.1807776391506195
311,-7.516845703125,-2.311734199523926,2.2281785011291504,-9.691875457763672,-0.06683993339538574,-0.0500795841217041,10.586407661437988,-17.76837158203125,34.156864166259766,-79.47956848144531,-7.267306327819824,-4.791449546813965,-2.962385892868042,0.3000795245170593,0.10864032804965973,4.886707305908203,1.7294294834136963,-1.429764747619629,1.4687117338180542,-0.17608565092086792,0.0164283886551857,0.9768925905227661,-2.6110894680023193,0.5205100178718567
312,-6.142351150512695,1.4055771827697754,-1.2429847717285156,-7.711033821105957,-0.6441671252250671,0.19438183307647705,5.8675642013549805,-18.900630950927734,28.87105369567871,-65.58201599121094,-3.43544864654541,0.08014068007469177,-2.3663721084594727,0.2675253748893738,-0.12611795961856842,1.647912621498108,-0.06887399405241013,-0.39029842615127563,1.8452026844024658,-0.15128807723522186,-0.001216292381286621,0.3877856433391571,-2.278305768966675,0.20440927147865295
313,1.5106725692749023,-3.7963707447052,2.315467596054077,-1.6777681112289429,-0.1656022071838379,0.040688127279281616,-12.25581169128418,-10.830737113952637,15.354662895202637,-62.92123031616211,-2.2795310020446777,1.5277884006500244,-2.27506947517395,0.24088828265666962,0.023525111377239227,-0.3356875777244568,-0.5583631992340088,0.14909659326076508,1.5665531158447266,-0.011217713356018066,0.027635037899017334,-0.002047620713710785,-1.9979254007339478,0.12745311856269836
314,-3.0988101959228516,-2.8858885765075684,2.032626152038574,1.0647058486938477,-0.1038588285446167,0.018442392349243164,5.518505096435547,-17.009437561035156,19.169816970825195,-63.1479377746582,9.558213233947754,2.9346017837524414,-1.4183341264724731,0.11777738481760025,0.05826086923480034,-2.3327856063842773,-0.6888250708580017,1.0509785413742065,2.0923268795013428,0.024559952318668365,-0.031737037003040314,-0.5574962496757507,-1.6596490144729614,0.3850269615650177
315,4.4810943603515625,-5.921389579772949,3.8588662147521973,8.365239143371582,0.18633556365966797,-0.11157393455505371,-6.354799270629883,-11.324584007263184,13.47767162322998,-56.5361442565918,19.18125343322754,4.926740646362305,-0.7348945736885071,0.05685007572174072,0.3400871157646179,-2.298701524734497,-0.6093941330909729,1.3617310523986816,2.4066553115844727,0.1501619815826416,-0.09375383704900742,-1.1249858140945435,-1.4515092372894287,0.19276949763298035
316,2.6054883003234863,-3.64313006401062,2.5634593963623047,3.6360559463500977,-0.0781395435333252,-0.10044002532958984,-3.070601463317871,-2.8223414421081543,7.720438003540039,-26.272327423095703,20.0,7.485480785369873,-0.037699416279792786,-0.0642554759979248,0.6130750775337219,-3.467698812484741,-1.6723506450653076,2.1487133502960205,2.460177183151245,0.13064400851726532,-0.1435180902481079,-1.2055995464324951,-1.2993497848510742,-0.4242408275604248
317,24.133220672607422,13.426427841186523,-11.862696647644043,0.34575653076171875,0.054869651794433594,-0.045441627502441406,-24.96260643005371,-2.129488706588745,-1.7172738313674927,-8.65329360961914,20.0,5.33241605758667,1.9664034843444824,0.29568952322006226,-0.9398581981658936,-8.006271362304688,-2.7488698959350586,2.110043525695801,0.5898555517196655,0.11917031556367874,-0.12927186489105225,1.831085443496704,1.1524338722229004,1.1010589599609375
318,54.7187614440918,25.44466209411621,-25.219518661499023,-7.194187164306641,-12.263299942016602,6.693723678588867,-55.778846740722656,1.169058084487915,-7.711845874786377,2.397613525390625,0.3115072250366211,0.14912796020507812,2.2118499279022217,1.8743654489517212,0.1637466847896576,-2.5439085960388184,9.131641387939453,-6.007457256317139,-3.1124045848846436,0.1739310622215271,-0.40489211678504944,10.719819068908691,6.314665794372559,3.394577741622925
319,38.44890594482422,16.041059494018555,-34.743873596191406,-76.5475845336914,-1.1292810440063477,4.691269874572754,-41.61250686645508,5.659192085266113,-3.4800939559936523,-19.28059959411621,-1.9283299446105957,-0.3828413486480713,1.7227534055709839,0.05393531173467636,-0.343427836894989,1.0914268493652344,-1.177398443222046,0.2714712917804718,-3.881714105606079,0.6351380944252014,0.5567577481269836,7.183602333068848,1.9111238718032837,1.6692578792572021
320,16.214725494384766,19.126359939575195,-29.133174896240234,-72.18386840820312,6.6677446365356445,-0.8967832922935486,-20.626659393310547,-3.7190918922424316,1.0819969177246094,-14.553864479064941,-0.9973368644714355,-0.25163254141807556,2.0854310989379883,-0.16538529098033905,0.15044370293617249,-0.7549014091491699,-1.6498314142227173,0.7821468710899353,-3.793196201324463,0.3813853859901428,1.014343023300171,2.5055294036865234,0.5819401144981384,0.20025113224983215
321,-1.1674919128417969,7.3867926597595215,-18.005714416503906,-54.64525604248047,15.837525367736816,-2.0047123432159424,-3.4311399459838867,2.7786974906921387,-4.504647254943848,-8.388277053833008,-0.5922927260398865,-0.014146685600280762,2.3654301166534424,-0.11303575336933136,0.08048287034034729,-1.6361678838729858,-1.193712830543518,0.12341420352458954,-2.86084246635437,0.3078491985797882,0.1883271336555481,-2.43778920173645,-0.20072248578071594,-0.8682171702384949
322,-12.046036720275879,4.833343029022217,-8.96890926361084,-23.478057861328125,20.0,-3.600621223449707,15.68172836303711,-3.5649936199188232,2.4811463356018066,2.611164093017578,-0.0971982479095459,0.04545950889587402,2.6735775470733643,-0.24155431985855103,0.11453638970851898,-1.7898612022399902,-1.1007031202316284,0.21084614098072052,-1.0574431419372559,-0.010408047586679459,0.23182833194732666,-5.04492712020874,-1.2051488161087036,-1.0205096006393433
323,-18.572105407714844,-0.2549011707305908,-2.4881696701049805,-16.639223098754883,20.0,-5.246910572052002,17.761728286743164,2.587006092071533,-2.5961618423461914,10.51263427734375,0.31221675872802734,0.08204889297485352,2.0911335945129395,-0.15761543810367584,0.0214461050927639,-0.8328989148139954,-0.7114391922950745,-0.31041231751441956,0.1549188196659088,-0.3884202837944031,-0.887039303779602,-5.520665168762207,-1.2182639837265015,-2.123605728149414
324,-18.84942626953125,-1.0294346809387207,0.8225444555282593,-9.280963897705078,20.0,-4.98376989364624,23.55154037475586,-1.2464661598205566,3.860487937927246,12.613784790039062,0.428769588470459,0.11046552658081055,0.6829229593276978,-0.2813866138458252,0.12662959098815918,1.8157397508621216,0.8337916135787964,-0.37344151735305786,1.3264002799987793,-0.5002050995826721,-0.5405171513557434,-5.261684894561768,-1.237223505973816,-2.453291177749634
325,-34.41896057128906,-5.078537940979004,5.982123374938965,1.5351829528808594,4.941041946411133,-1.1191737651824951,40.319854736328125,-19.346073150634766,16.788291931152344,7.4237518310546875,0.5038745403289795,0.06810593605041504,-2.499983072280884,-0.3395348787307739,1.1989758014678955,8.594010353088379,6.777797222137451,-1.6081877946853638,3.261946439743042,-1.3023262023925781,0.1859351396560669,-6.734129905700684,3.495838165283203,0.4558689594268799
326,-31.945716857910156,1.5520637035369873,-3.603337049484253,-12.683643341064453,-1.7817466259002686,0.2899167537689209,36.50464630126953,-18.26471710205078,22.00615692138672,-46.60957717895508,-1.011547565460205,-6.686860084533691,-3.7240328788757324,-0.004445278085768223,-0.21077008545398712,8.667594909667969,0.9316204190254211,-0.07287080585956573,0.6463590264320374,0.12039956450462341,0.043257612735033035,1.9489450454711914,-2.906893014907837,0.659386157989502
327,-20.337833404541016,-13.37744140625,10.06602954864502,-8.67269515991211,-0.4396204948425293,-0.1370699405670166,28.799705505371094,-9.944751739501953,30.595046997070312,-79.53559112548828,-0.9008140563964844,-4.504265308380127,-3.704453229904175,-0.46546101570129395,0.7996554374694824,6.61772346496582,1.8706519603729248,-0.6770151257514954,1.3647462129592896,-0.048454537987709045,0.017780251801013947,1.0687799453735352,-2.5887930393218994,0.6959027051925659
328,-14.760501861572266,3.0482664108276367,-3.4866180419921875,-15.218986511230469,-1.0685701370239258,0.19053959846496582,15.393404006958008,-15.390205383300781,31.726865768432617,-66.38164520263672,3.6819214820861816,-1.4471460580825806,-3.217663049697876,-0.5530646443367004,0.0317448228597641,1.286313533782959,-0.6605748534202576,0.6334761381149292,1.9120509624481201,0.07735812664031982,-0.14400321245193481,0.1315617710351944,-2.1056571006774902,0.11887961626052856
329,0.5693702697753906,-0.9329395294189453,1.1042817831039429,-3.2789459228515625,-0.27564263343811035,-0.05191695690155029,-6.328588485717773,-11.118258476257324,16.248882293701172,-64.53459930419922,10.897705078125,1.8804078102111816,-2.6838667392730713,-0.3660697937011719,-0.17187276482582092,-1.8625210523605347,-1.5454809665679932,0.8219711780548096,2.064805507659912,0.30918437242507935,-0.30815595388412476,-0.6123886108398438,-1.662003993988037,0.11413253843784332
330,10.338614463806152,2.1595449447631836,-0.42280006408691406,3.1852073669433594,0.06653833389282227,-0.050145864486694336,-10.125948905944824,-13.131637573242188,11.62186336517334,-51.079124450683594,17.08268928527832,4.515027046203613,-1.17354154586792,0.1009317934513092,-0.2747463285923004,-4.132288455963135,-2.085470676422119,1.282745599746704,2.5947928428649902,0.5706621408462524,-0.4461095929145813,-1.2938530445098877,-1.4293450117111206,0.005981802940368652
331,23.123046875,7.046379566192627,-3.4417760372161865,8.89995002746582,0.36879539489746094,-0.07904219627380371,-24.154701232910156,-17.467546463012695,11.222343444824219,-28.42438507080078,20.0,5.0996270179748535,0.7179130911827087,0.3176950216293335,-0.04413142800331116,-5.722864151000977,-2.3270323276519775,1.586670994758606,2.674126386642456,0.24343417584896088,-0.329563170671463,-1.0167169570922852,-1.5249378681182861,1.2539784908294678
332,31.577856063842773,13.669256210327148,-11.628227233886719,8.965656280517578,0.6193114519119263,0.03198051452636719,-33.9205207824707,-11.395720481872559,-0.4549957513809204,-5.274627685546875,20.0,4.019673824310303,2.23317813873291,0.49313968420028687,-1.1414563655853271,-8.024618148803711,-0.5876981616020203,2.1435394287109375,-0.9317991733551025,-0.26569926738739014,-0.2481839954853058,4.447011470794678,2.8229222297668457,1.1956689357757568
333,66.92877960205078,23.861013412475586,-20.843944549560547,-20.420921325683594,-18.697702407836914,19.234249114990234,-59.8900146484375,0.73204505443573,-6.130632400512695,-6.502048492431641,-0.49104881286621094,0.023755550384521484,2.7469096183776855,0.4479295611381531,-0.046080268919467926,1.136748194694519,-3.1416497230529785,-5.880626678466797,-3.8867180347442627,-0.48008227348327637,0.1744357943534851,9.985859870910645,6.004711627960205,2.6179959774017334
334,35.02989959716797,24.697093963623047,-42.183773040771484,-71.19669342041016,6.530665397644043,1.091052532196045,-39.72332000732422,1.0329217910766602,-0.3727250099182129,-20.543598175048828,-2.0799732208251953,-0.3608056306838989,1.7129013538360596,0.035509198904037476,0.08923442661762238,0.3400488495826721,-2.2875120639801025,0.7812921404838562,-4.500582218170166,0.4690912663936615,1.2819045782089233,4.6475629806518555,0.5689944624900818,0.9098808765411377
335,15.39299201965332,20.492177963256836,-34.217308044433594,-81.68529510498047,14.887474060058594,-2.8250389099121094,-16.228660583496094,1.493714451789856,-5.565151214599609,-8.665884971618652,-0.6669672727584839,-0.07316350936889648,2.5208213329315186,0.06365786492824554,-0.08380544930696487,-0.9406855702400208,-1.728610873222351,0.6863522529602051,-3.6266181468963623,0.12791867554187775,-0.03653101250529289,0.052931804209947586,-0.26326245069503784,-0.6401827931404114
336,-20.785903930664062,2.1589722633361816,-14.51082992553711,-58.71098327636719,20.0,-3.2784605026245117,11.251635551452637,5.8704328536987305,-2.687966823577881,2.606273651123047,-0.031600236892700195,0.03521156311035156,2.6011557579040527,-0.028870560228824615,0.12578919529914856,-1.8595538139343262,-1.3497965335845947,0.002705097198486328,-2.8488965034484863,0.42201104760169983,0.2062828093767166,-2.2325947284698486,-0.6121459007263184,-1.2683699131011963
337,-9.155558586120605,1.2626820802688599,-8.164627075195312,-22.93039321899414,20.0,-5.106937408447266,13.151742935180664,-0.18876518309116364,0.23562145233154297,5.093497276306152,0.14096784591674805,0.13732731342315674,2.7028796672821045,-0.36468252539634705,0.06651274859905243,-1.8266068696975708,-1.0962640047073364,0.058411672711372375,-1.476858139038086,-0.08727331459522247,0.05285392701625824,-3.3463358879089355,-0.7253289818763733,-0.7800154089927673
338,-24.871017456054688,-0.9491413831710815,-4.562530040740967,-13.77184772491455,20.0,-5.078993320465088,27.699859619140625,-5.332963466644287,5.070314884185791,3.82159423828125,0.10795319080352783,-0.038762807846069336,1.5652308464050293,-0.3368649482727051,0.06602977961301804,0.005623888224363327,0.48729756474494934,-0.4477120637893677,0.7151292562484741,-0.4740794599056244,-0.04373611882328987,-7.007922649383545,-1.0876750946044922,-1.937179684638977
339,-30.660125732421875,-4.17659854888916,5.599802017211914,-7.359216690063477,15.570140838623047,-4.131649971008301,38.3397216796875,-5.872819900512695,6.774047374725342,16.5905818939209,0.6933383941650391,0.06761693954467773,-0.6107339859008789,-0.46133992075920105,0.40707576274871826,4.131495475769043,3.2347989082336426,-0.75286465883255,2.483259439468384,-0.8469290733337402,0.3202534317970276,-7.04551362991333,0.1891244351863861,-2.2690958976745605
340,-35.72700119018555,5.82328462600708,-2.632018566131592,-2.5965118408203125,-0.5053138732910156,0.08098912239074707,46.099876403808594,-16.598119735717773,24.357357025146484,-32.23630142211914,-17.04972267150879,-10.476404190063477,-2.5288991928100586,0.5020995736122131,0.03244631364941597,8.927286148071289,4.180366516113281,-0.9675071835517883,2.322108745574951,-0.8035455346107483,-0.7845793962478638,-0.6085944771766663,5.462587833404541,0.7614582777023315
341,-20.34530258178711,-3.6725339889526367,2.025665283203125,-11.553096771240234,-1.287919282913208,0.07034158706665039,15.976601600646973,-16.499736785888672,32.54181671142578,-64.25423431396484,-7.733640193939209,-8.42622184753418,-3.3019638061523438,0.17338544130325317,0.11914163827896118,7.146145820617676,0.20065170526504517,-0.8458561897277832,1.0626535415649414,-0.19283141195774078,-0.04355120658874512,1.5781537294387817,-2.9442954063415527,0.6755746603012085
342,-11.367149353027344,-3.0164127349853516,2.6245510578155518,-8.594837188720703,-0.26227617263793945,0.056677818298339844,11.31291389465332,-16.21076202392578,32.267051696777344,-73.93817901611328,-8.89021110534668,-3.780045986175537,-3.2711925506591797,-0.02393045648932457,0.4401530623435974,4.47178840637207,1.3976075649261475,-0.47104811668395996,1.3340986967086792,-0.3570370674133301,-0.08351481705904007,0.9688108563423157,-2.5981523990631104,0.45008277893066406
343,-12.721800804138184,1.3523187637329102,-1.3699288368225098,-10.994823455810547,-0.7533122897148132,0.08756957948207855,15.207503318786621,-12.022815704345703,25.24917984008789,-62.06648635864258,-0.9736242294311523,-0.7978492975234985,-2.7598488330841064,0.20804601907730103,0.08617974072694778,0.23603887856006622,0.08076607435941696,-0.011804237961769104,1.8783258199691772,-0.08813509345054626,-0.24002863466739655,0.16834722459316254,-2.167147159576416,0.10955552756786346
344,2.3097662925720215,-7.281308650970459,4.064314842224121,1.6958355903625488,-0.2456207275390625,0.028786420822143555,-2.2530364990234375,-6.945032119750977,18.56610107421875,-69.20926666259766,10.216691970825195,2.900794267654419,-1.8373146057128906,-0.16561201214790344,0.16854363679885864,-1.678416132926941,-1.6316648721694946,1.097394347190857,2.353097915649414,-0.012801453471183777,-0.2718297243118286,-0.5593339204788208,-1.856764316558838,0.21758610010147095
345,-1.5071563720703125,5.703617095947266,-3.1337532997131348,0.08765792846679688,-0.1027684211730957,-0.043998003005981445,-0.642791748046875,-18.45526695251465,15.533181190490723,-42.91221618652344,18.409637451171875,4.516939163208008,-1.2457644939422607,0.34591153264045715,-0.03923693671822548,-4.177264213562012,-1.9707868099212646,1.4799970388412476,2.429407835006714,0.26790884137153625,-0.32503122091293335,-1.049986481666565,-1.5235176086425781,-0.016199350357055664
346,3.4274680614471436,2.4470925331115723,-2.255528688430786,5.967557907104492,0.18630027770996094,-0.06079721450805664,-0.7286462783813477,-14.191561698913574,13.474943161010742,-22.009870529174805,20.0,6.256137847900391,-0.25236862897872925,0.04628613218665123,-0.42087432742118835,-5.426192283630371,-1.349426507949829,1.9665510654449463,2.6326169967651367,0.14689433574676514,-0.30161550641059875,-1.027030348777771,-1.5468963384628296,-0.4817025065422058
347,31.28265380859375,5.4606194496154785,-5.012568473815918,8.695415496826172,0.3747107982635498,-0.1250910758972168,-29.165008544921875,7.35154914855957,-5.717280864715576,-6.722970008850098,20.0,6.177281379699707,1.732730507850647,0.4072054326534271,-1.021868109703064,-7.525545597076416,-1.2697087526321411,1.590199589729309,0.2597900331020355,0.1800607591867447,-0.12474346905946732,2.6943352222442627,1.3088433742523193,-0.2186671644449234
348,51.44184494018555,16.373754501342773,-25.191804885864258,-25.824922561645508,-19.791385650634766,9.622617721557617,-54.163902282714844,-2.6509199142456055,-5.060157775878906,-2.750865936279297,1.926436424255371,0.6312799453735352,2.8616936206817627,0.7651745676994324,0.047154128551483154,-2.245213031768799,8.6871976852417,-4.9113006591796875,-3.083939790725708,-0.41711845993995667,0.02895413711667061,8.818129539489746,7.210803031921387,2.7754552364349365
349,28.054553985595703,19.87790298461914,-31.589529037475586,-68.4672622680664,0.42723560333251953,5.037261486053467,-32.386207580566406,8.294002532958984,-5.607990741729736,-14.473396301269531,-2.020035743713379,-0.29540157318115234,1.325101613998413,0.1392873227596283,-0.09917280822992325,0.9189810752868652,-2.4205238819122314,0.2272804230451584,-3.9346022605895996,0.5299535989761353,0.3099827170372009,5.909172058105469,0.7173817753791809,1.0745445489883423
350,19.881685256958008,13.914557456970215,-26.42603302001953,-91.82844543457031,8.24933910369873,-0.6074703931808472,-21.119056701660156,8.203893661499023,-6.883524417877197,-9.99154281616211,-0.7004009485244751,-0.0892079770565033,2.2793595790863037,0.057339467108249664,0.11599653959274292,-0.6498059034347534,-1.8462588787078857,0.6533502340316772,-3.5074801445007324,0.9289270043373108,0.17094725370407104,1.7094950675964355,0.07027848809957504,0.037457175552845
351,-7.519781589508057,17.400611877441406,-19.18109703063965,-49.23746109008789,17.114213943481445,-2.6268715858459473,6.041913986206055,-8.714926719665527,4.977886199951172,-4.543546676635742,-0.3103780746459961,-0.07447302341461182,2.668354034423828,-0.12832283973693848,0.17012931406497955,-1.4684574604034424,-1.5153928995132446,0.1136486828327179,-2.290984630584717,0.5235470533370972,0.5195306539535522,-2.201176881790161,-0.49522581696510315,-0.42319241166114807
352,-7.527149200439453,8.81825065612793,-12.160127639770508,-35.52358627319336,20.0,-4.038968086242676,4.39845085144043,0.012495279312133789,-0.9065291285514832,4.981874465942383,-0.0065724849700927734,0.021364212036132812,2.647052049636841,-0.2808419167995453,0.15085150301456451,-1.7020589113235474,-1.2924591302871704,0.02137889340519905,-1.5863064527511597,0.2402934581041336,0.30780723690986633,-3.1616218090057373,-0.9575556516647339,-0.9802424907684326
353,-8.113436698913574,16.39505958557129,-9.193273544311523,-6.695969581604004,20.0,-3.4686126708984375,13.136358261108398,-14.351295471191406,8.129005432128906,3.652179718017578,0.13239312171936035,0.028232812881469727,1.7076548337936401,-0.33960503339767456,0.08244898170232773,0.030881112441420555,-0.3223588168621063,-0.7315535545349121,-0.33777952194213867,-0.7181664109230042,0.12256810814142227,-5.089059352874756,-0.43047016859054565,-0.9407555460929871
354,-29.196046829223633,-6.191677093505859,5.695644378662109,-11.659934043884277,16.760971069335938,-4.472851276397705,34.40127182006836,-1.0703153610229492,3.8628017902374268,10.676006317138672,0.3367767333984375,-0.0603938102722168,0.12869222462177277,-0.3975505232810974,0.32358887791633606,2.7918756008148193,1.9913791418075562,0.4050140678882599,1.6404757499694824,-0.6733807921409607,0.43724098801612854,-6.848163604736328,-0.548531174659729,-2.5500147342681885
355,-35.68842315673828,-4.034822940826416,4.753893852233887,-0.5153884887695312,0.3555269241333008,-0.2740824222564697,44.33299255371094,-16.23870849609375,19.922346115112305,-30.075620651245117,-20.0,-16.381750106811523,-2.1299798488616943,-0.22895725071430206,1.020736813545227,8.098514556884766,6.206544399261475,-1.3854113817214966,2.146517038345337,-1.0887681245803833,-0.27618810534477234,-1.2996759414672852,9.035745620727539,0.38236987590789795
356,-18.45831298828125,-9.786988258361816,3.546708345413208,-7.586566925048828,-1.5969831943511963,0.1748589128255844,16.787872314453125,-11.299752235412598,19.220104217529297,-76.21064758300781,-3.3039798736572266,-6.998984336853027,-2.9627485275268555,-0.31988799571990967,0.4964410066604614,7.812506198883057,-0.17472942173480988,-0.0905885249376297,1.0680406093597412,0.09608010947704315,-0.04319930076599121,1.3227691650390625,-2.7948901653289795,0.7635862827301025
357,-24.207801818847656,4.753511428833008,-2.7169172763824463,-11.830889701843262,-0.4760549068450928,0.04445398598909378,33.38801574707031,-29.034204483032227,41.28430938720703,-74.99809265136719,-2.5392770767211914,-3.645183563232422,-2.8366076946258545,-0.44886481761932373,0.11726610362529755,4.540193557739258,0.7345122694969177,-0.03369493782520294,1.9013655185699463,-0.09382332116365433,-0.2552453577518463,0.4425208568572998,-2.398987293243408,0.3859215974807739
358,-12.780586242675781,3.5161218643188477,-1.2931392192840576,-7.844525337219238,-0.5812827348709106,0.014918744564056396,11.0918607711792,-25.888654708862305,33.484867095947266,-73.26496887207031,2.6730308532714844,0.6986277103424072,-2.6664412021636963,-0.2737759053707123,0.31599703431129456,1.171133279800415,-0.25961044430732727,0.07807976007461548,2.187554359436035,-0.03495421260595322,-0.17493340373039246,-0.35997211933135986,-1.910502314567566,-0.08197435736656189
359,2.724902629852295,7.815651893615723,-4.678539752960205,-4.336901664733887,-0.3280181884765625,0.05797797441482544,-8.465141296386719,-19.741622924804688,20.605403900146484,-59.56267166137695,7.600864410400391,2.7603061199188232,-1.8615013360977173,0.1481490284204483,-0.2112254649400711,-2.38388991355896,-1.4139074087142944,0.46027642488479614,2.3827688694000244,-0.019511431455612183,-0.3960987627506256,-0.9428390860557556,-1.6640691757202148,0.31489527225494385
360,-5.244466304779053,2.3219900131225586,-0.6287940740585327,4.1584672927856445,-0.07059454917907715,0.03243899345397949,6.161005973815918,-20.251848220825195,19.056241989135742,-48.13805389404297,20.0,7.192051887512207,-1.3710172176361084,0.43423429131507874,-0.15560893714427948,-3.4819650650024414,-1.9721046686172485,1.7134498357772827,2.685896396636963,0.15060000121593475,-0.49551188945770264,-1.4686336517333984,-1.2854406833648682,-0.2681872248649597
361,16.552156448364258,-0.7221322059631348,-0.08764469623565674,9.500996589660645,0.3918328285217285,-0.14481329917907715,-22.090682983398438,-9.685002326965332,11.557538032531738,-37.446044921875,20.0,7.401496887207031,-0.2969314157962799,0.3644673824310303,-0.04431414604187012,-3.950385570526123,-1.7700421810150146,1.6457768678665161,2.6249308586120605,0.12052477151155472,-0.42463213205337524,-1.6106816530227661,-1.2665936946868896,-0.40448713302612305
362,27.593433380126953,8.121395111083984,-6.770757675170898,5.078678131103516,0.44858360290527344,-0.03210878372192383,-24.21100616455078,-2.261322498321533,-0.843528151512146,-8.078126907348633,20.0,5.029627799987793,1.839701533317566,0.5118650197982788,-0.6801770329475403,-7.009653568267822,-0.6899272203445435,2.258816957473755,0.9373581409454346,-0.12674248218536377,-0.3100745677947998,1.2570611238479614,0.3881053924560547,1.479660987854004
363,51.782936096191406,14.60127067565918,-10.613790512084961,16.84766387939453,0.7186944484710693,-0.09656333923339844,-48.938968658447266,0.593630313873291,-6.052026748657227,1.2336196899414062,5.512941360473633,1.1581239700317383,3.8917860984802246,0.74430912733078,-1.2451229095458984,-7.829287528991699,0.09078050404787064,1.903454303741455,-3.1771318912506104,-0.7620293498039246,-0.29651159048080444,9.270423889160156,7.46097469329834,3.647188901901245
364,47.683128356933594,21.04568099975586,-34.23318099975586,-51.973106384277344,7.9441375732421875,20.0,-49.008419036865234,8.960395812988281,-5.83927583694458,-16.559532165527344,-2.1046297550201416,-0.37694883346557617,2.301323413848877,-0.20972955226898193,-0.4034480154514313,-1.1662380695343018,-3.081357479095459,-5.83435583114624,-4.984694004058838,0.618398904800415,1.11432945728302,8.04012393951416,1.8881044387817383,2.167630910873413
365,17.988862991333008,11.26633358001709,-27.397197723388672,-69.6790771484375,8.355016708374023,2.633277416229248,-18.60685157775879,4.938733100891113,-4.663027286529541,-16.187599182128906,-1.033711552619934,-0.23663055896759033,1.763907551765442,0.02737852931022644,-0.01811385154724121,-0.046275049448013306,-1.9101178646087646,0.30595123767852783,-4.358182430267334,0.9360719919204712,0.6947330236434937,2.3550496101379395,0.38286924362182617,0.6107049584388733
366,-9.356267929077148,11.199318885803223,-20.487333297729492,-61.53489303588867,14.569355964660645,-2.788050889968872,6.391639709472656,-6.270288944244385,2.4554500579833984,-7.1913299560546875,-0.4369969964027405,-0.14094030857086182,2.4121789932250977,-0.1583329439163208,0.15469254553318024,-1.2556648254394531,-1.5566000938415527,0.3205597996711731,-2.76653790473938,0.3606315553188324,0.6781018972396851,-2.8634934425354004,-0.11236699670553207,-0.6707143187522888
367,-11.881132125854492,6.357394218444824,-4.1050519943237305,-27.011798858642578,20.0,-3.687845230102539,11.234184265136719,1.5920557975769043,-3.3297085762023926,5.999641418457031,0.02141880989074707,0.0808863639831543,2.290951728820801,-0.26959526538848877,0.03018558770418167,-1.2116811275482178,-1.3676228523254395,-0.0012679621577262878,-1.7382253408432007,0.008061571046710014,-0.21106629073619843,-4.130186080932617,-0.43186628818511963,-1.3780988454818726
368,-16.358728408813477,-2.991025447845459,-2.7254638671875,-18.78945541381836,20.0,-4.548953533172607,18.450910568237305,0.4698036313056946,0.24887573719024658,7.596393585205078,-0.05672311782836914,0.04080533981323242,2.381635904312134,-0.29553717374801636,0.20897430181503296,-1.088281273841858,-1.2393280267715454,-0.1328669786453247,-0.13629135489463806,-0.22296294569969177,-0.3721572756767273,-5.511559009552002,-2.6626508235931396,-2.7976431846618652
369,-25.310701370239258,-1.8964488506317139,4.39362096786499,-8.783222198486328,20.0,-4.686647891998291,31.57499885559082,-3.4725632667541504,4.3599042892456055,11.699148178100586,0.7955131530761719,0.18571901321411133,0.4778243601322174,-0.43840354681015015,0.19260728359222412,2.3129191398620605,1.0565273761749268,-0.23454649746418,1.6826560497283936,-0.57798171043396,-0.4102306365966797,-6.912151336669922,-0.11234403401613235,-2.867784261703491
370,-35.103519439697266,-3.9357149600982666,5.479610443115234,1.6555252075195312,1.1366777420043945,-0.30586981773376465,48.14923858642578,-16.912534713745117,17.809009552001953,-40.09441375732422,-20.0,-14.924697875976562,-1.9859042167663574,0.48611730337142944,1.2778551578521729,8.917552947998047,6.642126560211182,-1.134255051612854,1.3140757083892822,-0.590188205242157,-0.38043415546417236,1.7209160327911377,-0.47062015533447266,1.447054147720337
371,-32.13677978515625,-3.516855239868164,0.24075531959533691,-9.924713134765625,-1.8083032369613647,0.14567548036575317,36.56182098388672,-22.097558975219727,37.37017822265625,-66.27212524414062,-3.3265743255615234,-4.094084739685059,-3.2563507556915283,-0.16489233076572418,0.32954174280166626,8.95186996459961,0.4640692174434662,-0.4683520793914795,1.2034108638763428,-0.22871392965316772,-0.2159259021282196,1.582556128501892,-2.855526924133301,0.3179262578487396
372,-18.07916831970215,-6.018832683563232,3.9531502723693848,-11.028873443603516,-0.4459652900695801,-0.01190030574798584,20.413188934326172,-14.243995666503906,34.400638580322266,-91.10476684570312,-6.335810661315918,-2.2904903888702393,-3.1421878337860107,-0.2950693666934967,0.7083538174629211,5.739938259124756,1.4188861846923828,-0.6696472764015198,1.8124539852142334,-0.05473829805850983,-0.24545834958553314,0.40614691376686096,-2.351886510848999,0.33005157113075256
373,-14.986105918884277,5.120719909667969,-4.834545612335205,-11.940094947814941,-0.812214732170105,0.1777862012386322,15.584268569946289,-17.382944107055664,38.00288391113281,-64.53764343261719,-2.5876264572143555,0.8464348316192627,-2.7690932750701904,-0.4930645823478699,-0.0034285038709640503,1.5343496799468994,-0.16476577520370483,0.1788252890110016,2.225590944290161,-0.011360183358192444,-0.21576756238937378,-0.22062572836875916,-1.965435266494751,-0.06883877515792847
374,2.100214958190918,-3.917168140411377,3.5376644134521484,-1.9370653629302979,-0.1833738088607788,-0.027823805809020996,-8.978227615356445,-8.801290512084961,17.663066864013672,-70.95598602294922,0.4656844139099121,2.5326528549194336,-2.2063775062561035,-0.5164264440536499,0.34732702374458313,-1.108083963394165,-0.6555455923080444,0.7537140846252441,2.4323556423187256,0.08228373527526855,-0.248155415058136,-0.9259412884712219,-1.713610291481018,-0.02961045503616333
375,-1.7774629592895508,2.9435181617736816,-1.164082646369934,2.9601736068725586,-0.0771780014038086,-0.03588366508483887,-3.123867988586426,-24.619585037231445,20.297754287719727,-59.49036407470703,10.942021369934082,4.089540481567383,-1.8807073831558228,-0.2330355942249298,0.35499337315559387,-2.4484519958496094,-0.9658294916152954,1.1906384229660034,2.389558792114258,0.250744104385376,-0.18477953970432281,-1.3025174140930176,-1.3280245065689087,0.2856510281562805
376,0.9057579040527344,5.661258220672607,-5.423046112060547,3.007844924926758,-0.09786081314086914,-0.010626554489135742,-8.852706909179688,-17.079341888427734,15.4312105178833,-40.399993896484375,16.549638748168945,5.956880569458008,-1.5992846488952637,-0.032271627336740494,-0.7151530981063843,-3.847223997116089,-1.6898727416992188,1.336350679397583,2.11984920501709,0.546639084815979,-0.27763137221336365,-1.6170954704284668,-0.9923668503761292,-0.2415371537208557
377,10.544506072998047,2.3441781997680664,1.394562840461731,6.552011489868164,0.29085826873779297,-0.14718890190124512,-1.270371437072754,-8.827095031738281,10.038165092468262,-12.435887336730957,20.0,5.325894832611084,0.05947903171181679,0.11142046749591827,0.20513011515140533,-5.07683801651001,-0.9839210510253906,1.5734827518463135,2.5195610523223877,0.14026936888694763,-0.16397657990455627,-1.1557135581970215,-1.3661085367202759,0.5194656848907471
378,17.474308013916016,9.672754287719727,-7.4419379234313965,6.943733215332031,0.12634992599487305,-0.02232646942138672,-15.380037307739258,-7.622004508972168,-1.6931486129760742,-4.8071722984313965,20.0,4.395087242126465,1.186488151550293,0.44171378016471863,-0.5757123231887817,-6.586132049560547,-1.549999475479126,2.0565545558929443,0.6332834959030151,-0.09757333993911743,-0.377361536026001,2.0665299892425537,0.7284049391746521,1.4681497812271118
379,55.757713317871094,20.737438201904297,-15.62434196472168,15.984331130981445,0.7849575281143188,-0.03778862953186035,-51.159515380859375,-2.903107166290283,-4.002485752105713,-2.1535987854003906,6.508816719055176,1.372720718383789,3.7760229110717773,1.0878602266311646,-1.761959433555603,-8.362408638000488,-0.7544309496879578,1.4904993772506714,-3.102775812149048,-0.38642987608909607,-0.3820051848888397,8.277447700500488,6.680482387542725,2.8962056636810303
380,47.57659912109375,21.223323822021484,-37.355995178222656,-44.419891357421875,-18.52400016784668,16.602008819580078,-46.60797882080078,1.9593677520751953,-0.3226146697998047,-12.628253936767578,-1.7416527271270752,-0.3158555030822754,1.4546709060668945,-0.25734513998031616,-0.6560660004615784,0.6859582662582397,-3.6586759090423584,-3.362164258956909,-5.02078104019165,0.4139973521232605,1.9004087448120117,8.865638732910156,2.388676166534424,2.8532843589782715
381,15.606636047363281,29.13724136352539,-34.90681076049805,-70.24617004394531,0.1957416534423828,2.196091651916504,-12.824060440063477,-7.488595485687256,0.8663120269775391,-18.16958236694336,-1.102573037147522,-0.3331315517425537,1.9692906141281128,0.05831027403473854,-0.15287308394908905,0.4480903744697571,-2.3276712894439697,0.496182918548584,-3.6176254749298096,0.019541047513484955,1.1889818906784058,1.992659568786621,0.8169575929641724,1.0214205980300903
382,-0.8412075042724609,9.615278244018555,-18.452219009399414,-63.73496627807617,8.972195625305176,1.4222033023834229,-2.1943016052246094,2.8720486164093018,-5.165964603424072,-4.9793009757995605,-0.5531477928161621,-0.0741652250289917,2.453550338745117,0.15618929266929626,-0.08290436118841171,-0.5129823088645935,-1.923783779144287,-0.047125719487667084,-2.6434953212738037,-0.2739390432834625,0.16406986117362976,-2.074920654296875,-0.5113763809204102,-0.24291373789310455
383,-26.232709884643555,12.534245491027832,-15.484622955322266,-53.25471878051758,19.552467346191406,-3.010427713394165,16.743350982666016,-0.27810418605804443,0.026914596557617188,5.983674049377441,0.10115516185760498,-0.010375738143920898,2.357570171356201,0.1350335031747818,-0.24752433598041534,-1.0665602684020996,-1.7113337516784668,-0.20121857523918152,-1.4131667613983154,-0.4266910254955292,-0.43128862977027893,-4.239877223968506,-0.6341479420661926,-1.1082550287246704
384,-18.379653930664062,6.414919853210449,-6.710660457611084,-32.93162155151367,20.0,-3.6832330226898193,18.763355255126953,-2.8509225845336914,3.810852527618408,11.651575088500977,0.29869580268859863,0.018605947494506836,2.717525005340576,-0.09073766320943832,0.06565888226032257,-1.2886253595352173,-1.5767595767974854,-0.15470543503761292,-0.087676502764225,-0.7044392824172974,0.14943332970142365,-3.938326120376587,-1.1776384115219116,-1.5899091958999634
385,-12.209287643432617,-6.331932544708252,6.750279426574707,-11.451102256774902,20.0,-2.9942195415496826,9.367664337158203,10.68682861328125,-5.40848970413208,6.353349685668945,0.18714392185211182,0.11876392364501953,1.4758039712905884,-0.17802222073078156,-0.12525635957717896,0.3231222629547119,-0.6035206913948059,-0.4192647635936737,0.4951839745044708,-0.41916707158088684,-0.337213933467865,-4.89352560043335,-0.9658299088478088,-2.644926071166992
386,-23.04897117614746,-5.755398273468018,9.89400577545166,-7.535068511962891,16.929149627685547,-3.8115031719207764,30.091556549072266,-1.936742901802063,4.0187859535217285,10.482913970947266,0.45241832733154297,0.17693662643432617,-0.14038778841495514,-0.3352775573730469,0.08836100250482559,3.5678470134735107,1.7222920656204224,-0.2820611298084259,2.048732042312622,-0.6078673005104065,-0.06302645802497864,-3.9670517444610596,3.3360447883605957,-0.8345338106155396
387,-29.84851837158203,-12.352072715759277,8.274687767028809,1.0069694519042969,-0.16074752807617188,-0.11323237419128418,38.08705520629883,-16.720672607421875,16.257112503051758,-68.2471694946289,0.9412798881530762,-4.492974758148193,-2.1940276622772217,0.4091794788837433,1.0720738172531128,8.481039047241211,4.207860946655273,-1.0270438194274902,1.1694552898406982,0.2081824541091919,-0.07309093326330185,1.6061513423919678,-3.0625133514404297,0.9367588758468628
388,-31.972766876220703,-1.3271783590316772,-0.4918835163116455,-9.98040771484375,-1.313988208770752,0.15693235397338867,36.4608154296875,-25.800315856933594,41.63115310668945,-75.08647155761719,-6.228640556335449,-4.853655815124512,-3.0711708068847656,-0.42074257135391235,0.2146996408700943,7.6435370445251465,0.7545949816703796,-0.1225537359714508,1.4714008569717407,-0.12540243566036224,-0.3349776268005371,1.0500472784042358,-2.5655503273010254,0.3317156732082367
389,-14.091506004333496,2.9250855445861816,-1.9534292221069336,-10.986662864685059,-0.5367963314056396,0.019834160804748535,9.78170108795166,-21.907899856567383,39.123836517333984,-80.60116577148438,-8.564078330993652,-1.796181321144104,-2.840745687484741,-0.4991951584815979,0.30408164858818054,4.124860763549805,0.5955568552017212,-0.3616945147514343,1.7347348928451538,-0.08414271473884583,-0.15600362420082092,0.29268863797187805,-2.215531826019287,0.15703719854354858
390,-3.6019411087036133,-10.94990062713623,7.272934913635254,-1.3834915161132812,-0.12788259983062744,-0.027309652417898178,-5.687928676605225,-1.521249532699585,18.315034866333008,-87.739501953125,-4.253427505493164,-0.1463814377784729,-2.937673568725586,-0.6559397578239441,0.8939295411109924,2.919283151626587,0.9302626252174377,0.01408983115106821,1.831162452697754,0.12174591422080994,-0.28442099690437317,-0.5250888466835022,-1.8174266815185547,0.25310298800468445
391,-5.707335472106934,5.490954399108887,-4.221398830413818,-9.043521881103516,-0.6134481430053711,0.09985125064849854,6.154849052429199,-17.090530395507812,19.21204376220703,-57.679683685302734,3.0720577239990234,3.393711566925049,-1.9926083087921143,-0.4285900890827179,0.14711706340312958,-1.2751562595367432,-0.41254839301109314,0.8196530938148499,2.39467716217041,0.4110424518585205,-0.43978607654571533,-1.1935871839523315,-1.3786453008651733,-0.16405335068702698
392,8.018684387207031,-0.8792860507965088,0.03964298963546753,2.761293411254883,-0.07828927040100098,-0.032876014709472656,-15.952983856201172,-11.236759185791016,13.693857192993164,-61.75341796875,10.821969032287598,3.8706552982330322,-0.9657382965087891,-0.39944779872894287,-0.16786596179008484,-3.258500099182129,-1.5355106592178345,1.3512569665908813,2.5448102951049805,0.5852777361869812,-0.45473045110702515,-1.7928085327148438,-1.1184717416763306,0.1821398138999939
393,1.9670135974884033,10.942452430725098,-4.917649269104004,1.5371150970458984,0.022104978561401367,-0.043958187103271484,-1.6554250717163086,-25.672426223754883,13.47165298461914,-30.272674560546875,20.0,7.358173847198486,0.2118527889251709,0.13477173447608948,-0.22097571194171906,-6.108858108520508,-0.9606075286865234,2.0816988945007324,2.7574470043182373,0.5793783664703369,-0.3857744634151459,-1.9761762619018555,-0.9768679738044739,0.43826302886009216
394,15.279521942138672,11.873046875,-7.399837017059326,10.028961181640625,0.10456418991088867,-0.09179162979125977,-12.79155445098877,-16.224626541137695,5.130671501159668,-7.042839527130127,20.0,3.8433518409729004,1.3755278587341309,0.6162116527557373,-0.6277884840965271,-6.604719638824463,-2.1645286083221436,2.2707748413085938,1.5068968534469604,0.25775375962257385,-0.45791348814964294,0.5291928648948669,0.17635998129844666,2.144406795501709
395,47.507694244384766,16.612957000732422,-13.209419250488281,12.66823959350586,0.6573247909545898,-0.08147454261779785,-45.69625473022461,-3.579347848892212,-5.170916557312012,1.4605445861816406,12.324560165405273,2.4819817543029785,3.7267909049987793,0.8596998453140259,-1.712978482246399,-9.254382133483887,-1.6983106136322021,1.6305118799209595,-2.8327479362487793,-0.6278328895568848,-0.6351815462112427,7.6780290603637695,6.705087184906006,2.7077338695526123
396,51.911529541015625,15.063596725463867,-22.532318115234375,-30.419954299926758,-17.24001693725586,15.511459350585938,-48.35440444946289,6.3376030921936035,-4.183257102966309,-12.275039672851562,-1.678333044052124,-0.25731801986694336,1.7468533515930176,0.11197054386138916,-0.41715720295906067,0.31933650374412537,-2.1689939498901367,-5.0400166511535645,-5.01761531829834,0.22892582416534424,1.181472897529602,9.32570743560791,2.543015480041504,2.33048939704895
397,17.349929809570312,20.834531784057617,-32.81557083129883,-76.27276611328125,2.9343395233154297,2.185673236846924,-20.97220230102539,-0.6990036964416504,-1.1198406219482422,-18.62034034729004,-1.219590187072754,-0.2996283769607544,2.009028196334839,0.0804654210805893,0.045267000794410706,-0.08616248518228531,-2.0289809703826904,0.49048593640327454,-4.404583930969238,0.45995470881462097,1.3863059282302856,3.0238969326019287,0.6362201571464539,0.6765732169151306
398,-5.218306064605713,8.333911895751953,-14.131316184997559,-50.98723220825195,14.247044563293457,-1.8987597227096558,2.02194881439209,-0.06963002681732178,-2.9938719272613525,-9.32114028930664,-0.6445956230163574,-0.0981377363204956,2.398946523666382,0.0749804750084877,0.014642348513007164,-0.9407397508621216,-1.704514503479004,0.053494103252887726,-3.085422992706299,0.16435334086418152,0.5423528552055359,-2.4416518211364746,-0.8804709911346436,-0.9337131977081299
399,-24.999366760253906,12.0842924118042,-10.997268676757812,-35.7805061340332,19.97019386291504,-5.024194717407227,22.45157241821289,-7.383254051208496,3.759897470474243,4.432010650634766,0.11675667762756348,0.038392066955566406,2.5897066593170166,-0.10915788263082504,-0.10000093281269073,-1.3586891889572144,-1.5881874561309814,0.018462181091308594,-1.1068578958511353,-0.6337474584579468,-0.0279184989631176,-5.333752632141113,-1.0761909484863281,-1.429801106452942
400,-17.585521697998047,-0.2812625765800476,4.8959832191467285,-8.956982612609863,20.0,-5.048449516296387,21.838464736938477,-2.886305332183838,3.5325398445129395,9.620363235473633,0.38434576988220215,0.05476570129394531,1.1302748918533325,-0.21791379153728485,0.12666672468185425,0.8889026045799255,-0.23466944694519043,-0.11339764297008514,0.19726401567459106,-1.018477201461792,0.07834121584892273,-6.262578964233398,0.02568175457417965,-1.8804532289505005
401,-21.909191131591797,-4.466340065002441,8.053793907165527,-4.937469482421875,14.647533416748047,-3.876077175140381,29.83806610107422,-2.1686196327209473,3.779860019683838,11.573944091796875,0.18254303932189941,0.04132270812988281,-0.7526172995567322,0.013242273591458797,0.5295581221580505,4.933046340942383,2.800692558288574,-0.7010785937309265,1.9326859712600708,-0.7470714449882507,0.27205365896224976,-7.828714847564697,-0.4667518138885498,-3.048677682876587
402,-35.195838928222656,1.594233512878418,-0.4526382088661194,-8.861156463623047,-0.5830774307250977,0.024610519409179688,35.8631706237793,-14.709117889404297,17.584613800048828,-32.691322326660156,-17.769580841064453,-7.1674885749816895,-2.509326219558716,0.6100695729255676,-0.15514139831066132,6.447137832641602,4.234940528869629,-1.5948832035064697,0.9225543141365051,0.12749835848808289,-0.37940850853919983,2.0550596714019775,-2.969280481338501,0.017454832792282104
403,-21.076385498046875,-12.158878326416016,8.189942359924316,-3.5387535095214844,-1.0968191623687744,0.09812784194946289,21.8580265045166,-16.721681594848633,34.007118225097656,-82.58972930908203,-2.6728954315185547,-6.285277843475342,-3.528024911880493,-0.19442445039749146,0.4862462878227234,6.760274410247803,0.49809470772743225,-0.6058657169342041,0.934955894947052,-0.13076157867908478,-0.2222694456577301,1.4381763935089111,-2.7127525806427,0.46224310994148254
404,-19.08193016052246,3.11112642288208,-2.1505825519561768,-9.533873558044434,-0.5301229953765869,0.11273148655891418,29.34683609008789,-24.167848587036133,37.89398193359375,-70.97908782958984,-3.3291988372802734,-3.056272506713867,-3.031736135482788,-0.25434839725494385,0.2272769957780838,3.892876148223877,0.2044772505760193,0.056709468364715576,1.8727614879608154,-0.0906560868024826,-0.2764471769332886,0.6771432757377625,-2.449530601501465,0.3674182593822479
405,-7.457307815551758,0.11225521564483643,-0.4503362476825714,-7.283688545227051,-0.4250696301460266,0.034841060638427734,3.0877580642700195,-15.415610313415527,22.75476837158203,-64.58038330078125,3.880741596221924,-0.23163959383964539,-2.828134536743164,-0.25841593742370605,0.09338653832674026,0.5947393178939819,-0.40038108825683594,0.5353119373321533,1.9708455801010132,0.09929640591144562,-0.2502810060977936,0.02647045999765396,-2.0814919471740723,0.10856378078460693
406,6.467512607574463,-1.1024134159088135,1.11703360080719,-0.9510440826416016,-0.17224359512329102,-0.040569424629211426,-12.420829772949219,-11.024748802185059,11.914030075073242,-66.96981048583984,8.242691993713379,1.712988018989563,-1.8461880683898926,-0.2126149982213974,-0.12064889073371887,-2.3022031784057617,-1.3719651699066162,0.8209554553031921,2.3146450519561768,0.1740756630897522,-0.5271614193916321,-0.6759001016616821,-1.7662432193756104,0.17817825078964233
407,3.1538853645324707,5.316593170166016,-2.596963882446289,2.8500499725341797,0.10864007472991943,-0.02362966537475586,-2.9648218154907227,-21.151817321777344,16.902238845825195,-43.83842849731445,20.0,4.310276031494141,-0.7168645858764648,0.1683007776737213,-0.06388513743877411,-4.5337700843811035,-0.564510703086853,1.3352662324905396,2.557307481765747,0.3423239588737488,-0.4039936661720276,-1.0896304845809937,-1.4882506132125854,-0.03095090389251709
408,16.08032989501953,4.999462127685547,-4.268835067749023,3.7500991821289062,-0.17600393295288086,-0.0006771087646484375,-19.31058120727539,-2.179415702819824,-0.09293389320373535,-18.099895477294922,20.0,6.778550148010254,0.8123539090156555,0.2949204444885254,-0.8718429803848267,-7.603543758392334,-2.485542058944702,2.312593698501587,1.9348357915878296,0.3915385901927948,-0.616178572177887,-0.24724161624908447,-0.46868473291397095,-0.8440225720405579
409,55.59369659423828,10.287393569946289,-6.791898250579834,19.44021224975586,1.0793839693069458,-0.13812780380249023,-47.99671173095703,0.3860117197036743,-9.467727661132812,-2.4168758392333984,15.722261428833008,4.295248031616211,2.825709819793701,0.753229558467865,-0.10100966691970825,-2.3439078330993652,6.417903900146484,-2.594827651977539,-1.6404976844787598,-0.2592765986919403,0.027520745992660522,6.223023414611816,4.668948650360107,1.595350980758667
410,42.2567138671875,20.051448822021484,-32.0672492980957,-80.54015350341797,5.738890647888184,1.7796297073364258,-47.93232727050781,13.276710510253906,-11.177841186523438,-4.71484375,-1.1924042701721191,-0.049543142318725586,1.6776926517486572,0.059482064098119736,0.04767598211765289,0.4818987250328064,-2.387855052947998,0.7616814970970154,-4.152997970581055,0.13982132077217102,-0.017480960115790367,8.527724266052246,2.6160624027252197,1.2155916690826416
411,25.202184677124023,16.5843505859375,-32.034793853759766,-90.07391357421875,7.526341438293457,0.03698587417602539,-29.60928726196289,6.731351852416992,-4.581198692321777,-14.908658981323242,-1.1110944747924805,-0.13005554676055908,2.3460240364074707,0.16756850481033325,0.30348825454711914,-0.8597634434700012,-1.7211016416549683,0.7197290658950806,-4.331268310546875,1.1736499071121216,0.6830683350563049,3.9108645915985107,1.2810111045837402,0.5471399426460266
412,1.8487653732299805,12.083547592163086,-24.725894927978516,-69.12557983398438,15.964929580688477,-1.7173895835876465,-5.52076530456543,-0.21539545059204102,-1.443119764328003,-8.281074523925781,-0.7047180533409119,-0.04722189903259277,2.816274404525757,-0.2127424031496048,0.11750414967536926,-2.026163339614868,-1.1123086214065552,0.2890791893005371,-3.2762084007263184,0.7385202646255493,0.1880597323179245,-0.5719728469848633,-0.5922130346298218,0.14907965064048767
413,-24.349035263061523,14.205456733703613,-14.945207595825195,-34.74085998535156,18.65054702758789,-4.196104049682617,21.003751754760742,-13.197957992553711,8.53329086303711,-2.886058807373047,-0.017242804169654846,-0.15032756328582764,3.020686626434326,-0.35662969946861267,0.0828237235546112,-2.599236488342285,-0.8562085628509521,0.1798555850982666,-1.1460974216461182,0.0646788626909256,0.48172426223754883,-5.52561092376709,0.04293910041451454,-0.9656776785850525
414,-17.96897315979004,4.823376655578613,-4.1881022453308105,-15.660713195800781,20.0,-5.041581630706787,17.693233489990234,0.15034914016723633,-0.8868517875671387,13.39235782623291,0.20425117015838623,0.10154223442077637,2.4037764072418213,-0.3685649037361145,-0.022885991260409355,-1.5505330562591553,-0.44801974296569824,-0.32064715027809143,-0.13013474643230438,-0.43182748556137085,-0.3257957398891449,-4.619531631469727,-0.9218825101852417,-1.2271558046340942
415,-18.886430740356445,-6.411971569061279,6.801604747772217,-8.607648849487305,20.0,-5.447569847106934,20.801847457885742,4.7437334060668945,-1.7603325843811035,10.416790008544922,0.4376770555973053,0.06823158264160156,0.6492315530776978,-0.4044424891471863,0.33112916350364685,1.4181337356567383,1.450685739517212,-0.1345740556716919,0.7220248579978943,-0.525461733341217,-0.6937146782875061,-4.698997974395752,-0.014257483184337616,-2.2773802280426025
416,-26.182750701904297,5.60054874420166,0.15270161628723145,-3.899686813354492,7.9709272384643555,-1.973663568496704,34.8537483215332,-15.254140853881836,13.232117652893066,9.321155548095703,0.19168198108673096,0.04870462417602539,-1.0778502225875854,0.11605382710695267,0.8596590757369995,4.6227030754089355,3.611149549484253,-1.532261848449707,2.918703556060791,-0.7892530560493469,0.004621364176273346,-6.900852203369141,-0.9829597473144531,-2.318242311477661
417,-39.72092819213867,0.9908645153045654,-1.1594771146774292,-5.239604949951172,-0.7578344345092773,0.19164562225341797,51.038475036621094,-16.305225372314453,23.81524658203125,-29.38672637939453,-18.8327693939209,-4.977534294128418,-3.2297582626342773,0.4527323544025421,0.27630704641342163,8.56164836883545,3.230384588241577,-0.7603836059570312,1.8653206825256348,-0.5491525530815125,-0.40612736344337463,-0.4622550904750824,5.337425231933594,0.9535813331604004
418,-12.20201301574707,-7.537278175354004,2.7060608863830566,-11.813396453857422,-1.1637442111968994,0.11030107736587524,10.428022384643555,-2.8083534240722656,22.38608169555664,-59.54448699951172,-7.597171783447266,-6.7900309562683105,-3.145012378692627,-0.1334829330444336,-0.07472077012062073,5.985536575317383,-1.2704811096191406,0.14957420527935028,1.08812415599823,-0.08989246189594269,0.010960951447486877,1.6652400493621826,-2.9579646587371826,0.7804996371269226
419,-10.963501930236816,-0.544764518737793,2.2740285396575928,-8.728900909423828,-0.1466778963804245,-0.0911378264427185,10.884111404418945,-15.489507675170898,27.501176834106445,-76.21337890625,-4.219754695892334,-1.2412986755371094,-2.9300053119659424,0.3597361743450165,0.4606090188026428,2.745110034942627,-0.0677216574549675,-0.46813684701919556,1.5070327520370483,0.01088649034500122,-0.22191622853279114,0.7663723826408386,-2.3674216270446777,0.18627041578292847
420,-6.885943412780762,-2.7480533123016357,0.10573598742485046,-6.177375793457031,-0.35212087631225586,0.12324988842010498,7.769991874694824,-13.707234382629395,21.792667388916016,-55.970760345458984,5.990927696228027,0.9741388559341431,-2.3487050533294678,-0.1302875131368637,0.019100012257695198,-0.6391733884811401,-0.44535771012306213,0.6937899589538574,1.8254284858703613,0.08838091790676117,-0.1112743616104126,0.2504351735115051,-2.0720770359039307,0.022125735878944397
421,2.5928802490234375,-5.058014869689941,3.788602828979492,2.3790273666381836,-0.018686115741729736,-0.11589151620864868,-7.804731369018555,-7.578938007354736,11.26919937133789,-59.740142822265625,11.781578063964844,1.2963918447494507,-1.9019122123718262,-0.24300427734851837,0.03806716948747635,-2.3033156394958496,-0.3042011559009552,0.3630827069282532,1.9592194557189941,0.12611892819404602,-0.31888890266418457,-0.28976336121559143,-1.8572094440460205,0.41484537720680237
422,12.664253234863281,0.67708820104599,-0.8769853115081787,4.913665771484375,-0.11424970626831055,0.012294650077819824,-16.769794464111328,-7.464751243591309,9.516945838928223,-48.36555099487305,14.052694320678711,2.0393848419189453,-0.647632360458374,0.0010109059512615204,-0.36729341745376587,-3.896106481552124,-2.3605525493621826,0.9035130143165588,2.201291799545288,0.3826071321964264,-0.5130863189697266,-0.760009765625,-1.6713544130325317,0.21933794021606445
423,20.145753860473633,10.21973991394043,-6.944437026977539,7.010284423828125,0.3796348571777344,-0.018718838691711426,-25.556278228759766,-21.12998390197754,11.789475440979004,-30.01140594482422,20.0,5.664416790008545,1.0088530778884888,0.3714849054813385,-0.6841124892234802,-6.115463733673096,-2.0007448196411133,0.7285709381103516,2.0518174171447754,0.236536905169487,-0.3788501024246216,-0.7255253791809082,-1.4266384840011597,-0.38384586572647095
424,8.120866775512695,0.953803539276123,-0.16666269302368164,11.582210540771484,0.4375267028808594,-0.018877506256103516,-6.124446868896484,-7.961728096008301,3.3639276027679443,-7.426905632019043,20.0,4.31929349899292,1.305830478668213,0.36165645718574524,-0.6025453805923462,-5.28911828994751,-0.5923189520835876,1.366248607635498,0.6691324710845947,0.28888899087905884,-0.10248198360204697,1.5557239055633545,-0.20131735503673553,-0.5625522136688232
425,51.740875244140625,16.51275634765625,-23.08685874938965,-33.5051383972168,-15.677960395812988,-4.251773834228516,-47.52741241455078,1.578711986541748,-8.226419448852539,-0.4984779357910156,8.34575080871582,2.3694944381713867,1.3886947631835938,0.024202853441238403,0.2867969870567322,1.2112127542495728,-2.9676578044891357,1.2443811893463135,-2.3769919872283936,-0.743054986000061,-0.177765354514122,7.059647083282471,5.091017723083496,0.7492339015007019
426,43.275909423828125,24.072050094604492,-36.65773010253906,-94.87846374511719,6.829613208770752,0.5754258632659912,-47.505950927734375,13.783677101135254,-9.998200416564941,-7.818752288818359,-1.4178073406219482,-0.000874638557434082,1.4954895973205566,-0.10468043386936188,0.2670777440071106,0.2953867018222809,-2.070099353790283,0.6881176233291626,-4.354154109954834,0.6420526504516602,0.8768552541732788,7.09079647064209,2.2700440883636475,0.9543651938438416
427,29.52446174621582,22.033504486083984,-38.48870849609375,-82.8788070678711,8.469754219055176,-1.1906474828720093,-26.848299026489258,-2.311249256134033,-1.245192050933838,-12.361664772033691,-1.0202943086624146,-0.07860422134399414,2.7004706859588623,-0.14188304543495178,0.5489258766174316,-1.0759170055389404,-1.663899302482605,0.9442351460456848,-3.8503482341766357,0.7197279930114746,1.1603044271469116,3.045424222946167,0.5693649053573608,0.9694455862045288
428,-4.429806709289551,13.202850341796875,-25.737590789794922,-59.62337112426758,15.521939277648926,-2.4584450721740723,-0.9331121444702148,-1.7303158044815063,-1.9136067628860474,-6.231148719787598,-0.47463876008987427,-0.09330087900161743,3.01090145111084,-0.1758638471364975,0.34598010778427124,-1.9177743196487427,-1.2679287195205688,0.3428612947463989,-2.7640674114227295,0.39948201179504395,0.20738103985786438,-1.178769826889038,-0.4454105794429779,-0.11573657393455505
429,-16.19144058227539,8.466743469238281,-17.8707332611084,-36.02306365966797,20.0,-4.098967552185059,8.296797752380371,-0.11591851711273193,-0.7723127603530884,3.4190168380737305,0.02894723415374756,0.027785956859588623,2.5721704959869385,-0.20466293394565582,0.15852677822113037,-1.929935336112976,-1.0138579607009888,0.16916047036647797,-2.1394970417022705,0.15394094586372375,-0.435797780752182,-2.846724510192871,-0.36585256457328796,-0.3105156123638153
430,-19.486709594726562,1.7624475955963135,-3.2185542583465576,-17.748878479003906,20.0,-5.440406799316406,20.28622055053711,-2.250591516494751,2.8322551250457764,5.409368515014648,0.12155687808990479,-0.06081581115722656,2.180347204208374,-0.4587278664112091,0.0486714243888855,-1.3331583738327026,-0.6060971021652222,-0.36393237113952637,-0.600503146648407,-0.33606991171836853,-0.490790456533432,-4.515594959259033,-0.833803653717041,-1.5113446712493896
431,-28.665056228637695,-2.104280710220337,-2.507356882095337,-19.14653778076172,20.0,-5.471258163452148,24.709529876708984,1.213578224182129,1.6789661645889282,10.212926864624023,0.34381794929504395,0.09652209281921387,0.907494068145752,-0.505074679851532,0.16074490547180176,0.35459592938423157,0.7448346614837646,-0.14956679940223694,0.5677849650382996,-0.41527578234672546,-0.4753729999065399,-5.485949516296387,-0.6007221341133118,-1.7403068542480469
432,-28.722789764404297,1.5611435174942017,0.5271532535552979,-16.17376708984375,18.422109603881836,-4.881499767303467,33.71678161621094,-2.286576271057129,4.8838419914245605,15.866190910339355,0.5789031982421875,0.03439664840698242,-0.26032087206840515,-0.4574228823184967,0.41315609216690063,2.7354912757873535,2.09921932220459,-0.2458050400018692,2.128262758255005,-0.5530925393104553,-0.22227570414543152,-4.89796257019043,-0.20246222615242004,-2.7076621055603027
433,-32.18114471435547,2.3956174850463867,1.411637306213379,1.7704200744628906,0.017345428466796875,-0.13292646408081055,39.55593490600586,-16.656017303466797,25.298725128173828,-45.74019241333008,-20.0,-8.5139799118042,-2.5303261280059814,0.5985902547836304,0.8538579344749451,8.702644348144531,5.722457408905029,-2.5070254802703857,0.9137917160987854,-0.7524147629737854,-0.1729586124420166,-1.1188757419586182,7.198768615722656,0.4733453392982483
434,-22.580474853515625,-1.8729641437530518,-1.551673173904419,-13.18143081665039,-1.7238657474517822,0.3930935263633728,24.191635131835938,-17.047157287597656,30.03907585144043,-56.9237174987793,-5.9220123291015625,-7.210111141204834,-2.9492504596710205,-0.21494682133197784,-0.4503101110458374,6.651322364807129,-0.805642306804657,-0.1296020895242691,0.8890609741210938,-0.2030506730079651,-0.04203040897846222,1.4462186098098755,-2.7769951820373535,0.7356328368186951
435,-16.612886428833008,-2.5904765129089355,3.538595199584961,-5.405376434326172,-0.04093313217163086,-0.08194577693939209,24.324901580810547,-15.547042846679688,36.9233512878418,-78.70648193359375,-8.707088470458984,-3.608581066131592,-2.8715219497680664,0.207153782248497,0.26014772057533264,5.323140621185303,1.2348508834838867,-0.9108583927154541,1.5179591178894043,-0.06521366536617279,-0.14653955399990082,0.6082007884979248,-2.326875925064087,0.5783282518386841
436,-17.046424865722656,5.216128826141357,-3.4335663318634033,-11.385597229003906,-0.6952718496322632,0.17369963228702545,16.196334838867188,-20.006593704223633,35.712059020996094,-59.106773376464844,-7.278132438659668,-1.033528447151184,-2.979084014892578,0.10295746475458145,-0.2704091966152191,1.581782579421997,0.6803410053253174,0.03705323114991188,1.7044867277145386,-0.16632339358329773,-0.17144852876663208,0.16261188685894012,-2.034280300140381,0.2884427309036255
437,1.0324525833129883,-0.6065312623977661,0.34685373306274414,-4.9437103271484375,-0.5188789367675781,0.016266286373138428,-3.1752758026123047,-8.801054954528809,21.582462310791016,-65.07634735107422,0.6469473838806152,1.5638355016708374,-1.8564597368240356,0.26138001680374146,-0.40985536575317383,-2.1791179180145264,-1.3669369220733643,0.366655170917511,2.196481943130493,0.04072016477584839,-0.2364705204963684,-0.6169734001159668,-1.7194156646728516,0.06039445102214813
438,7.750553607940674,1.5726304054260254,-0.09286868572235107,4.467349052429199,0.15529239177703857,-0.024981021881103516,-14.590089797973633,-17.976491928100586,18.5589542388916,-55.65298843383789,8.200666427612305,2.8152174949645996,-1.0406502485275269,0.25509214401245117,-0.28525310754776,-3.94834566116333,-0.9366418719291687,0.6340965032577515,2.2142226696014404,-0.07558305561542511,-0.21523770689964294,-0.882521390914917,-1.6041831970214844,0.46923044323921204
439,3.6598708629608154,1.8033430576324463,-1.3093256950378418,6.38566780090332,-0.020343780517578125,0.024794578552246094,-1.467416763305664,-7.6369218826293945,11.374054908752441,-31.786590576171875,20.0,5.102685928344727,-0.05988508462905884,0.8150245547294617,-0.2719677686691284,-4.789798259735107,-1.947878122329712,1.7807446718215942,2.4413182735443115,0.2982358932495117,-0.28320229053497314,-1.1630252599716187,-1.3406920433044434,-0.16255950927734375
440,3.343860149383545,1.5515060424804688,-0.9342852234840393,7.996673583984375,0.21232104301452637,-0.1301136016845703,-3.1550207138061523,-17.20232582092285,11.396621704101562,-18.034385681152344,20.0,4.712838172912598,0.5756651163101196,0.3995261788368225,-0.15982790291309357,-5.391613006591797,-1.494877576828003,1.8637959957122803,2.2097346782684326,-0.05963630601763725,0.012447908520698547,-0.4931335151195526,-1.6907646656036377,1.3884050846099854
441,29.74996566772461,9.37310791015625,-7.635796070098877,11.09649658203125,0.4699808359146118,-0.09635066986083984,-32.68994140625,-2.4037094116210938,-2.203765392303467,-14.742393493652344,20.0,4.806727409362793,1.9267147779464722,0.6714376211166382,-1.201846718788147,-6.586730480194092,-0.8846667408943176,1.2177814245224,0.18147136270999908,-0.16576328873634338,-0.17312371730804443,2.7539784908294678,0.9008930921554565,1.0098180770874023
442,58.780967712402344,25.35811996459961,-29.735218048095703,-37.99219512939453,-17.707592010498047,14.714190483093262,-60.90960693359375,1.711658000946045,-6.826874732971191,-3.7233963012695312,1.6679067611694336,0.3436756134033203,1.1923102140426636,-0.1362881362438202,0.2291962206363678,0.925780713558197,-2.0516738891601562,-0.06451559066772461,-3.574960947036743,-0.5594798922538757,0.25743988156318665,8.637425422668457,7.213472366333008,1.8950189352035522
443,30.516130447387695,19.61536407470703,-39.63691711425781,-91.70426177978516,1.554642677307129,1.7638243436813354,-34.45195007324219,14.53293228149414,-8.81849479675293,-8.875595092773438,-1.8463337421417236,-0.15646839141845703,1.6360641717910767,0.041440658271312714,0.06159159541130066,-0.008664306253194809,-1.9757875204086304,0.8162603378295898,-4.298550128936768,1.1180181503295898,0.8739857077598572,7.349600315093994,1.049056053161621,1.1987526416778564
444,19.93071746826172,13.908760070800781,-31.524118423461914,-81.91307067871094,9.288871765136719,-1.4656116962432861,-24.832544326782227,0.7737841606140137,-4.125075817108154,-13.585517883300781,-0.8565322160720825,-0.11265170574188232,2.299455165863037,-0.07383529841899872,0.3620743751525879,-1.3820847272872925,-1.3214397430419922,0.828679084777832,-4.242165565490723,0.9100847244262695,0.4887470006942749,2.897026300430298,0.39567825198173523,0.1434495449066162
445,-10.984879493713379,11.760799407958984,-20.9642391204834,-54.147926330566406,14.419492721557617,-1.0366510152816772,9.512598037719727,-2.750918388366699,1.0619033575057983,-5.964111804962158,-0.4204423427581787,-0.0680394172668457,2.9680495262145996,-0.12152446061372757,0.22903528809547424,-2.2988076210021973,-0.9836020469665527,0.18130788207054138,-2.3906562328338623,0.8428893089294434,0.27020543813705444,-1.678056240081787,-1.231680154800415,-0.7888457775115967
446,-18.105178833007812,8.316032409667969,-7.518943786621094,-10.748498916625977,17.751544952392578,-3.781118631362915,18.018415451049805,-13.390984535217285,6.647891998291016,-2.111003875732422,0.021230459213256836,0.025703907012939453,1.9954646825790405,-0.26224103569984436,0.07166028022766113,-1.1013766527175903,-0.055636171251535416,-0.21602781116962433,-0.7910308837890625,-0.4491358697414398,-0.4034332036972046,-5.708981513977051,-0.7625844478607178,-1.1079908609390259
447,-12.64690113067627,-3.966409921646118,4.64741325378418,-1.9815587997436523,16.327608108520508,-4.000797748565674,23.088258743286133,-2.6546783447265625,3.8687756061553955,9.88492202758789,0.28874218463897705,0.012132883071899414,0.9521152377128601,-0.3553222119808197,0.3946283459663391,1.5826479196548462,1.5109467506408691,-0.011179590597748756,0.8887856602668762,-0.6163012981414795,-0.04765123128890991,-6.454591751098633,-0.791103184223175,-1.7931816577911377
448,-24.382301330566406,-1.309236764907837,2.1686172485351562,0.03765106201171875,3.320122718811035,-0.8442823886871338,29.472942352294922,-12.71745491027832,11.421167373657227,10.336675643920898,-0.037604331970214844,-0.03968000411987305,-1.123154640197754,-0.43682366609573364,0.6244304180145264,6.020352363586426,4.480532169342041,-1.9132002592086792,2.4341375827789307,-1.0036985874176025,0.7006332874298096,-7.80253267288208,-3.9840312004089355,-2.853694438934326
449,-38.11756134033203,6.436953544616699,-4.925791263580322,-9.323497772216797,-1.1109569072723389,0.3021266460418701,40.11265182495117,-8.32209300994873,18.703115463256836,-31.58026885986328,-18.91372299194336,-7.925276279449463,-3.319838047027588,0.2883046269416809,-0.6021943688392639,8.91178035736084,2.079401969909668,-0.5425820350646973,1.3090131282806396,-0.6964974403381348,-0.6480750441551208,0.1322919726371765,3.9665844440460205,1.5166127681732178
450,-20.457998275756836,-6.373548984527588,5.55702543258667,-15.377456665039062,-1.036139726638794,0.010801956057548523,20.711103439331055,-17.635377883911133,24.62999153137207,-64.49921417236328,-2.8718528747558594,-7.556708335876465,-3.3078694343566895,0.008469292894005775,0.20551982522010803,5.022053241729736,-0.23088692128658295,0.055295430123806,0.9596031308174133,-0.09890934079885483,0.08326470106840134,1.7306832075119019,-3.1444027423858643,1.0977344512939453
451,-4.203126907348633,-6.566677093505859,3.5050549507141113,-4.210918426513672,-0.20036578178405762,-0.03657667338848114,1.994765281677246,-14.546829223632812,25.21805191040039,-88.25508117675781,-2.9584484100341797,-4.124173641204834,-2.9689719676971436,-0.3323531746864319,0.05116771161556244,2.6402390003204346,-0.2675362825393677,-0.12104881554841995,1.4291216135025024,-0.04917643964290619,-0.14540866017341614,0.7166916131973267,-2.5444798469543457,0.5674713850021362
452,-11.251261711120605,-0.18808245658874512,0.5741482377052307,-5.20473575592041,-0.31595200300216675,0.037376344203948975,13.480690956115723,-21.29669189453125,27.24351692199707,-71.2286605834961,5.963228225708008,0.21909114718437195,-2.4191901683807373,-0.15204522013664246,0.13838015496730804,-0.4925841987133026,-0.15497347712516785,0.4867454171180725,1.985508680343628,0.16429618000984192,-0.20575271546840668,-0.13237467408180237,-1.990214467048645,0.09796702861785889
453,0.8443946838378906,-3.1255578994750977,2.967816114425659,2.1902904510498047,-0.22669363021850586,-0.02631211280822754,-3.0259532928466797,-13.285686492919922,14.8291015625,-62.0211181640625,18.2652587890625,2.6307477951049805,-1.83455228805542,-0.08976109325885773,0.3177890181541443,-2.2244341373443604,-1.570581078529358,1.4579838514328003,2.3045618534088135,0.21801640093326569,-0.41441455483436584,-0.8297024965286255,-1.6995861530303955,0.3133107125759125
454,8.712865829467773,1.8414647579193115,-1.5831183195114136,3.4676780700683594,0.1438579559326172,-0.10671567916870117,-12.979238510131836,-12.98608112335205,10.54784870147705,-37.954246520996094,20.0,4.090047836303711,-0.9358043670654297,0.11335213482379913,0.09639760106801987,-4.170741081237793,-1.307081937789917,1.4167169332504272,2.253024101257324,0.42051810026168823,-0.43674951791763306,-1.16227126121521,-1.434088945388794,-0.08359545469284058
455,11.260612487792969,4.356446743011475,-3.105954647064209,5.3662567138671875,0.16886591911315918,-0.05837678909301758,-5.080653190612793,-12.461180686950684,8.130447387695312,-7.071972370147705,20.0,3.843493938446045,0.5043951869010925,-0.2265763282775879,-0.05024586245417595,-5.974123477935791,-1.0292004346847534,1.916101336479187,1.4629062414169312,0.009920863434672356,-0.11582259088754654,0.7758736610412598,-0.5984536409378052,0.6699644327163696
456,31.56380271911621,10.630285263061523,-7.740801811218262,12.698463439941406,0.4500541687011719,-0.05695199966430664,-23.116422653198242,-3.231829881668091,-4.452525615692139,-3.337127685546875,20.0,4.296926975250244,2.290085554122925,0.04755033180117607,-0.9271060824394226,-6.443917751312256,-1.023463249206543,2.1634321212768555,-0.9012803435325623,-0.39089393615722656,-0.24170750379562378,5.447743892669678,3.3966548442840576,0.6129636764526367
457,65.06877136230469,22.842525482177734,-24.934289932250977,-63.13633728027344,2.741814136505127,20.0,-68.36353302001953,15.36618423461914,-13.87504768371582,-10.038219451904297,-0.9131803512573242,0.13653802871704102,1.6144453287124634,-0.3193705677986145,-0.1272508054971695,0.6587948799133301,-2.476327896118164,2.8408374786376953,-4.181997776031494,0.2750686705112457,-0.14765603840351105,7.989165782928467,5.2602434158325195,2.054131031036377
458,40.843841552734375,27.18596839904785,-36.496944427490234,-84.6377944946289,8.258695602416992,0.8851820230484009,-37.240997314453125,-0.26920008659362793,0.2731151580810547,-11.468269348144531,-1.6038918495178223,-0.2751796245574951,2.1901590824127197,-0.3278001546859741,0.20243948698043823,-0.08753286302089691,-2.078524112701416,0.64873206615448,-4.833921909332275,0.7921531200408936,1.4297826290130615,5.8135552406311035,0.9570793509483337,1.2503784894943237
459,11.806259155273438,25.6983642578125,-35.711952209472656,-81.89825439453125,13.221988677978516,-2.3007962703704834,-15.373750686645508,-2.379577398300171,-3.637706995010376,-10.151540756225586,-0.7692978382110596,-0.09353181719779968,2.8819360733032227,-0.11261595785617828,0.13154616951942444,-1.2842683792114258,-1.6386436223983765,0.7557108998298645,-4.199655055999756,0.6238602995872498,0.35072287917137146,1.0261344909667969,-0.13891059160232544,0.197354257106781
460,-14.615591049194336,10.44648265838623,-17.062192916870117,-44.60443878173828,20.0,-3.5259828567504883,9.369575500488281,-3.5175347328186035,1.2515075206756592,-3.6794052124023438,-0.2707412838935852,-0.06913447380065918,2.955404758453369,-0.19919371604919434,0.024257056415081024,-1.9780324697494507,-1.305329442024231,0.13402588665485382,-2.9246299266815186,0.21462172269821167,0.029208488762378693,-3.181731700897217,-0.560023307800293,-0.8119117617607117
461,-32.054840087890625,12.129154205322266,-11.195564270019531,-33.89787673950195,20.0,-5.642676830291748,30.15251922607422,-6.4131178855896,4.149507522583008,7.491069793701172,0.17718958854675293,0.03775835037231445,3.2412307262420654,-0.1183854416012764,0.0032053738832473755,-2.3730854988098145,-1.1659200191497803,-0.04470866918563843,-0.5287577509880066,-0.10880231112241745,-0.2758786380290985,-5.787315845489502,-1.2582528591156006,-1.0855603218078613
462,-30.765636444091797,-1.9913010597229004,5.468494892120361,-14.303746223449707,20.0,-5.504112243652344,29.23823356628418,0.9683033227920532,0.17670059204101562,13.38370132446289,0.6295974254608154,0.05611085891723633,1.3126451969146729,0.031084727495908737,0.25646209716796875,0.49548256397247314,0.4498344659805298,-0.908056378364563,0.7914508581161499,-0.6292524933815002,-1.1235219240188599,-6.128170490264893,0.4296760857105255,-2.1547961235046387
463,-28.844173431396484,3.094348430633545,3.7085134983062744,-7.0539093017578125,12.31162166595459,-2.9814276695251465,36.35115051269531,-9.775312423706055,11.875467300415039,14.806991577148438,0.30098092555999756,0.012838363647460938,-0.5561882257461548,-0.002596306148916483,0.6717084050178528,4.125486850738525,3.1510655879974365,-1.3169981241226196,2.507843494415283,-1.0332186222076416,-0.10970877856016159,-5.851963996887207,-0.9404515027999878,-2.581629991531372
464,-39.84730911254883,3.5904598236083984,-1.3991745710372925,-4.209587097167969,-0.596489429473877,0.1161808967590332,50.473148345947266,-14.189666748046875,28.405317306518555,-28.70355987548828,-20.0,-7.099178314208984,-2.9824914932250977,0.49357327818870544,0.4444890320301056,8.693359375,3.8250463008880615,-1.332884669303894,1.806922197341919,-1.1767191886901855,-0.82770836353302,-0.5565952062606812,6.5265398025512695,0.11025923490524292
465,-13.584548950195312,-5.305294513702393,0.20184177160263062,-8.789306640625,-1.0984175205230713,0.19008496403694153,12.288885116577148,-10.015857696533203,33.53458023071289,-67.28923797607422,-8.658153533935547,-7.616755485534668,-3.457986354827881,0.29717984795570374,0.03982597589492798,7.733590126037598,-0.1764800250530243,-0.19781053066253662,0.5892185568809509,0.16851091384887695,0.07623229920864105,1.8145421743392944,-2.5753586292266846,0.2576507329940796
466,-11.444732666015625,-3.401183605194092,3.898132801055908,-10.434314727783203,-0.17062139511108398,-0.09183073043823242,20.122726440429688,-17.96770477294922,35.769386291503906,-71.95340728759766,-8.239931106567383,-2.196314573287964,-2.799450397491455,-0.06138599291443825,0.7037432193756104,4.029783725738525,2.0463626384735107,-1.1148483753204346,1.3898515701293945,-0.23629453778266907,0.16933225095272064,1.0828958749771118,-2.6271259784698486,0.4495863914489746
467,-8.178625106811523,-1.4227943420410156,-0.5815857648849487,-7.251472473144531,-0.7410926818847656,0.1972408890724182,8.707927703857422,-9.812771797180176,22.90823745727539,-63.47829055786133,-4.888538360595703,-0.29742223024368286,-2.5109124183654785,-0.19122910499572754,0.08669045567512512,1.1227859258651733,-0.2356491982936859,0.30008354783058167,1.7949440479278564,-0.08481352031230927,-0.03751393407583237,0.3908383846282959,-2.3193259239196777,0.3504081070423126
468,-9.8223876953125,2.092970371246338,-1.9557676315307617,-6.876951217651367,-0.5081931352615356,0.05762290954589844,8.563188552856445,-17.53002166748047,20.831493377685547,-56.15196228027344,6.387730598449707,1.3733839988708496,-2.15902042388916,-0.10841067135334015,-0.5147086381912231,-2.8057215213775635,-1.0477650165557861,1.0544344186782837,2.0130419731140137,0.2028379738330841,-0.09528426826000214,-0.3276982307434082,-1.8450690507888794,0.046712636947631836
469,2.41983699798584,4.974145889282227,-1.3972101211547852,4.028923034667969,-0.017386674880981445,-0.06214261054992676,2.7996997833251953,-22.858795166015625,18.147192001342773,-48.116939544677734,19.85295295715332,4.0464067459106445,-0.945652186870575,0.4363443851470947,-0.3439841568470001,-4.807058334350586,-1.1224077939987183,1.5689448118209839,2.539620876312256,0.30751970410346985,-0.16036149859428406,-0.8755964040756226,-1.6366125345230103,0.11227977275848389
470,14.627479553222656,-0.310591459274292,0.28501272201538086,10.215230941772461,0.053800106048583984,-0.10666131973266602,-12.760714530944824,-10.751718521118164,6.431905269622803,-35.72191619873047,20.0,7.434115409851074,0.5778374075889587,0.48297619819641113,-0.4187074303627014,-5.497086524963379,-3.034498691558838,2.023564577102661,3.023740768432617,0.306352436542511,-0.38260480761528015,-1.218870759010315,-1.5906896591186523,-0.2795960307121277
471,23.454998016357422,10.455408096313477,-8.23624038696289,7.60760498046875,0.5864784717559814,-0.09253072738647461,-26.495662689208984,-7.874053955078125,2.5166096687316895,-6.629952430725098,20.0,4.46718168258667,1.9615670442581177,0.5415384769439697,-1.136922836303711,-7.8558349609375,-1.164221167564392,1.6720417737960815,0.29004502296447754,-0.14214050769805908,-0.12692657113075256,2.8094429969787598,1.215898871421814,1.4378679990768433
472,40.456092834472656,12.345390319824219,-27.38606071472168,-31.567096710205078,-19.745805740356445,10.394454002380371,-45.32639694213867,-2.0164079666137695,-3.279285430908203,-2.2984848022460938,1.7253751754760742,0.2551851272583008,2.817230463027954,0.759747326374054,0.3913115859031677,-2.0033769607543945,7.110668182373047,-4.328867435455322,-2.6057028770446777,-0.458528071641922,0.42166435718536377,8.205348014831543,6.450262069702148,2.435312509536743
473,19.158203125,13.610810279846191,-24.676767349243164,-69.89424896240234,-1.4900469779968262,4.456401824951172,-26.60485076904297,12.49856948852539,-7.936959743499756,-12.109519958496094,-1.7585326433181763,-0.23953986167907715,1.477320671081543,0.06123027205467224,0.12238845229148865,0.6805975437164307,-2.287896156311035,0.3635933995246887,-3.331362724304199,0.7841199636459351,0.9143494367599487,5.880849838256836,0.6287204623222351,1.0108299255371094
474,19.844369888305664,20.70293426513672,-30.194717407226562,-84.55512237548828,9.340067863464355,-0.7542887926101685,-24.651081085205078,0.3944098949432373,-4.335300922393799,-9.02183723449707,-0.6211668252944946,-0.08297303318977356,2.0703039169311523,-0.12059332430362701,0.36385971307754517,-0.6166492700576782,-1.7491050958633423,0.7983201742172241,-3.453579902648926,0.3636719286441803,0.3425525426864624,2.940387725830078,0.5510807037353516,-0.031458355486392975
475,-5.388603687286377,18.156478881835938,-23.057817459106445,-53.21021270751953,10.747212409973145,-1.3617833852767944,2.733549118041992,-9.081125259399414,6.235391139984131,-7.747551441192627,-0.517664909362793,-0.07084332406520844,2.5530452728271484,-0.3525017201900482,0.3101107180118561,-1.4680246114730835,-1.3826508522033691,0.3555002212524414,-2.084383726119995,0.07015301287174225,0.9945106506347656,-1.527206301689148,-0.6927663683891296,0.00140821048989892
476,-10.848363876342773,-2.184060573577881,-7.527890682220459,-42.80657196044922,20.0,-2.500260353088379,1.3418865203857422,13.069653511047363,-10.919069290161133,2.7851037979125977,-0.0645754337310791,0.037247419357299805,2.133733034133911,-0.33550170063972473,0.06470828503370285,-1.6469411849975586,-1.0284186601638794,0.039601609110832214,-1.6299045085906982,0.11277607083320618,-0.652980387210846,-3.350632667541504,-1.012726068496704,-1.8487632274627686
477,-2.7911128997802734,3.0586392879486084,-3.6826717853546143,-11.908320426940918,20.0,-5.479356288909912,12.465699195861816,-3.84723162651062,3.2500669956207275,4.062215805053711,-0.0826883316040039,0.14089226722717285,2.648463249206543,-0.5037616491317749,0.12237219512462616,-1.5547109842300415,-1.0218724012374878,-0.37237200140953064,0.24799829721450806,-0.2628959119319916,-0.45449161529541016,-5.235233783721924,-2.981330394744873,-1.5720008611679077
478,-21.35895538330078,0.7715127468109131,2.975666046142578,-2.7178268432617188,20.0,-4.355880260467529,27.941078186035156,-4.859834671020508,4.829102039337158,10.16046142578125,0.714725136756897,0.06694221496582031,0.45036575198173523,-0.22338910400867462,0.4555078148841858,2.68428111076355,1.7246357202529907,-0.37793153524398804,1.8395333290100098,-0.2262411117553711,-0.41509297490119934,-6.802807807922363,-0.8359283208847046,-2.0087227821350098
479,-34.033687591552734,-2.9172933101654053,4.808060646057129,0.3135833740234375,0.36057376861572266,-0.16198396682739258,34.63420104980469,-10.002928733825684,14.176111221313477,-29.928722381591797,-20.0,-4.741032600402832,-2.3798837661743164,-0.07730663567781448,0.7095034122467041,9.292338371276855,6.374725818634033,-1.8325384855270386,2.107614040374756,-0.9131750464439392,-0.40534910559654236,-0.24253273010253906,5.82462215423584,0.791511058807373
480,-27.13444709777832,-1.45554518699646,-0.5138843059539795,-12.579421997070312,-1.793121099472046,0.26780831813812256,24.803129196166992,-19.88641357421875,29.317909240722656,-76.63088989257812,-9.313522338867188,-7.231965065002441,-3.3162930011749268,-0.06865772604942322,0.23530340194702148,8.177328109741211,0.029219334945082664,-0.08326654136180878,0.88768470287323,0.04402363300323486,0.012498646974563599,1.480128288269043,-2.964878559112549,0.5844129920005798
481,-22.847761154174805,-4.6230268478393555,3.7550764083862305,-13.020015716552734,-0.4832320213317871,-0.04773133993148804,29.841312408447266,-20.089141845703125,32.14981460571289,-75.57855224609375,-2.2942328453063965,-2.4126527309417725,-3.1161046028137207,-0.289949506521225,0.5505989789962769,4.3210625648498535,1.2446379661560059,-0.3869478106498718,1.5199718475341797,0.011717967689037323,-0.0173770934343338,0.6502217054367065,-2.3781185150146484,0.5003448724746704
482,-4.425843238830566,-1.0707796812057495,-0.16648471355438232,-6.474839210510254,-0.47408705949783325,0.07279977202415466,-1.9168758392333984,-13.077051162719727,21.789039611816406,-64.85118865966797,-5.324754238128662,0.3301111161708832,-2.9549055099487305,-0.3372008502483368,0.3389942944049835,1.6288836002349854,0.32343626022338867,0.130353182554245,1.5733145475387573,0.12426318228244781,-0.10292752087116241,0.13636812567710876,-2.071209669113159,0.12906429171562195
483,-6.225992202758789,0.8828829526901245,0.5072128772735596,-1.4886655807495117,-0.22710460424423218,-0.010879278182983398,11.602941513061523,-21.214704513549805,26.330047607421875,-71.80266571044922,4.2376251220703125,3.3670523166656494,-2.146204710006714,-0.18554125726222992,0.3307381868362427,-0.6536054611206055,0.41024497151374817,0.37197786569595337,2.407395839691162,0.1917850226163864,-0.2828144431114197,-0.7089599967002869,-1.7360438108444214,-0.03820258378982544
484,0.9109983444213867,1.5320799350738525,-1.9060759544372559,2.0429906845092773,-0.40608692169189453,0.053542137145996094,-9.003005027770996,-19.363906860351562,19.19715690612793,-62.65105438232422,12.37786865234375,4.524975776672363,-1.7503172159194946,-0.11900366842746735,-0.29657742381095886,-2.2199511528015137,-2.3252832889556885,1.3040167093276978,2.434938669204712,0.3877417743206024,-0.40886983275413513,-1.3391015529632568,-1.38559889793396,0.2020646333694458
485,17.6783390045166,2.176596164703369,-0.7776538133621216,6.584667205810547,0.4404418468475342,-0.13739478588104248,-25.61257553100586,-15.843608856201172,14.527653694152832,-46.767333984375,15.492281913757324,5.942389965057373,-0.5583541393280029,-0.009570453315973282,-0.06510476022958755,-3.596497058868408,-1.6825917959213257,0.913224458694458,2.3427066802978516,0.30238014459609985,-0.32875826954841614,-1.5818976163864136,-1.2298840284347534,-0.03942471742630005
486,15.171772003173828,10.096159934997559,-7.775700569152832,1.2257041931152344,0.1125633716583252,0.058225393295288086,-15.483748435974121,-12.171533584594727,6.2583136558532715,-12.31159782409668,20.0,4.710019588470459,1.1160928010940552,0.23679980635643005,-0.7721951603889465,-7.202991485595703,-1.6044880151748657,1.805789589881897,1.3849128484725952,0.2040337771177292,-0.21669119596481323,-0.012753894552588463,-0.12448503077030182,0.5706494450569153
487,31.981475830078125,12.980002403259277,-9.266570091247559,12.195648193359375,0.5808814764022827,-0.05005359649658203,-27.26422119140625,-0.9280378818511963,-6.301191329956055,-3.3832836151123047,20.0,4.86582088470459,2.9549906253814697,0.796592116355896,-1.7998672723770142,-8.778950691223145,-0.13057422637939453,1.7375773191452026,-1.1805661916732788,-0.23411546647548676,-0.763245165348053,4.580039978027344,3.535134792327881,1.1917195320129395
488,57.6800537109375,25.036766052246094,-30.96185874938965,-28.70066261291504,-20.0,17.36221694946289,-49.2369270324707,-3.0238544940948486,-0.7513885498046875,-3.139495849609375,-0.6546483039855957,-0.03719520568847656,1.394928216934204,-0.14914241433143616,-0.21690702438354492,1.1442346572875977,-2.287257194519043,-0.16501188278198242,-3.9926865100860596,-0.24369794130325317,0.8859708905220032,10.817724227905273,3.9451260566711426,3.047630786895752
489,27.262500762939453,22.5057430267334,-33.4305305480957,-68.68524932861328,3.649521589279175,2.915721893310547,-31.448646545410156,-3.380704402923584,0.06461715698242188,-21.987201690673828,-1.579321026802063,-0.3848133087158203,1.7596122026443481,0.15436087548732758,-0.002247072756290436,0.16925251483917236,-2.074479341506958,0.41336095333099365,-3.9768226146698,0.1470600664615631,1.4262698888778687,4.600986003875732,1.373415231704712,1.1252650022506714
490,-0.9937038421630859,4.619019985198975,-21.45919418334961,-73.28997802734375,13.50244140625,-0.7044782638549805,-6.934667587280273,9.09121322631836,-8.704499244689941,-8.778458595275879,-0.7408262491226196,-0.05665605515241623,2.0667946338653564,0.26382914185523987,-0.05086403340101242,-0.9971289038658142,-1.5816280841827393,0.09886830300092697,-3.3244059085845947,0.3711927831172943,0.3639449179172516,-0.07984451949596405,-0.3602728843688965,-0.05167648568749428
491,-3.085537910461426,4.525421619415283,-10.091134071350098,-32.54433059692383,20.0,-2.577735185623169,5.290421009063721,-3.4103891849517822,1.3915185928344727,-2.2403736114501953,-0.1863243579864502,-0.02120882272720337,2.3824920654296875,-0.05473437160253525,0.13587872684001923,-1.4518345594406128,-1.3207898139953613,-0.005323231220245361,-2.1779191493988037,-0.22081249952316284,0.45125341415405273,-3.1327064037323,-0.614583432674408,-0.3939584195613861
492,5.7603349685668945,-5.304164886474609,-3.0289394855499268,-28.374631881713867,20.0,-4.518955230712891,-1.776313304901123,11.337122917175293,-9.423698425292969,6.103000640869141,-0.0471954345703125,0.06865215301513672,2.701941728591919,-0.15155914425849915,0.259909987449646,-1.5506620407104492,-1.1539024114608765,0.04368264973163605,-1.4155957698822021,-0.3185494840145111,-0.6974105834960938,-3.4570531845092773,-1.4335333108901978,-1.8860862255096436
493,-18.628141403198242,-0.4095882177352905,-1.3406574726104736,-12.28610610961914,20.0,-4.915853023529053,19.517166137695312,-2.4013633728027344,3.7691166400909424,6.53204345703125,0.3437182903289795,0.13712620735168457,1.522987961769104,-0.3718928098678589,0.17247185111045837,0.10073849558830261,-0.357515424489975,-0.3948628008365631,-0.2626367509365082,-0.512440025806427,-0.4172977805137634,-4.830448627471924,-0.586461067199707,-1.504754662513733
494,-23.372772216796875,-6.975460052490234,4.10460090637207,-15.703470230102539,20.0,-5.526559352874756,26.98696517944336,4.746945381164551,0.374550461769104,10.426969528198242,0.30171525478363037,0.047690391540527344,0.5645642876625061,-0.39548107981681824,0.33153361082077026,2.0633740425109863,1.4268203973770142,-0.4445626437664032,1.4396494626998901,-0.12472998350858688,-0.1568772792816162,-6.30740213394165,-0.6113294363021851,-2.5913264751434326
495,-34.67514419555664,0.6169914603233337,2.967446804046631,-0.7972793579101562,2.234696388244629,-0.5286622047424316,39.203453063964844,-14.68206787109375,16.499786376953125,-23.92485809326172,-18.201126098632812,-6.9753007888793945,-2.1274116039276123,-0.1739514321088791,0.6785085797309875,7.675401210784912,6.071915149688721,-1.9036442041397095,1.9282773733139038,-1.3372730016708374,-0.3923722505569458,-0.10612481832504272,8.796316146850586,1.586754560470581
496,-24.635560989379883,-5.383427143096924,1.5787301063537598,-6.138755798339844,-1.573675274848938,0.2569129467010498,31.046152114868164,-23.43735122680664,27.884836196899414,-72.67317199707031,-7.316432952880859,-5.011794567108154,-3.3631339073181152,0.08419974148273468,0.3938952088356018,9.054490089416504,-0.15653946995735168,-0.04256294295191765,0.7711111307144165,0.07600490748882294,0.08683761954307556,1.8354953527450562,-2.9762158393859863,0.7333130836486816
497,-20.09429931640625,-1.3350690603256226,0.829566240310669,-10.784353256225586,-0.30180883407592773,-0.04621434211730957,29.547855377197266,-19.676132202148438,38.76935958862305,-81.61897277832031,-9.495741844177246,-4.460633754730225,-3.075099229812622,0.12554986774921417,0.31366077065467834,6.309327125549316,1.6508358716964722,-0.8421055674552917,1.656557321548462,0.05364224314689636,-0.1742255985736847,0.8108888864517212,-2.569298028945923,0.6174077391624451
498,-12.43183708190918,-4.643510818481445,3.5122931003570557,-9.722546577453613,-0.6453125476837158,0.044342637062072754,11.61935043334961,-15.999115943908691,29.734683990478516,-71.44418334960938,-6.624377250671387,-1.1323843002319336,-2.9412474632263184,-0.2817775011062622,0.7779974937438965,2.8919222354888916,0.9874238967895508,-0.5612220168113708,1.9354802370071411,-0.06867258995771408,-0.03819465637207031,0.20522421598434448,-2.21441388130188,0.3066542148590088
499,-1.7801227569580078,-1.2908744812011719,-0.26355695724487305,-5.165102958679199,-0.43406254053115845,0.07426565885543823,-6.158875942230225,-14.228019714355469,19.75885581970215,-62.050628662109375,-0.8678131103515625,2.7608609199523926,-2.776641607284546,-0.5656445026397705,0.4820418655872345,0.0318806916475296,0.05641298368573189,-0.32795727252960205,1.8906395435333252,-0.05293896421790123,-0.06801487505435944,-0.2641749382019043,-1.9327818155288696,0.03251238167285919
500,1.7626867294311523,2.3672592639923096,-1.7259869575500488,-1.4211606979370117,-0.3436753749847412,0.12902235984802246,0.4704914093017578,-16.063779830932617,18.237136840820312,-65.49150848388672,8.23200798034668,4.020208835601807,-1.4917179346084595,-0.3422626554965973,-0.052224237471818924,-2.977384567260742,-1.5061886310577393,1.1043212413787842,2.61076021194458,0.1349198818206787,-0.3175451457500458,-1.1006107330322266,-1.5582783222198486,0.3327223062515259
501,-0.29412078857421875,-1.744659185409546,1.0810260772705078,5.914982795715332,0.10713624954223633,-0.04750204086303711,-8.21885871887207,-12.878199577331543,11.41695785522461,-46.79031753540039,16.584976196289062,6.61098575592041,-1.4665732383728027,-0.13788895308971405,-0.16489507257938385,-3.5128865242004395,-1.3429521322250366,2.003190040588379,2.3053157329559326,0.47397422790527344,-0.3491255044937134,-1.4949647188186646,-1.183419108390808,-0.08688712120056152
502,5.465555191040039,-1.9853582382202148,2.5359854698181152,7.443963050842285,0.21725285053253174,-0.19944477081298828,-2.292506217956543,-9.558526992797852,11.300939559936523,-28.262231826782227,20.0,8.608158111572266,-0.3964150846004486,-0.10831538587808609,0.36949101090431213,-4.015669822692871,-1.044420599937439,2.1215720176696777,2.572711229324341,0.46033167839050293,-0.21623331308364868,-1.5659480094909668,-1.096927285194397,-0.6506456732749939
503,25.808883666992188,12.564071655273438,-8.961695671081543,5.463649749755859,0.1096353530883789,-0.11968040466308594,-27.697032928466797,-10.267342567443848,1.372307300567627,-14.197338104248047,20.0,5.199732780456543,1.2970564365386963,0.35442379117012024,-0.43284285068511963,-6.596140384674072,-2.3514277935028076,1.6507624387741089,1.0794092416763306,0.14161604642868042,-0.4199017286300659,0.9127854704856873,0.5424063801765442,1.2062987089157104
504,55.89765930175781,24.420734405517578,-19.456661224365234,11.561065673828125,0.8896117806434631,0.08572149276733398,-49.336090087890625,-1.9884557723999023,-5.3943400382995605,4.09027099609375,8.449490547180176,1.7674717903137207,4.473777770996094,0.9487378001213074,-2.1160478591918945,-10.449555397033691,-0.2883789837360382,1.994439721107483,-3.299786329269409,-0.2221105396747589,-0.3649247884750366,9.953117370605469,8.544259071350098,3.510457754135132
505,52.68274688720703,19.885602951049805,-33.73646926879883,-55.54113006591797,-6.229128837585449,20.0,-47.829864501953125,-3.181072473526001,2.465564727783203,-17.860427856445312,-2.3332183361053467,-0.4274420738220215,1.6735680103302002,-0.7577459812164307,0.0764201283454895,0.731904149055481,-2.6497795581817627,3.9466946125030518,-4.753535747528076,-0.03170005977153778,2.017336368560791,9.510189056396484,1.3497700691223145,2.8259871006011963
506,22.944049835205078,12.554903984069824,-23.804441452026367,-60.007015228271484,8.551164627075195,2.35068678855896,-22.882606506347656,5.128664016723633,-7.388323783874512,-22.224227905273438,-1.0939903259277344,-0.276043176651001,1.9655379056930542,0.017850957810878754,-0.01353137195110321,0.07827724516391754,-2.05476975440979,0.27333205938339233,-4.1329545974731445,0.3976452350616455,1.0712021589279175,1.9024564027786255,1.2733557224273682,0.7481141686439514
507,0.8040781021118164,6.327287197113037,-13.042035102844238,-55.4761962890625,13.519962310791016,-2.5015547275543213,-2.036020278930664,7.772719860076904,-8.958700180053711,-3.9846620559692383,-0.6142839193344116,-0.0014830827713012695,2.4642162322998047,0.1167869120836258,-0.004273388534784317,-0.7197721600532532,-1.886164903640747,0.1683312952518463,-3.1952109336853027,0.3432447016239166,-0.3877784013748169,-1.6262694597244263,-0.6420897841453552,-0.4600565433502197
508,-18.635425567626953,11.395646095275879,-15.066017150878906,-47.677188873291016,20.0,-6.391760349273682,15.080398559570312,-1.5406901836395264,1.1005542278289795,4.634774208068848,0.014148712158203125,0.005628108978271484,2.709738254547119,-0.04531354084610939,-0.07150187343358994,-1.382188320159912,-1.6259815692901611,0.1565389335155487,-1.6750329732894897,-0.03026014380156994,-0.7018352150917053,-3.875603199005127,-1.4275389909744263,-1.1602203845977783
509,-18.112873077392578,-2.7778663635253906,-4.409949779510498,-30.269454956054688,20.0,-6.398820877075195,13.538076400756836,5.470136642456055,-1.8756017684936523,9.862311363220215,0.26392650604248047,0.043796539306640625,2.574547529220581,-0.19169580936431885,0.12116760015487671,-1.4172205924987793,-1.4234230518341064,0.08056244254112244,-0.8719286918640137,-0.0014270059764385223,-0.6097723245620728,-3.8752739429473877,-1.9460244178771973,-2.3949413299560547
510,-16.603483200073242,-2.585648536682129,0.6237653493881226,-9.73314094543457,20.0,-5.152145862579346,20.614370346069336,-5.248842716217041,5.767778396606445,5.1324615478515625,0.3537759780883789,0.12945222854614258,1.5272185802459717,-0.4665282368659973,0.16073264181613922,0.44839343428611755,-0.1688094437122345,-0.7789919376373291,0.7760900259017944,-0.5593978762626648,-0.244743213057518,-6.187877655029297,-1.0131916999816895,-2.5372812747955322
511,-24.67534637451172,-0.07615804672241211,4.419266223907471,1.3808879852294922,14.764731407165527,-3.215242624282837,33.92015075683594,-10.658332824707031,10.874640464782715,10.590316772460938,0.39874160289764404,0.09334802627563477,-1.4489755630493164,-0.18229210376739502,0.6981248259544373,5.971319675445557,3.8978099822998047,-1.3603380918502808,2.6218299865722656,-0.5690141916275024,0.7247666120529175,-8.580798149108887,-0.11531984061002731,-2.3772242069244385
512,-38.65254211425781,1.9164769649505615,-1.7948487997055054,-4.511402130126953,-0.7845687866210938,0.17998504638671875,49.438907623291016,-22.783306121826172,27.187915802001953,-37.6891975402832,-20.0,-7.7880072593688965,-3.4270737171173096,0.6872796416282654,0.2288336455821991,10.603713035583496,3.5007922649383545,-0.6943830847740173,0.8731416463851929,0.7170078754425049,0.5122792720794678,2.315516471862793,-3.364503860473633,1.24928617477417
513,-24.589466094970703,-4.054620742797852,2.4688057899475098,-16.783695220947266,-1.213010311126709,0.027559757232666016,28.837141036987305,-16.879058837890625,33.7205810546875,-69.18016815185547,-2.654766082763672,-4.689305305480957,-3.474538564682007,0.1349380910396576,0.05028042197227478,6.286561489105225,1.5829118490219116,-0.9729507565498352,1.2580876350402832,-0.010308131575584412,0.04835757613182068,1.5159895420074463,-2.8402199745178223,0.471471905708313
514,-7.400363922119141,-2.7626123428344727,1.8213696479797363,-7.815033912658691,-0.6147122979164124,0.11752219498157501,6.207230567932129,-19.03363609313965,31.324174880981445,-83.92058563232422,-6.413047790527344,-1.3805409669876099,-3.210944652557373,-0.09024174511432648,-0.05199674516916275,3.1318883895874023,0.2390933632850647,-0.08908569067716599,1.6868696212768555,-0.03428347408771515,-0.019728101789951324,0.6011386513710022,-2.4500691890716553,0.27250242233276367
515,-2.330803871154785,-5.472481727600098,4.692108631134033,-1.94462251663208,-0.18952007591724396,-0.051992714405059814,3.4589433670043945,-13.704570770263672,24.7031192779541,-77.46673583984375,-0.6781673431396484,0.5969884395599365,-2.5335543155670166,-0.28522804379463196,0.38346245884895325,0.9465197324752808,0.04104011878371239,-0.11716703325510025,2.3040590286254883,-0.10996262729167938,-0.11836452782154083,-0.15736031532287598,-2.1558241844177246,0.14728011190891266
516,2.8334174156188965,-3.3766133785247803,0.48178747296333313,-2.1374945640563965,-0.31461071968078613,0.09703660011291504,-12.502351760864258,-10.341156959533691,14.779166221618652,-66.5207290649414,6.81360387802124,2.8193283081054688,-2.0639991760253906,-0.3533797860145569,-0.07546456158161163,-1.812919020652771,-1.4180805683135986,1.1610504388809204,2.181471109390259,0.22731703519821167,-0.15981996059417725,-0.8453556895256042,-1.6246490478515625,0.10337167978286743
517,7.0424299240112305,2.7890074253082275,-0.9823981523513794,0.11335563659667969,-0.12829828262329102,-0.0382390022277832,-4.808210372924805,-16.589597702026367,9.574942588806152,-43.43256378173828,19.69308853149414,6.515263557434082,-0.4669349789619446,-0.07768075913190842,-0.1973220258951187,-5.064542770385742,-2.62247896194458,2.1661181449890137,2.695510149002075,0.3853776752948761,-0.21204225718975067,-1.443049430847168,-1.3305854797363281,-0.05671381950378418
518,12.63812255859375,1.5467300415039062,0.5556113719940186,12.394437789916992,0.5859494209289551,-0.23773837089538574,-16.03167724609375,-15.601524353027344,6.526980400085449,-31.30731773376465,20.0,7.78169584274292,0.2809000313282013,0.35237178206443787,0.26121219992637634,-4.466495990753174,-1.210065484046936,1.5614476203918457,2.6339433193206787,0.40071091055870056,-0.2988335192203522,-1.4455636739730835,-1.3534669876098633,-0.22711002826690674
519,9.99537467956543,1.025583028793335,-0.8835446834564209,8.984003067016602,0.24404144287109375,-0.13898849487304688,-8.557968139648438,-8.828387260437012,3.4772307872772217,-7.033642768859863,20.0,4.422189712524414,0.852180004119873,0.26410117745399475,0.4900801479816437,-4.207485675811768,-1.2340754270553589,1.2852749824523926,1.268911600112915,-0.011282706633210182,-0.10873911529779434,1.0119248628616333,-0.4850597083568573,1.6590925455093384
520,30.540950775146484,13.010011672973633,-11.572029113769531,8.556686401367188,0.43238377571105957,0.02383112907409668,-26.855968475341797,-5.311977863311768,-1.592865228652954,-7.601020812988281,19.834869384765625,4.180131435394287,2.4154622554779053,0.5135058760643005,-0.9094228744506836,-5.732641696929932,-1.0146009922027588,1.2326102256774902,-1.3183367252349854,-0.32745519280433655,-0.4088331460952759,5.0347065925598145,3.2884762287139893,0.9090446829795837
521,57.70208740234375,21.712024688720703,-31.28142738342285,-41.809574127197266,-19.319622039794922,18.00953483581543,-55.47785949707031,2.0722501277923584,-4.171764373779297,-5.044620513916016,-0.6933269500732422,0.014281272888183594,2.1061594486236572,0.8732004761695862,-0.14037281274795532,-2.0766100883483887,8.673910140991211,-5.717563629150391,-4.50438117980957,-0.023547668009996414,0.4092724919319153,10.012070655822754,4.546321868896484,2.3607025146484375
522,14.088033676147461,17.09276580810547,-31.060754776000977,-71.63198852539062,0.053263187408447266,2.1286089420318604,-15.048118591308594,-0.5393299460411072,0.7011327743530273,-20.629638671875,-1.5424197912216187,-0.3065755367279053,1.5784016847610474,0.06243308633565903,-0.019783958792686462,0.5776753425598145,-2.3179237842559814,0.5605704188346863,-3.3663976192474365,0.3338349759578705,0.9879879951477051,2.8650777339935303,0.9784352779388428,0.9878575801849365
523,17.762542724609375,13.546164512634277,-20.94932746887207,-80.65572357177734,10.248483657836914,-0.6832489371299744,-19.48082733154297,9.17884635925293,-8.50414752960205,-2.2881336212158203,-0.5915166139602661,-0.04896017909049988,2.1902852058410645,-0.33717480301856995,0.04879488795995712,-0.574822187423706,-1.7323408126831055,0.5235964059829712,-3.396653413772583,0.18045711517333984,0.5316720604896545,1.4266637563705444,-0.7958104014396667,0.024076731875538826
524,-8.937270164489746,17.912681579589844,-24.624271392822266,-62.97425842285156,14.457859992980957,-2.6606314182281494,1.0731611251831055,-2.1533432006835938,0.16033506393432617,-0.9226036071777344,-0.00696989893913269,-0.00832366943359375,2.4115402698516846,-0.2630258798599243,0.09708909690380096,-1.390889048576355,-1.4696190357208252,0.31593018770217896,-2.7842800617218018,0.18205000460147858,0.49910497665405273,-1.2392770051956177,0.16080598533153534,-0.1642877459526062
525,-4.581422805786133,8.804018020629883,-8.695612907409668,-29.58324432373047,20.0,-4.278775691986084,8.410089492797852,-0.4153794050216675,-1.6307194232940674,1.7908830642700195,-0.2414107322692871,-0.0007984638214111328,2.7769875526428223,-0.4024989604949951,0.024066906422376633,-1.641592264175415,-1.1988184452056885,-0.12207263708114624,-1.2811400890350342,-0.3681992292404175,-0.2914091944694519,-3.3710739612579346,-1.722998023033142,-1.2434899806976318
526,-26.16745376586914,2.5732452869415283,-5.003922939300537,-19.296478271484375,20.0,-5.008349418640137,24.062759399414062,-1.6392847299575806,1.7752370834350586,3.142078399658203,0.26242852210998535,0.06586217880249023,1.9400094747543335,-0.014653205871582031,0.0036408714950084686,-0.4854200780391693,-0.4081898033618927,-0.5319672226905823,0.7641485333442688,-0.4120734930038452,-1.0482008457183838,-7.523094177246094,-0.659025251865387,-2.014418363571167
527,-29.132856369018555,-0.13257449865341187,1.177842378616333,-10.825289726257324,19.358497619628906,-4.590789794921875,35.33512878417969,-3.2427258491516113,7.138631820678711,18.977825164794922,0.6117650270462036,0.07148504257202148,0.032601840794086456,-0.19275452196598053,0.12136038392782211,3.087021589279175,2.0878515243530273,-0.22135569155216217,2.287055253982544,-0.459753155708313,-0.20415610074996948,-6.233320713043213,-0.45994624495506287,-2.00130295753479
528,-33.49224853515625,0.10031431913375854,2.2283170223236084,-0.7328605651855469,-0.013327598571777344,-0.11653637886047363,40.588714599609375,-17.78978157043457,22.556556701660156,-27.013790130615234,-17.3668270111084,-11.967387199401855,-2.228546380996704,0.12057015299797058,0.722406268119812,8.40654468536377,5.460497856140137,-1.7361844778060913,1.9838101863861084,-0.6005989909172058,-0.08320463448762894,-0.6013632416725159,6.104078769683838,-0.6542831659317017
529,-30.25431251525879,-2.766122341156006,0.506629467010498,-11.376392364501953,-1.6453001499176025,0.2413814663887024,30.779245376586914,-16.38865852355957,29.085063934326172,-66.52391815185547,-1.438096523284912,-5.3662285804748535,-3.411813735961914,0.26705652475357056,0.20911015570163727,7.676447868347168,-0.18393747508525848,-0.19563831388950348,1.01681649684906,0.07451174408197403,-0.18631014227867126,1.4492501020431519,-2.7347235679626465,0.44416701793670654
530,-12.239788055419922,-2.7247936725616455,1.8551489114761353,-9.249664306640625,-0.23102426528930664,-0.01198965311050415,14.984341621398926,-21.621232986450195,38.4078254699707,-88.48456573486328,-4.319531440734863,-2.5298423767089844,-2.9966118335723877,-0.11254104971885681,0.23364269733428955,4.253039360046387,1.3772104978561401,-0.43313926458358765,1.6773252487182617,-0.05795279145240784,-0.19414225220680237,0.41446202993392944,-2.3533637523651123,0.2732536196708679
531,-17.53423500061035,-1.7639590501785278,1.641897201538086,-5.468937873840332,-0.5642468929290771,0.06865864992141724,18.20978355407715,-20.06596565246582,32.68592071533203,-69.43856048583984,-0.6717648506164551,0.5014642477035522,-3.2956395149230957,-0.2103540599346161,0.4238411486148834,2.2914552688598633,0.7080699801445007,0.43078601360321045,1.8675618171691895,0.04337325692176819,-0.10793046653270721,-0.13637560606002808,-1.9266074895858765,0.15408986806869507
532,-5.37440299987793,3.187209129333496,-3.338013172149658,-8.141162872314453,-0.6104986667633057,0.02282428741455078,4.951755523681641,-15.80396556854248,21.940771102905273,-51.26138687133789,8.129672050476074,1.8913735151290894,-2.54132080078125,-0.21681232750415802,-0.29446542263031006,-1.8553885221481323,-0.7257651090621948,0.479486346244812,2.1302545070648193,0.23089879751205444,-0.07107935845851898,-0.6297807693481445,-1.6035302877426147,0.14178524911403656
533,14.196338653564453,-0.18611465394496918,1.90289306640625,5.923914909362793,0.04634594917297363,-0.0507817268371582,-16.62409019470215,-12.500900268554688,12.716833114624023,-62.10627746582031,12.57986068725586,4.335506916046143,-1.0948121547698975,0.06878755986690521,-0.07315097004175186,-3.3581581115722656,-2.020718574523926,1.06315016746521,2.745244264602661,0.1926509141921997,-0.40581077337265015,-1.3785755634307861,-1.5309596061706543,0.28353846073150635
534,12.413171768188477,5.569150924682617,-5.207579135894775,2.982461929321289,0.12076330184936523,-0.006852149963378906,-18.255653381347656,-11.979183197021484,13.117690086364746,-28.07253646850586,20.0,5.862909317016602,0.2692132592201233,0.27842700481414795,-0.5505127310752869,-6.171313285827637,-2.2715182304382324,1.4002727270126343,2.5452682971954346,0.40462756156921387,-0.19564616680145264,-1.5612246990203857,-1.2260205745697021,-0.38445478677749634
535,33.69561004638672,15.55586051940918,-10.60014533996582,10.073104858398438,0.6401047706604004,0.003883838653564453,-29.234407424926758,-11.244684219360352,-2.2472479343414307,-3.1427297592163086,20.0,4.566374778747559,2.4258618354797363,0.6337934136390686,-1.2535189390182495,-8.423954010009766,-0.6188453435897827,1.724820852279663,-0.13378015160560608,-0.34559231996536255,-0.2799031138420105,3.476835250854492,2.0965449810028076,1.8288962841033936
536,51.88459777832031,12.965938568115234,-25.966453552246094,-15.483438491821289,-19.53919219970703,10.815784454345703,-53.96113967895508,2.8097002506256104,-7.423578262329102,-4.078594207763672,-0.3402528762817383,-0.021129131317138672,3.013859272003174,1.4872310161590576,-0.06709834188222885,-1.6485238075256348,6.548041820526123,-4.626353740692139,-3.299514055252075,0.2911723852157593,0.05381137132644653,9.293808937072754,5.351870059967041,3.2719404697418213
537,27.936412811279297,19.601171493530273,-30.283472061157227,-68.34956359863281,-0.6456928253173828,1.3264656066894531,-33.21418380737305,0.8353643417358398,-1.3651416301727295,-17.72108268737793,-1.6341087818145752,-0.4290539026260376,1.4495985507965088,0.2511502802371979,0.24565604329109192,0.5866901278495789,-2.2770273685455322,0.40603184700012207,-4.0884318351745605,0.44209083914756775,0.9019432663917542,5.561357498168945,1.9299646615982056,0.7973642945289612
538,21.181203842163086,20.929080963134766,-33.43974304199219,-74.06586456298828,8.904605865478516,0.3905397653579712,-19.22677230834961,-3.9217262268066406,0.07172632217407227,-10.086207389831543,-0.9130544662475586,-0.09704869985580444,2.397772789001465,0.006257310509681702,0.33936405181884766,-0.6783998012542725,-1.841834545135498,0.6233938336372375,-3.5251452922821045,0.1753668487071991,1.0652822256088257,1.7701501846313477,0.008353333920240402,0.335613489151001
539,-5.5702080726623535,10.904534339904785,-17.996471405029297,-50.84980010986328,18.68761444091797,-2.2581288814544678,-0.38479137420654297,1.6529035568237305,-3.421349287033081,-5.812299728393555,-0.4435081481933594,-0.03488314151763916,2.3907783031463623,-0.07264149188995361,-0.023350214585661888,-1.366494059562683,-1.4355664253234863,-0.0026707202196121216,-2.6096553802490234,-0.059105902910232544,0.01079926360398531,-2.584327220916748,-0.8507530093193054,-0.813547670841217
540,-10.465593338012695,5.222205638885498,-15.666370391845703,-37.0535888671875,20.0,-4.326479911804199,8.240551948547363,-0.06573116779327393,-0.2166905403137207,4.255231857299805,-0.002745389938354492,0.06059432029724121,2.4954776763916016,-0.0665581151843071,-0.006290510296821594,-1.66969633102417,-1.2447113990783691,0.03261684626340866,-1.412105917930603,-0.31405091285705566,-0.39173436164855957,-4.620171546936035,-1.181941270828247,-1.2429720163345337
541,-7.631094932556152,-3.5146491527557373,0.9431732892990112,-7.76424503326416,20.0,-3.784261703491211,14.459746360778809,1.9810113906860352,0.17051219940185547,10.403157234191895,0.4501110315322876,0.08976912498474121,1.965340256690979,-0.35726144909858704,0.09982853382825851,-0.305146723985672,-0.48787251114845276,-0.16517505049705505,-0.4958861172199249,-0.5473886728286743,-0.23004405200481415,-3.9394655227661133,-0.09581457078456879,-1.3991565704345703
542,-15.497749328613281,-1.1319308280944824,1.8828014135360718,-6.262621879577637,20.0,-4.635726451873779,19.322202682495117,-4.276484966278076,5.035643100738525,6.840145111083984,0.11049270629882812,0.03439211845397949,0.08109962195158005,-0.47441232204437256,0.368818998336792,3.058060884475708,1.8255813121795654,-0.05905797332525253,0.4492191672325134,-0.5859879851341248,0.3882291615009308,-5.190255165100098,-0.3525053560733795,-1.7429494857788086
543,-36.753639221191406,-7.348724365234375,7.818532943725586,-4.0576324462890625,3.397829055786133,-1.0772038698196411,45.68990707397461,-8.264836311340332,14.760411262512207,-13.324136734008789,-14.453350067138672,-5.549803733825684,-2.015263319015503,-0.5263943672180176,0.9529287219047546,7.052849292755127,5.707522392272949,-0.9066513180732727,1.763702154159546,-1.317893624305725,-0.15153256058692932,-0.8838662505149841,9.475170135498047,1.7345471382141113
544,-33.721588134765625,-0.18621468544006348,-1.5042002201080322,-8.125370025634766,-1.5975286960601807,0.15608932077884674,42.81025695800781,-26.58173370361328,25.999052047729492,-65.19532012939453,0.2852444648742676,-6.863509178161621,-3.4927351474761963,0.23203733563423157,0.2788362503051758,8.162074089050293,0.033911433070898056,-0.026918591931462288,1.0171040296554565,0.2358856499195099,-0.07908301055431366,1.8319895267486572,-2.96028995513916,0.506109356880188
545,-11.976747512817383,-0.10182049870491028,0.27407026290893555,-8.625614166259766,-0.2682039737701416,-0.05837059020996094,16.181011199951172,-22.941438674926758,39.388423919677734,-89.5489501953125,-8.373296737670898,-3.2836601734161377,-3.210289716720581,-0.1547313779592514,0.01697826385498047,5.276562213897705,1.213252067565918,-1.133604645729065,1.7547489404678345,-0.15406069159507751,-0.32651567459106445,0.8416599631309509,-2.6924819946289062,0.2766987681388855
546,-15.717571258544922,-6.570013046264648,4.837244987487793,-5.147915840148926,-0.4065525531768799,0.07385951280593872,19.43622589111328,-15.458113670349121,34.357643127441406,-75.32281494140625,0.36471128463745117,-0.0714975893497467,-3.2353174686431885,-0.47505122423171997,0.8422560691833496,3.3012876510620117,1.5165122747421265,-0.48561736941337585,2.042111396789551,-0.06490355730056763,-0.0068906694650650024,0.23280669748783112,-2.2596614360809326,0.15083786845207214
547,1.4069786071777344,3.2596356868743896,-3.6544415950775146,-6.496984481811523,-0.5074701905250549,0.16780054569244385,-6.0736403465271,-12.321992874145508,19.461942672729492,-67.13672637939453,1.5314371585845947,1.4297890663146973,-2.5750296115875244,-0.229422926902771,-0.012851100414991379,-0.16489434242248535,0.2895278334617615,0.7994412183761597,2.354562759399414,0.2291441559791565,-0.27104365825653076,-0.5836546421051025,-1.9237663745880127,-0.014289066195487976
548,-1.5946693420410156,0.11130976676940918,1.1193219423294067,-0.35906410217285156,-0.39361000061035156,-0.05859065055847168,-2.2629432678222656,-19.699146270751953,17.667022705078125,-58.08041000366211,10.811195373535156,2.8680288791656494,-2.092784881591797,-0.34858080744743347,0.13664913177490234,-2.536698818206787,-1.3800582885742188,1.3021670579910278,2.408714532852173,0.1336798518896103,-0.2374788373708725,-0.9427940845489502,-1.6313340663909912,0.38913726806640625
549,19.216148376464844,-0.17801618576049805,0.5973856449127197,6.58551025390625,0.28343701362609863,-0.1190180778503418,-25.358779907226562,-6.802822113037109,7.238064765930176,-60.99197769165039,17.3421630859375,6.974716663360596,-0.46772271394729614,0.11177223920822144,0.05776374787092209,-4.265141010284424,-1.4720221757888794,1.4690040349960327,2.8584892749786377,0.3401046693325043,-0.653641402721405,-1.8466546535491943,-1.308007836341858,-0.07517606019973755
550,11.498003959655762,7.531255722045898,-4.686074256896973,6.379154205322266,0.12273645401000977,-0.07770705223083496,-10.943848609924316,-17.01055145263672,10.078312873840332,-18.935142517089844,20.0,4.728372573852539,0.8736376762390137,0.34239640831947327,0.08359456807374954,-5.791096210479736,-2.128391742706299,1.6198170185089111,2.593611717224121,0.18109095096588135,-0.3382470905780792,-1.1476160287857056,-1.4069846868515015,2.0252280235290527
551,37.410247802734375,11.786499977111816,-10.376794815063477,12.636943817138672,0.7079691886901855,-0.0011820793151855469,-34.88044738769531,-8.43393325805664,1.5324996709823608,-5.991267204284668,20.0,3.8030295372009277,2.8355789184570312,0.44277751445770264,-0.7023060917854309,-6.934159755706787,-1.1386661529541016,1.9832172393798828,-0.46078941226005554,-0.3694995045661926,-0.26638129353523254,3.9958181381225586,2.9823389053344727,1.0908875465393066
552,56.137882232666016,16.206920623779297,-13.750555038452148,17.830211639404297,0.8583523631095886,0.03129243850708008,-57.99555206298828,4.978024959564209,-9.014591217041016,-6.063472747802734,-0.14935588836669922,0.1767263412475586,4.0684027671813965,1.7373327016830444,1.1718292236328125,-2.4176039695739746,7.9825849533081055,-4.9635539054870605,-3.842083215713501,0.044571403414011,-0.6080745458602905,9.15261173248291,6.976963043212891,3.2032134532928467
553,14.352018356323242,9.644410133361816,-26.53240203857422,-77.68585968017578,0.4574239253997803,8.281749725341797,-20.861038208007812,8.739553451538086,-2.0304811000823975,-14.554328918457031,-1.8293870687484741,-0.42386531829833984,1.0715986490249634,0.06475775688886642,-0.0037913918495178223,0.6908034682273865,-2.1555562019348145,0.018795683979988098,-4.480432987213135,0.8397715091705322,0.9011411070823669,5.752932071685791,1.1642735004425049,1.1596591472625732
554,10.482518196105957,16.9997501373291,-26.68114471435547,-78.22510528564453,9.897172927856445,-0.2565752863883972,-9.37161636352539,2.162137985229492,-3.4373090267181396,-8.787032127380371,-0.5801529884338379,-0.12224212288856506,2.046541213989258,-0.1112523078918457,0.1197570264339447,-0.6215851306915283,-1.7689766883850098,0.5017257928848267,-3.475656032562256,0.7685766816139221,0.628125786781311,1.7295340299606323,0.5675565600395203,0.12384559214115143
555,12.80367660522461,16.906864166259766,-21.797658920288086,-49.247535705566406,18.72945785522461,-2.069181442260742,-11.468818664550781,-0.6197912693023682,-2.4497108459472656,-4.621406555175781,-0.6037282943725586,-0.0012633204460144043,2.4876973628997803,-0.141542449593544,0.05715253949165344,-1.26474130153656,-1.41419517993927,0.23064108192920685,-2.9071755409240723,0.6241543889045715,0.15150490403175354,-1.2009656429290771,-1.106345534324646,-0.4207647442817688
556,-14.08198070526123,7.184293270111084,-8.589932441711426,-24.692758560180664,20.0,-4.453805923461914,15.175785064697266,-8.386981964111328,5.295134544372559,-2.6245384216308594,-0.22786235809326172,-0.09540271759033203,2.7268571853637695,-0.38596197962760925,-0.021424919366836548,-1.761696457862854,-1.238699197769165,-0.06427839398384094,-0.9996708035469055,-0.11886004358530045,0.22537994384765625,-5.513947010040283,-2.4905529022216797,-1.9833482503890991
557,-30.656156539916992,-6.796481609344482,5.697741508483887,-12.677371978759766,20.0,-4.309190273284912,31.980939865112305,-0.03529953956604004,0.5240640640258789,9.56005859375,0.643326997756958,0.16981220245361328,0.7672449350357056,-0.2798614501953125,0.20464129745960236,1.0167365074157715,0.906474232673645,-0.05039486289024353,0.844166100025177,-0.38569357991218567,-0.28892311453819275,-7.869792461395264,-0.35078325867652893,-2.1572985649108887
558,-24.041118621826172,-4.650972366333008,3.477482318878174,-6.586278915405273,13.193294525146484,-3.4387848377227783,30.98556137084961,-4.78365421295166,5.827143669128418,16.01165199279785,0.41500207781791687,0.061905860900878906,-1.0287606716156006,-0.4191412627696991,0.43221724033355713,4.786003589630127,3.538750171661377,-0.6381872892379761,2.3607444763183594,-0.6874622106552124,0.01680244877934456,-7.8414716720581055,-0.12701229751110077,-3.0617311000823975
559,-35.50975036621094,-2.763704538345337,2.265676736831665,-3.5860328674316406,-0.6823310852050781,0.023990750312805176,44.76021957397461,-25.133440017700195,14.640250205993652,-50.6939697265625,9.830835342407227,-9.272599220275879,-3.1980435848236084,0.5665733814239502,0.594054639339447,9.176838874816895,3.426605224609375,-0.7191861271858215,1.0876810550689697,0.24474452435970306,0.015252679586410522,1.7091292142868042,-3.1383631229400635,0.49726220965385437
560,-14.282060623168945,-12.723888397216797,7.857236862182617,-5.256443023681641,-0.7780885696411133,-0.038477182388305664,22.07530975341797,-12.40861701965332,29.27345085144043,-78.65110778808594,-5.264815330505371,-3.0536301136016846,-3.2516891956329346,-0.18796885013580322,0.8472803831100464,8.965688705444336,1.7249404191970825,-1.046143889427185,1.6130058765411377,-0.06912848353385925,-0.15432006120681763,1.1809967756271362,-2.8887417316436768,0.5776916742324829
561,-17.604249954223633,-2.914355754852295,1.5289688110351562,-14.638565063476562,-0.860629677772522,0.10454130172729492,18.192222595214844,-21.36529541015625,33.355648040771484,-80.03010559082031,0.23115873336791992,0.9693851470947266,-3.0041513442993164,-0.483981728553772,1.1557281017303467,4.393409729003906,0.8887691497802734,-0.47856444120407104,2.023080825805664,-0.022403791546821594,-0.03426002338528633,0.20415113866329193,-2.2547121047973633,0.06676262617111206
562,-2.708240509033203,-1.1438977718353271,-1.5433138608932495,-10.348958969116211,-0.6528193950653076,0.12765294313430786,-6.9536519050598145,-12.592843055725098,17.93964195251465,-71.40849304199219,3.243720531463623,3.5396878719329834,-2.639878749847412,-0.5055497288703918,0.515104353427887,-0.05760148540139198,-0.7027765512466431,0.34065842628479004,2.0737645626068115,0.298435240983963,-0.13685786724090576,-0.735763669013977,-1.7373270988464355,-0.14700154960155487
563,-2.959364891052246,-0.9620199203491211,0.04615300893783569,-0.07717037200927734,-0.18994975090026855,0.059612274169921875,1.3157901763916016,-19.01323699951172,17.95913314819336,-61.20683288574219,12.454839706420898,4.271864891052246,-2.157015562057495,-0.7005457878112793,0.023121856153011322,-2.2062675952911377,-1.3641479015350342,1.6638683080673218,2.2834339141845703,0.39884620904922485,-0.18216843903064728,-1.270551323890686,-1.3502365350723267,0.26630643010139465
564,1.6860504150390625,7.413051605224609,-3.275062084197998,2.507495880126953,-0.0050678253173828125,-0.10411286354064941,2.5140838623046875,-26.994050979614258,19.42844009399414,-43.99256134033203,20.0,9.704325675964355,-0.8395768404006958,-0.2413681447505951,-0.06229108199477196,-4.415766716003418,-1.4492909908294678,1.940826654434204,2.850172996520996,0.5014005899429321,-0.14253978431224823,-1.89452064037323,-1.0073466300964355,-0.4746342897415161
565,17.210315704345703,12.121126174926758,-7.4157209396362305,6.199487686157227,0.16884922981262207,-0.09514951705932617,-20.65357208251953,-19.479328155517578,8.537620544433594,-23.11006736755371,20.0,5.270867347717285,0.6136278510093689,0.2224200814962387,-0.6469284296035767,-6.381805419921875,-1.7706538438796997,2.0203018188476562,2.6124107837677,0.22857023775577545,-0.2980195879936218,-1.3541629314422607,-1.1850438117980957,1.9463204145431519
566,34.16936111450195,19.020751953125,-14.024349212646484,9.092777252197266,0.33770084381103516,-0.02810049057006836,-32.52536392211914,-11.089340209960938,2.1781227588653564,-2.1017532348632812,20.0,3.6457395553588867,2.7318904399871826,0.9523046612739563,-1.516448974609375,-9.128287315368652,-2.2642858028411865,2.0530896186828613,-0.6215325593948364,-0.4627778232097626,-0.7693235874176025,3.8645429611206055,3.0589516162872314,1.7913061380386353
567,58.59883117675781,29.269258499145508,-20.61310577392578,21.876678466796875,0.838273286819458,0.07892704010009766,-57.396270751953125,-9.16319751739502,1.5157206058502197,-4.560874938964844,-0.505000114440918,-0.10819149017333984,3.0418243408203125,2.72900390625,0.8670096397399902,-2.5762436389923096,7.300759792327881,-7.346570014953613,-4.029813766479492,-0.31140124797821045,0.3717271685600281,10.512572288513184,5.837303638458252,3.3902804851531982
568,22.140356063842773,16.617979049682617,-25.099971771240234,-47.789695739746094,-4.606100559234619,20.0,-24.990924835205078,1.4214720726013184,-0.27744293212890625,-22.13021469116211,-1.804545283317566,-0.41843175888061523,1.2429732084274292,-0.02423110604286194,-0.3017078936100006,0.9307623505592346,-2.3067140579223633,-0.3137211799621582,-4.140250205993652,0.07145409286022186,1.6228229999542236,5.218514442443848,1.5450079441070557,1.7581485509872437
569,16.805709838867188,15.551345825195312,-20.199695587158203,-61.85115051269531,6.938370704650879,1.4365739822387695,-14.370182037353516,2.6714277267456055,-5.383194923400879,-10.082917213439941,-0.7478911876678467,-0.15958470106124878,2.0718038082122803,0.020281925797462463,-0.11776645481586456,-0.08315543830394745,-2.029628276824951,0.15998250246047974,-3.5287342071533203,-0.04244789481163025,1.146500825881958,1.150758981704712,0.6049935221672058,0.39207857847213745
570,-16.760967254638672,2.700253486633301,-9.700834274291992,-48.98472595214844,15.5134859085083,-1.4620983600616455,13.73006820678711,2.7716641426086426,-4.317063331604004,-2.267512321472168,-0.2930014133453369,-0.0298001766204834,2.4794669151306152,0.034058380872011185,-0.11315189301967621,-0.8968230485916138,-1.8511357307434082,-0.2086912989616394,-1.906060814857483,-0.4788796305656433,-0.02469945140182972,-2.656351327896118,-0.7054150104522705,-0.9280526041984558
571,1.6148366928100586,-6.199215412139893,2.227936267852783,-23.275774002075195,20.0,-3.5085368156433105,-2.0974178314208984,9.668529510498047,-6.7643609046936035,3.0634517669677734,-0.06993544101715088,0.10367226600646973,2.319866180419922,-0.20623014867305756,0.07574078440666199,-0.8679965138435364,-1.5662864446640015,-0.14416074752807617,-1.6069618463516235,-0.5678398013114929,-0.5256668329238892,-3.7340917587280273,-0.7812697887420654,-1.785740613937378
572,-12.247264862060547,1.6223841905593872,-1.2039940357208252,-6.63466215133667,20.0,-4.403313636779785,18.574737548828125,-5.706301689147949,6.294003963470459,2.3630523681640625,-0.10074830055236816,0.08222508430480957,1.0625712871551514,-0.2881704270839691,-0.03848617896437645,1.3250805139541626,-0.2369462102651596,-0.459283709526062,0.20297732949256897,-0.7039926648139954,-0.11700103431940079,-7.1590495109558105,-1.767656683921814,-1.6519775390625
573,-14.452005386352539,-0.8278138637542725,6.6483378410339355,-4.470432281494141,17.802627563476562,-4.142461776733398,26.589282989501953,-4.383016109466553,5.553621768951416,14.326530456542969,0.5946629047393799,0.029012680053710938,-0.26498258113861084,-0.36584967374801636,0.3121723532676697,4.891775608062744,2.607880115509033,-0.3269404470920563,1.7317123413085938,-0.7890142798423767,0.5033147931098938,-5.624921798706055,2.2031376361846924,-3.287656784057617
574,-39.36599349975586,-8.679532051086426,4.462865829467773,-5.391754150390625,-0.44616031646728516,-0.014221668243408203,41.51422882080078,-14.16407299041748,14.973021507263184,-65.74475860595703,2.1127240657806396,-5.160382270812988,-2.7356581687927246,0.3669501543045044,0.24354206025600433,8.030980110168457,5.147926330566406,-0.542629599571228,0.9804573655128479,0.4171018600463867,-0.07682082056999207,1.9929662942886353,-3.126394510269165,0.8479160070419312
575,-33.20592498779297,-6.002970218658447,4.335792541503906,-8.673980712890625,-1.4652318954467773,0.02202552556991577,44.27753829956055,-30.274169921875,39.47734832763672,-80.07962036132812,1.1818623542785645,-4.390324592590332,-3.4782443046569824,-0.3024075925350189,0.21333815157413483,7.230147838592529,0.8988704085350037,-0.25798627734184265,1.6722215414047241,0.14839021861553192,-0.22544445097446442,1.1276209354400635,-2.735745668411255,0.3234611451625824
576,-14.211397171020508,-1.8744091987609863,2.239137649536133,-8.15435791015625,-0.4478466510772705,-0.013778716325759888,15.945085525512695,-23.690980911254883,35.26687240600586,-86.5116195678711,3.0210602283477783,0.1430264115333557,-3.34338116645813,-0.21626654267311096,0.8470456600189209,4.410192966461182,1.2493715286254883,-0.24379299581050873,2.159740686416626,0.2015700340270996,-0.17912040650844574,0.13223549723625183,-2.2762577533721924,-0.0433732271194458
577,-7.025581359863281,-3.199951171875,1.2346620559692383,-7.417451858520508,-0.621901273727417,0.07511305809020996,0.18041133880615234,-15.02363395690918,20.15395736694336,-64.47611999511719,6.834095478057861,2.3004138469696045,-3.449246644973755,-0.7458261251449585,0.6039717197418213,1.271035075187683,-0.20080329477787018,0.7445521950721741,2.1465871334075928,0.06699595600366592,-0.26823335886001587,-0.3862941861152649,-1.9920055866241455,-0.09594662487506866
578,4.881252288818359,3.797914743423462,-3.6387367248535156,-2.947352409362793,-0.17978686094284058,-0.029606103897094727,-10.133498191833496,-12.396010398864746,16.908493041992188,-64.318603515625,8.075047492980957,1.8472654819488525,-2.4924654960632324,-0.3494196832180023,-0.2164987027645111,-1.81121027469635,-0.4744815230369568,0.3897004723548889,2.421642780303955,0.46589115262031555,-0.48128920793533325,-1.161577582359314,-1.5709391832351685,-0.14019900560379028
579,4.410948753356934,1.023544192314148,1.2278364896774292,4.804450035095215,0.023367881774902344,-0.046676039695739746,-8.367243766784668,-22.162078857421875,14.372815132141113,-52.9949951171875,18.32835578918457,3.963740110397339,-1.8174240589141846,-0.12583115696907043,0.21688756346702576,-3.0510804653167725,-0.5509482026100159,0.7787460684776306,2.404573678970337,0.5341778993606567,-0.3600301146507263,-1.4894777536392212,-1.277747631072998,0.03434556722640991
580,11.127538681030273,5.7314133644104,-3.350729465484619,5.545015335083008,0.031723737716674805,0.005904436111450195,-7.734371185302734,-17.61725616455078,13.979329109191895,-34.63121032714844,20.0,6.135097503662109,-0.15403439104557037,0.11896170675754547,0.05252142250537872,-4.682194709777832,-1.338690996170044,1.657545804977417,2.9448399543762207,0.4899270236492157,-0.4561964273452759,-1.8661260604858398,-1.1495927572250366,-0.5166672468185425
581,18.7462158203125,4.932207107543945,-4.430130481719971,10.113422393798828,0.24826288223266602,-0.04947471618652344,-25.015060424804688,-12.704585075378418,4.67314338684082,-22.263286590576172,20.0,5.214480876922607,0.8636415600776672,0.29341042041778564,-0.39955735206604004,-5.057581424713135,-2.3080790042877197,2.3246662616729736,2.1979990005493164,0.4235244393348694,-0.2965884804725647,-0.7987874150276184,-1.0587897300720215,1.9469528198242188
582,44.61977767944336,17.013423919677734,-14.123218536376953,7.438545227050781,0.61297607421875,-0.043702125549316406,-37.80072784423828,-1.553405523300171,-6.19731330871582,5.977474212646484,20.0,3.4173407554626465,3.581346035003662,0.5529653429985046,-1.754483938217163,-9.061976432800293,-1.495891809463501,2.3209123611450195,-2.1997909545898438,-0.2882942855358124,-0.3968118727207184,7.058735370635986,5.9200968742370605,2.3860561847686768
583,75.61800384521484,23.304977416992188,-31.25802993774414,-37.96293640136719,-20.0,17.925045013427734,-69.29946899414062,3.1136560440063477,-4.973932266235352,-10.754131317138672,-1.472517967224121,-0.1635904312133789,2.097168445587158,0.20723944902420044,0.25833702087402344,1.0532082319259644,-0.26445066928863525,-8.56684398651123,-5.6962571144104,-0.04153747856616974,1.0548734664916992,11.001885414123535,4.6818461418151855,2.9022440910339355
584,48.59587097167969,14.304201126098633,-35.853553771972656,-66.05169677734375,6.571768760681152,3.6954991817474365,-40.47450637817383,9.964841842651367,-8.424941062927246,-23.770740509033203,-1.8342597484588623,-0.29048848152160645,1.9855866432189941,0.10571199655532837,-0.12979759275913239,0.033896490931510925,-2.0353260040283203,0.17394989728927612,-5.60338830947876,0.7618594169616699,0.5134562849998474,3.86523175239563,1.4696615934371948,0.9943028092384338
585,-16.425636291503906,17.7413272857666,-25.11138343811035,-55.85190200805664,8.694230079650879,-0.04541534185409546,17.87130355834961,-12.349424362182617,7.242914199829102,-9.71231746673584,-0.4761929512023926,-0.1858820915222168,2.802905797958374,0.12242727726697922,-0.08753188699483871,-1.0191789865493774,-1.8869396448135376,0.03861626982688904,-3.294280529022217,0.2915745973587036,0.8186250329017639,-2.677931070327759,1.1904466152191162,0.39668911695480347
586,-17.9639892578125,7.303351879119873,-11.109091758728027,-38.13226318359375,19.75832748413086,-3.2961273193359375,18.66537857055664,-2.8685193061828613,0.7248036861419678,4.7186737060546875,-0.3571000099182129,-0.12380385398864746,3.0570638179779053,-0.06981164962053299,-0.21912246942520142,-1.4513795375823975,-1.6316999197006226,-0.1633223295211792,-1.31759774684906,-0.4281633198261261,0.10729924589395523,-5.1995015144348145,-1.641886591911316,-1.6169153451919556
587,-34.229530334472656,4.6423540115356445,-0.826867938041687,-27.193246841430664,20.0,-5.095003128051758,30.033931732177734,-3.3298397064208984,3.2821621894836426,11.72947883605957,0.4662013053894043,0.05352497100830078,2.5021474361419678,-0.08472973853349686,-0.029856892302632332,-0.8898808360099792,-0.9873499870300293,-0.15460582077503204,0.37376120686531067,-0.8065699338912964,-0.07493266463279724,-6.5117645263671875,-1.147691249847412,-2.6716384887695312
588,-19.425537109375,-8.619624137878418,5.142495632171631,-17.604822158813477,20.0,-4.809206008911133,15.339208602905273,12.03908920288086,-5.952040195465088,15.860005378723145,0.6070718765258789,0.2530980110168457,1.4166685342788696,-0.1926732063293457,0.07581941038370132,0.5519350171089172,-0.042143940925598145,-0.21237856149673462,0.6104734539985657,-0.6871223449707031,-0.5618149042129517,-4.65609884262085,0.5362510085105896,-3.0434646606445312
589,-18.34629249572754,-3.9801011085510254,8.769715309143066,-2.1473636627197266,14.728593826293945,-3.8769140243530273,25.43535041809082,-4.829350471496582,6.096713066101074,9.440296173095703,0.29948973655700684,0.18773174285888672,-0.6447829008102417,-0.2816101610660553,0.46709543466567993,4.538103103637695,2.436901330947876,-0.6730249524116516,1.8190275430679321,-0.7850342988967896,0.11243878304958344,-5.458672046661377,1.3782827854156494,-2.8208565711975098
590,-27.230607986450195,-2.1342344284057617,1.1368534564971924,-4.772830963134766,-0.3542003631591797,-0.0007555484771728516,37.91692352294922,-14.732911109924316,13.435539245605469,-42.037139892578125,2.9056451320648193,-17.100139617919922,-1.7586338520050049,0.6760698556900024,0.5001344680786133,6.879270553588867,4.172238826751709,-1.5374960899353027,1.0203804969787598,0.4005436301231384,0.09681890904903412,2.2201626300811768,-3.2079896926879883,1.0327873229980469
591,-28.955764770507812,-8.05014419555664,4.67639684677124,-5.971645355224609,-1.2636181116104126,0.1638825237751007,31.10214614868164,-17.623546600341797,32.52009201049805,-73.26179504394531,-2.031949996948242,-3.9617600440979004,-3.1921300888061523,0.08402823656797409,0.302704393863678,7.453742980957031,-0.08275512605905533,-0.17598511278629303,1.1169297695159912,0.04846577346324921,-0.3195175230503082,1.4801104068756104,-2.781528949737549,0.29873254895210266
592,-13.563016891479492,-4.166909694671631,2.6336140632629395,-8.841140747070312,-0.40020227432250977,-0.0181807279586792,15.982300758361816,-16.3096923828125,34.20267105102539,-83.58086395263672,-4.6846842765808105,-1.7724170684814453,-2.8351149559020996,-0.1691596657037735,0.4946463406085968,4.55499267578125,-0.1771792769432068,-0.32006940245628357,1.7030465602874756,0.09045197069644928,-0.2999829649925232,0.5600109696388245,-2.3735005855560303,0.1440868377685547
593,-5.623856544494629,-6.914344787597656,4.482270240783691,-4.171777725219727,-0.09085512161254883,0.00690951943397522,-0.36869382858276367,-15.426477432250977,23.845935821533203,-79.36822509765625,0.4027085304260254,1.6658439636230469,-2.8819174766540527,-0.5240370631217957,0.9644157290458679,2.3016178607940674,0.9713797569274902,0.20293845236301422,1.7225115299224854,0.15038436651229858,-0.18992675840854645,-0.14356094598770142,-1.954517126083374,0.026204049587249756
594,-2.160520553588867,3.8164045810699463,-4.095071792602539,-5.140035629272461,-0.4762800633907318,0.06382238864898682,0.5658712387084961,-19.41860580444336,21.706668853759766,-66.23956298828125,8.844181060791016,3.1223597526550293,-2.1736021041870117,-0.4116060435771942,0.052092328667640686,-1.0115890502929688,-0.2854682505130768,0.5343667268753052,2.035759925842285,0.4049556851387024,-0.32249540090560913,-0.8754666447639465,-1.491073727607727,0.29897356033325195
595,7.8397321701049805,3.2634165287017822,-1.5605952739715576,1.4873113632202148,-0.14149856567382812,-0.02407526969909668,-3.854781150817871,-17.025115966796875,17.618139266967773,-54.81135559082031,15.560845375061035,4.652547836303711,-0.415050208568573,-0.18236207962036133,-0.15921735763549805,-3.5894877910614014,-1.631304144859314,0.7601502537727356,2.8408963680267334,0.5014706254005432,-0.4058434069156647,-1.6153860092163086,-1.2634305953979492,0.05516883730888367
596,10.392818450927734,4.495964050292969,-1.9107838869094849,5.417568206787109,0.12195873260498047,-0.02280569076538086,-16.31542205810547,-12.562236785888672,9.904220581054688,-32.5980339050293,20.0,7.475922107696533,0.5972802639007568,0.3122696280479431,-0.026852726936340332,-5.229579448699951,-2.205512046813965,1.4678330421447754,2.7448363304138184,0.5627995729446411,-0.413226455450058,-1.762819766998291,-1.219039797782898,0.37380826473236084
597,21.23615074157715,13.04035758972168,-10.28431510925293,6.860588073730469,0.3201770782470703,0.012724637985229492,-24.69952392578125,-20.4810733795166,7.1094889640808105,-7.785954475402832,20.0,3.72764253616333,1.8224624395370483,0.29429295659065247,-0.8379361629486084,-7.501174449920654,-2.032153606414795,1.876731276512146,0.13214722275733948,-0.1290433257818222,-0.25395622849464417,2.2598085403442383,1.4045875072479248,1.7026954889297485
598,38.93171691894531,14.629950523376465,-11.1616792678833,14.036163330078125,0.8687739372253418,-0.008333206176757812,-34.39264678955078,-0.1986846923828125,-4.664432048797607,-1.23638916015625,7.732909202575684,1.6197471618652344,3.8659374713897705,0.6586810946464539,-2.016486883163452,-9.17228889465332,1.0178849697113037,2.243443012237549,-2.592179298400879,-0.3323262333869934,-0.3487919569015503,6.729254245758057,5.738821506500244,2.3041269779205322
599,54.094322204589844,22.830209732055664,-28.3521728515625,-62.15126037597656,5.550176620483398,3.4632296562194824,-46.274742126464844,2.8395962715148926,-2.1548261642456055,-10.055252075195312,-1.5537598133087158,-0.26883459091186523,1.754670262336731,-0.2414371371269226,0.18467314541339874,0.40658435225486755,-2.0593791007995605,0.14896395802497864,-4.061468124389648,-0.2790513038635254,1.3394025564193726,7.685736179351807,1.6227918863296509,1.503324270248413
600,13.765499114990234,17.009624481201172,-28.760351181030273,-57.83894348144531,9.569870948791504,0.6174589991569519,-20.845054626464844,3.102731704711914,-4.265610218048096,-15.454136848449707,-0.9466484785079956,-0.1326695680618286,1.7376655340194702,-0.04285702854394913,0.06605387479066849,-0.2167186588048935,-1.8225420713424683,0.44722211360931396,-4.2398786544799805,0.4127291142940521,1.2472350597381592,2.6664512157440186,0.7593061327934265,0.8738644123077393
601,-1.2491035461425781,5.979036808013916,-17.3905029296875,-58.845394134521484,20.0,-3.5827901363372803,-1.407449722290039,6.2233099937438965,-7.756471157073975,-6.139906883239746,-0.5827816724777222,-0.07043194770812988,2.201817035675049,-0.02166777104139328,0.05713660642504692,-1.2150143384933472,-1.4563322067260742,0.19743171334266663,-3.0895044803619385,0.13045646250247955,-0.20343680679798126,-1.7758677005767822,-0.8293623328208923,-1.1238735914230347
602,-17.268096923828125,11.005321502685547,-14.342528343200684,-49.649940490722656,20.0,-6.687864780426025,14.398792266845703,2.599578857421875,-1.6001360416412354,6.308037757873535,0.13130998611450195,0.11308956146240234,2.504542112350464,-0.12046833336353302,-0.09667178988456726,-1.7585711479187012,-1.1827161312103271,0.1636209338903427,-1.5444139242172241,0.06097067892551422,-0.7293853163719177,-3.437274217605591,-1.2964845895767212,-1.3376588821411133
603,-22.589468002319336,7.181375980377197,-6.810763835906982,-23.982830047607422,20.0,-5.683160781860352,23.5279541015625,-6.291408061981201,6.05889892578125,8.692500114440918,0.3708057403564453,0.041290283203125,2.5847339630126953,-0.17270858585834503,0.04513721913099289,-1.5865445137023926,-1.1664798259735107,-1.2904601097106934,0.1132756844162941,-0.29093435406684875,-0.30860376358032227,-4.443203926086426,-1.1829702854156494,-1.5461723804473877
604,-20.822641372680664,-3.1867923736572266,4.894467353820801,-6.807953834533691,20.0,-4.859281063079834,25.06414794921875,-3.164097309112549,6.3120012283325195,7.132083892822266,0.26494669914245605,-0.02063274383544922,0.6713725328445435,-0.4846876561641693,0.29470089077949524,1.6314730644226074,1.2868053913116455,-0.5571356415748596,1.6234362125396729,-0.4624178409576416,0.6114206314086914,-6.386082172393799,-1.3265082836151123,-2.610468626022339
605,-35.16038513183594,1.8282744884490967,1.7954833507537842,0.04813385009765625,5.388266563415527,-1.13767671585083,41.36473846435547,-13.79084587097168,15.502961158752441,0.11396408081054688,-7.785347938537598,-3.8425347805023193,-2.307999610900879,0.09340839087963104,0.8185229301452637,8.13921070098877,6.572824954986572,-2.1998445987701416,1.8020789623260498,-1.3445489406585693,-0.32675760984420776,-1.4432650804519653,7.99566125869751,3.007080078125
606,-30.71872329711914,0.6295256614685059,-1.2990869283676147,-11.425514221191406,-1.7764573097229004,0.3225260078907013,31.14559555053711,-16.58026695251465,31.72454071044922,-39.46760940551758,-18.113513946533203,-7.085295677185059,-3.6129257678985596,0.03823603689670563,0.13478589057922363,8.379729270935059,0.20651230216026306,-0.1935541033744812,0.6540466547012329,-0.09523225575685501,0.15185320377349854,1.9131675958633423,-2.9413647651672363,0.46975114941596985
607,-19.980079650878906,0.25312167406082153,-0.0239870548248291,-10.16383171081543,-0.22567033767700195,-0.023478269577026367,30.25616455078125,-21.71763801574707,36.41486740112305,-65.77932739257812,-4.538507461547852,-5.051242828369141,-3.4630496501922607,0.10714186728000641,0.17397154867649078,6.024962425231934,2.6945464611053467,-0.9958631992340088,1.2300691604614258,-0.07062213867902756,0.15890079736709595,1.3051265478134155,-2.6041064262390137,0.5119682550430298
608,-14.152403831481934,-2.3461976051330566,2.0738906860351562,-11.575093269348145,-1.0004281997680664,0.1031084656715393,18.07762908935547,-10.01092529296875,24.486995697021484,-70.51532745361328,-0.7530040740966797,-2.2864999771118164,-3.035956621170044,0.24178358912467957,0.1132904663681984,1.9252307415008545,0.22660569846630096,-0.2801019549369812,1.934403419494629,0.02998514473438263,-0.08109460026025772,0.314275324344635,-2.2360341548919678,0.3463611602783203
609,-2.206911087036133,-5.65150785446167,2.7315163612365723,-2.586038827896118,-0.370558500289917,0.08965587615966797,-3.868594169616699,-6.8914475440979,14.937113761901855,-66.4898681640625,7.141124725341797,1.326810598373413,-2.937898874282837,-0.048247963190078735,-0.34787267446517944,-0.4263671040534973,-1.1128473281860352,1.0580565929412842,2.045614004135132,0.1714777946472168,-0.34847959876060486,-0.43755003809928894,-1.852328896522522,-0.015416368842124939
610,4.843748569488525,-3.0763344764709473,2.8104445934295654,1.9611740112304688,0.09373950958251953,-0.1287682056427002,-4.92586612701416,-13.206711769104004,15.603528022766113,-50.34296798706055,14.82491683959961,1.4211732149124146,-2.053924322128296,-0.23223450779914856,0.016451051458716393,-2.3382678031921387,-0.6247215867042542,0.9518212080001831,2.1627213954925537,0.14918863773345947,-0.15299710631370544,-0.6671038269996643,-1.6914159059524536,0.3851897120475769
611,8.823272705078125,4.278280735015869,-3.0568935871124268,3.21087646484375,-0.0771477222442627,-0.026433229446411133,-15.156064987182617,-15.41407585144043,8.172861099243164,-39.88844299316406,18.982891082763672,3.5834240913391113,-1.351205587387085,0.18298834562301636,-0.5383625030517578,-4.1598920822143555,-1.5830196142196655,1.264294147491455,1.9767415523529053,0.4511543810367584,-0.296645849943161,-1.0069832801818848,-1.4128650426864624,0.06957674026489258
612,30.33376121520996,7.78614616394043,-4.327836513519287,7.7937774658203125,0.3633882999420166,-0.08854985237121582,-26.1981201171875,-11.283157348632812,4.0407209396362305,-30.41207504272461,20.0,7.499317169189453,1.548258900642395,0.6155717968940735,-0.7762981057167053,-7.0037384033203125,-1.7954846620559692,1.055378794670105,2.8145341873168945,0.33909887075424194,-0.6036273837089539,-1.431872844696045,-1.4280418157577515,-0.2768862843513489
613,44.94843292236328,17.68775749206543,-12.922229766845703,12.576065063476562,0.59954833984375,0.09470105171203613,-42.37973403930664,-6.470043659210205,-5.926183700561523,0.2692432403564453,19.75844955444336,4.404636383056641,4.0008344650268555,0.8950343132019043,-1.922780990600586,-9.957565307617188,-1.1476889848709106,1.7779288291931152,-1.2175484895706177,-0.34742870926856995,-0.4495973289012909,5.231141567230225,3.463951349258423,2.2193429470062256
614,64.25874328613281,24.241342544555664,-31.059608459472656,-57.30664825439453,5.6186370849609375,0.4784049987792969,-55.72911834716797,5.575474262237549,-6.053888320922852,-4.2645721435546875,-0.7926750183105469,-0.10798835754394531,1.530510663986206,-0.23399440944194794,0.24846024811267853,0.9461937546730042,-2.3134777545928955,0.20157504081726074,-4.540451526641846,-0.45558059215545654,0.8127956986427307,10.9192533493042,4.093067646026611,2.9871444702148438
615,21.156057357788086,18.291921615600586,-34.813899993896484,-79.07060241699219,6.087677001953125,2.0056252479553223,-25.44300079345703,6.04334020614624,-4.5544233322143555,-19.84986114501953,-1.4381766319274902,-0.35007452964782715,1.961318016052246,0.26670926809310913,0.18393102288246155,-0.2014208883047104,-1.9602783918380737,0.5591039657592773,-4.278855323791504,0.843804657459259,0.9563392400741577,4.523407459259033,1.8230135440826416,0.8720649480819702
616,8.474649429321289,14.225632667541504,-24.02861785888672,-63.8380126953125,13.703498840332031,-1.232640266418457,-10.053972244262695,-1.301476001739502,-1.9422221183776855,-10.047340393066406,-0.8321688771247864,-0.12810659408569336,2.476954460144043,0.08583910018205643,0.21512877941131592,-1.2458264827728271,-1.4876784086227417,0.4974626898765564,-3.5147950649261475,0.4145655333995819,0.3629535138607025,-0.05736786127090454,0.09280353784561157,-0.696121335029602
617,-0.8460626602172852,3.0658936500549316,-12.65828800201416,-36.403526306152344,20.0,-3.72884464263916,3.8960375785827637,0.8592522144317627,-1.6882283687591553,-2.477266311645508,-0.37706470489501953,0.04822516441345215,2.848999261856079,-0.26225611567497253,-0.008702181279659271,-1.964798092842102,-1.352932095527649,0.10407014936208725,-2.079019069671631,-0.12430896610021591,-0.24276429414749146,-3.4651947021484375,-1.3982163667678833,-1.442355990409851
618,-18.875560760498047,-0.4237763583660126,-6.623148441314697,-20.936418533325195,20.0,-5.633788108825684,18.53509521484375,-2.961683988571167,1.9193568229675293,3.3999156951904297,0.049445152282714844,0.10025382041931152,2.8125340938568115,-0.021552398800849915,0.1989334225654602,-1.7464220523834229,-1.0595779418945312,-0.7378320693969727,-0.25474080443382263,-0.2419416308403015,-0.5661261677742004,-6.8809309005737305,-1.6487168073654175,-1.758573293685913
619,-31.802719116210938,-5.639772891998291,3.4497199058532715,-12.642171859741211,20.0,-5.234946250915527,31.68433952331543,-0.3999900817871094,3.3130664825439453,15.13399887084961,0.7458577156066895,0.07838630676269531,0.484601765871048,-0.29903316497802734,0.22890181839466095,1.7679872512817383,1.4270023107528687,-0.4548172950744629,1.0754135847091675,-0.6728048920631409,-0.6591564416885376,-7.097683906555176,0.7748429179191589,-2.3766841888427734
620,-29.011634826660156,-1.622543215751648,3.578746795654297,-11.728921890258789,11.628366470336914,-3.341325283050537,33.197959899902344,-3.5367367267608643,6.708545684814453,17.718748092651367,0.33448511362075806,0.06363677978515625,-0.9991762042045593,-0.4672071635723114,0.3371826410293579,4.201786994934082,3.0163145065307617,-0.9965744614601135,2.290212631225586,-0.6104775071144104,0.26079145073890686,-5.917203426361084,0.02862066961824894,-3.0447120666503906
621,-30.541584014892578,-1.774594783782959,1.5070760250091553,-0.6290702819824219,-0.48502159118652344,0.0361177921295166,40.1955680847168,-17.745027542114258,17.693458557128906,-38.99445343017578,-18.010271072387695,-9.82753849029541,-2.8613297939300537,0.4729612171649933,0.41638267040252686,9.218765258789062,3.150179862976074,-1.4263250827789307,2.069180727005005,-0.26680511236190796,-0.3711249530315399,-0.8229584097862244,6.249834060668945,1.1178436279296875
622,-12.653731346130371,-3.9952054023742676,1.228275179862976,-13.462442398071289,-1.1601753234863281,0.18552270531654358,10.084362983703613,-10.721871376037598,24.70913314819336,-61.521461486816406,-10.678956031799316,-8.123588562011719,-2.757340431213379,0.03326238691806793,0.036624107509851456,5.8891096115112305,-0.7018458843231201,-0.23662129044532776,1.1041936874389648,-0.11307112872600555,-0.15885868668556213,1.4539735317230225,-2.874375343322754,0.9157980680465698
623,-10.17127799987793,-2.0320773124694824,1.8230922222137451,-7.033007621765137,-0.07016623020172119,-0.010576128959655762,12.974397659301758,-19.731342315673828,31.395294189453125,-70.18936157226562,-7.346381664276123,-2.969672203063965,-2.375742197036743,-0.1382022351026535,0.30576232075691223,3.2943191528320312,1.0541398525238037,-0.39122945070266724,1.5719643831253052,-0.15320244431495667,-0.13351160287857056,0.8260564208030701,-2.5444045066833496,0.48235923051834106
624,-12.635848999023438,-2.8417909145355225,1.849595308303833,-5.08610200881958,-0.5483931303024292,0.0679776668548584,13.267330169677734,-12.512683868408203,27.160213470458984,-66.40032196044922,-1.4007253646850586,-0.993426501750946,-2.284359931945801,-0.21119515597820282,0.43597203493118286,0.9604086875915527,-0.2349119633436203,0.564197838306427,1.89180326461792,-0.06881579011678696,-0.19289645552635193,0.16326075792312622,-2.156053304672241,0.312703013420105
625,-5.839700698852539,-3.260097026824951,2.042288303375244,-1.9246492385864258,-0.15630653500556946,-0.04211258888244629,4.652340888977051,-10.424347877502441,19.010807037353516,-60.021461486816406,6.7293806076049805,1.901404619216919,-1.8682957887649536,-0.20476022362709045,0.5163393616676331,-1.3856375217437744,0.21868056058883667,0.9954572916030884,2.1663849353790283,0.14933869242668152,-0.22878065705299377,-0.47432103753089905,-1.7472172975540161,0.03108009696006775
626,-3.074326992034912,3.327366352081299,-2.769648790359497,0.37975120544433594,-0.41730833053588867,-0.027341365814208984,2.812236785888672,-18.632591247558594,17.34440803527832,-44.66749572753906,15.465221405029297,3.0999279022216797,-1.2181998491287231,-0.07404202222824097,-0.0164620541036129,-3.5395302772521973,-1.7664086818695068,1.322128176689148,2.362316131591797,0.360461562871933,-0.2267376333475113,-0.8826050162315369,-1.5068656206130981,0.13089993596076965
627,8.424952507019043,7.054145812988281,-4.446620941162109,6.580787658691406,0.1382122039794922,-0.043019771575927734,-11.424196243286133,-17.674711227416992,13.127843856811523,-31.558774948120117,20.0,6.134360313415527,-0.44920074939727783,0.15993046760559082,-0.5353772640228271,-4.543830394744873,-2.214367389678955,1.7105547189712524,2.4026362895965576,0.3249559998512268,-0.45489978790283203,-1.0809229612350464,-1.4332929849624634,-0.3828487992286682
628,15.826894760131836,14.937768936157227,-9.136974334716797,4.093830108642578,0.18301868438720703,-0.06461668014526367,-15.339174270629883,-19.11307716369629,9.632494926452637,-11.003593444824219,20.0,4.668867111206055,1.0644069910049438,0.5475963950157166,-0.8461915850639343,-7.7695183753967285,-2.0458061695098877,1.636947512626648,1.01034414768219,-0.0016916426829993725,-0.28129735589027405,1.1709100008010864,0.03861447796225548,0.09262458980083466
629,53.78110122680664,11.053987503051758,-19.68985366821289,-14.127147674560547,-19.26259422302246,9.86097526550293,-48.63501739501953,-0.7823773622512817,-4.301753997802734,-4.104270935058594,11.090113639831543,2.601579189300537,2.14473819732666,1.1284419298171997,0.25956785678863525,-2.0925042629241943,8.616437911987305,-4.218414306640625,-2.220552682876587,-0.34893107414245605,0.3551194369792938,6.8179497718811035,5.10565185546875,1.03450345993042
