Timestep,left_hip_pitch_joint_Torque,left_hip_roll_joint_Torque,left_hip_yaw_joint_Torque,left_knee_joint_Torque,left_ankle_pitch_joint_Torque,left_ankle_roll_joint_Torque,right_hip_pitch_joint_Torque,right_hip_roll_joint_Torque,right_hip_yaw_joint_Torque,right_knee_joint_Torque,right_ankle_pitch_joint_Torque,right_ankle_roll_joint_Torque,left_hip_pitch_joint_Vel,left_hip_roll_joint_Vel,left_hip_yaw_joint_Vel,left_knee_joint_Vel,left_ankle_pitch_joint_Vel,left_ankle_roll_joint_Vel,right_hip_pitch_joint_Vel,right_hip_roll_joint_Vel,right_hip_yaw_joint_Vel,right_knee_joint_Vel,right_ankle_pitch_joint_Vel,right_ankle_roll_joint_Vel
50,-3.756521224975586,6.109163284301758,-3.1253676414489746,0.09287548065185547,9.73945140838623,-1.6148302555084229,9.181139945983887,-1.9551455974578857,1.9361640214920044,10.142337799072266,0.3694676160812378,-0.02408909797668457,-1.5220451354980469,0.21744439005851746,0.183267280459404,2.6334400177001953,1.5271233320236206,-0.8607203960418701,2.5577380657196045,-0.42082518339157104,0.4322015047073364,-8.850152015686035,-0.032490238547325134,-1.7239623069763184
51,11.872206687927246,-5.790552139282227,3.7331950664520264,1.1245274543762207,1.5257893800735474,-0.6271181106567383,18.378108978271484,2.1572299003601074,0.08941054344177246,-44.44252014160156,-20.0,-2.9697203636169434,1.644559621810913,0.42384663224220276,-0.22979283332824707,0.8028774857521057,-1.012154459953308,-2.3560330867767334,2.253904342651367,0.1118965670466423,-0.36338332295417786,-0.9776402115821838,4.142307758331299,-0.5850818157196045
52,4.567219257354736,-11.289299964904785,7.070145606994629,4.542876243591309,-0.09268045425415039,0.1882944107055664,-21.6907958984375,-3.290508270263672,11.015488624572754,-59.4879035949707,-20.0,-2.025073528289795,1.4661506414413452,-0.1326581984758377,0.5723482966423035,1.2149958610534668,-3.50730037689209,-0.7884969711303711,1.4328705072402954,-0.24473358690738678,-0.2935790419578552,0.11080636829137802,0.5544129610061646,0.6240767240524292
53,-1.983515739440918,-5.759804725646973,2.844545364379883,0.30467575788497925,0.26506519317626953,0.05707073211669922,-12.640036582946777,0.792124330997467,5.892120838165283,-59.88374710083008,-20.0,1.5223627090454102,1.861882209777832,-0.026220286265015602,0.6785682439804077,0.017156314104795456,-3.1684701442718506,-0.4196102023124695,1.2583333253860474,-0.007824838161468506,-0.4558415710926056,0.42841801047325134,-1.0694820880889893,0.11465788632631302
54,-8.889540672302246,-8.024635314941406,5.659209251403809,-26.71887969970703,-9.710317611694336,-9.63151741027832,0.8193893432617188,-1.986961841583252,5.592270374298096,-30.616331100463867,-11.590164184570312,3.761038303375244,1.7833858728408813,0.04120328277349472,0.20158396661281586,-0.7403146028518677,1.7104530334472656,3.8772287368774414,1.0821306705474854,0.20057274401187897,-0.00830576941370964,1.0678733587265015,-2.2364919185638428,-0.14710605144500732
55,-8.237953186035156,2.0826892852783203,-6.590130805969238,-46.669071197509766,-7.705061435699463,-6.632564544677734,-11.855046272277832,-8.415260314941406,1.3407148122787476,-31.82339096069336,-10.14405345916748,4.2396087646484375,1.6173796653747559,-0.018134083598852158,0.14559900760650635,-0.05769467353820801,-0.9179134368896484,0.35732197761535645,1.2308229207992554,-0.15240523219108582,-0.03154037892818451,1.022691249847412,-3.3288896083831787,-0.20210474729537964
56,-9.944249153137207,8.957447052001953,-12.625760078430176,-62.30470657348633,-8.01033878326416,-1.0767366886138916,-8.659549713134766,0.6514394283294678,-1.7156130075454712,-11.693120956420898,-3.869399070739746,2.090325355529785,2.0213489532470703,-0.1957237422466278,0.410636842250824,-0.6669623851776123,-0.7578714489936829,0.6121431589126587,1.3743196725845337,-0.24925938248634338,0.34151753783226013,0.9313944578170776,-3.387913703918457,1.0449916124343872
57,-16.243492126464844,22.596717834472656,-22.155473709106445,-71.43059539794922,-11.091602325439453,0.5213978290557861,-7.784333229064941,-0.6593689918518066,-0.10166001319885254,3.593470573425293,0.37511777877807617,-0.03994131088256836,1.7435033321380615,-0.2917625904083252,0.48611658811569214,-0.806106686592102,-0.6512436270713806,0.6748977303504944,0.6625524759292603,-0.17335332930088043,0.6642720699310303,2.4472126960754395,-2.116278886795044,1.8970417976379395
58,-0.5411744117736816,20.812944412231445,-28.706148147583008,-69.8521499633789,-12.945549964904785,2.834923267364502,-19.424266815185547,4.980137825012207,-4.480588436126709,-0.5781364440917969,0.34191298484802246,-0.11098909378051758,1.5970784425735474,-0.15253734588623047,0.3426446318626404,-0.8393496870994568,-0.48949894309043884,0.6131933331489563,0.11114972084760666,-0.19807058572769165,-0.26242831349372864,3.1044156551361084,1.4741066694259644,1.5218937397003174
59,-8.949566841125488,23.065170288085938,-31.381149291992188,-75.1823959350586,-13.17563247680664,4.398105621337891,-11.480203628540039,-1.121995210647583,1.3611652851104736,0.6171207427978516,-0.39564475417137146,-0.17058050632476807,1.8100377321243286,-0.24941879510879517,0.5308808088302612,-1.2742208242416382,-0.3153195381164551,0.524113655090332,-0.1629774123430252,0.023047685623168945,0.4574294090270996,3.998914957046509,0.12333260476589203,0.971539318561554
60,-9.597314834594727,20.49831199645996,-22.68892478942871,-52.316200256347656,-14.971762657165527,5.796175003051758,-11.013381958007812,-6.107291221618652,3.600160598754883,-6.5927534103393555,-0.3023407757282257,-0.08123207092285156,1.5497291088104248,-0.41108739376068115,0.5165115594863892,-1.2713241577148438,-0.2470378875732422,0.3344912827014923,-0.13168855011463165,-0.2686583995819092,0.7479115724563599,1.9277842044830322,-0.14115284383296967,1.6809357404708862
61,-2.989318370819092,15.061290740966797,-18.29840087890625,-40.147972106933594,-6.423535346984863,2.742276668548584,-12.075798988342285,4.04176664352417,-3.51739501953125,-5.567084789276123,-0.4896507263183594,-0.11709904670715332,1.3980977535247803,-0.11777539551258087,0.24440228939056396,-1.056692123413086,-0.3155132532119751,0.06797018647193909,0.3265659213066101,0.020973771810531616,-0.023258952423930168,-0.9174913763999939,-2.285559892654419,1.3185627460479736
62,-6.165706634521484,15.658406257629395,-18.628803253173828,-40.7650260925293,0.2880817651748657,2.058464288711548,-9.368673324584961,-2.769606828689575,0.8841928839683533,0.44263172149658203,0.24952822923660278,-0.13365352153778076,1.3808536529541016,-0.15183423459529877,0.4342981278896332,-1.0887287855148315,-0.35795891284942627,0.0095435231924057,0.31634455919265747,-0.30243974924087524,-0.16727101802825928,-2.148961305618286,-0.2513471245765686,0.8465111255645752
63,-3.350231170654297,12.342599868774414,-11.33544921875,-21.68022918701172,2.151808261871338,-0.6875492334365845,-2.3893685340881348,-4.127533435821533,3.3682074546813965,1.214639663696289,-0.2727808952331543,-0.14805161952972412,1.678690791130066,-0.20475341379642487,0.4447292685508728,-0.9223997592926025,-0.5702481269836426,0.008313000202178955,1.3118222951889038,-0.29792729020118713,0.3103456199169159,-4.178806304931641,-2.167403221130371,0.22493252158164978
64,-14.644937515258789,-0.7490034699440002,3.1421139240264893,-2.0531482696533203,8.150190353393555,0.7274590730667114,8.57197380065918,4.114475250244141,0.17975616455078125,-33.00379943847656,-13.830404281616211,6.229094505310059,-0.05613453686237335,0.04201987758278847,-0.6288977265357971,1.8092081546783447,0.16237875819206238,-0.7266650795936584,1.2928216457366943,-0.141325905919075,-0.5880646109580994,-0.6461806297302246,4.565695762634277,-2.0578625202178955
65,-9.275503158569336,-22.818588256835938,14.34006118774414,9.711929321289062,0.6651954650878906,-0.22529101371765137,3.1607227325439453,4.472111225128174,22.17568016052246,-104.2935562133789,-16.084627151489258,14.723804473876953,-0.6322254538536072,0.4558485150337219,1.2983429431915283,7.363821983337402,3.5758044719696045,-1.470326542854309,2.3407633304595947,0.269986629486084,-0.21181046962738037,-0.17310655117034912,-0.0944058895111084,-5.700657844543457
66,-26.26224136352539,-17.062728881835938,8.723221778869629,-2.8255157470703125,-0.697047233581543,0.012978076934814453,-0.8503541946411133,8.604296684265137,25.054065704345703,-93.16122436523438,-19.28185272216797,13.816043853759766,-3.1432945728302,-0.3792777955532074,0.29625117778778076,11.337067604064941,3.138876438140869,-2.064425468444824,1.1789194345474243,0.48577576875686646,-0.9453392028808594,-0.7698694467544556,-0.5751534700393677,-3.7541024684906006
67,-21.497840881347656,-2.9515833854675293,1.796390414237976,-18.227378845214844,-1.15458083152771,0.223388671875,-4.385965824127197,-2.4489400386810303,26.622020721435547,-82.03040313720703,-19.240633010864258,13.741281509399414,-2.7882938385009766,-0.8583738803863525,0.31143319606781006,6.541990280151367,1.622464895248413,-1.147628664970398,1.0613665580749512,0.6617164015769958,-0.6209695339202881,-0.9068011045455933,-0.607313334941864,-0.957021176815033
68,-8.71833610534668,-1.997237205505371,1.7055530548095703,-12.963719367980957,-0.7829159498214722,0.1443333923816681,-17.107986450195312,-1.715505838394165,20.154541015625,-74.20478057861328,-16.725740432739258,9.406604766845703,-2.3654892444610596,-0.8770394325256348,0.48146679997444153,2.081716537475586,0.1522698849439621,-0.16849540174007416,1.2530714273452759,0.8860578536987305,-0.682479739189148,-1.638346552848816,-0.12891463935375214,-0.39219504594802856
69,-12.754751205444336,7.553959846496582,-2.555777072906494,-5.970878601074219,-0.5843110084533691,0.13048362731933594,0.03534221649169922,-19.46087646484375,23.78768539428711,-56.58574676513672,-7.9939680099487305,10.400922775268555,-1.7387136220932007,-0.43432724475860596,0.5808108448982239,-0.9257100820541382,-1.5691466331481934,1.6734089851379395,1.7091896533966064,1.0028643608093262,-0.48312053084373474,-1.8860430717468262,-0.14426331222057343,1.4125308990478516
70,2.4457225799560547,1.0933423042297363,-0.4508092403411865,-0.4118938446044922,-0.224456787109375,-0.0799722671508789,-20.824901580810547,-13.177270889282227,16.94001579284668,-47.14076232910156,2.2809507846832275,7.9136857986450195,-1.291965126991272,-0.673305094242096,0.44739577174186707,-3.545067548751831,-3.3604648113250732,2.6820952892303467,1.3843916654586792,0.7876982688903809,-0.3822993040084839,-1.6345876455307007,-0.3378293514251709,3.531590223312378
71,5.008396148681641,11.777660369873047,-8.218262672424316,2.2521400451660156,0.02022552490234375,-0.09142923355102539,-12.643056869506836,-19.79446792602539,14.675677299499512,-23.149473190307617,12.944124221801758,3.9946203231811523,-0.130870521068573,-0.2054409384727478,-0.33830729126930237,-6.175391674041748,-4.490354061126709,3.4225401878356934,1.4371126890182495,1.056272029876709,-0.06264793872833252,-1.455614686012268,-0.465975284576416,4.731260776519775
72,21.611474990844727,18.144887924194336,-12.998821258544922,4.6138458251953125,0.2043294906616211,-0.14049148559570312,-23.425098419189453,-17.207664489746094,7.12581205368042,0.8633604049682617,12.01378059387207,0.9801225662231445,1.3066374063491821,0.2747041881084442,-1.0161328315734863,-10.11966323852539,-5.456567287445068,3.6995608806610107,-1.6022133827209473,0.48626846075057983,-0.4939836859703064,3.419806957244873,2.036586284637451,4.49853515625
73,38.49225616455078,21.631155014038086,-33.127010345458984,-31.575096130371094,-20.0,-7.691939353942871,-43.05259704589844,-13.503186225891113,5.117163181304932,-1.2883491516113281,-0.11746788024902344,-0.4240841865539551,1.132033109664917,1.205584168434143,-0.03178641200065613,-2.4680066108703613,11.279581069946289,-0.7955350875854492,-4.674234867095947,-0.7786074876785278,-0.592954158782959,11.584793090820312,5.4772047996521,3.2265448570251465
74,20.259288787841797,22.456485748291016,-43.506778717041016,-88.04019165039062,-9.945538520812988,4.293951034545898,-32.04418182373047,2.525326728820801,-2.3852195739746094,-12.463081359863281,-1.4395084381103516,1.3067572116851807,0.9701259136199951,-0.039170652627944946,0.34570154547691345,-0.3205912411212921,-1.2793792486190796,0.3878715932369232,-5.340198516845703,-1.362610936164856,0.409791499376297,10.742324829101562,2.623093843460083,-4.85108612338081e-05
75,3.1882314682006836,15.1712007522583,-36.38368606567383,-78.50741577148438,-8.764162063598633,4.486132621765137,-17.959779739379883,11.781038284301758,-7.488386154174805,-13.859394073486328,-0.9478847980499268,1.8608704805374146,1.5172652006149292,-0.11393073201179504,0.13897950947284698,-1.1816343069076538,-0.8846204280853271,0.2914682924747467,-4.980460166931152,-0.7127165794372559,0.4043020009994507,6.914250373840332,1.3141462802886963,0.0001414036232745275
76,-22.925100326538086,13.799610137939453,-28.33133888244629,-72.22804260253906,0.09127366542816162,3.47664213180542,-2.8131160736083984,10.892801284790039,-6.8990159034729,-9.755011558532715,-0.5050337314605713,1.5834354162216187,1.1521224975585938,-0.042597874999046326,-0.10664477944374084,-1.7268052101135254,-0.538648784160614,-0.05367501452565193,-5.091452121734619,-0.11058354377746582,-0.16528847813606262,3.1252317428588867,1.2652931213378906,9.114296699408442e-05
77,-20.596820831298828,1.71804678440094,-13.641629219055176,-49.35251235961914,8.883005142211914,1.6595563888549805,5.822637557983398,11.307729721069336,-7.514059066772461,-6.676243305206299,-0.5645148158073425,0.8971497416496277,1.3081400394439697,-0.11125335097312927,-0.05232402682304382,-2.31663179397583,-0.23745650053024292,-0.25903451442718506,-4.236441612243652,0.19465100765228271,-0.8563293814659119,-0.6249298453330994,-0.5553287267684937,3.591365384636447e-05
78,-12.50131607055664,6.808172702789307,-8.925509452819824,-29.200681686401367,15.68595027923584,-1.23064386844635,7.652618408203125,6.302248954772949,-2.076803207397461,0.9650230407714844,-0.14866137504577637,-0.003929600119590759,1.4870926141738892,-0.2688957452774048,-0.17713643610477448,-2.469184160232544,-0.0828733742237091,-0.14117756485939026,-3.138617753982544,0.5931612849235535,-0.6452714204788208,-2.523770570755005,-1.9736721515655518,-0.12673041224479675
79,-16.81775665283203,-3.1520180702209473,-1.6439001560211182,-11.708091735839844,20.0,-2.43875789642334,18.402393341064453,4.26577091217041,-1.863401174545288,3.9395179748535156,0.27159881591796875,0.022491455078125,1.7799193859100342,-0.3041522800922394,-0.10493536293506622,-2.346679925918579,-0.03747885674238205,-0.4331003725528717,-1.3740826845169067,0.7103715538978577,-0.6608094573020935,-4.187460899353027,-2.2067372798919678,-0.22794821858406067
80,-17.20424461364746,5.049765110015869,0.776579737663269,-6.137295722961426,20.0,-5.024637699127197,20.845312118530273,-7.031038284301758,6.196892261505127,3.2474365234375,0.13861799240112305,-0.10638666152954102,0.6849989891052246,-0.3189430236816406,-0.01807212084531784,-2.8267502784729004e-05,0.9882034659385681,-0.8313308358192444,0.5274739265441895,0.07403669506311417,-0.1303834766149521,-7.097426414489746,-3.0747227668762207,-1.21526300907135
81,-12.569145202636719,-1.8335440158843994,5.34390926361084,3.4159889221191406,20.0,-4.531027793884277,24.35028648376465,-8.011795997619629,6.68658447265625,7.617393493652344,0.23225927352905273,-0.06480264663696289,-1.8648768663406372,0.3852628469467163,0.7715926766395569,5.314305305480957,3.1432442665100098,-3.123811721801758,2.6293962001800537,-0.14956749975681305,0.4196043908596039,-10.470625877380371,-3.78700852394104,-2.8415510654449463
82,-28.441429138183594,11.627703666687012,-3.897393226623535,-7.7940216064453125,4.418082237243652,-0.531036376953125,37.351165771484375,-14.425668716430664,12.274633407592773,22.648941040039062,0.8645632266998291,0.051815032958984375,-4.049431800842285,0.8948386907577515,0.06791166961193085,9.710222244262695,7.263008117675781,-4.418692588806152,4.362071990966797,-0.34422576427459717,1.229090929031372,-10.067896842956543,-2.2597200870513916,-3.9431397914886475
83,-33.41022491455078,3.5302326679229736,-3.8130598068237305,-11.908004760742188,-1.697474479675293,0.4964323043823242,47.897125244140625,-11.110953330993652,32.995628356933594,-32.31538772583008,-15.260836601257324,10.306089401245117,-5.297142028808594,0.4973770081996918,-2.116925001144409,11.295832633972168,2.067667007446289,-3.785102128982544,1.4345282316207886,0.17527678608894348,-0.7449153661727905,-0.6857807040214539,4.008841037750244,-7.361629962921143
84,-8.932918548583984,-4.358223915100098,7.412127494812012,-14.822509765625,-0.9146435856819153,0.34960436820983887,9.005252838134766,-14.157835006713867,31.975732803344727,-52.773555755615234,-16.486045837402344,-4.662390232086182,-4.772615909576416,-0.11079695075750351,-1.7398855686187744,7.3271965980529785,0.3883313536643982,-1.6678332090377808,1.8145334720611572,0.19544953107833862,0.2613932490348816,-0.7427707314491272,3.300276756286621,1.0923948287963867
85,0.3625049591064453,-8.372201919555664,7.759355068206787,-9.537670135498047,-0.424075722694397,0.11392366886138916,-3.5703682899475098,-11.932674407958984,29.2248592376709,-76.13080596923828,0.8647403717041016,-2.3892807960510254,-3.8384194374084473,0.014727253466844559,0.17546480894088745,3.126160144805908,-0.09978538751602173,-0.40596047043800354,1.0826642513275146,-0.3477824926376343,0.3250630497932434,1.407651662826538,-2.9081482887268066,0.4949052035808563
86,-0.8824615478515625,-8.891039848327637,5.899898052215576,-5.370355606079102,-0.3805732727050781,0.05164074897766113,-2.0282764434814453,-1.2177438735961914,16.146209716796875,-64.8521728515625,8.006060600280762,1.2949090003967285,-3.188100576400757,0.14272968471050262,0.37902817130088806,-0.2788097560405731,-0.9609065055847168,0.8648468852043152,1.5316035747528076,-0.1090778261423111,-0.052151888608932495,0.4578760266304016,-2.1205894947052,-0.034127019345760345
87,10.622730255126953,-5.02135705947876,3.1240086555480957,-0.7703094482421875,-0.12232136726379395,-0.07240486145019531,-19.488161087036133,-10.436954498291016,9.318449020385742,-57.67009735107422,11.897729873657227,1.762840747833252,-2.093372106552124,0.1214684471487999,0.6364607214927673,-3.766178607940674,-1.4388201236724854,1.4179013967514038,1.700520634651184,0.04190830886363983,-0.07219097018241882,-0.25431299209594727,-1.8581057786941528,0.3898710310459137
88,16.531829833984375,-1.419756293296814,-0.8413982391357422,8.560951232910156,0.13755083084106445,-0.04802370071411133,-20.219600677490234,-14.806840896606445,8.510784149169922,-38.41470718383789,20.0,3.7696070671081543,-0.7534781098365784,0.100831039249897,0.6221151947975159,-4.940816879272461,-2.728295087814331,2.5339584350585938,1.7664183378219604,0.1918288767337799,0.04683798551559448,-0.5173217058181763,-1.6607418060302734,0.033440232276916504
89,7.987663269042969,9.680663108825684,-8.131036758422852,3.0746803283691406,0.015273094177246094,0.004611015319824219,-7.524955749511719,-13.166081428527832,1.4739339351654053,-8.315047264099121,20.0,4.332931995391846,0.26270249485969543,0.3510035276412964,-0.227676659822464,-7.693935871124268,-3.266047477722168,4.606499195098877,0.6885974407196045,0.2605878710746765,-0.013680141419172287,1.1394401788711548,-0.7660139799118042,0.7353137731552124
90,32.48513412475586,12.672603607177734,-9.909603118896484,12.767166137695312,0.5118508338928223,-0.3370933532714844,-26.357086181640625,-8.868551254272461,-3.7095887660980225,-6.876018524169922,20.0,4.628664493560791,2.3612701892852783,0.6417449712753296,-0.882847011089325,-10.150525093078613,-2.56599497795105,3.487290620803833,-1.7090650796890259,-0.4087889492511749,-0.8082495331764221,5.483140468597412,2.533971071243286,0.8872514963150024
91,46.48229217529297,21.576574325561523,-31.58932113647461,-73.73540496826172,2.7955119609832764,7.70471715927124,-40.27275085449219,4.262075901031494,-2.7367825508117676,-2.4794654846191406,-0.32379913330078125,0.034417152404785156,1.1904864311218262,-0.2834358215332031,0.427818238735199,1.2524852752685547,-2.4713032245635986,0.19775395095348358,-3.845768928527832,-0.9267235398292542,0.1496591717004776,10.477713584899902,5.014125823974609,2.92399001121521
92,14.24172592163086,23.91667366027832,-45.877166748046875,-84.86869812011719,10.566938400268555,4.387077331542969,-19.218801498413086,10.119603157043457,-4.761648654937744,-9.920276641845703,-1.4569787979125977,-0.2758903503417969,1.388904333114624,-0.11742305755615234,0.12106578797101974,0.24499790370464325,-2.0764060020446777,0.17130404710769653,-4.07649040222168,0.5676826238632202,0.7779862880706787,8.144845008850098,0.19207428395748138,2.142059087753296
93,20.261470794677734,19.985136032104492,-38.511837005615234,-65.65049743652344,17.768842697143555,2.6504478454589844,-20.75735092163086,0.23929810523986816,-2.650118827819824,-14.209137916564941,-0.6637457609176636,-0.1912703514099121,1.8280586004257202,-0.1306479424238205,0.043291326612234116,-0.7084007263183594,-1.5193015336990356,0.15433229506015778,-3.827502727508545,0.4655139446258545,0.2310599535703659,3.5943658351898193,0.5143117904663086,1.2965620756149292
94,-20.6910400390625,24.094881057739258,-26.59783363342285,-57.15753173828125,17.6354923248291,2.6314165592193604,14.768505096435547,-8.948873519897461,5.0907063484191895,-6.9367146492004395,-0.2835310101509094,-0.17635858058929443,2.1511027812957764,-0.11952629685401917,-0.03320743516087532,-1.5290377140045166,-1.18919038772583,0.13193735480308533,-2.1472384929656982,0.06411278247833252,0.2751966118812561,-1.2827924489974976,0.1727946400642395,0.8141608238220215
95,-8.29882526397705,12.729894638061523,-9.553852081298828,-39.673126220703125,20.0,-0.0034031271934509277,7.454126834869385,-0.6245409250259399,0.040460944175720215,3.093271255493164,-0.15911078453063965,-0.1120469719171524,2.4810760021209717,-0.4292990565299988,0.11347329616546631,-2.0577707290649414,-0.8536741137504578,0.0275513157248497,-1.0475136041641235,-0.4004838466644287,0.3603493869304657,-2.6609318256378174,-1.5107855796813965,-0.10254863649606705
96,-11.534502983093262,12.098526954650879,-4.9181132316589355,-27.505870819091797,20.0,-1.5560853481292725,4.393221378326416,1.6522880792617798,-2.09128737449646,7.542972564697266,0.3579353094100952,0.051331181079149246,2.244217872619629,-0.4864468574523926,0.2441018521785736,-2.0588014125823975,-0.8065181970596313,-0.13098010420799255,-0.9471710324287415,-0.535452127456665,0.09655648469924927,-2.3193325996398926,-0.48825353384017944,0.022990096360445023
97,5.3199262619018555,4.962080955505371,-2.795351028442383,-7.7523603439331055,20.0,-4.753149032592773,-4.173766136169434,7.900723934173584,-4.503255367279053,2.0670642852783203,-0.3011455535888672,-0.01764082908630371,2.104780435562134,-0.2727756202220917,0.16068851947784424,-1.5498398542404175,-0.9188037514686584,-0.3673664331436157,-0.5710769295692444,0.18628156185150146,-0.03781132027506828,-3.2046375274658203,-2.7871203422546387,-0.8907707333564758
98,-1.4765911102294922,-2.3812828063964844,1.0861321687698364,2.371176242828369,20.0,-4.356137752532959,10.295551300048828,-4.609785556793213,3.33964204788208,1.0237960815429688,0.34035515785217285,0.0010459423065185547,0.9374358654022217,-0.3458841145038605,0.2446908801794052,1.0691728591918945,0.28165704011917114,-1.205608606338501,0.8334456086158752,-0.47345614433288574,0.061494942754507065,-5.8247833251953125,-1.3754149675369263,-1.5498231649398804
99,-12.137422561645508,3.434391975402832,-4.865006446838379,-10.492244720458984,20.0,-4.030142307281494,13.930967330932617,0.17137467861175537,0.5623777508735657,11.437732696533203,0.3075747489929199,0.06107044219970703,-0.2570423185825348,-0.10381922870874405,0.045870840549468994,3.5366415977478027,1.1764291524887085,-2.8374857902526855,1.6496257781982422,-0.2708214521408081,-0.08464587479829788,-5.894994735717773,-1.2917529344558716,-2.6832761764526367
100,-28.533611297607422,1.3976409435272217,3.295569896697998,-5.615993499755859,14.949833869934082,-2.8525209426879883,32.69993209838867,-9.011475563049316,9.037810325622559,10.782108306884766,0.5268118381500244,0.06360721588134766,-3.250246524810791,0.42105865478515625,0.1276073157787323,8.23868179321289,5.799811840057373,-2.635742425918579,2.1043224334716797,-0.22801950573921204,-0.03088003396987915,-1.184145450592041,10.958702087402344,-1.732780933380127
101,-18.574810028076172,-4.9822235107421875,1.6273391246795654,-6.031749725341797,-1.1717791557312012,0.26102781295776367,35.48659133911133,-18.898216247558594,30.749637603759766,-71.04486846923828,5.315465450286865,-13.259970664978027,-3.2139739990234375,0.1316801905632019,-0.8942916989326477,8.203115463256836,2.6740798950195312,-2.156463623046875,1.4086742401123047,0.15329819917678833,-0.10858067870140076,1.3342782258987427,-2.9233789443969727,0.20272287726402283
102,-25.633316040039062,-7.206295013427734,7.031642913818359,-10.492618560791016,-1.0099579095840454,0.1312243938446045,30.61058807373047,-9.961309432983398,38.504295349121094,-63.471923828125,6.70928955078125,-4.254263877868652,-3.7362728118896484,-0.32177960872650146,-0.47926539182662964,6.135587215423584,0.47019463777542114,-1.7272216081619263,1.6707453727722168,-0.18158802390098572,-0.2643415033817291,0.7913514971733093,-2.454913854598999,0.07649606466293335
103,-13.108602523803711,-1.4658552408218384,3.0724732875823975,-9.534462928771973,-0.5205961465835571,0.1634502410888672,11.125389099121094,-11.070629119873047,30.376163482666016,-63.01414108276367,10.887338638305664,-2.2997143268585205,-3.965451955795288,-0.010087650269269943,0.0730607807636261,2.9245853424072266,0.19723579287528992,-0.6498461365699768,1.7784466743469238,0.03341948986053467,-0.24964657425880432,-0.009069538675248623,-1.9955313205718994,-0.09607712924480438
104,-2.3524703979492188,-5.765432834625244,4.650579452514648,-6.401158332824707,-0.46654200553894043,0.07504832744598389,4.162352561950684,-9.47580337524414,19.1184139251709,-61.063270568847656,15.097415924072266,1.32191002368927,-3.0385138988494873,-0.05921745300292969,0.6347417831420898,-1.1729590892791748,-0.9105652570724487,0.6251709461212158,2.2586939334869385,0.1812959760427475,-0.16536718606948853,-0.8313482403755188,-1.5561550855636597,-0.047714509069919586
105,3.7329845428466797,-1.8523701429367065,0.8699491024017334,-0.29392433166503906,-0.18352913856506348,-0.0013835430145263672,-5.297641754150391,-11.265047073364258,11.527392387390137,-38.27021789550781,20.0,2.352403163909912,-2.1721742153167725,0.0007166070863604546,0.669409453868866,-4.128515243530273,-1.5459847450256348,1.698024034500122,2.348363161087036,0.36436960101127625,-0.12069907039403915,-1.3101369142532349,-1.3311070203781128,-0.08940789103507996
106,6.3832597732543945,8.293764114379883,-5.622143268585205,3.201892852783203,-0.06459474563598633,-0.024033069610595703,-4.810263156890869,-21.140182495117188,7.620415687561035,-16.54088592529297,20.0,2.1233041286468506,-1.0122261047363281,0.12315265834331512,0.33627453446388245,-6.844653606414795,-1.7195464372634888,2.875544309616089,2.3212835788726807,-0.05612770840525627,-0.3288692235946655,-1.257737636566162,-1.2963227033615112,-0.4038848876953125
107,20.929330825805664,4.703962326049805,-4.693925380706787,12.797723770141602,0.3283085823059082,-0.15988731384277344,-16.381080627441406,-8.19096565246582,-0.3063548803329468,-6.364866733551025,20.0,5.117214679718018,0.21280533075332642,0.34821364283561707,0.013708354905247688,-6.957685947418213,-1.6728277206420898,3.4576659202575684,0.7038880586624146,0.17673900723457336,-0.30806928873062134,1.8973432779312134,0.6448585987091064,-0.5528646111488342
108,52.48686218261719,10.31788444519043,-15.605931282043457,-17.766448974609375,-18.66312599182129,-7.826786041259766,-47.491722106933594,3.280032157897949,-9.484167098999023,-1.9931755065917969,10.878143310546875,2.9484150409698486,2.283433437347412,1.1253447532653809,0.8612995147705078,-2.3922457695007324,10.609272003173828,2.7017626762390137,-3.0108635425567627,-0.07790298759937286,-0.6856240034103394,8.090594291687012,6.479018211364746,1.1601080894470215
109,35.499752044677734,21.455244064331055,-32.159095764160156,-58.12120819091797,8.712154388427734,7.104955196380615,-26.663270950317383,4.9042768478393555,-1.4064562320709229,-5.484367370605469,-1.30694580078125,-0.056832313537597656,1.1398690938949585,-0.18606185913085938,0.1318187266588211,1.354209542274475,-2.5568935871124268,0.012445557862520218,-4.352630138397217,0.012629864737391472,0.4746229350566864,9.878230094909668,3.080655574798584,2.4164156913757324
110,27.452415466308594,24.809011459350586,-39.420677185058594,-72.103759765625,14.122215270996094,3.7212886810302734,-20.08861541748047,2.3083243370056152,-1.5937528610229492,-15.2418212890625,-1.138261318206787,-0.21940946578979492,1.8053462505340576,-0.30628669261932373,0.013230673968791962,0.13843964040279388,-2.0780856609344482,0.02138000726699829,-3.935220956802368,0.36116713285446167,0.7120198607444763,5.180212497711182,1.248932957649231,2.158874988555908
111,3.7934207916259766,21.76011848449707,-30.54316520690918,-63.628150939941406,17.52140998840332,2.7613584995269775,0.19004535675048828,-3.997107982635498,0.22566652297973633,-9.223671913146973,-0.6691024303436279,-0.21313047409057617,2.494072437286377,-0.21698641777038574,0.1587906777858734,-0.8974889516830444,-1.7033089399337769,-0.029431529343128204,-2.7307686805725098,-0.03492004796862602,0.38426756858825684,0.5125112533569336,-0.5553345084190369,1.2274980545043945
112,10.981348991394043,15.19399356842041,-25.642122268676758,-53.62498474121094,20.0,1.5682592391967773,-11.169950485229492,4.307327747344971,-4.559779167175293,2.560776472091675,-0.03233543410897255,-0.061420440673828125,2.5915956497192383,-0.311614066362381,0.2229926586151123,-1.379805088043213,-1.3247681856155396,0.026954621076583862,-2.9152841567993164,-0.1800481081008911,-0.18532314896583557,-0.002950001507997513,0.030224062502384186,0.7657884359359741
113,-11.398415565490723,26.293487548828125,-25.607738494873047,-41.440162658691406,20.0,0.9136928915977478,14.22668743133545,-9.361997604370117,7.466924667358398,2.546743392944336,-0.04686260223388672,-0.16950738430023193,3.123176097869873,-0.4794590473175049,0.1051858589053154,-2.0051026344299316,-1.1929889917373657,0.007002819329500198,-1.2566627264022827,-0.4879593253135681,0.5369813442230225,-1.8784816265106201,-1.3187679052352905,0.3613252341747284
114,-29.504573822021484,14.806144714355469,-10.314373016357422,-29.438478469848633,20.0,-0.9325822591781616,20.50510597229004,-2.9428460597991943,1.468920350074768,3.973855972290039,0.2838975191116333,-0.06215637922286987,2.692361831665039,-0.35490337014198303,-0.09304942190647125,-2.0506808757781982,-1.0357472896575928,-0.18513929843902588,-0.008840206079185009,-0.7599054574966431,-0.04105967655777931,-4.197342872619629,-0.8741543889045715,-0.2250899374485016
115,-8.624920845031738,7.052653789520264,0.9627640247344971,-8.14810562133789,20.0,-4.592859268188477,7.816363334655762,4.21578311920166,-2.174745559692383,5.942310333251953,0.05680274963378906,-0.03361773490905762,1.6911221742630005,0.10166192054748535,-0.1480981409549713,-0.2588158845901489,-0.526511013507843,-1.0062590837478638,0.7589871883392334,-0.3147698640823364,-0.5607797503471375,-5.3463850021362305,-1.405866026878357,-1.6290277242660522
116,-0.4838685989379883,-1.087767481803894,4.179812431335449,-11.799793243408203,20.0,-5.015110015869141,-2.6463961601257324,10.24280071258545,-5.392441749572754,10.494306564331055,0.2509746551513672,0.1622927188873291,1.5841846466064453,-0.026612527668476105,0.040763989090919495,0.013366485945880413,-0.9959949254989624,-1.3795400857925415,0.4534029960632324,0.14771834015846252,-0.3392224907875061,-3.659357786178589,-1.1192363500595093,-1.8794174194335938
117,-1.0410723686218262,-0.28527355194091797,-1.6101150512695312,-7.465142250061035,20.0,-4.222207546234131,2.3633666038513184,-0.3335397243499756,1.4984705448150635,5.093757629394531,0.21183067560195923,0.15845942497253418,1.102739930152893,-0.37159696221351624,0.12505027651786804,1.0958887338638306,-0.6883171796798706,-1.9635398387908936,0.801620602607727,-0.09550068527460098,0.28638941049575806,-3.887829065322876,-0.3219103217124939,-1.246788501739502
118,-9.254124641418457,-4.197856426239014,-0.5739392042160034,-9.347965240478516,20.0,-3.919912815093994,11.609687805175781,4.226851940155029,-1.9247947931289673,4.65130615234375,0.06505349278450012,0.042337894439697266,-0.046431466937065125,-0.33997055888175964,-0.0957789272069931,3.155428647994995,0.5805971622467041,-2.4959795475006104,2.057161331176758,0.016355300322175026,0.007402953691780567,-6.5592122077941895,-0.07593564689159393,-2.6538825035095215
119,-31.369003295898438,-2.540386199951172,4.073419570922852,-11.379171371459961,18.180904388427734,-3.8552772998809814,44.497642517089844,-6.74932336807251,9.369219779968262,-48.827701568603516,9.178007125854492,-10.484384536743164,-2.1392922401428223,0.44406500458717346,-0.3127792179584503,6.646814823150635,4.826902389526367,-1.4704303741455078,0.9498580098152161,0.39718693494796753,0.010260142385959625,1.5379018783569336,-2.9461512565612793,0.33029448986053467
120,-41.2641716003418,-7.761918067932129,7.25130558013916,-4.477825164794922,-1.119382381439209,0.02245473861694336,61.70378112792969,-19.327823638916016,45.78658676147461,-65.98262023925781,10.401382446289062,-7.520637035369873,-3.750471591949463,0.2145499289035797,-0.37292152643203735,8.787944793701172,3.2279908657073975,-2.1124954223632812,1.4779473543167114,0.2961803376674652,-0.30686843395233154,0.8660229444503784,-2.400794506072998,0.29054516553878784
121,-28.624277114868164,-0.4187178611755371,2.357931137084961,-12.41494369506836,-1.1433722972869873,0.1862201690673828,32.432212829589844,-18.649972915649414,43.37039566040039,-64.70346069335938,8.681703567504883,-3.547518014907837,-4.791640281677246,-0.12264059484004974,-0.5412324666976929,6.375042915344238,1.0763128995895386,-1.6446830034255981,1.6072810888290405,0.11944183707237244,-0.39105379581451416,0.15518523752689362,-2.016338586807251,-0.011512629687786102
122,-11.16241455078125,-0.9784365892410278,2.6649158000946045,-12.658034324645996,-0.6688514947891235,0.18748068809509277,19.438705444335938,-13.255976676940918,29.31328582763672,-59.11290740966797,12.978812217712402,-1.510986089706421,-4.046067714691162,0.03369079530239105,-0.1094493493437767,1.3843610286712646,0.5443720817565918,-0.26722225546836853,2.280271530151367,0.2890952229499817,-0.2821654677391052,-0.7074190974235535,-1.6459932327270508,-0.13008436560630798
123,-3.6850547790527344,-4.883011341094971,4.439235687255859,-2.7499871253967285,-0.3745900094509125,-0.002771914005279541,8.470897674560547,-13.79790210723877,24.904029846191406,-46.98409652709961,20.0,-0.15187090635299683,-3.4062042236328125,-0.20575346052646637,0.6813674569129944,-1.7463874816894531,0.06072850152850151,0.30512428283691406,2.4598770141601562,0.2231849581003189,0.07777747511863708,-1.1059918403625488,-1.4406564235687256,0.10062101483345032
124,2.3308887481689453,1.7848269939422607,-1.0968000888824463,2.9935302734375,-0.23808884620666504,0.04281258583068848,2.461109161376953,-11.971333503723145,12.643977165222168,-33.73563003540039,20.0,1.1101725101470947,-2.6414740085601807,0.1664917767047882,0.3219189941883087,-3.2112817764282227,-1.138759970664978,1.4660861492156982,2.757573366165161,0.4975924491882324,-0.10283888876438141,-1.5037084817886353,-1.2461925745010376,-0.125729039311409
125,12.253556251525879,8.109550476074219,-5.608757972717285,1.6460132598876953,-0.1467595100402832,0.0030579566955566406,-9.140621185302734,-16.327953338623047,9.056010246276855,-11.324699401855469,20.0,3.268988609313965,-1.1138763427734375,0.29131314158439636,0.11979817599058151,-6.4241862297058105,-2.164501428604126,2.8130507469177246,2.2851145267486572,0.35341009497642517,-0.017597565427422523,-0.5872301459312439,-0.625018835067749,-0.3927616775035858
126,35.501365661621094,12.200861930847168,-10.656557083129883,10.460895538330078,0.49719667434692383,-0.0918431282043457,-29.206605911254883,-11.043868064880371,-0.537026047706604,-7.591533660888672,20.0,3.944289207458496,1.365073800086975,0.659850537776947,-0.3634597063064575,-9.27731704711914,-0.9079872369766235,3.4679031372070312,0.061158109456300735,-0.19562101364135742,-0.5421304702758789,3.3850483894348145,2.544898509979248,-0.7028371691703796
127,51.98613739013672,13.694915771484375,-25.822044372558594,-18.477020263671875,-16.421419143676758,-5.465141296386719,-50.89189147949219,-0.034997522830963135,-5.558588027954102,-3.2877883911132812,0.9578180313110352,0.5799336433410645,2.7012457847595215,1.3832085132598877,0.6286410689353943,-1.7516028881072998,9.49744701385498,-1.1790848970413208,-2.9432854652404785,-0.38028496503829956,-1.0985276699066162,9.147282600402832,7.781067371368408,2.9499590396881104
128,17.791410446166992,25.872636795043945,-39.94432830810547,-78.05001068115234,5.765687942504883,6.677619457244873,-14.380300521850586,0.34974080324172974,3.5212979316711426,-7.43585205078125,-1.7576162815093994,-0.38269567489624023,1.7834457159042358,-0.13708004355430603,0.25462833046913147,0.7851775884628296,-2.6013052463531494,0.18573729693889618,-3.3627588748931885,-0.06163915619254112,0.7127505540847778,8.30597972869873,1.0205574035644531,1.986841082572937
129,29.284624099731445,24.74842643737793,-42.302955627441406,-63.548160552978516,15.351785659790039,4.1357269287109375,-25.630992889404297,-0.4312061071395874,-0.6753911972045898,-14.535978317260742,-0.8122669458389282,-0.1932215690612793,1.977283239364624,-0.09544255584478378,0.14914223551750183,-0.1089182198047638,-2.0191893577575684,0.13189572095870972,-3.6981523036956787,0.3274317979812622,1.0080851316452026,3.99835467338562,1.2290592193603516,1.748874545097351
130,0.5346260070800781,23.63785743713379,-38.545875549316406,-61.93117904663086,19.159116744995117,3.1472110748291016,1.9540033340454102,-6.58443021774292,2.846212863922119,-6.156179904937744,-0.5127662420272827,-0.188218355178833,2.3621699810028076,-0.14372898638248444,0.042718760669231415,-0.9502308368682861,-1.6388295888900757,0.2755641043186188,-2.6044864654541016,-0.13847291469573975,0.8746201395988464,0.09716539084911346,-0.004906307440251112,1.3305766582489014
131,0.4634819030761719,16.903820037841797,-25.32086181640625,-63.2919807434082,20.0,0.3870488107204437,2.01682710647583,3.607691764831543,-4.835484027862549,2.8376874923706055,-0.1809701919555664,-0.09871619939804077,2.959674835205078,-0.2188938707113266,-0.057165589183568954,-1.8599224090576172,-1.256805181503296,-0.17604801058769226,-1.495984673500061,-0.4311482310295105,-0.12011034041643143,-1.6219671964645386,-1.5063387155532837,0.06230362504720688
132,-0.8347291946411133,8.52398681640625,-13.158119201660156,-43.08470916748047,20.0,-1.7560642957687378,-0.28380393981933594,6.152047157287598,-3.9243483543395996,5.158882141113281,0.10925936698913574,0.013963699340820312,3.128634452819824,-0.3722299039363861,0.1417282074689865,-2.2848362922668457,-0.8709812760353088,-0.009415686130523682,-1.0218175649642944,-0.4262331426143646,-0.27741914987564087,-2.0987210273742676,-1.8733952045440674,-0.39171701669692993
133,-10.69390869140625,13.395069122314453,-11.865763664245605,-27.265371322631836,20.0,-2.8176252841949463,3.4076714515686035,1.1264925003051758,0.6341620087623596,7.497807502746582,0.3619973659515381,0.040815625339746475,2.7384495735168457,-0.5483707189559937,0.06076117977499962,-2.27864933013916,-0.7927799224853516,-0.04970546066761017,-1.0766795873641968,-0.33734720945358276,0.055161695927381516,-1.4353349208831787,-1.1756796836853027,0.014913052320480347
134,-7.1288347244262695,11.601539611816406,-7.632246494293213,-11.004090309143066,20.0,-4.6480817794799805,6.0447163581848145,-0.7847803831100464,0.9380683898925781,-0.22362899780273438,-0.06405329704284668,-0.040698349475860596,2.2277274131774902,-0.23354312777519226,-0.07912515103816986,-1.5643186569213867,-0.6703811287879944,-0.6062806248664856,-0.20715239644050598,-0.03824280574917793,-0.06156175583600998,-4.028616905212402,-1.7901651859283447,-0.46214768290519714
135,6.743480682373047,1.714797854423523,-0.2730674743652344,2.720947504043579,20.0,-4.228499889373779,2.977323055267334,0.612474799156189,0.05430096387863159,2.0470008850097656,0.06714797019958496,-0.0460968017578125,1.6411454677581787,0.017971983179450035,-0.11210725456476212,0.31744256615638733,-0.3352700173854828,-2.409777879714966,1.0423219203948975,0.07350769639015198,-0.09012705087661743,-6.237335205078125,-1.6832928657531738,-1.8733574151992798
136,1.0064599514007568,-6.3763298988342285,4.225212097167969,0.5551567077636719,20.0,-4.077531814575195,3.985166549682617,3.7449581623077393,-2.1819000244140625,9.483638763427734,0.30601680278778076,0.12772846221923828,0.30817899107933044,-0.0005223211483098567,0.23358672857284546,3.245539903640747,1.037628173828125,-2.7296266555786133,1.3243658542633057,0.0947057381272316,0.01839461550116539,-5.849294185638428,-0.6629007458686829,-2.678218126296997
137,-25.96139907836914,1.2986619472503662,1.1038358211517334,-7.758388519287109,17.812339782714844,-3.487278938293457,30.891849517822266,-7.52762508392334,5.8993072509765625,13.631824493408203,0.5760359764099121,0.13655996322631836,-2.5190155506134033,-0.02350037917494774,-0.16944578289985657,7.281035900115967,4.831096172332764,-2.117927074432373,2.517378807067871,-0.24874579906463623,0.11583946645259857,-6.516357421875,1.3179367780685425,-3.1470584869384766
138,-30.044090270996094,1.9450182914733887,0.8349719047546387,-9.273082733154297,-1.0030155181884766,0.13600587844848633,42.12569808959961,-14.864614486694336,22.170467376708984,-33.19270706176758,-15.852928161621094,-14.19753646850586,-3.5271012783050537,0.09254060685634613,-0.9929430484771729,8.427419662475586,3.523028612136841,-2.9612789154052734,2.3585734367370605,-0.31005486845970154,-0.11472035944461823,-1.4490456581115723,9.627448081970215,1.613116979598999
139,-1.865809440612793,2.058300256729126,-1.1890859603881836,-10.340888977050781,-1.0211173295974731,0.30655908584594727,6.978642463684082,-26.047607421875,39.596622467041016,-64.29251861572266,6.578490257263184,-12.292839050292969,-2.6219332218170166,-0.17963747680187225,-1.0378198623657227,4.303768634796143,0.09414052963256836,-2.318316698074341,1.3033201694488525,-0.2091192901134491,0.0349903404712677,1.6622258424758911,-3.009122371673584,0.47456493973731995
140,-16.908344268798828,-1.0657429695129395,4.066241264343262,-4.210758209228516,-0.3433973491191864,0.2525153160095215,22.592395782470703,-17.460277557373047,33.3546257019043,-69.70147705078125,14.818729400634766,-5.045034408569336,-2.9637935161590576,0.6657372117042542,-0.22100071609020233,2.726449966430664,0.1548018455505371,-0.01652284525334835,1.6337862014770508,0.05653129518032074,-0.19933614134788513,0.6088323593139648,-2.2512454986572266,-0.07310830056667328
141,-4.281081199645996,-6.583390235900879,4.646264553070068,-3.1255080699920654,-0.38816261291503906,0.023602962493896484,7.787781715393066,-9.56712532043457,20.833614349365234,-57.090274810791016,19.571584701538086,-1.3728798627853394,-2.5390784740448,0.5039823651313782,-0.010951194912195206,0.27457505464553833,-1.3079980611801147,1.1741490364074707,2.000904083251953,0.1619199961423874,-0.239829421043396,-0.1428001970052719,-1.886999249458313,-0.1678720861673355
142,-7.885261535644531,-5.647202014923096,3.8980438709259033,-0.9580368995666504,-0.16161298751831055,-0.11295771598815918,9.830994606018066,-12.402936935424805,16.704973220825195,-47.781951904296875,20.0,-1.8966124057769775,-2.435851573944092,0.3671903610229492,0.058667197823524475,-1.8198295831680298,-1.4632667303085327,1.4876761436462402,2.073977470397949,0.3367496132850647,-0.24263621866703033,-0.6642511487007141,-1.5406028032302856,0.18654635548591614
143,12.713600158691406,5.343295097351074,-3.2879080772399902,0.22658157348632812,-0.07412242889404297,-0.060173988342285156,-8.999927520751953,-17.53050994873047,15.968613624572754,-32.288089752197266,20.0,1.1407527923583984,-0.4686755836009979,0.45692917704582214,0.27598923444747925,-5.859665393829346,-2.2305078506469727,2.186304807662964,2.5170657634735107,0.18640178442001343,-0.1286831945180893,-1.047978162765503,-1.4692474603652954,-0.07055377960205078
144,19.569162368774414,9.410481452941895,-7.2387003898620605,8.478721618652344,0.4031386375427246,-0.03417682647705078,-15.282337188720703,-13.691088676452637,1.1382453441619873,-6.281668663024902,20.0,4.762872219085693,0.9765947461128235,0.7213097214698792,0.024492688477039337,-7.671292304992676,-0.8757157921791077,3.5488340854644775,0.9647521376609802,-0.018137596547603607,-0.3220856189727783,1.7390214204788208,0.5756317973136902,-0.7007354497909546
145,34.56034469604492,11.476297378540039,-15.611495971679688,-13.567916870117188,-14.041708946228027,-1.203537940979004,-36.63030242919922,0.9149343967437744,-8.121414184570312,-0.3354949951171875,7.402774810791016,2.1528866291046143,2.5201218128204346,1.1598889827728271,0.649462878704071,-2.62845778465271,9.267026901245117,0.44514739513397217,-2.2611606121063232,-0.2754918336868286,-0.7674341797828674,7.193965435028076,5.098595142364502,1.5375754833221436
146,30.82300567626953,18.179903030395508,-34.14649200439453,-78.89095306396484,5.796319484710693,6.891324043273926,-26.741439819335938,10.669828414916992,-5.378656387329102,-4.047565460205078,-1.1250758171081543,-0.059569358825683594,1.6797997951507568,-0.10893060266971588,0.1602548211812973,0.6252448558807373,-2.2484307289123535,0.1958457976579666,-3.0967113971710205,0.0762416273355484,-0.049892935901880264,8.276822090148926,1.9346073865890503,2.3196768760681152
147,11.5523099899292,28.299213409423828,-41.67054748535156,-75.71038055419922,10.914346694946289,4.033477306365967,-12.513738632202148,-7.741970062255859,5.845983028411865,-11.587057113647461,-0.8605926632881165,-0.3485710620880127,2.2212941646575928,-0.07204623520374298,0.36218056082725525,-0.5433793067932129,-1.8296843767166138,0.14448918402194977,-2.70294451713562,0.45036545395851135,1.1887788772583008,4.408016681671143,0.19620047509670258,1.0843780040740967
148,16.12065315246582,17.108135223388672,-32.33909606933594,-69.85285186767578,19.21978759765625,1.5742127895355225,-19.14203453063965,6.810882091522217,-8.418169021606445,-4.013282775878906,-0.3995378613471985,0.020337820053100586,2.3140130043029785,-0.16844455897808075,0.20436298847198486,-1.3020719289779663,-1.2795109748840332,0.15331107378005981,-2.9628043174743652,0.1528589427471161,-0.3304765820503235,2.7921574115753174,-0.17447125911712646,0.915558397769928
149,-6.639077663421631,15.3233642578125,-27.356870651245117,-52.66291046142578,20.0,1.7017604112625122,1.5371837615966797,0.05859994888305664,2.1385226249694824,-5.0072174072265625,-0.2544454336166382,-0.13627052307128906,2.2348783016204834,-0.21025529503822327,0.07319822907447815,-1.8998830318450928,-0.8485938310623169,0.08666667342185974,-2.3128814697265625,0.5447944402694702,0.26898035407066345,-0.6741847991943359,-0.45776259899139404,0.7327386736869812
150,9.969146728515625,9.643835067749023,-15.622797012329102,-33.66249084472656,20.0,-1.0211905241012573,-2.836778163909912,-0.4529218375682831,-2.5796074867248535,1.0167131423950195,-0.14690160751342773,-0.02274113893508911,2.905186414718628,-0.33674949407577515,0.15121924877166748,-2.3279478549957275,-0.6224603652954102,-0.1431337147951126,-1.2291346788406372,0.012347327545285225,-0.4092300236225128,-2.1345107555389404,-1.2717608213424683,0.3313866853713989
151,3.5149412155151367,3.394641399383545,-3.7339718341827393,-15.525443077087402,20.0,-2.9138741493225098,-4.456069469451904,2.689805030822754,-0.8451505303382874,1.5705432891845703,-0.026966571807861328,-0.08795833587646484,2.8057029247283936,-0.6667949557304382,0.2552410364151001,-2.392847776412964,-0.5457997918128967,-0.2051597535610199,-1.1385751962661743,0.09943388402462006,0.18405254185199738,-3.0904898643493652,-1.2328546047210693,-0.6231626868247986
152,-17.876853942871094,12.374151229858398,0.00885152816772461,-7.593764781951904,20.0,-4.01660680770874,20.0333251953125,-8.64871597290039,5.742215156555176,3.798318862915039,0.22633671760559082,-0.012923598289489746,1.2183234691619873,-0.37143048644065857,0.3064904808998108,0.2657872438430786,0.9382194876670837,-0.3038734793663025,0.24872912466526031,-0.2413920760154724,0.3272089958190918,-5.5425896644592285,-0.7450471520423889,-0.8461213111877441
153,-18.60529899597168,0.22793246805667877,3.676161766052246,-9.503620147705078,20.0,-4.969419956207275,23.539928436279297,-1.029212474822998,0.452382892370224,11.119842529296875,0.29885220527648926,0.031347036361694336,-0.20288248360157013,-0.06775105744600296,0.5059157609939575,3.206389904022217,2.5789549350738525,-0.9849352836608887,1.7038295269012451,-0.3950529992580414,-0.06575014442205429,-6.3820390701293945,-0.9338652491569519,-1.7497693300247192
154,-18.254074096679688,-0.6782322525978088,3.377187967300415,-2.183422088623047,9.285768508911133,-2.1475486755371094,25.453815460205078,-8.821695327758789,8.37987995147705,9.435432434082031,0.38596147298812866,-0.008623123168945312,-2.2391879558563232,0.06117702275514603,0.4403190612792969,6.775529384613037,5.766026973724365,-2.8363606929779053,3.455803394317627,-0.8622897267341614,0.452867329120636,-8.751084327697754,0.3149387538433075,-2.700568914413452
155,-25.99056053161621,8.03769302368164,-4.677846908569336,-9.82098388671875,-1.1566171646118164,0.27222490310668945,42.443214416503906,-14.48929214477539,22.01483726501465,-32.099159240722656,-19.51744270324707,-8.592711448669434,-2.623405933380127,0.30933284759521484,-1.1439415216445923,7.241091251373291,3.357069730758667,-3.491832733154297,2.5607731342315674,-0.621687650680542,-0.23466847836971283,-1.2440801858901978,7.685569763183594,1.2629798650741577
156,-1.4703435897827148,-7.8236589431762695,4.0160675048828125,-4.205226898193359,-0.8178600072860718,0.32962512969970703,-2.0963644981384277,-11.040038108825684,33.34746551513672,-72.53174591064453,0.8777971267700195,-8.010770797729492,-2.771620273590088,-0.3803938925266266,-1.2110772132873535,6.003477573394775,-0.1467786580324173,-2.4169528484344482,1.1639156341552734,-0.2731650173664093,0.06583568453788757,1.4918419122695923,-2.826930522918701,0.352369487285614
157,-14.09864616394043,-13.265291213989258,10.564184188842773,-5.570871353149414,-0.2651755213737488,0.16114425659179688,16.285058975219727,-1.465214490890503,23.351469039916992,-73.14176940917969,6.291436672210693,-4.696547031402588,-2.9336130619049072,-0.24066202342510223,-0.22854816913604736,4.316141605377197,0.21766707301139832,-1.0966871976852417,1.4316428899765015,0.10885384678840637,-3.6329030990600586e-05,0.5009559392929077,-2.144019365310669,0.2871703505516052
158,-4.280777931213379,-6.0392279624938965,6.176609039306641,-10.17747688293457,-0.6160793304443359,0.10426110029220581,8.242798805236816,-6.867161750793457,15.153709411621094,-64.03153991699219,11.01162338256836,-0.14170049130916595,-1.8441334962844849,-0.034685999155044556,0.5160413980484009,-0.5677922368049622,-1.2161380052566528,0.4519924819469452,2.2228777408599854,0.24590829014778137,-0.18901658058166504,-0.6280368566513062,-1.6532543897628784,-0.05434475839138031
159,-3.736025333404541,3.482823371887207,-0.48569393157958984,-4.044467926025391,-0.36028146743774414,0.032419681549072266,1.1239509582519531,-22.27008819580078,12.26281452178955,-31.36111831665039,20.0,2.08808970451355,-1.5213439464569092,0.2535235583782196,1.039684772491455,-4.137434959411621,-2.0642004013061523,2.019859790802002,2.005223035812378,0.21516425907611847,-0.10727780312299728,-0.8593343496322632,-1.4005204439163208,-0.08841359615325928
160,4.224001407623291,-2.0097336769104004,-1.7637462615966797,6.969381332397461,0.10455465316772461,-0.10119104385375977,-2.215505599975586,-11.927681922912598,8.080294609069824,-29.195261001586914,20.0,3.229606866836548,-0.7468059659004211,-0.15102367103099823,0.11198368668556213,-5.025625228881836,-2.622532606124878,2.395782232284546,2.129565954208374,0.38465654850006104,-0.16343970596790314,-1.03806734085083,-1.303992509841919,-0.2642848491668701
161,11.965568542480469,5.844083309173584,-4.056858539581299,8.722833633422852,0.3714933395385742,-0.1287541389465332,-8.535335540771484,-12.339988708496094,5.019059181213379,-13.424853324890137,20.0,5.306365489959717,0.3167125880718231,0.1940186321735382,-0.2204573154449463,-5.663991451263428,-2.039919137954712,2.966478109359741,2.009455680847168,0.4733106791973114,-0.34012067317962646,-0.512282133102417,-1.0751508474349976,-0.7526330351829529
162,21.91777229309082,10.473550796508789,-7.595894813537598,9.704954147338867,0.3807835578918457,-0.12726259231567383,-18.357437133789062,-11.62689208984375,0.34769272804260254,-3.155323028564453,20.0,4.582538604736328,1.4980162382125854,0.5130588412284851,-0.4232325255870819,-6.8999342918396,-1.5049872398376465,3.7477657794952393,-0.48663872480392456,-0.028703181073069572,-0.5187613368034363,3.8326730728149414,1.508866786956787,0.30873429775238037
163,42.13554000854492,14.930919647216797,-28.995594024658203,-63.76558303833008,-11.319920539855957,7.1395769119262695,-38.33155822753906,9.357719421386719,-7.718648910522461,2.0913543701171875,0.08584117889404297,0.17741107940673828,1.0829768180847168,0.040466636419296265,-0.005760058760643005,1.4862674474716187,-2.5534942150115967,0.13723529875278473,-3.1490633487701416,-0.24709218740463257,-0.6848708987236023,10.992899894714355,5.494531154632568,2.7342369556427
164,40.300682067871094,26.2635498046875,-45.13487243652344,-80.60147857666016,14.070596694946289,3.650679349899292,-41.76233673095703,6.758419990539551,-2.0929393768310547,-13.390933990478516,-1.7882477045059204,-0.3050260543823242,1.245857834815979,-0.11883331835269928,0.07263606786727905,0.36102285981178284,-1.9266799688339233,0.25629961490631104,-4.545849323272705,0.9450578689575195,0.7994388937950134,9.623152732849121,0.7020041346549988,2.087372064590454
165,32.3041877746582,18.983470916748047,-38.125579833984375,-58.615177154541016,18.131237030029297,3.533332109451294,-25.860729217529297,-1.2087898254394531,-1.5333938598632812,-19.980632781982422,-0.9820342063903809,-0.1671733856201172,1.9701822996139526,-0.07076694071292877,0.029394976794719696,-0.6889054775238037,-1.4325876235961914,0.003008447587490082,-4.058483123779297,0.9809750318527222,0.5261093974113464,3.5332045555114746,0.49735936522483826,2.0438947677612305
166,-4.373064041137695,28.36335563659668,-30.54677963256836,-48.82894515991211,20.0,1.9566792249679565,7.176675796508789,-20.382715225219727,10.04330825805664,-9.717063903808594,-0.4815831184387207,-0.3092355728149414,2.627286911010742,-0.27727118134498596,0.21589232981204987,-1.7215911149978638,-1.098170280456543,0.19477809965610504,-2.420189142227173,-0.4333835244178772,0.8214678764343262,-1.8288538455963135,-0.08120612055063248,0.8102076053619385
167,-22.02202606201172,20.649412155151367,-19.728914260864258,-45.5494384765625,20.0,-1.9282114505767822,15.049637794494629,-2.2666494846343994,-0.2854389548301697,4.26318359375,-0.13442420959472656,-0.0868244469165802,2.498162269592285,-0.006222255993634462,-0.04942716658115387,-2.045255422592163,-0.876295804977417,-0.08495521545410156,-1.0634546279907227,-0.6595454812049866,-0.20114806294441223,-4.301601409912109,-1.8157892227172852,-0.20378097891807556
168,2.1753997802734375,8.846174240112305,-8.47375774383545,-28.760019302368164,20.0,-4.633302688598633,-0.13654351234436035,7.401293754577637,-4.9327263832092285,11.154595375061035,0.30423498153686523,0.048915743827819824,2.8391311168670654,0.05890321359038353,0.07608425617218018,-1.9877097606658936,-0.8215628862380981,-0.14205917716026306,-0.4690304696559906,-0.36723920702934265,-0.6483188271522522,-3.0438647270202637,-1.9397146701812744,-0.7749538421630859
169,-13.715765953063965,1.7585572004318237,0.7027140855789185,-14.90675163269043,20.0,-4.094324111938477,8.766637802124023,2.8504176139831543,0.7381091117858887,9.506817817687988,0.41999125480651855,0.050293684005737305,2.4399490356445312,-0.4196327328681946,0.18547140061855316,-1.7004400491714478,-0.7483207583427429,-0.32532286643981934,-0.4824829399585724,-0.47482651472091675,0.14781838655471802,-1.4061737060546875,-1.849464774131775,-0.5555379390716553
170,-0.04036521911621094,4.319508075714111,1.251596450805664,-4.300663948059082,20.0,-4.1447343826293945,-1.7683751583099365,2.1297850608825684,-1.5421017408370972,-0.7816085815429688,0.1421339511871338,0.016957759857177734,1.5602340698242188,-0.2763684093952179,0.23303671181201935,-0.3553468585014343,-0.5682119727134705,-1.011837363243103,-0.30331897735595703,-0.26469242572784424,0.05647697299718857,-3.341597080230713,-0.5042874217033386,-1.2681082487106323
171,-5.7687811851501465,-8.441676139831543,6.380459785461426,2.304530143737793,20.0,-4.364291667938232,15.620314598083496,-1.111830472946167,1.99504816532135,1.8430500030517578,-0.05794382095336914,0.013682365417480469,-0.14087265729904175,-0.233976811170578,0.47934260964393616,3.3797082901000977,1.3642834424972534,-2.2484512329101562,1.1978063583374023,-0.3238096535205841,0.45032641291618347,-6.343780994415283,-1.5159881114959717,-2.3152637481689453
172,-27.482318878173828,0.03109341859817505,3.3193304538726807,-3.1494064331054688,14.895938873291016,-2.716219425201416,40.57879638671875,-12.123639106750488,10.689265251159668,9.965564727783203,0.5490486025810242,0.02375650405883789,-2.9584100246429443,-0.09044647216796875,0.1647331863641739,8.347871780395508,6.43177604675293,-2.682894229888916,3.810468912124634,-1.3902539014816284,-0.06471151113510132,-5.1410651206970215,8.733755111694336,-6.1572675704956055
173,-27.4121150970459,7.654305458068848,-4.628248691558838,-9.698471069335938,-1.3883671760559082,0.2597370147705078,36.493873596191406,-19.890316009521484,31.86589241027832,-41.78782653808594,-20.0,-13.32562255859375,-3.9527978897094727,0.520871102809906,-1.4192372560501099,9.23431396484375,2.920058250427246,-3.3822579383850098,1.021788477897644,0.197567418217659,-0.15656143426895142,1.8928475379943848,-2.939046859741211,0.07262688130140305
174,-15.116415023803711,-13.130735397338867,10.579116821289062,-11.16805648803711,-0.9076980352401733,0.2504451274871826,21.807361602783203,-14.327327728271484,38.44211196899414,-63.40105056762695,3.996263265609741,-9.048501014709473,-3.6852762699127197,-0.5618415474891663,-0.0803101435303688,5.740155220031738,1.3087890148162842,-1.9036632776260376,1.148766279220581,-0.34573590755462646,0.3925473093986511,1.5865803956985474,-2.786797046661377,0.6006046533584595
175,-7.0697784423828125,-2.893336057662964,2.93814754486084,-5.503776550292969,-0.5123533010482788,0.20833247900009155,10.007288932800293,-7.562737941741943,28.073383331298828,-73.86798858642578,9.170156478881836,-3.6375014781951904,-3.7108325958251953,-0.1290571540594101,0.18445995450019836,3.562429428100586,0.09438592940568924,-0.32149940729141235,1.5430917739868164,-0.1498502790927887,0.05128413438796997,0.5457264184951782,-2.216996908187866,0.041586682200431824
176,5.145305633544922,-1.5519874095916748,1.7957655191421509,-5.102455139160156,-0.23779410123825073,0.05419647693634033,-1.2716312408447266,-11.613073348999023,13.789385795593262,-68.97103118896484,9.974639892578125,-0.24400123953819275,-2.548727035522461,0.37018415331840515,0.310931533575058,0.02858886867761612,-0.3099522590637207,0.5622163414955139,2.2899017333984375,0.21450269222259521,-0.18064793944358826,-0.5459944009780884,-1.8190020322799683,-0.06403082609176636
177,-3.5691471099853516,-1.2832601070404053,1.1696479320526123,-1.8114080429077148,-0.4054996967315674,-0.00394129753112793,3.1163673400878906,-20.13899803161621,17.182146072387695,-52.937564849853516,19.57795524597168,-0.09632933139801025,-2.1313986778259277,0.3009013533592224,0.49304062128067017,-2.9296205043792725,-1.7732152938842773,1.5902386903762817,2.289663553237915,0.23634664714336395,-0.10260120779275894,-1.0732438564300537,-1.3909614086151123,0.3654426336288452
178,4.847996234893799,-1.3034876585006714,-0.2437613308429718,2.8017215728759766,0.0062923431396484375,-0.07526350021362305,-1.7439460754394531,-7.079132080078125,4.927849769592285,-31.26125717163086,20.0,2.6679036617279053,-1.083225965499878,0.3206038475036621,0.05607939884066582,-5.146392822265625,-2.0293896198272705,2.3630940914154053,2.5916812419891357,0.4379269480705261,-0.34862133860588074,-1.5372891426086426,-1.1392152309417725,-0.19407309591770172
179,22.457500457763672,1.5556857585906982,-2.5098578929901123,8.607118606567383,0.3288252353668213,-0.12443351745605469,-20.11652946472168,-8.679184913635254,-0.07482123374938965,-16.047664642333984,20.0,5.366109848022461,0.7272335290908813,0.4228602647781372,0.10972031950950623,-6.977569103240967,-1.9535877704620361,3.2216105461120605,1.909784197807312,0.4578694999217987,-0.275888592004776,-0.2861407995223999,-0.15975360572338104,-0.685799241065979
180,30.745492935180664,8.4149808883667,-7.755453586578369,12.08685302734375,0.5213204622268677,-0.16649198532104492,-25.949520111083984,-3.870013475418091,-8.268640518188477,-0.22701454162597656,19.0847225189209,4.951172828674316,2.3438451290130615,0.6705583930015564,-0.28511443734169006,-8.441823959350586,-0.831366777420044,3.545600175857544,-1.130814552307129,-0.25937795639038086,-0.933605968952179,4.8474836349487305,3.4869396686553955,0.33901625871658325
181,32.717594146728516,12.536599159240723,-25.823226928710938,-38.987030029296875,-20.0,11.89518928527832,-34.504337310791016,1.7691588401794434,-3.4098129272460938,-2.176342010498047,-0.5074081420898438,0.13529300689697266,1.510685682296753,-0.060042232275009155,-0.2946641445159912,0.5497089624404907,-3.6980063915252686,-0.25746679306030273,-3.552572250366211,-0.6173178553581238,-0.6660346984863281,10.115711212158203,3.9964101314544678,2.665726900100708
182,33.45888137817383,25.334915161132812,-44.0986442565918,-83.39168548583984,10.935150146484375,4.28582763671875,-26.97180938720703,5.892077922821045,0.10045528411865234,-12.60409927368164,-1.4014403820037842,-0.32642459869384766,1.912635326385498,-0.038209766149520874,-0.04672864079475403,0.23452748358249664,-2.0731289386749268,0.2973998188972473,-3.31026029586792,0.5863374471664429,0.9660151600837708,7.004863262176514,-0.0004149812157265842,1.977334976196289
183,-1.8006048202514648,20.03907012939453,-36.022743225097656,-76.19895935058594,16.364154815673828,3.7816007137298584,-3.691592216491699,-3.275300979614258,0.09454870223999023,-10.505773544311523,-0.391252338886261,-0.20233726501464844,2.2516555786132812,-0.016819626092910767,-0.014689106494188309,-1.0699325799942017,-1.4628124237060547,-0.17507030069828033,-2.623563051223755,0.33470243215560913,0.6841955184936523,2.2781856060028076,0.3765546679496765,1.133460283279419
184,9.781285285949707,11.774843215942383,-22.85480499267578,-43.49252700805664,19.596067428588867,1.5854288339614868,-10.04124641418457,-0.37826377153396606,-1.7992874383926392,-5.1796441078186035,-0.5050746202468872,-0.10157477855682373,2.271178960800171,-0.1411006897687912,0.06885313987731934,-1.4351729154586792,-1.0259678363800049,0.11546045541763306,-2.4236767292022705,-0.08108223974704742,0.2742204964160919,-0.3282003402709961,-0.88837069272995,0.40755993127822876
185,3.0323686599731445,7.284602165222168,-11.16440200805664,-31.03289794921875,20.0,-0.05576559901237488,-2.8497982025146484,2.3633527755737305,-2.7047929763793945,-1.8120241165161133,-0.13774609565734863,0.00585484504699707,2.436265468597412,-0.19390791654586792,0.18823765218257904,-1.8200960159301758,-0.8527332544326782,-0.09924940764904022,-1.885004997253418,-0.07659342885017395,0.08061761409044266,-2.874453067779541,-0.6071252822875977,0.5064892172813416
186,-16.449459075927734,14.114679336547852,-9.424314498901367,-28.03548812866211,20.0,-1.0221433639526367,19.824447631835938,-6.027070999145508,4.005249977111816,9.469619750976562,0.37644147872924805,-0.09602422267198563,2.877936840057373,-0.46665069460868835,0.17700809240341187,-2.127349376678467,-0.8822057247161865,-0.1410599797964096,-0.2936655879020691,-0.657856822013855,0.19735141098499298,-2.95147442817688,-0.5493037104606628,0.02622639760375023
187,-17.824705123901367,3.252444267272949,-4.439390182495117,-19.76364517211914,20.0,-3.643425464630127,7.893311023712158,9.67696475982666,-6.4522504806518555,9.088553428649902,0.2521973252296448,0.019187211990356445,2.12556791305542,-0.17489735782146454,-0.025191891938447952,-1.5303874015808105,-0.9953997135162354,-0.25543373823165894,-0.2640059292316437,-0.18541380763053894,-0.7625418305397034,-2.3251900672912598,-0.43022283911705017,-1.0451219081878662
188,1.6899986267089844,1.1414783000946045,0.08368618786334991,-5.528984069824219,20.0,-4.733090877532959,1.2545709609985352,4.649324417114258,-1.5650584697723389,2.0157852172851562,-0.19330120086669922,0.07326412200927734,1.9346822500228882,-0.13312934339046478,-0.026778679341077805,-0.7732322812080383,-1.0560545921325684,-0.974869966506958,0.47527843713760376,0.18635274469852448,-0.5378850102424622,-3.549001693725586,-2.23382568359375,-1.3531296253204346
189,-6.126258850097656,4.1935882568359375,6.089168071746826,-6.2516937255859375,20.0,-4.41825008392334,7.617546081542969,-1.6769115924835205,2.610001802444458,3.9222030639648438,0.28108882904052734,0.059977054595947266,0.8931235671043396,-0.256929486989975,0.10116137564182281,1.082298755645752,-0.2492711842060089,-1.0765843391418457,1.1672048568725586,0.1734548956155777,0.20486898720264435,-5.158171653747559,-1.3218318223953247,-1.49309504032135
190,-14.277969360351562,-2.3478593826293945,3.2448253631591797,-10.211446762084961,20.0,-4.58363676071167,16.026641845703125,-1.604088544845581,1.5533201694488525,8.497726440429688,0.35459160804748535,0.06549739837646484,-0.3334980905056,-0.4093841016292572,0.1323312222957611,3.423227310180664,0.8963156938552856,-1.6976693868637085,2.267986536026001,-0.10503014922142029,0.38548392057418823,-6.650146484375,-0.1437831073999405,-2.1949045658111572
191,-30.308895111083984,-10.686861038208008,9.513744354248047,0.4566688537597656,8.012314796447754,-1.6406946182250977,54.4128303527832,-8.185628890991211,13.058562278747559,-33.75364303588867,-19.093982696533203,-12.07955551147461,-2.80967378616333,0.13500553369522095,0.8481935262680054,9.865290641784668,8.14445972442627,-2.6491403579711914,1.8590729236602783,-0.44299179315567017,0.19010388851165771,-1.4942412376403809,9.346263885498047,2.714048385620117
192,-20.94049072265625,4.1439595222473145,-4.753238201141357,-10.83968734741211,-1.91162109375,0.3286309242248535,30.265241622924805,-26.62281036376953,42.17113494873047,-74.15847778320312,3.2517783641815186,-8.012189865112305,-3.2703659534454346,-0.32300999760627747,-0.9086055159568787,8.354912757873535,1.7457668781280518,-2.179155111312866,1.1569422483444214,-0.21446917951107025,-0.17088690400123596,1.4524604082107544,-2.678175926208496,0.2768341898918152
193,-11.860334396362305,-7.8523454666137695,6.901177406311035,-7.096256256103516,-0.6099519729614258,0.11724376678466797,14.887897491455078,-10.354519844055176,35.49003219604492,-84.5117416381836,-0.18914222717285156,-3.5380795001983643,-3.0594420433044434,-0.1828928142786026,0.07275751978158951,6.356604099273682,0.5675650835037231,-1.824846863746643,1.6208536624908447,-0.03503602743148804,-0.15071040391921997,0.3986659049987793,-2.1292521953582764,0.17669671773910522
194,-20.282880783081055,5.789488792419434,-1.3923649787902832,-16.35453224182129,-0.9497978687286377,0.2654675245285034,23.553863525390625,-19.170103073120117,30.79447364807129,-61.52008056640625,7.256353378295898,-0.7538719177246094,-2.796637773513794,0.44060254096984863,0.08946257084608078,0.8286455869674683,-0.7930296063423157,0.028166435658931732,2.226392984390259,0.17202293872833252,-0.3440887928009033,-0.6722390651702881,-1.5717206001281738,-0.054514653980731964
195,-10.551064491271973,-7.576983451843262,5.140660285949707,-3.02020263671875,-0.2546727657318115,0.0016834735870361328,10.183655738830566,-6.085447788238525,15.88632583618164,-39.988525390625,18.049911499023438,0.5888840556144714,-3.0771491527557373,-0.04299326613545418,0.2298322319984436,-1.500777006149292,-0.6021893620491028,0.8561052083969116,2.093622922897339,0.1715061515569687,-0.332487553358078,-0.9642937183380127,-1.3354582786560059,0.07268132269382477
196,2.228823661804199,-3.108048677444458,1.8642897605895996,4.030242919921875,-0.15241551399230957,-0.04477381706237793,2.4234886169433594,-9.857660293579102,21.430356979370117,-42.025333404541016,20.0,2.3702213764190674,-2.093508005142212,-0.09685687720775604,0.5903825759887695,-3.0188722610473633,-2.003567695617676,1.815291404724121,2.40651798248291,0.2904313802719116,-0.12643912434577942,-1.3899221420288086,-1.1163651943206787,-0.1526891589164734
197,4.301187515258789,7.040485858917236,-4.1583967208862305,2.5124263763427734,-0.013521194458007812,-0.059203147888183594,2.948240280151367,-18.37845230102539,10.371309280395508,-22.532859802246094,20.0,6.261782646179199,-0.767357349395752,0.06853972375392914,0.11477711796760559,-5.474468231201172,-2.3459041118621826,2.790200710296631,2.9404141902923584,0.35112759470939636,-0.2811509966850281,-1.663270354270935,-1.0217962265014648,-0.49761682748794556
198,21.708765029907227,6.963083267211914,-6.041560173034668,11.620279312133789,0.4346451759338379,-0.16442489624023438,-28.624897003173828,-16.018033981323242,3.956393241882324,-19.8719425201416,20.0,5.910271167755127,-0.014193316921591759,0.6763374209403992,-0.04219468683004379,-5.6940693855285645,-1.9852116107940674,2.9697375297546387,1.39093017578125,0.4615596830844879,-0.2810991704463959,0.16144798696041107,0.05783352255821228,-0.20520038902759552
199,33.12221908569336,10.916894912719727,-9.936649322509766,8.317733764648438,0.4287137985229492,-0.11070775985717773,-29.058975219726562,-4.097137451171875,-3.980628728866577,3.162700653076172,16.598899841308594,3.6606287956237793,1.831358551979065,0.7704037427902222,-0.35718634724617004,-8.815860748291016,-1.012939214706421,3.583184242248535,-2.516644239425659,-0.467593252658844,-0.6851359009742737,6.306385040283203,4.634800910949707,1.3591548204421997
200,46.59695053100586,11.611444473266602,-30.794572830200195,-38.05851745605469,-18.11439323425293,13.543476104736328,-36.06200408935547,4.749569892883301,-3.039658784866333,-3.4624252319335938,-0.7362279891967773,-0.00906229019165039,1.4245551824569702,0.25270718336105347,0.6618927121162415,0.6058094501495361,4.8577880859375,-0.01946103572845459,-4.201063632965088,-0.519535481929779,0.007118904031813145,11.200510025024414,4.0867109298706055,3.125779628753662
201,10.909558296203613,28.392194747924805,-42.2138671875,-74.03031921386719,7.116785526275635,4.836094379425049,-12.088155746459961,-2.1573166847229004,2.442136764526367,-16.378192901611328,-1.4076979160308838,-0.41435742378234863,1.5232362747192383,0.10596823692321777,-0.03246121108531952,0.5617544651031494,-2.211785316467285,0.03779870271682739,-3.5678226947784424,0.2086048424243927,0.7827415466308594,5.749564170837402,0.41549408435821533,1.2138917446136475
202,3.226468086242676,22.20615577697754,-32.5767936706543,-74.14680480957031,13.291122436523438,4.186666011810303,-2.2556285858154297,0.8965933322906494,-0.9702162742614746,-6.403216361999512,-0.30923521518707275,-0.10441279411315918,2.0978505611419678,0.00935220718383789,-0.0014686137437820435,-0.572024405002594,-1.6960399150848389,-0.1518334150314331,-2.7285854816436768,0.3018825054168701,0.9683042168617249,2.317077875137329,0.5255031585693359,1.1884024143218994
203,0.019205093383789062,17.060848236083984,-24.8211669921875,-62.14748001098633,20.0,1.656391978263855,-2.1595659255981445,0.5475400686264038,-3.4107208251953125,0.16612005233764648,-0.2263370156288147,-0.06174147129058838,2.319033622741699,-0.15627306699752808,0.1545061618089676,-1.3360552787780762,-1.1736762523651123,-0.002585306763648987,-2.345543622970581,-0.27259406447410583,0.2476610690355301,0.899745523929596,-0.3478805124759674,0.6612447500228882
204,10.751092910766602,7.0647149085998535,-14.70630931854248,-32.97159194946289,20.0,-0.2620806396007538,-9.29206657409668,9.04210376739502,-5.879649639129639,-1.565850019454956,-0.3229069709777832,-0.02618834376335144,2.3477444648742676,-0.28822290897369385,-0.010452702641487122,-1.5377339124679565,-0.924280047416687,-0.13030947744846344,-2.1419992446899414,-0.027495358139276505,-0.20469588041305542,-0.5485944151878357,-1.6738240718841553,0.15577219426631927
205,-21.357959747314453,7.395205974578857,-3.3109054565429688,-19.67279815673828,20.0,0.5634490251541138,22.730424880981445,-3.9717118740081787,3.0441460609436035,-1.9994487762451172,0.1716623306274414,-0.02804189920425415,2.3469951152801514,-0.2396487593650818,-0.04089449346065521,-1.4819839000701904,-0.6073092222213745,-0.6159870624542236,-0.10908880829811096,-0.22170567512512207,-0.1769913136959076,-4.553969383239746,-1.291512370109558,0.4131183624267578
206,-18.853437423706055,1.4956146478652954,4.708130359649658,-18.430187225341797,20.0,-2.2070212364196777,11.693737983703613,3.435628890991211,-0.8234608769416809,8.63142204284668,0.1895911693572998,-0.10546886920928955,1.6372753381729126,-0.43019288778305054,0.14738021790981293,-0.9029452800750732,-0.35227736830711365,-0.501677930355072,0.23423323035240173,-0.15959595143795013,0.20346224308013916,-4.745779991149902,-1.9126315116882324,-0.8575653433799744
207,-8.975541114807129,1.6114566326141357,1.4433845281600952,-9.645669937133789,20.0,-4.714474678039551,11.059976577758789,3.134369134902954,-1.7121219635009766,6.4747314453125,0.21067094802856445,0.0428924560546875,0.9151784181594849,-0.14960764348506927,0.15702363848686218,0.778298020362854,-0.03292107209563255,-1.1956923007965088,1.3873050212860107,0.10146819055080414,0.004127999767661095,-6.408901214599609,-1.9340357780456543,-1.6439731121063232
208,0.02655041217803955,0.4960431754589081,2.510004758834839,-3.645740509033203,20.0,-4.292966365814209,7.343110084533691,0.21510672569274902,0.08344447612762451,10.0294189453125,0.38141655921936035,0.08927488327026367,0.3081305921077728,-0.0655422955751419,0.3007664084434509,2.8769354820251465,0.7137752175331116,-2.1474826335906982,2.328683614730835,0.14099261164665222,0.26519861817359924,-6.693552017211914,-0.7455542087554932,-2.3638713359832764
209,-13.697016716003418,0.6876140832901001,3.7640905380249023,-2.5796451568603516,18.87030029296875,-3.492051839828491,21.03226089477539,-1.5247255563735962,3.921487808227539,-13.425106048583984,-14.413616180419922,6.03968620300293,-1.883260726928711,0.25312021374702454,0.3145584464073181,6.493703365325928,4.047420978546143,-1.2984695434570312,1.2610626220703125,-0.25471246242523193,-0.3642738461494446,-0.8302552103996277,8.863428115844727,-2.225639820098877
210,-17.307979583740234,-0.9183413982391357,-0.5546212196350098,-3.6111907958984375,-0.6813783645629883,0.07234334945678711,29.150550842285156,-17.3038387298584,25.243257522583008,-64.41604614257812,3.033923625946045,-7.639501571655273,-2.627758741378784,0.2906549870967865,-0.8992125988006592,7.983998775482178,3.309605836868286,-2.5154292583465576,1.1006088256835938,0.10010531544685364,-0.10817983001470566,1.7931090593338013,-2.847072124481201,0.44363459944725037
211,-26.86844253540039,-9.128789901733398,8.833948135375977,-7.165508270263672,-1.0380569696426392,0.14071989059448242,33.18927764892578,-18.8409423828125,37.79297637939453,-74.38033294677734,6.786840438842773,-3.2068519592285156,-3.2382543087005615,0.02096276916563511,-0.028740281239151955,7.203268527984619,0.5756297707557678,-1.852163314819336,1.4663593769073486,0.017827600240707397,-0.050365909934043884,0.9514824151992798,-2.3450779914855957,0.1135067343711853
212,-9.534560203552246,-4.132148742675781,2.6685566902160645,-12.215174674987793,-0.5915247797966003,0.20777928829193115,4.145561218261719,-10.85718059539795,26.37812042236328,-73.20893859863281,6.347455024719238,-1.7343168258666992,-3.083249807357788,-0.24531860649585724,-0.18583709001541138,2.7830286026000977,0.12708371877670288,-0.7481958866119385,1.7124487161636353,0.06948602199554443,-0.18481379747390747,-0.09757080674171448,-1.8483821153640747,-0.057577237486839294
213,-11.70009708404541,-2.9041574001312256,3.6341209411621094,-3.526973247528076,-0.3785824179649353,0.06665179133415222,12.37282943725586,-14.000561714172363,26.78880500793457,-60.480743408203125,14.97543716430664,0.5404016375541687,-3.128389358520508,-0.1775127798318863,0.25388458371162415,0.6230366826057434,-0.46201223134994507,0.16514459252357483,1.9048033952713013,0.1848343014717102,-0.1800929605960846,-0.7689195275306702,-1.3725436925888062,-0.22846674919128418
214,-4.952522277832031,-5.096573829650879,3.122244358062744,-2.122535228729248,-0.2869417667388916,0.029047250747680664,7.630565643310547,-3.9804868698120117,10.85437297821045,-44.12080001831055,20.0,1.4635257720947266,-2.744906187057495,-0.11317896097898483,-0.04849381372332573,-1.6322453022003174,-1.2995209693908691,1.2692457437515259,2.2169666290283203,0.5772779583930969,-0.36293262243270874,-1.4297454357147217,-1.0498178005218506,-0.10992567241191864
215,7.356637001037598,0.43723607063293457,1.342288613319397,0.039478302001953125,-0.20464038848876953,-0.056194305419921875,-4.736824989318848,-16.560396194458008,9.224003791809082,-31.80956268310547,20.0,4.973867893218994,-1.2580937147140503,-0.3157161772251129,0.3977377414703369,-5.12455415725708,-2.7269294261932373,2.706510305404663,2.5855748653411865,0.3985288739204407,-0.26777103543281555,-1.7696235179901123,-0.9463220834732056,-0.3094518780708313
216,17.075542449951172,8.636404991149902,-6.540624141693115,5.722877502441406,0.2885260581970215,-0.1369614601135254,-12.527965545654297,-13.878982543945312,0.5649605393409729,-5.815539360046387,20.0,5.3288164138793945,0.3014988899230957,0.02787027508020401,0.016908572986721992,-7.479714870452881,-2.210622549057007,3.119370222091675,1.2869348526000977,0.27636289596557617,-0.39578697085380554,0.6102827191352844,0.6840269565582275,-0.7694055438041687
217,45.13511276245117,11.983001708984375,-10.828999519348145,11.928592681884766,0.7131764888763428,-0.0994405746459961,-38.67562484741211,1.1247872114181519,-7.364307880401611,2.2085494995117188,12.930806159973145,3.2639808654785156,2.9377400875091553,0.3402255177497864,-0.3404542803764343,-10.991058349609375,0.2740286886692047,4.092225074768066,-2.7024993896484375,-0.5167572498321533,-1.179983139038086,7.773669719696045,6.472952365875244,1.1955111026763916
218,40.2913818359375,31.42359733581543,-38.0672721862793,-74.28267669677734,4.698330402374268,6.197083473205566,-31.4947509765625,-6.809497356414795,5.114770889282227,-6.819221496582031,-1.380476951599121,-0.10309362411499023,1.3590775728225708,-0.10500753670930862,0.12506189942359924,1.021864891052246,-2.2945668697357178,0.06297370046377182,-3.9952666759490967,-0.9617158770561218,0.008684868924319744,9.953008651733398,2.5747287273406982,2.3968842029571533
219,9.177501678466797,29.540576934814453,-41.63388442993164,-72.74567413330078,9.939079284667969,4.2064104080200195,-7.0338592529296875,-1.698939561843872,3.9169092178344727,-13.658687591552734,-0.9592256546020508,-0.3176743984222412,1.9048807621002197,-0.04818740859627724,-0.01395576074719429,-0.15412701666355133,-1.9112552404403687,0.03805551677942276,-3.163053274154663,0.013148137368261814,1.5412451028823853,4.9501729011535645,0.6668493747711182,1.8263611793518066
220,17.348024368286133,24.866519927978516,-35.412261962890625,-69.10926055908203,18.777498245239258,0.8598884344100952,-16.49791145324707,3.890413284301758,-6.034917831420898,-5.334176063537598,-0.6270756721496582,-0.10053420066833496,2.2077176570892334,-0.03229212388396263,-0.15226753056049347,-1.0621521472930908,-1.3721168041229248,-0.06737062335014343,-3.1525611877441406,-0.11482983082532883,0.5764596462249756,2.55525279045105,-1.1000142097473145,1.2390378713607788
221,4.123079299926758,15.80000114440918,-23.6121883392334,-49.7511100769043,20.0,-0.25594425201416016,-6.606071472167969,4.039554119110107,-5.1916632652282715,-2.005352020263672,-0.09255802631378174,-0.06325095891952515,2.1440746784210205,0.1066400334239006,-0.17964187264442444,-1.4943904876708984,-1.016416072845459,-0.2210942953824997,-3.143453359603882,-0.24786406755447388,-0.48883646726608276,0.6325704455375671,-0.7998736500740051,0.4461933970451355
222,-3.8371591567993164,12.512832641601562,-14.650527954101562,-40.50046920776367,20.0,0.8584079742431641,7.858529567718506,2.2430341243743896,1.0927784442901611,0.5797529220581055,0.03603219985961914,-0.05803108215332031,2.6128194332122803,-0.1599036455154419,-0.15899613499641418,-2.0883121490478516,-0.7807018756866455,-0.13852211833000183,-1.8912882804870605,-0.01731380820274353,0.2630806267261505,-1.275102972984314,-1.1049858331680298,0.7769192457199097
223,-19.933786392211914,6.04444694519043,-4.125399112701416,-30.89816665649414,20.0,-1.630273699760437,16.875404357910156,3.7244012355804443,-3.586228609085083,4.734132766723633,0.24074506759643555,-0.058961838483810425,2.647752046585083,-0.13008083403110504,-0.1269237995147705,-2.345109224319458,-0.683610200881958,-0.17910988628864288,-0.6448601484298706,-0.16262421011924744,-0.5358807444572449,-2.6302266120910645,-1.3719100952148438,-0.22066092491149902
224,-2.2362375259399414,2.8222239017486572,0.9739313721656799,-9.670108795166016,20.0,-4.584907054901123,-0.49407005310058594,5.692558288574219,-3.185960054397583,4.015224456787109,0.1257767677307129,0.007627367973327637,2.195091485977173,-0.18768717348575592,-0.07855924963951111,-1.8760576248168945,-0.5982745885848999,-0.39428332448005676,-0.5888155698776245,0.029446560889482498,-0.6418035626411438,-2.9854509830474854,-1.0644785165786743,-0.9793333411216736
225,-5.75534725189209,1.4556804895401,3.1424245834350586,-10.693582534790039,20.0,-5.615836143493652,8.541708946228027,3.285365104675293,-1.0674116611480713,5.616025924682617,0.1989595890045166,0.07311081886291504,2.3416731357574463,-0.31984442472457886,0.11285404860973358,-1.7022663354873657,-0.7838658690452576,-0.4840817451477051,0.3183593451976776,0.17020080983638763,-0.352203369140625,-3.48734188079834,-1.0604437589645386,-1.202754259109497
226,3.6371212005615234,-4.681601047515869,5.211930751800537,7.697493553161621,20.0,-4.313788414001465,5.994802474975586,-2.088305711746216,2.649294376373291,0.19271469116210938,-0.03690671920776367,0.011655807495117188,0.8768857717514038,-0.14760397374629974,0.4652322232723236,1.4366865158081055,0.43130770325660706,-1.986977219581604,1.4108593463897705,0.2269296944141388,0.35766083002090454,-6.293701648712158,-1.2863893508911133,-1.972646713256836
227,-11.993053436279297,-3.1566946506500244,1.3829798698425293,0.305206298828125,20.0,-3.8678879737854004,23.87247085571289,-3.5843212604522705,2.624234676361084,9.113525390625,0.37561658024787903,0.08926248550415039,-1.4772104024887085,0.1935139000415802,0.22034227848052979,5.921894073486328,3.3881137371063232,-2.518479824066162,3.450089454650879,-0.014260487630963326,-0.06020750105381012,-9.183643341064453,-0.022730346769094467,-3.0209436416625977
228,-38.931129455566406,-3.4339990615844727,6.79403829574585,-6.296806335449219,-0.4086437225341797,0.052093505859375,43.92134094238281,-5.187434196472168,14.668018341064453,-10.57213306427002,-19.265687942504883,-9.018383026123047,-4.382756233215332,0.19082486629486084,0.05771622806787491,11.942328453063965,5.804377555847168,-4.100890159606934,1.6483553647994995,-0.22620686888694763,0.20209388434886932,-0.9255592226982117,9.310497283935547,4.033924579620361
229,-15.57144546508789,2.9711101055145264,-2.2397313117980957,-20.698036193847656,-1.9218230247497559,0.49251604080200195,19.3555908203125,-15.955028533935547,31.052228927612305,-37.386924743652344,-15.49180793762207,-10.048446655273438,-3.619835615158081,-0.5407642722129822,-0.8358979821205139,6.449114799499512,-0.8265608549118042,-2.327101230621338,0.5894597172737122,0.002537831664085388,0.4194248914718628,2.69482684135437,-3.3646280765533447,0.3026108145713806
230,-8.585739135742188,5.467380523681641,-1.7648086547851562,-7.2171430587768555,-0.18650296330451965,0.26732325553894043,16.403383255004883,-19.960817337036133,39.24049377441406,-74.42478942871094,6.656595706939697,-6.029167175292969,-3.1572318077087402,0.21331681311130524,-0.774571418762207,3.447007894515991,0.048475414514541626,-1.2578526735305786,1.295919418334961,-0.08085842430591583,-0.03810147941112518,1.4932736158370972,-2.705782890319824,0.05332155525684357
231,-2.9515695571899414,-8.602400779724121,7.156004905700684,-1.8132915496826172,-0.1977214813232422,0.12356293201446533,5.7387800216674805,-7.983001708984375,20.630523681640625,-65.48030090332031,13.006211280822754,-1.9790219068527222,-2.903414011001587,0.3783630430698395,-0.06200406327843666,1.6073814630508423,-0.34550604224205017,0.5732787251472473,1.5732719898223877,0.19468551874160767,-0.017819732427597046,0.6635056138038635,-2.184950351715088,-0.11831711232662201
232,2.729844093322754,2.553560256958008,-0.2905612587928772,-4.831920623779297,-0.27775681018829346,-0.031458497047424316,-0.9456806182861328,-22.20077896118164,16.67148208618164,-51.20847702026367,17.658447265625,-1.6293476819992065,-1.95156991481781,0.578403115272522,0.029265666380524635,-2.4170103073120117,-0.6176542639732361,0.8964548110961914,1.9229718446731567,0.1502988338470459,-0.11411537230014801,0.026590488851070404,-1.9255263805389404,0.24712280929088593
233,9.19664478302002,-6.277108192443848,4.168364524841309,6.163962364196777,-0.10193777084350586,-0.04796791076660156,-7.243983745574951,-13.977282524108887,9.95374870300293,-55.048274993896484,20.0,2.002087354660034,-0.698231041431427,0.49657711386680603,0.5499169826507568,-4.11641263961792,-2.4605085849761963,2.351754665374756,2.3775346279144287,0.16552765667438507,-0.20428745448589325,-0.7251295447349548,-1.6593018770217896,0.12344181537628174
234,7.186378002166748,6.535107135772705,-5.148692607879639,4.552211761474609,0.18654894828796387,-0.07356548309326172,-6.564951419830322,-17.036584854125977,5.2392048835754395,-21.62217903137207,20.0,5.602557182312012,0.3663073778152466,0.6895037889480591,0.029272526502609253,-6.270013332366943,-1.9068260192871094,3.4725284576416016,2.557319164276123,0.26366034150123596,-0.47425544261932373,-0.9272410869598389,-1.490193247795105,-0.5994514226913452
235,23.14923667907715,3.0871119499206543,-5.016063690185547,11.266897201538086,0.3872699737548828,-0.2116250991821289,-22.6185302734375,-5.16009521484375,-5.019578456878662,-4.5832319259643555,20.0,5.730472564697266,1.3525062799453735,0.7021804451942444,-0.366779088973999,-6.953056812286377,-1.6143624782562256,3.577341318130493,-0.22567957639694214,0.040950074791908264,-0.6885792016983032,3.198633909225464,1.5084710121154785,-0.898347020149231
236,39.86063003540039,18.307836532592773,-26.730384826660156,-52.12796401977539,-20.0,5.343864917755127,-40.82472610473633,-5.861462593078613,-0.5590693950653076,-1.6899833679199219,0.41072750091552734,0.31417179107666016,1.5107132196426392,-0.2949839234352112,0.42525553703308105,0.9414731860160828,-2.4998817443847656,0.45321473479270935,-2.7475388050079346,-1.3017598390579224,-0.4391210079193115,8.629537582397461,5.592782974243164,1.7600877285003662
237,32.20075225830078,22.317415237426758,-43.80515670776367,-81.92582702636719,12.006668090820312,2.4634146690368652,-26.821990966796875,14.648723602294922,-6.677486419677734,-6.120758056640625,-1.5261141061782837,-0.1283893585205078,1.9090203046798706,-0.12195125222206116,0.16357910633087158,0.2673845887184143,-2.0842697620391846,0.4297161102294922,-3.0511109828948975,0.38487592339515686,0.4310758709907532,8.21634292602539,-0.26496174931526184,1.7729713916778564
238,4.152146339416504,23.6739501953125,-42.436622619628906,-77.98362731933594,16.248037338256836,2.541253089904785,-11.859014511108398,-5.352523326873779,3.6000194549560547,-13.332447052001953,-0.552977979183197,-0.2293529510498047,2.1157217025756836,-0.13584406673908234,0.19905495643615723,-1.0010814666748047,-1.4701577425003052,0.1116572692990303,-2.739922046661377,0.5140609741210938,1.025072693824768,3.2824597358703613,-0.2570231258869171,1.2821295261383057
239,13.305282592773438,21.8717041015625,-31.37331199645996,-47.019893646240234,19.83968162536621,2.7761638164520264,-10.879415512084961,-6.5464253425598145,1.0765466690063477,-4.990187168121338,-0.22131693363189697,-0.11403751373291016,2.3379743099212646,-0.21628785133361816,0.15803168714046478,-1.363922357559204,-1.0678420066833496,0.11336031556129456,-2.3863887786865234,-0.10001003742218018,0.588205099105835,0.9588764905929565,0.37431782484054565,0.9163726568222046
240,2.241745948791504,16.23314666748047,-23.23813819885254,-42.99142074584961,20.0,1.0419217348098755,-3.2716941833496094,-0.6167819499969482,-1.4962396621704102,0.27972257137298584,-0.3006775379180908,-0.042667388916015625,2.54255747795105,-0.2765028476715088,0.04067330062389374,-1.7577381134033203,-0.9067147970199585,0.0623331218957901,-1.8692054748535156,-0.40409666299819946,0.005300368648022413,-0.37654516100883484,-1.2058851718902588,0.8145000338554382
241,-12.587912559509277,21.948501586914062,-17.148038864135742,-42.60374069213867,20.0,1.1933684349060059,8.874441146850586,-3.331112861633301,2.3503527641296387,2.48549747467041,0.20716649293899536,-0.0844641923904419,2.790107250213623,-0.18631616234779358,0.025803184136748314,-2.2139739990234375,-0.7613117694854736,-0.06869597733020782,-0.7668733596801758,-0.299812376499176,0.13802717626094818,-2.2830963134765625,-0.45601245760917664,0.9002435207366943
242,-9.472857475280762,6.568571090698242,-0.6876298189163208,-13.517322540283203,20.0,-1.5124220848083496,5.009498596191406,0.8432910442352295,-0.3293098211288452,3.221940040588379,-0.046980857849121094,-0.14515286684036255,2.315541982650757,-0.3470920920372009,-0.026609748601913452,-1.8646454811096191,-0.5374321341514587,-0.5713968873023987,-0.3836943209171295,-0.5340309739112854,0.06315352767705917,-3.2042298316955566,-1.3191680908203125,-0.464469850063324
243,5.093053817749023,-1.5703141689300537,2.641832113265991,-0.06952142715454102,20.0,-4.290201663970947,-2.7520129680633545,5.738414764404297,-2.3110647201538086,1.0227432250976562,-0.14122533798217773,-0.004355669021606445,1.5298821926116943,-0.284105122089386,0.11772315949201584,-0.432890921831131,-0.09310775995254517,-0.34087997674942017,-0.05658567696809769,-0.07652238756418228,0.4500023126602173,-4.766624927520752,-2.2238378524780273,-1.223644733428955
244,-16.474111557006836,-4.3567681312561035,5.287017822265625,-10.071784973144531,20.0,-5.0171403884887695,21.652395248413086,3.202538013458252,-2.989920139312744,9.128179550170898,0.548181414604187,0.11098265647888184,0.6815961599349976,-0.09585432708263397,0.20509523153305054,1.7579447031021118,0.7951799631118774,-0.8599207401275635,1.545567512512207,-0.14227204024791718,-0.25342434644699097,-6.189265251159668,-0.744229793548584,-1.8594781160354614
245,-20.240753173828125,-8.175436019897461,8.59848690032959,-4.860790252685547,20.0,-5.143745422363281,21.23145294189453,3.3194026947021484,0.10170811414718628,12.174236297607422,0.38540583848953247,0.07785320281982422,-2.439450979232788,-0.07128939032554626,-0.12626653909683228,6.31129264831543,4.040175437927246,-1.6633694171905518,2.071614980697632,0.010348816402256489,0.055728912353515625,-6.458341121673584,0.2226073443889618,-2.919708490371704
246,-33.32825469970703,-0.9906829595565796,4.301229476928711,-9.074943542480469,-0.4377269744873047,-0.02017068862915039,48.865821838378906,-9.244792938232422,14.021749496459961,-36.9459342956543,-20.0,-11.322685241699219,-3.3057196140289307,0.3749680817127228,-0.19820919632911682,7.626648426055908,6.138901233673096,-3.210322141647339,1.8433663845062256,-0.22458738088607788,-0.25858786702156067,-1.53424072265625,10.3947172164917,0.3588307797908783
247,-1.297673225402832,-0.003806561231613159,-2.320983409881592,-6.500637054443359,-1.4140913486480713,0.35550355911254883,8.233592987060547,-21.82906723022461,37.29645919799805,-84.8405990600586,1.1229681968688965,-11.279430389404297,-2.382744312286377,-0.10886086523532867,-1.1209050416946411,4.75363826751709,0.11778899282217026,-2.532978057861328,1.5191128253936768,0.011119246482849121,-0.19783294200897217,0.9659285545349121,-2.6404800415039062,0.5295631885528564
248,-4.118308067321777,-13.281839370727539,9.75245475769043,1.6550025939941406,-0.01836252212524414,0.15837693214416504,1.6508641242980957,-5.4998579025268555,28.65862274169922,-83.10961151123047,3.4204349517822266,-5.578499794006348,-2.690767526626587,-0.44144123792648315,-0.38303864002227783,5.025350093841553,0.2375963032245636,-1.5396225452423096,1.5904422998428345,-0.012405753135681152,-0.33881044387817383,0.20730647444725037,-2.070652961730957,0.1956952065229416
249,-13.440764427185059,-0.5416264533996582,4.105450630187988,-8.439702033996582,-0.5568500757217407,0.11947649717330933,15.766450881958008,-19.137855529785156,24.948057174682617,-59.660118103027344,8.772608757019043,-2.92042875289917,-2.425401449203491,0.19756518304347992,0.8562631011009216,1.9138457775115967,-0.8437423706054688,-0.24678653478622437,1.9544289112091064,0.1961585134267807,-0.2748692035675049,-0.5094479918479919,-1.6015191078186035,-0.004940405488014221
250,-12.45979118347168,-0.11254781484603882,-0.18190670013427734,-4.737334728240967,-0.2585015296936035,0.08225870132446289,15.220129013061523,-15.188118934631348,19.82541275024414,-42.87776184082031,13.635638236999512,0.12284538149833679,-2.4056270122528076,0.1573810577392578,0.5915751457214355,-0.4738690257072449,-0.6099171042442322,0.7061454653739929,2.1599929332733154,0.3006570041179657,-0.3922063112258911,-0.9397798180580139,-1.2818400859832764,-0.12352538108825684
251,-2.999439239501953,-0.889203667640686,0.6544413566589355,-0.8964481353759766,-0.32119297981262207,-0.0073091983795166016,-0.046550750732421875,-12.893850326538086,16.28201675415039,-37.944252014160156,20.0,2.774893283843994,-2.1382522583007812,-0.00026488490402698517,0.7211185097694397,-2.9828386306762695,-1.872601866722107,1.7995402812957764,2.0386438369750977,0.2900809943675995,-0.3101464509963989,-1.3270982503890991,-1.0530451536178589,-0.1585732102394104
252,8.832500457763672,-0.013431727886199951,-1.780466079711914,4.279869079589844,0.11755752563476562,-0.06072187423706055,-2.5939531326293945,-7.870013236999512,9.864435195922852,-17.093551635742188,20.0,4.063338279724121,-0.7787198424339294,-0.1810649186372757,0.33029380440711975,-4.660978317260742,-2.2507245540618896,2.857316493988037,2.30751895904541,0.42798295617103577,-0.18746216595172882,-1.2904598712921143,-1.088942527770996,-0.5286715626716614
253,20.662124633789062,7.090427398681641,-5.437267303466797,3.1265525817871094,0.22623324394226074,-0.11744976043701172,-16.553714752197266,-3.699927806854248,-3.439418077468872,0.7984809875488281,20.0,4.713497161865234,0.8647540807723999,-0.0803573876619339,0.17119507491588593,-8.379877090454102,-1.5158964395523071,4.097440242767334,-0.19935151934623718,0.050103530287742615,-0.28781062364578247,2.9504947662353516,1.6216914653778076,0.2182079255580902
254,39.88462829589844,20.145341873168945,-17.099082946777344,10.467037200927734,0.38782328367233276,-0.16720199584960938,-38.941009521484375,2.728022575378418,-6.22899866104126,0.3201713562011719,0.5416650772094727,0.2829399108886719,3.4039604663848877,0.8736029863357544,-0.14814090728759766,-6.36910343170166,6.116458892822266,6.113804340362549,-3.00662899017334,0.053762972354888916,-1.329588532447815,9.666132926940918,6.443304538726807,2.396005392074585
255,21.48598861694336,26.887069702148438,-39.437591552734375,-79.89973449707031,7.711773872375488,6.787640571594238,-21.982152938842773,-2.015775680541992,5.486605167388916,-8.211753845214844,-1.5542302131652832,-0.3528318405151367,1.1903891563415527,-0.25882989168167114,0.09883321076631546,0.6595486998558044,-2.195540189743042,0.06130686402320862,-3.7867443561553955,-0.05063755810260773,0.7691828012466431,9.755736351013184,1.216964840888977,1.6308668851852417
256,17.609207153320312,29.854427337646484,-45.484580993652344,-74.0545425415039,11.468807220458984,3.027463436126709,-14.423078536987305,-4.754927158355713,2.5516490936279297,-16.110857009887695,-0.9055056571960449,-0.1797027587890625,1.8663420677185059,-0.15003252029418945,-0.00020959600806236267,-0.4647812247276306,-1.666258692741394,0.14512483775615692,-2.8018083572387695,0.23152536153793335,1.2195814847946167,4.1896138191223145,0.15076205134391785,1.646083950996399
257,12.741338729858398,17.879486083984375,-28.137916564941406,-58.507633209228516,17.340652465820312,1.2902874946594238,-12.597023963928223,3.1921401023864746,-6.164786338806152,-5.843599319458008,-0.5015451908111572,-0.06921887397766113,2.1351730823516846,-0.05333053320646286,-0.01839292421936989,-1.1391181945800781,-1.3035529851913452,-0.08281005918979645,-2.6534080505371094,-0.017276635393500328,0.022916670888662338,1.5909353494644165,-1.0323318243026733,1.0860601663589478
258,21.137231826782227,12.414241790771484,-26.823043823242188,-57.1189079284668,20.0,0.22038894891738892,-16.54399299621582,6.480526924133301,-4.489238262176514,-2.1225688457489014,-0.2202296257019043,-0.10597331821918488,2.8145229816436768,-0.27000975608825684,0.08501844853162766,-2.022336006164551,-0.8073439598083496,-0.005758436396718025,-2.3059093952178955,0.05331497639417648,-0.10159289836883545,-0.27610185742378235,-1.00503671169281,0.045694347470998764
259,-20.531558990478516,14.256214141845703,-16.88593292236328,-39.49236297607422,20.0,-0.1645292341709137,12.254226684570312,-2.63763427734375,1.5125045776367188,2.710801124572754,0.11145925521850586,0.0094984769821167,2.5909759998321533,-0.37718459963798523,0.10903304815292358,-2.4478015899658203,-0.6018962264060974,0.017091214656829834,-1.654887318611145,-0.1916077733039856,-0.10770972073078156,-1.887962818145752,-1.3409188985824585,0.37019315361976624
260,-9.476913452148438,13.502842903137207,-3.723933696746826,-13.020127296447754,20.0,-1.8437753915786743,12.567390441894531,-4.889575481414795,3.6166305541992188,1.9040355682373047,0.16769862174987793,-0.07752645015716553,2.64249849319458,-0.42549097537994385,0.08070966601371765,-2.233907699584961,-0.3684252202510834,-0.4470284581184387,-0.25812071561813354,-0.40438762307167053,0.14266884326934814,-3.8868563175201416,-1.1158239841461182,0.2135971039533615
261,-10.306662559509277,8.348989486694336,1.2281399965286255,-7.996705055236816,20.0,-4.587536811828613,9.364778518676758,0.465747594833374,-0.6982147693634033,6.308809280395508,0.11841225624084473,-0.07470035552978516,1.562400221824646,-0.0832219049334526,0.24278372526168823,-0.37682273983955383,0.12088074535131454,-0.6712644100189209,0.3618747293949127,-0.34300896525382996,-0.3035227656364441,-4.691300868988037,-1.5857969522476196,-1.1869755983352661
262,-0.7119858264923096,1.3489136695861816,-1.4374669790267944,-4.171777725219727,20.0,-4.411554336547852,5.639503002166748,7.34304666519165,-3.402881622314453,6.978618621826172,0.13380670547485352,0.08146095275878906,0.8225149512290955,0.3593066334724426,0.029357869178056717,1.7051459550857544,0.28502094745635986,-2.5627026557922363,1.3169260025024414,0.33897802233695984,-0.6159375905990601,-5.4690399169921875,-2.1439948081970215,-1.9956612586975098
263,-16.91374397277832,-2.05354380607605,-2.657957077026367,-14.598136901855469,20.0,-4.405673503875732,17.419219970703125,-4.1917314529418945,4.884182929992676,10.231584548950195,0.45888638496398926,0.08101224899291992,-0.217674121260643,-0.2606152296066284,-0.19089053571224213,3.2630465030670166,1.6066738367080688,-2.188994884490967,2.3241512775421143,-0.26835498213768005,-0.021630829200148582,-5.935108184814453,-1.4738492965698242,-2.4421346187591553
264,-27.626052856445312,3.684542417526245,2.5192372798919678,-5.274311065673828,12.886136054992676,-2.542710781097412,31.36288833618164,-13.162237167358398,12.09610366821289,10.701038360595703,0.7036364078521729,0.03419208526611328,-3.1078689098358154,0.06919249892234802,0.029335904866456985,7.479262828826904,5.655354976654053,-2.2332749366760254,3.8947339057922363,-0.35105329751968384,1.5252268314361572,-8.659533500671387,1.9778040647506714,-2.6878061294555664
265,-25.04819107055664,2.4289259910583496,-1.0807347297668457,-8.86844253540039,-1.2794544696807861,0.1834712028503418,42.404300689697266,-13.570371627807617,23.174970626831055,-32.23711395263672,-16.548641204833984,-8.046188354492188,-3.2377140522003174,0.2391415238380432,-1.1914199590682983,8.144075393676758,1.7335808277130127,-2.953392505645752,1.3172314167022705,0.02015247941017151,0.4259878695011139,3.1499061584472656,-1.8562664985656738,0.2491055727005005
266,-8.900146484375,-4.270280361175537,2.659782886505127,-8.368030548095703,-0.6593388319015503,0.2899198532104492,4.7931809425354,-5.536842346191406,38.52764129638672,-68.87689971923828,4.601067543029785,-7.564212799072266,-3.468033790588379,-0.16402097046375275,-1.3710615634918213,5.780710697174072,0.2471626251935959,-2.050872802734375,1.1499212980270386,-0.24478164315223694,-0.3336581289768219,1.3144737482070923,-2.562746047973633,0.1746756136417389
267,-4.784998893737793,-9.281231880187988,9.91711139678955,-7.761775016784668,-0.3178945779800415,0.1388196349143982,6.318277359008789,-7.37615966796875,21.928607940673828,-60.62337112426758,10.361648559570312,-4.116762638092041,-2.921290874481201,-0.03450196981430054,0.29013413190841675,2.3944873809814453,0.44958704710006714,-0.28633761405944824,1.4491349458694458,-0.11065106838941574,-0.02589552104473114,0.6419039964675903,-2.227882146835327,0.17029163241386414
268,-7.656538963317871,-2.649221420288086,2.3282718658447266,-7.7832441329956055,-0.7346148490905762,0.07480931282043457,7.996868133544922,-8.233963966369629,14.655879020690918,-46.704715728759766,18.090744018554688,-1.7420611381530762,-2.5268988609313965,0.30166858434677124,0.46531131863594055,-1.3948560953140259,-2.194308280944824,1.055007815361023,1.6749011278152466,0.19464679062366486,-0.16559608280658722,-0.08712708950042725,-1.790981411933899,-0.0643848329782486
269,2.166285514831543,1.1674555540084839,-0.9094028472900391,1.0494384765625,0.03919649124145508,-0.018141746520996094,1.795393943786621,-18.039106369018555,15.179620742797852,-45.530860900878906,20.0,0.2728584110736847,-1.4295964241027832,0.3253432512283325,0.26276955008506775,-4.176491737365723,-1.9735236167907715,2.100111484527588,2.190768241882324,0.271829217672348,-0.2484939694404602,-0.7386565804481506,-1.5564868450164795,-0.01158459484577179
270,4.121747016906738,3.4860520362854004,-3.635387420654297,5.216194152832031,0.03338146209716797,-0.05038642883300781,-1.2382125854492188,-12.780597686767578,8.070873260498047,-18.87091827392578,20.0,2.94248366355896,-0.4804709255695343,0.4641828238964081,-0.3388735055923462,-5.557488441467285,-2.57769513130188,3.3953375816345215,2.3226370811462402,0.5574455261230469,-0.23278987407684326,-0.788663387298584,-1.475721836090088,-0.4169020652770996
271,21.078691482543945,6.340274333953857,-4.775240898132324,7.195152282714844,0.32680821418762207,-0.22585439682006836,-19.495258331298828,-8.351827621459961,-0.5984361171722412,-2.4056177139282227,20.0,3.4383769035339355,0.8392660617828369,0.31078049540519714,-0.49900519847869873,-8.075140953063965,-1.8764593601226807,3.4868297576904297,-0.2999255657196045,-0.026410385966300964,-0.3585919439792633,3.571204662322998,1.459922194480896,-0.5653306841850281
272,51.96213912963867,12.023259162902832,-19.697668075561523,-61.55598831176758,12.71591854095459,5.389883041381836,-44.66621398925781,13.062851905822754,-12.219677925109863,-2.5633010864257812,3.9001283645629883,1.3958680629730225,1.481223702430725,-0.27107271552085876,-0.1604396551847458,1.3280766010284424,-2.739434242248535,0.25934237241744995,-2.61806321144104,-0.704293966293335,-1.4493087530136108,8.478351593017578,6.733153343200684,1.6717618703842163
273,43.9669075012207,20.19359588623047,-40.427520751953125,-89.2210693359375,15.525949478149414,3.165259599685669,-41.73420715332031,15.645834922790527,-6.802563667297363,-5.848651885986328,-1.7487298250198364,-0.1262960433959961,1.7659037113189697,-0.12575839459896088,0.2468024492263794,0.2853458821773529,-2.1185240745544434,0.27504557371139526,-4.608441352844238,1.1888631582260132,0.4694609045982361,9.792152404785156,1.145971655845642,1.9252674579620361
274,16.641111373901367,29.389240264892578,-47.397579193115234,-72.72445678710938,20.0,3.9084277153015137,-18.517379760742188,-11.187746047973633,6.0434770584106445,-15.15162467956543,-0.8094079494476318,-0.26831936836242676,2.0968809127807617,-0.1982891857624054,0.27620530128479004,-0.8584954738616943,-1.5774400234222412,0.08913509547710419,-4.602089881896973,0.9592345356941223,0.9097492098808289,5.162415504455566,0.9291098117828369,1.3177098035812378
275,7.68199348449707,17.06924057006836,-31.303443908691406,-61.61436462402344,20.0,1.2637438774108887,-6.486545562744141,-4.44304895401001,-0.8424020409584045,-10.186830520629883,-0.6576005816459656,-0.10276734828948975,2.593733072280884,-0.20230720937252045,0.3726530075073242,-1.761655330657959,-1.0961754322052002,0.130991593003273,-3.751332998275757,0.34822192788124084,0.20426687598228455,0.5603311657905579,-0.0863884836435318,0.7849109172821045
276,-7.174332618713379,18.006362915039062,-20.69913101196289,-47.53791809082031,20.0,0.4429459571838379,4.636300086975098,-1.9183390140533447,-0.5614697933197021,0.6910619735717773,-0.11168354749679565,-0.03821980953216553,2.7064602375030518,-0.34171605110168457,0.15820077061653137,-2.2497262954711914,-0.8089088201522827,0.024271540343761444,-2.865652084350586,-0.052211835980415344,-0.3966415822505951,-1.5232182741165161,-0.46367204189300537,0.6634187698364258
277,-18.864850997924805,13.355891227722168,-13.748808860778809,-37.483482360839844,20.0,-1.429227352142334,16.659820556640625,-1.3237345218658447,1.2942107915878296,4.83357048034668,0.1693105697631836,-0.13917028903961182,2.859304904937744,-0.3757697343826294,0.0887797474861145,-2.6342055797576904,-0.6150015592575073,-0.05631926655769348,-1.3747884035110474,-0.26329025626182556,-0.5390547513961792,-3.148383617401123,-0.5636849403381348,-0.8641493320465088
278,-8.414335250854492,11.418611526489258,-1.8535749912261963,-17.34817123413086,20.0,-4.780119895935059,9.144201278686523,-1.0970420837402344,0.8001875877380371,6.9497575759887695,0.09914946556091309,0.05759859085083008,2.9923229217529297,-0.49320098757743835,0.18029454350471497,-2.5819523334503174,-0.5092958211898804,-0.2999897003173828,-0.42190155386924744,-0.44322606921195984,-0.5286695957183838,-3.321753978729248,-1.4127610921859741,-1.2114877700805664
279,-14.387075424194336,5.425964832305908,3.9668021202087402,-8.849204063415527,20.0,-4.579442024230957,13.492597579956055,1.514124870300293,0.3355860710144043,6.5159149169921875,0.27196836471557617,0.10039258003234863,1.9299900531768799,-0.22654075920581818,0.35251787304878235,-0.6643095016479492,0.04042438417673111,-1.2760344743728638,0.36305275559425354,-0.19592979550361633,-0.4972042739391327,-4.070357799530029,-1.2919180393218994,-1.154961347579956
280,-0.37105441093444824,-0.6161121129989624,3.25620436668396,1.9418210983276367,20.0,-4.021304607391357,7.951865196228027,-0.8598067760467529,3.1347672939300537,3.9498062133789062,0.14237165451049805,-0.0066432952880859375,0.5029210448265076,-0.1777999997138977,0.42351579666137695,2.6448378562927246,1.4689127206802368,-3.0354623794555664,1.333647608757019,-0.18388158082962036,0.22073857486248016,-5.4225664138793945,-1.2103277444839478,-2.005749464035034
281,-28.35220718383789,4.125401496887207,0.5605132579803467,-8.350475311279297,20.0,-3.774986743927002,39.68550109863281,-10.150672912597656,10.175668716430664,10.766365051269531,0.5495241284370422,0.023284912109375,-1.9757940769195557,-0.055317092686891556,0.16819371283054352,6.783276557922363,5.499843597412109,-2.295374631881714,4.009119033813477,-0.499813050031662,0.7752244472503662,-8.668130874633789,-0.04872271418571472,-2.589674234390259
282,-40.14210510253906,7.739203929901123,-1.1099061965942383,-13.100276947021484,-1.1581439971923828,0.14410972595214844,40.60088348388672,-4.151288032531738,29.643104553222656,-7.167263031005859,-16.4152889251709,-12.536835670471191,-3.791679859161377,0.15900962054729462,-0.2772482633590698,8.20968246459961,4.239316463470459,-3.265416145324707,2.540126323699951,-1.114018201828003,-0.4028146266937256,-0.540838360786438,8.751441955566406,0.04311734437942505
283,-13.564397811889648,2.0436899662017822,-2.634942054748535,-9.503490447998047,-1.1492102146148682,0.41800856590270996,27.906230926513672,-20.203895568847656,41.335323333740234,-58.090328216552734,7.941483497619629,-8.726112365722656,-3.8620717525482178,-0.22717881202697754,-1.3103758096694946,6.277210712432861,0.5576634407043457,-1.6819794178009033,1.0726832151412964,-0.45470350980758667,0.06747978925704956,2.180330753326416,-3.381587028503418,0.7800745368003845
284,-13.552118301391602,-3.7723679542541504,6.593385696411133,-7.3205718994140625,-0.36189985275268555,0.09230363368988037,22.206623077392578,-15.907941818237305,35.62750244140625,-69.8372802734375,10.299104690551758,-3.8422670364379883,-3.8221731185913086,0.2729438245296478,-0.09973131865262985,3.453213930130005,1.4061018228530884,-0.822072446346283,1.5326932668685913,-0.34371352195739746,0.05780167877674103,1.2552908658981323,-2.671405792236328,0.047821223735809326
285,-10.155454635620117,-0.05066561698913574,1.1458109617233276,-3.7078237533569336,-0.6142799854278564,0.13548898696899414,16.868080139160156,-17.518543243408203,33.75973129272461,-60.9833984375,20.0,-1.353849172592163,-3.8201870918273926,0.5082168579101562,0.09552735090255737,1.144484043121338,-0.31265079975128174,0.7847606539726257,1.8852362632751465,-0.24504336714744568,-0.010191604495048523,0.4292045831680298,-2.203584671020508,-0.09969708323478699
286,8.432933807373047,-5.768134593963623,2.3497159481048584,-1.5055694580078125,-0.20411372184753418,-0.04965710639953613,-7.705879211425781,-11.216689109802246,17.54582405090332,-58.18286895751953,20.0,-1.9552620649337769,-2.637035846710205,0.336423397064209,0.16940295696258545,-2.2845187187194824,-1.1934500932693481,1.2107371091842651,2.1495602130889893,0.006574675440788269,0.1973057985305786,-0.34244465827941895,-1.92964768409729,0.4614830017089844
287,5.925713539123535,1.6931970119476318,-1.3718116283416748,2.1400089263916016,-0.06819438934326172,-0.038196563720703125,-2.4208545684814453,-14.215446472167969,9.692458152770996,-37.3402214050293,20.0,-1.8204147815704346,-1.4890875816345215,0.7412198781967163,0.07781916111707687,-4.796194553375244,-1.567362666130066,2.1031246185302734,2.3736069202423096,0.30369943380355835,0.12380516529083252,-0.792599618434906,-1.602733850479126,0.22828108072280884
288,17.149930953979492,-3.2114367485046387,0.3525066375732422,9.79861831665039,0.2671167850494385,-0.15219402313232422,-12.987702369689941,-4.711257457733154,0.6946333050727844,-21.56248664855957,20.0,1.353590965270996,0.03803195431828499,0.4985036849975586,-0.17642226815223694,-5.58796501159668,-1.8372204303741455,2.3873538970947266,2.715374231338501,0.3069513738155365,-0.042273297905921936,-0.8415563106536865,-1.6923326253890991,-0.0974155068397522
289,20.20956802368164,3.512835741043091,-3.316617250442505,8.661933898925781,0.410716712474823,-0.11361455917358398,-22.40749168395996,-5.692462921142578,-8.715771675109863,-6.09323787689209,20.0,3.9875879287719727,0.8677822947502136,0.6258730888366699,-0.1952538788318634,-7.145963191986084,-0.3175293207168579,3.2801499366760254,0.02414702996611595,-0.17332446575164795,-0.579208493232727,3.014594793319702,1.3203235864639282,-0.6582061052322388
290,51.2666130065918,11.291589736938477,-20.555856704711914,-43.98573684692383,-20.0,9.468612670898438,-47.62913513183594,3.1585679054260254,-7.488513946533203,-2.9904136657714844,2.294912338256836,0.9022431373596191,1.3116233348846436,-0.6229700446128845,0.17935146391391754,1.3236286640167236,-2.542332410812378,0.18141764402389526,-2.772700786590576,-1.4162262678146362,-1.0132813453674316,8.177066802978516,6.326329708099365,2.116389751434326
291,25.017356872558594,25.764890670776367,-44.549461364746094,-76.19671630859375,10.450400352478027,4.6074957847595215,-19.257781982421875,6.613697528839111,0.0708770751953125,-6.096527099609375,-1.6151701211929321,-0.2447948455810547,1.6943562030792236,0.009399697184562683,0.3696650266647339,0.5991886854171753,-2.3563551902770996,0.28377074003219604,-3.122596263885498,0.5735315680503845,0.9820539355278015,7.2516560554504395,-0.16136577725410461,2.050020694732666
292,26.014545440673828,20.442441940307617,-45.78609085083008,-80.3438949584961,19.020145416259766,2.580240249633789,-23.924522399902344,3.3714308738708496,-3.4163665771484375,-10.5732421875,-0.5209326148033142,-0.19594025611877441,2.0319645404815674,-0.06546647846698761,0.13403859734535217,-0.6045796871185303,-1.6583929061889648,0.13970966637134552,-3.137418746948242,0.8812861442565918,0.5973812937736511,3.554734230041504,0.3155934810638428,1.156909465789795
293,16.93733024597168,20.584264755249023,-32.837677001953125,-53.37862014770508,20.0,2.3748159408569336,-10.178197860717773,-7.263787269592285,2.0109610557556152,-6.530237674713135,-0.4569322168827057,-0.11677074432373047,2.659207582473755,-0.1374519020318985,0.22966879606246948,-1.380094289779663,-1.2568178176879883,-0.028746172785758972,-2.4640724658966064,0.430927038192749,0.5336191654205322,0.3062925636768341,-0.2822476327419281,0.8716537356376648
294,-4.870245933532715,18.589717864990234,-23.87522315979004,-50.27777862548828,19.45146942138672,2.137084484100342,5.115925312042236,-7.640724182128906,3.3837149143218994,2.2712621688842773,0.05141712725162506,-0.14075851440429688,2.9426565170288086,-0.4279119670391083,0.3296542763710022,-1.9865448474884033,-0.9947346448898315,0.21268470585346222,-1.5965776443481445,-0.4381130039691925,0.46555718779563904,-1.0654089450836182,-0.09570435434579849,-0.10099972039461136
295,2.313065528869629,12.438493728637695,-15.575472831726074,-21.864818572998047,20.0,1.4964540004730225,-6.501769065856934,3.3870198726654053,-3.0309205055236816,1.9313316345214844,-0.16687864065170288,0.08089679479598999,2.458102226257324,-0.32470062375068665,0.002356809563934803,-1.7366867065429688,-0.8932830691337585,-0.3013455271720886,-1.7660889625549316,-0.23195409774780273,-0.10401623696088791,-1.8124322891235352,-0.4654107689857483,0.4724358022212982
296,-23.68427276611328,12.5724458694458,-8.67119312286377,-31.8786678314209,20.0,-0.7384949922561646,21.4936580657959,-1.2157769203186035,1.437416434288025,7.661126136779785,0.24933671951293945,-0.066181480884552,2.5399651527404785,-0.35094207525253296,-0.04155217856168747,-1.8972835540771484,-0.9482781887054443,-0.13054689764976501,-0.3566048741340637,-0.3056408762931824,-0.13292641937732697,-2.52827787399292,-1.170325517654419,0.11224432289600372
297,-3.6203842163085938,-3.0850255489349365,8.880709648132324,-1.1933327913284302,20.0,-4.388114929199219,8.077805519104004,3.169846773147583,-2.01507568359375,0.5812492370605469,0.12148654460906982,-0.08780980110168457,1.502869963645935,-0.11799430847167969,0.23338614404201508,0.08397922664880753,0.19486571848392487,-0.33606332540512085,0.5871149897575378,-0.12606650590896606,-0.25593841075897217,-4.995703220367432,-0.32229939103126526,-1.6368876695632935
298,-2.6496973037719727,-7.607785701751709,6.229709625244141,-1.205733299255371,20.0,-4.849519729614258,9.677164077758789,2.195005178451538,0.0302121639251709,4.09710693359375,0.0011098384857177734,0.09656858444213867,0.21512524783611298,-0.2799491286277771,0.19817867875099182,2.7427680492401123,1.631390929222107,-1.1205239295959473,1.8584625720977783,-0.2847452163696289,-0.10226819664239883,-7.354428768157959,-0.3079623281955719,-2.1162426471710205
299,-24.201374053955078,-2.0086193084716797,4.864944934844971,-0.8966598510742188,9.773209571838379,-2.1378307342529297,33.46832275390625,-11.901415824890137,9.995240211486816,12.389396667480469,0.1357710361480713,0.022644996643066406,-1.9677914381027222,-0.04449343681335449,0.41743889451026917,7.253946304321289,5.545970916748047,-2.9882166385650635,3.880911350250244,-0.8795830011367798,0.1947784423828125,-6.223184585571289,3.071584701538086,-4.560389518737793
300,-24.535058975219727,0.6556298732757568,-0.5995593070983887,-9.838085174560547,-1.3042311668395996,0.25446653366088867,25.83207893371582,-6.110022068023682,20.849098205566406,-40.69458770751953,-17.71583366394043,-11.390843391418457,-2.9644274711608887,0.22599409520626068,-0.8692033886909485,7.473757266998291,1.7886905670166016,-3.421773672103882,1.1788121461868286,0.22518298029899597,-0.029843119904398918,1.7352664470672607,-2.923471689224243,0.17623093724250793
301,-17.323654174804688,-6.913082122802734,6.586450576782227,-8.852842330932617,-0.8095769286155701,0.30122995376586914,20.348878860473633,-11.733241081237793,34.65729904174805,-74.73719024658203,4.26704216003418,-4.027334213256836,-2.987492799758911,0.05283946543931961,0.010176364332437515,4.845358848571777,-0.22574035823345184,-1.6661388874053955,1.405825138092041,-0.10171730816364288,-0.16979491710662842,0.9248530268669128,-2.3113503456115723,0.020551661029458046
302,-10.128826141357422,-6.711485862731934,5.055958271026611,-6.007922172546387,-0.3687964677810669,0.19190704822540283,13.559988975524902,-7.604927062988281,25.004179000854492,-66.6915283203125,10.138418197631836,-1.143009901046753,-2.749882221221924,-0.11447073519229889,0.2813737094402313,2.214754819869995,-0.9024501442909241,0.19728896021842957,1.8912217617034912,0.016091465950012207,-0.27556419372558594,0.02734328620135784,-1.8877441883087158,-0.08367697894573212
303,-0.22126483917236328,0.559329092502594,0.8058161735534668,-5.747293949127197,-0.36486053466796875,0.031034469604492188,3.7919769287109375,-14.133346557617188,19.26604652404785,-56.66191864013672,14.875923156738281,1.6659866571426392,-1.5058242082595825,0.14221623539924622,0.7142093777656555,-1.9450615644454956,-2.38944935798645,1.3776971101760864,2.474952459335327,0.13439606130123138,-0.2628154456615448,-0.7720939517021179,-1.5684655904769897,0.23961052298545837
304,4.585795879364014,-4.0748395919799805,1.3347268104553223,4.718174934387207,0.35032105445861816,-0.09111738204956055,-11.738170623779297,-12.935734748840332,10.176868438720703,-50.99982833862305,19.133281707763672,1.6120103597640991,-1.254628300666809,-0.0639319196343422,0.40501609444618225,-3.333608388900757,-0.6849687695503235,1.8584365844726562,2.3143796920776367,0.31344708800315857,-0.3842753767967224,-1.308242917060852,-1.2322213649749756,0.12975677847862244
305,12.361846923828125,6.2228684425354,-6.227337837219238,6.107982635498047,-0.04173421859741211,-0.045166015625,-10.4197998046875,-16.44761085510254,9.786612510681152,-18.289222717285156,20.0,5.082510948181152,-0.008060334250330925,0.15117749571800232,-0.26023709774017334,-4.368513107299805,-2.493955373764038,2.473181962966919,2.3311188220977783,0.5992761850357056,-0.27151480317115784,-1.182356595993042,-1.0397112369537354,-0.541633665561676
306,18.403759002685547,9.509937286376953,-7.14889669418335,2.2182044982910156,0.32814717292785645,-0.0636296272277832,-18.912736892700195,-6.6142754554748535,-3.074974536895752,3.3808164596557617,18.067306518554688,4.072992324829102,1.1411763429641724,0.20415152609348297,-0.5747587084770203,-8.031855583190918,-0.9202798008918762,3.674776077270508,-0.9469238519668579,-0.0034597832709550858,-0.40810397267341614,3.830967903137207,2.271927833557129,0.4330712556838989
307,37.240745544433594,13.549910545349121,-24.51804542541504,-38.45679473876953,-20.0,10.296832084655762,-36.745399475097656,-2.6239752769470215,-3.330554723739624,-1.2406387329101562,-0.1499958038330078,0.14036083221435547,2.8258628845214844,0.3161277174949646,0.5860079526901245,-3.296750068664551,10.392792701721191,1.7496649026870728,-3.083678722381592,-0.624494731426239,-0.4857354760169983,9.860002517700195,5.056710720062256,2.9851505756378174
308,4.963649749755859,31.815990447998047,-40.646602630615234,-86.74124908447266,5.37113094329834,6.2069172859191895,-7.294618606567383,-2.6336631774902344,4.028017044067383,-8.480419158935547,-1.3072872161865234,-0.3994624614715576,1.5458976030349731,0.07984688878059387,0.1933719664812088,0.4029923975467682,-2.1443731784820557,0.028268039226531982,-2.6814730167388916,-0.019567159935832024,0.9171943068504333,7.488630294799805,0.3387431800365448,1.5532665252685547
309,21.210369110107422,21.413339614868164,-41.17461013793945,-77.94869995117188,13.366256713867188,3.072357177734375,-23.000085830688477,6.27630615234375,-4.773133754730225,-9.80242919921875,-0.6922184228897095,-0.1223747730255127,1.8142611980438232,-0.015443414449691772,-0.07689934968948364,-0.5963348746299744,-1.4783090353012085,0.022086557000875473,-2.6145832538604736,0.3546978831291199,0.6020806431770325,4.536514759063721,-0.8537126779556274,1.041574478149414
310,6.446287155151367,20.867177963256836,-28.892101287841797,-59.227996826171875,14.46087646484375,2.7191896438598633,-8.042219161987305,-4.554279804229736,0.8832235336303711,-10.367866516113281,-0.37771403789520264,-0.07069277763366699,2.319178342819214,-0.004652462899684906,0.12681066989898682,-1.5627373456954956,-1.0319066047668457,-0.15325325727462769,-1.8884104490280151,0.0726616159081459,0.5941687226295471,-0.06031955033540726,-0.5213586688041687,1.358092188835144
311,-12.920848846435547,15.501928329467773,-15.701794624328613,-55.134307861328125,17.82682991027832,1.124523401260376,7.696051120758057,1.3735417127609253,-2.5237345695495605,3.6995553970336914,0.15060758590698242,-0.11022961139678955,2.4800291061401367,-0.22379282116889954,0.12339375168085098,-2.1592540740966797,-0.6802516579627991,0.07511094212532043,-0.9797418713569641,-0.36457088589668274,-0.06691872328519821,-1.2928239107131958,-0.30037105083465576,0.5028329491615295
312,1.7535486221313477,12.3971586227417,-13.152482986450195,-38.02888107299805,20.0,-1.943576693534851,-3.3764564990997314,4.5314106941223145,-3.3680214881896973,5.323051452636719,-0.10845351219177246,-0.023175442591309547,2.7768237590789795,-0.31282660365104675,0.18650968372821808,-2.5442662239074707,-0.46647417545318604,-0.20434565842151642,-0.5734329223632812,-0.3417110741138458,-0.36802712082862854,-1.1793256998062134,-1.9924132823944092,-0.003566046478226781
313,-16.399246215820312,10.978440284729004,-14.343133926391602,-24.236713409423828,19.82045555114746,-2.301719903945923,8.674811363220215,-2.5726263523101807,3.365574598312378,-0.06703567504882812,0.1035771369934082,-0.0499567985534668,2.4893383979797363,-0.18602722883224487,0.10570046305656433,-2.521286964416504,-0.4186564087867737,-0.03608696162700653,0.35847803950309753,-0.14996212720870972,-0.11456809192895889,-3.951040267944336,-2.0243332386016846,-0.05963777005672455
314,11.341249465942383,2.4514119625091553,2.588513135910034,5.51784086227417,20.0,-4.295236587524414,-6.652250289916992,2.463817834854126,-0.9835522174835205,3.3374366760253906,0.07913494110107422,-0.04947257041931152,1.6329957246780396,-0.2658205032348633,0.11616270989179611,-0.8210824131965637,0.11046262830495834,-0.5777183175086975,0.3737955689430237,-0.04423890635371208,0.2125920057296753,-4.330630779266357,-1.829496145248413,-1.0014432668685913
315,6.83283805847168,-5.592183589935303,6.405890464782715,9.568017959594727,20.0,-4.214572906494141,5.63113260269165,-1.6899058818817139,0.3056528568267822,1.8359832763671875,0.15036249160766602,0.04226088523864746,0.20236359536647797,0.041944168508052826,0.5003544092178345,2.8007895946502686,1.5955065488815308,-1.9699366092681885,1.5489357709884644,-0.16893278062343597,0.19339248538017273,-6.897335052490234,-0.9955543875694275,-1.6944994926452637
316,-17.419452667236328,-8.123237609863281,7.414894104003906,0.3177146911621094,14.24007797241211,-2.958341598510742,25.877084732055664,-2.921638011932373,4.605547904968262,10.140174865722656,0.3738013505935669,0.055785179138183594,-2.593937397003174,0.07709699124097824,0.571513295173645,7.852989673614502,6.063233375549316,-2.259960651397705,3.142003297805786,-0.16230550408363342,0.9490542411804199,-9.218206405639648,0.29728201031684875,-1.906377911567688
317,-26.88286590576172,-4.044564723968506,2.456357955932617,-10.765586853027344,-1.2504339218139648,0.12407398223876953,38.262699127197266,-12.33437728881836,7.143529891967773,-36.26966094970703,-19.159461975097656,-16.71195411682129,-3.371434211730957,0.1793808937072754,-0.08974624425172806,8.563624382019043,3.2234528064727783,-3.219808578491211,1.81766676902771,0.0548621267080307,0.38886719942092896,-1.303613305091858,7.6373186111450195,2.235239267349243
318,2.5866518020629883,-6.393682956695557,1.7829251289367676,-7.130260467529297,-0.8827194571495056,0.3591141700744629,-1.0620312690734863,-10.707937240600586,19.458364486694336,-80.03012084960938,0.1459808349609375,-7.218642711639404,-2.427724599838257,-0.2155361771583557,-0.8229638934135437,5.910383701324463,-0.5432329773902893,-1.7618074417114258,1.6749545335769653,0.16205266118049622,-0.06446763873100281,0.903033435344696,-2.5710690021514893,0.6318563222885132
319,-13.930328369140625,-4.254553318023682,5.632096290588379,-8.656407356262207,-0.42785191535949707,0.13662147521972656,5.168179512023926,-13.253851890563965,22.109018325805664,-64.92926025390625,4.9583353996276855,-0.7775468826293945,-2.810213088989258,-0.05851820856332779,-0.04131852835416794,3.240748643875122,-0.9579524993896484,-0.6774834990501404,1.5100092887878418,0.1861698180437088,-0.2008780688047409,0.2645941972732544,-1.8879002332687378,-0.12274777889251709
320,-6.428409576416016,-6.728670120239258,7.060459613800049,-3.926102638244629,-0.1268913745880127,0.005853116512298584,5.636579513549805,-9.795348167419434,16.349327087402344,-55.91793441772461,8.291327476501465,2.8927457332611084,-2.474597692489624,-0.23957277834415436,0.8934918642044067,0.8708646297454834,-0.5816653966903687,0.12032468616962433,1.8680996894836426,0.005336835980415344,-0.3186635971069336,-0.24223561584949493,-1.6646811962127686,-0.18071112036705017
321,-0.7634105682373047,2.3940939903259277,-3.3727915287017822,-1.4052681922912598,-0.17988181114196777,0.10062360763549805,-3.0587034225463867,-14.00274658203125,18.95882225036621,-52.97822570800781,15.347081184387207,2.001002073287964,-1.9334948062896729,0.008174976333975792,0.29009854793548584,-1.4464532136917114,-1.1174465417861938,1.1781820058822632,2.024263620376587,0.41843682527542114,-0.2857462167739868,-0.9466402530670166,-1.2885262966156006,0.1005997359752655
322,5.275008678436279,-4.729152679443359,2.5269460678100586,4.25004768371582,0.008251190185546875,-0.06035470962524414,-5.394235610961914,-7.738875865936279,11.505874633789062,-41.51936340332031,20.0,6.482012748718262,-0.9759987592697144,-0.2300744503736496,0.2196386754512787,-2.735119342803955,-2.163727045059204,2.2750189304351807,2.4365055561065674,0.5072212219238281,-0.37699705362319946,-1.4692035913467407,-1.055081844329834,-0.33164137601852417
323,4.549227714538574,11.151510238647461,-7.4218902587890625,-1.1044940948486328,-0.14867305755615234,-0.05297040939331055,-3.758993148803711,-19.28893280029297,7.022656440734863,-7.619442939758301,20.0,4.209951877593994,0.09793172776699066,-0.03714682534337044,-0.2841438055038452,-6.116373538970947,-3.272055149078369,3.282961368560791,1.8476425409317017,0.24665288627147675,-0.33405962586402893,-0.44126173853874207,-0.7694129347801208,0.7163800001144409
324,24.10515594482422,13.465621948242188,-10.34658432006836,5.1808319091796875,0.3492140769958496,-0.1472034454345703,-19.355318069458008,-5.958340644836426,-5.543115615844727,2.1320438385009766,20.0,4.083582878112793,1.8546133041381836,0.5657437443733215,-0.9649931788444519,-9.840258598327637,-2.4300999641418457,3.5918540954589844,-1.1418628692626953,0.1415715217590332,-0.6104505062103271,4.714066982269287,2.8675317764282227,0.9216418266296387
325,45.66645812988281,14.359733581542969,-31.743566513061523,-36.607688903808594,-20.0,6.110317230224609,-50.733619689941406,-5.748417854309082,-0.9185357093811035,-6.176441192626953,-0.37325096130371094,0.0539402961730957,2.0812835693359375,0.6333802938461304,0.4577360153198242,-2.653444528579712,12.491354942321777,0.0667874813079834,-4.038590431213379,-1.0317418575286865,-0.8285607099533081,10.392402648925781,6.262406826019287,2.834120988845825
326,4.3496928215026855,19.103849411010742,-36.75966262817383,-80.67385864257812,4.391956329345703,7.740331172943115,-4.178857803344727,4.182071208953857,0.6252450942993164,-7.662738800048828,-1.3655502796173096,-0.32257604598999023,1.3670467138290405,0.05270291864871979,0.22871512174606323,0.6918994188308716,-2.2797603607177734,0.029390811920166016,-3.6936981678009033,-0.19348621368408203,0.9265149235725403,8.546533584594727,1.346777319908142,2.054819107055664
327,26.109619140625,21.457246780395508,-38.62961959838867,-67.2235107421875,13.341577529907227,4.336455345153809,-25.091371536254883,5.92327880859375,-5.153343677520752,-13.692501068115234,-0.944915771484375,-0.18285083770751953,1.7912206649780273,0.18509896099567413,0.07283563911914825,-0.16713488101959229,-1.7873286008834839,0.12127766758203506,-3.685885429382324,0.5735610127449036,0.797396183013916,4.527624130249023,0.12948061525821686,1.1498216390609741
328,5.6283769607543945,10.743971824645996,-24.75017738342285,-65.4136962890625,17.469806671142578,3.1886608600616455,-11.030790328979492,9.238177299499512,-8.120488166809082,-6.305414199829102,-0.4539748430252075,-0.021455049514770508,1.8694287538528442,0.08287283033132553,0.017340756952762604,-0.9875632524490356,-1.2274489402770996,-0.09592796117067337,-3.672243595123291,0.6243093609809875,-0.2493281066417694,1.5953257083892822,-0.4554848074913025,0.7503519654273987
329,-8.019411087036133,20.017715454101562,-24.7601261138916,-55.05033493041992,19.423049926757812,1.3400105237960815,7.072717189788818,-5.4919586181640625,4.198745250701904,-1.5409421920776367,-0.09174609184265137,-0.13911956548690796,2.314901113510132,-0.2989973723888397,-0.010997772216796875,-1.8585013151168823,-0.7772858142852783,-0.04555836319923401,-2.3888559341430664,0.07702672481536865,0.17713183164596558,-1.155568242073059,-0.7815231680870056,0.23761697113513947
330,-17.140003204345703,13.5106201171875,-10.745025634765625,-32.40279769897461,20.0,-0.9138211011886597,15.720170974731445,-0.910231351852417,-0.2502579092979431,3.347649574279785,0.03234243392944336,-0.021300166845321655,2.5560574531555176,-0.21582041680812836,-0.019674140959978104,-2.1955394744873047,-0.7607038021087646,-0.06547550857067108,-0.9396818280220032,0.006716284900903702,-0.19773466885089874,-3.039844274520874,-2.0876388549804688,-0.13811713457107544
331,-3.275644302368164,11.493387222290039,-3.02655029296875,-13.730155944824219,20.0,-4.24464750289917,2.4193267822265625,-2.5133612155914307,1.0539227724075317,3.6826820373535156,0.1640784740447998,-0.03190922737121582,2.431096076965332,-0.40090295672416687,-0.04555272310972214,-2.0431594848632812,-0.6928805112838745,-0.18117257952690125,-0.3357475996017456,-0.4544040560722351,-0.35669615864753723,-4.08397102355957,-1.8424348831176758,-0.9627054333686829
332,-12.094480514526367,-0.7817105650901794,1.3979401588439941,-14.891036033630371,20.0,-5.782306671142578,4.360736846923828,7.609728813171387,-4.979992866516113,8.874043464660645,0.31409311294555664,0.1163935661315918,1.8760755062103271,-0.1888609081506729,0.28824979066848755,-1.4503247737884521,-0.9256652593612671,-0.8428122997283936,-0.47662511467933655,-0.05169494077563286,-0.6508644223213196,-3.5388729572296143,-1.3068163394927979,-1.3711174726486206
333,9.624468803405762,-4.661101818084717,5.2414326667785645,6.192236423492432,20.0,-4.4637885093688965,3.206718921661377,2.3693621158599854,0.42647087574005127,1.3045520782470703,-0.049860477447509766,0.02390909194946289,1.5426095724105835,-0.19103583693504333,0.3286764919757843,0.34674492478370667,-0.5826329588890076,-2.832021474838257,0.9213816523551941,0.17821042239665985,-0.02979603223502636,-5.576851844787598,-2.1387503147125244,-2.464200973510742
334,-14.986092567443848,-1.9358761310577393,1.8847217559814453,3.229185104370117,20.0,-3.0487985610961914,23.757383346557617,-9.500591278076172,8.445953369140625,5.027561187744141,0.3987158536911011,0.09173583984375,-1.66530179977417,-0.17773358523845673,0.21885009109973907,6.346638202667236,3.415236234664917,-2.504713296890259,2.810640335083008,-0.30231478810310364,0.5618609189987183,-9.766983985900879,-0.21265719830989838,-2.694546937942505
335,-38.63230895996094,0.4711904525756836,2.094142436981201,-6.794960021972656,-0.4006662368774414,0.10947132110595703,53.03767776489258,-12.802791595458984,16.432979583740234,-25.894004821777344,-20.0,-17.048580169677734,-4.1214141845703125,0.211933434009552,-0.6833809018135071,11.68394660949707,6.43744421005249,-4.126827239990234,1.7096619606018066,-0.25798913836479187,0.026876181364059448,-0.6410741806030273,9.125757217407227,3.422339677810669
336,-14.297647476196289,6.292534828186035,-5.280849456787109,-16.996002197265625,-1.8682887554168701,0.5321974754333496,24.50798988342285,-24.82725715637207,44.82553482055664,-67.29119110107422,2.836282253265381,-11.016358375549316,-3.2337300777435303,-0.19505152106285095,-1.366333246231079,7.018255233764648,-0.22687867283821106,-2.1645164489746094,0.9635782837867737,-0.13868974149227142,0.07786671817302704,1.95884370803833,-3.1605918407440186,0.6705615520477295
337,-17.395557403564453,-6.76742696762085,7.973889350891113,-8.729496002197266,-0.3837868571281433,0.1702594757080078,27.253793716430664,-9.79617691040039,36.2663688659668,-73.76907348632812,6.536147117614746,-4.007094860076904,-3.127972364425659,-0.07292979955673218,-0.29819032549858093,3.9876277446746826,0.341048002243042,-0.597735583782196,1.5812758207321167,-0.24912023544311523,-0.057407498359680176,0.9255673885345459,-2.4231996536254883,0.10280454158782959
338,-5.054841041564941,-3.857527732849121,4.053791046142578,-5.767848968505859,-0.36482179164886475,0.05956590175628662,4.326501846313477,-12.249167442321777,20.849571228027344,-71.85322570800781,7.108663558959961,-1.2591886520385742,-2.9759838581085205,0.25128376483917236,-0.012756627053022385,0.875592827796936,0.06996693462133408,0.3731451630592346,1.9363203048706055,0.02779144048690796,-0.2558431625366211,-0.1681510955095291,-1.8715022802352905,-0.017120614647865295
339,2.5517101287841797,-4.655216217041016,4.3295464515686035,-1.0769662857055664,-0.25333428382873535,-0.019059419631958008,-0.5100250244140625,-12.940839767456055,14.23794174194336,-47.364322662353516,14.385210037231445,1.0320442914962769,-2.137399196624756,0.26403868198394775,0.798936128616333,-1.669223666191101,-0.9543656706809998,1.6837565898895264,2.15283203125,0.03668084740638733,-0.1365247666835785,-0.5217186808586121,-1.6825624704360962,0.3516744375228882
340,3.2400922775268555,-2.6035120487213135,1.6541075706481934,3.7049474716186523,-0.03998064994812012,-0.1912226676940918,0.37795448303222656,-13.931571960449219,9.872507095336914,-46.101524353027344,14.897716522216797,2.1624085903167725,-1.1885242462158203,0.3582586348056793,0.8997295498847961,-3.2063369750976562,-1.645533800125122,1.2342537641525269,2.618673086166382,0.15022671222686768,-0.32990536093711853,-1.0468071699142456,-1.4691238403320312,0.29022592306137085
341,12.097159385681152,0.8537943363189697,-2.6831166744232178,6.017730712890625,0.13235139846801758,-0.0019788742065429688,-20.009838104248047,-14.962907791137695,10.364177703857422,-33.394683837890625,20.0,4.581331253051758,-0.38232100009918213,0.40790942311286926,0.9036208391189575,-4.774745464324951,-2.13043212890625,2.548797607421875,2.2024929523468018,0.2007095366716385,-0.2349310666322708,-1.2000274658203125,-0.9094725251197815,-0.43579238653182983
342,18.60140037536621,9.182796478271484,-9.96248722076416,7.803844451904297,0.30838680267333984,-0.019131183624267578,-19.227807998657227,-16.101455688476562,3.3195762634277344,-12.22633171081543,20.0,5.3357343673706055,0.5593442320823669,0.22257134318351746,-0.4719371497631073,-6.068333625793457,-1.9272725582122803,3.6783621311187744,0.6670523881912231,0.16713152825832367,-0.22954578697681427,1.196781039237976,0.28513938188552856,-0.27842798829078674
343,31.841136932373047,14.571084976196289,-12.843128204345703,1.7303352355957031,0.3867729902267456,-0.14790678024291992,-32.019412994384766,10.468027114868164,-10.802026748657227,5.4224853515625,5.288173675537109,1.4061145782470703,2.803062915802002,1.2340713739395142,-0.9100419282913208,-7.576290607452393,8.518329620361328,4.783764839172363,-2.651679277420044,0.6807581186294556,-1.077860713005066,8.878411293029785,6.173378944396973,2.3383567333221436
344,31.18630599975586,23.443504333496094,-37.762935638427734,-76.97225952148438,2.3711354732513428,7.257240295410156,-24.183216094970703,-6.601587295532227,6.930649280548096,-7.313022613525391,-1.3831958770751953,-0.3211030960083008,1.4617892503738403,-0.17265938222408295,0.3465844690799713,0.6528164148330688,-2.175276279449463,0.3119833767414093,-3.0548789501190186,-0.0668691024184227,0.9240067005157471,9.915529251098633,1.8768385648727417,2.1857731342315674
345,25.636627197265625,30.515241622924805,-44.77901840209961,-72.7862319946289,10.962910652160645,2.584104299545288,-29.446123123168945,0.49116063117980957,-2.502586841583252,-13.299291610717773,-1.0791865587234497,-0.20365571975708008,1.4999761581420898,-0.12981805205345154,0.06282598525285721,-0.19996140897274017,-1.6806538105010986,0.4114377498626709,-3.611212968826294,0.3060899078845978,0.679897665977478,7.018416404724121,-0.02710413560271263,1.3864688873291016
346,16.082244873046875,15.733437538146973,-33.88956069946289,-61.536739349365234,16.722169876098633,2.7196249961853027,-14.33100700378418,3.3697237968444824,-4.259128570556641,-11.919196128845215,-0.6404504776000977,-0.06806516647338867,2.0176823139190674,-0.017663970589637756,-0.04193764179944992,-1.097167730331421,-1.265814185142517,0.057299911975860596,-3.044110059738159,0.40791985392570496,-0.02750120498239994,2.8673040866851807,-0.9812039732933044,1.2825231552124023
347,-1.025477409362793,17.238628387451172,-24.395784378051758,-58.428489685058594,20.0,1.2200777530670166,-1.5859003067016602,-1.068744421005249,-0.07912886142730713,-3.157973289489746,-0.0586315393447876,-0.13332748413085938,2.359312057495117,-0.17602182924747467,0.18070323765277863,-2.0021722316741943,-0.7538366317749023,-0.045541346073150635,-2.5514986515045166,0.20770792663097382,0.12817834317684174,0.3730532228946686,-0.48421457409858704,0.7293992042541504
348,-2.7614784240722656,13.374529838562012,-17.15797996520996,-36.90989685058594,20.0,-1.5854841470718384,3.5512900352478027,-5.19743013381958,2.89735746383667,-4.352238655090332,-0.25384020805358887,-0.12415730953216553,2.7546515464782715,-0.505224347114563,0.190790593624115,-2.738542318344116,-0.35972344875335693,0.0253419429063797,-1.248565912246704,-0.4844174087047577,0.2819436490535736,-3.18856143951416,-1.0532540082931519,0.07519417256116867
349,-6.304010391235352,4.761743545532227,-6.437283992767334,-9.744626998901367,20.0,-4.702458381652832,5.253298282623291,3.4611756801605225,-3.219395637512207,3.4863948822021484,-0.09631681442260742,0.007512569427490234,2.266756534576416,-0.1465919464826584,0.008084486238658428,-2.061668872833252,-0.5226649641990662,-0.7460358738899231,-0.5468173623085022,-0.18048156797885895,-0.519210696220398,-4.743016719818115,-2.370744228363037,-0.6157446503639221
350,-4.469178199768066,-3.7305562496185303,-1.1441843509674072,-10.057503700256348,20.0,-5.480986595153809,5.949838161468506,7.749349117279053,-4.035288333892822,8.198902130126953,0.29901933670043945,0.0356602668762207,2.341691255569458,-0.10782647132873535,0.07083091139793396,-1.6911760568618774,-0.7282142639160156,-1.4339796304702759,0.2601834833621979,0.1626155823469162,-0.7122016549110413,-4.877634048461914,-2.362569808959961,-1.638179898262024
351,-4.63807487487793,-0.06781189143657684,5.063470840454102,1.9776582717895508,20.0,-3.9935712814331055,9.03329086303711,-0.23151862621307373,1.4070358276367188,6.712123870849609,0.3677518367767334,0.13074374198913574,0.47966742515563965,-0.018783826380968094,0.21700645983219147,1.717081904411316,0.7132223844528198,-1.8434008359909058,0.8064976930618286,0.14122380316257477,-0.3730986714363098,-5.648284435272217,-1.2378634214401245,-1.3691661357879639
352,-5.975681781768799,-3.5366547107696533,2.360520362854004,-7.220013618469238,20.0,-4.282305717468262,13.067705154418945,2.225508689880371,0.6210657954216003,9.018688201904297,0.3347196578979492,0.04797506332397461,-0.31394052505493164,-0.2608240246772766,0.10781757533550262,3.6347527503967285,1.8883512020111084,-1.9011659622192383,2.000804901123047,0.2875533699989319,0.2529488801956177,-6.482846260070801,-0.29125916957855225,-2.118515729904175
353,-27.175424575805664,1.7975149154663086,2.8560562133789062,-2.0211944580078125,7.529709815979004,-1.232297420501709,35.69400405883789,-15.55186653137207,11.982771873474121,12.191532135009766,0.5072023868560791,-0.01760387420654297,-3.157748222351074,0.1417182981967926,0.6081499457359314,9.34129524230957,7.734640598297119,-2.984088182449341,3.895909070968628,-0.4205606281757355,0.9018591046333313,-8.777087211608887,1.573548674583435,-3.3027515411376953
354,-20.26861000061035,-1.480947732925415,-0.6889610290527344,-11.323856353759766,-1.7184929847717285,0.2879676818847656,28.588088989257812,-8.39413070678711,18.702083587646484,-42.990909576416016,-19.591142654418945,-7.1562371253967285,-3.3848538398742676,-0.3922630846500397,-1.0966120958328247,8.904760360717773,1.9148391485214233,-3.0335404872894287,1.8146064281463623,-0.7130517959594727,-0.23104843497276306,-0.1768990159034729,6.230102062225342,0.9492189884185791
355,-12.213119506835938,-0.04512810707092285,1.1865038871765137,-10.429824829101562,-0.8403047323226929,0.3262159824371338,16.8673095703125,-19.753360748291016,42.088748931884766,-69.83600616455078,4.77053689956665,-7.614084243774414,-3.248629570007324,-0.39135831594467163,-0.9107414484024048,5.897383689880371,-0.13631458580493927,-1.5938206911087036,1.1111897230148315,-0.323407918214798,-0.08331029117107391,1.6448125839233398,-2.8225009441375732,0.30551695823669434
356,-14.341663360595703,-10.66178035736084,9.002045631408691,-6.937220573425293,-0.35463306307792664,0.09386157989501953,17.751117706298828,-5.658525466918945,30.28139877319336,-72.18485260009766,9.466131210327148,-2.929156541824341,-3.3029978275299072,-0.28788381814956665,0.19674715399742126,3.305234670639038,0.09337864071130753,-0.5020937919616699,1.4403330087661743,0.010686606168746948,0.08321493864059448,0.6124005913734436,-2.183109760284424,0.09824681282043457
357,-14.708681106567383,-3.2662160396575928,4.4269890785217285,-8.666312217712402,-0.715235710144043,0.06719958782196045,20.43878936767578,-13.821636199951172,21.538415908813477,-55.14588928222656,17.09189224243164,-0.12417995929718018,-3.1532604694366455,-0.007696060463786125,0.7093909382820129,-0.5527756214141846,-1.5550349950790405,0.9918835759162903,1.9159135818481445,0.1995241791009903,-0.02303966134786606,-0.3040425181388855,-1.6873263120651245,-0.09056781232357025
358,-0.6899518966674805,0.549610435962677,-0.5987272262573242,-2.3442344665527344,-0.20837712287902832,-0.024997711181640625,4.798114776611328,-16.92677116394043,18.5225772857666,-39.95462417602539,20.0,0.9689394235610962,-2.1712863445281982,-0.1397165209054947,0.534235954284668,-4.170444011688232,-1.797228455543518,1.7973577976226807,2.2929646968841553,0.16615113615989685,-0.0007498785853385925,-0.8495126366615295,-1.4993493556976318,-0.009849727153778076
359,15.110191345214844,9.777551651000977,-6.866473197937012,6.619701385498047,0.097991943359375,-0.03836631774902344,-15.864873886108398,-22.75492286682129,11.936491966247559,-28.94084930419922,20.0,4.5961480140686035,-0.75076824426651,0.3780638575553894,0.028657784685492516,-6.023196697235107,-2.506105661392212,2.718778371810913,2.479529857635498,0.2865538001060486,-0.14818350970745087,-1.1363840103149414,-1.4226659536361694,-0.3556607961654663
360,15.12573528289795,14.915070533752441,-10.764856338500977,7.905147552490234,0.1978597640991211,-0.0464630126953125,-10.30482292175293,-21.308210372924805,4.935545921325684,-6.11309814453125,20.0,3.755571126937866,0.6373298168182373,0.8484535813331604,-0.5868403911590576,-7.731168746948242,-2.66595196723938,3.9449217319488525,1.2592146396636963,0.04689541086554527,-0.3024795949459076,1.322896957397461,-0.2735099494457245,0.8138865232467651
361,37.10732650756836,9.192533493041992,-8.993640899658203,15.504756927490234,0.6822845935821533,-0.2236919403076172,-36.319580078125,-5.749358177185059,-1.5340466499328613,-8.248554229736328,16.769668579101562,3.681403398513794,2.092188835144043,1.5850467681884766,0.05151623487472534,-5.016077995300293,5.578396797180176,0.7744760513305664,-1.9789470434188843,-0.24886779487133026,-0.472155898809433,6.220362186431885,3.832228660583496,0.7082449197769165
362,40.95220184326172,22.106529235839844,-37.5518798828125,-73.77455139160156,8.857963562011719,7.511852264404297,-33.938575744628906,11.184467315673828,-6.20150089263916,-1.1928367614746094,-0.6267175674438477,0.08095836639404297,1.165879726409912,-0.3585937023162842,-0.16827258467674255,1.2915830612182617,-2.4461803436279297,0.2333039939403534,-3.7352731227874756,-0.3925717771053314,-0.3351295292377472,10.301488876342773,4.052791595458984,2.6754872798919678
363,28.523677825927734,30.509117126464844,-45.81753921508789,-63.5204963684082,16.589488983154297,4.0778679847717285,-24.535938262939453,-8.08727741241455,7.376345634460449,-16.773263931274414,-1.4512717723846436,-0.399503231048584,1.5983904600143433,-0.2365598976612091,0.13687478005886078,0.1861928105354309,-1.97622811794281,0.22045783698558807,-3.921689748764038,0.2869330644607544,1.7664376497268677,5.947160720825195,0.9016801118850708,1.86591374874115
364,18.039165496826172,22.104764938354492,-35.976322174072266,-60.866939544677734,20.0,2.769151449203491,-12.65182876586914,-0.6733165383338928,-3.977149486541748,-10.534505844116211,-0.7078445553779602,-0.1280839443206787,2.1389245986938477,-0.025727830827236176,-0.056119516491889954,-0.7009046673774719,-1.5721526145935059,-0.1683463454246521,-3.224557638168335,0.16656187176704407,0.7624238729476929,1.4428201913833618,-0.08811169862747192,1.1296149492263794
365,-5.060207843780518,17.166744232177734,-22.043590545654297,-50.5983772277832,20.0,2.327117919921875,5.314154148101807,-2.1835029125213623,-0.5836938619613647,-0.024177908897399902,-0.09057837724685669,-0.08845221996307373,2.3965203762054443,-0.1566387563943863,0.0010521672666072845,-1.327622890472412,-1.2838878631591797,-0.014150820672512054,-2.342963457107544,-0.40371161699295044,0.2988405227661133,-0.7043607234954834,-0.3935011327266693,0.7002761960029602
366,-9.666141510009766,13.847174644470215,-12.234795570373535,-45.56351852416992,20.0,0.15839511156082153,7.2437238693237305,-0.8934869766235352,-0.18190288543701172,2.31646728515625,-0.00919032096862793,-0.06421554088592529,2.6207001209259033,-0.3833714723587036,0.14369836449623108,-1.9537018537521362,-0.9444264769554138,-0.06428202986717224,-1.392274260520935,-0.8263704180717468,0.20640772581100464,-2.560251235961914,-0.6431789994239807,0.34943029284477234
367,-6.478177070617676,7.12310791015625,0.18090513348579407,-14.501291275024414,20.0,0.32982707023620605,5.803232192993164,9.429082870483398,-6.152981281280518,7.404131889343262,0.21450752019882202,0.02706374228000641,2.355424165725708,-0.252479612827301,-0.036403439939022064,-1.5335012674331665,-1.0048058032989502,-0.6665437817573547,-1.039626121520996,-0.2982218861579895,-0.4162450432777405,-2.1428229808807373,-0.4734758138656616,0.10922382026910782
368,0.39063549041748047,1.322777271270752,-2.966996669769287,-16.709896087646484,20.0,-2.2688770294189453,1.9933420419692993,5.652138710021973,-2.32997465133667,3.5459117889404297,-0.13776350021362305,-0.04003643989562988,2.5917677879333496,-0.2907930016517639,0.234402135014534,-1.5270367860794067,-1.1057621240615845,-0.3968856930732727,-0.3288114666938782,0.056623928248882294,-0.05656934902071953,-2.779340982437134,-2.2784805297851562,-0.6229103803634644
369,-9.6674165725708,0.9933593273162842,-2.6753673553466797,-10.744457244873047,20.0,-4.633260726928711,7.102120399475098,1.423063039779663,-0.2729519307613373,3.2671947479248047,0.3045015335083008,0.002544879913330078,1.8353370428085327,-0.24011357128620148,0.16206425428390503,-0.5036228895187378,-0.9225648045539856,-0.9566491842269897,0.30383312702178955,0.1243891716003418,-0.04021794721484184,-4.43717622756958,-1.1109472513198853,-1.4425398111343384
370,-3.105708122253418,-2.3930447101593018,3.7160656452178955,3.841679573059082,20.0,-3.8759608268737793,14.699966430664062,-2.95571231842041,2.6532859802246094,2.232616424560547,0.016741514205932617,0.020566463470458984,0.24274465441703796,-0.029535621404647827,0.09370109438896179,3.237525224685669,0.9158081412315369,-2.6268606185913086,2.287785530090332,0.030763616785407066,0.06302591413259506,-8.351487159729004,-1.3141683340072632,-2.6357920169830322
371,-29.920326232910156,6.374914169311523,1.5483956336975098,-11.09832763671875,17.994489669799805,-3.5056724548339844,34.27061462402344,-12.793851852416992,18.080402374267578,-21.64297103881836,-17.448129653930664,5.90625524520874,-1.8456039428710938,0.13411885499954224,0.3065645396709442,6.727197647094727,4.794676780700684,-1.534940481185913,1.831360101699829,-0.6900803446769714,0.16136041283607483,-1.3145614862442017,9.555071830749512,2.7608983516693115
372,-23.794841766357422,-7.44255256652832,4.480618476867676,-2.416217803955078,-0.8939352035522461,0.02958536148071289,37.49388885498047,-16.529943466186523,33.05752944946289,-78.62422180175781,2.713527202606201,-9.926569938659668,-3.304590940475464,0.1436573565006256,-0.21592634916305542,9.168631553649902,3.4412097930908203,-2.663222312927246,1.2092489004135132,-0.10233092308044434,-0.10360277444124222,1.4692699909210205,-2.8002302646636963,0.540927529335022
373,-22.197153091430664,0.9907437562942505,0.2514688968658447,-11.8907470703125,-1.1057043075561523,0.25707435607910156,31.229305267333984,-17.337854385375977,42.08441162109375,-65.31103515625,3.184760570526123,-4.902921676635742,-3.30568528175354,-0.00596284493803978,-0.5235092043876648,6.572410583496094,0.901585578918457,-2.114108085632324,1.7772613763809204,-0.1500777155160904,-0.292940616607666,0.6955608129501343,-2.3333046436309814,0.043433450162410736
374,-12.136785507202148,-8.766084671020508,7.591575622558594,-10.485880851745605,-0.6068248152732849,0.1571875810623169,12.681031227111816,-8.1139497756958,28.565624237060547,-71.01372528076172,5.881868839263916,-2.5756657123565674,-3.0990960597991943,-0.28576451539993286,0.4967687726020813,2.5003254413604736,0.24119605123996735,-0.9614720344543457,2.032890558242798,-0.10111607611179352,-0.0405951589345932,-0.19957506656646729,-1.890491008758545,0.02871130406856537
375,-8.720773696899414,0.811707615852356,0.44391584396362305,-3.604736804962158,-0.4108787775039673,0.1369214653968811,9.538681030273438,-15.670812606811523,24.216089248657227,-59.5787467956543,13.876384735107422,1.2303485870361328,-3.1873743534088135,-0.02728491649031639,0.5464082360267639,0.1811051070690155,-0.6768150329589844,0.2908632159233093,2.1444876194000244,0.05846405029296875,-0.175737202167511,-0.8672661781311035,-1.3810856342315674,-0.035214267671108246
376,3.985445022583008,1.24855637550354,-1.8512547016143799,-0.9897756576538086,-0.08860397338867188,0.04163062572479248,-3.913106918334961,-13.969825744628906,13.02066707611084,-48.40863800048828,15.286319732666016,1.0758131742477417,-2.296346426010132,0.4313211441040039,0.1685389280319214,-2.4160385131835938,-0.7509715557098389,0.9616690278053284,2.412787675857544,0.5422189831733704,-0.20264022052288055,-1.5423251390457153,-1.1046922206878662,0.18283027410507202
377,0.9957699775695801,-0.5932140350341797,1.164088249206543,4.472983360290527,-0.14381742477416992,-0.021831512451171875,7.140469551086426,-15.068890571594238,12.709747314453125,-24.926807403564453,20.0,4.615391254425049,-1.3733032941818237,0.1809723824262619,0.389057993888855,-3.5387961864471436,-2.1575276851654053,2.4693009853363037,2.7980692386627197,0.34346601366996765,-0.23152519762516022,-1.6179132461547852,-1.0369197130203247,-0.3413882851600647
378,14.650793075561523,4.3271050453186035,-4.140982627868652,0.4733390808105469,0.05004739761352539,-0.08257389068603516,-12.737503051757812,-6.562997341156006,-2.8980395793914795,-4.98042631149292,20.0,6.092048168182373,0.01774488389492035,0.1171976774930954,0.1263088583946228,-7.342344284057617,-2.2515132427215576,3.788616895675659,1.1979663372039795,0.10157757997512817,-0.4491237699985504,0.7661238312721252,0.9287764430046082,-0.8867909908294678
379,42.345672607421875,12.523733139038086,-11.256746292114258,13.21221923828125,0.6234865188598633,-0.20965194702148438,-35.61330032348633,-2.1562910079956055,-5.877166748046875,-4.136726379394531,13.361058235168457,3.7555692195892334,2.6019532680511475,0.6677782535552979,-0.1641918569803238,-9.68957805633545,-1.0330829620361328,3.7284183502197266,-1.5163365602493286,-0.40318563580513,-0.6856597065925598,5.6238789558410645,4.279829025268555,1.234523057937622
380,34.27410888671875,14.791969299316406,-37.07646179199219,-42.035499572753906,-20.0,9.497838020324707,-30.686626434326172,-2.9922003746032715,0.2699059844017029,-1.0330085754394531,-0.6458911895751953,-0.02863168716430664,2.139681577682495,1.2049031257629395,0.47041982412338257,-2.3046836853027344,9.067928314208984,1.2655268907546997,-3.7971465587615967,-0.2236761450767517,-0.0708950012922287,11.213408470153809,3.4564452171325684,2.7400963306427
381,8.86387825012207,25.501304626464844,-36.05046081542969,-68.92848205566406,2.5559396743774414,6.033092498779297,-9.256856918334961,-8.553600311279297,7.095205783843994,-19.596675872802734,-1.385586142539978,-0.38532400131225586,1.572582721710205,-0.06772603839635849,-0.15586401522159576,0.7533513903617859,-2.321150541305542,-0.06840206682682037,-2.6826236248016357,-0.5452269315719604,0.9968984127044678,4.969178199768066,-0.0899481475353241,1.588456630706787
382,17.35486602783203,11.17281436920166,-29.166336059570312,-62.98406219482422,13.031505584716797,4.219205856323242,-16.5059814453125,11.84892463684082,-8.382867813110352,-6.6118059158325195,-0.4139246642589569,-0.07003378868103027,1.8251134157180786,0.03930170089006424,-0.1986004263162613,-0.009156223386526108,-1.88995361328125,-0.10507339239120483,-2.696096181869507,0.09497488290071487,0.5918375849723816,2.3104207515716553,-0.2227201610803604,1.3769069910049438
383,-7.347954273223877,22.00116539001465,-28.472412109375,-64.20318603515625,20.0,1.691559910774231,3.5293784141540527,-2.8259775638580322,1.2547318935394287,-1.7136828899383545,-0.18304204940795898,-0.16545093059539795,1.9649367332458496,-0.07813429087400436,-0.1635097861289978,-0.9036370515823364,-1.3807377815246582,-0.023052319884300232,-2.0179126262664795,-0.1426408886909485,0.6502354741096497,-0.4605123698711395,-0.8241867423057556,0.6405942440032959
384,3.2706260681152344,13.712912559509277,-16.26970863342285,-50.583457946777344,20.0,0.5116549730300903,2.058513641357422,1.525773048400879,-2.9575021266937256,3.2623023986816406,0.05759274959564209,-0.023081839084625244,2.764292001724243,-0.16974259912967682,0.09413228929042816,-1.6641623973846436,-1.0997388362884521,-0.01286044716835022,-0.8394436240196228,-0.4278145730495453,0.23626050353050232,-1.7833542823791504,-1.0165704488754272,0.2780624330043793
385,5.685003280639648,2.009145975112915,-6.808870792388916,-31.802003860473633,20.0,-1.7305700778961182,-12.032081604003906,17.301712036132812,-10.765134811401367,4.097148895263672,-0.10264015197753906,0.028980255126953125,2.343173027038574,-0.16182518005371094,-0.04208916798233986,-1.6698408126831055,-0.8592526912689209,-0.35141247510910034,-1.3842447996139526,0.4731312096118927,-0.27943623065948486,-1.7174969911575317,-1.6850918531417847,-0.5843174457550049
386,-7.869725227355957,4.402928352355957,-2.3010830879211426,-24.771757125854492,20.0,-1.980738878250122,7.594884395599365,4.030361175537109,-3.309096336364746,4.96451473236084,0.3145301342010498,0.09225606918334961,2.5388050079345703,-0.34232401847839355,0.058124855160713196,-1.9037272930145264,-0.8313965201377869,-0.4480037987232208,-0.5722073316574097,0.35809141397476196,-0.5617259740829468,-2.3610987663269043,-0.9435318112373352,-0.5896691679954529
387,-6.731150150299072,6.874253273010254,1.4161815643310547,-1.291128158569336,20.0,-2.638422966003418,12.948759078979492,-7.19813871383667,5.949768543243408,-0.4462890625,0.039928555488586426,-0.03125739097595215,1.3063565492630005,-0.2590906023979187,0.1480279266834259,0.5077877044677734,0.6978124976158142,-0.45460689067840576,0.891218900680542,0.05347210541367531,0.02684822678565979,-5.638063907623291,-0.7581518888473511,-0.7420420050621033
388,-15.748466491699219,-0.49159830808639526,4.689501762390137,-5.425594329833984,20.0,-4.747137069702148,20.19158363342285,-4.448508262634277,3.2950191497802734,7.089195251464844,0.018680810928344727,-0.020175695419311523,-0.6141202449798584,-0.049244001507759094,0.1997033804655075,4.160599708557129,2.6886556148529053,-1.3194736242294312,2.42844820022583,-0.06574907153844833,0.18995794653892517,-8.384660720825195,-1.8186640739440918,-1.6280126571655273
389,-26.661373138427734,1.8087849617004395,2.346035957336426,-4.202098846435547,3.3639116287231445,-0.7970480918884277,31.762338638305664,-13.99022102355957,11.066437721252441,15.439292907714844,0.6323210597038269,-0.1083369255065918,-2.432058095932007,0.17495791614055634,0.12920022010803223,8.129148483276367,6.475126266479492,-3.7905776500701904,2.4417660236358643,-0.6768303513526917,-0.8538131713867188,-2.561850070953369,8.910213470458984,-8.40107250213623
390,-6.244213104248047,-11.041901588439941,4.525675296783447,-2.6025161743164062,-1.2402364015579224,0.3313164710998535,7.154795169830322,0.3953220844268799,21.394866943359375,-63.2048454284668,-20.0,-9.704345703125,-3.0027267932891846,-0.5805555582046509,-0.8907214403152466,9.718745231628418,0.9309636354446411,-3.1308374404907227,0.8234816193580627,-0.15155377984046936,-0.08726127445697784,1.8812845945358276,-2.845935583114624,0.4605787992477417
391,-16.090835571289062,-2.3405423164367676,5.2159528732299805,-14.084814071655273,-0.7202622890472412,0.2658507823944092,19.374082565307617,-15.19493579864502,27.447044372558594,-76.15345764160156,-0.7998123168945312,-2.733206272125244,-2.403569221496582,0.0764114111661911,0.3118056356906891,5.612983703613281,0.5456673502922058,-1.5572904348373413,1.535499930381775,0.05415935814380646,-0.22129206359386444,0.6572250127792358,-2.250574827194214,0.07524039596319199
392,-8.241642951965332,-5.6859517097473145,2.3977551460266113,-8.655464172363281,-0.5621275901794434,0.20269906520843506,6.175441741943359,-6.371135234832764,23.50255584716797,-70.64601135253906,4.80476188659668,0.1715833842754364,-2.1109509468078613,-0.2757749557495117,-0.05084774270653725,2.254098653793335,-0.7101378440856934,-0.2915363013744354,1.9109965562820435,0.2131580412387848,-0.4005470871925354,-0.3827465772628784,-1.6836442947387695,-0.26760727167129517
393,-12.20931625366211,0.7542807459831238,2.531651735305786,-7.653658866882324,-0.5287399291992188,0.06963038444519043,11.698005676269531,-19.387739181518555,16.894777297973633,-50.82354736328125,15.359647750854492,1.256767749786377,-2.0588274002075195,0.03925720602273941,0.5840800404548645,-1.467350959777832,-1.6960653066635132,1.3433607816696167,2.02120304107666,0.34240278601646423,-0.33804115653038025,-1.049268364906311,-1.2533824443817139,0.1145906001329422
394,-1.1723747253417969,3.646035671234131,-2.638411521911621,-0.5087776184082031,-0.12073898315429688,-0.04900074005126953,3.573094367980957,-19.81074333190918,17.137413024902344,-36.841331481933594,19.892860412597656,3.2616732120513916,-1.2089555263519287,0.1420575976371765,0.2831653952598572,-4.300546646118164,-1.9473052024841309,1.8935152292251587,2.331571340560913,0.4245949387550354,-0.3782254457473755,-1.5714466571807861,-0.9963482022285461,-0.2834843397140503
395,6.928616523742676,1.8954441547393799,-1.997153401374817,5.051097869873047,0.05147981643676758,-0.08387899398803711,-4.933898448944092,-14.647894859313965,7.001875877380371,-14.907440185546875,20.0,5.96544075012207,-0.11163926869630814,-0.1444467008113861,-0.07450158149003983,-6.119756698608398,-2.465550422668457,2.7316222190856934,2.4253523349761963,0.3299524784088135,-0.3574036955833435,-1.416105031967163,-1.193902611732483,-0.07608258724212646
396,21.42560577392578,5.24508810043335,-5.039949417114258,13.168621063232422,0.4951815605163574,-0.11623668670654297,-20.043930053710938,-9.84547233581543,-0.05337679386138916,-9.681168556213379,20.0,4.601238250732422,0.7074229717254639,0.23417755961418152,-0.42517876625061035,-5.515822887420654,-2.3623387813568115,3.7357711791992188,0.5522648692131042,0.3204793930053711,-0.5434157848358154,1.2587547302246094,0.04575791954994202,0.6365386843681335
397,34.78778839111328,11.178524017333984,-8.861831665039062,7.944705963134766,0.44957590103149414,-0.21465587615966797,-32.04743957519531,-1.469792127609253,-4.879822254180908,-1.0698566436767578,10.70721435546875,2.758341073989868,2.814008951187134,0.4898437559604645,-0.5915612578392029,-9.110757827758789,-1.7577134370803833,3.9334895610809326,-2.562366485595703,-0.23581978678703308,-0.5359753370285034,6.519295692443848,4.163328647613525,1.7496088743209839
398,49.19911193847656,14.674966812133789,-23.196674346923828,-42.46953582763672,-3.183255195617676,20.0,-31.844707489013672,4.398921966552734,-1.2129464149475098,-5.950981140136719,-0.8608689308166504,-0.1005406379699707,1.2234309911727905,0.25999435782432556,-0.11699989438056946,0.9976996183395386,-3.132284164428711,0.881015419960022,-3.869569778442383,-0.2884077727794647,0.032170698046684265,9.552958488464355,2.4332802295684814,2.6108996868133545
399,11.53073787689209,30.092792510986328,-41.01171112060547,-74.63809204101562,10.109338760375977,4.730935573577881,-11.705076217651367,-6.884209632873535,5.422345161437988,-12.080711364746094,-0.9514387845993042,-0.36072206497192383,1.7902600765228271,-0.05857276916503906,0.12147678434848785,0.3112463355064392,-2.144937753677368,0.18657560646533966,-3.2320444583892822,-0.13657762110233307,1.2942132949829102,5.744988918304443,0.20656859874725342,1.4841588735580444
400,6.164198875427246,19.9212589263916,-27.509990692138672,-50.75855255126953,16.861595153808594,4.306692600250244,-8.325040817260742,-2.739619493484497,-0.9534256458282471,-11.03342056274414,-0.4126899242401123,-0.1418609619140625,1.9714231491088867,-0.008311204612255096,0.05957917869091034,-0.30217379331588745,-1.7175301313400269,0.04947316646575928,-2.611509084701538,-0.4660821259021759,0.7671483755111694,1.2545326948165894,1.079939603805542,0.7149320840835571
401,2.841294288635254,15.521272659301758,-18.740737915039062,-43.2065315246582,20.0,0.9299941062927246,-5.309554100036621,1.0138593912124634,-2.6545073986053467,-2.498138904571533,-0.5623610019683838,-0.010169506072998047,2.1626718044281006,0.024346383288502693,0.18134282529354095,-0.8140569925308228,-1.5038249492645264,-0.08218520879745483,-2.2433364391326904,-0.5762954950332642,0.33201608061790466,-1.0992677211761475,-0.9894806146621704,0.8064699769020081
402,-21.009960174560547,5.197941303253174,-7.226580619812012,-45.832305908203125,20.0,-0.9732043743133545,13.065179824829102,8.78044319152832,-6.377771377563477,6.960472106933594,0.25809311866760254,-0.015771478414535522,2.1101343631744385,-0.07607712596654892,0.1798572987318039,-1.2069951295852661,-1.3349865674972534,-0.18101641535758972,-1.4956408739089966,-0.5717937350273132,-0.5245137214660645,-1.5702130794525146,-1.1973835229873657,0.2307044267654419
403,-0.6197271347045898,5.456955432891846,-10.910083770751953,-33.6562385559082,20.0,-4.200724124908447,-4.723782539367676,6.716746807098389,-2.1678965091705322,1.263819694519043,-0.07925653457641602,-0.10292291641235352,1.9723868370056152,-0.21347057819366455,0.22307845950126648,-1.346989631652832,-1.0332773923873901,-0.08427804708480835,-1.1964075565338135,-0.10338884592056274,-0.08522667735815048,-3.0800559520721436,-1.4338372945785522,-1.2247469425201416
404,-2.0341148376464844,-1.4090733528137207,-4.283147811889648,-9.529638290405273,20.0,-4.8169264793396,6.691699504852295,5.328705787658691,-2.217832565307617,3.6384220123291016,0.03520679473876953,0.10943102836608887,2.238800525665283,-0.17180858552455902,0.11212962120771408,-1.080248236656189,-1.267633080482483,-0.9841671586036682,0.11604415625333786,0.3527859151363373,0.0765882059931755,-4.645956039428711,-2.316364288330078,-1.2075473070144653
405,-10.62610912322998,0.6089234352111816,2.31522536277771,-3.417243480682373,20.0,-3.995957851409912,13.781436920166016,-4.084440231323242,2.555445909500122,8.098627090454102,0.4709000587463379,0.06671571731567383,0.6212205290794373,-0.1339900940656662,0.17325957119464874,2.069303274154663,0.13139134645462036,-1.8996260166168213,0.8515719771385193,0.061627186834812164,0.2830209732055664,-5.222511291503906,-0.9331023097038269,-1.3602094650268555
406,-18.98468017578125,-3.2445292472839355,8.159930229187012,-4.393707275390625,20.0,-4.184144973754883,30.532222747802734,-5.294112205505371,6.313763618469238,-12.852800369262695,-12.070735931396484,4.863719463348389,-1.5952516794204712,-0.03492434695363045,0.123545341193676,6.2503342628479,4.020394802093506,-1.2061164379119873,2.079296350479126,-0.5232015252113342,-0.3333934247493744,-1.7287417650222778,8.842730522155762,-6.077625751495361
407,-34.72726058959961,-9.149724960327148,6.737956523895264,-2.652233123779297,-0.5192937850952148,-0.045176029205322266,51.62736892700195,-16.329936981201172,24.912424087524414,-72.60489654541016,5.1513166427612305,-7.63102912902832,-3.7518978118896484,0.4631027579307556,0.20574851334095,10.021398544311523,6.663782596588135,-2.6959259510040283,1.0769942998886108,0.05748382955789566,-0.13385693728923798,1.5995243787765503,-2.8555002212524414,0.5957954525947571
408,-31.00640869140625,-6.822097301483154,3.5215132236480713,-14.777790069580078,-1.8900704383850098,0.2793388366699219,43.52168273925781,-12.659941673278809,38.030906677246094,-72.26560974121094,7.434995651245117,-5.739203453063965,-3.915607452392578,-0.23424287140369415,-0.5522414445877075,6.788517951965332,0.8201640844345093,-1.6587998867034912,1.86384117603302,0.1219005286693573,-0.3806167244911194,0.48678746819496155,-2.293010950088501,0.1862485706806183
409,-20.294357299804688,-6.282838821411133,6.200528621673584,-9.532200813293457,-0.5673185586929321,0.10300159454345703,28.116273880004883,-9.623920440673828,34.7077522277832,-68.87850952148438,10.19413948059082,-0.6041645407676697,-4.0498881340026855,-0.5966525673866272,0.05388816073536873,3.642817497253418,0.9598499536514282,-1.159782886505127,2.3818857669830322,0.09026974439620972,-0.31009626388549805,-0.349496990442276,-1.852458119392395,-0.1512046456336975
410,-10.38644027709961,0.933099627494812,2.6528115272521973,-9.163590431213379,-0.6994209289550781,0.13533931970596313,9.05953598022461,-17.59524917602539,21.112340927124023,-60.40384292602539,14.507050514221191,0.4497022032737732,-3.983673572540283,-0.32397153973579407,0.6420722007751465,-0.7507960796356201,0.04992251098155975,0.3694766163825989,2.595353841781616,0.1280880570411682,-0.3564116656780243,-1.1650398969650269,-1.478161334991455,-0.0928947925567627
411,11.124942779541016,2.707388401031494,-3.183065891265869,3.24777889251709,-0.1536102294921875,0.041289329528808594,-9.39933967590332,-16.879961013793945,19.335176467895508,-47.2155647277832,20.0,0.35334479808807373,-2.616912841796875,-0.10239607840776443,0.3371194899082184,-2.7765235900878906,-1.3962225914001465,1.0739457607269287,2.8771326541900635,0.4159615635871887,-0.18528813123703003,-1.632949709892273,-1.264550805091858,0.04831737279891968
412,9.730110168457031,5.806893825531006,-2.5517477989196777,2.9453773498535156,-0.06663727760314941,-0.028803348541259766,-10.60457992553711,-23.387897491455078,10.424420356750488,-29.425195693969727,20.0,2.642758846282959,-1.429713249206543,-0.01878535933792591,0.5299826264381409,-5.584619045257568,-1.9745959043502808,2.120211362838745,2.893207550048828,0.22854429483413696,-0.15071022510528564,-1.788591980934143,-1.1334527730941772,-0.23466795682907104
413,26.217313766479492,6.61629056930542,-6.619528293609619,14.453242301940918,0.5606470108032227,-0.057259559631347656,-29.389612197875977,-16.86395263671875,4.630168914794922,-24.43813705444336,20.0,4.437506675720215,-0.20359107851982117,0.44456928968429565,0.12735730409622192,-5.116929054260254,-1.3837040662765503,3.1644129753112793,2.3062760829925537,0.40370655059814453,-0.20383022725582123,-1.050662636756897,-0.5659951567649841,-0.5966548919677734
414,27.43106460571289,4.855053901672363,-5.744079113006592,7.857561111450195,0.35398733615875244,-0.1831526756286621,-22.832721710205078,-0.7423464059829712,-8.783632278442383,3.324380874633789,20.0,5.121908187866211,1.2565360069274902,0.44729653000831604,-0.10488827526569366,-7.262248516082764,-0.6905122399330139,3.5006697177886963,-1.0508707761764526,-0.3189724087715149,-0.6338668465614319,4.672394275665283,3.401137351989746,-0.03862392529845238
415,48.75965881347656,14.021384239196777,-17.966232299804688,1.7219810485839844,-3.8715507984161377,-3.2454633712768555,-46.93165588378906,5.9804606437683105,-7.552132606506348,-4.0771331787109375,-0.44083690643310547,0.2685208320617676,2.2834999561309814,0.9845812320709229,0.3167586326599121,-2.37503719329834,9.517386436462402,0.32645750045776367,-3.84458327293396,-0.10752186179161072,-1.0922898054122925,10.23425579071045,6.333186149597168,3.255850315093994
416,32.61991500854492,32.677879333496094,-48.682552337646484,-71.55207061767578,6.229333877563477,5.351883888244629,-20.65435218811035,-7.265356063842773,7.521458625793457,-12.531028747558594,-1.7811667919158936,-0.4733164310455322,1.7276201248168945,0.17448295652866364,0.0832032635807991,0.935258686542511,-2.5794403553009033,0.24742117524147034,-3.5742359161376953,0.3213551342487335,0.9382341504096985,7.5368428230285645,0.10180205851793289,1.7743780612945557
417,29.518508911132812,26.946874618530273,-50.033790588378906,-69.29999542236328,15.379854202270508,3.759078025817871,-25.375572204589844,-4.3644938468933105,2.0141005516052246,-11.901076316833496,-0.6629133224487305,-0.21127772331237793,2.096925973892212,-0.032542794942855835,-0.05519430339336395,-0.19724683463573456,-1.9307208061218262,0.020742647349834442,-3.823647975921631,0.23742130398750305,1.329060673713684,3.9016246795654297,0.10174766927957535,1.3561934232711792
418,8.942521095275879,14.784205436706543,-30.959033966064453,-57.673431396484375,17.137771606445312,3.601313591003418,-4.53529167175293,6.183403491973877,-6.7553887367248535,-3.371511459350586,-0.33106791973114014,-0.028529644012451172,2.490396738052368,0.13913050293922424,-0.23201270401477814,-0.7093797326087952,-1.6673084497451782,-0.004407614469528198,-3.1308233737945557,0.3964182436466217,0.1858721673488617,1.4314947128295898,-0.9822041392326355,1.2423573732376099
419,-9.853782653808594,25.351903915405273,-29.301551818847656,-53.908145904541016,19.590227127075195,1.9315356016159058,6.947763919830322,-11.580709457397461,6.831703186035156,-4.176546096801758,-0.052678853273391724,-0.21191221475601196,2.7413811683654785,0.01759561151266098,-0.17897944152355194,-1.5721044540405273,-1.2726248502731323,0.07918952405452728,-1.9557138681411743,-0.31152111291885376,0.5301335453987122,-2.6664767265319824,-0.12514987587928772,0.47999197244644165
420,-18.880184173583984,1.0170682668685913,-5.629685401916504,-39.231170654296875,20.0,1.6296398639678955,14.539155960083008,9.550714492797852,-7.085607528686523,11.325845718383789,0.3442227244377136,0.0364607572555542,2.694286346435547,-0.13295087218284607,-0.1380230039358139,-1.8082786798477173,-1.0536577701568604,-0.3551483154296875,-1.2069320678710938,-0.4146881103515625,-0.3062293231487274,-1.7178897857666016,-0.24455054104328156,0.13477273285388947
421,-5.824681282043457,2.877134084701538,-3.6024954319000244,-23.340660095214844,20.0,-2.094604969024658,3.2964580059051514,3.862456798553467,-1.5953247547149658,0.7150192260742188,-0.1552746295928955,-0.06074845790863037,2.631726026535034,-0.3645281195640564,-0.07789092510938644,-1.9653645753860474,-0.8128694891929626,-0.28167450428009033,-0.4279952347278595,-0.4778386354446411,-0.25889018177986145,-3.7219626903533936,-1.0381667613983154,-0.9062691926956177
422,-16.651071548461914,1.95969557762146,3.965440273284912,-13.138501167297363,20.0,-5.195240020751953,16.790061950683594,6.163081169128418,-2.5087978839874268,6.530912399291992,0.06037139892578125,0.05495572090148926,1.9375430345535278,-0.07764731347560883,-0.16727739572525024,-0.6528043746948242,-0.4161500334739685,-0.9043023586273193,0.8965750932693481,0.13611260056495667,-0.4058583378791809,-5.159186363220215,-2.707836389541626,-1.574379324913025
423,-15.640541076660156,-0.22048050165176392,5.474896430969238,-11.085898399353027,20.0,-5.175909042358398,14.866750717163086,-1.724453091621399,1.247420072555542,8.272018432617188,0.49984169006347656,0.09786128997802734,0.8944968581199646,0.05416320264339447,0.1711377650499344,1.3991265296936035,0.4295416474342346,-1.978522777557373,1.8586374521255493,-0.09078644216060638,-0.3740413188934326,-6.405981063842773,-1.2532283067703247,-2.028900146484375
424,-16.594085693359375,-7.843314170837402,7.547931671142578,-6.052906036376953,20.0,-4.821174144744873,22.980712890625,-2.3202712535858154,4.670685768127441,11.0885009765625,0.49137693643569946,0.010518550872802734,-1.1494888067245483,-0.2777269184589386,0.07791230827569962,4.87841272354126,3.1352791786193848,-2.059161901473999,3.2230539321899414,-0.29220902919769287,0.6397691965103149,-7.588005542755127,0.26825517416000366,-3.4869823455810547
425,-30.948820114135742,-7.322017669677734,7.028409481048584,-2.9693450927734375,-0.26473426818847656,0.0074329376220703125,48.997337341308594,-7.402657508850098,12.390832901000977,-28.35999298095703,-18.8117618560791,-19.61854362487793,-3.175260066986084,0.02857762575149536,0.2950754165649414,9.721101760864258,5.9356608390808105,-3.584491491317749,1.6742948293685913,-0.5166937112808228,-0.01779744029045105,-1.4139050245285034,9.343562126159668,1.416340947151184
426,-6.327597618103027,4.206600189208984,-5.53398323059082,-11.989238739013672,-1.512139916419983,0.43198442459106445,8.393366813659668,-16.615156173706055,38.62336349487305,-70.23662567138672,2.52249813079834,-12.693377494812012,-2.663456916809082,-0.6327503323554993,-0.8848426938056946,6.282408237457275,0.49058350920677185,-2.7119247913360596,1.0735130310058594,-0.5491116046905518,-0.09174498915672302,1.5855638980865479,-2.915917158126831,0.4676911532878876
427,-12.538792610168457,-7.811321258544922,6.695137977600098,-4.926748275756836,-0.35673779249191284,0.23191142082214355,18.1567325592041,-1.3076047897338867,31.397001266479492,-73.16143798828125,4.374532699584961,-4.349837779998779,-2.3763108253479004,-0.3193458020687103,-0.007878895848989487,4.808243751525879,-0.011276038363575935,-1.1676632165908813,1.5889151096343994,-0.2461813986301422,-0.19420507550239563,0.645676851272583,-2.2179200649261475,0.11028879135847092
428,-13.862253189086914,0.3849526643753052,1.5683833360671997,-7.999611854553223,-0.4622705578804016,0.14632529020309448,13.49599838256836,-11.52873420715332,26.868255615234375,-62.62023162841797,9.339534759521484,-0.6299143433570862,-2.5123512744903564,0.12493172287940979,0.2695220112800598,1.9451440572738647,-0.37563133239746094,0.1707383096218109,1.8371039628982544,0.0552600622177124,-0.28870925307273865,-0.2662053108215332,-1.6435000896453857,-0.13535776734352112
429,-13.996238708496094,-1.9248769283294678,2.9490108489990234,-7.919548988342285,-0.6068203449249268,0.036718130111694336,17.135665893554688,-9.97065544128418,14.920112609863281,-38.174659729003906,19.125972747802734,2.075622081756592,-2.423004627227783,0.2786926031112671,0.6349990367889404,-1.6562070846557617,-1.724220871925354,1.726316213607788,2.0172111988067627,0.22879144549369812,-0.27924320101737976,-0.8021104335784912,-1.311450719833374,-0.021959573030471802
430,3.0034260749816895,1.2658237218856812,-1.510066270828247,-1.8060226440429688,-0.21809148788452148,-0.08698511123657227,-1.3238592147827148,-11.783001899719238,12.307330131530762,-29.249814987182617,20.0,1.7677087783813477,-1.3316235542297363,0.1545383632183075,0.43825405836105347,-5.338741302490234,-2.648200035095215,2.3209774494171143,2.182568073272705,0.22796505689620972,-0.22850489616394043,-1.1570208072662354,-1.2094767093658447,-0.12749966979026794
431,11.886405944824219,8.804388999938965,-7.1286420822143555,4.303043365478516,0.08052873611450195,-0.022933006286621094,-7.4681396484375,-10.610200881958008,2.077547788619995,-5.79030179977417,20.0,4.967381954193115,0.06328917294740677,0.44711458683013916,-0.2619195580482483,-7.983204364776611,-2.953683614730835,3.9282209873199463,1.2496408224105835,0.3590124845504761,-0.3031015396118164,0.4973609149456024,0.0318511426448822,-0.7369712591171265
432,36.03779220581055,9.772064208984375,-9.831949234008789,12.002193450927734,0.6664717197418213,-0.19344043731689453,-31.73992156982422,1.7907419204711914,-8.496450424194336,2.677583694458008,13.337121963500977,3.6154465675354004,2.0871121883392334,0.5544210076332092,-1.0917487144470215,-10.553441047668457,-0.6383637189865112,4.21815299987793,-2.345916986465454,-0.27232107520103455,-0.8703691959381104,6.284708499908447,4.492110252380371,0.6167671084403992
433,34.66756057739258,20.359516143798828,-30.247722625732422,-75.52597045898438,3.2946579456329346,6.119476318359375,-26.18234634399414,1.4064302444458008,0.0853419303894043,-2.1475601196289062,-0.7327227592468262,-0.00043773651123046875,1.3091193437576294,-0.0955243855714798,0.08394329994916916,1.3091074228286743,-2.5085737705230713,0.21820512413978577,-3.454472064971924,-0.8262006044387817,-0.2915378212928772,10.034964561462402,2.9649856090545654,1.6084489822387695
434,9.79987907409668,18.361543655395508,-34.54293441772461,-83.273681640625,10.622793197631836,4.010908126831055,-14.087535858154297,11.517814636230469,-4.7369537353515625,-9.974109649658203,-1.0706803798675537,-0.13060736656188965,1.5684432983398438,-0.1081383153796196,0.03964658081531525,0.11327862739562988,-1.9602580070495605,0.06694066524505615,-3.5135958194732666,0.5091511011123657,0.6361268758773804,7.34644889831543,-0.3021588623523712,1.5795574188232422
435,8.572839736938477,24.76348114013672,-34.59955596923828,-57.41242980957031,14.472053527832031,3.8994383811950684,-5.868040084838867,-4.835742473602295,2.9442238807678223,-13.705567359924316,-0.4715231657028198,-0.19121313095092773,2.143460512161255,-0.057598333805799484,-0.11534655094146729,-0.7354086637496948,-1.5290875434875488,-0.14880609512329102,-2.271427869796753,0.6963853240013123,0.9018389582633972,2.0257668495178223,0.04492569342255592,1.3431750535964966
436,8.122246742248535,10.690053939819336,-24.337812423706055,-59.78590393066406,20.0,-1.5066393613815308,-10.878072738647461,4.314215183258057,-6.1431121826171875,-3.863741397857666,-0.5647411346435547,-0.0669475793838501,2.48970627784729,-0.10730938613414764,0.011309348046779633,-1.6736685037612915,-1.0754997730255127,-0.075832799077034,-1.9057453870773315,0.35356903076171875,-0.13924911618232727,-0.6823607683181763,-2.2103843688964844,0.451805055141449
437,-17.650466918945312,18.467334747314453,-15.541452407836914,-51.78578186035156,20.0,-0.771756649017334,11.79299545288086,-2.6930112838745117,0.5664769411087036,5.883879661560059,0.5112030506134033,-0.017419934272766113,2.605381488800049,-0.32422560453414917,0.08191338926553726,-2.272322416305542,-0.7280871868133545,0.1522912085056305,-1.0209927558898926,-0.10862614959478378,-0.4020287096500397,-1.560015320777893,-0.6677804589271545,0.4919130206108093
438,-0.7793560028076172,11.657133102416992,-9.507004737854004,-29.617769241333008,20.0,-3.284940242767334,-0.8788204193115234,2.453716278076172,-1.5496370792388916,3.793942451477051,-0.07605624198913574,-0.07184344530105591,2.736257791519165,-0.4485290050506592,0.13593807816505432,-2.4814789295196533,-0.5040118098258972,-0.07591808587312698,-0.48866069316864014,-0.20343929529190063,-0.529982328414917,-2.0882527828216553,-1.9400209188461304,-0.49670419096946716
439,-8.173006057739258,7.214297771453857,-5.656589984893799,-10.518028259277344,20.0,-2.3812472820281982,3.5057053565979004,6.978143215179443,-3.7272539138793945,4.4417619705200195,0.3002941608428955,0.0938035249710083,2.0034830570220947,-0.07821293920278549,-0.054439760744571686,-1.5809074640274048,-0.45291629433631897,-0.43648603558540344,-0.27216026186943054,0.4843426048755646,-0.9811555743217468,-2.7210583686828613,-0.9392123222351074,-0.25195232033729553
440,10.982137680053711,0.9151736497879028,-0.5428327918052673,0.7119956016540527,20.0,-4.497523307800293,-6.512401580810547,-3.088127613067627,2.8407773971557617,-1.0511322021484375,-0.21448087692260742,-0.06712555885314941,1.918819546699524,-0.3444283604621887,0.17205631732940674,-1.0445245504379272,-0.7646253108978271,-1.7497576475143433,0.10861131548881531,0.28076034784317017,-0.10431472957134247,-4.498188495635986,-1.6981960535049438,-1.038711667060852
441,-2.6672909259796143,6.861027240753174,-0.9601189494132996,1.5042781829833984,20.0,-3.4149158000946045,11.618977546691895,-7.295012950897217,5.381496906280518,4.243356704711914,0.20625782012939453,-0.006651639938354492,0.5753934383392334,-0.14943404495716095,0.2884875535964966,2.0010578632354736,0.6614474058151245,-1.7725683450698853,1.5671335458755493,-0.010570013895630836,0.18494251370429993,-6.896663665771484,-1.0970807075500488,-1.6835834980010986
442,-23.24724578857422,2.5702667236328125,1.7342519760131836,-0.5189323425292969,18.09819793701172,-3.41758394241333,31.638927459716797,-14.121332168579102,11.04960823059082,9.5208740234375,0.32639092206954956,-0.08817577362060547,-2.777299404144287,0.33597901463508606,0.4363696277141571,7.4299750328063965,4.8411335945129395,-3.0864429473876953,3.735964059829712,-0.3642619550228119,0.8100910186767578,-11.129012107849121,0.2628970444202423,-3.6246023178100586
443,-22.2169132232666,6.550181865692139,-4.648763656616211,-8.830978393554688,-0.830439567565918,0.2829761505126953,39.20616149902344,-13.580023765563965,15.296327590942383,-22.088008880615234,-15.453485488891602,-12.044716835021973,-3.2039506435394287,0.5884230732917786,-1.4608569145202637,9.044008255004883,3.99929141998291,-4.080515384674072,1.7904168367385864,-0.38355839252471924,-0.5348013639450073,-0.0841260775923729,5.277958869934082,1.831474781036377
444,-11.98591423034668,-2.5833258628845215,3.32523250579834,-11.615333557128906,-1.2257027626037598,0.40344667434692383,11.462531089782715,-20.935611724853516,39.69969940185547,-64.03343200683594,1.0078864097595215,-9.469426155090332,-3.2082273960113525,0.10200727730989456,-0.6663402318954468,5.963415145874023,-0.059751976281404495,-2.0954668521881104,0.8664549589157104,-0.27308034896850586,0.18124139308929443,2.1416754722595215,-3.1971237659454346,0.5866451859474182
445,-3.7628631591796875,-8.315917015075684,5.4576263427734375,-3.996875762939453,-0.10847640037536621,0.19771349430084229,7.785345077514648,-3.4348304271698,29.27289581298828,-77.02659606933594,1.9823789596557617,-5.186712265014648,-2.6295785903930664,0.3649143874645233,-0.2722073793411255,3.9942398071289062,0.5261827707290649,-0.7548832297325134,1.4214122295379639,0.02813783288002014,-0.001498103141784668,1.1072005033493042,-2.473456621170044,0.2686839997768402
446,-6.661964416503906,-12.029078483581543,8.901607513427734,-3.778993606567383,-0.4036848545074463,0.010445728898048401,1.10882568359375,-4.484614849090576,15.626760482788086,-66.46949768066406,7.737744331359863,-2.1348865032196045,-3.1302835941314697,-0.012026606127619743,0.14108671247959137,2.2033162117004395,-0.6253567337989807,-0.04264998808503151,1.330059289932251,0.09567531943321228,-0.1468018889427185,0.3818376660346985,-2.0338330268859863,0.09498074650764465
447,-0.45478057861328125,-5.838271141052246,4.114651679992676,-3.8123013973236084,-0.1982797384262085,0.048136234283447266,5.708495140075684,-10.318620681762695,17.432138442993164,-60.1813850402832,16.004413604736328,0.4509117603302002,-1.9927870035171509,-0.04759606719017029,0.5527734160423279,-1.2213518619537354,-0.9052765965461731,1.4546785354614258,2.0079538822174072,0.272033154964447,-0.1548224240541458,-0.5390562415122986,-1.5719547271728516,-0.06927207112312317
448,11.043992042541504,2.8869171142578125,-1.945145845413208,2.592635154724121,-0.04509782791137695,-0.08986020088195801,-14.872343063354492,-24.2408504486084,14.731943130493164,-47.99612808227539,17.558910369873047,0.778830885887146,-0.8878957629203796,0.04264628142118454,0.6674725413322449,-3.631364345550537,-1.9883345365524292,1.8291152715682983,2.076840877532959,0.25693657994270325,-0.01948893815279007,-0.9235594868659973,-1.4323188066482544,0.2319139540195465
449,1.0813419818878174,4.768986701965332,-3.601119041442871,1.6141242980957031,-0.08970403671264648,-0.038556575775146484,-0.03039073944091797,-12.9660062789917,4.211739540100098,-25.243221282958984,20.0,2.7990002632141113,-0.017398765310645103,0.501596212387085,0.07295843213796616,-6.245131015777588,-2.6102707386016846,3.0737600326538086,2.260931968688965,0.5593076944351196,-0.341901957988739,-1.3129758834838867,-1.1307008266448975,-0.22621899843215942
450,20.738685607910156,10.275544166564941,-8.783961296081543,4.827629089355469,0.3334062099456787,-0.0950479507446289,-15.682950019836426,-7.051089286804199,-2.153297185897827,7.068643569946289,20.0,4.325532913208008,1.7463356256484985,0.4964793026447296,-0.38208985328674316,-10.087604522705078,-1.0445390939712524,4.132597923278809,-0.9280270338058472,-0.10036972910165787,-0.4962162673473358,4.087680339813232,2.6704599857330322,-0.16586266458034515
451,35.081695556640625,9.508357048034668,-29.7478084564209,-71.99488067626953,-2.642885684967041,9.61476993560791,-29.56031608581543,1.8678288459777832,-3.109771728515625,1.6745872497558594,-0.1270751953125,0.18670272827148438,1.2875386476516724,0.10717522352933884,0.06285383552312851,1.0913441181182861,-2.4637413024902344,0.39554548263549805,-2.8506462574005127,-0.9256644248962402,-0.8547382354736328,10.17029857635498,4.7900166511535645,2.1456851959228516
452,26.062362670898438,24.433561325073242,-40.39977264404297,-83.7240219116211,13.02426528930664,3.566263437271118,-29.795564651489258,6.518743515014648,-1.9349462985992432,-10.810420989990234,-1.486852765083313,-0.23983001708984375,1.4494022130966187,-0.0879395604133606,0.25696492195129395,-0.07656889408826828,-1.7803369760513306,0.2743507921695709,-3.879504919052124,0.49047932028770447,1.034445881843567,8.711041450500488,0.6751891374588013,1.7438102960586548
453,14.795781135559082,19.332447052001953,-34.201637268066406,-66.51581573486328,16.517436981201172,4.1857523918151855,-14.81436538696289,2.2996890544891357,-2.7825849056243896,-13.682433128356934,-0.6611474752426147,-0.12547588348388672,1.8420486450195312,-0.15457840263843536,0.11832380294799805,-1.0590424537658691,-1.2496919631958008,-0.009800978004932404,-3.3639936447143555,0.7027468085289001,0.8256170749664307,4.3035502433776855,0.5671934485435486,1.7955124378204346
454,0.0927581787109375,18.451568603515625,-25.80113410949707,-54.942779541015625,19.04347801208496,2.1416404247283936,-0.78692626953125,-2.029367208480835,-0.7895798683166504,-8.85202407836914,-0.46550652384757996,-0.1698777675628662,2.0964884757995605,-0.20229342579841614,-0.009041152894496918,-1.7949689626693726,-0.7844899892807007,0.13248026371002197,-2.327113151550293,0.3786342740058899,0.2601870000362396,-0.11149480938911438,0.1688230186700821,1.011617660522461
455,4.071969032287598,6.468508720397949,-14.223530769348145,-42.335411071777344,20.0,-0.35669293999671936,-3.496567726135254,4.565755844116211,-4.918785095214844,2.3662190437316895,-0.20692849159240723,-0.04277610778808594,2.4717514514923096,-0.35160601139068604,0.24131956696510315,-2.338376760482788,-0.5270097851753235,0.038035884499549866,-1.9125267267227173,0.1525110900402069,-0.18443375825881958,-0.7631924152374268,-1.253028154373169,0.4543238878250122
456,9.258148193359375,8.562023162841797,-8.014891624450684,-16.553482055664062,20.0,-2.327239990234375,-4.78749942779541,0.5845879316329956,-1.7137874364852905,0.770817756652832,-0.06863832473754883,-0.012944638729095459,2.746634006500244,-0.5297523140907288,0.28502222895622253,-2.450035810470581,-0.5006828904151917,-0.1516149491071701,-1.4728922843933105,-0.0579787939786911,-0.4024032950401306,-1.624495029449463,-1.830782413482666,0.292431503534317
457,-5.586362838745117,5.679446697235107,-6.014081954956055,-14.650369644165039,20.0,-5.114558219909668,1.4787359237670898,4.369842529296875,-3.0773253440856934,0.5798606872558594,0.10522878170013428,-0.0535736083984375,2.3402822017669678,-0.3434128761291504,0.17255663871765137,-2.2098300457000732,-0.5374022722244263,-0.2266070395708084,-1.0800586938858032,0.27320000529289246,-0.9116419553756714,-3.7302892208099365,-0.9456307291984558,-0.9356633424758911
458,-0.40194225311279297,6.089682579040527,-0.32806336879730225,0.16253113746643066,20.0,-4.091763019561768,8.864965438842773,-5.8757219314575195,5.537968158721924,3.748350143432617,-0.036681175231933594,-0.02268362045288086,1.6145023107528687,-0.39395976066589355,0.21886727213859558,-0.2678140103816986,-0.17802435159683228,-1.6217223405838013,0.09053691476583481,0.021174615249037743,-0.13325177133083344,-5.049575328826904,-2.1641454696655273,-1.55503511428833
459,-4.056905746459961,5.684732913970947,-2.052825927734375,-2.6969590187072754,20.0,-3.689023017883301,9.077245712280273,-3.9310853481292725,2.503385066986084,7.1732635498046875,0.25626540184020996,0.09462428092956543,0.4523795545101166,0.02689029462635517,0.4607754349708557,2.4824271202087402,0.7988279461860657,-2.8715343475341797,0.9909581542015076,0.08922681957483292,-0.06664280593395233,-6.137531280517578,-1.8095842599868774,-1.8272048234939575
460,-18.642356872558594,-3.7407515048980713,1.8899621963500977,-5.181234359741211,20.0,-3.8622703552246094,27.308061599731445,-4.093070030212402,4.738188743591309,12.277961730957031,0.662241518497467,0.004871845245361328,-1.7468338012695312,-0.3666507601737976,0.04436761513352394,6.05999231338501,3.750453472137451,-2.4064903259277344,2.4825000762939453,-0.34541425108909607,0.21466118097305298,-7.100306987762451,0.40000659227371216,-3.5268709659576416
461,-32.683475494384766,10.708739280700684,-0.8351047039031982,-8.62845230102539,-0.28325462341308594,0.10551929473876953,40.17626953125,-13.958154678344727,17.442520141601562,-10.839017868041992,-15.414416313171387,6.2733588218688965,-3.3109347820281982,0.6278476119041443,0.022208839654922485,8.809593200683594,6.921407222747803,-3.551903009414673,2.157456398010254,-0.5841360688209534,0.15257345139980316,-2.1119837760925293,9.416454315185547,5.188019752502441
462,-12.168901443481445,4.315407752990723,-4.622833251953125,-11.979230880737305,-1.8054158687591553,0.43134117126464844,20.331504821777344,-19.113510131835938,35.6494140625,-62.009117126464844,4.256269931793213,-10.649737358093262,-3.2447428703308105,-0.06762661784887314,-1.458654522895813,6.30318546295166,-0.3661856949329376,-2.5292067527770996,0.831599771976471,-0.33380281925201416,0.08683022856712341,2.389410972595215,-3.4808483123779297,0.4203721284866333
463,-10.251075744628906,-4.99350643157959,6.057626247406006,-5.119413375854492,-0.2338373363018036,0.21257829666137695,16.039743423461914,-11.226515769958496,33.52378845214844,-70.0338363647461,5.123876571655273,-4.207358360290527,-3.313903331756592,0.4467525780200958,-0.6421447992324829,4.665408611297607,-0.21377357840538025,-1.0691499710083008,1.0602703094482422,-0.1173124611377716,-0.024393483996391296,1.6062672138214111,-2.7383506298065186,0.0822916030883789
464,-12.840517044067383,-5.65789794921875,5.83558988571167,-5.9209089279174805,-0.3559621572494507,0.07733465731143951,22.346046447753906,-14.396747589111328,27.538246154785156,-66.01747131347656,9.523496627807617,-2.558417558670044,-3.1140143871307373,0.6900073289871216,-0.15473920106887817,2.050132989883423,-0.3160931169986725,-0.03981070592999458,1.733892560005188,0.1047268807888031,-0.1198248639702797,0.6024453043937683,-2.282729148864746,0.018073774874210358
465,6.702824592590332,-12.453953742980957,7.368701457977295,-1.4284915924072266,-0.09018653631210327,-0.02996373176574707,-6.93963623046875,-6.886033535003662,18.21143341064453,-64.91564178466797,13.556716918945312,-0.9477569460868835,-2.1430435180664062,0.025285283103585243,0.419362336397171,-1.027730941772461,-0.458333283662796,0.4504789113998413,2.0216524600982666,0.07350426912307739,0.053209081292152405,-0.17175069451332092,-1.979487657546997,-0.06361417472362518
466,-2.814467430114746,-6.549317836761475,4.849310874938965,2.9720754623413086,-0.15985107421875,-0.048154592514038086,4.744062423706055,-11.716530799865723,12.611318588256836,-50.344993591308594,20.0,0.11538982391357422,-1.901925802230835,-0.05620221793651581,0.7248364090919495,-2.3046021461486816,-1.2892811298370361,1.3473505973815918,2.119258165359497,0.18901920318603516,-0.03518344834446907,-0.641549289226532,-1.6302032470703125,0.37058645486831665
467,3.1121530532836914,3.227085590362549,-2.265561103820801,3.262481689453125,-0.09416580200195312,-0.027518272399902344,1.1215324401855469,-21.007966995239258,13.35002326965332,-40.90168380737305,20.0,3.3028340339660645,-0.8003986477851868,0.14238084852695465,0.4965170919895172,-4.399538516998291,-2.2836973667144775,2.529994487762451,2.5831282138824463,0.3322443962097168,-0.15265792608261108,-1.262491226196289,-1.318678617477417,-0.021815598011016846
468,7.042826175689697,7.309597492218018,-5.636350154876709,4.655941009521484,0.16388368606567383,-0.07718944549560547,-5.509527683258057,-16.410503387451172,5.054031848907471,-6.463832378387451,20.0,4.917315483093262,-0.04456252232193947,0.32061445713043213,0.15604141354560852,-6.035780906677246,-1.9276225566864014,3.814758539199829,1.4369734525680542,0.23728474974632263,-0.2624794840812683,0.48886048793792725,-0.12190252542495728,-0.6285783648490906
469,40.396995544433594,10.809112548828125,-10.711766242980957,9.900455474853516,0.6614303588867188,-0.18830013275146484,-33.57185363769531,-1.1615021228790283,-5.753472805023193,-3.5940990447998047,18.617292404174805,5.027430057525635,2.497997999191284,0.4932710528373718,-0.5166459679603577,-9.396679878234863,0.4071308374404907,3.928677558898926,-1.6910932064056396,-0.3833877742290497,-0.6839185953140259,5.826507091522217,4.153536796569824,0.3289314806461334
470,31.992687225341797,27.021678924560547,-33.08638381958008,-73.69989776611328,4.728376388549805,7.143041133880615,-21.705150604248047,-2.719545841217041,2.125157356262207,0.21150588989257812,-0.5769166946411133,0.05280256271362305,1.9313910007476807,-0.20911969244480133,0.33140647411346436,0.9722327589988708,-2.5466997623443604,0.391571044921875,-2.6984434127807617,-0.8727012872695923,0.38053590059280396,10.021448135375977,3.4097933769226074,2.7254161834716797
471,26.84554672241211,27.587743759155273,-42.12392044067383,-75.6159896850586,12.266077995300293,3.8820438385009766,-31.36069107055664,6.335476398468018,-3.524738311767578,-12.072681427001953,-1.275709867477417,-0.24936485290527344,1.8011583089828491,-0.1126183494925499,0.13946792483329773,0.09555076062679291,-2.0019242763519287,0.3250572979450226,-3.7246956825256348,0.2841227948665619,1.168684720993042,7.85551118850708,0.6018176078796387,2.4541969299316406
472,5.757047653198242,23.07551383972168,-34.66143798828125,-66.09500122070312,15.758920669555664,4.422794818878174,-7.249234199523926,-6.349176406860352,2.2061147689819336,-15.878070831298828,-0.7047620415687561,-0.25942277908325195,2.258662462234497,-0.11896248906850815,0.1735290139913559,-1.0324152708053589,-1.414069414138794,0.0445304736495018,-2.7532598972320557,-0.04778268188238144,1.2715436220169067,1.7806569337844849,0.3303336203098297,1.8309319019317627
473,2.8978939056396484,13.582716941833496,-20.53441047668457,-59.08026123046875,20.0,1.6241929531097412,-2.001352310180664,8.671116828918457,-8.67664909362793,1.559084415435791,-0.20749449729919434,-0.0800771713256836,2.6206681728363037,-0.14496976137161255,0.09986667335033417,-1.657130479812622,-1.0748450756072998,0.10268938541412354,-2.117964029312134,-0.07176601886749268,0.0019682073034346104,0.6677385568618774,-1.0604920387268066,0.9559376835823059
474,1.8638801574707031,10.577574729919434,-17.44783592224121,-41.15457534790039,20.0,-0.38792499899864197,-7.212167739868164,1.162907600402832,-2.326469898223877,-2.9526424407958984,-0.17794477939605713,-0.058516860008239746,2.533179521560669,-0.24678292870521545,0.19931510090827942,-2.159522771835327,-0.7100237607955933,-0.01889859139919281,-2.0293867588043213,-0.45117491483688354,-0.5297252535820007,-1.7870935201644897,-0.8621131777763367,0.5281367897987366
475,-7.721964359283447,11.003351211547852,-11.778053283691406,-23.31690216064453,20.0,-0.7360489368438721,8.274593353271484,-0.27101457118988037,2.4048514366149902,2.6828079223632812,0.05344891548156738,-0.11508669704198837,2.6086201667785645,-0.4051651358604431,0.05594385415315628,-2.333381175994873,-0.6362723112106323,-0.19136056303977966,-0.9887505769729614,-0.30858927965164185,-0.02606760710477829,-3.3972790241241455,-1.1192665100097656,-0.003286600112915039
476,-9.386659622192383,-10.481086730957031,0.8024769425392151,-18.814228057861328,20.0,-4.338555335998535,2.5985169410705566,17.6149845123291,-12.11988639831543,9.112628936767578,0.23337149620056152,0.09537291526794434,2.1474809646606445,-0.24466145038604736,0.18297666311264038,-1.9326716661453247,-0.7276553511619568,-0.2255205363035202,-1.1155730485916138,0.3424985110759735,-1.0742850303649902,-2.440415382385254,-1.141383171081543,-0.8166913986206055
477,12.037105560302734,0.7964313626289368,-0.5461074113845825,4.751843452453613,20.0,-4.046090126037598,0.828735888004303,0.12287545204162598,2.1993770599365234,-0.8297824859619141,-0.12675809860229492,-0.0037314891815185547,2.0634467601776123,-0.40506744384765625,0.03692403435707092,-0.7408401966094971,-0.6177173256874084,-1.6975129842758179,0.16301357746124268,0.4911186099052429,-0.23911450803279877,-4.560266494750977,-2.0749778747558594,-1.2275367975234985
478,-4.842307090759277,0.09793895483016968,0.8118867874145508,0.7807445526123047,20.0,-3.712754726409912,12.553986549377441,-4.153715133666992,1.671785593032837,6.438205718994141,0.3778034448623657,0.052298545837402344,0.6367216110229492,0.013680931180715561,0.3808852732181549,2.580348014831543,0.7780554890632629,-2.257819890975952,1.2693660259246826,0.38628411293029785,-0.4639832079410553,-6.020514488220215,-0.7581703066825867,-2.1460907459259033
479,-29.247005462646484,-1.227279543876648,3.2046873569488525,-3.5877952575683594,18.825197219848633,-3.5495991706848145,36.67467498779297,-10.396286010742188,10.403539657592773,10.314071655273438,0.35379406809806824,-0.014142990112304688,-3.0140745639801025,-0.01891191303730011,-0.13628169894218445,8.060309410095215,5.516776084899902,-2.7144908905029297,3.289273738861084,0.03293951228260994,0.42058876156806946,-9.277239799499512,-0.22094565629959106,-3.452812433242798
480,-29.78976821899414,4.3050150871276855,-1.0684638023376465,-10.5025634765625,-1.0372533798217773,0.1747446060180664,45.62895965576172,-16.513538360595703,21.8167781829834,-29.597179412841797,-17.69414710998535,-14.268701553344727,-3.782848358154297,0.025134988129138947,-0.877129316329956,9.07394027709961,4.565165042877197,-4.033813953399658,1.8654855489730835,-0.6725596189498901,-0.15538738667964935,-1.0678852796554565,8.068710327148438,2.0843350887298584
481,-15.135379791259766,0.05682063102722168,0.13222742080688477,-12.341249465942383,-1.4202673435211182,0.47571611404418945,26.707170486450195,-22.895103454589844,39.81401824951172,-66.80826568603516,9.674623489379883,-10.614224433898926,-3.5152690410614014,-0.13875241577625275,-1.113552212715149,5.6795334815979,-0.33448129892349243,-1.7702101469039917,1.2975212335586548,-0.22137323021888733,0.036792024970054626,1.8380786180496216,-3.086153984069824,0.4413224756717682
482,2.062164306640625,0.15082001686096191,2.1573286056518555,-3.891571044921875,-0.0012099742889404297,0.1532306671142578,-0.7556629180908203,-17.356128692626953,34.21306610107422,-68.95629119873047,4.1757612228393555,-4.925930023193359,-3.0247936248779297,0.2530022859573364,-0.5278205275535583,3.443608045578003,0.7255398631095886,-1.0182342529296875,1.532342791557312,-0.23086027801036835,-0.02816803753376007,1.225359559059143,-2.6322429180145264,-0.01689624786376953
483,-6.70035457611084,-7.689908027648926,7.871679306030273,-1.4115514755249023,-0.3489610552787781,0.05075317621231079,12.054774284362793,-14.800118446350098,22.681629180908203,-76.72770690917969,10.644594192504883,1.3505899906158447,-2.7386767864227295,0.7035649418830872,0.610034704208374,1.727960467338562,-0.327175110578537,0.42321836948394775,2.1166036128997803,0.0646645724773407,-0.06821642816066742,0.09332576394081116,-2.1129722595214844,-0.053081318736076355
484,-0.29601478576660156,-6.984254837036133,3.0539324283599854,-2.857156276702881,-0.2882823944091797,-0.005148172378540039,-1.8040714263916016,-11.97927188873291,19.473445892333984,-61.43974685668945,17.577098846435547,1.218687653541565,-2.2538959980010986,0.21205025911331177,0.5488891005516052,-1.381408929824829,-1.2141475677490234,1.173650860786438,2.185542345046997,0.05703428387641907,-0.08221909403800964,-0.6152058839797974,-1.6046926975250244,0.21351554989814758
485,11.803789138793945,-2.603424072265625,0.7851026058197021,4.318389892578125,0.16732347011566162,-0.08815836906433105,-14.592756271362305,-19.34644317626953,11.062356948852539,-53.361026763916016,18.757675170898438,1.019888162612915,-1.2242109775543213,0.13770456612110138,0.6075617671012878,-3.2883541584014893,-1.0596600770950317,1.4830466508865356,2.302680015563965,0.2083769589662552,-0.00825536623597145,-1.1984617710113525,-1.3960466384887695,0.5001630783081055
486,8.993585586547852,3.6234757900238037,-4.606548309326172,4.150054931640625,-0.05053138732910156,0.039929866790771484,-8.236629486083984,-16.610883712768555,7.965406894683838,-22.652040481567383,20.0,3.583326816558838,-0.05313802510499954,0.09731411933898926,-0.076510488986969,-5.114274978637695,-2.3216493129730225,3.245126247406006,2.399749517440796,0.3543776273727417,-0.03145840764045715,-1.3460184335708618,-1.1906310319900513,-0.20135462284088135
487,16.030174255371094,3.470750331878662,-2.6870064735412598,7.038057327270508,0.3738224506378174,-0.23110008239746094,-15.862347602844238,-5.261383056640625,-6.599514961242676,-8.564559936523438,20.0,5.500253200531006,0.8905477523803711,0.4527726173400879,-0.20638413727283478,-6.621203422546387,-1.321232557296753,3.442636728286743,0.8821340203285217,0.209189772605896,-0.5538814067840576,0.9167983531951904,0.7125251293182373,-0.8011100888252258
488,39.533390045166016,13.120065689086914,-11.635986328125,10.776779174804688,0.5089036822319031,-0.12756061553955078,-31.661239624023438,0.8547235727310181,-6.602574825286865,2.074981689453125,10.94286060333252,2.929891586303711,3.3771181106567383,0.7598554491996765,-0.8830050826072693,-9.589071273803711,-0.2247590273618698,3.955329656600952,-2.1060726642608643,-0.30699291825294495,-0.9976162910461426,6.764604091644287,4.752748966217041,1.8596973419189453
489,29.96633529663086,23.782224655151367,-32.81388473510742,-69.04528045654297,5.748736381530762,6.480084419250488,-25.568233489990234,-7.595261096954346,5.437337875366211,-6.2047882080078125,-0.9603385925292969,-0.2021012306213379,1.3073606491088867,-0.49705445766448975,0.1878974586725235,0.9217023253440857,-2.2503042221069336,0.40434205532073975,-3.302783727645874,-1.3079125881195068,0.4145031273365021,8.52021312713623,3.008284091949463,2.457453727722168
490,16.686935424804688,17.467069625854492,-38.70948791503906,-76.41153717041016,13.678045272827148,5.08399772644043,-15.779409408569336,13.022760391235352,-6.680624485015869,-7.414821624755859,-0.8797521591186523,-0.20165491104125977,1.6462877988815308,-0.03894639015197754,0.001824989914894104,0.05821962654590607,-1.8960981369018555,-0.02300601452589035,-3.245133876800537,0.29793164134025574,0.9328111410140991,6.281571865081787,0.8357920050621033,2.036249876022339
491,11.580423355102539,18.68004035949707,-30.768463134765625,-52.88426208496094,17.91124725341797,4.166966915130615,-8.304303169250488,-5.133169174194336,2.0343470573425293,-12.302245140075684,-0.6106160879135132,-0.2301180362701416,2.1209166049957275,-0.10465174913406372,0.10599160939455032,-0.7303172945976257,-1.4912831783294678,0.13903048634529114,-2.439896821975708,0.16648483276367188,1.3143470287322998,1.6519454717636108,0.6214568018913269,1.4568244218826294
492,20.453710556030273,6.8337721824646,-17.564916610717773,-51.49109649658203,20.0,0.27491775155067444,-20.086105346679688,11.588249206542969,-11.602310180664062,-0.9149765968322754,-0.6260404586791992,-0.016809582710266113,2.305288314819336,-0.24098551273345947,0.11448822915554047,-1.3018778562545776,-1.0864007472991943,-0.12041223794221878,-2.8364856243133545,0.03535237908363342,-0.08409398049116135,0.986793577671051,-2.2076289653778076,0.6117722988128662
493,-4.351848602294922,12.210180282592773,-12.424287796020508,-37.298160552978516,20.0,1.5610511302947998,3.9074368476867676,-0.5461787581443787,0.2133113443851471,-1.3996162414550781,0.21431028842926025,-0.06138277053833008,2.536566972732544,-0.45125293731689453,0.19342367351055145,-1.862273097038269,-0.9060561656951904,-0.22567567229270935,-2.093726873397827,-0.09528856724500656,0.09992066770792007,-1.3321850299835205,-0.816023588180542,0.47583749890327454
494,-9.717945098876953,7.6220502853393555,-6.785458087921143,-29.35362434387207,20.0,-0.48853564262390137,10.374889373779297,3.465395450592041,-2.392918348312378,2.9363012313842773,0.11544561386108398,-0.06570613384246826,2.815960645675659,-0.33866259455680847,0.28186655044555664,-2.116208791732788,-0.8298975825309753,-0.2681468427181244,-0.8322600722312927,0.22792193293571472,-0.055590346455574036,-3.18654465675354,-0.7169251441955566,-0.4740441143512726
495,-20.2003116607666,10.208176612854004,-2.412060260772705,-13.63225269317627,20.0,-3.4008359909057617,15.40153980255127,-3.860196828842163,2.5233922004699707,4.4747161865234375,0.06836462020874023,-0.008249044418334961,1.3533848524093628,-0.2548428177833557,0.1030174195766449,-0.31847620010375977,0.1889563798904419,-0.3903349041938782,0.01714485138654709,-0.11686801165342331,-0.3179002106189728,-5.026819229125977,-1.2148451805114746,-1.085580587387085
496,-11.16984748840332,1.0068763494491577,6.228517055511475,-5.2146315574646,20.0,-4.717336654663086,22.6866512298584,-5.005367755889893,5.477882385253906,4.9321136474609375,0.14740204811096191,0.009970664978027344,0.6882664561271667,-0.24358493089675903,0.29136642813682556,1.9882146120071411,1.5599114894866943,-0.8008383512496948,2.4387564659118652,-0.212214395403862,0.5126692652702332,-8.360016822814941,-1.5397502183914185,-1.1871989965438843
497,-16.811134338378906,-2.261843681335449,4.439780235290527,-2.299264907836914,17.830188751220703,-4.022695541381836,23.398700714111328,0.8928874135017395,-0.4448721408843994,17.312088012695312,0.5819625854492188,-0.027199745178222656,-1.6781702041625977,0.4661255478858948,0.33589062094688416,6.198441505432129,4.224069595336914,-2.384413957595825,3.5267961025238037,-0.22617462277412415,-0.22161732614040375,-7.9978108406066895,-0.2507574260234833,-3.757176160812378
498,-32.61762237548828,-10.871041297912598,7.995241641998291,-5.0090484619140625,-0.6833772659301758,0.038763999938964844,44.74366760253906,-7.071108818054199,18.62608528137207,-42.14762878417969,-19.649181365966797,-7.7309417724609375,-3.3170878887176514,0.13963532447814941,0.059577904641628265,9.215437889099121,4.66128396987915,-3.9194176197052,1.1629589796066284,-0.04264664649963379,0.1078297346830368,1.4699432849884033,-3.9076855182647705,3.576341152191162
499,-14.96719741821289,-4.061429500579834,2.6522793769836426,-9.801450729370117,-1.2301273345947266,0.3857865333557129,16.829252243041992,-11.5653076171875,36.36532974243164,-64.88270568847656,3.894083023071289,-4.147787570953369,-3.5991756916046143,-0.4989907443523407,-0.183902308344841,7.258997917175293,0.9259817004203796,-2.445984125137329,1.295341968536377,-0.2598673105239868,-0.18778575956821442,1.2888768911361694,-2.6294374465942383,-0.05678753927350044
500,-9.739259719848633,-4.471855640411377,4.1059889793396,-10.344505310058594,-0.6838513612747192,0.2667165994644165,15.453201293945312,-11.000643730163574,30.46880340576172,-83.26984405517578,5.856560707092285,-0.18608513474464417,-2.7422475814819336,-0.34417253732681274,0.30762678384780884,3.0671141147613525,-0.5997012853622437,-0.5394887924194336,2.219026565551758,0.04773321747779846,-0.21620939671993256,-0.15231233835220337,-1.9977989196777344,-0.10121044516563416
501,-8.801603317260742,-2.671168804168701,1.9569916725158691,-5.546398162841797,-0.3020075559616089,0.10623323917388916,3.115433692932129,-12.490485191345215,19.83899688720703,-56.424190521240234,13.280868530273438,1.6301404237747192,-3.160980224609375,-0.25407716631889343,0.29395177960395813,0.4393391013145447,-0.658525288105011,0.7500056624412537,1.921625018119812,0.3569292426109314,-0.22399261593818665,-0.755972146987915,-1.4312565326690674,-0.0007180720567703247
502,-3.5118637084960938,-4.040679454803467,2.411430835723877,0.3582925796508789,-0.15859198570251465,-0.015299081802368164,6.519102096557617,-12.672008514404297,19.959644317626953,-45.0309944152832,20.0,3.139580011367798,-2.7833328247070312,-0.5269145965576172,0.323184609413147,-1.366212010383606,-1.1616116762161255,1.9025946855545044,2.0856285095214844,0.46531933546066284,-0.08984532207250595,-1.2451200485229492,-1.1363157033920288,-0.15821850299835205
503,14.005403518676758,2.8766751289367676,-1.111121416091919,0.2944602966308594,-0.07439279556274414,-0.14437055587768555,-12.62169075012207,-19.191505432128906,6.7502970695495605,-34.086708068847656,20.0,2.7105815410614014,-1.1644032001495361,-0.3290054500102997,0.41962045431137085,-4.817651271820068,-2.031597852706909,2.1996984481811523,2.3776347637176514,0.491471529006958,-0.06831920892000198,-1.6645020246505737,-1.0147714614868164,-0.09498515725135803
504,13.306976318359375,10.805839538574219,-6.973258018493652,4.467517852783203,0.10319042205810547,-0.08031797409057617,-6.8852219581604,-16.871726989746094,4.198245525360107,-4.922260761260986,20.0,4.82784366607666,0.4821704030036926,0.30725035071372986,0.37906330823898315,-7.249577045440674,-2.3157482147216797,3.071791648864746,1.4862728118896484,0.4108370840549469,-0.14131277799606323,0.1725643277168274,0.143259197473526,-0.2875171899795532
505,31.328704833984375,9.339941024780273,-8.978463172912598,11.784832000732422,0.449587345123291,-0.10500812530517578,-24.686983108520508,-4.016063213348389,-5.524588584899902,-0.5739898681640625,19.489160537719727,4.656722068786621,2.318690299987793,0.3596073389053345,-0.2024061381816864,-9.225887298583984,-1.7648134231567383,4.094132900238037,-1.44582200050354,-0.46189916133880615,-0.9081202745437622,5.452113628387451,3.7596921920776367,1.0669137239456177
506,33.24546432495117,9.959856986999512,-22.556554794311523,-14.807026863098145,-18.237998962402344,9.146766662597656,-31.339027404785156,-5.592286586761475,-0.17134737968444824,-7.255023956298828,-0.45625782012939453,0.04439067840576172,1.58311927318573,1.148909568786621,0.3288993239402771,-1.1179484128952026,8.967540740966797,-0.5195779800415039,-3.068626880645752,-0.47582224011421204,-0.6541720032691956,8.305946350097656,5.669050216674805,3.3075900077819824
507,24.282363891601562,20.796649932861328,-35.58943557739258,-67.67932891845703,5.04652214050293,5.5995330810546875,-19.101505279541016,0.49026966094970703,1.6742033958435059,-9.406229019165039,-1.4312032461166382,-0.39435243606567383,1.3850823640823364,0.06069657579064369,0.008559167385101318,1.3832964897155762,-2.6345407962799072,0.07494667172431946,-3.2294881343841553,-0.272725373506546,0.5728614330291748,6.924042701721191,0.9003233313560486,2.0482089519500732
508,9.653987884521484,30.664812088012695,-41.530860900878906,-78.19104766845703,13.590850830078125,2.5460195541381836,-9.851917266845703,-1.199466586112976,1.1343345642089844,-7.66187858581543,-0.6214131712913513,-0.24056625366210938,1.819101333618164,-0.02878318727016449,-0.07845161855220795,0.14381733536720276,-2.0792033672332764,-0.03421695902943611,-2.91965913772583,0.06612902879714966,1.247340202331543,3.719907760620117,-0.42506182193756104,1.4065618515014648
509,6.36724853515625,18.5450439453125,-30.1678409576416,-61.01629638671875,20.0,2.262194871902466,-7.243396759033203,5.201350212097168,-5.238893032073975,-3.45320987701416,-0.24450147151947021,-0.05609393119812012,1.9787837266921997,0.07521450519561768,-0.19344446063041687,-0.47153526544570923,-1.6236382722854614,-0.12347942590713501,-2.567603826522827,0.25315430760383606,0.6279741525650024,1.3415297269821167,-0.6849449872970581,1.4294806718826294
510,2.368302345275879,8.874578475952148,-18.262371063232422,-49.817787170410156,20.0,0.08321250230073929,-1.1983013153076172,2.6597485542297363,-3.762821674346924,-2.3134636878967285,-0.24100470542907715,-0.10946577787399292,2.406694173812866,-0.21556931734085083,-0.05235305428504944,-1.2808758020401,-1.236106038093567,0.05506138503551483,-1.6830378770828247,-0.4109955132007599,-0.03575232997536659,-1.184847116470337,-1.7772177457809448,0.4946592450141907
511,-14.472721099853516,10.210936546325684,-5.816520690917969,-29.7901554107666,20.0,0.13261690735816956,13.788681983947754,0.8440939784049988,0.16353613138198853,2.6897058486938477,0.28462231159210205,-0.06713855266571045,2.5614333152770996,-0.3460296392440796,-0.0036344341933727264,-1.6389994621276855,-1.1116117238998413,-0.22141939401626587,-0.48480045795440674,-0.3924058973789215,0.14158467948436737,-3.136075258255005,-1.0800917148590088,0.15670019388198853
512,-2.6370811462402344,5.923436164855957,-1.3167760372161865,-17.885761260986328,20.0,-4.695040225982666,1.2500818967819214,2.093217611312866,-1.5410012006759644,3.2335472106933594,-0.05615377426147461,-0.05940556526184082,2.446838140487671,-0.4180119037628174,0.2010982632637024,-1.5604209899902344,-1.0326498746871948,-0.10308846831321716,0.04187171161174774,-0.436502605676651,0.10289450734853745,-4.516904830932617,-1.7335928678512573,-0.9742180705070496
513,-8.59697151184082,5.541983127593994,-4.218145370483398,-13.564449310302734,20.0,-4.758705139160156,4.145541667938232,5.8804144859313965,-3.66032338142395,11.357071876525879,0.3566586971282959,0.11285924911499023,1.8824273347854614,-0.21612176299095154,0.1448323279619217,-0.6776711344718933,-1.3059040307998657,-1.037750005722046,-0.017918651923537254,-0.1119680106639862,-0.257852703332901,-2.934147834777832,-1.5728917121887207,-1.1925097703933716
514,-6.127379417419434,3.420466423034668,-1.9580470323562622,-14.242114067077637,20.0,-5.084593772888184,3.6066808700561523,1.7784113883972168,-0.6038528680801392,4.103784561157227,0.12816929817199707,0.06798171997070312,1.71599280834198,-0.25874045491218567,0.25821393728256226,-0.4347935914993286,-1.5223424434661865,-1.5196653604507446,0.4689761698246002,-0.04105483368039131,-0.12271023541688919,-4.001920223236084,-1.540403962135315,-1.7567024230957031
515,2.34989857673645,1.2878549098968506,4.303602695465088,2.6583986282348633,20.0,-3.804640293121338,7.546802520751953,-2.426382064819336,3.2685956954956055,2.997335433959961,0.20277738571166992,0.04720115661621094,0.5761632919311523,-0.1933521330356598,0.2367815375328064,2.435781717300415,-0.2527708411216736,-2.823427200317383,1.8609358072280884,-0.13160282373428345,0.4862715005874634,-6.34178352355957,-0.6594075560569763,-2.5369112491607666
516,-26.052688598632812,-2.526881456375122,2.94148588180542,-4.734474182128906,19.01660919189453,-3.4546518325805664,38.959014892578125,-7.813730239868164,6.166982173919678,-29.110715866088867,-16.72957992553711,-16.218931198120117,-2.3502020835876465,0.4535348117351532,0.06934216618537903,7.4018402099609375,4.332740306854248,-2.1436285972595215,1.405887484550476,-0.19139604270458221,0.11980612576007843,-0.996850848197937,7.71325159072876,0.4822726249694824
517,-20.87094497680664,-5.8316168785095215,2.63971209526062,-2.815288543701172,-0.7516932487487793,0.17399263381958008,37.51683807373047,-21.34544563293457,37.201744079589844,-81.95938873291016,3.91334867477417,-7.793165683746338,-2.8997488021850586,0.18221792578697205,-0.7294838428497314,8.699013710021973,3.9244468212127686,-2.217413902282715,1.392763614654541,0.16501253843307495,-0.047031424939632416,1.3976949453353882,-2.6911020278930664,0.44490760564804077
518,-21.542922973632812,-5.9487762451171875,5.539745330810547,-7.2457733154296875,-0.9936144351959229,0.14762187004089355,25.164018630981445,-16.924814224243164,40.2601318359375,-81.24051666259766,3.1106619834899902,-3.9769833087921143,-3.5599381923675537,-0.1620730757713318,-0.7411594986915588,7.859182357788086,1.8267818689346313,-1.9716235399246216,1.7437211275100708,0.045062750577926636,-0.24980095028877258,0.5392172336578369,-2.2224128246307373,0.05305040627717972
519,-20.489057540893555,-8.426523208618164,8.444483757019043,-13.22950553894043,-0.8381925821304321,0.12007284164428711,18.99209976196289,-3.509246826171875,21.55478286743164,-61.29589080810547,6.797350883483887,0.7115901708602905,-3.967313528060913,0.02171562984585762,0.2509780526161194,4.384356498718262,0.8584441542625427,-1.0785226821899414,1.7979412078857422,0.3175356984138489,-0.2153814733028412,-0.15490324795246124,-1.7348910570144653,-0.06828394532203674
520,-7.689579010009766,-2.5192887783050537,2.587125301361084,-11.877179145812988,-0.6964804530143738,0.15556764602661133,9.983739852905273,-12.827483177185059,20.003643035888672,-61.868072509765625,12.98261833190918,1.7632147073745728,-3.203627347946167,-0.15872806310653687,0.43320417404174805,-1.08926522731781,0.046733785420656204,0.39089900255203247,2.3373749256134033,0.3255999684333801,-0.199951171875,-1.077495813369751,-1.3173772096633911,-0.17900873720645905
521,3.1884517669677734,0.8081543445587158,-0.2958190441131592,-0.4504432678222656,-0.36792469024658203,0.07730579376220703,-2.8239402770996094,-16.42367935180664,13.98812484741211,-45.41919708251953,20.0,3.7870874404907227,-2.266801118850708,-0.2230701595544815,0.21024075150489807,-4.277485370635986,-1.2746083736419678,2.3207364082336426,2.6030495166778564,0.33372557163238525,-0.27957314252853394,-1.6872037649154663,-1.0532808303833008,-0.15426227450370789
522,13.620508193969727,4.095057487487793,-2.294389486312866,7.810056686401367,0.005057811737060547,-0.1813220977783203,-16.113815307617188,-21.400901794433594,9.821728706359863,-38.64222717285156,20.0,4.533425331115723,-0.9195143580436707,0.18981623649597168,0.298932820558548,-5.911362171173096,-2.5751569271087646,2.4673869609832764,2.6758687496185303,0.46589386463165283,-0.2453911453485489,-2.039705514907837,-0.8490700125694275,-0.2557690739631653
523,18.292984008789062,7.139671802520752,-5.847592830657959,10.005962371826172,0.35424184799194336,-0.12418460845947266,-16.5883846282959,-15.040121078491211,2.2552385330200195,-7.8419389724731445,20.0,4.5410566329956055,0.22183038294315338,0.44249391555786133,0.10946955531835556,-6.7704901695251465,-2.3419995307922363,2.9663941860198975,1.062267780303955,0.20975670218467712,-0.3887273967266083,0.6144885420799255,0.7890105247497559,0.30016860365867615
524,41.50887680053711,13.001302719116211,-12.426554679870605,9.89632797241211,0.6579267382621765,-0.04562091827392578,-40.231685638427734,2.350870370864868,-7.703286647796631,1.5922317504882812,10.279025077819824,2.5983965396881104,2.3104140758514404,0.7451747059822083,-0.5899287462234497,-10.393922805786133,0.12955957651138306,4.220270156860352,-3.023102045059204,-0.3272780179977417,-1.0832493305206299,7.446432590484619,6.260970115661621,2.029489040374756
525,41.48191452026367,18.636463165283203,-35.22861862182617,-39.49127197265625,-20.0,7.18516731262207,-30.218088150024414,-3.9926626682281494,2.9730026721954346,-5.997203826904297,-1.2732734680175781,-0.17004632949829102,1.3546932935714722,-0.4406375288963318,0.005841806530952454,1.0562398433685303,-2.2822675704956055,0.24210484325885773,-3.7723395824432373,-0.9597395062446594,0.11891503632068634,10.194454193115234,2.4270870685577393,2.9043593406677246
526,18.814083099365234,28.176225662231445,-45.036224365234375,-75.83026885986328,11.09732723236084,3.696354389190674,-17.18671226501465,3.7886276245117188,-1.01631498336792,-14.97236442565918,-1.0736219882965088,-0.3207547664642334,1.8587636947631836,0.054090678691864014,-0.09920129925012589,-0.023808758705854416,-1.943760871887207,0.04575074091553688,-3.3978803157806396,0.4023266136646271,0.9718953967094421,5.052781105041504,0.6430373787879944,1.9724738597869873
527,10.82348918914795,23.503461837768555,-37.79695510864258,-63.5532341003418,16.363962173461914,3.395756959915161,-8.409852981567383,-0.10297608375549316,-1.2735941410064697,-6.023083686828613,-0.48820990324020386,-0.20030975341796875,2.2791659832000732,0.10244344919919968,-0.23461510241031647,-0.8572142720222473,-1.5301064252853394,-0.2099926918745041,-2.877103090286255,0.4840087890625,0.7691373825073242,2.086711883544922,-0.39656683802604675,1.0998904705047607
528,1.9609756469726562,18.47233009338379,-25.71512794494629,-52.238922119140625,17.84177017211914,1.6604535579681396,0.9219245910644531,-4.409944534301758,1.2404141426086426,-4.270278453826904,-0.23562180995941162,-0.13190561532974243,2.868173599243164,-0.12359965592622757,-0.16702623665332794,-1.6970422267913818,-1.0748803615570068,-0.061502791941165924,-1.605595350265503,-0.1711970418691635,0.6590390801429749,-1.2987455129623413,-0.8266738057136536,0.4335629343986511
529,-2.0881776809692383,14.632158279418945,-13.16565227508545,-38.297157287597656,20.0,-1.5727481842041016,-4.329799652099609,7.438896179199219,-7.107027053833008,6.842466354370117,0.05804777145385742,0.05200272798538208,2.47914719581604,-0.09261894971132278,-0.30202385783195496,-1.7309622764587402,-0.9041007161140442,-0.14209572970867157,-1.9498201608657837,-0.13928084075450897,-0.4577958583831787,-0.6792477369308472,-1.330448865890503,0.13072550296783447
530,-19.400224685668945,10.08690071105957,-8.11534309387207,-39.876197814941406,20.0,-2.382246255874634,16.039485931396484,-1.0202605724334717,1.0538890361785889,3.5872793197631836,0.3405105471611023,-0.05248922109603882,2.7748663425445557,-0.2701435387134552,0.011152771301567554,-2.390350580215454,-0.6841020584106445,0.0489107221364975,-0.6688856482505798,-0.4839426279067993,-0.2926364541053772,-2.357790946960449,-0.44684988260269165,-0.5004516243934631
531,-2.441014289855957,6.482989311218262,-4.5685715675354,-4.556926727294922,20.0,-4.271347999572754,0.48093581199645996,1.2601155042648315,0.6311247944831848,1.4485912322998047,-0.20528936386108398,-0.009904623031616211,1.7161122560501099,-0.09377091377973557,-0.03183405473828316,-1.0044796466827393,-0.12325328588485718,-0.3249652683734894,-0.46438607573509216,-0.23847441375255585,-0.14398731291294098,-3.68365478515625,-1.8131769895553589,-1.092240333557129
532,-6.861820220947266,-3.7865426540374756,-0.718279242515564,-10.14590072631836,20.0,-5.229766845703125,10.437068939208984,8.199186325073242,-5.114382743835449,6.385101318359375,0.22098684310913086,0.14059782028198242,1.7108393907546997,0.21987394988536835,-0.06921900808811188,-0.3524525463581085,-0.3362296223640442,-1.6624749898910522,0.7723706960678101,0.2882113456726074,-0.7042666077613831,-4.708801746368408,-2.2192063331604004,-1.2332971096038818
533,-10.226210594177246,1.9044225215911865,6.274674892425537,-7.423603534698486,20.0,-4.823060989379883,13.036649703979492,-4.010322093963623,4.27329683303833,7.444160461425781,0.46387338638305664,0.04892325401306152,0.5737156271934509,-0.06376220285892487,0.20083783566951752,1.8779144287109375,0.6730150580406189,-1.4541608095169067,1.59708833694458,-0.14153774082660675,0.007200153544545174,-5.519368648529053,-0.7102014422416687,-1.2178493738174438
534,-14.865638732910156,0.8456517457962036,4.117879867553711,-13.748815536499023,20.0,-5.245818138122559,14.960677146911621,3.257223129272461,-1.1398513317108154,11.112920761108398,0.24323391914367676,0.03314685821533203,-0.4957727789878845,0.13908641040325165,0.336247056722641,3.671334743499756,1.5824065208435059,-2.063308000564575,2.3675036430358887,0.15443167090415955,0.08356409519910812,-5.958545684814453,-0.5337772369384766,-2.5591962337493896
535,-26.832679748535156,0.6275113821029663,3.3608241081237793,-4.393283843994141,8.43055534362793,-1.5854592323303223,30.831165313720703,-10.828367233276367,9.449407577514648,11.97335433959961,0.5706472396850586,0.060579776763916016,-3.165996789932251,0.59804767370224,0.41707372665405273,7.845952987670898,5.779766082763672,-3.0044193267822266,0.8546903729438782,-0.027174867689609528,0.34648463129997253,-1.6014409065246582,10.386321067810059,0.9610171318054199
536,-11.665043830871582,-0.7169597148895264,-0.9424185752868652,-7.217639923095703,-1.3604799509048462,0.35381555557250977,26.712217330932617,-10.362533569335938,29.246259689331055,-43.50930404663086,-17.91436004638672,-11.781708717346191,-2.583728551864624,-0.3627452552318573,-1.4617717266082764,7.176104545593262,0.1256546676158905,-2.0003867149353027,1.224150538444519,-0.05856659263372421,0.04988823086023331,1.991355061531067,-3.371910810470581,0.9657219648361206
537,-12.59999942779541,3.0944223403930664,0.41129446029663086,-7.267971038818359,-0.35564136505126953,0.18595170974731445,14.202028274536133,-22.42532730102539,44.025760650634766,-77.31503295898438,3.3612589836120605,-5.514952659606934,-2.3690967559814453,0.3486252725124359,-0.7592642307281494,4.763000011444092,0.35042136907577515,-1.3468436002731323,1.486591100692749,0.016881465911865234,-0.0980902910232544,1.0360634326934814,-2.4584152698516846,0.018314816057682037
538,-15.207088470458984,-10.662049293518066,9.024229049682617,-5.193122863769531,-0.5262134075164795,0.07103592157363892,12.582721710205078,-7.267021656036377,26.559179306030273,-72.50428009033203,8.602846145629883,-1.1070892810821533,-2.908979892730713,0.2979963421821594,0.0025849714875221252,2.8166515827178955,-0.994536817073822,-0.2340121567249298,1.5167236328125,0.15919804573059082,-0.11496241390705109,0.10956242680549622,-1.7689460515975952,-0.0903104692697525
539,-4.333130836486816,-2.4826149940490723,2.47294545173645,-6.125406265258789,-0.14781463146209717,0.016256555914878845,3.285860061645508,-13.010844230651855,14.95177936553955,-42.761451721191406,12.109077453613281,-2.2351772785186768,-2.789651870727539,0.10937822610139847,-0.005127633921802044,-0.296440452337265,-0.17634351551532745,0.06585893779993057,1.5607547760009766,0.14010098576545715,-0.19574466347694397,-0.273324191570282,-1.6136311292648315,-0.07768845558166504
540,-1.894378662109375,2.759105682373047,-0.3742852210998535,-2.772815704345703,-0.46404218673706055,0.08128905296325684,6.702021598815918,-20.860422134399414,14.137584686279297,-38.528751373291016,19.977161407470703,1.0938820838928223,-1.7715784311294556,0.52348792552948,0.38262322545051575,-3.682494878768921,-2.036395788192749,1.8273491859436035,1.9310251474380493,0.26906004548072815,-0.15926788747310638,-0.7584816217422485,-1.3568594455718994,0.05505603551864624
541,14.952089309692383,3.6713201999664307,-4.961233139038086,4.605976104736328,0.1326761245727539,0.0368037223815918,-11.249656677246094,-13.173439979553223,8.128194808959961,-21.678508758544922,20.0,5.353586196899414,-0.053829967975616455,0.26535671949386597,-0.35621896386146545,-6.291686534881592,-2.3974902629852295,3.8857367038726807,2.24253511428833,0.28063932061195374,-0.17939455807209015,-0.9162185192108154,-1.362631916999817,-0.5026590824127197
542,32.0552978515625,5.588388919830322,-5.042573928833008,9.367362976074219,0.5150902271270752,-0.2660255432128906,-30.67755889892578,0.700252115726471,-8.586066246032715,0.5741004943847656,20.0,5.622725009918213,1.5843369960784912,0.5264987945556641,-0.25896161794662476,-8.796280860900879,-1.0889040231704712,3.988466739654541,-1.5934275388717651,-0.23189544677734375,-0.5041486024856567,4.840235233306885,2.9493472576141357,-0.5464319586753845
543,28.250041961669922,13.097542762756348,-24.359445571899414,-31.105478286743164,-17.031221389770508,8.987653732299805,-30.583499908447266,0.31902778148651123,-3.7132132053375244,-2.688610076904297,-0.22258377075195312,0.268430233001709,1.01960027217865,-0.15513060986995697,0.22704504430294037,1.3708761930465698,-2.4307408332824707,0.668694019317627,-3.432086944580078,-0.8668035268783569,-0.7930508852005005,9.55766487121582,5.30526876449585,2.5824639797210693
544,27.620174407958984,27.23561668395996,-45.0465202331543,-82.85968780517578,12.824159622192383,4.7633233070373535,-22.529644012451172,6.709510803222656,-1.2795929908752441,-7.262447357177734,-1.4448981285095215,-0.2866091728210449,1.748953104019165,0.004806652665138245,0.16292546689510345,0.416933536529541,-2.130422830581665,0.38201895356178284,-3.441448926925659,0.5177209973335266,0.6113101243972778,8.640534400939941,-0.026493994519114494,1.947060227394104
545,1.909947395324707,27.674619674682617,-36.66389083862305,-76.0252456665039,14.2711181640625,2.9412760734558105,-7.749785423278809,-8.813185691833496,4.666219234466553,-15.0657320022583,-0.6938366889953613,-0.26286864280700684,2.1901299953460693,0.02443305402994156,0.23398450016975403,-0.9091313481330872,-1.524955153465271,0.018537867814302444,-2.582261323928833,0.38711705803871155,0.9827311635017395,2.953033685684204,-0.7894785404205322,1.075741171836853
546,9.28074836730957,10.516533851623535,-20.01386070251465,-45.474761962890625,20.0,2.0015578269958496,-10.384912490844727,0.1895742416381836,-3.8191561698913574,-6.2566022872924805,-0.21379424631595612,-0.03254556655883789,2.2724385261535645,-0.15297001600265503,0.37023216485977173,-1.3891901969909668,-1.0619288682937622,0.10238250344991684,-2.3550992012023926,-0.3350527584552765,0.07217848300933838,0.1373099982738495,0.03780388459563255,0.8134912252426147
547,-3.2051048278808594,7.241589069366455,-16.135549545288086,-44.58028793334961,20.0,-0.7315431237220764,2.4393277168273926,5.473363399505615,-4.286057472229004,1.3998775482177734,-0.23670744895935059,-0.05764074623584747,2.6354727745056152,-0.1612219512462616,0.4141162931919098,-1.9396895170211792,-0.8632586002349854,-0.0040147751569747925,-1.4465655088424683,-0.22452475130558014,-0.48285800218582153,-1.4851446151733398,-1.825514554977417,-0.06608409434556961
548,-1.8043489456176758,8.543994903564453,-10.03433609008789,-15.840232849121094,20.0,-0.7442951202392578,1.347947597503662,-0.9971413612365723,2.7871570587158203,-1.3451271057128906,-0.011041879653930664,-0.04368966817855835,2.5754432678222656,-0.3686255216598511,0.22303539514541626,-1.9927914142608643,-0.7506197094917297,-0.267232209444046,-0.6210012435913086,-0.03953229635953903,0.18532654643058777,-4.1158833503723145,-1.6022247076034546,0.021800227463245392
549,-19.493152618408203,7.7540812492370605,-3.0452585220336914,-16.6082820892334,20.0,-2.359860420227051,15.454463005065918,0.6238117218017578,0.35590916872024536,9.21940803527832,0.36142730712890625,-0.05960237979888916,1.7946369647979736,-0.3801273703575134,0.04751751944422722,-1.0121837854385376,-0.39217910170555115,-0.39852645993232727,0.1448691338300705,-0.05821274220943451,0.11637227237224579,-4.368556499481201,-1.4001281261444092,-0.9984090924263
550,-15.568380355834961,7.493585586547852,0.8550225496292114,-12.012669563293457,20.0,-4.576461315155029,13.70379638671875,-4.30498743057251,2.5088376998901367,8.05865478515625,0.38596221804618835,0.06355428695678711,0.8702408671379089,-0.2614558935165405,0.3298797607421875,0.25573164224624634,-0.3447542190551758,-0.7752320766448975,0.8464414477348328,-0.3823731541633606,0.1329451948404312,-5.1872639656066895,-0.03538476675748825,-1.050668716430664
551,-4.039425849914551,-5.232631683349609,7.098133087158203,-1.4504690170288086,20.0,-4.544573783874512,11.846638679504395,3.6170639991760254,-1.2504451274871826,7.334888458251953,-0.00321042537689209,0.008649826049804688,-0.43735697865486145,-0.26423636078834534,0.28024595975875854,3.7965848445892334,1.62726628780365,-2.1211323738098145,1.9698188304901123,-0.3205402195453644,0.1622130274772644,-6.367464542388916,-0.9738635420799255,-2.523559331893921
552,-39.25551223754883,-8.817398071289062,8.544171333312988,-2.0936660766601562,4.449367523193359,-0.8488812446594238,56.2922248840332,-5.604883193969727,16.567955017089844,-21.344646453857422,-17.972564697265625,11.473565101623535,-3.142847776412964,-0.33038806915283203,0.36796119809150696,10.131647109985352,8.839845657348633,-3.476081132888794,1.7884719371795654,-1.037017822265625,-0.1313818395137787,-1.3768608570098877,9.972342491149902,-0.1378079056739807
553,-25.825647354125977,10.300665855407715,-6.844606876373291,-16.080625534057617,-2.386786460876465,0.4572324752807617,36.477561950683594,-23.949617385864258,36.61094665527344,-62.81898498535156,4.11860990524292,-7.44299840927124,-3.275927782058716,0.22127656638622284,-1.2055407762527466,7.149537563323975,-0.09161219000816345,-2.100416898727417,1.315356731414795,-0.03712238371372223,-0.43766337633132935,1.3354601860046387,-2.6616945266723633,0.3342743515968323
554,-20.610034942626953,-0.6480002403259277,4.152599334716797,-9.87949275970459,-0.49201497435569763,0.1797260046005249,29.34722137451172,-19.369874954223633,41.00347900390625,-70.28982543945312,7.630697250366211,-2.99282169342041,-3.110717296600342,0.5375590920448303,-0.2585243880748749,4.015481472015381,0.02989012375473976,-0.841362714767456,1.966353178024292,-0.033875346183776855,-0.41110876202583313,0.3910605311393738,-2.1474969387054443,-0.16445253789424896
555,-18.449750900268555,-11.912637710571289,7.882575511932373,-6.298953056335449,-0.4825185537338257,0.04899682104587555,18.994525909423828,0.4214433431625366,25.136425018310547,-58.35732650756836,13.714366912841797,-0.7365555763244629,-3.6461873054504395,0.14746999740600586,0.05437679961323738,1.6848739385604858,-0.5080200433731079,-0.009614133276045322,2.0159072875976562,0.19696101546287537,-0.38839805126190186,-0.319135844707489,-1.6718769073486328,-0.22108609974384308
556,0.3123588562011719,-6.740478515625,6.092766761779785,-2.7487058639526367,-0.1700107455253601,-0.06320980191230774,-3.096003532409668,-5.766233444213867,19.098281860351562,-55.619754791259766,15.189325332641602,0.7965793609619141,-3.199518918991089,-0.10142364352941513,0.9314693212509155,-1.5026441812515259,-0.2992565929889679,0.27308952808380127,2.0311639308929443,0.10711053013801575,-0.32103222608566284,-0.9300796389579773,-1.6312425136566162,0.23583978414535522
557,15.0223388671875,3.2558798789978027,-4.664951801300049,3.4004602432250977,-0.12678813934326172,0.1573176383972168,-12.634712219238281,-15.319791793823242,14.866434097290039,-35.06237030029297,20.0,2.0743532180786133,-1.652720332145691,-0.0937453955411911,0.4142076075077057,-3.719102621078491,-2.126882791519165,2.4703354835510254,2.287698268890381,0.3554053008556366,-0.09674860537052155,-1.1346044540405273,-1.3233957290649414,-0.10142481327056885
558,15.497769355773926,6.701211452484131,-5.181465148925781,3.5396652221679688,0.1965012550354004,-0.11122512817382812,-13.104410171508789,-14.420955657958984,4.723023414611816,-15.581320762634277,20.0,4.259977340698242,-0.0368376262485981,0.08938369899988174,0.1685083657503128,-6.649720191955566,-1.6646662950515747,3.2245776653289795,1.9707742929458618,0.38360896706581116,-0.04179379343986511,-0.49457547068595886,-0.7777227163314819,-0.5733112096786499
559,26.84046173095703,8.981525421142578,-7.472884178161621,10.575904846191406,0.3877629041671753,-0.17998886108398438,-25.5764217376709,-7.689610958099365,-5.062877655029297,-3.8897781372070312,20.0,6.038484573364258,1.239694356918335,0.3732047379016876,-0.20469121634960175,-8.28830337524414,-0.723189115524292,3.4464731216430664,-1.0753182172775269,-0.2315378487110138,-0.6979482173919678,4.156337261199951,2.702040433883667,-0.7424346804618835
560,43.23574447631836,12.805305480957031,-24.68037986755371,-33.17655944824219,-19.100109100341797,8.818925857543945,-34.28270721435547,-0.9625891447067261,-3.2062549591064453,-5.08660888671875,3.413267135620117,1.1993305683135986,1.5015984773635864,-0.43580034375190735,-0.3248986005783081,1.2261630296707153,-2.487243890762329,-0.504713773727417,-2.464111566543579,-0.7402542233467102,-0.41983410716056824,7.082115650177002,5.726079940795898,2.069789171218872
561,31.30757713317871,28.597558975219727,-44.459197998046875,-70.77997589111328,13.027074813842773,4.073339939117432,-29.410919189453125,-0.48349636793136597,2.0946006774902344,-5.769096374511719,-1.447697639465332,-0.24238252639770508,1.6671059131622314,-0.12172824889421463,0.29288041591644287,0.5566325187683105,-2.2296602725982666,0.3772624731063843,-3.7611329555511475,0.01996644400060177,1.384932279586792,7.480315208435059,0.9542840719223022,2.1420950889587402
562,1.1312780380249023,26.251604080200195,-41.06592559814453,-72.46182250976562,15.093050003051758,4.737971782684326,-4.100284576416016,-5.826129913330078,1.3713793754577637,-9.639122009277344,-0.5169155597686768,-0.21953940391540527,1.9741040468215942,0.06918517500162125,0.23012560606002808,-0.4161052703857422,-1.8308006525039673,-0.10276003181934357,-3.09788179397583,-0.05845380574464798,1.1556832790374756,3.287264585494995,0.5985305905342102,1.4162994623184204
563,14.460559844970703,16.733198165893555,-31.854156494140625,-66.99750518798828,20.0,2.503230094909668,-12.602071762084961,6.477431774139404,-5.830362319946289,-1.8710136413574219,-0.3977212905883789,-0.0911555290222168,2.395537853240967,-0.13003884255886078,0.11070286482572556,-1.220729112625122,-1.3148740530014038,-0.15199992060661316,-2.767080307006836,-0.1524587869644165,0.4739333689212799,1.768396258354187,-0.5610927939414978,0.6731970310211182
564,9.028081893920898,7.452498435974121,-20.359853744506836,-46.77142333984375,20.0,-0.44867488741874695,-9.173603057861328,3.6095755100250244,-4.26970100402832,-5.031890869140625,-0.3315610885620117,-0.012251138687133789,2.6852991580963135,-0.22862784564495087,0.296738862991333,-1.869187355041504,-0.8939114809036255,-0.11240710318088531,-2.328500747680664,-0.38947710394859314,-0.07496228069067001,-1.2795591354370117,-0.8149754405021667,0.37343862652778625
565,-6.985176086425781,7.854864120483398,-13.145537376403809,-32.47398376464844,20.0,-0.2743567228317261,6.363950729370117,5.417449951171875,-3.562602996826172,4.988511085510254,0.09443783760070801,-0.004363086074590683,2.780705451965332,-0.27080708742141724,0.08239414542913437,-2.025663375854492,-0.8859462141990662,-0.5066000819206238,-1.4832009077072144,-0.1339263767004013,-0.5802770853042603,-2.0005600452423096,-1.3041698932647705,0.015391554683446884
566,-19.945037841796875,5.826183319091797,-8.552698135375977,-33.71963119506836,20.0,-3.1443240642547607,12.374897956848145,5.070498466491699,-1.4436531066894531,4.422402381896973,0.17125773429870605,-0.023811519145965576,2.6089770793914795,-0.28672802448272705,0.023624703288078308,-2.2660813331604004,-0.6907250881195068,-0.21040524542331696,-0.48154565691947937,0.2689395844936371,-0.4675641357898712,-3.7666335105895996,-1.371293306350708,-0.44383469223976135
567,-11.800012588500977,3.64141845703125,0.3908848166465759,-12.377555847167969,20.0,-4.687626361846924,9.549023628234863,2.749040365219116,-1.455765724182129,8.354628562927246,0.33401012420654297,0.03520691394805908,2.1478772163391113,-0.25153398513793945,0.029893014580011368,-1.4717175960540771,-0.46844056248664856,-0.5033754706382751,0.088088758289814,0.4087657630443573,-0.515670895576477,-3.623960494995117,-0.7891677021980286,-0.8263285160064697
568,-14.298168182373047,-1.539968490600586,4.86176872253418,-4.385888576507568,20.0,-4.61101770401001,17.129915237426758,-2.798433303833008,2.90317440032959,2.4776153564453125,0.07078814506530762,0.002299070358276367,0.4888838529586792,-0.12178917974233627,0.17041274905204773,1.4836921691894531,1.0581979751586914,-1.067270278930664,1.5590648651123047,0.2283991277217865,-0.23889905214309692,-7.095443248748779,-0.6757986545562744,-1.4240632057189941
569,-12.316946983337402,-3.1773197650909424,7.958277225494385,-3.1028995513916016,20.0,-4.616995334625244,24.238523483276367,-2.7320351600646973,3.4268054962158203,14.19863510131836,0.4477461576461792,0.025450706481933594,-1.2854489088058472,0.12326988577842712,0.3411373794078827,5.426061153411865,3.6000795364379883,-2.2924678325653076,3.10349702835083,0.053889013826847076,0.30489107966423035,-7.202436447143555,0.08942937850952148,-2.272244930267334
570,-37.281822204589844,-0.06078815460205078,2.281463146209717,-4.695823669433594,-0.5139684677124023,0.09281492233276367,56.668296813964844,-18.375953674316406,19.699010848999023,-31.87311363220215,-18.866127014160156,-8.29360294342041,-3.126370668411255,0.40095841884613037,-0.2972545027732849,9.763400077819824,5.427061557769775,-3.7898881435394287,2.2921202182769775,-0.5100401043891907,-0.11485663801431656,-1.288590669631958,7.392350196838379,1.9444056749343872
571,-11.864442825317383,3.1566081047058105,-3.817249298095703,-9.968055725097656,-1.3750855922698975,0.45149755477905273,16.563785552978516,-23.304664611816406,48.448020935058594,-70.94332122802734,4.40446662902832,-10.52101993560791,-3.258068323135376,-0.49591273069381714,-1.613735556602478,7.498466968536377,0.9403947591781616,-2.6831281185150146,1.348097801208496,-0.43128013610839844,-0.02153940498828888,1.380448818206787,-2.8611490726470947,0.6235302090644836
572,-11.72201156616211,-7.353076934814453,8.593063354492188,-6.802667617797852,-0.3812711238861084,0.1591794490814209,11.420642852783203,-8.339011192321777,30.855621337890625,-73.2691879272461,1.3414056301116943,-3.3132121562957764,-3.5330657958984375,-0.07540629059076309,-0.20782652497291565,5.747110366821289,1.1718378067016602,-1.7617571353912354,1.3871572017669678,-0.17671898007392883,0.032391712069511414,0.6334228515625,-2.2402148246765137,0.10724109411239624
573,-15.272327423095703,-10.961979866027832,8.684467315673828,-10.40331745147705,-0.76575767993927,0.11435496807098389,21.070402145385742,-0.47577646374702454,19.923505783081055,-62.591583251953125,8.004803657531738,-0.5304447412490845,-3.3314919471740723,-0.1769711971282959,0.5722410678863525,2.078352689743042,-0.40812045335769653,-0.7155452370643616,1.9105265140533447,0.022954776883125305,-0.02239401638507843,-0.25807154178619385,-1.776947021484375,0.09303504228591919
574,-9.44207763671875,-4.955630779266357,3.2895560264587402,-7.058842182159424,-0.4895141124725342,0.17705345153808594,13.462077140808105,-5.698610782623291,13.670398712158203,-53.210697174072266,18.09416961669922,1.7829158306121826,-3.041750907897949,-0.14592194557189941,0.47561684250831604,-1.7703301906585693,-1.1031733751296997,1.7506968975067139,2.3005802631378174,0.3094644546508789,-0.24280071258544922,-1.1805590391159058,-1.2634272575378418,0.11663099378347397
575,4.8084187507629395,3.504246473312378,-1.7531408071517944,-1.4673576354980469,-0.3010115623474121,-0.07433652877807617,3.509511947631836,-18.121347427368164,11.884003639221191,-35.64260482788086,20.0,4.967271327972412,-1.2415300607681274,0.04667877405881882,0.4306882321834564,-5.754794120788574,-2.366023302078247,2.7822015285491943,3.0416014194488525,0.4436900317668915,-0.21308261156082153,-1.8821358680725098,-0.9935926198959351,-0.2787010669708252
576,19.09937858581543,4.0732550621032715,-3.927441358566284,10.650962829589844,0.3837735652923584,-0.18272924423217773,-20.151073455810547,-17.737382888793945,8.760875701904297,-18.694591522216797,20.0,6.153541088104248,0.14107707142829895,0.0008418937213718891,0.376901775598526,-6.81376314163208,-1.9310922622680664,3.0685172080993652,2.39084792137146,0.29046520590782166,-0.08211830258369446,-0.9526287317276001,-0.4121720790863037,-0.7787286639213562
577,19.541706085205078,2.7405543327331543,-3.0140013694763184,14.022336959838867,0.41114377975463867,-0.2059345245361328,-21.819747924804688,-9.280601501464844,-0.7664574384689331,-14.907045364379883,20.0,6.689302444458008,0.8676106333732605,0.2547447085380554,0.20473626255989075,-6.395222187042236,-1.66107976436615,3.45756459236145,0.9225746393203735,0.101541668176651,-0.5862231850624084,0.8777620792388916,0.32028549909591675,-0.4795171022415161
578,35.813541412353516,15.575950622558594,-13.589942932128906,13.221569061279297,0.668112576007843,-0.15616130828857422,-33.86642074584961,-6.422902584075928,-4.045749664306641,-6.780160903930664,12.664913177490234,3.424518585205078,2.4514505863189697,1.0803518295288086,-0.6732844710350037,-7.2952446937561035,0.13075444102287292,3.1337788105010986,-1.7555594444274902,-0.1742142140865326,-0.9253284335136414,5.217464447021484,3.820338249206543,1.1876922845840454
579,39.3632698059082,20.806106567382812,-35.99393081665039,-41.19468688964844,-18.90441131591797,16.84430694580078,-32.876190185546875,-5.336384296417236,3.5192620754241943,-2.5401382446289062,-0.7086954116821289,-0.08017444610595703,1.3875728845596313,0.58402419090271,0.2909040153026581,-0.3160914182662964,3.6883254051208496,1.3224387168884277,-3.7280049324035645,-0.610504150390625,0.17606936395168304,10.004467964172363,2.4909605979919434,2.6928083896636963
580,10.064031600952148,24.36977767944336,-38.23676681518555,-73.43827819824219,8.148622512817383,6.153940200805664,-7.913141250610352,1.3272953033447266,0.8353190422058105,-10.555065155029297,-0.8749334216117859,-0.29626035690307617,1.54264497756958,0.20212379097938538,0.007898025214672089,0.6513442397117615,-2.2402310371398926,-0.12481023371219635,-3.0946550369262695,0.04542010650038719,1.2358311414718628,6.637577056884766,0.2748696506023407,2.1285641193389893
581,10.264376640319824,18.796998977661133,-35.001251220703125,-64.21571350097656,14.141775131225586,4.682143688201904,-11.36377239227295,1.2256301641464233,-2.647813081741333,-10.602479934692383,-0.5646923780441284,-0.20520257949829102,1.7798571586608887,0.27906233072280884,-0.07881872355937958,-0.23394131660461426,-1.7354536056518555,-0.2274312674999237,-2.6800172328948975,0.11047392338514328,0.8422794342041016,2.532090187072754,-0.2604886293411255,1.0666370391845703
582,1.9891242980957031,13.277252197265625,-22.899892807006836,-54.45508575439453,18.02756118774414,4.065055847167969,-1.9756183624267578,1.5647352933883667,-2.116243839263916,-1.9908342361450195,-0.13249480724334717,-0.05584311485290527,2.07498836517334,-0.03855697065591812,-0.10783080756664276,-0.9179041981697083,-1.334324836730957,-0.02053731493651867,-2.018200397491455,-0.2818995714187622,0.5674195289611816,0.5334941148757935,-0.4073757529258728,1.1581729650497437
583,-1.0706825256347656,7.029913425445557,-13.824020385742188,-47.69977569580078,20.0,0.7851738333702087,-4.726550102233887,6.407822132110596,-5.859443187713623,-1.827315330505371,-0.23440122604370117,-0.05343770980834961,2.0458741188049316,-0.12315592914819717,0.04430727660655975,-1.5554388761520386,-0.9205713868141174,-0.0988541692495346,-1.8391287326812744,-0.3787400424480438,-0.07699505239725113,-1.9215737581253052,-0.6886064410209656,0.5705090761184692
584,7.308470726013184,-2.444286346435547,-5.515048503875732,-23.03436279296875,20.0,-2.0259463787078857,-2.014479637145996,11.52341365814209,-8.582725524902344,3.7307214736938477,-0.06878423690795898,0.024483488872647285,2.4499001502990723,0.03406858816742897,0.21713711321353912,-1.6248668432235718,-0.9333555698394775,-0.40144675970077515,-1.1433591842651367,0.09460245817899704,-0.8683041334152222,-2.6123178005218506,-1.5569162368774414,-0.0175858736038208
585,-15.022470474243164,13.044794082641602,-6.749063014984131,-15.76690673828125,20.0,-1.3986808061599731,15.415468215942383,-7.542947769165039,7.690113067626953,4.803297996520996,0.2637004852294922,-0.12612175941467285,2.0101816654205322,-0.3450641632080078,-0.040230218321084976,-1.1338423490524292,-0.5767636895179749,-0.5302571654319763,-0.0018733899341896176,-0.30972206592559814,-0.023277338594198227,-3.889139175415039,-1.4797152280807495,-0.6115671992301941
586,-2.193077564239502,-3.388575553894043,5.906702041625977,0.8112473487854004,20.0,-4.574198246002197,10.290107727050781,-0.2514808773994446,1.2041157484054565,1.9832839965820312,0.07777643203735352,-0.03824591636657715,1.0311123132705688,-0.22128987312316895,0.14235147833824158,1.1791244745254517,0.48047998547554016,-0.6910375952720642,1.3940579891204834,-0.1789444088935852,0.3462653160095215,-6.70902681350708,-1.395358681678772,-1.7339693307876587
587,-16.984546661376953,-4.486934185028076,9.57550048828125,-5.296380996704102,20.0,-5.09824275970459,22.653301239013672,-4.36724853515625,3.630640745162964,8.32424545288086,0.2518482208251953,0.03323698043823242,-1.0582451820373535,-0.04963642731308937,0.3464646339416504,4.796839714050293,3.0847158432006836,-1.0792726278305054,3.146512746810913,-0.4374885559082031,0.5656540393829346,-10.05807876586914,-0.5342149138450623,-2.9350426197052
588,-31.226381301879883,-5.184918403625488,4.856337547302246,-6.58233642578125,2.265291213989258,-0.6657514572143555,45.207035064697266,-4.125372409820557,10.818580627441406,-22.709033966064453,-17.513277053833008,-10.11416244506836,-2.719292640686035,0.09873302280902863,-0.014593146741390228,7.721721172332764,6.342254161834717,-2.779397487640381,2.0428051948547363,-0.39667901396751404,0.03112894669175148,-1.5754314661026,9.17721939086914,1.6233441829681396
589,-0.9120206832885742,-5.41828727722168,0.38312768936157227,-4.617408752441406,-1.321096420288086,0.2691497802734375,3.7649879455566406,-12.149356842041016,28.05315399169922,-70.18587493896484,4.961389064788818,-11.29520034790039,-2.4649388790130615,-0.6714525818824768,-1.144809603691101,6.659296035766602,0.5193237662315369,-2.721874475479126,1.1913628578186035,-0.05786725878715515,0.06267581880092621,1.458740472793579,-2.816173791885376,0.5235032439231873
590,-9.576919555664062,-6.714991092681885,7.725550651550293,-4.862880706787109,-0.29157882928848267,0.15199518203735352,12.977133750915527,-8.730523109436035,24.42000961303711,-66.45263671875,3.530701160430908,-6.361954689025879,-2.226382255554199,-0.2921797037124634,0.10714816302061081,5.552317142486572,0.33386221528053284,-2.0853073596954346,1.6258639097213745,-0.018569082021713257,-0.0953688770532608,0.8381631374359131,-2.47322678565979,0.3951690196990967
591,-15.033822059631348,-6.914984703063965,6.682866096496582,-9.62801742553711,-0.5952161550521851,0.18582242727279663,9.859687805175781,-5.088375091552734,15.768425941467285,-64.74340057373047,7.24434757232666,-1.2372961044311523,-2.504716157913208,0.051338162273168564,0.9854886531829834,2.4839940071105957,-0.5438410043716431,-0.2874673902988434,1.6728838682174683,0.23456698656082153,-0.30622461438179016,-0.029128456488251686,-1.8117213249206543,-0.09976451098918915
592,-5.965847969055176,-3.1022462844848633,1.519519329071045,-6.122878551483154,-0.49299097061157227,0.08261394500732422,5.225427627563477,-7.369688987731934,18.48232650756836,-62.15816879272461,12.636493682861328,2.0980892181396484,-1.8952933549880981,-0.14535309374332428,0.8369344472885132,-1.2358864545822144,-2.256103992462158,0.8728524446487427,2.116295099258423,0.2930348217487335,-0.5111678838729858,-0.9435075521469116,-1.3123884201049805,-0.3186938762664795
593,1.2454195022583008,-8.485020637512207,3.8022594451904297,4.493288040161133,0.3065084218978882,-0.06027960777282715,-7.147129535675049,-6.361221790313721,10.80679702758789,-47.474700927734375,18.74579429626465,3.8138747215270996,-1.8683016300201416,-0.7324440479278564,0.5553395748138428,-2.081646680831909,-1.0250321626663208,1.483779788017273,1.9088068008422852,0.47452232241630554,-0.43989038467407227,-1.2923674583435059,-1.0961377620697021,-0.1310059130191803
594,4.178157806396484,10.258544921875,-5.573988914489746,1.1824493408203125,-0.13777565956115723,-0.015264034271240234,-0.38138389587402344,-21.81687355041504,11.669421195983887,-29.249435424804688,20.0,7.287411689758301,-0.5865795016288757,0.020331870764493942,0.3805857300758362,-4.5919389724731445,-1.9604769945144653,2.7014245986938477,2.2984466552734375,0.7825450301170349,-0.44037050008773804,-1.706894874572754,-0.8133026957511902,-0.6541893482208252
595,19.772626876831055,10.606672286987305,-8.295652389526367,6.5473175048828125,0.18370580673217773,-0.10067367553710938,-12.623982429504395,-15.971441268920898,6.428476810455322,-8.421339988708496,20.0,4.209029674530029,1.3866665363311768,0.30086302757263184,-0.021816082298755646,-6.780949592590332,-2.7718143463134766,3.486271381378174,1.6805410385131836,0.5605027675628662,-0.3809914290904999,0.13547201454639435,-0.22289839386940002,1.0937318801879883
596,34.19346237182617,16.459657669067383,-14.695722579956055,8.38168716430664,0.4395143985748291,-0.07835674285888672,-36.69746398925781,-4.26819372177124,-3.9103751182556152,2.76171875,11.504982948303223,2.5048813819885254,2.9624810218811035,0.6740829944610596,-1.089776635169983,-10.249818801879883,-2.085479736328125,4.333414077758789,-2.726100206375122,-0.15819600224494934,-1.1217453479766846,7.231318473815918,5.1765666007995605,2.656545877456665
597,38.079349517822266,15.421918869018555,-38.29812240600586,-76.15870666503906,-3.0575759410858154,4.417981147766113,-32.55590057373047,-5.339447021484375,4.156898021697998,-6.0934600830078125,-1.050452709197998,-0.29675912857055664,0.8115427494049072,-0.08427193760871887,0.024016141891479492,1.3321728706359863,-2.150449752807617,0.38655877113342285,-4.224937438964844,-1.1338218450546265,-0.03547850251197815,10.50661563873291,2.785875082015991,2.308027744293213
598,21.43890380859375,11.220504760742188,-38.3020133972168,-77.00697326660156,15.625161170959473,3.2583870887756348,-18.05202865600586,14.779212951660156,-7.263793468475342,-13.751443862915039,-1.0465821027755737,-0.1895456314086914,1.7037532329559326,0.07417307794094086,0.00780351459980011,-0.06056419014930725,-1.8610610961914062,0.11527930200099945,-3.6686360836029053,0.4504498541355133,0.8077705502510071,6.0728912353515625,0.869745135307312,1.8925977945327759
599,14.322949409484863,12.638137817382812,-33.39572525024414,-60.885379791259766,20.0,1.049037218093872,-18.049076080322266,3.3161864280700684,-3.4284610748291016,-12.770123481750488,-0.8128049969673157,-0.2008209228515625,1.820621371269226,-0.1555248200893402,-0.1205834448337555,-1.0926694869995117,-1.209810733795166,-0.12636828422546387,-3.649245023727417,0.38389140367507935,0.5306083559989929,1.4487543106079102,-0.11980223655700684,0.6493342518806458
600,-2.58046293258667,17.525278091430664,-24.107044219970703,-31.484535217285156,20.0,1.5421801805496216,5.455643653869629,-8.096634864807129,3.585634708404541,-2.3675241470336914,-0.13631653785705566,-0.06898534297943115,2.055208683013916,-0.1941673755645752,-0.124335378408432,-1.3726410865783691,-1.0978074073791504,-0.17748114466667175,-2.661059617996216,-0.18412652611732483,0.46754467487335205,-1.1590052843093872,-0.19494642317295074,0.7459108829498291
601,-0.6534194946289062,4.678231239318848,-9.690125465393066,-36.90611267089844,20.0,-3.339921236038208,2.6847896575927734,5.092327117919922,-5.744955539703369,3.891726493835449,-0.07991862297058105,-0.03940534591674805,2.4032628536224365,-0.20617029070854187,0.12682560086250305,-1.7113815546035767,-0.9149293303489685,-0.13522103428840637,-1.8756182193756104,-0.3858082890510559,-0.3576233685016632,-2.0911035537719727,-1.1493726968765259,-0.4756750166416168
602,-13.787812232971191,7.967556953430176,-7.029638290405273,-31.398672103881836,20.0,-4.1908369064331055,10.355184555053711,6.381256103515625,-3.1710269451141357,6.9715166091918945,0.2672543525695801,0.055704355239868164,2.3590290546417236,-0.35093167424201965,-0.06034250929951668,-1.879797101020813,-0.8473073840141296,-0.2323416769504547,-1.0622843503952026,-0.21822160482406616,-0.6718063354492188,-2.4630515575408936,-1.045264482498169,-0.8176474571228027
603,-9.870037078857422,8.97096061706543,-1.4128108024597168,-13.749926567077637,20.0,-5.100476264953613,11.742353439331055,-2.167750835418701,3.222144842147827,3.8780040740966797,0.09287118911743164,0.010799646377563477,2.3648951053619385,-0.40893885493278503,-0.03461473435163498,-1.5631258487701416,-0.8892384767532349,-0.8209728598594666,0.14189496636390686,-0.10964974015951157,-0.10259077697992325,-3.919766664505005,-1.6780643463134766,-1.034001111984253
604,-13.000663757324219,-1.983993411064148,8.055244445800781,-4.261345863342285,20.0,-4.887014389038086,18.257793426513672,0.02987205982208252,2.3355636596679688,5.4290924072265625,0.19561004638671875,-0.012073993682861328,1.0068068504333496,-0.2856425940990448,0.23434311151504517,1.268341064453125,0.4061623811721802,-1.8455464839935303,1.5112032890319824,0.011273152194917202,0.5927156805992126,-5.786975860595703,-2.3315539360046387,-1.957700490951538
605,-16.244253158569336,-3.2866244316101074,5.167304039001465,-3.448152542114258,20.0,-4.130727291107178,19.719562530517578,-0.8147239685058594,1.2147088050842285,9.107654571533203,0.5917607545852661,0.04969215393066406,-1.7961002588272095,0.17977821826934814,0.31181222200393677,6.020749568939209,3.387472152709961,-2.8166959285736084,2.5923538208007812,0.0925230085849762,0.610821008682251,-7.718460559844971,0.24083085358142853,-3.6451926231384277
606,-37.40440368652344,-1.7332093715667725,3.5280275344848633,-6.6952362060546875,-0.4124298095703125,0.15517663955688477,57.70747756958008,-10.446538925170898,18.115873336791992,-23.321094512939453,-19.4639892578125,-12.375539779663086,-3.7504425048828125,0.081438347697258,-0.2166159600019455,10.107070922851562,6.577547550201416,-3.793461322784424,1.5027952194213867,-0.6632250547409058,-0.20632725954055786,-1.2060829401016235,9.31968879699707,1.269942283630371
607,-13.195732116699219,6.232382297515869,-5.131150245666504,-11.914085388183594,-1.641638994216919,0.44699954986572266,26.38406753540039,-23.01975440979004,43.90703201293945,-63.88200378417969,6.905392169952393,-12.308282852172852,-3.2476584911346436,-0.13411065936088562,-1.240201711654663,7.352644443511963,0.8127436637878418,-2.7861695289611816,1.2572718858718872,-0.3087705969810486,-0.10178717970848083,1.8549813032150269,-3.11832332611084,0.5075785517692566
608,-21.88164710998535,-2.8840997219085693,5.14265251159668,-11.38300895690918,-0.7615209221839905,0.2552039623260498,29.41057586669922,-10.562030792236328,35.2902946472168,-73.44322204589844,8.43838119506836,-6.230369567871094,-3.2289745807647705,0.6299217939376831,-0.3385832905769348,3.911803722381592,-0.3261158764362335,-1.1374034881591797,1.819334864616394,0.0786956250667572,-0.19645535945892334,0.5949572920799255,-2.343780040740967,0.18485552072525024
609,-10.944583892822266,-6.299618721008301,4.856228828430176,-6.074502944946289,-0.3964829444885254,0.16673338413238525,10.69965934753418,-8.5541410446167,26.442607879638672,-61.52900695800781,18.099123001098633,-2.245917797088623,-3.5968778133392334,0.26664358377456665,-0.26170614361763,0.9784759283065796,-0.685284435749054,0.8863743543624878,1.8582918643951416,0.028935492038726807,-0.3014252781867981,-0.18829141557216644,-1.8305377960205078,-0.2176857739686966
610,-5.530817031860352,-5.419674873352051,4.6639604568481445,-1.203512191772461,-0.1984795331954956,-0.0903177261352539,11.688070297241211,-11.1621675491333,21.099319458007812,-52.775596618652344,20.0,-0.15914811193943024,-3.1242969036102295,0.194232776761055,0.2267264723777771,-1.4851099252700806,-0.7724671959877014,1.529279112815857,2.1703219413757324,0.16771531105041504,-0.18236497044563293,-0.7984024882316589,-1.5047941207885742,0.13422155380249023
611,12.405847549438477,2.6843082904815674,-1.74476957321167,0.16801071166992188,-0.10208010673522949,-0.09349942207336426,-11.260214805603027,-15.231454849243164,8.851880073547363,-35.000099182128906,20.0,1.448752999305725,-1.6297308206558228,0.5464618802070618,0.2656644582748413,-4.951455593109131,-1.2339681386947632,1.9097158908843994,2.388152837753296,0.3722674250602722,-0.1556718349456787,-1.2758829593658447,-1.3125789165496826,-0.041975170373916626
612,28.63649559020996,6.150014400482178,-5.801283359527588,7.846527099609375,0.17723608016967773,-0.02631998062133789,-22.383399963378906,-11.221593856811523,2.2268733978271484,-19.303646087646484,20.0,4.227798938751221,1.024670958518982,0.7261021733283997,0.03472338616847992,-7.793914794921875,-2.0619256496429443,3.258714199066162,2.5099432468414307,0.3393975496292114,-0.24971994757652283,-0.7507985830307007,-0.7475722432136536,-0.5880992412567139
613,36.688514709472656,10.675495147705078,-10.789901733398438,11.2578125,0.4441981315612793,-0.09278678894042969,-35.79541778564453,-0.50705885887146,-9.667495727539062,2.2852439880371094,16.502492904663086,4.392024040222168,3.037123680114746,0.7842639684677124,-0.772033154964447,-11.050335884094238,-1.051175832748413,4.131330490112305,-1.4173264503479004,-0.47515907883644104,-0.925338864326477,5.3764567375183105,3.8658204078674316,0.41281482577323914
614,37.767208099365234,15.408783912658691,-29.346202850341797,-65.63668823242188,8.088397979736328,8.111708641052246,-34.58625030517578,5.3598480224609375,-3.4503722190856934,-1.7907600402832031,-0.6694927215576172,0.10746908187866211,1.5061261653900146,-0.2176387757062912,0.268209308385849,0.7878834009170532,-2.26714825630188,0.12416055798530579,-3.6396636962890625,-0.9876585006713867,-0.3940149247646332,10.125109672546387,3.6219422817230225,2.5437893867492676
615,12.459896087646484,25.066022872924805,-43.238075256347656,-72.05792999267578,14.56164264678955,4.818460464477539,-11.821203231811523,0.7610198259353638,2.7352399826049805,-11.284835815429688,-1.0643343925476074,-0.32451391220092773,1.8369245529174805,-0.09275075793266296,0.1822633445262909,-0.20911335945129395,-1.880576252937317,0.05079548805952072,-3.36875057220459,0.287362277507782,1.2047590017318726,6.795144081115723,1.0765833854675293,1.8832879066467285
616,20.32257843017578,18.105627059936523,-32.265281677246094,-52.98903274536133,19.320022583007812,3.863485336303711,-18.070995330810547,1.4750313758850098,-2.69923734664917,-13.725236892700195,-0.8123947978019714,-0.16914105415344238,2.0625579357147217,0.04171070456504822,0.10639669001102448,-0.842389702796936,-1.3871545791625977,0.07715502381324768,-3.047163248062134,0.619421660900116,0.9626560807228088,2.142657518386841,0.27636486291885376,1.3147680759429932
617,16.71483039855957,13.20078182220459,-23.46721076965332,-41.34461975097656,20.0,1.4876772165298462,-12.034049987792969,0.6149105429649353,-3.1644091606140137,-4.007010459899902,-0.4943525791168213,-0.08308649063110352,2.4177162647247314,-0.1768275797367096,0.07239794731140137,-1.3910688161849976,-1.1002874374389648,-0.03810177743434906,-2.7248244285583496,0.1333218365907669,0.3110184073448181,0.05541590601205826,-1.2477548122406006,0.8178240060806274
618,-3.8614463806152344,9.962929725646973,-17.500778198242188,-39.688575744628906,20.0,-1.5101292133331299,7.193650722503662,-4.496006011962891,0.30390673875808716,-1.5550041198730469,-0.027881622314453125,-0.09657323360443115,3.1029911041259766,-0.14571931958198547,0.3309730887413025,-2.1569766998291016,-0.9413248300552368,-0.024274438619613647,-1.1902066469192505,-0.4417663812637329,-0.2617590129375458,-3.280101776123047,-1.226811408996582,-0.21993346512317657
619,-16.873493194580078,1.3133909702301025,-3.9628427028656006,-18.546056747436523,20.0,-1.6510578393936157,7.82222318649292,6.311163425445557,-2.588340997695923,7.741430282592773,0.2935672998428345,0.01098930835723877,2.2645084857940674,-0.39072248339653015,0.06421489268541336,-1.7716164588928223,-0.7667627334594727,-0.4075325131416321,-1.2010773420333862,-0.304213285446167,-0.3737040162086487,-3.118788719177246,-0.5193657875061035,-0.7280887365341187
620,-14.813369750976562,5.628521919250488,-4.633283615112305,-24.703506469726562,20.0,-3.9931955337524414,10.830528259277344,4.570557594299316,-1.3254406452178955,7.547858238220215,0.16010069847106934,0.047995924949645996,2.147310256958008,-0.4753076434135437,0.0397687666118145,-1.7844651937484741,-0.8390336036682129,-0.15693581104278564,-0.45560702681541443,0.04565726965665817,-0.11283113807439804,-3.520535707473755,-0.7646222710609436,-0.9847047924995422
621,-0.3390474319458008,5.103266716003418,-1.871838927268982,-0.39469003677368164,20.0,-3.9158992767333984,10.049424171447754,-2.6657538414001465,2.3157336711883545,3.1094818115234375,-0.05039167404174805,0.008088111877441406,1.6578456163406372,-0.12224705517292023,0.046732719987630844,0.19623655080795288,-0.2947885990142822,-1.7199177742004395,1.1531521081924438,0.20279215276241302,0.06088623031973839,-5.796202659606934,-1.8656020164489746,-1.80348539352417
622,-19.108854293823242,0.6318740844726562,3.9441452026367188,-7.827389717102051,20.0,-4.211216926574707,22.348691940307617,-1.8291362524032593,2.0298125743865967,10.93792724609375,0.4162740707397461,0.0855112075805664,-0.25851425528526306,-0.002879621461033821,-0.044468045234680176,3.818880081176758,1.6842149496078491,-1.7634832859039307,2.4890341758728027,0.15014256536960602,0.1240667775273323,-7.096485614776611,-1.3549418449401855,-2.552114248275757
623,-32.10239791870117,-7.480925559997559,7.92072057723999,-1.7416419982910156,5.313072204589844,-1.0986933708190918,52.86613082885742,-14.950963020324707,13.928528785705566,-23.72571563720703,-19.24488067626953,-8.599515914916992,-2.665161609649658,0.17692935466766357,0.596975564956665,9.7428560256958,7.892054557800293,-3.4296748638153076,1.7544398307800293,-0.6052791476249695,-0.2068757265806198,-0.5077800750732422,10.074792861938477,0.2982715964317322
624,-27.059940338134766,-0.27767229080200195,-1.6850097179412842,-12.411418914794922,-2.1019067764282227,0.40344858169555664,37.258087158203125,-17.62117576599121,39.73976135253906,-65.71011352539062,4.900843620300293,-9.685816764831543,-3.4054958820343018,-0.4516056180000305,-0.5852243304252625,8.468379974365234,0.016876306384801865,-2.031477212905884,1.1409425735473633,-0.2671657204627991,-0.12900850176811218,1.6969799995422363,-3.0244970321655273,0.6544591188430786
625,-15.158346176147461,-4.376857757568359,4.324918270111084,-8.282318115234375,-0.2428572177886963,0.11595916748046875,20.053726196289062,-7.526934623718262,37.29197311401367,-71.13123321533203,2.48856520652771,-5.07542085647583,-3.5261144638061523,-0.2955273687839508,0.08081470429897308,6.52833890914917,1.4620648622512817,-2.0656509399414062,1.4418011903762817,-0.2057199776172638,-0.2810359597206116,0.8940320611000061,-2.3639307022094727,0.05049178749322891
626,-16.15189552307129,1.4547702074050903,0.7693401575088501,-14.61654281616211,-0.91819167137146,0.2418147325515747,22.024234771728516,-13.271268844604492,30.49537467956543,-59.67142868041992,8.558290481567383,-3.5749173164367676,-3.101952314376831,0.004253331571817398,0.3842932879924774,1.3426880836486816,0.03249235451221466,-0.6630392670631409,2.0400161743164062,0.011831432580947876,-0.24730639159679413,-0.11718086898326874,-1.8895949125289917,-0.020865410566329956
627,-4.705511093139648,2.8154561519622803,-0.9111049175262451,-5.625790596008301,-0.47094666957855225,0.1537684202194214,4.630703926086426,-16.309123992919922,23.410518646240234,-50.943031311035156,15.812334060668945,-0.1435016244649887,-2.7493247985839844,0.12367130070924759,0.4013938009738922,-2.5452585220336914,-0.6662101149559021,0.9889950156211853,2.1397831439971924,-0.001016274094581604,-0.2806355953216553,-0.735350489616394,-1.5707563161849976,0.19574329257011414
628,7.282540321350098,4.516197681427002,-2.940516948699951,3.0746688842773438,-0.17968225479125977,0.0046062469482421875,-4.800148963928223,-21.580371856689453,17.737545013427734,-38.95392990112305,20.0,0.6983797550201416,-1.4886019229888916,0.34777092933654785,0.4697008728981018,-5.079551696777344,-1.84141206741333,2.228818416595459,2.3757405281066895,0.06609256565570831,-0.17683741450309753,-1.1089601516723633,-1.4106099605560303,0.08982431888580322
629,10.61326789855957,0.9370090961456299,-2.593287944793701,12.571585655212402,0.3620741367340088,-0.11522817611694336,-7.509316444396973,-10.335077285766602,12.073104858398438,-27.578819274902344,20.0,3.3784637451171875,-0.7144542932510376,0.3723713457584381,-0.08160389959812164,-4.181748867034912,-1.7156695127487183,2.9149253368377686,2.5331966876983643,0.2278132140636444,-0.3369270861148834,-1.1792654991149902,-1.3774058818817139,-0.4007706940174103
630,21.325037002563477,6.564604759216309,-5.472335338592529,2.3573684692382812,0.18763256072998047,-0.12840747833251953,-21.68149757385254,-1.2259441614151,-3.205716371536255,0.34122657775878906,20.0,5.6706647872924805,0.7210376858711243,0.6290693283081055,0.10724172741174698,-8.071515083312988,-0.8916085958480835,4.032202243804932,-0.6150132417678833,-0.1042528972029686,-0.33847829699516296,3.5469117164611816,2.2328646183013916,-0.889041543006897
631,48.298240661621094,16.926252365112305,-16.94750213623047,16.09803009033203,0.6706424951553345,-0.13057422637939453,-41.58995819091797,1.9841105937957764,-4.82501220703125,-1.9801902770996094,0.311614990234375,0.39821767807006836,2.9998269081115723,1.4220430850982666,0.34668904542922974,-2.2504777908325195,10.304433822631836,-1.3801324367523193,-3.0447657108306885,0.2664843201637268,-0.4354941248893738,9.659856796264648,6.396086692810059,2.7531673908233643
632,18.54210662841797,22.942855834960938,-39.23435974121094,-75.3883285522461,7.983004570007324,5.538477897644043,-19.270671844482422,-0.7453663349151611,2.900408983230591,-11.435338973999023,-1.6867424249649048,-0.36490726470947266,1.3346701860427856,-0.06297872215509415,0.025544796139001846,0.9215448498725891,-2.3923778533935547,0.0760447233915329,-3.21433424949646,0.0875280499458313,0.5445833206176758,7.4952569007873535,0.5787401795387268,1.4293855428695679
633,13.48123836517334,20.740930557250977,-35.344696044921875,-73.54448699951172,16.917367935180664,4.627747535705566,-11.009086608886719,1.2938233613967896,-1.655709981918335,-8.316064834594727,-0.475741446018219,-0.1006472110748291,1.9392902851104736,-0.042962223291397095,0.25925299525260925,-0.23885370790958405,-1.899513602256775,-0.09444581717252731,-2.854205846786499,0.2845640480518341,0.7708402872085571,4.5576629638671875,0.2936539351940155,1.5931713581085205
634,10.500480651855469,14.09614086151123,-28.459117889404297,-52.25878143310547,19.22767448425293,2.560784339904785,-8.383281707763672,2.219761371612549,-2.365767240524292,-10.565324783325195,-0.6189180612564087,-0.16937172412872314,2.2116034030914307,-0.008133962750434875,0.07858609408140182,-0.8763891458511353,-1.4538607597351074,0.03529318794608116,-1.9964311122894287,0.48321688175201416,0.3548550307750702,-0.07941685616970062,-0.7170926928520203,0.5461637377738953
635,-1.7773399353027344,16.996984481811523,-18.62396240234375,-41.25732421875,20.0,-0.2867853045463562,4.517021179199219,-8.864636421203613,4.447845458984375,-1.4424972534179688,-0.1542346477508545,-0.13199979066848755,2.7287378311157227,-0.47069674730300903,0.21820026636123657,-1.6867271661758423,-1.1373047828674316,0.1273987740278244,-0.7448363304138184,-0.5627397298812866,0.5232429504394531,-2.8835458755493164,-1.4363884925842285,-0.4507002532482147
636,-10.33564567565918,9.233532905578613,-10.23676872253418,-26.141250610351562,20.0,-0.11796146631240845,1.205021858215332,5.904857635498047,-4.982539176940918,6.952367782592773,0.2819795608520508,0.1330273151397705,2.07796311378479,-0.2796160876750946,0.05474222078919411,-1.4172457456588745,-1.1068085432052612,-0.30313044786453247,-0.9607885479927063,-0.3154359459877014,-0.29161232709884644,-2.907182455062866,-0.27862775325775146,0.05689430981874466
637,-8.65658187866211,4.185441970825195,-4.75213623046875,-16.154273986816406,20.0,-3.380086660385132,8.682777404785156,5.305335998535156,-2.300755023956299,6.276289939880371,-0.012140274047851562,-0.025806307792663574,1.9572350978851318,-0.24885006248950958,-0.04621469974517822,-1.113412618637085,-1.2278283834457397,-0.3536614775657654,-0.17163728177547455,0.027334056794643402,-0.38535019755363464,-3.3292927742004395,-1.7621296644210815,-0.6754311323165894
638,10.820296287536621,2.6182034015655518,-2.6807801723480225,-25.394166946411133,20.0,-4.67394495010376,-8.564781188964844,8.20902156829834,-5.077297687530518,7.461347579956055,0.20582962036132812,0.056326866149902344,2.310943841934204,-0.5861203074455261,0.2147941291332245,-1.1845622062683105,-1.1895887851715088,-0.28500068187713623,-0.15941990911960602,0.09706645458936691,-0.1388930082321167,-1.9216340780258179,-1.5962934494018555,-1.452596664428711
639,-1.678929328918457,8.59569263458252,-9.012384414672852,-8.96225357055664,20.0,-3.713998794555664,-2.9555251598358154,1.9018211364746094,-1.0126855373382568,1.5058660507202148,0.14970934391021729,0.18305617570877075,1.6202566623687744,-0.32835274934768677,0.11950363218784332,-0.31282827258110046,-1.2466017007827759,-0.6848512291908264,-0.14442232251167297,0.5601865649223328,-0.06368321180343628,-3.260801076889038,-0.3046019971370697,-0.3880871534347534
640,-12.59561538696289,4.51863956451416,-1.7564090490341187,-9.179975509643555,20.0,-4.22694206237793,16.050085067749023,-8.760628700256348,5.642910480499268,4.053478240966797,0.04273688793182373,-0.0742802619934082,0.8126767873764038,-0.37554222345352173,0.25080177187919617,1.3940367698669434,-0.12719163298606873,-1.1256028413772583,1.3276714086532593,-0.09230761229991913,0.19392959773540497,-5.7559943199157715,-0.7004973292350769,-1.3743913173675537
641,-19.42062759399414,0.011552214622497559,6.763692855834961,-0.7783889770507812,20.0,-4.024446487426758,30.6710147857666,-7.077573299407959,11.488245964050293,-33.218414306640625,-15.985648155212402,7.865131378173828,-1.6161130666732788,0.2635074257850647,0.4502815902233124,6.305771827697754,3.655108690261841,-1.6424918174743652,0.927294135093689,-0.3247626721858978,0.536656379699707,3.633549213409424,-0.8664475679397583,-0.07107162475585938
642,-40.2054557800293,-6.3577375411987305,4.499516487121582,-3.4014663696289062,-0.7114801406860352,0.1043848991394043,59.44883728027344,-20.09868812561035,36.27817916870117,-79.3641128540039,10.035171508789062,-5.136106014251709,-3.663032293319702,0.6909594535827637,-0.42440265417099,9.645343780517578,4.866018295288086,-1.960517168045044,1.5036810636520386,0.36969995498657227,-0.3096972703933716,0.8351829051971436,-2.3767287731170654,0.2558322548866272
643,-23.96419334411621,-5.682524681091309,4.6367387771606445,-12.01638412475586,-1.2670812606811523,0.1186056137084961,27.880075454711914,-15.882064819335938,36.8433952331543,-63.58299255371094,9.141765594482422,-3.498398780822754,-4.289109706878662,0.023171644657850266,-0.7423166036605835,7.435568332672119,2.162081718444824,-2.25227427482605,1.708505392074585,0.19969527423381805,-0.39722704887390137,0.20210328698158264,-2.0344531536102295,-0.17638593912124634
644,-15.774517059326172,-7.406693458557129,6.419046401977539,-11.439177513122559,-0.7857863903045654,0.18056726455688477,21.206539154052734,-14.034501075744629,33.68553161621094,-66.11739349365234,11.691343307495117,-2.400134563446045,-4.111857891082764,-0.7586240172386169,-0.30655062198638916,3.42647123336792,1.3196033239364624,-1.37361741065979,2.1814122200012207,-0.02079559862613678,-0.1945420801639557,-0.5024546980857849,-1.817367672920227,0.04036298394203186
645,-9.285322189331055,-0.04157614707946777,2.280496120452881,-8.164752960205078,-0.6590039134025574,0.16577985882759094,11.606587409973145,-13.885273933410645,19.753110885620117,-47.35026550292969,18.218082427978516,-0.48307108879089355,-3.9075305461883545,-0.37874433398246765,0.18160058557987213,-0.2484499216079712,0.2695233225822449,0.16518603265285492,2.3267414569854736,0.21298886835575104,-0.1947782337665558,-1.0682694911956787,-1.4001843929290771,-0.13676899671554565
646,5.570477485656738,3.6350622177124023,-0.6608529090881348,0.11701107025146484,-0.313093900680542,0.030324935913085938,-3.1070337295532227,-22.466068267822266,21.116506576538086,-50.90610885620117,20.0,-0.15836913883686066,-2.721249580383301,-0.1501908302307129,0.5622856616973877,-3.3659188747406006,-0.8834430575370789,1.2808903455734253,2.713089942932129,0.12024296820163727,-0.16474393010139465,-1.7111402750015259,-1.1935243606567383,-0.0025118552148342133
647,6.045403003692627,-1.1995196342468262,1.0012996196746826,7.47087287902832,0.035950660705566406,-0.1168215274810791,-3.7661666870117188,-10.699967384338379,8.988550186157227,-26.070152282714844,20.0,3.453983783721924,-1.9497708082199097,0.0902019590139389,0.7763446569442749,-3.6621181964874268,-1.6547280550003052,1.5775421857833862,2.792097806930542,0.31108802556991577,-0.19557437300682068,-1.7889081239700317,-1.0863169431686401,-0.4071367383003235
648,11.087364196777344,2.9312801361083984,-3.743058919906616,8.307750701904297,0.18553638458251953,-0.05575370788574219,-14.811689376831055,-16.926515579223633,6.89693546295166,-18.301769256591797,20.0,4.827605247497559,-1.3991910219192505,0.0008931262418627739,0.2903701663017273,-3.82083797454834,-2.174041509628296,2.14845609664917,2.3604507446289062,0.3948376178741455,-0.09793423116207123,-1.3758641481399536,-0.9656413197517395,-0.6490426659584045
649,30.94529914855957,17.248916625976562,-13.348148345947266,3.8566322326660156,0.44754719734191895,0.021594524383544922,-24.935110092163086,-14.241999626159668,3.327141761779785,-0.7460517883300781,20.0,5.080809593200684,0.8208033442497253,0.6066321730613708,-0.023073630407452583,-7.806449890136719,-0.5503169298171997,3.5438241958618164,-0.5515131950378418,-0.348576158285141,-0.4777688682079315,3.7722434997558594,2.7599098682403564,-0.9508094787597656
650,60.69686508178711,18.51695442199707,-18.635055541992188,16.972545623779297,0.7711095809936523,-0.04980945587158203,-51.912811279296875,7.312408447265625,-8.402027130126953,-0.7648353576660156,0.18377971649169922,0.45821619033813477,3.4980039596557617,2.166428804397583,1.3800212144851685,-2.367967128753662,10.820042610168457,-1.138887882232666,-3.6478517055511475,0.16406697034835815,-1.1047191619873047,11.380613327026367,7.99104118347168,3.3884315490722656
651,36.45899200439453,34.67197799682617,-51.780364990234375,-64.6336669921875,8.542234420776367,7.757826805114746,-28.586545944213867,-11.740407943725586,10.258695602416992,-16.181468963623047,-2.0953445434570312,-0.47628068923950195,1.2419053316116333,0.09828373789787292,0.20424483716487885,1.248091459274292,-2.650200843811035,0.047598931938409805,-4.3928608894348145,0.030578017234802246,1.0271670818328857,8.774063110351562,1.8345861434936523,2.634206771850586
652,32.71257019042969,25.170570373535156,-46.555274963378906,-68.95868682861328,16.64771842956543,5.03904390335083,-20.703744888305664,-0.5803833603858948,-0.466494083404541,-15.468067169189453,-1.0007939338684082,-0.282623291015625,1.936936378479004,-0.12634046375751495,-0.08925158530473709,-0.009124621748924255,-2.0269789695739746,-0.07165741175413132,-3.911545753479004,0.08702723681926727,1.0976133346557617,3.459510326385498,0.6752549409866333,1.705072283744812
653,14.8328275680542,27.247249603271484,-38.931514739990234,-55.91783905029297,20.0,3.195692777633667,-5.558635711669922,-9.441563606262207,3.6589736938476562,-7.410055637359619,-0.532372772693634,-0.1969165802001953,2.576228618621826,0.027849048376083374,0.11358103156089783,-0.8966652154922485,-1.6415683031082153,0.03830637037754059,-3.0757718086242676,-0.4072677791118622,1.2532585859298706,-0.876555860042572,0.2772942781448364,1.1675101518630981
654,-12.58190631866455,13.769783973693848,-20.112550735473633,-49.07630920410156,20.0,0.9945606589317322,11.535438537597656,0.9657702445983887,-2.2803750038146973,3.547215461730957,-0.10538136959075928,-0.09968215227127075,2.593064785003662,-0.17627662420272827,-0.07775023579597473,-1.4924976825714111,-1.3348004817962646,-0.10976267606019974,-2.03658390045166,-0.9075599908828735,0.42517685890197754,-2.8817427158355713,-0.739933431148529,0.28238099813461304
655,7.801962852478027,4.861898899078369,-9.00993537902832,-25.36667823791504,20.0,-2.165501832962036,-1.719283103942871,9.240798950195312,-6.533312797546387,5.835055351257324,-0.02483534812927246,-0.005102396011352539,2.86148738861084,-0.016289107501506805,-0.05496872588992119,-1.4523814916610718,-1.2747689485549927,-0.4407871961593628,-1.3637688159942627,-0.46664267778396606,-0.23400339484214783,-3.3270010948181152,-1.3260318040847778,-0.7560475468635559
