Timestep,left_hip_pitch_joint_Torque,left_hip_roll_joint_Torque,left_hip_yaw_joint_Torque,left_knee_joint_Torque,left_ankle_pitch_joint_Torque,left_ankle_roll_joint_Torque,right_hip_pitch_joint_Torque,right_hip_roll_joint_Torque,right_hip_yaw_joint_Torque,right_knee_joint_Torque,right_ankle_pitch_joint_Torque,right_ankle_roll_joint_Torque,left_hip_pitch_joint_Vel,left_hip_roll_joint_Vel,left_hip_yaw_joint_Vel,left_knee_joint_Vel,left_ankle_pitch_joint_Vel,left_ankle_roll_joint_Vel,right_hip_pitch_joint_Vel,right_hip_roll_joint_Vel,right_hip_yaw_joint_Vel,right_knee_joint_Vel,right_ankle_pitch_joint_Vel,right_ankle_roll_joint_Vel
50,-5.196232795715332,17.613906860351562,-9.494362831115723,-26.943052291870117,3.334256649017334,-2.4234731197357178,1.2565240859985352,-0.4715046286582947,0.4969370365142822,7.213676452636719,0.17713260650634766,-0.08973133563995361,0.24116182327270508,0.010860860347747803,0.1955130249261856,-0.6344640851020813,0.11486345529556274,0.18665215373039246,0.813961386680603,0.2546582818031311,0.6112991571426392,-4.554941177368164,-1.8220913410186768,-0.9661949872970581
51,0.23879528045654297,7.271225929260254,-7.80609655380249,-30.293317794799805,-11.845993995666504,-1.318318247795105,16.777523040771484,1.866222858428955,-1.0758585929870605,12.379804611206055,-0.2703990936279297,0.14555668830871582,2.3869733810424805,0.19832861423492432,0.1979610174894333,-0.36085885763168335,-1.5616216659545898,0.3661644160747528,4.644519805908203,0.8131628036499023,1.1492457389831543,-5.629918575286865,-8.474574089050293,0.32707279920578003
52,2.160262107849121,-2.6967897415161133,-0.2571988105773926,-7.8110737800598145,-4.116241455078125,-2.5485880374908447,-12.653992652893066,1.6903419494628906,-2.293712615966797,-40.31376647949219,-18.127777099609375,3.9212844371795654,1.7503529787063599,0.4323860704898834,-0.3283539414405823,1.2043976783752441,-5.2631940841674805,-0.0030641108751296997,2.3657000064849854,0.4676671624183655,-0.30537933111190796,-0.6214718818664551,-0.11837796866893768,-0.017435938119888306
53,-15.478984832763672,-9.574963569641113,4.599343776702881,-22.877187728881836,-6.020183086395264,-0.3373420834541321,-8.62441635131836,0.966065526008606,1.9358720779418945,-37.24260711669922,-16.205312728881836,3.416410446166992,1.8093090057373047,0.1772257536649704,-0.20057788491249084,0.4265922009944916,-3.3556203842163086,-0.08233832567930222,1.9619325399398804,0.3341550827026367,-0.1170731782913208,-0.47842419147491455,-0.1100243479013443,-0.18242761492729187
54,-10.924856185913086,-8.736641883850098,3.5629541873931885,-28.807600021362305,-8.070871353149414,-1.9235930442810059,-8.771936416625977,3.9993703365325928,-0.8800656795501709,-25.59475326538086,-15.189791679382324,1.4381043910980225,2.180436849594116,-0.40238475799560547,-0.2357422262430191,-0.2442166954278946,-1.8153222799301147,0.6709159016609192,1.9822933673858643,0.04771440103650093,0.01714104413986206,-0.4210338592529297,-0.08687734603881836,-0.04723694920539856
55,-10.524784088134766,-7.2061848640441895,6.4159393310546875,-5.4939093589782715,-2.0295543670654297,-1.3686389923095703,-16.451984405517578,-3.675645589828491,2.565582275390625,-62.53829574584961,-19.101680755615234,1.3976210355758667,1.480362892150879,-0.5635783672332764,-1.1283581256866455,0.516106367111206,-3.1800448894500732,-1.2792404890060425,1.9568562507629395,0.25202274322509766,-0.4153355062007904,-0.7669378519058228,-0.1675024926662445,0.40334638953208923
56,-5.273439407348633,-11.1809663772583,7.5432634353637695,-29.39113998413086,-7.665625095367432,-4.9933600425720215,-10.96912956237793,4.512789726257324,-1.131301760673523,-28.27267837524414,-15.97889518737793,0.5312065482139587,3.006685495376587,-0.9402954578399658,-0.4352511167526245,-1.3719853162765503,0.3556421399116516,1.3148109912872314,2.5850701332092285,0.16068406403064728,0.3486584424972534,-0.949248194694519,-0.189584881067276,0.32113635540008545
57,-15.2601318359375,-2.3493549823760986,2.345472574234009,-25.82840347290039,-7.81466007232666,-3.773179531097412,-12.085805892944336,1.2120397090911865,-1.7441864013671875,-23.300037384033203,-16.75741958618164,1.2407491207122803,2.2809956073760986,-0.5717931985855103,-0.3689720034599304,-0.45809078216552734,-2.0294277667999268,1.014580249786377,1.9531995058059692,0.20599624514579773,0.17833738029003143,-0.5674617290496826,-0.12000013142824173,0.02399599552154541
58,3.1141347885131836,-2.0246026515960693,1.9427359104156494,-28.58424186706543,-7.524259090423584,-4.97998571395874,-25.341995239257812,3.509488821029663,-7.632987022399902,-24.23259735107422,-17.827966690063477,2.566089630126953,2.366701364517212,-0.3775007128715515,-0.3912656009197235,-0.8354136347770691,-0.17653030157089233,1.2124992609024048,2.1624398231506348,0.05505698174238205,-0.11858699470758438,-0.5752620697021484,0.271541565656662,-0.2334667295217514
59,-5.169953346252441,-6.669958591461182,-2.264498233795166,-55.3709716796875,-15.239801406860352,-3.5469117164611816,-22.19702911376953,7.920710563659668,-7.982396125793457,-5.576693058013916,-18.851011276245117,0.9509655237197876,3.075894832611084,-1.0565016269683838,0.6787630319595337,-1.7757998704910278,0.16125628352165222,1.8728952407836914,1.2890660762786865,-0.5169022679328918,0.39152270555496216,0.16866271197795868,-0.0075365095399320126,-0.31238430738449097
60,-17.939069747924805,-1.7454586029052734,-2.068953514099121,-46.86878967285156,-18.07025146484375,-2.5764694213867188,-13.510659217834473,5.649436950683594,-6.635353088378906,-15.29423999786377,-17.56479835510254,2.046880006790161,2.7632455825805664,-1.3170485496520996,0.284302294254303,-1.7283625602722168,-0.11355426162481308,1.4685852527618408,1.5489599704742432,-0.5777015089988708,0.8993284702301025,0.008092537522315979,0.000788174569606781,0.0023560822010040283
61,-18.087387084960938,-2.283092737197876,4.226108551025391,-15.134553909301758,-8.852103233337402,-2.7484989166259766,-13.614480972290039,5.563125133514404,-3.9647216796875,-42.29953384399414,-20.0,3.5129644870758057,1.7195734977722168,-0.41028860211372375,-0.3399485945701599,-0.9352353811264038,8.179654832929373e-05,0.41498348116874695,1.6351579427719116,-0.2935638725757599,-0.15931285917758942,-0.4303821325302124,-0.5044877529144287,0.34105318784713745
62,-19.237516403198242,-4.158673286437988,-2.7397379875183105,-28.64656639099121,-8.372757911682129,-7.002678871154785,-7.412842750549316,1.1480247974395752,-1.2127821445465088,-43.878135681152344,-19.25012969970703,3.2747087478637695,3.2260286808013916,0.1480342596769333,0.48473331332206726,-2.0575156211853027,-0.45638519525527954,1.3563241958618164,2.5857133865356445,0.13325735926628113,0.38360947370529175,-1.007886290550232,-0.11403635889291763,0.15857350826263428
63,-22.610578536987305,-9.102216720581055,3.2282497882843018,-24.135299682617188,-9.863024711608887,-6.4351887702941895,-15.35828685760498,0.20021605491638184,1.6018500328063965,-39.131961822509766,-20.0,5.040563106536865,2.802711009979248,-0.28152763843536377,0.21084457635879517,-2.1930484771728516,-0.38863953948020935,0.7223115563392639,2.1873939037323,-0.22655747830867767,0.24986077845096588,-0.9312894344329834,-0.09974847733974457,-0.0796491801738739
64,-31.866342544555664,-14.949663162231445,10.298189163208008,-6.341293811798096,-6.707952499389648,-1.0765316486358643,-3.778806686401367,6.332612037658691,3.022420644760132,-63.509483337402344,-20.0,3.197690486907959,1.0767453908920288,0.04777219891548157,0.3095199465751648,-0.29989269375801086,-0.014947736635804176,-1.8567872047424316,2.320188522338867,0.21161572635173798,-0.051870107650756836,-0.7676128149032593,0.6391858458518982,2.5984926223754883
65,-22.98809242248535,-14.047359466552734,7.054439544677734,3.16534423828125,-0.12909352779388428,-0.030814647674560547,-5.276906967163086,-2.9548141956329346,15.5572509765625,-81.28235626220703,-20.0,-3.1239852905273438,0.25837576389312744,0.02665511518716812,0.945120632648468,4.056292533874512,0.4001000225543976,-3.404426097869873,3.769866943359375,0.9041788578033447,0.2197432518005371,-2.169844627380371,1.285532832145691,0.13355016708374023
66,-25.682870864868164,-10.25304889678955,4.983642578125,-4.979194641113281,-0.06255674362182617,0.1804184913635254,-12.080873489379883,-1.4426074028015137,14.299520492553711,-68.04132843017578,-20.0,3.7213776111602783,-2.5875377655029297,0.30599090456962585,1.1026655435562134,8.555614471435547,3.2447359561920166,-3.6454615592956543,2.9244110584259033,1.9013104438781738,0.2928276062011719,-2.5673668384552,-0.07428663969039917,0.8718622922897339
67,-20.11400032043457,-0.2991909384727478,-1.4464643001556396,-15.30776309967041,-0.860196590423584,0.36308765411376953,-18.414823532104492,-8.361294746398926,11.269079208374023,-53.19965362548828,-20.0,0.17980551719665527,-2.826955795288086,0.1136578619480133,0.642848551273346,5.100770473480225,2.2012157440185547,6.37392295175232e-05,2.391575336456299,1.851942539215088,0.2674046456813812,-2.558847665786743,-0.11528462171554565,1.2538529634475708
68,-0.24454021453857422,1.5624233484268188,-2.2383787631988525,-10.339218139648438,-0.533653974533081,-3.9369826316833496,-35.17658996582031,-3.9476873874664307,8.05327033996582,-40.87827682495117,-20.0,4.262655735015869,-2.225735902786255,-0.08480387926101685,-0.11280474066734314,0.8254923820495605,1.1624902486801147,-8.479871030431241e-05,2.5180482864379883,1.6145371198654175,-0.021357521414756775,-4.091496467590332,-1.4011532068252563,0.889773428440094
69,10.629609107971191,9.136906623840332,-6.590157508850098,-8.891956329345703,-0.6903541088104248,-4.649037837982178,-31.15931510925293,-6.354393005371094,2.458754062652588,-16.281047821044922,-20.0,1.6171936988830566,0.6644001603126526,-0.1264227032661438,-0.5423805117607117,-7.824449062347412,-1.8049125671386719,-4.730544242192991e-05,1.6900103092193604,0.8409443497657776,-0.42990976572036743,-1.8647876977920532,0.07960495352745056,1.8146944046020508
70,33.745338439941406,-2.1825480461120605,-4.487349033355713,-51.34560012817383,-20.0,-9.627781867980957,-45.86815643310547,3.7520012855529785,-3.2657251358032227,-4.047393798828125,-11.054755210876465,-0.07608985900878906,2.8854737281799316,0.06042415648698807,0.033513475209474564,-4.149815082550049,9.06070613861084,8.836759567260742,-1.0194135904312134,-0.1815861016511917,-1.5461238622665405,5.0082902908325195,3.5051125450991094e-06,2.136678457260132
71,18.66887664794922,17.975021362304688,-27.993907928466797,-82.0567626953125,-20.0,-15.34884262084961,-47.587379455566406,-3.526296615600586,2.717776298522949,-3.7780380249023438,-0.7546014189720154,-0.2505568265914917,3.8676974773406982,-1.1406505107879639,0.8980404138565063,-4.787149429321289,2.528747797012329,11.815235137939453,-3.8878469467163086,-2.0108537673950195,-1.5767052173614502,13.204824447631836,0.03665231540799141,0.9318873286247253
72,-16.468719482421875,17.896615982055664,-29.814056396484375,-95.53483581542969,-20.0,8.091458320617676,-45.03694534301758,2.100952625274658,3.4925923347473145,-19.359905242919922,-0.685828447341919,-0.1322946548461914,1.9992904663085938,-1.3621554374694824,0.13204264640808105,-2.775805950164795,0.2333388328552246,0.7980985641479492,-5.875299453735352,-1.9789036512374878,0.166893869638443,11.44639778137207,1.989922285079956,1.0962090492248535
73,-25.473026275634766,33.25318145751953,-26.516725540161133,-67.7889175415039,-20.0,7.503603935241699,-24.664777755737305,-1.735936164855957,4.3290276527404785,-22.982139587402344,-0.9498662948608398,-0.18163442611694336,1.3788073062896729,-1.3489986658096313,-1.040393590927124,-2.549271583557129,-0.5519687533378601,0.9542098641395569,-5.918273448944092,-1.4435713291168213,0.945110559463501,4.283466815948486,1.3916611671447754,0.9120922684669495
74,-19.967670440673828,19.646343231201172,-11.968324661254883,-52.88853073120117,-18.160432815551758,3.6834027767181396,-8.682403564453125,8.46166706085205,-8.660379409790039,-9.828680038452148,-0.6880051493644714,-0.0017877817153930664,2.194239616394043,-1.2077230215072632,-0.8109564781188965,-2.609344959259033,-3.615471363067627,0.6160193681716919,-5.214941501617432,-1.0780112743377686,0.6249765753746033,-0.29046547412872314,-0.246253103017807,0.4643818736076355
75,-32.35218048095703,-0.46419477462768555,0.40964770317077637,-35.874237060546875,-10.746478080749512,1.0685367584228516,11.804027557373047,11.143423080444336,-7.309492111206055,-1.7024459838867188,-0.4724564552307129,-0.00931023433804512,3.021357536315918,-1.1211154460906982,-0.5643740892410278,-3.840846538543701,-2.2378897666931152,1.001792550086975,-3.7315266132354736,-0.17098838090896606,0.9563601613044739,-4.03455924987793,-3.6301417350769043,-0.00360800395719707
76,-44.156166076660156,-5.393209934234619,1.4759724140167236,-23.921833038330078,-4.802423000335693,-2.018352508544922,23.136499404907227,14.506745338439941,-9.560796737670898,10.128981590270996,-8.230633735656738,0.059314727783203125,1.2664847373962402,-0.8826376795768738,-0.9209752678871155,-2.6111700534820557,0.6217614412307739,0.5324527621269226,-3.6608071327209473,0.4808771312236786,0.1744127869606018,-3.9994351863861084,-0.0007903774385340512,-0.5995068550109863
77,-39.53934097290039,-6.8538408279418945,3.2819957733154297,-6.305142402648926,-0.5264873504638672,-0.48438358306884766,46.00482177734375,-1.5896451473236084,1.5642118453979492,9.046939849853516,-14.781825065612793,-0.06415224075317383,0.630043625831604,-1.0374559164047241,-0.3623826205730438,-1.4680250883102417,2.8163156509399414,-2.979506492614746,-0.17579025030136108,0.8358795642852783,1.4646379947662354,-7.794039726257324,-2.676188523764722e-05,-1.8112356662750244
78,-47.30548858642578,10.368454933166504,-5.272858142852783,-5.511665344238281,-0.2957143783569336,0.16767597198486328,62.981422424316406,-13.503480911254883,4.085765838623047,19.28668212890625,-20.0,0.17381292581558228,-2.905482053756714,-0.1298496127128601,0.914757251739502,8.831377029418945,3.934842109680176,-5.376768589019775,3.433846950531006,0.5889301300048828,1.2133557796478271,-3.360307216644287,7.2051897048950195,-0.7213292121887207
79,-59.459293365478516,7.56506872177124,-4.838165760040283,4.210693359375,-0.9600286483764648,0.4292421340942383,60.575016021728516,-30.50745391845703,33.21963882446289,-75.58289337158203,-20.0,1.9823527336120605,-7.6161885261535645,1.5839263200759888,1.9311884641647339,19.33711051940918,5.312728404998779,-5.285209655761719,2.479336738586426,0.3058452010154724,-0.26750683784484863,-3.338761568069458,13.884089469909668,1.2099426984786987
80,-24.697784423828125,2.203488349914551,-4.92794132232666,-23.36438751220703,-1.6141290664672852,0.5515413284301758,-6.171250343322754,-17.800912857055664,23.002243041992188,-76.39957427978516,-20.0,-0.07978376001119614,-8.962818145751953,1.609403371810913,0.872641384601593,14.916592597961426,4.4663777351379395,-3.8340587615966797,0.022451400756835938,0.3658794164657593,-0.4659017324447632,0.5272842049598694,-2.09334659576416,0.6805000305175781
81,-2.0391006469726562,-5.522774696350098,3.0323331356048584,-24.275114059448242,-1.4574971199035645,-0.10328221321105957,-26.855079650878906,-13.91546630859375,13.239808082580566,-81.58208465576172,-20.0,2.9344961643218994,-7.611058235168457,1.8057647943496704,0.4928995370864868,6.7579545974731445,2.5147182941436768,5.011827397538582e-06,0.6761717200279236,0.5700521469116211,-0.5285154581069946,-0.4302540421485901,-1.5537288188934326,0.0761619508266449
82,14.272283554077148,1.4381446838378906,-2.779414176940918,-15.337759017944336,-1.1574047803878784,-1.9129704236984253,-37.499671936035156,-26.099266052246094,9.388912200927734,-75.11511993408203,-20.0,6.013084411621094,-4.556106090545654,1.316778540611267,-0.8598559498786926,-1.4163447618484497,-0.9661808013916016,0.0004027510585729033,2.31135630607605,0.5516690611839294,-0.54998379945755,-1.6838468313217163,-1.2395960092544556,-0.009545907378196716
83,17.073375701904297,-4.7671027183532715,4.840188980102539,3.0564441680908203,-0.27727842330932617,0.0004343986511230469,-48.463592529296875,-19.50837516784668,-2.494699716567993,-72.06629943847656,-9.7733736038208,9.472970962524414,-3.5956122875213623,1.2069882154464722,-0.6173588633537292,-3.977268695831299,-3.8431782722473145,1.1055974960327148,2.138333797454834,0.5087015628814697,-0.7592929601669312,-1.823176622390747,-1.0483908653259277,1.8546743392944336
84,32.03411102294922,1.1217150688171387,-4.195657730102539,1.1680374145507812,-0.16419219970703125,0.0826725959777832,-51.31520462036133,-6.778646945953369,-6.5182294845581055,-36.689544677734375,-1.499204397201538,4.808638572692871,-0.22627343237400055,0.7608485221862793,-1.2041727304458618,-10.293452262878418,-7.053730010986328,2.539501190185547,1.7658873796463013,-0.3749321401119232,-1.402938723564148,-1.4820833206176758,-0.8554586172103882,3.843773126602173
85,54.215633392333984,10.10660457611084,-7.926346778869629,12.344924926757812,-0.6141510009765625,0.03355121612548828,-62.84075927734375,1.9804656505584717,-0.6495599746704102,-4.8173065185546875,-0.0042667388916015625,-0.2411642074584961,2.881474733352661,0.5801204442977905,-2.196754217147827,-16.76689338684082,-10.139182090759277,4.666687965393066,-3.3915488719940186,-0.6925113201141357,-1.889203429222107,7.783300876617432,2.1631062030792236,4.502151966094971
86,48.674461364746094,25.340913772583008,-31.575719833374023,-70.10272979736328,-20.0,4.202773571014404,-43.499935150146484,-4.262419700622559,6.3052778244018555,-1.792388916015625,-0.48177337646484375,-0.584630012512207,1.9449995756149292,-0.21040335297584534,-0.03758452087640762,-3.2152903079986572,11.19111156463623,1.3236639499664307,-4.818883895874023,-1.216745138168335,-0.17838804423809052,14.725852966308594,2.642733097076416,1.3428372144699097
87,-8.39258861541748,28.01857566833496,-21.67062759399414,-77.29834747314453,-20.0,10.323956489562988,-17.9741153717041,-1.4839930534362793,0.07524919509887695,-23.45087432861328,-1.3617130517959595,-0.2563784122467041,1.542424201965332,-0.3894363045692444,-0.14143575727939606,-0.36157888174057007,-1.681780219078064,0.38849082589149475,-4.461894512176514,-1.0894914865493774,0.48583534359931946,8.659383773803711,0.6553727388381958,-1.1567425727844238
88,-23.288631439208984,21.019960403442383,-5.485922813415527,-67.24246978759766,-20.0,10.41246509552002,-2.108011245727539,4.385666370391846,-5.023613929748535,-16.7640380859375,-0.8947956562042236,0.1705995798110962,1.990307092666626,-0.07320862263441086,-0.00738959014415741,-0.8649357557296753,-2.11608624458313,-0.0105251744389534,-3.4290125370025635,-0.5433769226074219,0.3028686046600342,2.8607871532440186,-1.8949806690216064,-0.5859053730964661
89,-15.755765914916992,-0.18127186596393585,2.541074275970459,-54.84375,-15.61771011352539,8.917581558227539,-9.956424713134766,14.751315116882324,-9.436519622802734,-6.681733131408691,-0.16074156761169434,0.15530745685100555,1.3407785892486572,-0.04437969997525215,0.16532672941684723,-0.8841478824615479,-1.2944892644882202,0.7508699893951416,-4.181304931640625,0.23430119454860687,-0.020087160170078278,0.5452457070350647,-1.2920851707458496,0.0038249394856393337
90,-16.503326416015625,7.102690696716309,-3.56620192527771,-57.80244445800781,-8.516657829284668,2.420201539993286,2.3082332611083984,1.1753042936325073,-0.9368464946746826,-4.592061996459961,-0.40316057205200195,-0.06264376640319824,2.624237060546875,-0.41941124200820923,0.13775962591171265,-2.3091862201690674,-0.8218597173690796,0.45038747787475586,-2.1199047565460205,-0.25919756293296814,-0.11785493046045303,-3.611381769180298,-3.6976442337036133,-1.1387516260147095
91,-17.049501419067383,-8.374299049377441,5.089686393737793,-29.46739959716797,0.46841156482696533,1.7631831169128418,-1.141688346862793,11.859910011291504,-7.936662673950195,5.330132484436035,0.2422785758972168,0.16633176803588867,2.075378894805908,-0.6040146350860596,0.4455256760120392,-2.0773556232452393,-0.8409392237663269,0.12940359115600586,-2.5992116928100586,0.15969718992710114,-0.16848257184028625,-3.705070734024048,-3.411410331726074,-1.2368671894073486
92,-31.53802490234375,-2.5433428287506104,-2.5235719680786133,-24.99648666381836,11.230530738830566,-2.269202947616577,16.760101318359375,9.038067817687988,-4.28847599029541,6.807636260986328,0.35872602462768555,0.09587645530700684,1.7760086059570312,-0.6377964019775391,0.16564634442329407,-1.9636831283569336,-1.055396556854248,0.14267191290855408,-1.5249521732330322,0.741878867149353,-0.125260591506958,-5.225581169128418,-3.4337847232818604,-1.8330055475234985
93,-13.322442054748535,3.3619346618652344,-1.190767526626587,-2.8102834224700928,20.0,-4.570688247680664,18.50884437561035,2.454007148742676,-2.0086617469787598,10.547168731689453,0.6308081150054932,0.18793892860412598,0.7121472954750061,-0.4164789319038391,0.19118446111679077,0.9720932245254517,-0.3210766911506653,-1.3554388284683228,-0.043760746717453,0.8975776433944702,-0.24115891754627228,-5.9139909744262695,-1.5501195192337036,-1.6378942728042603
94,-36.23147201538086,10.794357299804688,-4.503163814544678,-7.990842819213867,14.436638832092285,-2.479314088821411,39.94012451171875,-14.322708129882812,9.627704620361328,13.244132995605469,-2.89203143119812,0.04784107208251953,-2.09484601020813,-0.32964640855789185,0.5534762144088745,6.239497184753418,2.097371816635132,-1.85322105884552,2.0250182151794434,0.49391359090805054,0.7887009978294373,-8.129687309265137,7.744392860331573e-08,-1.3515121936798096
95,-61.57256317138672,7.5147905349731445,-2.939948081970215,-7.946807861328125,-0.7435421943664551,0.05153465270996094,86.2923583984375,-36.47893142700195,30.28679084777832,-54.756141662597656,-20.0,-16.282304763793945,-5.609206199645996,0.8991799354553223,1.339743733406067,13.983778953552246,3.171304941177368,-3.5512869358062744,1.123971700668335,-0.16853611171245575,0.40791723132133484,-1.6896454095840454,9.852608680725098,2.597640037536621
96,-41.14825439453125,-2.1497230529785156,1.1002941131591797,-23.153053283691406,-1.4657937288284302,0.3677961826324463,43.02695846557617,-22.189577102661133,32.02693176269531,-51.393577575683594,-20.0,-0.08522200584411621,-5.624972343444824,0.49139636754989624,1.024290680885315,9.39771556854248,1.3099963665008545,-1.839543342590332,1.7112910747528076,-0.3799378573894501,0.22439849376678467,-1.5037431716918945,8.760918617248535,0.8088656663894653
97,-9.151180267333984,5.035857677459717,-5.077287197113037,-16.596481323242188,-0.6259536743164062,0.21479272842407227,-1.7405989170074463,-14.489432334899902,20.497873306274414,-65.5242691040039,-9.874360084533691,3.8234305381774902,-5.6245903968811035,0.6749206185340881,-0.36218905448913574,4.457047939300537,1.9838066101074219,-2.236907482147217,1.0802260637283325,-0.22343367338180542,-0.38558948040008545,1.4160709381103516,-2.8350682258605957,-0.13282404839992523
98,4.467800140380859,-12.298694610595703,7.379088878631592,-5.44520902633667,-0.6507300734519958,0.2560875117778778,-17.677555084228516,-8.31918716430664,10.834639549255371,-79.99172973632812,1.758683681488037,5.7005228996276855,-5.026301383972168,0.266022652387619,0.004015117418020964,0.6027975678443909,-0.19546964764595032,0.10048235207796097,1.361985445022583,0.03868483006954193,-0.2771122455596924,0.3690153956413269,-2.304348945617676,0.19463147222995758
99,4.375537872314453,2.678565502166748,-2.408792495727539,-5.356664657592773,-0.5634393692016602,0.07229948043823242,-8.977743148803711,-20.33423614501953,1.031489372253418,-48.695980072021484,11.41886043548584,8.923978805541992,-3.4753928184509277,0.5048331022262573,-0.669330358505249,-4.151095390319824,-2.2812561988830566,0.6883599162101746,2.07708477973938,0.4749487340450287,-0.3715537190437317,-0.5152972936630249,-1.9189870357513428,-0.002619504928588867
100,28.066364288330078,5.439711093902588,-5.3612518310546875,8.772336959838867,0.28879642486572266,0.04763054847717285,-39.32871627807617,-16.26430320739746,1.0483107566833496,-33.17763137817383,18.251832962036133,5.189668655395508,-2.00152325630188,0.6291459798812866,-1.3056302070617676,-6.075184345245361,-2.721867799758911,1.3500123023986816,1.274446725845337,0.10381199419498444,-0.7455861568450928,-0.23633742332458496,-1.7308933734893799,1.7166736125946045
101,53.17103958129883,5.580344200134277,-3.8971800804138184,8.551959991455078,0.3973879814147949,0.08034515380859375,-45.692169189453125,9.845417976379395,-14.081412315368652,-6.070876121520996,11.774871826171875,3.631714344024658,1.9594908952713013,0.6768501996994019,-1.5665408372879028,-11.65595531463623,-3.370422840118408,3.7715632915496826,-1.00798761844635,-0.006890833843499422,-1.0389959812164307,4.814276695251465,2.018836736679077,1.7281475067138672
102,54.0232048034668,7.08961296081543,-16.535051345825195,-42.13190841674805,-20.0,13.380372047424316,-52.1856689453125,11.06765079498291,-7.888100624084473,-3.3108291625976562,-0.5057029724121094,-0.047582387924194336,2.48160457611084,0.18135911226272583,0.2861495912075043,-1.839139461517334,9.529361724853516,1.3714401721954346,-3.9309847354888916,-0.23356512188911438,-0.9919253587722778,11.825047492980957,2.4256629943847656,1.734100580215454
103,-3.3904685974121094,24.597688674926758,-22.609777450561523,-80.1396713256836,-0.6150956153869629,6.612187385559082,-10.064689636230469,-6.896064758300781,4.572394371032715,-19.074365615844727,-1.1485170125961304,-0.3591177463531494,1.9301353693008423,0.17534685134887695,0.45417341589927673,0.5286746025085449,-2.7107648849487305,0.23837177455425262,-3.118497848510742,-0.2995612919330597,-0.23602037131786346,5.644525051116943,0.38691097497940063,-1.2729185819625854
104,-5.396692276000977,18.50489616394043,-15.5181884765625,-71.75542449951172,-0.4954800605773926,7.3238301277160645,-6.160863876342773,0.5614053606987,1.5399303436279297,-11.20806884765625,-0.6928393840789795,0.12405072152614594,2.489563226699829,-0.16745828092098236,0.32959145307540894,-0.4873712658882141,-2.0852231979370117,0.0791303887963295,-1.9151747226715088,-0.08213303238153458,0.48246753215789795,0.9289793372154236,-1.6841585636138916,-0.045890823006629944
105,-9.249443054199219,15.018426895141602,-13.690719604492188,-73.30860900878906,1.66074538230896,4.043842792510986,-9.866226196289062,7.678828716278076,-6.868205547332764,-1.3626008033752441,-0.23169517517089844,0.0653272271156311,2.6193878650665283,-0.06088435649871826,0.3996337354183197,-1.2102429866790771,-1.7256765365600586,0.20764634013175964,-1.813222050666809,0.3057776987552643,-0.1295846402645111,-1.2019327878952026,-2.763803005218506,-0.3387080132961273
106,-7.00447940826416,18.32535743713379,-14.432275772094727,-55.431148529052734,14.250251770019531,0.9277701377868652,-8.55134105682373,1.5603185892105103,-1.4724079370498657,2.1943235397338867,0.14832472801208496,0.036637723445892334,2.3606228828430176,-0.2445221096277237,0.30869996547698975,-1.6426697969436646,-1.3058003187179565,0.12513622641563416,-1.9751131534576416,0.295615553855896,-0.17653705179691315,-2.448037624359131,-1.7150321006774902,-0.43420329689979553
107,-7.660717964172363,6.70005989074707,-3.5531702041625977,-29.49968719482422,19.977184295654297,0.3411404490470886,-0.14924907684326172,2.1169559955596924,-1.414923906326294,4.2925920486450195,0.03775739669799805,0.015482664108276367,2.2504429817199707,-0.5691859722137451,0.47319361567497253,-1.7742629051208496,-1.104202151298523,-0.04592648148536682,-1.7876267433166504,0.09070846438407898,0.07727314531803131,-2.921180486679077,-2.212414026260376,-0.9932993054389954
108,-11.364053726196289,3.125478744506836,-0.3521641492843628,-13.380678176879883,20.0,-0.17235440015792847,8.909669876098633,1.5650967359542847,0.08408355712890625,5.50338077545166,0.414821982383728,0.062135934829711914,1.9496397972106934,-0.8675183057785034,0.33775848150253296,-1.3252942562103271,-0.8645440936088562,-0.3719944357872009,-1.0781630277633667,-0.026934757828712463,0.4664700925350189,-3.5065150260925293,-0.6362914443016052,-1.1043541431427002
109,-7.97755241394043,1.4533381462097168,2.1067872047424316,-1.3932042121887207,20.0,-2.0619401931762695,12.562806129455566,0.632956326007843,-1.1084153652191162,6.358660697937012,0.2517022490501404,0.11431431770324707,0.5066026449203491,-0.6750515699386597,0.6198594570159912,1.8042856454849243,0.4920710623264313,-0.12938696146011353,-0.33397984504699707,0.05225435644388199,0.4132632613182068,-4.181271076202393,0.4100756049156189,-0.9728080034255981
110,-36.443939208984375,6.837857246398926,-1.4500691890716553,-5.5041656494140625,9.216204643249512,-2.055116891860962,46.82103729248047,-17.91139793395996,12.60478401184082,9.514801025390625,0.5877203941345215,-0.028962254524230957,-1.8550995588302612,-0.5265739560127258,0.28397947549819946,6.398208141326904,4.007717132568359,-1.4721364974975586,2.3221499919891357,-0.9689149856567383,0.6550208330154419,-2.8920764923095703,11.128570556640625,-4.194206237792969
111,-40.220584869384766,2.5898263454437256,-0.18998956680297852,-6.136196136474609,-1.1094295978546143,0.10166072845458984,40.98600769042969,-25.679880142211914,29.65595245361328,-55.42620086669922,-20.0,-1.4131901264190674,-4.019628047943115,0.599412202835083,0.2819295823574066,9.679251670837402,1.5488587617874146,-1.7497937679290771,0.3933964669704437,0.7137719392776489,0.7319158911705017,2.271233081817627,-3.0209410190582275,0.27469977736473083
112,-29.410053253173828,-4.08050537109375,3.033571243286133,-17.661657333374023,-0.8925762176513672,0.17595064640045166,35.9935302734375,-26.131500244140625,23.383464813232422,-70.62776184082031,10.070212364196777,4.947824954986572,-4.0158915519714355,0.5090760588645935,0.14263005554676056,4.651808738708496,1.590398907661438,-0.8269991278648376,1.1349860429763794,0.25991180539131165,0.16102004051208496,1.0228084325790405,-2.4008591175079346,0.09987061470746994
113,-5.914617538452148,-1.543350338935852,1.6542916297912598,-8.201923370361328,-0.7647085189819336,0.09902787208557129,10.824202537536621,-24.626998901367188,19.18613052368164,-71.24524688720703,8.377445220947266,6.302715301513672,-3.0206961631774902,0.24579530954360962,-0.26983940601348877,0.31017428636550903,-0.8646254539489746,-0.09049980342388153,2.3018124103546143,0.013159463182091713,-0.22802665829658508,-0.15970084071159363,-2.2087793350219727,0.3125145137310028
114,10.8734712600708,2.1901941299438477,-1.6998968124389648,3.853728771209717,0.043108224868774414,0.02317655086517334,-17.433799743652344,-28.41791534423828,16.659923553466797,-72.78943634033203,8.012955665588379,10.404193878173828,-2.149583101272583,0.25467175245285034,-0.6217235326766968,-1.2926453351974487,-1.5483068227767944,-0.1775822788476944,2.6875245571136475,0.05147387087345123,-0.4481344521045685,-1.0456269979476929,-1.7217936515808105,-0.10299816727638245
115,10.661039352416992,1.5002985000610352,-0.8035116195678711,6.472440719604492,0.2976348400115967,0.012640237808227539,-20.170494079589844,-20.735013961791992,10.13061237335205,-49.513763427734375,12.068201065063477,9.065442085266113,-1.7049058675765991,0.5679673552513123,-0.5829236507415771,-1.534315586090088,-1.0610452890396118,-0.2872293293476105,2.4956982135772705,0.3882216811180115,-0.3463369309902191,-1.2645790576934814,-1.6168406009674072,0.38033708930015564
116,18.066429138183594,2.1653246879577637,-2.591031551361084,-2.700489044189453,-0.010775327682495117,0.16010665893554688,-19.82007598876953,-3.9442012310028076,-4.836184978485107,-16.29933738708496,20.0,5.751414775848389,0.2930313050746918,0.6615726947784424,-0.6723648309707642,-6.545096397399902,-1.3654862642288208,1.357521414756775,1.7856651544570923,0.4178914427757263,-0.3663750886917114,-0.20993202924728394,-0.5300524830818176,0.6627913117408752
117,39.53511047363281,5.125424861907959,-4.19456672668457,10.39617919921875,0.4070560932159424,0.035587310791015625,-34.267906188964844,7.169199466705322,-9.238332748413086,2.85125732421875,9.231819152832031,2.341014862060547,2.658273458480835,0.34202665090560913,-0.9448181390762329,-9.570000648498535,-1.1268212795257568,3.071406841278076,-1.2048346996307373,-0.22600989043712616,-1.0376430749893188,5.671130657196045,3.4281580448150635,2.25654673576355
118,35.56594467163086,17.900089263916016,-17.979633331298828,-41.47264862060547,-17.382360458374023,7.182544708251953,-37.15228271484375,0.9559264779090881,-1.540324330329895,-6.230705261230469,-0.9110281467437744,-0.25253844261169434,1.667579174041748,0.19771836698055267,0.2011997401714325,0.7751157283782959,-2.3399040699005127,-0.06023228168487549,-3.085223913192749,-0.13067364692687988,-0.1587267369031906,8.949835777282715,1.349277377128601,1.0888947248458862
119,9.333320617675781,23.20402717590332,-20.411455154418945,-71.11808013916016,3.0202131271362305,7.206607341766357,-16.539304733276367,-1.8169691562652588,0.9226059913635254,-13.04135513305664,-0.914647102355957,-0.15080124139785767,2.3410768508911133,-0.18447786569595337,0.2237914502620697,-0.25549647212028503,-1.9576653242111206,0.07283924520015717,-2.489254951477051,-0.17191562056541443,0.3426945209503174,5.414369583129883,-1.1785808801651,0.3727279007434845
120,16.046960830688477,25.730663299560547,-18.446216583251953,-57.47197723388672,7.748100280761719,5.172752380371094,-23.266183853149414,-1.2179396152496338,-1.4051578044891357,-15.84681510925293,-0.7228257656097412,-0.0175018310546875,2.9538302421569824,0.030008360743522644,0.2187228947877884,-1.2051751613616943,-1.5069502592086792,-0.1697627604007721,-1.878989815711975,0.2161584496498108,0.30665990710258484,-0.4498133659362793,-1.8883202075958252,0.3896569311618805
121,-5.619002819061279,1.9291341304779053,-5.799932479858398,-44.52973175048828,11.285337448120117,4.4540910720825195,-10.774248123168945,7.654417514801025,-4.761526107788086,-0.1963939666748047,-0.18064069747924805,-0.003682374954223633,2.352027416229248,-0.40006914734840393,0.23266470432281494,-1.3814432621002197,-1.1813076734542847,-0.009858042001724243,-2.533510446548462,0.1148284450173378,0.4015011489391327,-1.361430287361145,-2.9439785480499268,0.3235093653202057
122,-25.403900146484375,1.314614176750183,-7.102812767028809,-32.36542510986328,14.375007629394531,4.046092987060547,14.973825454711914,0.20727719366550446,0.3002312183380127,1.7076225280761719,0.45938944816589355,-0.07203257083892822,2.2282862663269043,-0.5731726884841919,0.23398253321647644,-1.6276179552078247,-1.0888948440551758,-0.07977515459060669,-1.3791766166687012,-0.0923096090555191,0.5411210656166077,-4.042947769165039,-1.025866150856018,-0.4164714217185974
123,-5.6983442306518555,2.23431396484375,6.451327323913574,2.571284294128418,20.0,-1.462681770324707,15.675997734069824,-4.47754430770874,1.611199140548706,3.217021942138672,0.2710198163986206,0.01792120933532715,1.1522696018218994,-0.5206485986709595,0.39943984150886536,1.223024845123291,0.678115963935852,-0.41068971157073975,0.32482731342315674,-0.28417831659317017,0.5757116675376892,-6.92775297164917,0.8603510856628418,-0.6287129521369934
124,-33.162391662597656,2.572019577026367,3.069746732711792,-4.771631240844727,9.749156951904297,-2.2380850315093994,37.41701126098633,-9.788861274719238,6.936696529388428,13.255340576171875,0.34372806549072266,-0.04910397529602051,-1.4682341814041138,-0.4215139150619507,0.29910191893577576,5.794291019439697,3.651132106781006,-0.6991024017333984,1.9661049842834473,-1.194459080696106,0.17695936560630798,-2.899975299835205,11.316064834594727,-4.871827602386475
125,-38.45806121826172,-0.7419835329055786,0.2998673915863037,-6.234809875488281,-0.9653592109680176,0.012177467346191406,46.227352142333984,-26.379873275756836,22.673851013183594,-68.82177734375,8.328750610351562,1.2413734197616577,-3.483456611633301,0.47103890776634216,0.20610740780830383,8.671948432922363,2.048513889312744,-1.3429368734359741,0.842873215675354,-0.0856437236070633,-0.09166863560676575,1.929471492767334,-2.913266181945801,0.23932528495788574
126,-27.776073455810547,-1.3092167377471924,2.5791611671447754,-14.665007591247559,-0.991012692451477,0.08594679832458496,28.86840057373047,-30.227764129638672,30.868192672729492,-75.55111694335938,6.910233497619629,4.87947940826416,-3.720752000808716,0.5808936357498169,0.42785486578941345,4.7164716720581055,0.6973903775215149,-1.0863596200942993,1.5308935642242432,0.036118462681770325,-0.1939568966627121,0.6693663001060486,-2.325558662414551,-0.10391902178525925
127,-11.425071716308594,-3.352585554122925,1.2603801488876343,-5.571612358093262,-0.40608835220336914,0.12510055303573608,13.437663078308105,-21.08379364013672,24.53083610534668,-74.10032653808594,11.060321807861328,5.503714084625244,-3.355130434036255,0.4476642310619354,0.10156335681676865,2.040449380874634,0.4824729561805725,-0.4448930025100708,2.254685640335083,0.19902367889881134,-0.4256431460380554,-0.6683214902877808,-2.2513694763183594,0.22562894225120544
128,4.33549165725708,-0.16252291202545166,-1.9174072742462158,-4.753366470336914,-0.5146012306213379,0.15565001964569092,-8.827827453613281,-18.234249114990234,13.912713050842285,-54.24012756347656,14.354001998901367,9.096161842346191,-2.22245454788208,-0.01814250648021698,-0.6740949153900146,-1.849159836769104,-2.0678961277008057,0.7627633810043335,2.7137184143066406,0.40140077471733093,-0.3223744034767151,-1.2168450355529785,-1.576947808265686,-0.16581213474273682
129,15.434548377990723,-4.832453727722168,2.8913614749908447,3.68133544921875,0.24707627296447754,-0.03361773490905762,-25.63353729248047,-7.976681709289551,-0.2565692663192749,-44.43824768066406,20.0,9.76017951965332,-1.1889840364456177,-0.1644870638847351,-0.5537906885147095,-4.335500240325928,-1.6262949705123901,1.6417336463928223,2.51102614402771,0.6092997193336487,-0.21750012040138245,-1.6021840572357178,-1.3744031190872192,0.3745468258857727
130,20.16763687133789,5.645552635192871,-3.1281492710113525,4.813302993774414,0.16126275062561035,-0.07876396179199219,-14.137343406677246,-7.860104084014893,-4.122784614562988,-3.0068893432617188,20.0,4.626204490661621,0.5217231512069702,-0.19051755964756012,-0.7513453364372253,-7.119006156921387,-1.849173903465271,2.0754575729370117,0.8460791707038879,0.1605963259935379,-0.47812333703041077,1.602358341217041,0.8141679167747498,0.8926526308059692
131,42.972312927246094,15.873676300048828,-15.49982738494873,-14.325923919677734,-15.204549789428711,7.192152976989746,-45.19349670410156,-3.0479350090026855,-6.1686482429504395,-9.069583892822266,5.473158359527588,2.0261411666870117,2.3621256351470947,0.9916302561759949,-0.2538451850414276,-2.2139322757720947,7.194796562194824,-3.13655424118042,-1.3040759563446045,-0.11027314513921738,-0.9375459551811218,4.930788993835449,3.551468849182129,2.179208993911743
132,27.92113494873047,18.800495147705078,-17.02744483947754,-65.31037139892578,0.8131234645843506,4.25508975982666,-29.519676208496094,-0.6548995971679688,0.35318589210510254,-2.8706016540527344,-0.9133944511413574,-0.3240671455860138,2.148711919784546,-0.015098564326763153,0.22722135484218597,0.22251635789871216,-2.2489237785339355,0.3320622444152832,-2.620405912399292,-0.8599303960800171,-0.13731101155281067,7.809884548187256,0.5338394045829773,-0.03036949597299099
133,4.155029296875,11.438180923461914,-12.001864433288574,-66.31843566894531,2.6982712745666504,9.185138702392578,-14.131175994873047,6.943556785583496,-2.4754772186279297,-10.705329895019531,-0.6011612415313721,0.03458142280578613,2.478681802749634,-0.27065059542655945,0.3589724898338318,-0.6201196312904358,-1.7085005044937134,0.08673399686813354,-2.4121437072753906,-0.17091386020183563,1.0484832525253296,5.034908771514893,-0.7193823456764221,0.8982554078102112
134,-2.134326934814453,16.455263137817383,-14.087489128112793,-58.82259750366211,5.406657695770264,5.656219959259033,-13.045839309692383,0.28544336557388306,-2.7189760208129883,-12.803549766540527,-0.5895974636077881,-0.05516970157623291,2.570159673690796,-0.1955639123916626,0.4369167387485504,-1.3570317029953003,-1.3148113489151,0.024636894464492798,-2.07446026802063,-0.11360227316617966,0.7470043897628784,0.10605373978614807,-1.7708544731140137,0.6134384870529175
135,0.29593372344970703,11.719463348388672,-6.844642639160156,-37.72538757324219,12.914226531982422,1.9462116956710815,-5.100264549255371,2.6369009017944336,-3.2234232425689697,-4.225454330444336,-0.16879892349243164,-0.05734825134277344,2.9177205562591553,-0.29530322551727295,0.353763610124588,-1.8146988153457642,-1.0806210041046143,-0.06746777892112732,-1.0808137655258179,-0.18269754946231842,0.2831280827522278,-3.3889317512512207,-2.0784146785736084,-0.2256128042936325
136,8.932662963867188,-2.0797834396362305,0.6039140224456787,-14.265514373779297,20.0,2.785097122192383,-16.341175079345703,12.00449275970459,-8.8325834274292,4.244218826293945,0.0668327808380127,0.09173387289047241,2.4043643474578857,-0.4193413555622101,0.5317804217338562,-1.528671383857727,-1.050341010093689,-0.4661710262298584,-2.18377423286438,0.16081051528453827,0.01655343919992447,-2.7157866954803467,-1.0096901655197144,-0.41855067014694214
137,-12.494993209838867,7.076628684997559,-7.2593994140625,-10.234414100646973,20.0,-0.30372822284698486,12.048417091369629,-2.9976463317871094,2.182708740234375,5.219784736633301,0.177770733833313,-0.011017441749572754,1.359837532043457,-0.37515610456466675,0.3375875651836395,0.2724841833114624,-0.31210216879844666,-0.46615880727767944,-1.3998522758483887,0.089622363448143,0.016462242230772972,-3.822230815887451,-0.562805712223053,-0.9145446419715881
138,-25.71036720275879,6.203423500061035,-3.857949733734131,-8.144950866699219,19.28155517578125,-2.492551326751709,35.01091003417969,-15.58296012878418,11.51256275177002,5.652400970458984,0.446483850479126,-0.030089974403381348,-0.33503609895706177,-0.6129154562950134,0.03930848464369774,3.981452703475952,2.386281967163086,-0.18180319666862488,1.3998826742172241,-0.5764577388763428,0.6973758935928345,-7.973277568817139,1.5018121004104614,-0.7604844570159912
139,-61.41819763183594,2.498891592025757,1.7990598678588867,-7.503166198730469,-0.7324843406677246,-0.12448239326477051,62.044620513916016,-25.968029022216797,30.923995971679688,-38.802249908447266,-18.368152618408203,7.103906154632568,-3.6354024410247803,0.43585339188575745,0.5299876928329468,8.917084693908691,3.631396770477295,-1.8707034587860107,0.9675483703613281,0.19434550404548645,0.18045620620250702,1.5066243410110474,-3.0412120819091797,-0.6489169597625732
140,-35.8762092590332,-2.3745267391204834,1.7748544216156006,-14.43144416809082,-1.286270260810852,0.18767356872558594,43.43540954589844,-24.72903823852539,32.71858596801758,-66.2459487915039,13.637649536132812,2.958702802658081,-4.392122268676758,0.34753578901290894,0.22351416945457458,6.2421088218688965,1.1244417428970337,-0.9832614660263062,1.3349087238311768,0.10079307854175568,-0.0885755866765976,0.8176384568214417,-2.328519582748413,-0.16961407661437988
141,-11.308368682861328,-2.160752058029175,1.2937384843826294,-9.511592864990234,-0.5940646529197693,0.11403417587280273,15.949957847595215,-20.066213607788086,22.675580978393555,-69.09051513671875,13.757208824157715,4.926136493682861,-3.840510845184326,0.24409683048725128,-0.051398903131484985,2.388606071472168,0.24585777521133423,-0.35815051198005676,2.1541824340820312,0.20476886630058289,-0.2503392696380615,-0.19808225333690643,-2.0038630962371826,0.19482579827308655
142,-8.85588264465332,-2.393479347229004,1.7260234355926514,-3.465855836868286,-0.36574918031692505,0.06017255783081055,6.249638557434082,-20.38252830505371,18.94583511352539,-62.408905029296875,18.806299209594727,8.784126281738281,-3.7800393104553223,0.1011844202876091,-0.1049911379814148,-0.23621176183223724,-0.1112334132194519,0.3854149580001831,2.3699185848236084,0.3828471302986145,-0.26427245140075684,-1.0226987600326538,-1.4976818561553955,-0.15278369188308716
143,19.289709091186523,6.072587966918945,-5.222675323486328,1.556675910949707,-0.08233976364135742,0.03525805473327637,-23.222530364990234,-19.579326629638672,12.894282341003418,-48.28974533081055,20.0,10.200089454650879,-2.0231552124023438,0.250534325838089,-0.6791556477546692,-3.541476011276245,-1.1822619438171387,0.4210527539253235,2.7153501510620117,0.5437981486320496,-0.2645822763442993,-1.6466071605682373,-1.335859775543213,-0.13065433502197266
144,22.567733764648438,5.4488325119018555,-3.5942282676696777,3.946258544921875,0.16541600227355957,0.05285310745239258,-18.29621124267578,-11.373163223266602,-3.47775936126709,-13.179643630981445,20.0,5.05991268157959,0.06711725890636444,0.250271201133728,-1.0369975566864014,-6.856849193572998,-0.9774953126907349,1.20088529586792,2.077568292617798,0.4122679829597473,-0.3285597860813141,-0.0678337812423706,-0.37076398730278015,1.0775917768478394
145,40.00925064086914,10.431859016418457,-6.17221212387085,11.358985900878906,0.1810445785522461,0.06632804870605469,-40.34215545654297,3.4545600414276123,-8.58456802368164,-1.1795883178710938,8.304046630859375,2.421895980834961,1.8718888759613037,1.0842911005020142,-0.4899672269821167,-3.6489245891571045,7.323908805847168,-1.3838908672332764,-0.9555715918540955,0.19572468101978302,-0.6684211492538452,4.958485126495361,3.2653355598449707,1.9937533140182495
146,40.07609939575195,9.184670448303223,-16.137470245361328,-60.6247673034668,4.376349449157715,5.266239166259766,-42.45953369140625,11.071433067321777,-8.374059677124023,-4.748798370361328,-0.9124500751495361,-0.168751060962677,2.0252106189727783,0.04341166466474533,0.08928839862346649,0.5913009643554688,-3.890496253967285,0.7743384838104248,-3.0491528511047363,-0.2616511881351471,-0.9216111898422241,8.3996000289917,1.4427132606506348,0.42977944016456604
147,2.5985240936279297,28.04357147216797,-20.680727005004883,-65.85173034667969,1.5731685161590576,6.537463188171387,-7.404838562011719,-11.240878105163574,9.312629699707031,-14.490638732910156,-0.9042277336120605,-0.13665127754211426,2.691838026046753,-0.016809750348329544,0.4678382873535156,-0.45578598976135254,-1.9854140281677246,0.17521080374717712,-1.8916409015655518,0.004019470419734716,1.0285816192626953,3.3314976692199707,-1.2964365482330322,0.9099406599998474
148,6.041675567626953,15.231871604919434,-17.588159561157227,-59.528480529785156,6.359799861907959,6.27277946472168,-16.715280532836914,3.1202361583709717,-4.6658759117126465,-7.656703948974609,-0.27818965911865234,-0.052383244037628174,2.7810072898864746,-0.021360080689191818,0.4087129235267639,-1.0973522663116455,-1.4939172267913818,0.004408540204167366,-1.7766684293746948,-0.05343196913599968,0.3491933047771454,0.03315141052007675,-0.9167709350585938,0.29159361124038696
149,-10.954381942749023,2.2338690757751465,-8.705451965332031,-50.1629753112793,11.33588981628418,7.440080642700195,-6.10350227355957,10.689457893371582,-6.343079090118408,1.2117269039154053,-0.023628711700439453,0.0009041726589202881,2.0897068977355957,-0.26524001359939575,0.2757759988307953,-1.288785696029663,-1.1525013446807861,-0.1628849357366562,-2.393643617630005,0.2926844358444214,0.22583726048469543,-0.7408373355865479,-0.5452992916107178,-0.13789232075214386
150,13.16844367980957,7.412173748016357,-12.329297065734863,-36.13361358642578,16.878158569335938,2.54610276222229,-10.747713088989258,4.465097904205322,-4.801006317138672,-0.13799285888671875,-0.2278428077697754,0.05943405628204346,2.8633294105529785,-0.3640495538711548,0.3609311580657959,-1.7052500247955322,-1.0134148597717285,-0.029131930321455002,-1.4950792789459229,0.19606411457061768,-0.22475232183933258,-2.3323252201080322,-1.1821036338806152,-0.34138765931129456
151,-0.26580333709716797,-1.2634367942810059,1.3933436870574951,-10.133260726928711,20.0,2.439772129058838,-3.8011856079101562,2.199079990386963,-0.82197105884552,2.626047134399414,-0.029613018035888672,-0.0024983882904052734,2.5195484161376953,-0.9534530639648438,0.45691215991973877,-1.5755524635314941,-0.9529300332069397,-0.4195709824562073,-1.8041661977767944,-0.08885977417230606,0.44670793414115906,-2.4281718730926514,-1.427459955215454,-0.7477792501449585
152,-21.971895217895508,5.1937055587768555,2.266481876373291,-4.64173698425293,18.3675537109375,0.9064252376556396,26.166833877563477,-7.673827171325684,5.519216537475586,1.8558464050292969,0.23113322257995605,0.04469054192304611,0.7415581941604614,-0.7613763809204102,0.412112832069397,1.8527612686157227,1.1507970094680786,-0.4832972288131714,0.1915169358253479,0.03217620402574539,1.029971718788147,-6.612280368804932,-0.8251982927322388,-0.03633236885070801
153,-47.15851593017578,3.6683411598205566,1.1891708374023438,-3.5690689086914062,1.4946041107177734,-0.351656436920166,50.81295394897461,-19.381376266479492,14.793861389160156,-10.651622772216797,-8.676708221435547,3.0446629524230957,-2.171333074569702,-0.21017220616340637,0.770945131778717,7.535580635070801,5.68686056137085,-0.8822334408760071,2.0690417289733887,-1.280187964439392,-0.32415273785591125,-2.2095956802368164,11.266483306884766,-3.6217880249023438
154,-29.873186111450195,-1.4985909461975098,0.602036714553833,-5.743434906005859,-1.4230048656463623,0.026183605194091797,37.039695739746094,-31.05630874633789,26.47072982788086,-84.79381561279297,3.379249095916748,1.7856515645980835,-3.81746768951416,0.3483926057815552,0.28274181485176086,9.820422172546387,1.097020149230957,-1.5197027921676636,0.8949162364006042,-0.14164341986179352,0.010641627013683319,1.7238800525665283,-2.7744061946868896,0.14222010970115662
155,-20.07162857055664,4.638912200927734,-1.1280195713043213,-18.077800750732422,-0.8546464443206787,0.17363810539245605,21.471643447875977,-30.727218627929688,29.351715087890625,-84.13227081298828,6.134459495544434,5.939096927642822,-3.159196615219116,0.9571171998977661,0.33754223585128784,3.8041586875915527,0.6348181962966919,-0.6776608228683472,1.9041072130203247,-0.009662371128797531,-0.31006014347076416,0.2021654099225998,-2.136693000793457,0.0020039603114128113
156,-8.244686126708984,-8.640893936157227,4.139924049377441,-2.2669172286987305,-0.2766737937927246,0.05731645226478577,3.543081283569336,-20.4279727935791,22.471393585205078,-82.26853942871094,8.417524337768555,7.440444469451904,-3.2901041507720947,0.2647516131401062,0.12025430053472519,2.018420934677124,0.6465463042259216,-0.2288905531167984,2.151779890060425,0.09678459912538528,-0.2702537775039673,-0.7490062713623047,-1.6975501775741577,0.2540525794029236
157,0.26935577392578125,-9.296639442443848,3.761626720428467,-2.7864832878112793,-0.40795159339904785,0.05371278524398804,-3.733844757080078,-12.805062294006348,13.498183250427246,-72.03130340576172,17.90306854248047,9.497607231140137,-2.3060901165008545,-0.2506066858768463,-0.11533675342798233,-1.3006856441497803,-0.8820027709007263,0.49945101141929626,2.662654161453247,0.47032034397125244,-0.20054131746292114,-1.9070866107940674,-1.0499719381332397,-0.0698540210723877
158,14.280908584594727,-0.2945762872695923,-0.30755043029785156,1.5465011596679688,-0.13840579986572266,0.028191089630126953,-16.970048904418945,-13.093523979187012,-0.06438338756561279,-44.328338623046875,19.691036224365234,10.000007629394531,-0.6626113057136536,-0.2509775161743164,-0.5245615839958191,-4.198878765106201,-2.9247934818267822,1.5110279321670532,3.081463098526001,0.6414036154747009,-0.3020370602607727,-2.309040069580078,-0.9775720834732056,1.3370857238769531
159,26.2235050201416,6.87516975402832,-5.794004440307617,-0.6053504943847656,0.2382516860961914,-0.030163049697875977,-24.42249298095703,-1.1826151609420776,-9.030006408691406,2.0643930435180664,14.736099243164062,3.831904411315918,1.832565188407898,-0.48865529894828796,-1.2412186861038208,-9.768035888671875,-2.5692596435546875,1.7585501670837402,0.8056392073631287,-0.04796469956636429,-0.8452625274658203,1.5430235862731934,1.6854944229125977,2.367044687271118
160,47.07362365722656,15.19222354888916,-8.225300788879395,17.985126495361328,0.5875253677368164,0.04509544372558594,-50.05906677246094,1.751349687576294,-3.1672635078430176,-1.3858184814453125,-0.3809947967529297,-0.10280704498291016,3.7890937328338623,0.2162831872701645,-0.9571334719657898,-10.164945602416992,-0.31118106842041016,3.085448741912842,-2.964043617248535,-0.09961706399917603,-0.5672775506973267,9.319769859313965,2.298711061477661,3.7270092964172363
161,15.466985702514648,15.946932792663574,-12.1498441696167,-40.6745491027832,-15.020441055297852,11.66917896270752,-18.3118896484375,-0.6453291177749634,1.0817439556121826,-13.024538040161133,-0.8912646174430847,-0.5060184001922607,2.491964817047119,0.436611533164978,0.14435867965221405,0.840154767036438,-0.549696683883667,-2.446953296661377,-2.872762441635132,0.26268792152404785,0.6630359292030334,7.790308952331543,0.1933833360671997,0.841968297958374
162,-3.214470863342285,10.690699577331543,-11.138795852661133,-47.48833084106445,0.8372430801391602,8.577383995056152,-6.315065383911133,-0.4136921763420105,-0.24343836307525635,-18.69180679321289,-0.7657876014709473,-0.09627467393875122,2.108938217163086,-0.11291635781526566,-0.074762262403965,-0.3661423921585083,-1.6432665586471558,-0.004062756896018982,-1.65755295753479,-0.2286018282175064,0.4075315296649933,1.1510396003723145,-1.2035176753997803,0.4557044208049774
163,-15.411504745483398,5.368374824523926,-5.90265417098999,-54.196556091308594,1.270503044128418,7.532744884490967,3.1205644607543945,8.744329452514648,-5.859072208404541,-2.081533432006836,-0.12028741836547852,-0.017923012375831604,2.3812952041625977,0.04596629738807678,0.1775083988904953,-0.9155282378196716,-1.4893039464950562,0.055478326976299286,-0.8434653878211975,0.37341344356536865,0.3521227538585663,-1.6173259019851685,-2.126073122024536,-0.09868619590997696
164,6.029982566833496,2.1312341690063477,-2.8052284717559814,-36.310943603515625,10.337750434875488,4.923168182373047,-16.63138198852539,12.58043098449707,-9.088193893432617,2.7863121032714844,0.021384239196777344,0.10153792053461075,1.9782577753067017,-0.2609270513057709,0.08079694211483002,-0.8744287490844727,-1.2893385887145996,-0.12959858775138855,-1.6632765531539917,0.4999599754810333,-0.1088295727968216,-1.1968038082122803,-1.8853812217712402,-0.0056031616404652596
165,7.035741806030273,3.109071731567383,-4.112830638885498,-23.477375030517578,20.0,1.2264617681503296,-10.676128387451172,6.103150367736816,-5.228886127471924,0.5466642379760742,-0.004689455032348633,0.013126611709594727,2.018949508666992,-0.37476617097854614,0.26831063628196716,-0.9924713969230652,-1.2366336584091187,-0.25420743227005005,-1.7885088920593262,0.5797376036643982,-0.2802537679672241,-2.1158900260925293,-1.5076700448989868,-0.7870751619338989
166,-7.86669397354126,14.583830833435059,-3.38631534576416,-9.643174171447754,20.0,-0.13872504234313965,7.86156702041626,-13.789640426635742,9.343477249145508,-0.18702316284179688,0.09384775161743164,-0.05201911926269531,1.5576375722885132,-0.708709180355072,0.23182472586631775,-0.25171810388565063,-0.766730785369873,-0.40970897674560547,-0.7488145232200623,-0.001585078425705433,0.759036123752594,-5.091007709503174,-0.7849478721618652,-1.0439426898956299
167,-33.7586555480957,19.651607513427734,-7.102089881896973,-5.706016540527344,16.559133529663086,-2.869109630584717,39.96343231201172,-23.73089027404785,15.286384582519531,7.186214447021484,0.36352038383483887,-0.006458282470703125,-1.2381776571273804,0.2807627320289612,0.09543989598751068,5.4236955642700195,2.7073729038238525,-1.012898564338684,1.981726884841919,-1.2022809982299805,0.3589569926261902,-5.217284202575684,8.4121732711792,-2.9957354068756104
168,-52.25575256347656,-5.63742208480835,3.3895621299743652,-3.4400405883789062,-0.8151628971099854,-0.02915048599243164,67.52012634277344,-26.32917594909668,37.78113555908203,-67.22410583496094,7.453843116760254,19.160362243652344,-3.5626602172851562,1.1933718919754028,0.5672474503517151,11.470231056213379,2.2595410346984863,-1.8914941549301147,1.96393620967865,1.0547795295715332,-0.12474354356527328,0.2743186950683594,-2.12180233001709,-8.361181259155273
169,-24.530649185180664,-1.4000322818756104,2.6335062980651855,-17.19969367980957,-0.9893796443939209,0.1530308723449707,21.921762466430664,-30.537132263183594,33.434696197509766,-77.8039779663086,1.588028907775879,6.691902160644531,-3.654750108718872,0.7976270318031311,0.7497273087501526,6.965258598327637,1.4094284772872925,-1.1320242881774902,1.6760212182998657,-0.04070610553026199,-0.06061840429902077,0.7365480661392212,-2.396244525909424,-0.24073491990566254
170,-20.61481475830078,-5.864650726318359,1.688073754310608,-13.644811630249023,-0.7963316440582275,0.15410590171813965,17.347789764404297,-17.78475570678711,26.89715576171875,-71.24385833740234,11.982763290405273,5.909704208374023,-3.7760860919952393,-0.05052545294165611,-0.00044281408190727234,2.284580945968628,0.7024884223937988,-0.44966158270835876,2.028517007827759,-0.04064910113811493,-0.08708086609840393,-0.2951447665691376,-1.8888875246047974,0.09135457128286362
171,-1.8932075500488281,-8.594035148620605,5.1900434494018555,-0.08337974548339844,-0.2719680070877075,0.0296170711517334,-5.751697540283203,-13.569388389587402,15.858509063720703,-70.95154571533203,14.466920852661133,10.580446243286133,-3.7479515075683594,-0.35783910751342773,0.2783780097961426,0.681166410446167,-0.06485744565725327,0.2626543343067169,2.0617144107818604,0.2253466695547104,-0.01230592280626297,-1.0882116556167603,-1.4007083177566528,-0.08404850959777832
172,4.1245222091674805,-3.0921878814697266,1.1175389289855957,-0.2195148468017578,-0.31010866165161133,0.01697373390197754,-7.013749599456787,-19.68801498413086,15.290308952331543,-65.35955047607422,20.0,12.838665008544922,-2.608107089996338,-0.7398495078086853,-0.21972547471523285,-2.341341018676758,-1.7756284475326538,0.8228580355644226,2.723724842071533,0.34618693590164185,-0.1861976683139801,-2.150193929672241,-0.869767963886261,-0.43754667043685913
173,16.199932098388672,11.284905433654785,-7.20327091217041,0.7284736633300781,0.024685382843017578,0.046797990798950195,-15.89215087890625,-18.311601638793945,2.5555996894836426,-22.200199127197266,20.0,6.297386169433594,-0.6969001889228821,-0.01981516368687153,-0.6725172996520996,-5.851245880126953,-2.567847490310669,1.5181941986083984,2.634570598602295,0.5401797294616699,0.00990895926952362,-1.6305780410766602,-1.1026498079299927,3.3991706371307373
174,28.7264461517334,-0.5062334537506104,0.4149477481842041,12.56268310546875,0.5501358509063721,-0.0790104866027832,-29.321208953857422,-7.1389079093933105,-3.5922465324401855,-14.304854393005371,20.0,4.476358890533447,0.8030356764793396,-0.334688663482666,-0.46472764015197754,-6.736775875091553,-1.7938332557678223,2.5455543994903564,0.7835743427276611,0.03958114981651306,-0.31479236483573914,1.296065330505371,0.8260655403137207,2.4305005073547363
175,51.898067474365234,18.504741668701172,-12.067302703857422,15.48187255859375,0.7740222215652466,-0.07818174362182617,-50.98554229736328,-2.318129062652588,-3.030548572540283,-7.3138275146484375,6.832461357116699,1.556314468383789,3.029743194580078,0.7179354429244995,-0.8058452010154724,-8.607503890991211,-0.25645262002944946,2.850337266921997,-2.6058602333068848,-0.21023517847061157,-0.8382853865623474,6.234517574310303,5.3761491775512695,2.5117080211639404
176,34.62354278564453,21.24321937561035,-20.264575958251953,-33.9637336730957,-14.368844985961914,12.527847290039062,-24.31077003479004,-6.604173183441162,4.327136039733887,-4.278877258300781,-1.1852387189865112,-0.33945679664611816,2.576414108276367,0.5403409004211426,0.2967447340488434,-1.8054019212722778,6.320959568023682,-2.086744546890259,-3.305140495300293,-0.8314059972763062,0.19676612317562103,9.290201187133789,0.6323722004890442,1.115810513496399
177,9.126776695251465,15.650862693786621,-15.182840347290039,-51.045127868652344,-1.0060133934020996,9.356950759887695,-12.38033676147461,0.11234617233276367,-0.6300972700119019,-18.2186336517334,-0.7508847117424011,-0.14956192672252655,2.137193441390991,0.034870728850364685,0.2111680656671524,0.35677528381347656,-2.1607203483581543,-0.03846651315689087,-2.5167062282562256,-0.7944253087043762,0.5036507844924927,3.715681314468384,0.018991876393556595,0.13164222240447998
178,1.5477705001831055,6.901609420776367,-8.16817855834961,-48.129547119140625,2.2754502296447754,9.141777038574219,-8.827923774719238,13.067696571350098,-7.416728973388672,-7.298221588134766,-0.4331463575363159,0.05255615711212158,2.2302820682525635,0.14684870839118958,-0.0016255518421530724,-0.003446664661169052,-1.9786219596862793,-0.20256206393241882,-2.1829519271850586,0.3348088264465332,0.5688386559486389,0.5196107625961304,-0.8127385377883911,0.503423273563385
179,-15.962241172790527,11.437549591064453,-8.653976440429688,-50.250694274902344,3.099825859069824,5.514057159423828,7.146518230438232,-1.2852047681808472,-0.3832669258117676,-1.1797676086425781,-0.1565418243408203,-0.06759727001190186,2.6148569583892822,0.03120885230600834,0.2208014875650406,-0.576747477054596,-1.8292295932769775,-0.09053707867860794,-1.0289397239685059,-0.037094175815582275,0.45812898874282837,-2.1853389739990234,-2.1728298664093018,-0.18464705348014832
180,-14.662490844726562,10.159379959106445,-7.524529933929443,-42.826107025146484,11.349798202514648,2.6414437294006348,1.5415763854980469,2.667729377746582,-3.1221017837524414,3.944289207458496,0.14650249481201172,0.054207026958465576,2.4157702922821045,0.037274375557899475,0.339508056640625,-0.7706289887428284,-1.6798266172409058,-0.08792394399642944,-0.7584247589111328,-0.13743022084236145,-0.015858888626098633,-3.4511051177978516,-1.914156198501587,-0.2955368757247925
181,-9.35107135772705,1.1967265605926514,3.0752644538879395,-14.87116813659668,20.0,2.2604949474334717,0.07469797134399414,4.244136810302734,-1.7610646486282349,5.136054992675781,0.14317870140075684,0.0010831356048583984,1.781535029411316,-0.36344656348228455,0.28037476539611816,-0.489618718624115,-1.6465747356414795,-0.5377395749092102,-1.0664191246032715,-0.2700709104537964,0.2405557930469513,-3.469428062438965,-1.6820484399795532,-0.8047717213630676
182,-10.047990798950195,6.861522674560547,-0.8626178503036499,-6.181652069091797,20.0,-2.0333364009857178,14.987536430358887,-4.087698459625244,3.6627464294433594,3.329608917236328,0.3854333162307739,0.003645181655883789,0.8986406326293945,-0.16142280399799347,0.1590084731578827,1.796276569366455,-0.3127288222312927,-0.48796138167381287,0.6362588405609131,-0.03668806701898575,0.706268846988678,-6.5541558265686035,0.5966059565544128,-1.045561671257019
183,-35.09682846069336,2.3980140686035156,4.782193183898926,-7.118507385253906,13.607918739318848,-1.57480788230896,36.47062683105469,-16.61117935180664,19.62049674987793,-39.33672332763672,-16.62931251525879,5.514538764953613,-1.0829999446868896,0.03329504653811455,0.0006130635738372803,5.536896228790283,3.0800130367279053,-0.4878709316253662,1.5712155103683472,0.2206234633922577,-0.1982201486825943,0.8494239449501038,-2.4768002033233643,-6.773312091827393
184,-44.4376220703125,-10.149358749389648,10.023141860961914,-1.1790122985839844,-0.9088597297668457,-0.1282343864440918,49.55666732788086,-35.27006912231445,35.260528564453125,-93.79553985595703,9.58404541015625,5.63575553894043,-3.935513734817505,0.14107485115528107,0.9436421990394592,10.219989776611328,2.091229200363159,-0.8243439793586731,1.233271837234497,-0.007549885660409927,0.008345866575837135,1.076645851135254,-2.4577739238739014,0.06337186694145203
185,-36.006492614746094,1.1723003387451172,0.1925501823425293,-15.963661193847656,-1.070660948753357,0.05380511283874512,33.039459228515625,-31.107717514038086,41.86018371582031,-89.96432495117188,12.918257713317871,7.612454891204834,-4.573739528656006,0.06761913001537323,0.9625038504600525,6.5117692947387695,1.058363676071167,-0.9138810038566589,1.7378768920898438,-0.061537470668554306,-0.12786778807640076,-0.2051984816789627,-1.826401710510254,0.08293445408344269
186,-9.64517593383789,-0.6678289175033569,-1.83990478515625,-14.689654350280762,-0.6456975936889648,0.16971856355667114,12.520977973937988,-18.14761734008789,22.828495025634766,-69.8468017578125,18.5766658782959,8.248414039611816,-3.1180028915405273,-0.36047977209091187,0.17915508151054382,0.033201709389686584,0.7653623819351196,-0.32620057463645935,2.8962583541870117,0.1612820029258728,-0.2010737657546997,-1.568989634513855,-1.2932848930358887,-0.22271990776062012
187,-2.020772933959961,3.930354356765747,-3.159532070159912,-2.197690963745117,-0.44554412364959717,0.14558804035186768,-4.761146545410156,-15.68925666809082,8.469368934631348,-41.89759826660156,20.0,10.851723670959473,-2.875049591064453,0.0029655988328158855,-0.5840111970901489,-2.453119993209839,-0.5778011083602905,0.9310919046401978,2.8662047386169434,0.6493080854415894,-0.3520765006542206,-2.130725145339966,-0.9585391879081726,-0.21009573340415955
188,15.900074005126953,7.625869274139404,-5.72189998626709,3.1359176635742188,-0.1195673942565918,0.008692502975463867,-19.280574798583984,-19.881855010986328,5.312107086181641,-29.615829467773438,20.0,6.450859546661377,-1.3361481428146362,-0.01222472544759512,-1.3888412714004517,-5.138495922088623,-2.0413219928741455,1.1633613109588623,2.7920939922332764,0.6487776041030884,-0.17814163863658905,-1.8141834735870361,-1.1773083209991455,2.775242328643799
189,42.58350372314453,6.687171936035156,-3.8867392539978027,10.216915130615234,0.37134408950805664,0.014130115509033203,-40.96955871582031,-5.044931888580322,-4.397670745849609,-13.993597030639648,20.0,4.763114929199219,1.3813340663909912,0.1884436160326004,-1.1190922260284424,-8.181843757629395,-3.0559375286102295,2.6389389038085938,0.6694560050964355,0.11849096417427063,-0.5779962539672852,2.052929401397705,1.8517917394638062,2.3148930072784424
190,56.33763885498047,13.34052848815918,-17.606624603271484,-24.57569122314453,-20.0,10.881586074829102,-58.15357208251953,2.3346214294433594,-7.104039192199707,-2.0052413940429688,-0.3124713897705078,-0.08831214904785156,2.152763843536377,0.8601934313774109,0.0003228411078453064,-2.789294719696045,8.963438987731934,-3.7426488399505615,-3.1658589839935303,-0.33832019567489624,-1.1294934749603271,9.72053050994873,4.95708703994751,2.6455070972442627
191,35.27043151855469,16.187408447265625,-21.240760803222656,-44.14814758300781,3.071181297302246,9.621291160583496,-31.357501983642578,-4.4117231369018555,4.656615257263184,-19.00830078125,-1.542698621749878,-0.46040821075439453,2.1097278594970703,-0.07801041007041931,0.14683228731155396,0.08837524056434631,-1.9924417734146118,-0.003463372588157654,-3.161983013153076,-0.48342475295066833,0.17930586636066437,6.007580757141113,1.4478096961975098,-0.34177449345588684
192,10.22383975982666,13.301220893859863,-15.72940731048584,-48.9870491027832,6.233763217926025,8.494572639465332,-16.02190399169922,-0.4756920337677002,0.6312837600708008,-14.940241813659668,-0.9446011185646057,0.046962618827819824,2.4095959663391113,-0.1652626246213913,0.2933809459209442,-0.6536026000976562,-1.6126477718353271,0.04915165901184082,-2.8786981105804443,-0.17763082683086395,1.0340840816497803,0.9239004254341125,-0.5019558072090149,0.6479683518409729
193,-9.563820838928223,16.368057250976562,-12.363286018371582,-42.255374908447266,4.550116539001465,7.228733062744141,5.066237449645996,-3.0973074436187744,1.2571592330932617,-2.0581483840942383,-0.2314286231994629,-0.08732855319976807,2.8329851627349854,-0.2554582357406616,0.2932538390159607,-1.0627574920654297,-1.5690412521362305,-0.02228439599275589,-1.6918772459030151,-0.31231170892715454,1.2220820188522339,-1.8494982719421387,-1.9256246089935303,0.3340703248977661
194,-15.749415397644043,-0.05928230285644531,-4.700788974761963,-48.88334655761719,9.274821281433105,5.527220249176025,0.4715595245361328,16.52802848815918,-12.596328735351562,6.367849349975586,0.18215441703796387,0.08126631379127502,2.4355928897857666,-0.07320454716682434,0.33237218856811523,-1.1286613941192627,-1.4314316511154175,-0.0937807708978653,-1.8747113943099976,0.26066675782203674,0.08034080266952515,-1.9039257764816284,-1.755225658416748,-0.2294168472290039
195,-0.42223548889160156,4.914975643157959,-3.186218738555908,-11.661662101745605,20.0,3.087005853652954,-1.6636438369750977,4.336477756500244,-3.2749717235565186,1.9335355758666992,0.16992902755737305,0.027043938636779785,2.172966480255127,-0.22512908279895782,0.08048832416534424,-0.9095181226730347,-1.4402210712432861,-0.6828597187995911,-1.6300708055496216,0.2015266865491867,-0.3277898132801056,-3.0026752948760986,-0.48249873518943787,-0.7599823474884033
196,-7.457954406738281,-2.3969035148620605,4.378950119018555,-10.72490406036377,20.0,2.032687187194824,4.433211803436279,-0.7064847350120544,0.984963059425354,3.4321556091308594,-0.03832066059112549,0.004384040832519531,1.6910650730133057,-0.6329768300056458,0.4035870432853699,-0.3448764681816101,-1.125931739807129,-0.7215923070907593,-1.4090347290039062,-0.14018572866916656,0.35755419731140137,-3.944545269012451,-0.6756998896598816,-1.4383680820465088
197,-21.970720291137695,2.5418083667755127,2.784745454788208,-3.5842056274414062,20.0,0.7847429513931274,31.732036590576172,-10.10887336730957,8.257702827453613,5.257804870605469,0.37842369079589844,0.06776845455169678,-0.15867120027542114,-1.0556421279907227,-0.16168566048145294,3.9403374195098877,1.8033039569854736,-0.6672642230987549,0.8897432088851929,-0.681571364402771,0.9238958954811096,-1.7726622819900513,9.736712455749512,-3.524292469024658
198,-43.49654006958008,0.019574403762817383,1.508819580078125,1.4653892517089844,-0.5318975448608398,-0.0469822883605957,51.021751403808594,-36.499061584472656,31.462461471557617,-94.48025512695312,3.7617340087890625,18.644163131713867,-3.100351572036743,0.6518264412879944,0.573605477809906,11.192590713500977,2.390070915222168,-1.6256266832351685,1.18323814868927,-0.16158825159072876,0.10706498473882675,1.3320815563201904,-2.9472877979278564,3.031517744064331
199,-47.741512298583984,-0.5310044288635254,2.6715779304504395,-20.226970672607422,-1.2514152526855469,0.12258553504943848,49.576026916503906,-32.741859436035156,33.656700134277344,-69.6401138305664,9.142240524291992,4.675430774688721,-4.246847629547119,0.7247219085693359,0.60969477891922,7.599264621734619,1.5459600687026978,-1.1046624183654785,1.556433081626892,0.10326917469501495,-0.16895687580108643,0.4465107023715973,-2.1556167602539062,-0.05001136288046837
200,-22.588144302368164,-1.3842089176177979,0.545896053314209,-15.092611312866211,-0.7841970920562744,0.12740671634674072,24.12911033630371,-21.9993953704834,28.555564880371094,-75.10923767089844,11.204654693603516,7.105903625488281,-3.935457468032837,0.4226294457912445,0.3012816905975342,2.330819606781006,1.4212366342544556,-0.735611617565155,2.313453197479248,0.12783309817314148,-0.23367515206336975,-0.7134251594543457,-1.686460018157959,0.011723406612873077
201,-1.7603473663330078,-0.7937440276145935,-1.4756505489349365,-4.224986553192139,-0.5305213928222656,0.14543254673480988,-5.4143571853637695,-16.799072265625,17.926877975463867,-64.85535430908203,16.55970001220703,10.488408088684082,-3.614502191543579,0.1639610081911087,-0.5608806014060974,-0.894501268863678,0.020901182666420937,-0.06896335631608963,2.50573992729187,0.42026326060295105,-0.3592621386051178,-1.6687408685684204,-1.192672610282898,-0.37624773383140564
202,15.510488510131836,2.598172664642334,-1.966928482055664,-0.08210182189941406,-0.2794349193572998,0.13642191886901855,-14.045459747314453,-14.672468185424805,6.650607109069824,-46.8141975402832,20.0,11.314166069030762,-1.3474394083023071,0.2455226331949234,-0.8116854429244995,-4.97536039352417,-1.9758539199829102,1.7091476917266846,3.258791923522949,0.5739514231681824,-0.34753885865211487,-2.29719877243042,-1.0762977600097656,0.6741952896118164
203,27.199535369873047,2.595823287963867,-2.1942238807678223,5.68994140625,0.16846370697021484,-0.02210092544555664,-21.73895263671875,-5.537031173706055,-9.871395111083984,-5.028600692749023,20.0,5.213631629943848,0.9986776113510132,-0.025476396083831787,-0.9580942988395691,-8.35904312133789,-2.7751755714416504,3.2615966796875,1.512796401977539,0.11185280978679657,-0.5553877353668213,1.1795508861541748,1.044861912727356,2.945002555847168
204,62.59234619140625,7.605206489562988,-4.821214199066162,21.811370849609375,1.0820188522338867,-0.15943622589111328,-63.588600158691406,8.44974422454834,-9.210134506225586,-10.408855438232422,3.9939651489257812,1.266951560974121,3.4438047409057617,0.3185591697692871,-0.779246985912323,-9.107574462890625,-0.5776045918464661,4.493340492248535,-1.9907727241516113,-0.04254891723394394,-1.0127594470977783,5.745631217956543,5.102197647094727,4.081092357635498
205,19.833160400390625,16.9670467376709,-9.69338321685791,-26.042770385742188,-11.844432830810547,9.116707801818848,-20.011009216308594,-9.269067764282227,5.795053958892822,-6.9018402099609375,-1.1917184591293335,-0.5693978071212769,2.4986133575439453,0.20388831198215485,0.16304680705070496,-1.6029800176620483,5.453790187835693,-1.0951324701309204,-3.1273205280303955,-0.6006671786308289,0.1868939995765686,7.412044525146484,0.6206352114677429,1.0559581518173218
206,-8.551352500915527,7.480283260345459,-5.0269365310668945,-51.16257095336914,-2.4681742191314697,10.751151084899902,-1.3006534576416016,-0.7255167961120605,0.7318370342254639,-14.704218864440918,-0.543441653251648,-0.15844768285751343,2.1562387943267822,-0.16451495885849,0.3563535213470459,-0.03233615681529045,-1.7415002584457397,-0.5544992089271545,-2.1827003955841064,-0.8508298993110657,0.70661461353302,2.068646192550659,0.12400978058576584,0.14478930830955505
207,-0.6220407485961914,12.593714714050293,-8.858011245727539,-43.36484909057617,3.1716346740722656,9.930267333984375,-8.951553344726562,7.243588447570801,-4.752803802490234,-7.817410945892334,-0.6703414916992188,0.019428789615631104,2.344818353652954,-0.00461861677467823,0.04134859889745712,-0.6460210680961609,-1.660058617591858,-2.2094969749450684,-1.5991966724395752,-0.22147226333618164,0.4516526162624359,-1.9172658920288086,-2.3460826873779297,0.08843161165714264
208,-3.794610023498535,4.454805374145508,-2.5030345916748047,-41.37337112426758,11.233784675598145,10.59360122680664,-4.171084403991699,11.189510345458984,-7.731363296508789,5.5162811279296875,0.2611682415008545,0.05695830285549164,2.2716543674468994,-0.2167096734046936,0.2702292501926422,-0.5922783613204956,-1.8191537857055664,-0.2047378420829773,-1.6400209665298462,0.005990464240312576,0.16204975545406342,-1.7014226913452148,-1.4420067071914673,-0.11341847479343414
209,-5.2891998291015625,13.344265937805176,-4.037862300872803,-20.768857955932617,20.0,4.87486457824707,0.6176233291625977,-2.137425661087036,1.1315841674804688,2.8428897857666016,0.16352009773254395,-0.021231412887573242,2.043313980102539,-0.4163881540298462,0.21712374687194824,-0.5492956042289734,-1.6755379438400269,-0.7387082576751709,-1.4733798503875732,-0.22740231454372406,0.3506564497947693,-2.5482113361358643,-0.3820486068725586,-0.4326779842376709
210,-13.640734672546387,1.2552227973937988,-1.171750783920288,-14.350186347961426,20.0,2.5778794288635254,12.50738525390625,2.6575722694396973,-1.4270455837249756,2.5789241790771484,-0.040512681007385254,-0.002994537353515625,1.775476336479187,-0.21795772016048431,0.23705634474754333,0.1789354681968689,-1.328078269958496,-0.9330065250396729,-0.11696791648864746,0.13613009452819824,0.3633359372615814,-5.325343608856201,-0.8767563700675964,-1.293129563331604
211,-26.826513290405273,1.0174696445465088,10.297317504882812,-2.9580726623535156,20.0,0.3292480707168579,28.258575439453125,-10.04283332824707,13.513129234313965,-34.691104888916016,-13.225641250610352,4.226478099822998,-0.4138818085193634,-0.03229561448097229,0.2708325982093811,4.694586753845215,2.3369245529174805,-0.9060593843460083,1.0908007621765137,0.12489937245845795,0.2381461262702942,1.2111889123916626,-2.9874930381774902,-5.034285068511963
212,-49.809425354003906,-11.860754013061523,10.495729446411133,-0.3277740478515625,-0.7904748916625977,-0.08097219467163086,59.245208740234375,-30.9112606048584,29.757753372192383,-105.8563232421875,8.280866622924805,2.8548080921173096,-3.498831033706665,0.11127300560474396,0.7063970565795898,10.379261016845703,2.335552453994751,-0.8442951440811157,1.43442702293396,0.11948683857917786,0.019123107194900513,0.9930251836776733,-2.4321327209472656,-0.07202744483947754
213,-40.25658416748047,-1.4437772035598755,1.4653115272521973,-16.545005798339844,-1.018179178237915,0.05559098720550537,37.717960357666016,-25.206430435180664,38.53093719482422,-83.71125793457031,11.639763832092285,5.576597213745117,-4.3708319664001465,-0.10518579185009003,0.695218026638031,7.128503799438477,2.1952762603759766,-0.8286967277526855,1.8557605743408203,0.061266183853149414,-0.11508870124816895,-0.14481975138187408,-1.9480924606323242,-0.06436458975076675
214,-22.910802841186523,-6.259851455688477,3.100083351135254,-13.937067985534668,-0.9132155179977417,0.13018584251403809,19.410873413085938,-10.286036491394043,21.398265838623047,-78.29647827148438,16.821258544921875,7.750522136688232,-4.449098587036133,-0.34138044714927673,0.3808448612689972,2.492662191390991,1.099441647529602,0.2869427800178528,2.388251781463623,0.38972988724708557,-0.33228209614753723,-1.3701566457748413,-1.2876613140106201,-0.26258593797683716
215,-2.547954559326172,-1.2805578708648682,0.5718294382095337,-3.95059871673584,-0.49756085872650146,0.0287017822265625,-0.712458610534668,-20.716510772705078,17.571842193603516,-68.92667388916016,20.0,12.679134368896484,-3.6519904136657715,-0.5520453453063965,0.1270403414964676,-1.020590901374817,-0.2245214879512787,1.0842710733413696,2.969021797180176,0.6107687950134277,-0.33311665058135986,-2.4192161560058594,-0.7668054103851318,-0.5340003967285156
216,7.963739395141602,3.776812791824341,-1.611080288887024,1.2246265411376953,-0.18775033950805664,-0.0629262924194336,-9.492266654968262,-19.68478012084961,7.141339302062988,-45.5615348815918,20.0,10.845357894897461,-2.264981985092163,-0.3755248188972473,-0.06705550104379654,-3.816783905029297,-1.2248622179031372,1.369128704071045,3.3375627994537354,0.7081836462020874,-0.29022565484046936,-2.7320075035095215,-0.7407594919204712,1.319871187210083
217,25.773454666137695,5.997461318969727,-4.351710319519043,6.661930084228516,0.2674856185913086,-0.031301021575927734,-25.32040786743164,-13.692059516906738,-1.0026606321334839,-15.742466926574707,20.0,4.8245344161987305,-0.3782377541065216,-0.4165813624858856,-0.3562714755535126,-6.121194362640381,-0.9966417551040649,2.0982582569122314,2.3837716579437256,0.41473233699798584,-0.2928555905818939,-0.87022864818573,0.1719946563243866,3.4165499210357666
218,46.00933837890625,15.452597618103027,-11.900079727172852,10.78799819946289,0.2670555114746094,-0.012217521667480469,-43.77967071533203,-6.113690376281738,-3.1213808059692383,-9.739895820617676,19.047157287597656,3.9668078422546387,2.3971872329711914,0.27262139320373535,-1.1706936359405518,-9.565680503845215,-2.1922261714935303,2.7620182037353516,-0.5182753801345825,-0.015766946598887444,-1.1417063474655151,3.881138563156128,4.4512128829956055,2.7351388931274414
219,41.36839294433594,19.51873207092285,-17.39777374267578,-19.17399787902832,-15.554519653320312,9.832338333129883,-40.373661041259766,-7.266140937805176,2.731614351272583,-3.455066680908203,-0.8340606689453125,-0.2740511894226074,2.4742040634155273,1.1988455057144165,0.17930081486701965,-1.9560041427612305,6.7732391357421875,-1.6445562839508057,-3.058861255645752,-0.37121427059173584,-0.3671921491622925,9.22120189666748,3.5305802822113037,2.3505117893218994
220,26.54380226135254,18.162670135498047,-19.348360061645508,-51.94368362426758,-1.5738263130187988,15.57815933227539,-29.786134719848633,-0.7424688339233398,-0.535122275352478,-16.58487892150879,-1.3804746866226196,-0.31068816781044006,2.132669448852539,0.07365769892930984,-0.042201921343803406,0.06109143793582916,-2.3194408416748047,1.0407123565673828,-3.4056155681610107,-0.7816426753997803,-0.0723533034324646,6.28117561340332,-0.1938820332288742,0.22664862871170044
221,6.736316680908203,15.315807342529297,-13.191335678100586,-46.2532958984375,4.689029693603516,8.017542839050293,-12.12197494506836,2.502187490463257,-0.9332510232925415,-16.251630783081055,-0.6128836870193481,-0.033857643604278564,2.332301378250122,0.28647708892822266,-0.0918724313378334,-0.5196148157119751,-1.7633463144302368,-0.17173030972480774,-2.8991940021514893,-0.09581666439771652,0.5157303214073181,0.2858736515045166,-0.34023576974868774,0.3422885537147522
222,-2.4736251831054688,6.752363204956055,-9.073981285095215,-48.94007110595703,4.7635064125061035,6.189756870269775,-2.625624656677246,5.073848724365234,-2.5882606506347656,-0.5399446487426758,-0.29491639137268066,-0.028937339782714844,2.7119035720825195,0.028246186673641205,0.10536953806877136,-1.0867228507995605,-1.5074710845947266,-0.06920383870601654,-2.2768051624298096,-0.025783609598875046,0.9298917651176453,-1.5800284147262573,-1.919960379600525,0.2527206242084503
223,-23.917572021484375,3.9971914291381836,-4.870678901672363,-38.84911346435547,5.554028511047363,5.537095069885254,13.87497615814209,2.566587448120117,-2.092118740081787,3.3150205612182617,0.24607348442077637,-0.04269123077392578,2.7183890342712402,-0.0555916465818882,0.16150809824466705,-1.3398405313491821,-1.463562250137329,-0.15459702908992767,-1.2104167938232422,-0.0975959450006485,0.7581741809844971,-3.5253732204437256,-1.560165286064148,-0.5179810523986816
224,-8.728732109069824,1.3044350147247314,1.2517035007476807,-16.535037994384766,17.78761863708496,1.3038384914398193,1.3379359245300293,5.2346625328063965,-4.950157165527344,4.799812316894531,0.10308837890625,0.1071624755859375,2.2066805362701416,-0.13685771822929382,0.22672975063323975,-1.029166340827942,-1.4416967630386353,-0.4000886380672455,-1.2137212753295898,-0.24353544414043427,0.16144639253616333,-4.260975360870361,-1.0908905267715454,-0.4746323525905609
225,-5.165780067443848,-0.9788786172866821,1.232891321182251,-9.882381439208984,20.0,1.6809883117675781,4.7513108253479,6.396180152893066,-3.4999592304229736,8.93541145324707,0.254774272441864,0.01472926139831543,1.8372267484664917,-0.35478949546813965,0.13949918746948242,-0.32258665561676025,-1.3307876586914062,-0.7477363348007202,-0.9898180961608887,-0.2638241648674011,0.08502721786499023,-3.282832145690918,-0.26883599162101746,-1.4582911729812622
226,-11.898419380187988,-1.1771838665008545,6.637669563293457,4.390941619873047,20.0,-0.9281641244888306,22.575437545776367,-9.871649742126465,7.355099678039551,3.4298572540283203,0.24805498123168945,0.07080078125,-0.4284004867076874,-0.5978295803070068,0.14629527926445007,4.427361488342285,1.6957772970199585,-0.4662742614746094,0.6566795706748962,-0.69132399559021,0.9818757772445679,-6.199065208435059,1.0117250680923462,-0.7684284448623657
227,-52.624717712402344,-4.818397045135498,3.591884136199951,-2.47491455078125,-0.5272555351257324,-0.05750393867492676,64.60746002197266,-23.78833770751953,34.44557571411133,-78.75511932373047,12.568857192993164,20.0,-3.479189395904541,0.863752007484436,0.466897189617157,11.254355430603027,2.9123852252960205,-1.0245189666748047,0.8845767378807068,2.1602232456207275,1.186902403831482,1.813767910003662,-2.567728042602539,0.26891279220581055
228,-45.66311264038086,-6.709754467010498,5.6807661056518555,-18.097766876220703,-1.418302059173584,0.03351473808288574,51.09447479248047,-26.10251808166504,36.1628303527832,-79.08467102050781,14.221282958984375,4.665360927581787,-4.483901500701904,-0.1672937273979187,0.4694070816040039,7.806241035461426,0.6052783131599426,-0.8896867632865906,1.4710136651992798,0.06358970701694489,-0.006471693515777588,0.717100977897644,-2.308758497238159,-0.08014124631881714
229,-15.71674919128418,2.7479019165039062,-1.9134767055511475,-17.51203155517578,-0.717715859413147,0.14275085926055908,14.154446601867676,-19.604345321655273,19.939855575561523,-65.9763412475586,13.648910522460938,5.525280952453613,-3.944254159927368,0.014822260476648808,-0.07246788591146469,1.514837384223938,0.37844014167785645,-0.4413171410560608,2.1516175270080566,0.2859291434288025,-0.2816143333911896,-0.4667077958583832,-1.8327230215072632,0.011121124029159546
230,2.2736339569091797,4.713607311248779,-3.415001630783081,-2.866365432739258,-0.37298154830932617,0.1010795533657074,-4.202917098999023,-24.372753143310547,20.73740005493164,-61.19023132324219,19.286697387695312,8.142155647277832,-2.979917526245117,-0.0018014833331108093,-0.6334071755409241,-2.0391488075256348,-0.7776514291763306,-0.1443292796611786,2.6148698329925537,0.41477224230766296,-0.33432215452194214,-1.354506015777588,-1.4275732040405273,-0.2833635210990906
231,11.208578109741211,-3.7982735633850098,2.6751415729522705,5.3864850997924805,0.09013605117797852,0.0852973461151123,-11.67110824584961,-12.123224258422852,-0.7766200304031372,-42.18080139160156,20.0,10.335474014282227,-1.717254638671875,0.07396591454744339,-0.6076570749282837,-3.541104555130005,-0.9016231894493103,1.6288844347000122,3.014759063720703,0.7514512538909912,-0.36218005418777466,-1.8931366205215454,-1.1585596799850464,-0.5853461623191833
232,23.6175594329834,7.933141231536865,-5.125220775604248,5.512359619140625,0.0832376480102539,-0.09974932670593262,-25.8209228515625,-14.965227127075195,-3.3424794673919678,-15.987100601196289,20.0,5.521367073059082,-0.24291186034679413,0.115613654255867,-1.12088143825531,-5.950416088104248,-1.7647043466567993,1.2403771877288818,1.644487977027893,0.27866730093955994,-0.6038325428962708,0.34432125091552734,-0.06258052587509155,1.6162500381469727
233,48.91705322265625,7.3198699951171875,-3.803083896636963,14.772167205810547,0.7030450105667114,0.006611347198486328,-43.51213073730469,-0.5406411290168762,-4.867934226989746,-12.754693984985352,13.353656768798828,3.530215263366699,2.578291177749634,0.4588170647621155,-0.677370011806488,-8.14488697052002,-0.7412125468254089,2.764148235321045,-0.3907260298728943,-0.1296376734972,-0.8674302697181702,4.206718921661377,2.882847785949707,1.9497168064117432
234,34.451751708984375,12.752920150756836,-10.649312019348145,-38.044586181640625,-15.551584243774414,11.18328857421875,-37.59387969970703,6.988973140716553,-6.026817321777344,-2.679973602294922,-0.6110110282897949,-0.1359095573425293,1.9356749057769775,-0.10551144182682037,-0.7488355040550232,0.06705975532531738,-1.9617831707000732,-4.8734130859375,-2.866136312484741,-0.36357417702674866,-0.7723520398139954,8.859200477600098,2.6896262168884277,1.2774344682693481
235,35.074806213378906,16.32024574279785,-16.560739517211914,-51.78282165527344,7.1206536293029785,8.961664199829102,-33.86631774902344,3.2108426094055176,-0.8398439884185791,-18.242538452148438,-1.3260772228240967,-0.15911829471588135,2.3320212364196777,-0.02026079222559929,0.24099618196487427,0.037405602633953094,-2.05654239654541,-0.006534520536661148,-2.8325488567352295,0.0982438176870346,0.22422854602336884,4.545365810394287,-0.17685730755329132,0.79277104139328
236,-5.745965003967285,28.816246032714844,-20.174362182617188,-58.524627685546875,5.112906455993652,6.551575660705566,-3.4415416717529297,-13.499442100524902,7.9104533195495605,-10.80337905883789,-0.5837733745574951,-0.18128198385238647,2.8879053592681885,-0.06691946089267731,0.5701180696487427,-0.9214776754379272,-1.760276436805725,0.03633001819252968,-1.9090797901153564,-0.2631849944591522,1.1539933681488037,-0.3845299184322357,-1.9361242055892944,0.25288230180740356
237,5.726737976074219,2.573030471801758,-10.98699951171875,-41.23427200317383,10.732524871826172,5.107547283172607,-11.264076232910156,14.417144775390625,-10.47940731048584,-1.1515188217163086,-0.017314910888671875,0.06778684258460999,2.9136502742767334,0.05460960417985916,0.29954782128334045,-1.0689738988876343,-1.5152630805969238,-0.08904039859771729,-1.5249814987182617,0.31992313265800476,0.11648382246494293,-2.5290367603302,-1.1549640893936157,-0.04424094781279564
238,-19.730628967285156,3.8700764179229736,-5.83932638168335,-36.02686309814453,15.620756149291992,3.1078178882598877,5.666616916656494,0.30060023069381714,0.28131723403930664,6.238465309143066,0.026851177215576172,-0.0378413200378418,2.425827980041504,-0.46029070019721985,0.43905019760131836,-1.2507858276367188,-1.3896820545196533,-0.09963589906692505,-1.6821954250335693,-0.11948774009943008,0.5484229326248169,-2.5024187564849854,-2.1202900409698486,-0.6169893741607666
239,-1.2827234268188477,7.1083269119262695,-3.608224630355835,-5.523150444030762,20.0,1.318537950515747,4.534958362579346,-0.1448245644569397,-0.9530253410339355,2.5577735900878906,0.3092079162597656,0.08574843406677246,1.9857817888259888,-0.382600337266922,0.2851898670196533,-0.0846162959933281,-0.9261590242385864,-0.5869808793067932,-0.8228413462638855,-0.13923902809619904,0.2373010665178299,-4.146996021270752,-0.34074604511260986,-0.30120933055877686
240,-21.736644744873047,-0.2649059295654297,0.45597976446151733,-6.117478370666504,17.491504669189453,-0.9715409874916077,25.910221099853516,-8.096611976623535,5.718516826629639,5.953611373901367,0.16711553931236267,-0.04017430543899536,0.2231394350528717,-0.6800642013549805,-0.0639544427394867,3.3276805877685547,1.2383743524551392,-0.24597829580307007,0.9085641503334045,-0.7132531404495239,0.4680289328098297,-4.261440753936768,4.195492744445801,-2.152050018310547
241,-45.719451904296875,0.5137782096862793,0.4671337604522705,-5.042184829711914,-0.36493492126464844,-0.062230825424194336,44.524208068847656,-22.782390594482422,23.92500114440918,-69.29595947265625,10.830999374389648,16.851411819458008,-2.0584805011749268,0.8271760940551758,0.30614277720451355,6.709447860717773,3.4983773231506348,-1.3628004789352417,1.6660900115966797,1.094617486000061,0.10763910412788391,0.6536744832992554,-3.093665838241577,-4.778495788574219
242,-32.82008361816406,-2.6095197200775146,2.9664812088012695,-6.718898773193359,-1.1508078575134277,0.08536410331726074,34.31208801269531,-34.51626205444336,37.79877471923828,-78.36260986328125,9.491497039794922,4.150668144226074,-3.493319511413574,0.05854106321930885,-0.07675313204526901,7.020450115203857,0.4403071701526642,-1.1182812452316284,1.5998694896697998,0.0019937194883823395,-0.17764124274253845,0.6543112397193909,-2.3952667713165283,-0.14169535040855408
243,-27.126012802124023,-4.390179634094238,5.325047492980957,-9.579402923583984,-0.5603893995285034,0.06844735145568848,22.5889892578125,-27.560321807861328,31.012060165405273,-91.16539764404297,14.198473930358887,7.536477088928223,-4.240345001220703,0.11295730620622635,0.6981011033058167,4.4056291580200195,0.806244969367981,-0.20746111869812012,1.9040992259979248,-0.010245725512504578,-0.25366246700286865,-0.4997457265853882,-1.720829963684082,0.21991166472434998
244,-7.388496398925781,1.7014470100402832,-3.29219651222229,-9.73930835723877,-0.48055803775787354,0.1014452874660492,8.449922561645508,-17.90599822998047,19.228492736816406,-61.053070068359375,16.732620239257812,8.168933868408203,-3.0371451377868652,0.20842091739177704,-0.08580899238586426,-0.3309265375137329,0.5870499610900879,0.09546075761318207,2.7814934253692627,0.4594729542732239,-0.35473230481147766,-1.6336761713027954,-1.203995943069458,-0.2726975381374359
245,-1.2009649276733398,-0.414927214384079,0.5957580804824829,0.03523826599121094,-0.4825918674468994,0.043013811111450195,-5.546469688415527,-15.947554588317871,9.504231452941895,-40.670677185058594,20.0,10.473942756652832,-2.905945301055908,-0.05216019228100777,-0.41107282042503357,-2.2466626167297363,-1.7690389156341553,1.0426403284072876,2.697749137878418,0.48482781648635864,-0.46178382635116577,-1.9640393257141113,-1.0774192810058594,0.00810578465461731
246,23.76631736755371,8.589799880981445,-6.545321464538574,0.21783447265625,0.12475705146789551,0.03498959541320801,-22.44469451904297,-13.353011131286621,-1.1803940534591675,-17.446260452270508,20.0,5.156490325927734,-0.5112974643707275,0.037351448088884354,-1.0290331840515137,-6.853153705596924,-1.8357740640640259,1.7149477005004883,2.2742063999176025,0.4529385566711426,-0.3427921533584595,-0.8529226779937744,-0.5440037846565247,2.288475275039673
247,47.0232048034668,12.197128295898438,-8.095858573913574,11.049819946289062,0.4431118965148926,-0.03726625442504883,-45.63331604003906,2.314934253692627,-6.344256401062012,-2.806079864501953,10.08714485168457,2.549166679382324,2.2774620056152344,0.41785863041877747,-1.3142591714859009,-10.83370590209961,-1.5257670879364014,2.099548101425171,-0.9491156935691833,-0.05753687396645546,-0.8586850166320801,4.445252895355225,3.638791799545288,2.006117105484009
248,54.472900390625,20.1915340423584,-21.1545352935791,-33.83845901489258,-16.5457706451416,9.097921371459961,-51.878448486328125,-3.3955464363098145,0.41639918088912964,-7.859912872314453,-0.8795151710510254,-0.18435096740722656,1.3174759149551392,-0.5847930908203125,-0.09083142876625061,1.1104247570037842,0.4895162582397461,-1.5136994123458862,-3.114443778991699,-0.6509915590286255,0.21553707122802734,7.942591667175293,3.5028626918792725,2.023393154144287
249,-3.6171979904174805,23.01894760131836,-21.4437255859375,-69.24173736572266,2.1430561542510986,7.180904388427734,-7.833441734313965,-0.5224616527557373,0.21041452884674072,-9.594879150390625,-1.1175633668899536,-0.28764617443084717,2.1709070205688477,0.10034175217151642,0.1223883405327797,-0.274706095457077,-1.964342713356018,0.0234975628554821,-2.851954936981201,-0.3362376093864441,0.31379246711730957,4.894736289978027,-0.7987638711929321,-0.08738452196121216
250,9.945368766784668,4.4005126953125,-5.3687615394592285,-53.698097229003906,8.723775863647461,6.410008907318115,-14.674396514892578,13.117910385131836,-8.351273536682129,-10.906753540039062,-0.3802849054336548,0.06660875678062439,2.5235917568206787,-0.062840037047863,0.16430799663066864,-1.0096129179000854,-1.4265190362930298,-0.04579390212893486,-2.3836023807525635,0.17934922873973846,0.1942378431558609,0.7806099057197571,-0.5882725715637207,-0.15117263793945312
251,-8.751533508300781,14.253055572509766,-9.494630813598633,-34.5172119140625,10.372535705566406,5.879168510437012,-0.09116554260253906,-5.250494956970215,2.7536349296569824,-3.473957061767578,-0.14205187559127808,0.018292486667633057,2.3763697147369385,-0.19506582617759705,0.26425814628601074,-1.258232831954956,-1.2952051162719727,-0.22385402023792267,-2.0572500228881836,-0.15621820092201233,0.4681287705898285,-1.923423171043396,-0.3514308035373688,0.43800824880599976
252,1.435959815979004,1.3500547409057617,-1.8040307760238647,-27.051116943359375,15.970995903015137,3.881554126739502,-4.760599136352539,8.80703067779541,-7.583789348602295,2.620349884033203,-0.17119288444519043,0.0034717321395874023,2.473520278930664,-0.18866901099681854,0.46614179015159607,-1.2859749794006348,-1.2563542127609253,-0.35090646147727966,-1.8108474016189575,-0.09551478177309036,-0.2632049024105072,-2.7354626655578613,-1.0501209497451782,-0.5051740407943726
253,-17.773574829101562,-1.8757669925689697,2.722444772720337,-19.477336883544922,19.27670669555664,3.9712605476379395,11.17923355102539,5.668267726898193,-0.949589729309082,7.528493881225586,0.2122504711151123,0.027047812938690186,2.1014151573181152,-0.6970398426055908,0.41697531938552856,-1.1650424003601074,-1.3076452016830444,-0.4157279431819916,-1.5832735300064087,0.061481356620788574,0.5881979465484619,-2.2408435344696045,-1.2388426065444946,-0.40300336480140686
254,-16.011165618896484,6.538041591644287,-4.109536647796631,-10.646286010742188,20.0,-2.083282232284546,17.347652435302734,-1.0536216497421265,-0.24478891491889954,2.388326644897461,0.17815518379211426,0.006324291229248047,1.1539121866226196,-0.27464407682418823,0.17293068766593933,0.8241784572601318,-0.3985251188278198,-0.4208470582962036,0.1334087997674942,0.2744975984096527,0.0007307759369723499,-5.63624906539917,-0.6963867545127869,-1.2081412076950073
255,-32.386112213134766,4.5900092124938965,6.994681358337402,-5.097925186157227,14.834121704101562,-3.007567882537842,37.354366302490234,-14.262160301208496,12.198214530944824,-11.713668823242188,-12.711653709411621,5.333512306213379,-1.7053356170654297,-0.45635074377059937,0.008879043161869049,6.060145378112793,3.5484302043914795,-0.16823075711727142,1.6005903482437134,-1.0217342376708984,-0.3736989200115204,-1.9669699668884277,10.451626777648926,-3.6442439556121826
256,-33.3165283203125,-2.7160744667053223,3.5978035926818848,-2.1631622314453125,-0.8899736404418945,-0.13023829460144043,44.59748077392578,-27.246726989746094,28.511043548583984,-83.56523895263672,4.403383255004883,-3.147524833679199,-3.2617592811584473,0.55241858959198,0.48783618211746216,9.645751953125,2.0098798274993896,-1.5642143487930298,1.1808035373687744,-0.03469318896532059,-0.0968932956457138,1.454921841621399,-2.9192543029785156,0.25056684017181396
257,-27.48662757873535,-6.082788467407227,4.741316318511963,-12.441226959228516,-0.9112561941146851,0.10959947109222412,28.571638107299805,-24.813339233398438,31.027944564819336,-89.57312774658203,6.7881999015808105,7.21116828918457,-3.4925670623779297,0.5633043646812439,0.8745914101600647,6.803053855895996,0.8245113492012024,-0.8053680658340454,1.7924739122390747,0.12081167846918106,-0.2500736117362976,0.17286987602710724,-2.0902485847473145,-0.141902893781662
258,-19.145910263061523,-3.9616150856018066,0.4962040185928345,-15.204695701599121,-0.6132445335388184,0.11287128925323486,18.382022857666016,-18.615985870361328,22.094802856445312,-67.50064086914062,13.404877662658691,7.035565376281738,-3.0917325019836426,-0.09435689449310303,0.09546063095331192,1.269641399383545,1.5407204627990723,-0.6428597569465637,2.436814546585083,0.2568412721157074,-0.2966492772102356,-0.9479957222938538,-1.5858083963394165,-0.004179224371910095
259,2.145575523376465,3.0848464965820312,-3.6104178428649902,-3.553060531616211,-0.5647286176681519,0.14993816614151,-12.189327239990234,-22.830787658691406,16.395837783813477,-57.605342864990234,17.25270652770996,9.678288459777832,-2.639573335647583,-0.22062808275222778,-0.641038715839386,-2.0491440296173096,-0.4752914309501648,-0.04070805385708809,2.355194568634033,0.5484492182731628,-0.21849137544631958,-1.6981509923934937,-1.1104635000228882,-0.2663211226463318
260,11.547393798828125,3.4420413970947266,-0.9064054489135742,4.973570823669434,-0.0938115119934082,0.06173563003540039,-3.577617645263672,-24.416627883911133,11.600839614868164,-36.535858154296875,20.0,8.688884735107422,-0.7335929870605469,-0.3080492913722992,-0.49820953607559204,-3.937441349029541,-2.227997064590454,1.0768070220947266,3.080988883972168,0.3489576280117035,-0.0693773478269577,-1.7380144596099854,-1.322677731513977,1.558837652206421
261,17.774625778198242,6.1241559982299805,-3.530629873275757,8.813713073730469,0.3657186031341553,-0.053818464279174805,-26.460371017456055,-17.196308135986328,6.4271650314331055,-25.381057739257812,20.0,4.660172939300537,-0.024083472788333893,-0.010486320592463017,-0.5724298357963562,-4.530828952789307,-2.0448286533355713,1.2140893936157227,2.3785486221313477,0.27714523673057556,-0.06001819670200348,-1.0878996849060059,-1.2070502042770386,2.7136247158050537
262,30.095903396606445,10.631441116333008,-6.912459850311279,6.453125,0.4098951816558838,0.015223979949951172,-26.991674423217773,2.7190604209899902,-8.00977897644043,-3.7621450424194336,20.0,4.653031826019287,1.7229835987091064,0.7549411654472351,-0.9753175377845764,-7.234406471252441,-1.646213412284851,1.991111397743225,-0.06639944016933441,0.0710182934999466,-0.9053406119346619,3.0477099418640137,2.343426465988159,1.8631696701049805
263,47.42193603515625,6.256060600280762,-18.40512466430664,-30.112079620361328,-20.0,10.829309463500977,-51.15662384033203,6.044447422027588,-7.0907158851623535,-3.9204254150390625,-0.43903255462646484,-0.06604719161987305,2.9874095916748047,0.32840996980667114,-0.3776407539844513,-2.53306245803833,7.711493968963623,-3.267434597015381,-3.08447003364563,-0.16722121834754944,-0.910531759262085,9.125563621520996,4.13606071472168,2.1296966075897217
264,25.001060485839844,16.39362144470215,-15.766599655151367,-52.61310577392578,5.8468852043151855,7.367007255554199,-26.222482681274414,-1.674309253692627,1.9033478498458862,-14.09591293334961,-1.2907397747039795,-0.33367669582366943,1.9279131889343262,-0.09599968045949936,0.2635032534599304,0.01994371972978115,-1.916459321975708,0.025294117629528046,-3.4938650131225586,-0.2758370637893677,0.3314729332923889,6.868281364440918,0.9839208722114563,0.14815127849578857
265,3.9578323364257812,8.070075035095215,-11.527042388916016,-46.886558532714844,6.372593402862549,9.616438865661621,-7.174541473388672,1.3359522819519043,-0.3650546073913574,-14.425283432006836,-0.6978871822357178,-0.036328017711639404,2.548369884490967,-0.27532386779785156,0.3896007537841797,-0.7682161331176758,-1.5758999586105347,-0.13369664549827576,-2.4314961433410645,-0.08572659641504288,0.956993043422699,1.8372458219528198,-0.31398555636405945,0.15578696131706238
266,8.353474617004395,13.953911781311035,-10.97261905670166,-34.808692932128906,12.740015029907227,5.013617038726807,-15.104726791381836,2.499079942703247,-4.089383125305176,-10.608067512512207,-0.7149844169616699,-0.010628819465637207,2.594965696334839,-0.14592008292675018,0.22251036763191223,-1.074294924736023,-1.401445746421814,-0.16653385758399963,-2.0049240589141846,0.13772548735141754,0.3699926435947418,-3.026907205581665,-1.8783196210861206,-0.6259704828262329
267,-22.803659439086914,14.184209823608398,-5.834036350250244,-29.83934783935547,17.426530838012695,3.2572131156921387,12.702484130859375,-6.246753215789795,3.97373366355896,6.269898414611816,0.21567416191101074,0.009427189826965332,2.356085777282715,-0.4013743996620178,0.3484348654747009,-1.2254990339279175,-1.430005669593811,-0.19367030262947083,-1.4361516237258911,-0.321921169757843,0.8103932738304138,-4.015870571136475,-1.8181462287902832,-0.6835439801216125
268,-6.172281265258789,7.634111404418945,-6.74678373336792,-28.461484909057617,20.0,1.0284215211868286,-0.09774971008300781,7.3426737785339355,-6.351518630981445,9.369490623474121,0.19530701637268066,0.10619640350341797,2.2966318130493164,-0.30828291177749634,0.3937267065048218,-1.0502957105636597,-1.4333001375198364,-0.24444955587387085,-1.2538717985153198,-0.2667759358882904,0.01692352257668972,-3.220219612121582,-1.7254501581192017,-1.182987928390503
269,-9.3570556640625,5.058545112609863,1.6775157451629639,-7.183509349822998,20.0,-3.8195269107818604,18.144418716430664,-5.975883483886719,5.0380330085754395,3.8891029357910156,0.3333777189254761,0.04959869384765625,1.0883207321166992,-0.44156599044799805,0.3912283778190613,1.9753049612045288,0.7089788317680359,-0.09184003621339798,0.6310782432556152,-0.3729265332221985,0.7537208199501038,-6.256155490875244,-0.32451197504997253,-0.8934931755065918
270,-42.31640625,4.4597086906433105,0.4236207902431488,-7.590297698974609,11.467386245727539,-1.5595977306365967,41.559669494628906,-9.141181945800781,13.4483642578125,-17.292163848876953,-10.317451477050781,3.204761505126953,-1.9509743452072144,-0.03946028649806976,0.24393635988235474,6.892263412475586,4.654831409454346,-0.165648952126503,1.4492632150650024,-0.34255433082580566,-0.39100804924964905,1.047956943511963,-2.0302324295043945,-5.851589202880859
271,-48.69856262207031,-8.825592994689941,6.869657516479492,-7.682151794433594,-1.465620756149292,-0.11145997047424316,58.59788131713867,-28.638933181762695,33.17751693725586,-79.05015563964844,13.524048805236816,2.3195338249206543,-4.215577602386475,-0.08135462552309036,0.2116963416337967,8.963142395019531,1.0255380868911743,-1.0199291706085205,1.4196820259094238,0.057009872049093246,-0.07824350148439407,1.0897537469863892,-2.5532798767089844,-0.01365116611123085
272,-34.676422119140625,0.811063289642334,1.7433404922485352,-16.08936309814453,-0.8313651084899902,0.06595861911773682,35.15504455566406,-29.014888763427734,31.78339195251465,-79.97734069824219,11.87857723236084,6.608463287353516,-4.728890895843506,0.37909436225891113,0.6612453460693359,4.823359489440918,1.0426794290542603,-0.7683878540992737,2.092646598815918,0.14907318353652954,-0.30304986238479614,-0.13510622084140778,-2.0144875049591064,0.06904193758964539
273,-13.801025390625,-0.4741731882095337,-1.1993651390075684,-8.925997734069824,-0.5592978000640869,0.1297658085823059,14.692878723144531,-17.299013137817383,26.097930908203125,-67.41829681396484,20.0,8.443094253540039,-4.295999050140381,0.24706530570983887,0.06055259332060814,0.7115639448165894,0.8169683814048767,-0.22277085483074188,2.7610325813293457,0.4211973547935486,-0.40903982520103455,-1.276599645614624,-1.4590240716934204,-0.48127317428588867
274,-2.387493133544922,-0.10945451259613037,-0.5170373916625977,-4.278938293457031,-0.5471677780151367,0.09532546997070312,3.003138542175293,-15.806079864501953,11.577668190002441,-33.29353332519531,20.0,9.046639442443848,-3.4712750911712646,-0.22207540273666382,-0.49060890078544617,-2.998197317123413,-0.6738151907920837,0.7095679044723511,3.0558578968048096,0.49432897567749023,-0.35136741399765015,-1.655612587928772,-1.2710684537887573,-0.678526759147644
275,18.335670471191406,0.9419543147087097,-0.343411922454834,6.713979721069336,0.04653787612915039,-0.003955364227294922,-23.459686279296875,-8.53083610534668,-0.11675268411636353,-32.823890686035156,20.0,7.448071479797363,-2.130964994430542,0.16618795692920685,-0.4017728865146637,-4.666879653930664,-1.348329782485962,1.7510875463485718,2.824885129928589,0.7309278249740601,-0.1383044719696045,-1.4487581253051758,-1.4645718336105347,1.7324963808059692
276,33.54916000366211,8.618502616882324,-6.029354572296143,7.265083312988281,0.2572617530822754,-0.11157584190368652,-30.521190643310547,-6.136120796203613,-5.831878662109375,-9.963521957397461,20.0,4.472893238067627,0.1673881560564041,0.27502527832984924,-0.9892451763153076,-8.032835006713867,-1.249470829963684,1.1842055320739746,0.9344267249107361,0.32869669795036316,-0.7098414301872253,2.1019904613494873,1.465496301651001,1.1873974800109863
277,57.61736297607422,12.444646835327148,-14.219949722290039,-26.45081329345703,-16.82592010498047,7.513713836669922,-58.428428649902344,2.445486545562744,-7.68646764755249,-7.203559875488281,4.450201988220215,1.4434421062469482,2.5178425312042236,0.589625895023346,-0.301743745803833,-2.08729887008667,8.295031547546387,0.8499258756637573,-2.159087896347046,-0.233764186501503,-1.1546269655227661,6.506689071655273,5.998071670532227,1.925851821899414
278,29.202234268188477,29.64012336730957,-22.42005157470703,-67.15591430664062,3.000180959701538,6.863165855407715,-27.636688232421875,-8.881706237792969,4.898715019226074,-6.497570037841797,-1.517934799194336,-0.3173363208770752,2.356863498687744,-0.029989441856741905,0.45042261481285095,0.20980361104011536,-2.310516357421875,0.066983662545681,-3.196289300918579,-1.1898472309112549,0.11733577400445938,7.162522792816162,0.6461192965507507,0.12383240461349487
279,14.472909927368164,21.78203582763672,-18.778038024902344,-64.10608673095703,3.7455952167510986,8.144402503967285,-16.41452980041504,5.65157413482666,-2.5773792266845703,-13.972701072692871,-0.6303863525390625,0.039943695068359375,3.0405454635620117,0.05661763250827789,0.3643178641796112,-0.7245470285415649,-1.9003525972366333,-0.1320047527551651,-2.4775445461273193,-0.12695996463298798,0.9121347069740295,2.0283374786376953,0.5144646763801575,1.1879971027374268
280,14.090394973754883,12.093072891235352,-14.457598686218262,-49.13618469238281,8.181670188903809,7.928676128387451,-20.164573669433594,6.199160099029541,-5.299387454986572,-4.202576160430908,-0.5118780136108398,-0.06413912773132324,3.0024943351745605,-0.21458961069583893,0.315839558839798,-1.1342501640319824,-1.5665243864059448,-0.0381813570857048,-2.9729361534118652,-0.05555136501789093,0.7501833438873291,0.5215199589729309,-0.34702613949775696,1.0603907108306885
281,-11.864126205444336,20.577991485595703,-18.599637985229492,-46.504608154296875,11.464659690856934,5.388869285583496,4.865263938903809,-4.987788677215576,2.3657922744750977,-1.6937856674194336,-0.19426953792572021,-0.1454787254333496,3.2814650535583496,-0.11978422105312347,0.2639673352241516,-1.6160484552383423,-1.4478312730789185,-0.11277090013027191,-1.83907949924469,-0.07358861714601517,0.8033342957496643,-2.699352741241455,-0.9499041438102722,0.3850601315498352
282,-21.808761596679688,-9.29963493347168,-3.572256088256836,-41.56163024902344,14.173606872558594,6.846674919128418,6.7635579109191895,16.121843338012695,-10.933504104614258,8.156656265258789,0.1436631679534912,0.03137350082397461,2.8246636390686035,-0.15374642610549927,0.34596437215805054,-1.6631219387054443,-1.2206077575683594,-0.4000971019268036,-1.7806025743484497,0.28142935037612915,0.027308939024806023,-2.4559438228607178,-1.2317330837249756,-0.5415145754814148
283,-10.013843536376953,-5.096433162689209,3.3618741035461426,-11.884725570678711,20.0,2.9679901599884033,6.27044153213501,5.179283142089844,-3.533743381500244,3.0969676971435547,0.17979437112808228,0.06189584732055664,2.229858160018921,-0.5551419854164124,0.3097064793109894,-1.0443700551986694,-0.7883365750312805,-0.807914137840271,-1.364240050315857,-0.010298223234713078,-0.13156582415103912,-3.6327507495880127,-0.2296358346939087,-0.9089084267616272
284,-19.024349212646484,7.240340709686279,1.0883514881134033,0.5029087066650391,20.0,-3.5513393878936768,30.874267578125,-16.52853012084961,12.120307922363281,1.7003974914550781,0.18085098266601562,-0.02067941427230835,0.2124830037355423,-0.42110544443130493,0.24325555562973022,3.4361913204193115,2.283015489578247,-0.1556907743215561,1.5547765493392944,-0.4491042494773865,0.787969708442688,-9.002608299255371,0.964377224445343,-0.3162720203399658
285,-52.93794250488281,6.427072525024414,-0.897732138633728,-2.4147415161132812,-0.5219058990478516,-0.08918929100036621,60.256797790527344,-28.073223114013672,31.258468627929688,-63.556758880615234,8.031834602355957,19.45107078552246,-3.155170440673828,1.1117585897445679,0.5253103971481323,10.401456832885742,3.9236972332000732,-1.4979850053787231,1.827686071395874,0.2529284954071045,-0.5432506203651428,0.4392941892147064,-2.254707098007202,-7.386843204498291
286,-25.834503173828125,-4.485062599182129,2.698930263519287,-15.55010986328125,-1.3031646013259888,0.11415982246398926,22.920013427734375,-23.30511474609375,33.71636199951172,-71.65892791748047,6.185781002044678,5.244191646575928,-3.5039784908294678,0.24679748713970184,0.26856890320777893,6.722264289855957,1.0831069946289062,-1.2738661766052246,1.3181376457214355,-0.11604182422161102,0.10015437006950378,0.9002091884613037,-2.390932559967041,-0.11204200983047485
287,-21.354318618774414,-1.9478023052215576,1.131535291671753,-13.69454288482666,-0.7274718284606934,0.15535056591033936,21.280487060546875,-18.490459442138672,22.22222328186035,-71.93437957763672,13.20142650604248,5.878966331481934,-3.4793505668640137,0.2942276895046234,-0.1133364737033844,2.160825729370117,0.8019326329231262,-0.5380598902702332,1.9019266366958618,0.19234052300453186,-0.07792520523071289,-0.3270927965641022,-1.8301951885223389,0.13639214634895325
288,-8.537416458129883,-7.521015644073486,4.750828742980957,-2.672369956970215,-0.523766279220581,0.08795583248138428,7.202959060668945,-11.975151062011719,16.657962799072266,-74.59849548339844,17.1653995513916,10.170031547546387,-3.0455098152160645,0.06757870316505432,-0.1662789136171341,-0.4856526255607605,-0.9470277428627014,0.8916155695915222,2.5649402141571045,0.41411471366882324,-0.27327293157577515,-1.5367318391799927,-1.27169668674469,-0.21549686789512634
289,5.145399570465088,-2.472398042678833,1.4373013973236084,0.640838623046875,-0.08437633514404297,-0.06984066963195801,-6.101967811584473,-15.783777236938477,5.611539840698242,-44.98775100708008,19.685285568237305,10.88526439666748,-2.0215036869049072,-0.20330138504505157,-0.3767947256565094,-3.008575677871704,-1.5168076753616333,1.0400139093399048,2.873345136642456,0.5451536178588867,-0.21303017437458038,-1.9479066133499146,-1.1419681310653687,0.6082241535186768
290,19.231098175048828,7.982111930847168,-5.420827388763428,5.848142623901367,0.20583391189575195,-0.0773894190788269,-18.962501525878906,-20.572587966918945,5.350961685180664,-21.48417854309082,20.0,4.991856098175049,-0.3851109445095062,-0.2214794009923935,-0.8170444965362549,-4.877225399017334,-1.8212127685546875,0.178385928273201,2.7511281967163086,0.1515752077102661,-0.192986398935318,-1.30264151096344,-1.3079955577850342,2.862338066101074
291,30.023283004760742,3.268587827682495,-1.4154727458953857,11.574848175048828,0.3977971076965332,0.09262704849243164,-33.70328903198242,-2.9556784629821777,-4.615644931793213,-17.481491088867188,17.285850524902344,4.3897857666015625,0.9988515973091125,0.335445761680603,-0.4130668342113495,-5.448361873626709,-2.448227882385254,2.147115468978882,1.2848145961761475,0.3287207782268524,-0.31472495198249817,0.8710839152336121,0.33540087938308716,2.140843152999878
292,46.33171081542969,9.098135948181152,-7.300814628601074,7.878875732421875,0.8154902458190918,-0.06222248077392578,-50.352149963378906,11.231416702270508,-10.248123168945312,-1.3748245239257812,1.494277000427246,0.2738003730773926,3.0680367946624756,0.6271473169326782,-0.6669653654098511,-6.281100273132324,6.890140056610107,-0.20193791389465332,-2.3142759799957275,0.25426220893859863,-1.4612114429473877,7.174043655395508,5.514095783233643,2.5886924266815186
293,38.72662353515625,20.06108283996582,-19.77435874938965,-40.18346405029297,-16.97447395324707,12.934041976928711,-35.95153045654297,-4.482575416564941,1.882739782333374,-7.51220703125,-1.5171176195144653,-0.3946041762828827,1.7688145637512207,0.007506668567657471,0.2756148874759674,0.45366430282592773,-2.5298027992248535,0.283563494682312,-3.77203631401062,-0.3940017521381378,-0.4935869872570038,9.794899940490723,-0.13075138628482819,-0.3410723805427551
294,8.321870803833008,27.847976684570312,-25.947301864624023,-52.51941680908203,3.226027011871338,7.263429164886475,-10.66143798828125,-12.893251419067383,10.46365737915039,-22.335250854492188,-0.853539228439331,-0.10192357003688812,2.416578531265259,0.0933566763997078,0.3912293612957001,-0.2946111261844635,-1.8944320678710938,0.024910690262913704,-2.20011305809021,0.002136346185579896,1.2838830947875977,1.9425655603408813,-1.1864949464797974,0.0788571909070015
295,5.357789993286133,12.138663291931152,-20.207759857177734,-49.61046600341797,4.833826065063477,8.104050636291504,-13.362823486328125,2.6449179649353027,-3.315220355987549,-4.769904613494873,-0.15495514869689941,0.0781104564666748,2.3531317710876465,-0.054829441010951996,0.12379834055900574,-0.6299036145210266,-1.5467339754104614,0.022024858742952347,-2.05428409576416,-0.17056353390216827,0.7656795978546143,-0.5779304504394531,-0.4072988033294678,1.0253517627716064
296,-19.550819396972656,9.242334365844727,-11.533866882324219,-52.39128112792969,6.255886077880859,6.167913913726807,7.029322147369385,4.136746406555176,-3.499013662338257,3.842446804046631,-0.09421849250793457,-0.12646877765655518,2.418247938156128,-0.005065435543656349,0.28599637746810913,-1.0136988162994385,-1.5079156160354614,0.01822333037853241,-1.5316648483276367,0.06290733814239502,0.6260095238685608,-1.6369819641113281,-1.942420244216919,-0.4347459077835083
297,-0.569188117980957,-3.7373857498168945,0.8973221778869629,-21.528934478759766,13.654319763183594,5.323141574859619,-3.323486328125,7.964948654174805,-6.817676544189453,0.145355224609375,0.08250761032104492,0.11306220293045044,2.419067621231079,-0.2012113332748413,0.4113200604915619,-1.0282504558563232,-1.3518831729888916,-0.4477675259113312,-1.1439322233200073,-0.12865768373012543,0.014097262173891068,-3.286310911178589,-1.221638798713684,-0.4380415976047516
298,-6.4557905197143555,-4.784370422363281,0.14092111587524414,-7.285623073577881,20.0,1.1721317768096924,6.979785442352295,0.8370347023010254,0.5065121650695801,2.795351028442383,0.09539532661437988,-0.0023974180221557617,1.5505335330963135,-0.576498806476593,0.31356653571128845,0.39295387268066406,-0.5517652034759521,-0.5041688680648804,-0.372127890586853,-0.4819659888744354,0.250522255897522,-4.974631309509277,-0.9061500430107117,-0.8715623617172241
299,-32.07969665527344,2.871340751647949,0.7181621789932251,0.7179851531982422,8.92723274230957,-1.7082364559173584,39.68278503417969,-17.51189613342285,12.666621208190918,4.651557922363281,0.310463547706604,-0.05766463279724121,-0.8776845335960388,-0.44648024439811707,-0.2643859088420868,5.9166646003723145,3.154834508895874,-0.9372851252555847,2.5272631645202637,-1.284252405166626,0.13086795806884766,-3.0167274475097656,10.550847053527832,-4.278597831726074
300,-41.240074157714844,-3.8735673427581787,3.0953948497772217,-6.393306732177734,-1.0062282085418701,0.016064882278442383,39.627685546875,-19.672832489013672,27.799001693725586,-71.88158416748047,5.603276252746582,16.735342025756836,-2.920590877532959,0.29938945174217224,-0.05198928341269493,8.733183860778809,1.1621880531311035,-1.2403539419174194,1.558417797088623,-0.260423868894577,-0.05058827996253967,1.1081805229187012,-2.932391881942749,2.6054420471191406
301,-35.82212829589844,-7.700769424438477,7.36320686340332,-13.63858413696289,-0.9737908840179443,0.038578152656555176,32.722869873046875,-27.942649841308594,33.55196762084961,-89.70275115966797,8.448805809020996,4.0784502029418945,-3.723033905029297,0.22854480147361755,0.7513409852981567,5.677456855773926,-0.31007304787635803,-0.680488646030426,1.766235113143921,0.05438609421253204,-0.11575765907764435,0.2453017681837082,-2.1210460662841797,-0.11104898154735565
302,-16.289915084838867,-0.670966625213623,-0.686245858669281,-10.47885799407959,-0.32825350761413574,0.12184129655361176,13.114819526672363,-21.82316780090332,22.107269287109375,-67.91378784179688,12.993755340576172,6.7324371337890625,-3.588411569595337,-0.04466759413480759,0.16979411244392395,1.7667334079742432,0.753393828868866,-0.061610136181116104,2.240036725997925,0.2022736370563507,-0.2239394187927246,-0.6739040017127991,-1.661713719367981,0.09747554361820221
303,0.7679910659790039,-1.0555412769317627,0.07777485251426697,-2.971745491027832,-0.5507791042327881,0.07306969165802002,-2.647219657897949,-17.8697566986084,15.006754875183105,-60.80219268798828,17.192123413085938,9.701908111572266,-2.4137625694274902,-0.24755236506462097,-0.13889914751052856,-1.5809098482131958,-2.082289218902588,0.9336932897567749,2.9545671939849854,0.34711915254592896,-0.3201408386230469,-1.6225025653839111,-1.2906105518341064,-0.26174718141555786
304,9.613907814025879,2.3149962425231934,-1.5616426467895508,4.414740562438965,0.3011578321456909,-0.031015396118164062,-20.700260162353516,-18.42884063720703,7.447803974151611,-48.371639251708984,20.0,9.454553604125977,-1.9774113893508911,-0.24636061489582062,-0.5340660810470581,-3.112081289291382,-0.812329888343811,1.3763281106948853,2.62131404876709,0.47043541073799133,-0.29270070791244507,-1.7743360996246338,-1.2365766763687134,1.5429871082305908
305,25.40879249572754,6.113279819488525,-4.785653114318848,2.527545928955078,0.025126934051513672,-0.023912429809570312,-24.98175811767578,-2.58707332611084,-6.951011657714844,-12.81260871887207,20.0,5.287379264831543,0.24807390570640564,0.17043933272361755,-1.0155179500579834,-6.848352432250977,-2.011894941329956,1.8847688436508179,1.5039656162261963,0.5744422078132629,-0.4886140525341034,0.27729716897010803,0.489246129989624,1.7294790744781494
306,49.812110900878906,10.196927070617676,-6.601679801940918,10.780891418457031,0.6563494801521301,-0.013376235961914062,-50.15489196777344,11.534650802612305,-11.081293106079102,2.0588607788085938,3.2030534744262695,0.7067103385925293,2.4187536239624023,0.8348877429962158,-0.6967881917953491,-3.173557996749878,10.865208625793457,-1.7962534427642822,-2.367541551589966,0.529683530330658,-1.5648274421691895,8.299851417541504,7.15385627746582,2.965264081954956
307,36.20573425292969,14.902202606201172,-14.632317543029785,-46.00056457519531,-18.566280364990234,9.011688232421875,-37.15380096435547,-2.744119167327881,1.7154784202575684,-10.154476165771484,-1.8912937641143799,-0.4647045135498047,1.7199147939682007,0.12882429361343384,0.16767576336860657,0.442846417427063,-2.1412744522094727,-0.6835676431655884,-3.754648208618164,-0.22623395919799805,-0.4040811359882355,10.065584182739258,0.18254582583904266,-0.31811845302581787
308,13.350091934204102,23.359169006347656,-19.70547866821289,-61.498104095458984,2.6300973892211914,8.844376564025879,-18.17276954650879,-6.43825101852417,5.375207424163818,-23.29528045654297,-0.937676727771759,-0.0327228307723999,2.4481711387634277,-0.034169185906648636,0.34415584802627563,-0.6251276135444641,-1.6765652894973755,-0.020744800567626953,-2.745366096496582,0.23052959144115448,1.0960643291473389,2.4196348190307617,-0.2754749059677124,0.3741208016872406
309,-3.4779701232910156,12.595073699951172,-13.893274307250977,-55.46253967285156,5.559149742126465,5.864962100982666,-6.0983686447143555,2.6314730644226074,-3.275191307067871,-8.033598899841309,-0.6063103675842285,0.0009434819221496582,2.6412291526794434,-0.1556241810321808,0.17164795100688934,-1.3126171827316284,-1.301100492477417,-0.021534956991672516,-1.9120572805404663,0.15003281831741333,0.6394349932670593,-1.9319825172424316,-2.4999794960021973,0.3154357671737671
310,-8.844132423400879,19.316816329956055,-7.972891807556152,-39.81181335449219,8.99605941772461,3.5692214965820312,1.1168432235717773,-2.390742778778076,-0.9288818836212158,3.005873680114746,0.15653061866760254,-0.01200936734676361,2.803142786026001,-0.08030907064676285,0.44104641675949097,-1.5640408992767334,-1.2573148012161255,-0.033491313457489014,-1.4192429780960083,0.04755179584026337,0.5097660422325134,-3.462414264678955,-1.9891974925994873,0.08996189385652542
311,-13.935879707336426,14.916984558105469,-6.592904090881348,-30.626163482666016,13.256200790405273,1.6713552474975586,5.051356792449951,-2.1612730026245117,0.7455916404724121,7.364465713500977,0.29586148262023926,-0.050592660903930664,2.5749387741088867,-0.2592098116874695,0.4372400641441345,-1.513359785079956,-1.2376352548599243,0.0061627887189388275,-1.0544315576553345,-0.34025517106056213,0.3862300515174866,-3.610496759414673,-1.0698825120925903,-0.6689900159835815
312,-13.532706260681152,9.325014114379883,-5.59775972366333,-18.94456672668457,18.994821548461914,-0.6335476636886597,8.756763458251953,2.091090679168701,-1.4302372932434082,8.58899211883545,0.16692137718200684,0.05549502372741699,2.4587912559509277,-0.19497014582157135,0.3114545941352844,-1.2396754026412964,-1.4111273288726807,-0.20207476615905762,-0.4327418804168701,-0.2983916699886322,0.027484241873025894,-3.39670991897583,-1.4013186693191528,-1.008276343345642
313,-31.31291389465332,5.074019908905029,-2.667339324951172,-7.916602611541748,15.001826286315918,-2.997133255004883,29.402366638183594,-11.24041748046875,9.621004104614258,4.140354156494141,0.193803071975708,0.009210407733917236,0.1661301553249359,-0.2073458731174469,0.0038440143689513206,2.5337283611297607,0.7066182494163513,-0.4048530161380768,1.4413012266159058,-0.4530660808086395,0.8841952681541443,-7.284250736236572,-1.906821846961975,-0.3952096700668335
314,-48.472320556640625,-1.5651650428771973,3.8059749603271484,-2.359130859375,0.7327098846435547,-0.28272008895874023,58.91541290283203,-17.817798614501953,29.948532104492188,-34.27669906616211,-15.014068603515625,8.166678428649902,-2.2973005771636963,0.2841845750808716,0.8844536542892456,8.441540718078613,5.4604668617248535,-1.8193550109863281,2.596334457397461,-0.7231643199920654,-0.29504305124282837,-2.709153652191162,12.195484161376953,-2.6424665451049805
315,-29.454612731933594,-3.9725513458251953,1.581963062286377,-8.199691772460938,-1.4260939359664917,0.1572730541229248,31.81861114501953,-18.891674041748047,35.98811340332031,-70.86732482910156,7.369468688964844,2.1752939224243164,-3.6357057094573975,-0.1604517698287964,-0.1435825526714325,9.105960845947266,1.3493452072143555,-1.501295566558838,1.3105734586715698,-0.07456594705581665,-0.20662784576416016,1.175660252571106,-2.6006903648376465,-0.1881410926580429
316,-33.12649154663086,-4.484016418457031,5.5497260093688965,-16.273874282836914,-1.002591609954834,0.12131649255752563,28.802875518798828,-23.520259857177734,32.15538024902344,-81.32349395751953,11.531746864318848,5.607529640197754,-4.1498332023620605,0.054062068462371826,0.9412888288497925,4.760963439941406,0.3755294680595398,-0.17510280013084412,1.661881923675537,0.10345569998025894,-0.08028310537338257,-0.030858203768730164,-1.8679149150848389,0.05351078510284424
317,-7.599908828735352,-1.4899723529815674,-0.5314853191375732,-10.008282661437988,-0.6531727313995361,0.08949315547943115,4.088859558105469,-21.468242645263672,22.60550880432129,-77.72550201416016,15.439254760742188,8.343363761901855,-3.0804672241210938,-0.03034638985991478,0.6205236911773682,-0.4475308060646057,-1.3080426454544067,0.6764601469039917,2.5190460681915283,0.401706337928772,-0.07861734181642532,-1.4203838109970093,-1.2860311269760132,0.004827558994293213
318,10.769652366638184,3.1989529132843018,-4.8898396492004395,-1.4393634796142578,-0.05645036697387695,0.06486392021179199,-14.774827003479004,-10.170563697814941,3.4220523834228516,-42.78927230834961,20.0,11.153275489807129,-1.7153024673461914,-0.09091238677501678,-0.965511679649353,-4.022769927978516,-1.7233216762542725,1.2410417795181274,3.08473801612854,0.7155943512916565,-0.49474310874938965,-2.2283718585968018,-1.0547144412994385,0.17188455164432526
319,16.538728713989258,7.516118049621582,-5.2125959396362305,3.577178955078125,-0.015374183654785156,-0.017759084701538086,-15.354816436767578,-17.837263107299805,-0.3075658082962036,-7.2559003829956055,20.0,4.469990253448486,-0.10971946269273758,-0.15813247859477997,-1.341320276260376,-6.923087120056152,-3.0138771533966064,1.6455782651901245,1.538613200187683,0.4196266829967499,-0.23103530704975128,0.4077414274215698,0.13388609886169434,2.2154674530029297
320,48.11897659301758,9.910013198852539,-4.637419700622559,13.024772644042969,0.7038652896881104,-0.06524896621704102,-42.615753173828125,1.9402289390563965,-5.803455352783203,-1.4240264892578125,8.66790771484375,1.9109673500061035,2.689756155014038,-0.06382758170366287,-1.3126553297042847,-10.106727600097656,-1.8606815338134766,2.357199192047119,-1.307654857635498,-0.351468026638031,-0.7516521215438843,5.573824405670166,4.324654579162598,2.196417808532715
321,35.028564453125,15.449446678161621,-12.465051651000977,-39.88967514038086,-16.73501205444336,7.190479755401611,-39.32149124145508,3.504837989807129,-3.9187376499176025,-6.490291595458984,-1.0986542701721191,-0.21201133728027344,2.0858559608459473,0.20113611221313477,0.21456946432590485,0.42804884910583496,-2.417006731033325,-0.5078842639923096,-3.503336191177368,-0.25921425223350525,-0.025972880423069,8.94451904296875,1.5694537162780762,1.0666040182113647
322,12.198153495788574,22.272159576416016,-16.229005813598633,-58.21361541748047,4.844114303588867,8.194341659545898,-16.331485748291016,-0.7050837278366089,1.2999873161315918,-15.408025741577148,-0.9307673573493958,-0.16339170932769775,2.6434409618377686,-0.18431298434734344,0.2045193314552307,-0.3248477876186371,-1.955235242843628,-0.008203394711017609,-2.7349302768707275,-0.07270479202270508,0.8425372838973999,4.433877468109131,-0.5300219058990479,0.49384671449661255
323,-7.236647605895996,15.492658615112305,-12.083818435668945,-58.61320877075195,6.599737644195557,6.256498336791992,-7.169397354125977,3.251899003982544,-3.720078468322754,-8.210891723632812,-0.34808337688446045,-0.025858014822006226,2.6733579635620117,-0.14560750126838684,0.26899275183677673,-0.9512426853179932,-1.6180782318115234,0.06462936103343964,-2.479485511779785,0.05364491045475006,0.552318274974823,0.883173406124115,-0.8342752456665039,0.09231138974428177
324,-12.161842346191406,10.141728401184082,-5.2906365394592285,-46.509925842285156,10.33066177368164,3.673574924468994,-0.12266254425048828,5.775529384613037,-5.28480339050293,-2.6497974395751953,-0.2699437141418457,0.03284376859664917,2.697841167449951,-0.10861477255821228,0.3456074297428131,-1.3364630937576294,-1.421524167060852,0.020522112026810646,-1.9273098707199097,0.23131071031093597,0.029239164665341377,-1.8651257753372192,-2.2053213119506836,-0.2862067222595215
325,-0.9240512847900391,14.373065948486328,-4.582954406738281,-21.300128936767578,20.0,-1.6561962366104126,-5.176185607910156,-6.463498592376709,3.5059173107147217,-2.2641677856445312,-0.09104394912719727,-0.03515636920928955,2.5510382652282715,-0.4813017249107361,0.37376686930656433,-1.5042697191238403,-1.218414306640625,0.015789978206157684,-1.474213719367981,-0.46617940068244934,0.2390616238117218,-4.798941612243652,-1.9502147436141968,-0.7428107857704163
326,-25.96641731262207,-1.6750482320785522,-1.867893934249878,-17.832685470581055,20.0,-0.7555243372917175,18.8253173828125,3.926586627960205,-1.541114330291748,11.601228713989258,0.4121077060699463,0.05935370922088623,1.3592329025268555,-0.4426870048046112,0.5285207629203796,0.16279536485671997,-0.4385570287704468,-0.14025750756263733,-1.0035135746002197,-0.29798582196235657,0.3326694369316101,-4.426770210266113,-1.434971570968628,-0.9714277982711792
327,-26.845298767089844,0.4990849494934082,2.1183414459228516,-6.432878494262695,18.910724639892578,-3.5744121074676514,34.57126235961914,-5.571480751037598,4.796913146972656,8.79779052734375,0.7551689147949219,0.014850139617919922,-0.7430679798126221,-0.400655061006546,0.4283929765224457,4.577322959899902,2.5430097579956055,-0.04872392863035202,1.240235686302185,-0.38742324709892273,0.6464038491249084,-7.091856002807617,2.141233205795288,-1.1907010078430176
328,-54.38681411743164,6.070464134216309,-0.4340541362762451,-8.8416748046875,-0.647496223449707,-0.09563207626342773,57.16416549682617,-22.35262680053711,25.7629451751709,-37.969425201416016,-17.389080047607422,7.418850898742676,-3.2386109828948975,0.778901219367981,0.34916186332702637,7.995432376861572,4.443932056427002,-1.6947288513183594,1.0204715728759766,0.11901332437992096,-0.1353795826435089,1.4946430921554565,-2.8736274242401123,-0.6343387961387634
329,-35.08823013305664,-8.090094566345215,5.1450676918029785,-11.795948028564453,-1.4939491748809814,0.13486981391906738,40.34463882446289,-20.085054397583008,31.061145782470703,-72.68531799316406,9.662565231323242,2.0876293182373047,-4.173868179321289,0.26859572529792786,-0.10599317401647568,6.235641956329346,0.03511715680360794,-1.0665618181228638,1.4227951765060425,0.15560394525527954,-0.24857863783836365,0.7516046166419983,-2.3193371295928955,-0.15770640969276428
330,-11.213237762451172,2.3949410915374756,0.10699409246444702,-8.336971282958984,-0.31090855598449707,0.08318126201629639,14.143664360046387,-26.178936004638672,26.60310935974121,-75.79095458984375,8.57772445678711,5.777201175689697,-3.661588191986084,0.7422246932983398,0.03856012597680092,2.8700008392333984,0.6745677590370178,-0.9402542114257812,2.2745418548583984,0.33763545751571655,-0.40902140736579895,-0.3237687647342682,-1.953865885734558,0.16087505221366882
331,-7.375833511352539,-3.736840009689331,2.096099853515625,-4.673327445983887,-0.5368959903717041,0.12947168946266174,4.437400817871094,-22.17700958251953,22.040803909301758,-67.55070495605469,15.897624969482422,8.030913352966309,-3.212984085083008,0.20456074178218842,-0.12786763906478882,-0.47529634833335876,-0.8751868605613708,0.16286121308803558,2.7222540378570557,0.32374686002731323,-0.3707996606826782,-1.2464203834533691,-1.5124129056930542,-0.07315570116043091
332,9.05600357055664,5.242271900177002,-5.656215190887451,-1.7493553161621094,-0.1325979232788086,0.11720311641693115,-15.86733627319336,-18.23038101196289,8.242915153503418,-39.02446365356445,20.0,7.815123558044434,-2.134188175201416,0.3002450466156006,-1.04119074344635,-4.1467461585998535,-1.3249869346618652,0.9206040501594543,2.517279863357544,0.7423219680786133,-0.0984082743525505,-1.4821075201034546,-1.3616751432418823,1.3799158334732056
333,25.887882232666016,1.349159836769104,-0.9351282119750977,7.158821105957031,0.24125957489013672,-0.061617136001586914,-24.38445472717285,-7.173003673553467,-3.2385144233703613,-15.488555908203125,20.0,4.904044151306152,-0.1868162602186203,0.07569898664951324,-1.2704578638076782,-6.563078880310059,-1.3231929540634155,0.8918826580047607,1.530346155166626,0.5023460388183594,-0.26447203755378723,0.4526098072528839,0.1389150619506836,0.9292993545532227
334,44.58265686035156,6.698426246643066,-3.042819023132324,14.909372329711914,0.5263315439224243,0.023937702178955078,-46.6367301940918,1.0598948001861572,-6.955548286437988,-16.320711135864258,12.093618392944336,3.790602445602417,1.7103317975997925,0.7349528074264526,-0.6833691596984863,-4.38847541809082,5.336221694946289,-0.12806177139282227,-0.7165071368217468,0.1869438886642456,-0.621971070766449,4.031978607177734,2.9221079349517822,0.9390300512313843
335,42.08296203613281,19.108871459960938,-21.43765640258789,-71.65328216552734,2.0108790397644043,3.7941043376922607,-44.95265197753906,4.313751220703125,-4.997138977050781,-3.81610107421875,-0.8574659824371338,-0.04649507999420166,1.8588974475860596,0.25706085562705994,0.09413748979568481,0.27075526118278503,-2.197422981262207,0.41789543628692627,-2.6768364906311035,-0.5795460343360901,-1.1525501012802124,7.235300064086914,1.5396536588668823,0.3960072100162506
336,7.904311180114746,17.18181610107422,-18.990690231323242,-69.94345092773438,6.196508884429932,6.133511066436768,-16.558429718017578,3.4069719314575195,0.32134485244750977,-9.458440780639648,-0.7011024951934814,-0.09328886866569519,2.176293134689331,0.18395130336284637,0.4602230489253998,-0.6652418375015259,-1.676928162574768,0.14433258771896362,-2.9664361476898193,0.37231189012527466,0.5357303023338318,4.842650413513184,0.3555796146392822,0.1712401658296585
337,17.878679275512695,12.121115684509277,-15.816272735595703,-53.13187789916992,8.517069816589355,6.4790802001953125,-18.48859405517578,2.774855375289917,-2.8226945400238037,-8.658690452575684,-0.5298743844032288,0.007475554943084717,2.838881015777588,-0.25357770919799805,0.4731295704841614,-1.4441156387329102,-1.2539043426513672,0.10952885448932648,-2.459333896636963,0.13260409235954285,0.552725613117218,2.2817938327789307,-0.5046417117118835,0.26885077357292175
338,-17.496662139892578,11.52314567565918,-14.436630249023438,-45.39598846435547,6.539251327514648,5.725593090057373,7.07777738571167,-2.382068634033203,1.516495704650879,-6.603370666503906,-0.27194643020629883,-0.0359424352645874,3.0328421592712402,-0.2529679536819458,0.4031800329685211,-1.9490365982055664,-1.078791856765747,0.15166807174682617,-1.0735039710998535,0.1786884069442749,0.6901537775993347,-2.177764415740967,-1.509543776512146,0.31341925263404846
339,-16.413436889648438,12.385238647460938,-9.632429122924805,-36.011390686035156,11.035262107849121,3.6735992431640625,3.360381603240967,-0.37251925468444824,-1.7234370708465576,5.965559959411621,0.21564173698425293,-0.018283307552337646,2.640421152114868,-0.377093642950058,0.3522443175315857,-1.8712012767791748,-1.0008044242858887,0.05633140355348587,-1.0135416984558105,-0.2844279110431671,0.07887712866067886,-2.196398973464966,-1.1023808717727661,-0.25641846656799316
340,-1.7469921112060547,-0.20590591430664062,-3.3866496086120605,-14.678770065307617,18.767749786376953,1.984529972076416,-3.4810400009155273,6.941234111785889,-3.40163516998291,2.12741756439209,-0.097869873046875,0.038898766040802,2.321211814880371,-0.5331174731254578,0.1757139414548874,-1.574507236480713,-0.9861016869544983,-0.24163034558296204,-0.8789291381835938,-0.03914240002632141,0.19402265548706055,-2.9244863986968994,-2.0375187397003174,-0.2646409869194031
341,-16.083354949951172,3.0247976779937744,-1.3424828052520752,-13.49395751953125,20.0,-2.723787784576416,12.607902526855469,-2.25482177734375,1.625967264175415,4.230411529541016,0.28183722496032715,-0.02884531021118164,1.9939483404159546,-0.6009976267814636,0.3647511601448059,-0.9173259139060974,-0.7362027168273926,-0.13954928517341614,0.10901078581809998,-0.09829645603895187,0.5599084496498108,-4.742098808288574,-1.3929011821746826,-0.8612503409385681
342,-19.31806755065918,3.4602930545806885,3.438626527786255,1.5354347229003906,17.848756790161133,-3.6196084022521973,24.906417846679688,-9.01659870147705,5.897394180297852,8.350299835205078,0.5420117378234863,0.04210764169692993,-0.8813270926475525,-0.5455759167671204,0.2907577455043793,4.692182540893555,2.2799575328826904,-0.8277368545532227,1.3280538320541382,-0.7177916169166565,0.7178104519844055,-6.287604331970215,0.8368516564369202,-0.39239177107810974
343,-58.59253692626953,8.692546844482422,-3.168290376663208,-10.887641906738281,-0.6544132232666016,0.006412506103515625,70.26887512207031,-22.172767639160156,22.28229331970215,-31.78280258178711,-17.008832931518555,-8.029936790466309,-3.256721019744873,0.9341885447502136,-0.05759964883327484,8.121424674987793,4.182199478149414,-2.3929977416992188,0.8652786016464233,0.16765007376670837,-0.013585954904556274,2.7486400604248047,-0.8941509127616882,-0.39729928970336914
344,-31.930191040039062,-13.755203247070312,8.84376335144043,-8.35207748413086,-1.325294852256775,0.21787875890731812,37.09201431274414,-20.841476440429688,34.505836486816406,-78.57894134521484,11.988388061523438,2.721212387084961,-4.31798791885376,0.08411265909671783,0.21741123497486115,7.548770427703857,0.3280169367790222,-0.3358103930950165,1.3372901678085327,-0.09294915199279785,-0.07770118862390518,0.9026309847831726,-2.4327502250671387,-0.11626218259334564
345,-26.834745407104492,5.353971481323242,-1.3765461444854736,-15.901514053344727,-0.7290729880332947,0.020558953285217285,28.246143341064453,-28.14680290222168,28.438373565673828,-58.25060272216797,15.706884384155273,6.690186977386475,-4.5452423095703125,0.6994689106941223,0.3743888735771179,2.861830711364746,0.18728041648864746,-0.5319254398345947,1.8372282981872559,0.06529399752616882,-0.268391877412796,-0.055726248770952225,-1.9151217937469482,-0.15141332149505615
346,-7.259725570678711,5.627248287200928,-4.836939334869385,-6.060185432434082,-0.3532068729400635,0.13779908418655396,12.012386322021484,-22.909055709838867,21.383560180664062,-46.749122619628906,18.80976676940918,9.192243576049805,-3.8186323642730713,0.6856926679611206,-0.5738044381141663,-0.6405650973320007,0.23545078933238983,-0.1264456808567047,2.5490684509277344,0.25695866346359253,-0.4249316155910492,-0.807200014591217,-1.6526060104370117,-0.4813840985298157
347,13.889989852905273,-3.6973447799682617,1.0363564491271973,-1.594259262084961,-0.3035852909088135,0.10474205017089844,-15.391529083251953,1.4590482711791992,-1.5851614475250244,-31.783517837524414,20.0,8.25432014465332,-1.9725955724716187,0.6973795890808105,-0.7865482568740845,-4.851258754730225,-1.3061552047729492,1.3505141735076904,3.005580186843872,0.6206325888633728,-0.4991133511066437,-1.4158474206924438,-1.5428063869476318,-0.6561995148658752
348,32.21607208251953,-0.9179345965385437,-0.3705768585205078,9.047966003417969,0.2460160255432129,-0.07676410675048828,-36.71303176879883,-3.6432693004608154,-4.374992370605469,-21.408571243286133,20.0,5.787278175354004,-0.0728350430727005,0.04339166730642319,-0.9866525530815125,-7.716307163238525,-1.3680849075317383,1.6775506734848022,1.442642092704773,0.23816175758838654,-0.4679856598377228,1.0068120956420898,-0.09218776971101761,0.7975936532020569
349,46.829307556152344,5.87212610244751,-5.363018989562988,-12.98431396484375,-12.348541259765625,3.6760001182556152,-46.730316162109375,5.451327323913574,-11.80910873413086,-12.335145950317383,11.608617782592773,4.0492353439331055,2.3745675086975098,0.44060713052749634,-0.26751208305358887,-1.5012078285217285,6.612126350402832,-0.020956754684448242,-0.8970096707344055,-0.13795164227485657,-0.6593322157859802,5.170686721801758,3.333019733428955,1.3374316692352295
350,34.24211883544922,16.788257598876953,-19.458749771118164,-78.59678649902344,1.2846076488494873,6.109774589538574,-38.238243103027344,10.774648666381836,-8.124588012695312,-3.241374969482422,-0.9327237606048584,-0.10376763343811035,2.1869704723358154,0.23818489909172058,0.11395677924156189,0.2266208976507187,-2.246765375137329,-0.02001277171075344,-2.4775099754333496,-0.2055308073759079,-0.8967039585113525,7.427979946136475,1.3812916278839111,0.07646994292736053
351,14.010969161987305,25.67624282836914,-22.026628494262695,-71.7519760131836,7.439353942871094,5.1895527839660645,-23.710466384887695,-5.041710376739502,3.8989758491516113,-11.342937469482422,-0.8475258350372314,-0.0507504940032959,2.5158371925354004,-0.031171489506959915,0.5686486959457397,-0.8065678477287292,-1.7054857015609741,0.10006650537252426,-3.034348487854004,-0.07893015444278717,0.5589359998703003,4.96582555770874,-0.3250364065170288,0.5257307291030884
352,13.35932731628418,14.744705200195312,-17.44951820373535,-54.54111862182617,12.909358978271484,6.1640095710754395,-19.722068786621094,4.230524063110352,-3.1857380867004395,-10.112621307373047,-0.38926106691360474,-0.033234477043151855,2.6386470794677734,-0.23044246435165405,0.4001816511154175,-1.4360015392303467,-1.2119438648223877,-0.029368877410888672,-3.048933506011963,0.23753514885902405,0.6459208130836487,1.5865575075149536,0.3744353652000427,0.4852272570133209
353,8.745410919189453,21.25304412841797,-13.975282669067383,-32.43095016479492,18.048431396484375,4.057214260101318,-11.910762786865234,-8.75854206085205,2.6353211402893066,-8.023685455322266,-0.6557350158691406,-0.061539530754089355,2.9142611026763916,-0.3101233243942261,0.5527554750442505,-1.9037097692489624,-1.004561424255371,-0.24036647379398346,-2.6717653274536133,-0.2624581754207611,0.6739216446876526,-2.2050886154174805,-1.1978036165237427,0.27847447991371155
354,-18.118263244628906,2.4995882511138916,-5.2038984298706055,-20.92975425720215,17.489728927612305,5.88188362121582,13.714221954345703,1.7695399522781372,0.24923467636108398,3.0615615844726562,0.16304302215576172,-0.0665816068649292,2.8045947551727295,-0.5172528028488159,0.3770851194858551,-1.9487197399139404,-0.9640600681304932,-0.5305564403533936,-1.469918131828308,-0.26523610949516296,0.9298436045646667,-4.265443801879883,-0.7571491599082947,-0.20505906641483307
355,-5.361352920532227,-2.7768547534942627,-0.9590858817100525,-7.489473342895508,20.0,0.6325854063034058,3.000229835510254,6.1393327713012695,-5.804903030395508,5.218517303466797,0.05533900856971741,0.05595541000366211,2.059251070022583,-0.40615859627723694,0.36094748973846436,-0.7086421847343445,-0.5768961906433105,-0.5423380732536316,-1.0196869373321533,-0.29933297634124756,0.06449228525161743,-5.353728294372559,-0.05332498252391815,-0.8627821207046509
356,-19.757558822631836,-2.241011142730713,6.599844932556152,-7.278806686401367,20.0,-0.5002942085266113,25.23194122314453,-1.291715383529663,1.6990153789520264,12.993110656738281,0.3624389171600342,0.024032115936279297,0.6534304022789001,-0.715520441532135,0.4498758912086487,2.493136405944824,1.3053022623062134,-0.5160953998565674,0.03391869738698006,-0.413309782743454,0.6120309233665466,-4.755010604858398,0.526968777179718,-1.2236602306365967
357,-44.05943298339844,1.5214487314224243,2.5703506469726562,-7.948171615600586,7.943240165710449,-1.642517328262329,46.18745040893555,-12.556146621704102,11.893083572387695,-6.976177215576172,-4.491365909576416,1.5217790603637695,-2.0947470664978027,-0.2963935434818268,0.2543886601924896,6.753316402435303,5.014851093292236,-0.11868838965892792,1.6457844972610474,-0.7860538363456726,0.20630526542663574,-1.9057035446166992,10.37418270111084,0.33525511622428894
358,-40.42147445678711,-3.520447254180908,3.1648757457733154,-8.328773498535156,-1.4916386604309082,-0.10666799545288086,48.869937896728516,-28.81610107421875,32.74351501464844,-84.73892974853516,8.629964828491211,0.17267370223999023,-3.6915009021759033,0.023561684414744377,-0.04085079953074455,7.202578544616699,0.8424162864685059,-1.6147041320800781,1.274662971496582,-0.1264224648475647,-0.02828141301870346,1.2174079418182373,-2.6676647663116455,0.03897043317556381
359,-16.25069808959961,5.728417873382568,-2.3383564949035645,-10.984150886535645,-0.5633444786071777,0.18127131462097168,18.753673553466797,-28.941064834594727,30.137649536132812,-74.23046875,5.0672712326049805,5.192743301391602,-3.42439866065979,0.508392333984375,-0.18068428337574005,3.667865037918091,0.555799663066864,-1.081483006477356,2.0015223026275635,-0.05138873681426048,-0.34152066707611084,0.23680831491947174,-2.2350409030914307,0.08647074550390244
360,-20.91029167175293,-2.0714757442474365,2.4498889446258545,-6.314853668212891,-0.5464528203010559,0.12095493078231812,22.013816833496094,-26.77458381652832,21.42107391357422,-69.73873138427734,12.7423095703125,7.452119827270508,-3.6862499713897705,0.5601115822792053,-0.053804755210876465,1.1396715641021729,0.047165270894765854,-0.034274112433195114,2.476616621017456,0.2023831009864807,-0.3919411599636078,-0.728463351726532,-1.7180529832839966,0.022756338119506836
361,6.231609344482422,0.6623314619064331,-1.2897794246673584,1.7066631317138672,-0.09754675626754761,0.03047671914100647,-11.178121566772461,-20.829307556152344,20.549938201904297,-68.5837173461914,14.768598556518555,10.305623054504395,-2.9098711013793945,0.30934324860572815,-0.354996919631958,-0.9319486618041992,-0.32427677512168884,0.09928788244724274,2.847160577774048,0.19858941435813904,-0.5011261105537415,-1.6037425994873047,-1.3488845825195312,-0.47801631689071655
362,15.565132141113281,0.7457038164138794,-2.192145347595215,-2.364879608154297,-0.15875780582427979,0.13882088661193848,-20.875211715698242,-5.600193500518799,-3.3394694328308105,-32.06906509399414,20.0,8.092277526855469,-1.2213510274887085,0.27078649401664734,-0.997101366519928,-5.528069496154785,-0.9580116271972656,1.7758724689483643,2.9128737449645996,0.5378782153129578,-0.4704122543334961,-1.9313348531723022,-1.269483208656311,0.89342200756073
363,32.9172477722168,-1.2920112609863281,1.3936735391616821,11.205020904541016,0.34118974208831787,-0.13208293914794922,-29.169132232666016,-1.8704525232315063,-7.292263984680176,-9.880443572998047,20.0,4.854182243347168,0.8511673212051392,-0.14473895728588104,-0.5601202249526978,-7.361354351043701,-0.89349365234375,2.354977607727051,0.8775119781494141,-0.024137724190950394,-0.59023517370224,1.4054027795791626,0.7774879932403564,1.6257792711257935
364,46.22845458984375,13.013053894042969,-13.707347869873047,-22.29606819152832,-19.98594856262207,9.064244270324707,-44.73378372192383,7.078861236572266,-10.260173797607422,-0.36746978759765625,0.956151008605957,0.24514532089233398,2.7149746417999268,0.698045551776886,-0.2798815369606018,-2.2677927017211914,8.020245552062988,-1.8472435474395752,-1.9016329050064087,0.23926201462745667,-1.395019292831421,7.380904197692871,5.759466171264648,2.7232987880706787
365,13.606942176818848,16.032512664794922,-16.93638801574707,-62.530094146728516,1.8785400390625,4.946157455444336,-21.909912109375,-0.8173706531524658,2.9656410217285156,-8.64161491394043,-1.4914779663085938,-0.44532501697540283,1.83468496799469,0.011281613260507584,0.16385599970817566,0.1637786328792572,-2.0890722274780273,0.30253201723098755,-2.770573139190674,0.0035394628066569567,-0.12079878896474838,7.118816375732422,0.2782028615474701,-0.1760864108800888
366,3.292877197265625,16.319473266601562,-15.192727088928223,-68.7346420288086,4.677400588989258,7.045792579650879,-12.667617797851562,-1.6736761331558228,1.9669561386108398,-14.197954177856445,-0.7184469699859619,-0.008617520332336426,2.3291969299316406,-0.2761636972427368,0.40947937965393066,-0.987273097038269,-1.4335620403289795,0.09716740250587463,-2.106337547302246,0.06618557870388031,0.8314974308013916,2.2163825035095215,-1.0275864601135254,0.3170761466026306
367,6.8357343673706055,16.891216278076172,-9.091355323791504,-37.05409240722656,9.186100006103516,6.638359546661377,-10.602852821350098,0.7538694143295288,-2.572438955307007,-5.928658962249756,-0.11850365996360779,0.003969311714172363,2.4695589542388916,-0.2807437777519226,0.3785729706287384,-1.2551374435424805,-1.2536969184875488,-0.16647502779960632,-1.8791582584381104,0.18306498229503632,0.666286051273346,-0.4887785017490387,0.271024614572525,0.3827458620071411
368,11.36335563659668,4.722230911254883,-7.438408851623535,-38.12379455566406,12.861954689025879,4.112420558929443,-14.077878952026367,6.527339458465576,-6.1353960037231445,0.1821904182434082,-0.5079813003540039,0.005168795585632324,2.885650634765625,-0.42182785272598267,0.673953115940094,-1.6333848237991333,-1.1147063970565796,0.01809992641210556,-1.7935357093811035,0.17002853751182556,0.4378405809402466,-1.1621360778808594,-2.305630683898926,-0.11565835773944855
369,-9.690183639526367,4.531160354614258,-5.886538505554199,-26.82594871520996,20.0,3.1026625633239746,-0.8558568954467773,5.9200873374938965,-3.7925429344177246,0.7965764999389648,0.12013864517211914,0.03515517711639404,2.336782455444336,-0.6067240238189697,0.3846811056137085,-1.6656546592712402,-0.9842283725738525,-0.3051953613758087,-1.7691453695297241,0.37395504117012024,0.2870400846004486,-2.875117063522339,-1.623411774635315,-0.2108762413263321
370,1.3444395065307617,7.581780433654785,-0.24712151288986206,2.4188437461853027,20.0,-1.0455543994903564,6.431142807006836,-6.3469648361206055,2.607434034347534,-1.4434890747070312,-0.05543875694274902,-0.028731703758239746,1.5259584188461304,-0.5013395547866821,0.2791708707809448,0.4955534338951111,0.20304293930530548,-0.5050972700119019,-0.1723269522190094,0.09460682421922684,0.19633981585502625,-6.72933292388916,-1.5972477197647095,-0.8072324991226196
371,-36.986839294433594,6.566473960876465,0.5834254026412964,-11.270956039428711,14.692702293395996,-2.6536293029785156,41.70985412597656,-17.050344467163086,11.86107349395752,14.495035171508789,0.6739534139633179,-0.024111390113830566,-0.2561992406845093,-0.9317635297775269,0.19580097496509552,4.078845977783203,2.547409772872925,-0.010306727141141891,1.8104524612426758,-1.1131341457366943,0.7060856819152832,-2.3463234901428223,9.205587387084961,-3.5525782108306885
372,-42.22095489501953,-3.6981592178344727,3.6961569786071777,0.003551483154296875,-0.5958361625671387,-0.1323397159576416,46.46665954589844,-29.49944496154785,30.427406311035156,-84.86668395996094,5.5405378341674805,19.06696128845215,-3.161494731903076,0.23388652503490448,0.9740203619003296,10.1860990524292,2.9498186111450195,-1.1050209999084473,1.827789545059204,-0.1458485722541809,-0.38009124994277954,0.10363118350505829,-1.488893747329712,-7.904213905334473
373,-33.547691345214844,4.352745056152344,-1.8000528812408447,-17.182018280029297,-1.259863257408142,0.1136620044708252,35.00601577758789,-28.45191192626953,30.747682571411133,-65.90496826171875,8.951391220092773,5.9164886474609375,-3.629350185394287,0.635089099407196,0.5813336372375488,6.722721099853516,0.627386748790741,-0.8773601651191711,1.8025511503219604,-0.01550721749663353,-0.10847100615501404,0.35082098841667175,-2.1629462242126465,0.07161220163106918
374,-15.752786636352539,-5.126917839050293,2.828535795211792,-10.814705848693848,-0.5652992725372314,0.09796372056007385,12.780548095703125,-19.196260452270508,23.988693237304688,-76.228515625,7.339991569519043,7.513186931610107,-3.4142158031463623,0.10871909558773041,0.43140798807144165,2.743649482727051,0.30155619978904724,-0.15969836711883545,2.3819196224212646,-0.026929564774036407,-0.14229463040828705,-0.7221793532371521,-1.7344506978988647,0.16826677322387695
375,-4.532176971435547,-0.07525384426116943,-2.2523107528686523,-3.810556173324585,-0.35801732540130615,0.06267261505126953,-2.200115203857422,-22.531578063964844,22.19961166381836,-59.82046127319336,15.655454635620117,9.59160327911377,-3.269144058227539,-0.43022623658180237,-0.39857393503189087,0.12840746343135834,-0.5241189002990723,-0.30028200149536133,2.4404165744781494,0.16595296561717987,-0.02857302874326706,-1.4525874853134155,-1.2676843404769897,-0.20331937074661255
376,2.309022903442383,5.017878532409668,-2.6597392559051514,-2.8811302185058594,-0.23516511917114258,0.10778999328613281,-9.885110855102539,-17.848928451538086,5.44458532333374,-43.435916900634766,20.0,10.135076522827148,-2.703953981399536,0.22475074231624603,-0.6959263682365417,-2.994529962539673,-1.1096360683441162,0.610419511795044,2.3172614574432373,0.6035454869270325,-0.06765367090702057,-1.8428670167922974,-1.0276092290878296,0.9943966865539551
377,13.444282531738281,-1.040970802307129,1.7735786437988281,3.8208084106445312,0.014549493789672852,0.010211944580078125,-7.3974609375,-4.0118913650512695,-3.8663170337677,-12.666732788085938,20.0,5.330945014953613,-1.011953592300415,0.1158411055803299,-0.4279055893421173,-5.1800336837768555,-1.956656575202942,2.1633405685424805,2.488906145095825,0.36370378732681274,-0.20015259087085724,-1.2541390657424927,-1.0554819107055664,2.1322672367095947
378,40.206573486328125,3.835085868835449,-4.726393699645996,7.111297607421875,0.40127134323120117,-0.06224250793457031,-30.63235855102539,8.193931579589844,-15.63815975189209,0.6786518096923828,20.0,4.948092460632324,1.8155901432037354,0.0012719205114990473,-1.1307851076126099,-9.012046813964844,-1.945511817932129,3.010782241821289,-0.4170285165309906,0.02976321056485176,-0.8432508707046509,4.295101642608643,3.4734268188476562,1.118062138557434
379,55.064151763916016,17.19472885131836,-15.205384254455566,-8.22762680053711,-15.848424911499023,7.379446506500244,-52.951942443847656,-2.1406807899475098,-3.059878349304199,-5.9407806396484375,-0.7747406959533691,0.030914783477783203,2.352327585220337,1.2759597301483154,0.19689637422561646,-1.8893728256225586,7.651787281036377,-3.50522518157959,-3.411909341812134,-0.26160454750061035,-0.8898267149925232,10.390230178833008,3.466078519821167,2.7039530277252197
380,12.098176956176758,19.955625534057617,-22.72470474243164,-42.9675178527832,-15.083600044250488,12.638742446899414,-17.356273651123047,-7.525149345397949,5.523770332336426,-16.244827270507812,-1.0919773578643799,-0.4220771789550781,2.367938756942749,0.42322415113449097,0.09252332150936127,0.24498915672302246,-3.640964984893799,-2.3990654945373535,-3.4300668239593506,-0.49342599511146545,0.2615808844566345,7.276456832885742,1.5175725221633911,0.39815571904182434
381,-2.5077552795410156,14.446615219116211,-11.711417198181152,-56.12451171875,-1.7454547882080078,9.046429634094238,-4.383571624755859,0.9781109094619751,0.35303235054016113,-18.611400604248047,-1.0803990364074707,-0.05091142654418945,2.423079490661621,-0.04460211843252182,-0.10777434706687927,-0.06771765649318695,-2.0618271827697754,-0.22455903887748718,-1.8851484060287476,-0.38752710819244385,0.6270393133163452,0.1240505799651146,-1.5471911430358887,0.5598940253257751
382,0.012373924255371094,-1.7381113767623901,0.32336103916168213,-49.873313903808594,6.612152099609375,7.739092826843262,-11.736337661743164,15.39377498626709,-10.70362663269043,-2.8960018157958984,-0.27232885360717773,0.056174635887145996,2.344521999359131,-0.026266571134328842,0.19681084156036377,-0.5492203831672668,-1.7012929916381836,-0.18416596949100494,-2.121544122695923,0.24318350851535797,0.3486281931400299,-2.2877697944641113,-2.107417345046997,0.6767669320106506
383,-18.863813400268555,14.382633209228516,-5.554591178894043,-42.8668212890625,17.538875579833984,2.305967330932617,4.875991344451904,0.5998157262802124,-0.47900867462158203,4.473755836486816,0.15407252311706543,-0.11938470602035522,1.855635404586792,-0.22180193662643433,0.09239701926708221,-0.7896515727043152,-1.5728352069854736,-0.15014725923538208,-1.99807608127594,0.2484259307384491,0.43740320205688477,-3.6947648525238037,-1.6572270393371582,-0.5168023109436035
384,-2.883411407470703,0.06582748889923096,0.9048731327056885,-23.12293243408203,20.0,2.1177494525909424,6.630925178527832,4.717504024505615,-4.523359298706055,6.953676223754883,0.24296832084655762,0.0899953842163086,2.547778606414795,-0.32117733359336853,0.48866090178489685,-1.0588992834091187,-1.4709453582763672,-0.42123740911483765,-0.7437442541122437,0.025407034903764725,0.17850236594676971,-4.368595600128174,-1.063328742980957,-0.6814380884170532
385,-9.457296371459961,-0.14333128929138184,6.623432636260986,-5.085085391998291,20.0,-0.044080376625061035,8.025763511657715,6.499961853027344,-3.6649723052978516,8.551185607910156,0.2390275001525879,0.07101976871490479,0.8423030972480774,-0.4945060908794403,0.15335752069950104,1.649689793586731,-0.2461581826210022,-0.5760266780853271,-0.7050231695175171,0.22325116395950317,0.17749372124671936,-3.730358123779297,-0.474801242351532,-0.9410750865936279
386,-32.32969665527344,2.068737745285034,6.333548069000244,-9.712799072265625,14.984395980834961,-2.1142098903656006,39.311073303222656,-7.9636688232421875,6.875985145568848,-19.24593162536621,-15.410411834716797,6.335587501525879,-0.7873554229736328,-0.4529241919517517,0.016412796452641487,5.153359889984131,2.4860455989837646,-0.20630410313606262,1.7997492551803589,-0.28713181614875793,0.10670975595712662,-1.3142127990722656,8.849836349487305,-3.6476099491119385
387,-38.47492980957031,-8.530574798583984,7.213942050933838,-1.2016983032226562,-0.7433180809020996,-0.14034652709960938,44.615413665771484,-28.159942626953125,27.933570861816406,-101.17804718017578,8.406997680664062,-2.424912691116333,-3.2395119667053223,0.11316382884979248,0.8298994898796082,9.13856315612793,2.0011649131774902,-1.0262246131896973,1.0065662860870361,0.15876901149749756,0.17773982882499695,1.521632194519043,-2.7157669067382812,0.07962507009506226
388,-31.828170776367188,6.587179660797119,-2.679593563079834,-14.300819396972656,-1.0322825908660889,0.09600424766540527,35.577674865722656,-39.733192443847656,39.09027862548828,-85.49107360839844,9.597908973693848,6.295995235443115,-3.543713092803955,0.49005264043807983,0.5823897123336792,5.738440990447998,0.45126643776893616,-1.0490671396255493,1.8636833429336548,0.04154003784060478,-0.24521493911743164,0.2019251435995102,-2.132758855819702,0.05573798716068268
389,-16.26322364807129,0.9647684097290039,-1.994196891784668,-10.72358226776123,-0.526351809501648,0.17269307374954224,13.880805015563965,-27.104780197143555,28.705974578857422,-71.34208679199219,9.188760757446289,8.383776664733887,-3.2784600257873535,0.11329492926597595,-0.033439889550209045,1.6454459428787231,0.34989041090011597,-0.3572981655597687,2.3596296310424805,0.16352522373199463,-0.20278596878051758,-0.7687475681304932,-1.7033463716506958,-0.03099808096885681
390,-0.26452064514160156,-9.335904121398926,5.367473602294922,2.5074009895324707,-0.12270505726337433,0.02639704942703247,-6.727514743804932,-12.958056449890137,16.728233337402344,-81.86323547363281,16.811813354492188,9.228403091430664,-3.0970449447631836,-0.3408890962600708,-0.13009822368621826,0.5131879448890686,0.019138522446155548,0.37053486704826355,2.6925454139709473,0.3388667702674866,-0.36346152424812317,-1.8736631870269775,-1.202125072479248,-0.11509010195732117
391,7.877871513366699,5.978402137756348,-3.4515926837921143,-4.578224182128906,-0.2677873373031616,0.04032588005065918,-7.826272964477539,-20.2946834564209,6.020618438720703,-33.90532302856445,20.0,8.956180572509766,-1.4462698698043823,0.09126108884811401,-0.1722327023744583,-3.8123104572296143,-0.8142799139022827,0.9341684579849243,3.0654468536376953,0.624039888381958,-0.22690998017787933,-2.283425807952881,-1.0119107961654663,0.6407674551010132
392,21.25049591064453,0.6291735768318176,-2.3419137001037598,6.78300666809082,0.01724100112915039,0.037006378173828125,-25.17731475830078,-7.722604751586914,-3.6814887523651123,-22.309959411621094,20.0,5.772999286651611,0.08738873898983002,-0.08871632814407349,-0.8146713376045227,-5.539573669433594,-2.6792914867401123,2.218442916870117,2.6321303844451904,0.6542711853981018,-0.21762926876544952,-1.5296785831451416,-0.7513927221298218,2.3344180583953857
393,44.52124786376953,12.210445404052734,-8.333341598510742,9.526344299316406,0.8175009489059448,-0.053093910217285156,-39.430423736572266,-2.7813429832458496,-6.4945478439331055,0.2518138885498047,17.818218231201172,3.9347658157348633,2.5641918182373047,0.025486398488283157,-1.1948004961013794,-9.025240898132324,-0.059809524565935135,2.966669797897339,-1.16810142993927,-0.2459181845188141,-0.9938278198242188,4.8542609214782715,4.176685333251953,2.521141290664673
394,41.68734359741211,16.98609161376953,-14.715332984924316,-27.566696166992188,-18.346485137939453,14.197315216064453,-37.19300842285156,-0.3982656002044678,-1.1866369247436523,-3.1285133361816406,-0.7653422355651855,-0.22542047500610352,2.867072820663452,0.22519461810588837,-0.28751471638679504,-2.4219553470611572,7.264031887054443,-2.9942684173583984,-3.3238697052001953,-0.42041581869125366,-0.558800458908081,10.346038818359375,3.124713659286499,2.0497004985809326
395,18.390003204345703,23.869428634643555,-23.979650497436523,-58.19234848022461,2.2720720767974854,6.889748573303223,-21.76190185546875,-6.353184223175049,4.328160285949707,-17.030017852783203,-1.2568376064300537,-0.3138996958732605,2.478327989578247,0.04743614420294762,0.13262492418289185,-0.32931315898895264,-2.0116195678710938,-0.17976835370063782,-2.9689719676971436,-0.792360246181488,0.3083059787750244,6.377100467681885,-0.00932739581912756,0.48796021938323975
396,1.9523448944091797,7.622742652893066,-8.341621398925781,-45.93708038330078,4.33186149597168,9.109055519104004,-9.847837448120117,7.167320251464844,-3.703244924545288,-16.333717346191406,-0.680831789970398,-0.05654233694076538,2.671025037765503,0.13480956852436066,0.16640602052211761,-0.8912758827209473,-1.5758562088012695,-0.22616231441497803,-2.2943177223205566,0.1154274046421051,0.8549287915229797,0.4532585144042969,-0.8664928674697876,0.15747210383415222
397,-15.340781211853027,11.882279396057129,-6.955420970916748,-44.750247955322266,5.404085159301758,6.7042107582092285,2.889162063598633,-2.3498737812042236,1.1733512878417969,-3.567882537841797,-0.21069693565368652,-0.013263821601867676,2.6073293685913086,-0.16447493433952332,0.19565287232398987,-1.3358852863311768,-1.3372418880462646,-0.09203968942165375,-1.5960887670516968,-0.23903894424438477,1.130588412284851,-2.7657809257507324,-1.5919172763824463,0.5201610922813416
398,-2.4321107864379883,-2.843921184539795,2.7701878547668457,-19.668025970458984,15.560235023498535,4.157557964324951,-2.761174201965332,9.617645263671875,-9.00778865814209,3.0752792358398438,-0.021608591079711914,0.0343494713306427,2.4873709678649902,-0.17573335766792297,0.3915383517742157,-1.2344305515289307,-1.309291124343872,-0.4590446650981903,-1.4555093050003052,-0.3457513153553009,0.08978721499443054,-3.671616315841675,-1.8978698253631592,-0.1268325001001358
399,-17.41757583618164,7.024499416351318,-1.4893676042556763,-13.085469245910645,19.239412307739258,0.4289886951446533,15.50005054473877,-3.628046751022339,3.8214609622955322,4.915779113769531,0.17043590545654297,-0.06860065460205078,1.8752706050872803,-0.3201960623264313,0.2055329829454422,-0.19331306219100952,-0.8575916290283203,-0.5539010763168335,-0.21107572317123413,-0.40697455406188965,0.5095044374465942,-5.6961822509765625,-2.171635150909424,-0.662338376045227
400,-17.77499771118164,0.8448842763900757,6.966581344604492,1.6417598724365234,18.25779914855957,-2.2668447494506836,25.175870895385742,-8.794778823852539,6.772938251495361,7.677028656005859,0.770698070526123,-0.023711681365966797,-0.6774696707725525,-0.1300446093082428,0.26324132084846497,4.965768337249756,2.4646334648132324,-0.5099056959152222,1.3927081823349,-0.6099790334701538,1.2286547422409058,-8.391435623168945,2.4474940299987793,-0.578778862953186
401,-51.36323928833008,-7.973479747772217,6.423028945922852,-4.064189910888672,-0.7039623260498047,-0.1011955738067627,58.68902587890625,-22.89781379699707,28.0788516998291,-75.35530853271484,15.237898826599121,18.01131248474121,-3.554170608520508,0.6362453699111938,0.7660243511199951,10.361275672912598,3.2670507431030273,-1.2737631797790527,1.3533965349197388,-0.2042110562324524,-0.03465475142002106,1.0228012800216675,-2.732388973236084,2.8096156120300293
402,-34.15484619140625,2.8177247047424316,-2.061793088912964,-19.55160903930664,-1.3808828592300415,0.1649690866470337,31.93156623840332,-26.92723846435547,33.82726287841797,-60.763671875,15.58253288269043,2.8577346801757812,-4.221002101898193,0.3252680003643036,-0.05381288379430771,5.952271461486816,0.5624362230300903,-0.8138812184333801,1.2659735679626465,0.07174220681190491,-0.20847105979919434,0.6488330960273743,-2.2095866203308105,0.0018611997365951538
403,-19.204509735107422,-8.836091041564941,6.430630683898926,-10.213570594787598,-0.5260087251663208,0.05158326029777527,18.43044662475586,-17.185686111450195,19.14200782775879,-72.14176177978516,16.071273803710938,5.080090045928955,-4.318363666534424,-0.13792020082473755,0.20580536127090454,2.214223861694336,0.8350916504859924,-0.08306200802326202,1.7478492259979248,0.14882530272006989,-0.23468443751335144,-0.35985344648361206,-1.761501669883728,0.17059586942195892
404,-7.791477203369141,0.900107204914093,-0.5586877465248108,-5.328628063201904,-0.6181063652038574,0.0711897611618042,13.06105899810791,-22.66815948486328,17.950958251953125,-52.094905853271484,20.0,8.813852310180664,-3.2484166622161865,-0.22580574452877045,-0.0016649516765028238,-1.4293675422668457,-1.1393674612045288,0.8054144382476807,2.6286888122558594,0.3108653128147125,-0.2869526147842407,-1.2218555212020874,-1.4019657373428345,-0.33601105213165283
405,7.230770111083984,2.345818519592285,-1.7176439762115479,1.8016014099121094,-0.07614302635192871,-0.009305953979492188,-8.569757461547852,-16.280323028564453,4.64853572845459,-33.32457733154297,20.0,8.090660095214844,-2.295206308364868,-0.38772866129875183,-0.48984038829803467,-3.7922592163085938,-1.7877424955368042,1.3547170162200928,2.728407382965088,0.3527037799358368,-0.2838782072067261,-1.337406039237976,-1.4983034133911133,0.9372929930686951
406,29.886507034301758,5.168641567230225,-3.9166150093078613,7.6229705810546875,0.343839168548584,-0.041005611419677734,-32.78498840332031,-6.346179008483887,-5.4059553146362305,-25.860387802124023,20.0,5.511736869812012,-0.28210777044296265,-0.1271425038576126,-1.0265246629714966,-6.278059005737305,-1.6405994892120361,1.766555666923523,2.339540958404541,0.5032074451446533,-0.4312344491481781,-0.6347280740737915,-0.8904443979263306,1.606489896774292
407,58.505950927734375,9.18838119506836,-5.813831329345703,14.27914047241211,0.9909958839416504,-0.05203723907470703,-53.70043182373047,8.058534622192383,-14.4127197265625,-1.7105674743652344,15.321542739868164,4.109691143035889,2.312351942062378,0.610335111618042,-0.4873352646827698,-3.2154247760772705,11.473318099975586,-1.6860637664794922,-2.0540354251861572,0.14994671940803528,-0.7597373127937317,6.697876453399658,5.333296298980713,1.366361379623413
408,31.605587005615234,17.01382064819336,-17.916967391967773,-65.21763610839844,3.258976697921753,8.343607902526855,-28.29271125793457,5.412064552307129,-3.7419424057006836,-5.3170318603515625,-1.0930380821228027,-0.14481082558631897,2.0372445583343506,0.2547528147697449,0.0018813451752066612,0.5310685038566589,-2.38118577003479,-0.10755711048841476,-2.920139789581299,-0.3679793179035187,-0.8717029094696045,8.09643268585205,2.9485299587249756,0.05336298421025276
409,47.300804138183594,15.342692375183105,-15.100595474243164,-50.45445251464844,10.645964622497559,7.376898765563965,-44.50410461425781,6.208057403564453,-3.9304471015930176,-16.148469924926758,-1.4579405784606934,0.05716967582702637,2.694533109664917,-0.0715375766158104,0.42065614461898804,-0.42111217975616455,-1.933935284614563,-0.006804652512073517,-3.8508529663085938,-0.015546254813671112,0.08784842491149902,5.581761360168457,-0.6253095269203186,1.0785231590270996
410,0.5944595336914062,20.889118194580078,-21.59280014038086,-55.51526641845703,13.489171028137207,5.376920700073242,-8.369163513183594,-7.451228141784668,6.1883225440979,-15.287428855895996,-0.553801417350769,-0.22877627611160278,2.9787333011627197,-0.24686992168426514,0.4677908420562744,-1.3850444555282593,-1.4255380630493164,0.13566628098487854,-3.096353054046631,0.154954195022583,1.2827157974243164,-0.8040036559104919,-0.6959434747695923,0.31626108288764954
411,-17.07295036315918,6.892963409423828,-10.711437225341797,-42.804649353027344,14.166013717651367,5.124243259429932,9.13123607635498,3.25105881690979,-4.467350006103516,0.6111164093017578,-0.08628654479980469,0.015178591012954712,3.1218268871307373,-0.14849333465099335,0.4073222279548645,-1.8051238059997559,-1.2501660585403442,-0.17998157441616058,-1.8330522775650024,0.07999683916568756,0.3823600709438324,-3.8526129722595215,-1.1414625644683838,-0.16453459858894348
412,-10.552547454833984,-3.408137798309326,0.5309475660324097,-23.814687728881836,19.825929641723633,2.3185410499572754,3.4456968307495117,9.587321281433105,-5.985379695892334,7.3608198165893555,0.052520036697387695,0.04516172409057617,2.7223074436187744,-0.5349041819572449,0.2960698902606964,-1.6590373516082764,-1.1081244945526123,-0.29642122983932495,-1.6126508712768555,0.0364932045340538,0.1488928198814392,-3.836435079574585,-1.5969386100769043,-0.6017483472824097
413,-24.000200271606445,7.545307159423828,3.756843090057373,-13.994579315185547,20.0,-1.267350435256958,21.93959617614746,-5.097725868225098,3.2837207317352295,5.137531280517578,0.28649717569351196,0.003486037254333496,1.6901880502700806,-0.5240289568901062,0.34016385674476624,0.06355402618646622,0.039240531623363495,-0.4736357033252716,-0.060005273669958115,0.024202587082982063,0.489241361618042,-6.94329833984375,-0.4298345446586609,-0.8826852440834045
414,-30.397079467773438,3.377246856689453,4.999383926391602,-3.527782440185547,14.170886993408203,-1.7745018005371094,38.9110107421875,-9.061544418334961,6.043213367462158,18.27649688720703,0.8703293800354004,0.030005455017089844,-0.8367899656295776,-0.5812273621559143,0.1688714623451233,5.297267436981201,3.3684959411621094,-0.13246825337409973,1.2598016262054443,-0.9612207412719727,0.358294278383255,-1.7800877094268799,8.549808502197266,-2.9357924461364746
415,-52.56217575073242,2.089127540588379,0.7801051139831543,-4.976345062255859,-1.0434448719024658,-0.0830087661743164,59.10858917236328,-31.167856216430664,37.272586822509766,-66.5889663696289,9.812601089477539,17.44890594482422,-3.945866107940674,0.3804771602153778,0.5066782236099243,10.302168846130371,1.8847545385360718,-1.2461684942245483,0.9710472226142883,-0.5597178936004639,-0.1462964117527008,1.6920517683029175,-3.010547399520874,0.09478914737701416
416,-31.660022735595703,3.6438379287719727,-0.9550341367721558,-19.106184005737305,-1.0327694416046143,0.12083697319030762,37.12511444091797,-27.861541748046875,34.316429138183594,-69.89974212646484,10.392278671264648,5.695088863372803,-3.8494060039520264,0.8864660859107971,0.4643324017524719,5.123025894165039,1.094582200050354,-0.9519845843315125,1.7576061487197876,-0.036687158048152924,-0.13456317782402039,0.5186862349510193,-2.25750994682312,0.08307714760303497
417,-15.430564880371094,-4.1123127937316895,1.7724248170852661,-10.042709350585938,-0.6688582301139832,0.12632513046264648,18.33525848388672,-22.91077423095703,22.524307250976562,-75.14342498779297,15.086341857910156,7.993659973144531,-3.472930669784546,0.33109450340270996,-0.11323133111000061,0.6153157949447632,0.34335875511169434,-0.20065730810165405,2.569631814956665,0.04447869956493378,-0.26444506645202637,-0.795390248298645,-1.754060983657837,-0.0011192560195922852
418,5.411906719207764,-2.4625837802886963,0.18779826164245605,1.1248340606689453,-0.18888437747955322,0.06623536348342896,-5.935847282409668,-8.936952590942383,8.409798622131348,-57.229793548583984,15.482109069824219,9.972380638122559,-2.377035140991211,0.5823252201080322,-0.5618621110916138,-1.3354568481445312,-0.7304656505584717,0.4231606125831604,3.195711851119995,0.5664921998977661,-0.481668084859848,-1.7107558250427246,-1.3657835721969604,-0.33671805262565613
419,13.009881973266602,0.4792070984840393,-1.1037559509277344,0.2994861602783203,-0.21326398849487305,0.020145177841186523,-18.567462921142578,-12.203510284423828,0.9707123637199402,-26.056564331054688,20.0,5.746835708618164,-1.2920314073562622,0.13061630725860596,-1.0045006275177002,-4.420036792755127,-2.7040321826934814,0.9081259369850159,2.877709150314331,0.4756685495376587,-0.3153862953186035,-1.3895847797393799,-1.5815072059631348,2.114560604095459
420,33.15792465209961,-3.0180559158325195,0.8295536041259766,6.031089782714844,0.605353593826294,0.030002593994140625,-29.98526382446289,9.928793907165527,-14.61667251586914,-6.323197364807129,20.0,5.487004280090332,1.0364700555801392,-0.17955021560192108,-0.9518789052963257,-7.996339797973633,-0.7675201892852783,2.673567056655884,0.42969998717308044,0.13569265604019165,-0.6163411736488342,2.294337511062622,1.7639907598495483,1.0350700616836548
421,44.93983459472656,14.799505233764648,-14.13846206665039,-20.122947692871094,-20.0,9.51061725616455,-45.97922897338867,-1.6973272562026978,-3.8607401847839355,-4.064357757568359,0.039348602294921875,0.08043146133422852,2.344118595123291,0.9000206589698792,-0.03986477479338646,-2.262634515762329,8.74324893951416,-2.020677328109741,-2.238804817199707,-0.07756001502275467,-0.8364828824996948,7.190659046173096,5.159575939178467,2.490063428878784
422,12.352871894836426,20.080171585083008,-17.830659866333008,-60.74790954589844,-3.370483875274658,15.841383934020996,-16.75052261352539,-0.9481276273727417,1.0434763431549072,-8.17291259765625,-1.371135950088501,-0.3792797923088074,1.9126319885253906,0.17973539233207703,-0.1576506495475769,0.6604007482528687,-2.1024365425109863,-1.0348718166351318,-2.3571510314941406,-0.32244986295700073,-0.4379041790962219,6.452412128448486,-0.32405099272727966,-0.41779273748397827
423,-11.805448532104492,16.40298843383789,-15.737083435058594,-83.08295440673828,-4.602478981018066,7.047999382019043,-1.9324069023132324,0.2668245732784271,1.0631330013275146,-10.288922309875488,-0.5080292224884033,0.03705555200576782,2.6774778366088867,0.17705170810222626,0.33785566687583923,-0.6549437642097473,-1.9527568817138672,0.2452549934387207,-1.195021390914917,0.009920798242092133,0.40054500102996826,1.7420895099639893,-1.8560518026351929,0.1866435706615448
424,6.862689971923828,-0.3825337886810303,-8.343086242675781,-57.60908889770508,3.088667392730713,7.114720821380615,-17.431819915771484,13.210892677307129,-8.523759841918945,-4.848833084106445,-0.14034557342529297,0.07550394535064697,2.8753151893615723,0.017305180430412292,0.4756034016609192,-1.2705849409103394,-1.384697437286377,-0.01731952652335167,-1.1861732006072998,0.6014091372489929,0.4622015953063965,-0.578321099281311,-1.2795413732528687,0.7270125150680542
425,2.898714065551758,6.383082389831543,-5.36592960357666,-35.929168701171875,8.590839385986328,4.133928298950195,-13.100442886352539,2.8530759811401367,-3.130345344543457,0.9295721054077148,-0.1263267993927002,-0.05952954292297363,2.5291669368743896,-0.5581942200660706,0.4243411421775818,-1.3506618738174438,-1.2028998136520386,0.029648438096046448,-1.827785849571228,0.12325698882341385,0.39094194769859314,-0.5106309652328491,-1.8465826511383057,0.18156270682811737
426,-17.910003662109375,10.189955711364746,-6.4245219230651855,-26.080787658691406,13.26779556274414,3.609574317932129,7.941364765167236,-5.029177188873291,2.7137062549591064,-1.9032306671142578,0.049432992935180664,-0.06912088394165039,2.3435487747192383,-0.5924685597419739,0.4426937997341156,-1.4933669567108154,-1.1833140850067139,-0.16689765453338623,-0.9831128716468811,-0.08955845981836319,0.5478602051734924,-3.7546286582946777,-1.657848834991455,-0.3537124693393707
427,-3.1115570068359375,7.621901512145996,-0.7986104488372803,-8.001827239990234,20.0,2.5812950134277344,3.7655014991760254,1.323348879814148,-1.9605505466461182,7.222229957580566,0.272188663482666,0.04342186450958252,2.3116514682769775,-0.5904967188835144,0.4746537208557129,-0.9601715803146362,-1.163708209991455,-0.7594095468521118,-0.5157714486122131,-0.06516841799020767,0.4297535717487335,-3.4668359756469727,-0.8816595673561096,-0.5528043508529663
428,-12.946277618408203,4.044107437133789,0.5362076759338379,-4.550693035125732,20.0,-1.9390881061553955,15.773916244506836,-4.501047611236572,2.9649431705474854,5.098077774047852,0.24450364708900452,-0.011446952819824219,0.7222685217857361,-0.5915541648864746,0.3937491476535797,2.0748467445373535,0.25120070576667786,-0.24833306670188904,0.6110826730728149,-0.23362797498703003,0.6286073923110962,-5.3139238357543945,0.03618667274713516,-1.0186961889266968
429,-41.995513916015625,2.8814587593078613,1.7045869827270508,-3.6384201049804688,6.0369462966918945,-1.1933557987213135,46.168357849121094,-13.521318435668945,15.799322128295898,-25.837032318115234,-14.332517623901367,6.554437637329102,-2.331054210662842,-0.02853521518409252,0.3809959888458252,7.443866729736328,4.7309370040893555,-0.4639757573604584,2.0773262977600098,-0.8678568601608276,-0.07809668779373169,-1.5212256908416748,9.522518157958984,-3.3660385608673096
430,-36.72350311279297,-7.133810997009277,5.224297046661377,-5.672737121582031,-1.381101369857788,-0.07773637771606445,43.854759216308594,-25.68671226501465,33.63675308227539,-94.50434112548828,7.3623199462890625,0.8367049098014832,-3.9696812629699707,0.07753697782754898,-0.01697908714413643,9.222087860107422,0.6823626756668091,-1.4712470769882202,1.2483803033828735,-0.037387266755104065,-0.14122381806373596,1.323562741279602,-2.705531358718872,-0.01170949824154377
431,-27.993179321289062,-2.2761929035186768,3.0356242656707764,-15.610611915588379,-0.7905779480934143,0.13500237464904785,24.99141502380371,-30.490814208984375,34.12437057495117,-89.42422485351562,9.438434600830078,5.595663070678711,-4.046727657318115,-0.048822835087776184,0.4786922037601471,4.435173988342285,0.4089166522026062,-0.5878904461860657,1.8435940742492676,-0.02921006828546524,-0.08020567148923874,0.032329220324754715,-2.024785041809082,-0.014748245477676392
432,-10.630653381347656,3.512143611907959,-2.779792070388794,-9.358892440795898,-0.43488943576812744,0.12671859562397003,4.8661088943481445,-23.80470848083496,18.31488609313965,-73.48332977294922,14.911510467529297,9.766077041625977,-3.7393569946289062,0.3835374414920807,-0.06682923436164856,0.1791134923696518,0.7411052584648132,0.0025397618301212788,2.3077404499053955,0.4135546088218689,-0.3216484785079956,-1.1735107898712158,-1.404030203819275,-0.1994369924068451
433,9.83275318145752,-1.8373467922210693,0.44990384578704834,2.899205207824707,-0.1714099645614624,0.005624879151582718,-13.951093673706055,-19.292827606201172,14.439314842224121,-60.80847930908203,19.93231201171875,10.39555835723877,-2.653085708618164,0.06988301873207092,-0.3697652518749237,-1.8332589864730835,-0.27010178565979004,0.03542787581682205,2.7573704719543457,0.4546511769294739,-0.4068007469177246,-1.928437352180481,-1.1145312786102295,-0.4268020987510681
434,18.770809173583984,-0.8442980051040649,0.10147333145141602,5.088596343994141,-0.06748771667480469,0.08158111572265625,-24.46428680419922,-15.503278732299805,1.7664179801940918,-37.531856536865234,20.0,7.458608627319336,-1.2727388143539429,-0.1997598111629486,-0.4064908027648926,-3.7037689685821533,-2.210437059402466,1.5119951963424683,2.6540727615356445,0.4509451687335968,-0.16897085309028625,-1.7938703298568726,-1.288244605064392,1.7472032308578491
435,35.662498474121094,5.501678943634033,-3.677807092666626,5.535556793212891,0.49877142906188965,-0.0008382797241210938,-31.81897735595703,-2.914445400238037,-6.405697822570801,-11.893593788146973,20.0,5.001776695251465,1.5041210651397705,0.07445713132619858,-0.1799658238887787,-7.608515739440918,-1.3413139581680298,3.1387760639190674,1.1193888187408447,0.11670701205730438,-0.4327990412712097,1.2620861530303955,1.1718133687973022,1.7169151306152344
436,51.187469482421875,8.008439064025879,-7.228078842163086,15.990043640136719,0.6869161128997803,-0.1684432029724121,-51.58829116821289,10.469734191894531,-10.907476425170898,-3.5188636779785156,3.879091262817383,1.141493320465088,3.541214942932129,0.45408332347869873,-0.5789920091629028,-5.669862747192383,5.027742385864258,0.9048247337341309,-2.3437464237213135,0.18557411432266235,-1.3435988426208496,6.916591644287109,5.972644805908203,3.2427351474761963
437,19.823551177978516,28.222618103027344,-26.616287231445312,-64.23382568359375,3.1220922470092773,-3.464827537536621,-23.226333618164062,-6.514856338500977,4.551578521728516,-5.586658477783203,-1.447892189025879,-0.506632924079895,1.9466655254364014,0.1705678105354309,0.2579699754714966,0.04458627104759216,-2.246807098388672,0.22814738750457764,-3.413905382156372,-0.2727173864841461,-0.18898098170757294,8.169005393981934,0.5133486390113831,-0.07293899357318878
438,15.472518920898438,22.418874740600586,-22.871030807495117,-66.06964874267578,4.448015213012695,6.081185340881348,-20.0908203125,-4.428957939147949,3.7953381538391113,-17.35994529724121,-0.9195957183837891,-0.049848467111587524,2.7040493488311768,-0.17906436324119568,0.2533961236476898,-1.1003974676132202,-1.465084433555603,0.05621748045086861,-2.403366804122925,-0.3735002279281616,0.7483773827552795,2.482504367828369,-1.4072480201721191,0.16969449818134308
439,-5.009479522705078,9.837874412536621,-13.544198036193848,-39.49401092529297,6.091115951538086,8.227171897888184,-4.228845596313477,3.156466007232666,-2.374014139175415,-6.455686569213867,0.03148818016052246,0.015059113502502441,2.610057830810547,-0.01623889058828354,0.22268107533454895,-1.32474946975708,-1.292635440826416,-0.24633829295635223,-2.102917194366455,0.12823724746704102,0.8561380505561829,-0.9125052094459534,0.6085619330406189,0.49888622760772705
440,7.331145286560059,-2.086961269378662,-2.0249972343444824,-27.87592315673828,16.00811004638672,4.305933475494385,-13.091862678527832,9.041934967041016,-8.065266609191895,-2.324873924255371,-0.6375813484191895,0.03331488370895386,2.483696937561035,-0.2826023995876312,0.34703874588012695,-1.4803706407546997,-1.0685633420944214,-0.35011035203933716,-2.249417304992676,-0.05385423079133034,0.2253323644399643,-2.712538003921509,-1.8650951385498047,0.2159881740808487
441,-16.94400405883789,13.419732093811035,-4.619447231292725,-14.15013313293457,18.259963989257812,1.4380598068237305,15.396175384521484,-8.390702247619629,6.069875717163086,2.975259780883789,0.21874594688415527,-0.11901414394378662,2.2317898273468018,-0.48187944293022156,0.18516302108764648,-1.068681001663208,-0.9240167737007141,-0.5254472494125366,-0.9050028324127197,-0.43859392404556274,0.662021815776825,-5.207876682281494,-1.2426050901412964,-0.4631030857563019
442,-19.062572479248047,3.0423169136047363,6.395275115966797,-4.695154666900635,18.673601150512695,-1.4875530004501343,21.051639556884766,-3.8807156085968018,2.328159809112549,6.567684173583984,0.1952747106552124,0.01973944902420044,0.5089709162712097,-0.2355782687664032,0.416885107755661,2.3147380352020264,0.929033100605011,-0.36335116624832153,0.5328606963157654,-0.3579518496990204,0.8679558038711548,-7.961842060089111,-0.5792515873908997,-0.37859582901000977
443,-44.42616271972656,6.0660247802734375,-0.3493800163269043,-5.0909423828125,3.004781723022461,-0.6305067539215088,49.36703109741211,-12.188457489013672,17.8085880279541,-26.248138427734375,-15.670412063598633,5.956178665161133,-1.9525623321533203,0.8532789349555969,0.2184775471687317,7.041812896728516,4.490500450134277,-1.4919682741165161,1.5887792110443115,-0.039233386516571045,-0.7684972286224365,0.10003310441970825,-2.2378616333007812,-7.826691627502441
444,-38.21005630493164,-3.98309588432312,4.02163028717041,-8.254741668701172,-1.3671718835830688,0.08315896987915039,40.36377716064453,-31.0185604095459,34.990150451660156,-67.66716003417969,6.501248836517334,2.951972723007202,-3.779712677001953,0.24855132400989532,-0.0516105517745018,8.048992156982422,0.7053635716438293,-1.2505067586898804,1.2592535018920898,-0.08670341968536377,-0.1776469647884369,1.2807005643844604,-2.6462597846984863,0.0020123422145843506
445,-17.941999435424805,-2.054011821746826,1.5253260135650635,-12.146650314331055,-0.5037734508514404,0.11703169345855713,15.707330703735352,-15.88194465637207,26.44002914428711,-80.89018249511719,8.866288185119629,5.3784260749816895,-3.2907726764678955,0.7029970288276672,0.1291125863790512,4.078521728515625,1.2464557886123657,-0.7899932265281677,2.0509181022644043,0.3365556001663208,-0.34809792041778564,-0.06832486391067505,-2.039322853088379,-0.21352997422218323
446,-11.254375457763672,-8.000609397888184,4.314623832702637,-4.610650062561035,-0.5214658975601196,0.06618642807006836,3.214069366455078,-17.46917152404785,22.537385940551758,-71.0015640258789,14.290182113647461,7.012718677520752,-3.7344629764556885,-0.1496824473142624,-0.17151737213134766,1.9781239032745361,0.24227412045001984,-0.3247588574886322,2.0145232677459717,0.3428640067577362,-0.26955369114875793,-0.7889782786369324,-1.6036194562911987,-0.05508220195770264
447,-0.9241361618041992,-5.704695701599121,3.8748035430908203,-5.233091354370117,-0.4222334623336792,0.08274173736572266,-1.0801630020141602,-11.999677658081055,8.728623390197754,-54.418800354003906,20.0,8.994504928588867,-2.585319757461548,-0.3380185663700104,-0.02485135942697525,-2.0790674686431885,-0.9807573556900024,1.1725841760635376,2.6183485984802246,0.5739982724189758,-0.2852531969547272,-1.7162384986877441,-1.1603543758392334,-0.3629242181777954
448,18.25196075439453,8.290264129638672,-6.288949489593506,3.7212486267089844,0.04606771469116211,-0.05082595348358154,-23.535598754882812,-22.3382511138916,7.792387962341309,-33.41019821166992,20.0,6.308758735656738,-1.139488697052002,-0.2904563844203949,-0.7884763479232788,-4.551719665527344,-1.790657877922058,0.6327228546142578,2.4894800186157227,0.6061772108078003,-0.04788774996995926,-1.4917759895324707,-1.433528184890747,2.4877114295959473
449,19.989471435546875,4.387441158294678,-1.2640526294708252,3.781585693359375,0.1500380039215088,0.054888248443603516,-15.386388778686523,2.3486545085906982,-12.136560440063477,-1.9137439727783203,20.0,4.5109405517578125,0.5173489451408386,0.23136384785175323,-0.6725336909294128,-7.744104385375977,-1.8699676990509033,2.47792387008667,0.7230002880096436,0.465610533952713,-0.7142216563224792,1.711176872253418,1.4221876859664917,0.5372576713562012
450,59.15440368652344,11.694541931152344,-13.610108375549316,-34.0460090637207,-20.0,5.237395286560059,-58.553226470947266,5.729531764984131,-9.174551010131836,-1.80120849609375,0.19927692413330078,0.20459365844726562,2.6062331199645996,0.6626192927360535,-0.2069483995437622,1.6463936567306519,-3.8270792961120605,2.124948740005493,-2.4493069648742676,0.08446449786424637,-1.2326321601867676,8.790337562561035,6.259151458740234,2.3501358032226562
451,21.651416778564453,25.720478057861328,-21.733333587646484,-68.443115234375,8.495857238769531,6.100159645080566,-28.146968841552734,-5.021867275238037,5.648493766784668,-12.119192123413086,-1.927524447441101,-0.44092047214508057,1.9795598983764648,-0.2535417377948761,0.18976859748363495,-0.2692875266075134,-1.815887689590454,0.07800905406475067,-3.4240779876708984,-0.07144072651863098,0.7495373487472534,7.457674026489258,-1.2412563562393188,-0.19434967637062073
452,19.475078582763672,17.32012939453125,-18.806228637695312,-62.30670928955078,9.967747688293457,4.986242771148682,-23.64528465270996,0.9908884763717651,-4.0314741134643555,-17.901412963867188,-0.451526403427124,0.08322638273239136,2.7443835735321045,-0.06793701648712158,0.5240758061408997,-1.4639595746994019,-1.2989696264266968,0.05318994075059891,-2.9310638904571533,-0.01182626187801361,0.5068856477737427,1.2490622997283936,0.7091443538665771,0.17823630571365356
453,-1.6666975021362305,14.046085357666016,-12.408321380615234,-42.34904098510742,11.24429988861084,5.447524547576904,-3.7594289779663086,-0.31182706356048584,-0.7420110702514648,-2.0131354331970215,-0.3908146619796753,-0.022132664918899536,2.9141077995300293,-0.3291656970977783,0.6010897755622864,-1.887198805809021,-1.0918766260147095,0.040527984499931335,-2.5807290077209473,-0.23753111064434052,0.5695972442626953,-0.5777889490127563,-0.6624349355697632,-0.09167174249887466
454,-9.733134269714355,16.210960388183594,-10.417945861816406,-28.733665466308594,16.953073501586914,2.5431439876556396,0.9780635833740234,1.5526280403137207,-1.5961246490478516,-0.5026426315307617,-0.19750380516052246,0.016464650630950928,2.4547030925750732,-0.2603824734687805,0.2458725869655609,-1.8229351043701172,-1.0349208116531372,-0.20400719344615936,-2.245393753051758,-0.04664367064833641,0.11512298136949539,-2.9356131553649902,-1.375347375869751,-0.3150361180305481
455,-3.5893898010253906,-6.655491352081299,-0.6017258167266846,-19.476476669311523,20.0,1.138195514678955,1.9719409942626953,10.785953521728516,-6.792496204376221,6.885424613952637,0.1277778148651123,0.05709397792816162,2.486262321472168,-0.48706942796707153,0.4169522523880005,-1.7553640604019165,-0.9978896379470825,-0.29534927010536194,-1.9439412355422974,0.03195134550333023,-0.048281583935022354,-2.3984925746917725,-1.7037522792816162,-0.8757720589637756
456,1.8603706359863281,-5.06895637512207,0.5089325904846191,-0.6764569282531738,20.0,-1.919185757637024,4.182924747467041,4.663495063781738,-2.549238920211792,3.2081098556518555,0.23906457424163818,0.08124327659606934,1.8993651866912842,-0.6096794009208679,0.38672128319740295,-0.14987322688102722,-0.3856157958507538,-0.3386189341545105,-1.2469016313552856,0.1771545559167862,0.08286392688751221,-3.1200387477874756,-0.7309126853942871,-1.0355863571166992
457,-18.117984771728516,6.501091957092285,-3.880333423614502,-8.203237533569336,20.0,-2.690474271774292,18.441638946533203,-7.646511554718018,5.2397074699401855,3.394573211669922,0.26432180404663086,0.05278933048248291,-0.024863682687282562,-0.5058965682983398,0.2625052034854889,3.12491774559021,1.3690910339355469,-0.203212171792984,0.028567403554916382,0.10462229698896408,0.45341312885284424,-6.265655994415283,1.123395323753357,-0.7616546154022217
458,-50.75177764892578,6.7083516120910645,0.26836085319519043,-4.966442108154297,2.209278106689453,-0.5818192958831787,61.17279815673828,-28.244022369384766,23.296871185302734,-9.465988159179688,-7.954189300537109,2.7129337787628174,-2.7159368991851807,-0.05737016350030899,0.7126160264015198,8.520444869995117,6.7663373947143555,-1.83447265625,2.41178297996521,-1.7081985473632812,-0.6841093301773071,-3.234585762023926,13.670992851257324,-6.221096038818359
459,-34.72210693359375,2.5637869834899902,-1.2092170715332031,-11.936283111572266,-1.9407706260681152,0.19133591651916504,43.231258392333984,-30.308002471923828,29.53345489501953,-70.13755798339844,7.210601329803467,3.7732086181640625,-3.8820745944976807,0.8867576122283936,-0.09772277623414993,7.941434860229492,-0.053601544350385666,-1.3508458137512207,1.3528075218200684,0.02300884760916233,-0.3116535246372223,1.4456018209457397,-2.829563856124878,-0.2252931147813797
460,-21.80570411682129,-5.617719650268555,3.736048698425293,-12.67096996307373,-0.40462732315063477,0.10869598388671875,25.07711410522461,-23.954418182373047,26.799665451049805,-71.38797760009766,11.243692398071289,5.373184680938721,-4.033727645874023,0.4969989061355591,-0.07258803397417068,3.9704678058624268,1.6265275478363037,-0.957258403301239,1.7553246021270752,0.15213945508003235,-0.15946222841739655,0.4449576437473297,-2.306290864944458,0.14120392501354218
461,-5.079051971435547,-0.49378180503845215,0.25539422035217285,-7.74422550201416,-0.7938252687454224,0.1488262116909027,9.12302303314209,-24.51295280456543,20.33020782470703,-66.61672973632812,16.135669708251953,6.701125144958496,-3.0500080585479736,0.5538626909255981,-0.2704770863056183,-0.3727499544620514,-1.1274793148040771,0.15882880985736847,2.5828206539154053,0.34532567858695984,-0.27277395129203796,-0.6970037221908569,-1.874761700630188,-0.05452662706375122
462,8.03353500366211,-0.2326500415802002,-0.5184152126312256,3.4067916870117188,0.07196807861328125,0.020932793617248535,-13.213981628417969,-21.226675033569336,14.948482513427734,-55.39846420288086,19.400897979736328,9.795953750610352,-2.4941112995147705,0.3463427424430847,-0.5970931053161621,-1.9927250146865845,-1.159586787223816,0.5056023597717285,2.642336845397949,0.4199119210243225,-0.32012811303138733,-1.2958272695541382,-1.5418593883514404,-0.40463078022003174
463,15.647977828979492,2.395610809326172,-2.0698585510253906,4.7385663986206055,0.10688138008117676,0.0010619163513183594,-19.133617401123047,-20.159391403198242,4.410064220428467,-37.08746337890625,20.0,7.584657669067383,-1.3176586627960205,0.25831249356269836,-1.0207358598709106,-3.8332512378692627,-1.6608365774154663,0.6989474892616272,2.56827712059021,0.47323235869407654,-0.2416125386953354,-1.184610366821289,-1.6795991659164429,1.7360544204711914
464,17.45341682434082,3.0689284801483154,-0.5638608932495117,4.695228576660156,0.20397639274597168,-0.02366185188293457,-14.999727249145508,-6.949257850646973,-3.619081735610962,-14.10257625579834,20.0,4.930890083312988,0.3759368360042572,0.6153696775436401,-0.5885099172592163,-6.557961463928223,-1.3869023323059082,1.3873339891433716,2.1140036582946777,0.3075563907623291,-0.5493049621582031,-0.08621721714735031,-0.8099699020385742,1.467656135559082
465,41.34314727783203,3.0269663333892822,-3.5091476440429688,16.472732543945312,0.5342605113983154,-0.006511688232421875,-41.856292724609375,0.2808077335357666,-4.309350967407227,-18.17819595336914,18.864744186401367,5.11002779006958,2.100076198577881,1.0262936353683472,-0.27921849489212036,-2.4777822494506836,6.185181617736816,-0.8970439434051514,-0.10394144058227539,0.23362314701080322,-0.6268748641014099,3.5516586303710938,2.0814995765686035,0.9946723580360413
466,49.621360778808594,18.846965789794922,-15.431657791137695,-53.87316131591797,5.71708869934082,4.183444499969482,-47.034976959228516,0.9246859550476074,-2.3671789169311523,-3.6844635009765625,-0.5318856239318848,-0.08165168762207031,1.9048914909362793,-0.23179695010185242,0.05966338515281677,0.4466265141963959,-2.1962954998016357,0.051395535469055176,-2.4460277557373047,-0.9824941158294678,-0.5146449208259583,7.886189937591553,3.088837146759033,0.8241333365440369
467,25.647323608398438,24.04847526550293,-20.40392303466797,-60.657447814941406,10.104544639587402,6.002106189727783,-29.085342407226562,-0.6899056434631348,1.3363242149353027,-12.764287948608398,-1.2549679279327393,-0.14189934730529785,2.342064619064331,-0.3002912700176239,0.44129449129104614,-0.49486660957336426,-1.7421406507492065,0.001624271273612976,-3.0259785652160645,-0.2997078001499176,1.2621675729751587,5.451559543609619,-0.42891621589660645,0.6049571633338928
468,18.37704849243164,13.94146728515625,-22.70336151123047,-52.482513427734375,16.025840759277344,6.496617794036865,-24.36078643798828,4.390744209289551,-4.976898193359375,-13.771806716918945,-0.5449670553207397,-0.02883085608482361,2.4590492248535156,-0.18670395016670227,0.31671440601348877,-1.1930091381072998,-1.2574787139892578,0.028760170564055443,-3.010934352874756,0.09057287126779556,0.9396898150444031,0.589434802532196,0.26641419529914856,0.2094755619764328
469,7.420001983642578,5.439353942871094,-11.316978454589844,-37.561397552490234,20.0,4.889306545257568,-9.521722793579102,3.6822094917297363,-5.302363395690918,-3.9692916870117188,-0.4129982590675354,0.03866228088736534,2.8117611408233643,-0.2570018470287323,0.5418722033500671,-1.7540600299835205,-1.0400421619415283,-0.15257450938224792,-2.6400511264801025,-0.0019887052476406097,0.5276209712028503,-2.299975633621216,-0.18944598734378815,0.018901878967881203
470,-14.372974395751953,9.382142066955566,-3.7198691368103027,-16.729167938232422,20.0,4.02462100982666,13.66534423828125,-3.3019957542419434,2.106433629989624,5.049810409545898,-0.025519132614135742,-0.03412163257598877,2.934131145477295,-0.5576298236846924,0.44771045446395874,-1.7584248781204224,-1.0738763809204102,-0.642256498336792,-1.500386118888855,-0.29252147674560547,0.7928138971328735,-3.3780581951141357,-1.320006251335144,-0.17380936443805695
471,-9.05830192565918,3.074606418609619,-0.26923584938049316,-11.825499534606934,20.0,2.237335681915283,4.955408096313477,7.5085601806640625,-6.277791500091553,8.49610710144043,0.3152678608894348,0.08657389879226685,2.4052157402038574,-0.43658503890037537,0.3892937898635864,-0.98915696144104,-1.1132380962371826,-0.7815043926239014,-1.479365348815918,-0.15815746784210205,0.007230618968605995,-2.5187740325927734,-0.1951359510421753,-0.21512974798679352
472,-20.57050323486328,1.2335056066513062,4.776595115661621,-7.409826278686523,20.0,-1.280002236366272,22.322175979614258,-6.909536838531494,5.8232574462890625,2.775217056274414,0.019598841667175293,-0.05139937996864319,0.7954831123352051,-0.6074424386024475,0.5074315071105957,1.920817255973816,0.6770786643028259,-0.2944445013999939,0.02337045408785343,-0.3559647500514984,0.8887295126914978,-5.672664165496826,-0.6502910256385803,-0.19499322772026062
473,-43.37728500366211,-1.3502261638641357,4.910965919494629,-2.4538803100585938,6.193600654602051,-1.2589937448501587,51.93629455566406,-11.132526397705078,12.681594848632812,-29.07107925415039,-14.979928970336914,5.515561103820801,-2.0117955207824707,0.30695483088493347,0.7671470642089844,7.782716751098633,5.7793192863464355,-0.3216429054737091,1.4395734071731567,-0.5017077922821045,-0.6981899738311768,0.6891756653785706,-3.4934499263763428,-7.7853803634643555
474,-48.60253143310547,-2.6511662006378174,3.6376898288726807,-8.714946746826172,-1.7812049388885498,-0.07242536544799805,60.44879913330078,-38.500953674316406,39.055423736572266,-89.54856872558594,13.317684173583984,5.156502723693848,-4.3062639236450195,0.4209882616996765,0.296212375164032,9.252787590026855,0.5823235511779785,-1.1467498540878296,1.4824713468551636,-0.03105902671813965,-0.19050665199756622,1.0149216651916504,-2.5180552005767822,-0.13162247836589813
475,-25.261661529541016,-5.489209175109863,4.523879528045654,-12.618659973144531,-0.5800976753234863,0.0756458044052124,30.124235153198242,-26.042444229125977,35.16674041748047,-93.21614074707031,11.054088592529297,7.727145195007324,-4.319370269775391,0.17062227427959442,0.757385790348053,5.328250885009766,1.332366943359375,-0.5969961285591125,2.2365710735321045,-0.005338020622730255,-0.15326039493083954,-0.3096753656864166,-1.9122166633605957,0.12405848503112793
476,-10.715494155883789,3.337998628616333,-4.292553901672363,-13.233919143676758,-0.680227518081665,0.16269588470458984,8.680258750915527,-15.87890625,20.96415901184082,-62.654048919677734,15.827009201049805,8.559377670288086,-3.806126356124878,0.11347360908985138,-0.41394877433776855,-0.16905616223812103,1.0181056261062622,-0.11356306076049805,2.7856218814849854,0.33119067549705505,-0.4179184138774872,-1.4798662662506104,-1.3595703840255737,-0.35146087408065796
477,9.537320137023926,-0.6144223213195801,0.9612793922424316,3.360905647277832,-0.28794729709625244,0.025319278240203857,-9.50403881072998,-18.273771286010742,12.204278945922852,-53.31768798828125,19.939897537231445,11.462925910949707,-2.7228007316589355,-0.08029422163963318,-0.5101107954978943,-1.902191400527954,-0.9219226241111755,0.4206729531288147,3.2630228996276855,0.3607778549194336,-0.49046534299850464,-2.0440995693206787,-1.2487316131591797,-0.08962199091911316
478,13.651334762573242,2.623114824295044,-2.9207358360290527,2.390134811401367,-0.028977155685424805,0.056368112564086914,-16.669092178344727,-11.311931610107422,1.675150990486145,-28.938922882080078,20.0,7.049020767211914,-1.419627070426941,0.07343324273824692,-1.077502727508545,-4.296335697174072,-1.8390637636184692,1.1870231628417969,3.0588207244873047,0.6575337052345276,-0.3144567608833313,-1.8465678691864014,-1.2557446956634521,2.366091251373291
479,29.450590133666992,1.5528945922851562,0.17623186111450195,8.432273864746094,0.4574458599090576,-0.10297226905822754,-30.059185028076172,-2.0198230743408203,-9.353809356689453,-13.65192985534668,20.0,5.229794502258301,0.1645255982875824,0.399170845746994,-0.656554102897644,-6.034851551055908,-1.0671632289886475,1.3765084743499756,1.2491519451141357,0.4656708240509033,-0.7294167280197144,1.0089170932769775,1.1112606525421143,1.5965816974639893
480,47.057167053222656,9.805429458618164,-7.4933929443359375,9.493404388427734,0.3503901958465576,0.05842018127441406,-46.654808044433594,4.431299686431885,-6.468810558319092,-4.569957733154297,5.031837463378906,1.3313448429107666,3.0218117237091064,0.3639098107814789,-0.9731073379516602,-10.689321517944336,-1.0947076082229614,2.9620442390441895,-1.7229045629501343,0.03071020171046257,-1.0192826986312866,5.442854404449463,5.069256782531738,1.6736071109771729
481,36.57415771484375,17.749269485473633,-16.151687622070312,-33.591957092285156,-14.987464904785156,12.222447395324707,-33.22391891479492,-3.3361449241638184,1.2153784036636353,-4.3778839111328125,-1.1352684497833252,-0.20863091945648193,1.9751304388046265,0.1548824906349182,0.05350616201758385,0.3595762848854065,-1.9447565078735352,-2.470301628112793,-3.5005838871002197,-0.529183030128479,0.04986387491226196,9.212250709533691,1.5153056383132935,0.8602171540260315
482,10.478987693786621,21.03763198852539,-18.80000114440918,-66.26619720458984,3.968878746032715,6.1410231590271,-13.09762954711914,-1.2233219146728516,1.2603065967559814,-18.09917640686035,-1.1166131496429443,-0.16456151008605957,2.6610774993896484,-0.02910722605884075,0.2621345520019531,-0.5208570957183838,-1.8172630071640015,0.03293664753437042,-2.223766565322876,-0.2740374207496643,0.7454462647438049,2.8380212783813477,-1.609940528869629,-0.20048637688159943
483,-8.991144180297852,14.327157020568848,-9.116104125976562,-43.045501708984375,6.284214019775391,7.801102161407471,1.638376235961914,0.05155026912689209,-0.750762939453125,-7.250361919403076,0.009055674076080322,0.07875442504882812,2.826286792755127,-0.010616041719913483,0.24405500292778015,-0.9821337461471558,-1.6024965047836304,-0.18535803258419037,-1.2852400541305542,-0.17375515401363373,0.7510485053062439,-1.3444398641586304,-0.2296142429113388,0.8321483135223389
484,-7.30434513092041,11.006629943847656,-5.603036880493164,-35.419132232666016,6.823474884033203,4.832597255706787,-1.6706204414367676,3.4068264961242676,-3.9869208335876465,2.330662727355957,-0.18348312377929688,-0.050363391637802124,2.666987657546997,0.046454206109046936,0.27402204275131226,-0.9180819988250732,-1.5942645072937012,-0.16829490661621094,-1.0653069019317627,-0.21221710741519928,0.12349631637334824,-2.310368061065674,-1.3432002067565918,0.1657775640487671
485,-26.350040435791016,0.8689996004104614,3.343804121017456,-27.68697738647461,10.664977073669434,3.8643572330474854,14.555496215820312,2.1257481575012207,0.30542635917663574,3.2062721252441406,-0.012199878692626953,-0.0504363477230072,2.229874610900879,-0.2466852366924286,0.29811930656433105,-0.91264808177948,-1.4020178318023682,-0.43217945098876953,-0.312042236328125,-0.24998018145561218,0.5494844913482666,-4.225396156311035,-2.934083938598633,-0.15367642045021057
486,-6.85481071472168,-2.300093412399292,-2.6003456115722656,-33.011207580566406,19.56653594970703,1.2209649085998535,-3.0016682147979736,11.483683586120605,-7.445451736450195,9.971708297729492,0.5069000720977783,0.040726661682128906,1.9245065450668335,-0.4688456058502197,0.4262469708919525,-0.7875192761421204,-1.4189423322677612,-0.12113799154758453,-0.694494366645813,-0.23000147938728333,0.22616669535636902,-2.6457834243774414,-0.8961268663406372,-0.915206789970398
487,-15.372593879699707,5.708000183105469,-2.6047768592834473,-10.922426223754883,20.0,-0.08699870109558105,13.657559394836426,0.8226503133773804,-0.02229166030883789,4.3920745849609375,0.36443257331848145,0.0755007266998291,0.49855661392211914,-0.3241073787212372,-0.046049006283283234,1.2146716117858887,-0.6435226202011108,-0.5729056000709534,0.17442239820957184,0.12679657340049744,0.20961399376392365,-4.653123378753662,1.3938783407211304,-0.8651612401008606
488,-24.145675659179688,2.6611881256103516,6.364799499511719,-1.8982868194580078,14.370790481567383,-0.7384147644042969,33.428184509277344,-9.639619827270508,14.503012657165527,-26.86487579345703,-12.858850479125977,5.339632987976074,-1.188941240310669,-0.006128883920609951,-0.050173237919807434,5.792542457580566,3.2737278938293457,-0.6259990334510803,1.3609553575515747,0.12522408366203308,-0.1366642415523529,0.4556717872619629,-2.867047071456909,-7.107994556427002
489,-43.678627014160156,-10.236933708190918,9.97144889831543,-1.7960166931152344,-1.0232775211334229,-0.11585593223571777,50.61159896850586,-34.32371520996094,33.824180603027344,-97.11180114746094,13.984949111938477,4.679205417633057,-3.7028002738952637,0.4647659957408905,0.9398729801177979,9.89114761352539,1.427936315536499,-0.9419189095497131,1.3322616815567017,0.08989779651165009,-0.15614168345928192,0.7493247985839844,-2.2665834426879883,-0.04077697545289993
490,-27.527421951293945,1.7659657001495361,-1.863114356994629,-19.082242965698242,-0.8752174377441406,0.12104833126068115,24.923568725585938,-25.510570526123047,30.59344482421875,-68.83537292480469,13.404006004333496,5.734782695770264,-3.5192394256591797,0.18477763235569,0.42419424653053284,4.342475891113281,1.2585054636001587,-0.8071151375770569,1.8551559448242188,0.10283185541629791,-0.24610301852226257,-0.31020867824554443,-1.769121527671814,-0.05346140265464783
491,-17.47522735595703,-4.289920330047607,2.1137218475341797,-7.796225547790527,-0.6153793334960938,0.12377846240997314,17.568592071533203,-21.41619873046875,23.329952239990234,-63.933135986328125,19.378259658813477,8.774868965148926,-3.340432643890381,-0.26071831583976746,0.27691200375556946,1.0951188802719116,0.4925435185432434,0.2887691259384155,2.339245557785034,0.2788276672363281,-0.1366073489189148,-1.228110909461975,-1.2557014226913452,-0.3270040452480316
492,-8.560503005981445,1.858100175857544,-1.8880720138549805,-5.555721282958984,-0.5786771774291992,0.05779159069061279,4.856337547302246,-12.991518020629883,12.610506057739258,-42.643218994140625,20.0,11.971796035766602,-3.001279354095459,-0.30808019638061523,-0.5797548294067383,-2.273998975753784,-1.1681641340255737,0.9511213302612305,2.6170620918273926,0.5525262951850891,-0.3675874173641205,-1.9631844758987427,-0.8629187941551208,-0.9040921330451965
493,18.34626007080078,1.7912954092025757,-1.3909339904785156,4.645526885986328,0.14734935760498047,-0.03921627998352051,-20.851318359375,-10.742898941040039,1.677738904953003,-32.13240432739258,20.0,7.584156513214111,-1.4605939388275146,-0.3116837739944458,-0.8845422267913818,-4.513362407684326,-1.3267885446548462,1.2771167755126953,2.5663838386535645,0.6468444466590881,-0.1315978318452835,-1.714276671409607,-1.135542869567871,1.9754260778427124
494,46.56576156616211,4.736217975616455,-2.52238130569458,7.010021209716797,0.4970738887786865,0.0012364387512207031,-38.928165435791016,13.388736724853516,-15.210369110107422,-4.433250427246094,20.0,5.27281379699707,1.7385388612747192,0.30806657671928406,-0.5848179459571838,-8.818204879760742,-0.5384011268615723,2.9357380867004395,-0.0769830122590065,0.4307247996330261,-0.800611138343811,3.5210094451904297,3.2293736934661865,1.3564823865890503
495,49.95055389404297,14.286005973815918,-11.949312210083008,-8.504554748535156,-10.239419937133789,4.611503601074219,-52.69166946411133,-0.6507949829101562,-3.8202037811279297,-5.037097930908203,-0.7157087326049805,0.010100841522216797,1.9195585250854492,0.6299923658370972,-0.5671803951263428,0.051145076751708984,-1.2394418716430664,-5.825124263763428,-3.399472236633301,-0.29760298132896423,-1.302843451499939,9.558740615844727,3.7574963569641113,2.5827760696411133
496,25.903499603271484,14.625066757202148,-15.253873825073242,-57.539634704589844,4.9180006980896,8.756243705749512,-23.317079544067383,1.0401020050048828,2.5375101566314697,-15.781749725341797,-1.2905088663101196,-0.38208985328674316,2.3410096168518066,-0.14529427886009216,0.06385381519794464,-0.1994910091161728,-1.915642261505127,-0.0528947189450264,-2.963526487350464,-0.3175828754901886,0.2713744342327118,5.9720563888549805,0.3092927634716034,0.8084255456924438
497,16.53844451904297,18.562667846679688,-18.10565757751465,-54.48884582519531,7.109783172607422,7.896299362182617,-20.489423751831055,0.9768214821815491,-2.4461708068847656,-15.777856826782227,-0.786605954170227,-0.07511061429977417,3.050656795501709,0.16848084330558777,0.28573623299598694,-1.1206185817718506,-1.5741283893585205,-0.1274138242006302,-2.402965545654297,0.240342378616333,0.4535970389842987,0.1801615208387375,-0.46814286708831787,0.37333860993385315
498,-0.6990623474121094,16.763051986694336,-13.677915573120117,-43.38298797607422,11.483482360839844,3.938828468322754,-7.22950553894043,-5.313727855682373,2.251924514770508,-2.3805313110351562,-0.3466794490814209,-0.06887328624725342,3.1075029373168945,-0.18405279517173767,0.43476274609565735,-1.626887321472168,-1.2736167907714844,-0.012920316308736801,-2.2089157104492188,-0.362262487411499,0.7095723748207092,-2.080155849456787,-1.5250400304794312,0.07905256003141403
499,-9.604659080505371,9.58938980102539,-8.416102409362793,-31.590181350708008,15.404441833496094,2.3810160160064697,1.181044578552246,3.706246852874756,-2.788607120513916,6.183606147766113,0.07329368591308594,-0.0044558048248291016,2.81462025642395,-0.34762611985206604,0.3532693386077881,-1.5765916109085083,-1.2310216426849365,-0.131240576505661,-2.210627794265747,-0.41249266266822815,0.5122867822647095,-1.8486201763153076,-2.0746304988861084,-0.40444236993789673
500,-18.57063865661621,6.0079755783081055,-5.586886405944824,-15.828935623168945,18.93792724609375,3.525634288787842,13.071211814880371,-3.1441617012023926,3.065908432006836,1.8573322296142578,0.36303555965423584,-0.027692317962646484,2.50563907623291,-0.49823182821273804,0.21578407287597656,-1.3496131896972656,-1.007219672203064,-0.7480695843696594,-1.1612343788146973,-0.5469746589660645,0.9079103469848633,-4.344625473022461,-0.1630323827266693,-0.7315664887428284
501,-17.506242752075195,-0.2901676893234253,-0.4652472734451294,-7.790160655975342,20.0,-1.5066708326339722,16.36130142211914,5.45061731338501,-3.927584171295166,9.14718246459961,0.13427281379699707,0.10159587860107422,0.6924985647201538,-0.23006778955459595,0.03242115676403046,1.8372279405593872,0.3115260899066925,-0.5134530067443848,-0.5044656991958618,-0.1949109435081482,0.37096211314201355,-4.6898016929626465,-0.2659197151660919,-0.7943595051765442
502,-28.338329315185547,-6.228030204772949,12.186135292053223,-6.092618942260742,16.413000106811523,-3.5114903450012207,37.378746032714844,-6.325369834899902,7.677918910980225,-9.330671310424805,-10.918512344360352,4.339142322540283,-1.455547571182251,-0.4793761372566223,0.24779139459133148,5.985619068145752,3.907728910446167,-0.2466576248407364,1.4488515853881836,-1.0424429178237915,0.13793867826461792,-1.4708638191223145,9.889688491821289,-3.2860841751098633
503,-40.72277069091797,-8.34640884399414,5.887598991394043,-5.3303070068359375,-1.110135555267334,-0.10919523239135742,51.485511779785156,-27.14858627319336,22.959712982177734,-89.71881866455078,9.288667678833008,0.38766103982925415,-3.573153495788574,0.17110566794872284,0.24555401504039764,8.772082328796387,1.7628310918807983,-1.404549241065979,1.2198772430419922,0.15117287635803223,0.005870143882930279,1.3891487121582031,-2.766688108444214,0.09928003698587418
504,-37.42176055908203,7.12589168548584,-2.115384340286255,-14.93789291381836,-0.9494659900665283,0.13468718528747559,45.59956741333008,-37.498130798339844,37.28392791748047,-71.41362762451172,11.265785217285156,4.882815837860107,-4.160152435302734,0.6599450707435608,0.12448035180568695,5.647790908813477,1.2733285427093506,-1.209678053855896,2.0465891361236572,0.0810849517583847,-0.3737446665763855,0.2673179805278778,-2.2218306064605713,0.05760251730680466
505,-10.425579071044922,-3.2459216117858887,2.921921730041504,-6.533557891845703,-0.5571733117103577,0.11108630895614624,9.742250442504883,-25.771947860717773,26.952800750732422,-73.70137786865234,12.181140899658203,7.001925468444824,-4.109044551849365,0.13826437294483185,0.45993030071258545,2.7498514652252197,0.2613576352596283,-0.355264812707901,2.4115402698516846,-0.0936983972787857,-0.2407621294260025,-0.5614551305770874,-1.9024980068206787,0.028045862913131714
506,-2.4484920501708984,3.428946018218994,-3.850522994995117,-3.578829288482666,-0.23307085037231445,0.11111029982566833,-0.8675804138183594,-23.625774383544922,22.1124267578125,-63.75196838378906,19.965219497680664,10.006735801696777,-3.5893726348876953,0.2594258785247803,-0.11232161521911621,-0.21539610624313354,0.522504448890686,0.055483438074588776,2.686326265335083,0.2990449368953705,-0.20001491904258728,-1.4888311624526978,-1.3342143297195435,-0.3248397707939148
507,16.80780792236328,3.8723270893096924,-5.229095458984375,-1.8653755187988281,-0.2956244945526123,0.14095699787139893,-21.69960594177246,-13.571605682373047,1.4473047256469727,-36.53025436401367,20.0,7.554981231689453,-2.0559213161468506,0.18550755083560944,-1.36379873752594,-4.021729946136475,-1.156752347946167,0.9954561591148376,2.712123394012451,0.5799323320388794,-0.16323010623455048,-1.6210479736328125,-1.418289065361023,2.0147550106048584
508,24.786836624145508,4.492884159088135,-0.9587602615356445,3.844493865966797,0.004834175109863281,-0.0218505859375,-19.775798797607422,-6.122632026672363,-8.371402740478516,-11.11912727355957,20.0,4.616167068481445,0.28844720125198364,0.41537782549858093,-1.0225077867507935,-7.678353786468506,-2.398695230484009,2.131330966949463,2.0194146633148193,0.31810781359672546,-0.5266537666320801,0.1762876957654953,0.12584979832172394,1.5178474187850952
509,52.02762985229492,4.149918556213379,-3.68367338180542,14.351234436035156,0.707709789276123,-0.031015872955322266,-48.9185676574707,16.004444122314453,-16.17127227783203,-0.287109375,9.332196235656738,2.5720396041870117,2.9437055587768555,0.6872647404670715,-1.0174790620803833,-10.653409004211426,-1.1887389421463013,3.9039597511291504,-1.890951156616211,0.3305392861366272,-1.3702774047851562,6.773445129394531,5.9015793800354,2.063209295272827
510,37.74805450439453,11.537086486816406,-12.658500671386719,-44.4117431640625,10.158401489257812,15.656176567077637,-38.07854461669922,0.779575526714325,-0.4317288398742676,-9.769813537597656,-1.4806160926818848,-0.21419644355773926,2.3157668113708496,0.17849963903427124,0.019913427531719208,0.030061960220336914,-2.1094892024993896,-3.79372239112854,-3.459599494934082,-0.08647860586643219,-0.4263966381549835,8.295629501342773,1.7762718200683594,1.2828335762023926
511,-0.3755064010620117,24.721097946166992,-15.428681373596191,-56.82876205444336,3.6920430660247803,8.017848014831543,-3.2260971069335938,-8.83806324005127,6.999994277954102,-16.514076232910156,-0.9369412660598755,-0.24587684869766235,2.6627390384674072,-0.15026631951332092,0.35829129815101624,-0.34363415837287903,-2.012770891189575,-0.04026110842823982,-2.051326274871826,-0.2190912663936615,0.6500216722488403,2.194087028503418,-0.6903265118598938,0.46709373593330383
512,7.674538612365723,10.438989639282227,-6.864480972290039,-45.7910270690918,6.928008079528809,7.12169075012207,-14.444891929626465,6.871600151062012,-5.416721343994141,-7.5318145751953125,-0.47081851959228516,-0.00290602445602417,2.769745111465454,-0.17146624624729156,0.40827813744544983,-0.8057228326797485,-1.673475742340088,-0.04804364591836929,-1.884066104888916,0.13627378642559052,0.5061697363853455,-1.1748874187469482,-1.5598413944244385,0.3406379818916321
513,-16.841243743896484,16.465600967407227,-12.886646270751953,-47.68427276611328,14.128528594970703,4.760707378387451,3.820211410522461,0.0846635103225708,-1.0977931022644043,4.56485652923584,0.18317925930023193,-0.05186295509338379,2.4290647506713867,-0.22397413849830627,0.28621378540992737,-1.060449481010437,-1.5424998998641968,-0.05191343277692795,-1.7252299785614014,-0.026076193898916245,0.07982409000396729,-2.048386573791504,-0.9670180082321167,-0.5242078304290771
514,-8.198614120483398,3.17073917388916,-0.4948413372039795,-33.70905685424805,19.25523567199707,3.7743139266967773,0.05757331848144531,6.459972858428955,-4.7352495193481445,2.752046585083008,-0.1439051628112793,0.07818877696990967,2.4661917686462402,-0.26929816603660583,0.587688148021698,-1.304211139678955,-1.3216601610183716,-0.3388743996620178,-1.3488980531692505,0.2028348296880722,0.07356308400630951,-3.447429656982422,-2.092068910598755,-0.7386637926101685
515,1.377100944519043,7.978022575378418,0.0854501724243164,-11.772775650024414,20.0,-0.47182023525238037,1.6643600463867188,-0.9867881536483765,0.7053841352462769,6.62611198425293,0.37397611141204834,0.028657913208007812,2.6998865604400635,-0.7957775592803955,0.4776016175746918,-1.2228178977966309,-1.418590784072876,-0.3600316345691681,-0.7566742897033691,-0.3491056263446808,0.2844849228858948,-2.949636697769165,-0.6466227173805237,-1.1187416315078735
516,-12.583152770996094,0.9433300495147705,0.8414039611816406,-6.569238185882568,20.0,1.2465530633926392,9.22417163848877,3.0568246841430664,-1.907977819442749,5.254919052124023,0.15913845598697662,0.11508011817932129,0.9572733044624329,-0.6400027871131897,0.406532347202301,1.589034080505371,-0.04242955148220062,-0.5198303461074829,-0.5543792843818665,-0.06931266188621521,0.2202925831079483,-3.6676182746887207,0.045049868524074554,-1.0280237197875977
517,-26.776153564453125,-0.893195629119873,4.346527576446533,-9.481904983520508,16.225021362304688,0.3464752435684204,29.026853561401367,-8.143510818481445,8.573381423950195,-21.258790969848633,-10.1968355178833,3.6182079315185547,-0.6341791749000549,-0.9195106625556946,0.1464960277080536,4.5661702156066895,2.469409942626953,-0.3560102581977844,1.4246690273284912,-0.4681788384914398,0.8334699869155884,-1.4824779033660889,6.298356056213379,-2.2891154289245605
518,-47.72870635986328,-4.573924541473389,5.811792850494385,0.7675285339355469,-0.7186374664306641,-0.13060665130615234,61.28794860839844,-31.803329467773438,29.527132034301758,-99.3319320678711,8.910406112670898,-4.402080535888672,-3.712907314300537,0.3386737108230591,0.6170644164085388,10.763965606689453,2.8012969493865967,-1.5105668306350708,1.1745495796203613,0.1863413155078888,0.18114441633224487,1.3596831560134888,-2.8049046993255615,0.33885616064071655
519,-41.07218933105469,-2.9867382049560547,3.346282720565796,-17.909914016723633,-1.2111706733703613,0.11049747467041016,48.14274215698242,-26.39470100402832,32.05674362182617,-76.13251495361328,7.622359752655029,5.323696613311768,-4.199657440185547,0.1884906142950058,0.6401452422142029,7.014645576477051,1.6253480911254883,-1.1202768087387085,1.984402060508728,0.05340908467769623,-0.12433651089668274,0.25259438157081604,-2.195850372314453,0.03690509498119354
520,-20.103425979614258,1.7416361570358276,-1.5848957300186157,-14.327284812927246,-0.7824234962463379,0.16205227375030518,16.82660484313965,-23.64178466796875,27.843053817749023,-80.89802551269531,12.46603012084961,8.01457691192627,-4.107922554016113,0.29046300053596497,0.2756288945674896,1.814978003501892,1.4588512182235718,-0.5594902634620667,2.5004425048828125,0.3404883146286011,-0.19014114141464233,-1.0201923847198486,-1.5572552680969238,0.03671281039714813
521,1.8896236419677734,-1.2448176145553589,-0.6890203952789307,-4.782090187072754,-0.5566157102584839,0.1552114486694336,-7.295894622802734,-17.34099578857422,12.129751205444336,-59.91131591796875,19.806121826171875,10.03696060180664,-3.4885289669036865,-0.1690531075000763,-0.5373530983924866,-2.1350345611572266,0.011358256451785564,0.7140986323356628,2.7455222606658936,0.44393280148506165,-0.33218467235565186,-1.914261817932129,-1.1071170568466187,-0.2736545205116272
522,16.777441024780273,3.631079912185669,-2.2200536727905273,7.539026260375977,-0.021282196044921875,-0.030970335006713867,-20.483692169189453,-25.115440368652344,11.769739151000977,-55.038978576660156,20.0,11.070310592651367,-2.0535624027252197,-0.09532583504915237,-0.8533645272254944,-3.3994176387786865,-1.3759722709655762,0.886455237865448,3.0847678184509277,0.5353543758392334,-0.3177191913127899,-2.3580141067504883,-1.0497580766677856,0.7766066789627075
523,22.316997528076172,4.896531581878662,-2.316067695617676,6.713569641113281,0.17705583572387695,0.009421348571777344,-25.84407615661621,-16.590660095214844,-1.9197371006011963,-23.574954986572266,20.0,5.342926502227783,-0.5564051270484924,0.1392088234424591,-0.7199840545654297,-5.152998447418213,-2.17022442817688,2.1344425678253174,2.5000932216644287,0.4264516830444336,-0.21457839012145996,-1.3737462759017944,-0.8383737802505493,3.316791534423828
524,39.90806579589844,8.909558296203613,-6.612271785736084,6.434898376464844,0.4945719242095947,-0.04973745346069336,-35.23732376098633,5.078917503356934,-10.88512134552002,0.9094696044921875,17.32654571533203,4.059348106384277,1.9278181791305542,0.6236265897750854,-0.8537861108779907,-9.251235008239746,-1.2339898347854614,3.1312897205352783,-0.9706862568855286,-0.013287943787872791,-0.9417098164558411,4.451035976409912,4.154592037200928,2.3998286724090576
525,56.45832824707031,9.57918643951416,-14.806778907775879,-14.682661056518555,-17.746915817260742,8.421457290649414,-52.54149627685547,0.22278928756713867,-2.6849448680877686,-6.488277435302734,-0.9017915725708008,-0.1977376937866211,3.149920701980591,0.6480537056922913,0.16963812708854675,-2.19262433052063,7.74189567565918,-1.6693155765533447,-3.6456587314605713,-0.3044500946998596,-0.4655793011188507,9.943493843078613,3.508599042892456,2.0611748695373535
526,9.668753623962402,22.493928909301758,-20.338844299316406,-56.04804229736328,2.8759846687316895,15.656522750854492,-12.770669937133789,-5.293157577514648,3.2155404090881348,-17.14663314819336,-1.2768940925598145,-0.3213476538658142,2.17258358001709,-0.027291961014270782,0.08758321404457092,-0.1426866352558136,-1.95340895652771,1.6796761751174927,-2.9976539611816406,-0.5789332389831543,0.06430327892303467,4.959247589111328,-0.0695565789937973,-0.025010932236909866
527,7.235860824584961,19.210895538330078,-15.743707656860352,-54.19673156738281,6.596829414367676,7.6851983070373535,-9.161491394042969,1.860457181930542,-0.5023765563964844,-10.365142822265625,-0.4573207497596741,0.01333165168762207,2.641514539718628,0.1641838252544403,0.022454796358942986,-0.664202094078064,-1.7143491506576538,-0.10915257036685944,-2.142317056655884,0.017631256952881813,0.6376059055328369,0.5429272651672363,-0.3755423128604889,0.5685778856277466
528,-3.481431007385254,11.934070587158203,-7.661942958831787,-45.96315002441406,7.690336227416992,5.187638282775879,-1.3188023567199707,-0.9932147264480591,-0.1316978931427002,-2.7968807220458984,-0.3801240921020508,-0.08066621422767639,3.0773487091064453,-0.15255527198314667,0.24485060572624207,-1.3345280885696411,-1.423648476600647,-0.016842741519212723,-1.2548748254776,-0.4526589810848236,0.8101106286048889,-2.1654279232025146,-2.3878836631774902,-0.011527549475431442
529,-4.497947692871094,3.3105828762054443,-0.8754613995552063,-28.018291473388672,13.478647232055664,5.83646297454834,-6.462024688720703,13.164473533630371,-9.912993431091309,4.720346450805664,0.21497344970703125,0.09241718053817749,2.516589879989624,-0.02926524728536606,0.09104955941438675,-1.080356240272522,-1.3754799365997314,-0.5363758206367493,-1.777592658996582,0.06201023608446121,-0.11543991416692734,-2.090757369995117,-1.3689861297607422,-0.3056492805480957
530,-19.49032211303711,2.4149351119995117,-2.7617344856262207,-29.301061630249023,16.222749710083008,4.122176170349121,10.462745666503906,-0.13031169772148132,1.1309750080108643,2.398080825805664,0.1063699722290039,-0.019405007362365723,2.424309253692627,-0.27637046575546265,0.3257301449775696,-1.3332133293151855,-1.2887686491012573,-0.39118945598602295,-0.9208592772483826,-0.09587346017360687,0.3851086497306824,-4.307343482971191,-1.204760193824768,-0.7008970975875854
531,-10.185617446899414,-3.5627870559692383,4.233599662780762,-4.354812145233154,20.0,1.4867455959320068,11.012859344482422,0.6238343715667725,0.43013834953308105,6.282703399658203,0.24194109439849854,0.06275546550750732,0.8753604888916016,-0.6321799159049988,0.23115193843841553,1.2641798257827759,0.05388328433036804,-0.6162074208259583,-0.39402252435684204,-0.2956329584121704,0.8623652458190918,-5.03972864151001,-0.28881633281707764,-0.2927490472793579
532,-41.501060485839844,5.815335750579834,1.7274786233901978,-2.7088966369628906,7.743273735046387,-1.4992332458496094,51.709110260009766,-14.233682632446289,12.485846519470215,-18.507680892944336,-17.181882858276367,6.56926155090332,-1.893952488899231,0.08663070201873779,0.011791804805397987,7.004802703857422,4.3299784660339355,-1.0443449020385742,2.1728599071502686,-1.1666817665100098,-0.8852443695068359,-2.354837656021118,12.199501991271973,-4.387284278869629
533,-25.857088088989258,-3.499636173248291,2.814181327819824,-3.9574432373046875,-1.118711233139038,0.03201699256896973,31.928546905517578,-24.930227279663086,29.667463302612305,-89.04649353027344,6.103794574737549,-2.321502208709717,-3.2398014068603516,0.5558761954307556,0.13067637383937836,9.148517608642578,0.9685440063476562,-1.101747989654541,1.1768560409545898,0.15878015756607056,-0.1145344227552414,1.4611402750015259,-2.722125768661499,-0.07235676050186157
534,-25.518510818481445,-3.6761670112609863,3.1112961769104004,-16.193988800048828,-0.8797345757484436,0.10414367914199829,23.991294860839844,-24.851787567138672,29.26799774169922,-85.32687377929688,9.474268913269043,5.516179084777832,-3.142798900604248,0.481901079416275,0.3086061179637909,4.0950822830200195,0.0019786451011896133,-0.3299084007740021,1.7859885692596436,0.19136780500411987,-0.2731623947620392,0.08476138114929199,-1.987412452697754,-0.08005574345588684
535,-15.722021102905273,-3.1956236362457275,1.5932207107543945,-8.747353553771973,-0.4270681142807007,0.06700611114501953,14.376578330993652,-20.198503494262695,20.863571166992188,-59.92356491088867,14.160904884338379,6.758491516113281,-3.1083078384399414,0.08039837330579758,0.0759480819106102,0.4636499583721161,0.22894196212291718,0.36120352149009705,2.1065075397491455,0.27843189239501953,-0.26816022396087646,-0.7358049154281616,-1.5810363292694092,-0.06653589010238647
536,0.3276958465576172,-7.423724174499512,4.1595330238342285,1.181908130645752,-0.2899763584136963,-0.011261463165283203,-0.4526548385620117,-7.811240196228027,8.632113456726074,-64.34931182861328,19.9614315032959,8.03094482421875,-2.225773811340332,0.06994117796421051,-0.07525524497032166,-1.5123186111450195,-1.3536728620529175,1.2629554271697998,2.847975015640259,0.6462238430976868,-0.5567626357078552,-1.8296011686325073,-1.1705882549285889,-0.2628899812698364
537,16.742116928100586,3.228522300720215,-3.928891658782959,0.8773345947265625,0.059218645095825195,-0.054430246353149414,-19.517932891845703,-15.346752166748047,5.554452419281006,-27.59688949584961,20.0,5.842630386352539,-0.4692387580871582,-0.300304651260376,-0.7147635817527771,-5.108363151550293,-1.737553596496582,1.0048941373825073,2.823827028274536,0.7151094079017639,-0.17652195692062378,-1.6957879066467285,-1.3312169313430786,1.6993882656097412
538,29.957727432250977,2.6607747077941895,-1.5298376083374023,10.098724365234375,0.39870214462280273,0.0021376609802246094,-27.314977645874023,-3.8027589321136475,-6.733172416687012,-8.522624969482422,20.0,4.956409454345703,1.2863606214523315,-0.34526509046554565,-0.6580571532249451,-6.711411476135254,-1.688795566558838,2.3076915740966797,0.6096982955932617,0.308874249458313,-0.46023303270339966,1.8178383111953735,0.9669788479804993,1.8500142097473145
539,42.86771774291992,14.985640525817871,-10.939801216125488,-3.7179489135742188,-8.508075714111328,3.999497890472412,-47.53125762939453,2.9956133365631104,-6.343873500823975,-1.8156852722167969,-0.1298508644104004,-0.052520751953125,2.49918794631958,0.06586185097694397,-0.9632829427719116,-2.6507534980773926,8.99625015258789,-3.2028350830078125,-2.653569221496582,-0.09830521792173386,-1.419495940208435,8.292501449584961,3.8786795139312744,2.1879992485046387
540,21.255245208740234,18.82265853881836,-25.274717330932617,-71.5142822265625,7.3052167892456055,5.148733615875244,-24.82587242126465,-2.5420403480529785,4.161694526672363,-9.817764282226562,-1.289160966873169,-0.4090859293937683,1.7840512990951538,-0.018696703016757965,0.04669696465134621,-0.03267967328429222,-1.8548227548599243,0.12829336524009705,-3.034724473953247,-0.3033495843410492,-0.09674117714166641,7.309776306152344,-0.6102270483970642,-0.5811008810997009
541,12.359237670898438,14.3742094039917,-13.617987632751465,-49.02143096923828,10.817758560180664,6.536628246307373,-14.87906265258789,-0.4220905900001526,0.8393216133117676,-15.532182693481445,-0.4823346436023712,0.06048119068145752,2.417283296585083,-0.1322447806596756,0.3496612012386322,-0.9207152724266052,-1.434875726699829,0.0360456258058548,-2.381727457046509,0.10717973113059998,1.020256519317627,2.287518262863159,-0.1569855809211731,0.38971051573753357
542,-3.5554771423339844,16.586519241333008,-12.133810043334961,-32.526954650878906,11.55808162689209,7.133599758148193,-2.9608068466186523,-5.29193115234375,1.9014778137207031,-7.261532306671143,-0.3956787586212158,-0.05740225315093994,2.3989644050598145,-0.2132468968629837,0.3064156174659729,-1.2032572031021118,-1.267622709274292,-0.26336726546287537,-1.8190504312515259,-0.16778022050857544,1.093878984451294,-1.279097318649292,-1.0751655101776123,0.24206936359405518
543,1.1448354721069336,-1.0267791748046875,-3.9962801933288574,-30.38330078125,14.443981170654297,4.390543460845947,-6.145520210266113,7.067046642303467,-6.521346092224121,-1.2298660278320312,-0.1666874885559082,0.028347790241241455,2.574413776397705,-0.3216301202774048,0.4695633351802826,-1.4483650922775269,-1.112811803817749,-0.22274617850780487,-1.2589107751846313,-0.30037611722946167,0.49344074726104736,-3.5638463497161865,-1.3025709390640259,-0.22084815800189972
544,1.5502948760986328,8.587261199951172,-7.802915096282959,-16.366779327392578,20.0,-0.8047085404396057,-4.710509777069092,6.494509696960449,-5.897215366363525,7.618222236633301,0.11017155647277832,0.05918562412261963,2.3815054893493652,-0.16432519257068634,0.3598659336566925,-1.0787711143493652,-1.3957937955856323,-0.304934561252594,-1.4246071577072144,-0.017941094934940338,-0.31602203845977783,-2.7703912258148193,-1.0514488220214844,-0.8139572739601135
545,-17.251094818115234,6.433803081512451,-4.662853240966797,-17.002666473388672,20.0,-0.3789454698562622,11.954994201660156,-2.5950825214385986,3.8149170875549316,4.479694366455078,0.0496668815612793,-0.007752418518066406,1.9898205995559692,-0.36810779571533203,0.19482839107513428,-0.6896830201148987,-1.2377954721450806,-0.46384313702583313,-0.5211511850357056,0.02689206227660179,0.4409584701061249,-4.36959981918335,-1.7326549291610718,-1.131376028060913
546,-16.541011810302734,-0.4698293209075928,6.153514862060547,0.9129810333251953,20.0,-3.178245782852173,25.353130340576172,-6.814972400665283,5.148392200469971,8.655183792114258,0.6632885932922363,0.06193363666534424,-0.31348133087158203,-0.6290587186813354,0.2370246946811676,4.242605209350586,1.676365613937378,-0.2391919493675232,0.759773313999176,-0.21898779273033142,1.323954463005066,-5.421865940093994,1.1310621500015259,-0.5341837406158447
547,-57.407188415527344,2.8629965782165527,0.8588573932647705,-5.305789947509766,-0.45030975341796875,-0.0965578556060791,73.0754623413086,-34.13919448852539,27.900527954101562,-89.04766845703125,8.568212509155273,1.1275556087493896,-3.289015531539917,1.1704823970794678,0.4688412845134735,9.966785430908203,4.818716049194336,-1.812507152557373,1.5402156114578247,0.3925030827522278,-0.08446122705936432,1.327460527420044,-3.492584705352783,1.2771964073181152
548,-48.01150131225586,-7.194984436035156,6.658691883087158,-14.945816040039062,-1.731609582901001,0.0855569839477539,53.62459182739258,-36.142181396484375,44.24713134765625,-78.99624633789062,11.541072845458984,4.459977626800537,-4.878574848175049,0.32087740302085876,0.8202772736549377,8.088123321533203,0.5638250112533569,-1.3145118951797485,1.513435959815979,-0.0964297205209732,-0.07833830267190933,0.7205446362495422,-2.3113088607788086,-0.0022084414958953857
549,-10.755290985107422,-0.4660853147506714,-0.8507064580917358,-12.501440048217773,-0.4175069332122803,0.16982603073120117,8.556354522705078,-18.495990753173828,27.8970947265625,-85.4617919921875,10.856104850769043,7.643069267272949,-4.444235324859619,0.275760293006897,0.33259591460227966,3.2128074169158936,1.5488015413284302,-0.7297066450119019,2.2211830615997314,0.031649500131607056,-0.3723173141479492,-0.5864819884300232,-1.817548394203186,0.055846795439720154
550,-1.3605880737304688,-1.8211569786071777,0.6272592544555664,-5.87309455871582,-0.5837095975875854,0.13349932432174683,3.1214237213134766,-19.840118408203125,17.635229110717773,-66.51551818847656,17.74029541015625,9.494672775268555,-3.3488378524780273,0.06225759908556938,0.183874249458313,-0.9688018560409546,0.004978259559720755,0.45946261286735535,2.945751428604126,0.2549692988395691,-0.39011716842651367,-1.6165491342544556,-1.316071629524231,-0.22414562106132507
551,9.740816116333008,2.6114935874938965,-4.191473960876465,2.941990852355957,-0.21489596366882324,0.08188652992248535,-16.83441162109375,-19.82554817199707,14.307291984558105,-49.787376403808594,20.0,9.798565864562988,-2.5031044483184814,-0.3935319483280182,-0.8549777269363403,-3.061152458190918,-1.619421124458313,1.32172429561615,2.866096258163452,0.3830641210079193,-0.23794609308242798,-1.8848485946655273,-1.2519901990890503,1.2558592557907104
552,7.5955705642700195,-2.2157175540924072,3.0096964836120605,6.383337020874023,0.17148113250732422,-0.12405610084533691,-10.125377655029297,-9.408398628234863,1.46537184715271,-31.380395889282227,20.0,7.619507789611816,-1.6697005033493042,-0.20036554336547852,-0.49703407287597656,-3.9328582286834717,-1.3710987567901611,1.794089913368225,2.7723495960235596,0.5086027383804321,-0.21618424355983734,-1.7587535381317139,-1.133472204208374,2.1376681327819824
553,30.934833526611328,10.753353118896484,-7.246685028076172,2.9520263671875,0.10869789123535156,-0.037847042083740234,-24.630098342895508,-1.700636625289917,-5.830759048461914,-2.117206573486328,20.0,4.281312942504883,0.9064756631851196,0.2417110651731491,-0.8372264504432678,-8.520315170288086,-2.13962459564209,2.4030492305755615,0.5542595982551575,0.2560993731021881,-0.6019961833953857,2.3283069133758545,2.209317445755005,1.7391564846038818
554,53.33198928833008,12.791339874267578,-13.866323471069336,-26.53982925415039,-20.0,9.104208946228027,-49.82936096191406,9.510664939880371,-10.284114837646484,1.0136795043945312,-0.2328968048095703,0.015194892883300781,2.8281683921813965,1.1387282609939575,0.03589289262890816,-2.612518787384033,8.274127006530762,-0.8075605630874634,-2.445709705352783,0.30939626693725586,-1.2810865640640259,10.284647941589355,4.857420444488525,2.58095645904541
555,30.753870010375977,27.317230224609375,-26.433256149291992,-59.79106140136719,2.406067132949829,7.734436511993408,-32.96446228027344,-7.026485919952393,4.6702375411987305,-14.759197235107422,-1.575325846672058,-0.39879703521728516,2.0770108699798584,0.27166616916656494,0.01033581793308258,0.42381933331489563,-2.2846016883850098,0.10160990059375763,-3.404597520828247,0.04604323208332062,-0.34488436579704285,8.827686309814453,0.6359829306602478,0.27648404240608215
556,5.2652435302734375,21.061185836791992,-14.439805030822754,-60.57106399536133,0.8079245090484619,7.385556221008301,-11.940129280090332,-5.306636333465576,5.947237014770508,-21.079669952392578,-0.9801011085510254,-0.14793244004249573,2.6906180381774902,-0.08525319397449493,0.0794782042503357,-0.7694142460823059,-1.6645305156707764,-0.1407424509525299,-2.390197277069092,0.28563088178634644,1.3009659051895142,1.7981948852539062,-1.147933840751648,0.16498906910419464
557,-18.20110321044922,10.866216659545898,-6.853033542633057,-52.236385345458984,0.4849262237548828,8.333855628967285,4.921255588531494,-0.9844893217086792,-2.047853469848633,-5.925813674926758,-0.11522972583770752,0.015276774764060974,2.7614119052886963,-0.06438915431499481,0.3296889662742615,-1.3264731168746948,-1.4280345439910889,-0.04121392220258713,-1.567976713180542,-0.07718256860971451,0.9279758334159851,-2.156101703643799,-0.9251839518547058,0.051681727170944214
558,-7.348568916320801,5.447757244110107,-4.526107311248779,-44.26317596435547,6.03041934967041,5.901993751525879,-3.3970398902893066,6.883024215698242,-6.366861343383789,3.3721885681152344,-0.13211464881896973,0.06682419776916504,2.628142833709717,-0.1852489560842514,0.43657025694847107,-1.4996849298477173,-1.1894582509994507,-0.038429394364356995,-1.3991366624832153,-0.20873400568962097,0.2575623691082001,-3.1080706119537354,-1.8763513565063477,-0.057679176330566406
559,-2.618880271911621,4.813570499420166,-7.968846321105957,-31.641620635986328,12.901098251342773,1.8292466402053833,-6.435053825378418,8.697474479675293,-6.523129463195801,6.24397087097168,0.058641910552978516,0.057599663734436035,2.196354627609253,-0.2736562192440033,0.258327841758728,-1.2821027040481567,-1.1722185611724854,-0.053774312138557434,-1.672933578491211,-0.18886005878448486,-0.5570911765098572,-2.742926836013794,-2.1392340660095215,-0.5149365067481995
560,-6.801867485046387,8.889983177185059,-0.34213536977767944,-5.114323616027832,20.0,-2.144272804260254,13.311514854431152,-6.782181262969971,5.813382148742676,-0.212127685546875,0.19381499290466309,-0.07549905776977539,1.7879412174224854,-0.25147220492362976,0.26409590244293213,0.07412348687648773,-0.24922128021717072,-0.37561529874801636,0.15964658558368683,-0.06364458054304123,0.23015351593494415,-6.72343111038208,-1.1583081483840942,-1.3840878009796143
561,-17.136953353881836,2.4791486263275146,5.179351806640625,2.8971290588378906,15.051732063293457,-3.1924262046813965,25.439748764038086,-13.813297271728516,10.462957382202148,10.779800415039062,0.578326940536499,0.04370474815368652,-0.6653853058815002,-0.24039793014526367,0.3777054250240326,5.072610378265381,3.058011293411255,-0.3570516109466553,1.524945616722107,-0.7011010050773621,1.3564157485961914,-7.797283172607422,1.7116619348526,-0.5067085027694702
562,-43.03285598754883,-0.2732083797454834,2.1430954933166504,-4.842887878417969,-0.87912917137146,-0.07097029685974121,41.10282897949219,-19.909156799316406,26.242759704589844,-56.67649841308594,-20.0,9.987140655517578,-2.843366861343384,0.7751075029373169,0.6710866093635559,9.506850242614746,1.3916963338851929,-1.340073585510254,1.7023135423660278,-0.11316123604774475,-0.6429822444915771,0.28796958923339844,-1.3988673686981201,-8.298086166381836
563,-31.817155838012695,-11.764811515808105,7.646227836608887,-14.725345611572266,-0.8990076780319214,0.0846167802810669,30.602561950683594,-18.77290153503418,22.327917098999023,-69.46562194824219,8.505828857421875,4.0662150382995605,-3.6935369968414307,-0.07466383278369904,0.35004308819770813,6.605062961578369,0.5976915955543518,-0.6305994987487793,1.2522512674331665,0.11590342223644257,0.2236872911453247,0.9562572240829468,-2.403656482696533,-0.018045485019683838
564,-21.042287826538086,2.75539231300354,-1.2057640552520752,-13.019399642944336,-0.6881335973739624,0.07517778873443604,21.402265548706055,-31.13490867614746,29.05406379699707,-70.09955596923828,15.85415267944336,7.303819179534912,-3.5420475006103516,-0.12972483038902283,0.12683001160621643,1.9864604473114014,0.22085785865783691,-0.6320490837097168,1.8454914093017578,0.17638997733592987,0.20336973667144775,-0.16903407871723175,-1.8204318284988403,0.04055175185203552
565,5.575993061065674,1.6793454885482788,-2.927525520324707,-4.284817695617676,-0.33026647567749023,0.15763701498508453,-9.302688598632812,-17.923376083374023,12.292268753051758,-55.80168151855469,20.0,9.75179672241211,-2.4981002807617188,-0.2734847366809845,-0.8691432476043701,-1.8222239017486572,-0.9367794990539551,0.1370231956243515,2.3455986976623535,0.3713162839412689,-0.039400164037942886,-1.1360617876052856,-1.461868405342102,-0.30841702222824097
566,11.794507026672363,3.5615017414093018,-1.662583351135254,-0.9979248046875,-0.27587080001831055,0.11383533477783203,-15.779821395874023,-13.383511543273926,-2.6756644248962402,-37.24761199951172,20.0,9.0253324508667,-0.8915318250656128,0.13205300271511078,-1.144457459449768,-5.9991302490234375,-2.906639575958252,1.9627641439437866,2.56185245513916,0.625927209854126,-0.16499236226081848,-1.491080641746521,-1.3748645782470703,1.172653317451477
567,36.3817138671875,2.5758042335510254,-1.880157470703125,9.934394836425781,0.6179444789886475,-0.1187286376953125,-31.952680587768555,2.928004026412964,-13.129776000976562,-8.594996452331543,19.586950302124023,5.596566677093506,1.6350176334381104,0.22141732275485992,-1.2601830959320068,-8.96512222290039,-1.5076614618301392,2.2974085807800293,0.5524705052375793,0.22605928778648376,-0.6834827661514282,2.2581725120544434,1.3574841022491455,1.7382034063339233
568,36.64723205566406,14.19622802734375,-13.019514083862305,-10.017158508300781,-10.414632797241211,4.841986656188965,-40.54087829589844,-3.437134265899658,-1.2909979820251465,-3.930665969848633,-0.26004981994628906,-0.09241390228271484,2.516493558883667,0.5304361581802368,-0.28818708658218384,-2.388329029083252,6.720783233642578,-2.3056046962738037,-1.895236849784851,-0.46666058897972107,-1.0775773525238037,6.868108749389648,3.4044439792633057,2.1723923683166504
569,21.028303146362305,15.530357360839844,-15.960237503051758,-60.553466796875,1.5462117195129395,3.913328170776367,-22.620454788208008,2.812025547027588,-0.2776557207107544,-7.000545501708984,-1.0393913984298706,-0.3165353834629059,2.051206350326538,0.06136183440685272,0.3310667872428894,0.29524093866348267,-2.1797091960906982,0.05063176155090332,-2.374608039855957,-0.7012516856193542,-0.17552712559700012,7.118815898895264,-0.26644065976142883,0.02000192180275917
570,4.547624588012695,9.636090278625488,-16.356388092041016,-64.89939880371094,6.359671592712402,6.412052631378174,-14.997779846191406,6.236909866333008,-2.8847873210906982,-14.689050674438477,-0.6481678485870361,0.02288973331451416,2.478210210800171,0.0271606408059597,0.3535865843296051,-0.7538948059082031,-1.641850233078003,-0.0003000982105731964,-1.70671546459198,0.02828925848007202,0.36059609055519104,1.8001116514205933,-1.2286009788513184,0.39801719784736633
571,13.355570793151855,0.2744837999343872,-7.29796028137207,-38.62236022949219,13.549947738647461,5.179174423217773,-22.988750457763672,9.667187690734863,-7.364983081817627,-5.998472213745117,-0.28224003314971924,0.00010964274406433105,2.1708359718322754,-0.2895418405532837,0.43104690313339233,-1.0398519039154053,-1.27632737159729,-0.061282798647880554,-2.6089868545532227,0.12091367691755295,0.17349228262901306,0.08674240112304688,-0.7603978514671326,-0.15965531766414642
572,4.043813705444336,15.701070785522461,-11.585461616516113,-26.551973342895508,20.0,1.7591744661331177,-6.82111930847168,-4.8166584968566895,2.2330048084259033,-5.528392791748047,-0.4846625328063965,-0.015586376190185547,2.3289635181427,-0.41599512100219727,0.3624263107776642,-1.3622233867645264,-1.1476547718048096,-0.16634124517440796,-1.9079256057739258,-0.0183693990111351,0.3974262773990631,-3.6883432865142822,-2.5246098041534424,-0.28853681683540344
573,5.097280502319336,6.900832653045654,-3.3235909938812256,-7.2411417961120605,20.0,0.7181216478347778,-2.8722639083862305,0.6155165433883667,-1.4929676055908203,5.36097526550293,0.270308256149292,0.03335285186767578,2.4067139625549316,-0.48261523246765137,0.39196962118148804,-1.0916008949279785,-1.3272746801376343,-0.5337588787078857,-1.6323131322860718,-0.04292379319667816,0.41521552205085754,-3.8215506076812744,-1.1110697984695435,-0.40972086787223816
574,-10.44256591796875,0.9969613552093506,-5.823997497558594,-11.145835876464844,20.0,2.1551034450531006,8.599576950073242,1.1520116329193115,0.38414955139160156,7.843689918518066,0.34470510482788086,-0.008166074752807617,1.445042371749878,-0.6739664077758789,0.1874416470527649,0.38446784019470215,-0.7685317397117615,-0.5125969648361206,-1.3010979890823364,-0.05029148608446121,0.8604782819747925,-3.653348684310913,0.6612733602523804,-0.7972990870475769
575,-24.92806053161621,5.145636081695557,-1.2858092784881592,-12.737520217895508,20.0,-0.7116739749908447,28.86114501953125,-7.438088893890381,7.098365306854248,-19.303146362304688,-14.305356979370117,5.5603508949279785,0.5449920296669006,-0.8289778232574463,-0.05849313735961914,2.8238015174865723,1.0017255544662476,-0.5456753969192505,0.76910799741745,-0.614977240562439,0.5568761825561523,-0.9130233526229858,7.741395950317383,-2.7545740604400635
576,-48.59815216064453,-1.9205820560455322,3.694276809692383,-0.19350433349609375,0.2872762680053711,-0.16698265075683594,58.22780990600586,-37.62144088745117,27.81768035888672,-89.28250122070312,12.474101066589355,-2.282921075820923,-3.0194451808929443,0.6662024855613708,0.824280858039856,9.222517967224121,6.348667621612549,-1.689078450202942,0.9577735066413879,0.27720028162002563,0.14155977964401245,1.4712692499160767,-2.725133180618286,0.41143888235092163
577,-44.6239128112793,-6.902251243591309,5.089985370635986,-11.926769256591797,-1.889871597290039,0.09886884689331055,55.0506706237793,-29.389389038085938,38.504600524902344,-76.02410888671875,11.131490707397461,4.43474006652832,-4.37959623336792,-0.0814635157585144,0.4707806706428528,8.724096298217773,0.783247172832489,-1.2412539720535278,1.6230151653289795,-0.18947750329971313,-0.22320546209812164,0.5555888414382935,-2.2806246280670166,-0.02516040951013565
578,-18.567291259765625,5.542738914489746,-3.4110336303710938,-15.93935775756836,-0.6764516830444336,0.1696404218673706,15.183937072753906,-23.089384078979492,31.273942947387695,-84.9292221069336,9.745150566101074,7.628932952880859,-4.062904357910156,0.5371300578117371,0.32298552989959717,3.336357831954956,0.9783439040184021,-0.8199034929275513,2.255711317062378,0.1842595934867859,-0.43633097410202026,-0.8279025554656982,-1.640313744544983,0.015100374817848206
579,-4.74616813659668,1.3524872064590454,-1.9346961975097656,-3.79644775390625,-0.40415525436401367,0.1405940055847168,2.840118408203125,-25.06270980834961,26.96741485595703,-66.40624237060547,10.690872192382812,9.573243141174316,-3.7493643760681152,-0.013975822366774082,-0.290971040725708,0.7181709408760071,0.2924906611442566,-0.21006351709365845,2.60646915435791,0.18139450252056122,-0.3779619038105011,-1.5146795511245728,-1.2909032106399536,-0.2288663685321808
580,3.9050979614257812,2.6326632499694824,-1.8134181499481201,-1.9966115951538086,-0.30864429473876953,0.10530674457550049,-8.10692024230957,-18.58941078186035,16.139739990234375,-56.335472106933594,20.0,11.811539649963379,-2.698225498199463,0.19071468710899353,-0.4404710531234741,-2.6383554935455322,-0.6431087851524353,0.8648644089698792,2.9553799629211426,0.4685421586036682,-0.35749882459640503,-2.3831124305725098,-0.8139548897743225,-0.5785395503044128
581,12.298711776733398,-2.9784164428710938,1.8295258283615112,4.904075622558594,-0.0427250862121582,-0.013609886169433594,-15.261564254760742,-9.834335327148438,-1.6461325883865356,-33.97989273071289,20.0,8.68415641784668,-1.574144959449768,0.07909715175628662,-0.49431419372558594,-4.312600135803223,-1.7808305025100708,2.155056953430176,2.850590467453003,0.5577890872955322,-0.2508595883846283,-2.1703014373779297,-0.9872433543205261,2.1855053901672363
582,29.831676483154297,2.623535633087158,-2.034116268157959,4.156410217285156,0.13126659393310547,-0.07077217102050781,-21.534767150878906,6.253840446472168,-9.766586303710938,-0.29331541061401367,20.0,4.81040620803833,1.0365219116210938,0.11206739395856857,-0.5725714564323425,-8.14594554901123,-3.0063278675079346,3.590740919113159,1.0127352476119995,0.18599900603294373,-0.77078777551651,1.7111040353775024,2.009490489959717,1.9522323608398438
583,57.9549674987793,14.40762710571289,-9.779376029968262,15.304805755615234,0.895037055015564,-0.19715213775634766,-60.08230972290039,5.885673522949219,-6.770682334899902,-1.59368896484375,-0.2935171127319336,-0.012325763702392578,3.4160897731781006,0.8264633417129517,-0.1457100212574005,-3.75093936920166,11.075994491577148,-1.332266926765442,-3.116077184677124,0.09935782849788666,-1.0555750131607056,9.915300369262695,5.379148960113525,3.453963279724121
584,37.6385498046875,13.042928695678711,-10.042338371276855,-35.88042068481445,-1.4758880138397217,16.846561431884766,-33.748497009277344,4.5044074058532715,-2.5429816246032715,-17.048858642578125,-1.6538084745407104,-0.4622207581996918,2.2209525108337402,0.49779051542282104,0.1108754575252533,-0.13065537810325623,-1.858874797821045,-3.027413845062256,-3.674344539642334,0.013712657615542412,-0.5716930627822876,8.003615379333496,0.7786728739738464,0.147776797413826
585,-5.023636341094971,23.198789596557617,-14.845748901367188,-48.75994110107422,2.4568710327148438,8.542929649353027,-0.7785816192626953,-12.222087860107422,9.645941734313965,-20.121234893798828,-0.885025143623352,-0.13151437044143677,2.5411245822906494,-0.10640458762645721,0.18961882591247559,-0.5854282379150391,-1.7537592649459839,-0.13496994972229004,-2.2471537590026855,-0.13130924105644226,0.9665509462356567,0.5564209222793579,-0.9324334859848022,0.3261672556400299
586,0.8296985626220703,16.098405838012695,-9.812810897827148,-40.53792953491211,6.96262788772583,5.786129474639893,-5.905016899108887,0.37524378299713135,-1.3221633434295654,-4.411088943481445,-0.2853226661682129,-0.018886923789978027,2.680232524871826,-0.20219604671001434,0.08927487581968307,-0.9507923126220703,-1.5140080451965332,-0.07333022356033325,-1.5542471408843994,-0.2354586273431778,0.8328902125358582,-2.701651096343994,-1.3688451051712036,0.31314605474472046
587,-23.807586669921875,10.274394989013672,-1.8471653461456299,-40.19752502441406,6.91563606262207,4.329315662384033,12.527782440185547,0.633769154548645,-0.3878955841064453,5.687699317932129,0.0958261489868164,-0.04828953742980957,2.6762301921844482,-0.30107107758522034,0.3148985207080841,-1.2201323509216309,-1.514873743057251,-0.0564514622092247,-0.7600015997886658,-0.21768563985824585,1.1607158184051514,-3.961794137954712,-2.133936882019043,-0.052692852914333344
588,-2.246859550476074,-0.39341676235198975,-1.4445922374725342,-30.066322326660156,17.117647171020508,4.709437847137451,-7.154247283935547,16.055646896362305,-11.818434715270996,10.24919319152832,0.32581567764282227,0.10787296295166016,2.2154488563537598,-0.35197365283966064,0.29602086544036865,-0.9337397813796997,-1.377931833267212,-0.4095924198627472,-1.4714332818984985,0.04857777804136276,0.2848491966724396,-1.8480644226074219,-1.0586040019989014,-0.42630547285079956
589,-6.0740556716918945,0.7276034355163574,1.8485822677612305,-6.203120231628418,20.0,3.100799560546875,7.4254021644592285,2.682572841644287,-2.661022424697876,1.4650325775146484,0.19655966758728027,0.04238545894622803,1.330546498298645,-0.31784337759017944,0.20478397607803345,0.7045353651046753,-0.5721310377120972,-0.8797088861465454,-0.7248920798301697,0.07395431399345398,-0.12681247293949127,-3.9025380611419678,0.42015814781188965,-0.9434674978256226
590,-22.95315170288086,2.25990629196167,5.220495223999023,-2.1120471954345703,17.015270233154297,-2.5568981170654297,33.84929656982422,-12.87547492980957,9.427757263183594,5.6928253173828125,0.26416826248168945,-0.04546689987182617,-0.6440626382827759,-0.4745963513851166,0.014619112014770508,5.337292194366455,2.592740297317505,-0.36539924144744873,1.5536153316497803,-0.6481716632843018,0.3830903172492981,-2.9366421699523926,9.223756790161133,-4.34904670715332
591,-42.12359619140625,-5.3960723876953125,4.5249481201171875,-3.276233673095703,-0.8057634830474854,-0.08335113525390625,45.873775482177734,-29.796588897705078,27.743698120117188,-82.32182312011719,8.41834831237793,18.584596633911133,-3.220205545425415,0.43327435851097107,0.4010494351387024,9.929159164428711,1.8093397617340088,-1.140321969985962,1.4930013418197632,0.38992300629615784,0.5004478693008423,0.9741076827049255,-2.75329327583313,3.828489303588867
592,-32.779598236083984,-2.2582643032073975,3.4481959342956543,-13.938526153564453,-0.9984276294708252,0.06264042854309082,34.2125129699707,-33.27802658081055,36.56592559814453,-84.18741607666016,9.855794906616211,5.111388206481934,-3.802473306655884,0.3117906153202057,0.6925764083862305,7.0862345695495605,0.4853724539279938,-0.7331905364990234,1.7517417669296265,0.06906289607286453,-0.13440147042274475,0.4034707546234131,-2.262403964996338,-0.189641535282135
593,-14.127283096313477,-8.734041213989258,4.08729887008667,-10.14667797088623,-0.40637660026550293,0.07144612073898315,7.769954681396484,-19.254974365234375,22.647184371948242,-81.13800811767578,10.676543235778809,8.440204620361328,-3.8726351261138916,-0.41842442750930786,0.6183035969734192,3.421748399734497,1.2015483379364014,-0.22241444885730743,1.9298609495162964,0.1586371809244156,-0.0077466703951358795,-0.5449934005737305,-1.7318012714385986,0.13832539319992065
594,-0.14570903778076172,4.449626445770264,-3.4399056434631348,-5.995024681091309,-0.5204697847366333,0.09908950328826904,-4.189096927642822,-26.64545249938965,18.185848236083984,-69.01502990722656,17.28673553466797,11.397751808166504,-3.022455930709839,-0.07757360488176346,0.24062415957450867,-0.3897102475166321,-0.3342128098011017,0.4259791374206543,2.427736282348633,0.4947521984577179,-0.1084742620587349,-1.649288535118103,-1.1298750638961792,-0.2522504925727844
595,11.493026733398438,1.3694024085998535,-1.6607587337493896,3.0162582397460938,-0.04366803169250488,0.027240991592407227,-11.761520385742188,-20.607431411743164,13.672159194946289,-56.41103744506836,20.0,13.01295280456543,-1.4018489122390747,-0.17784519493579865,-0.13078342378139496,-2.6409757137298584,-1.3814133405685425,1.1436876058578491,3.207172155380249,0.5340271592140198,-0.21574078500270844,-2.5080463886260986,-0.8734936714172363,-0.3403158485889435
596,18.52750015258789,2.1320457458496094,-1.7624502182006836,4.546846389770508,0.18964862823486328,-0.03306317329406738,-22.287269592285156,-11.796878814697266,-3.940717935562134,-26.45095443725586,20.0,6.795689582824707,0.0798112228512764,0.012725276872515678,-0.2966601550579071,-4.636256217956543,-1.8049848079681396,1.9221217632293701,3.029966354370117,0.5675308108329773,-0.09112530201673508,-2.007065773010254,-1.1616531610488892,3.3902711868286133
