Timestep,left_hip_pitch_joint_Torque,left_hip_roll_joint_Torque,left_hip_yaw_joint_Torque,left_knee_joint_Torque,left_ankle_pitch_joint_Torque,left_ankle_roll_joint_Torque,right_hip_pitch_joint_Torque,right_hip_roll_joint_Torque,right_hip_yaw_joint_Torque,right_knee_joint_Torque,right_ankle_pitch_joint_Torque,right_ankle_roll_joint_Torque,left_hip_pitch_joint_Vel,left_hip_roll_joint_Vel,left_hip_yaw_joint_Vel,left_knee_joint_Vel,left_ankle_pitch_joint_Vel,left_ankle_roll_joint_Vel,right_hip_pitch_joint_Vel,right_hip_roll_joint_Vel,right_hip_yaw_joint_Vel,right_knee_joint_Vel,right_ankle_pitch_joint_Vel,right_ankle_roll_joint_Vel
50,0.1078147292137146,2.3068935871124268,-1.2123489379882812,3.568462371826172,-0.021413803100585938,0.03246760368347168,-0.511652946472168,-9.934833526611328,19.9493408203125,-59.901302337646484,-0.95099937915802,6.110763072967529,0.12258517742156982,0.3005334436893463,0.02107352577149868,-1.638749599456787,-1.2250182628631592,-0.6316186785697937,1.1551845073699951,0.11800631880760193,-0.41177117824554443,-1.8012220859527588,0.6037681698799133,-0.18114884197711945
51,4.138223648071289,2.120310068130493,-1.217339277267456,-3.030597686767578,-0.16626834869384766,0.14551496505737305,5.929835319519043,-6.070779800415039,9.693851470947266,-48.0374755859375,-16.60872459411621,5.398432731628418,3.4620068073272705,0.6178469657897949,-0.18669115006923676,-7.690301895141602,-2.072159767150879,0.5248338580131531,2.9855642318725586,0.23756495118141174,-0.6769407987594604,-2.4742753505706787,0.44977301359176636,0.17284652590751648
52,3.6153945922851562,2.1328065395355225,-2.146052598953247,3.1218338012695312,-0.17865371704101562,0.0755155086517334,-18.15485191345215,6.8744893074035645,-6.006127834320068,-4.764090538024902,-3.653667449951172,2.0363340377807617,4.438939094543457,0.7406890988349915,-0.4958818554878235,-12.38727855682373,-3.069570779800415,1.8911775350570679,1.1544791460037231,0.6210202574729919,-0.4807259440422058,1.2183603048324585,-7.088581085205078,2.999945878982544
53,2.404247283935547,7.436445236206055,-7.620244979858398,-46.93848419189453,-17.63006019592285,4.290255069732666,-4.234537601470947,2.086230754852295,-1.5066862106323242,12.028087615966797,1.5699591636657715,-0.29020214080810547,1.84091317653656,-0.1769307255744934,-0.2250327616930008,-1.4960798025131226,5.14075231552124,0.23732580244541168,-1.339792251586914,0.20289793610572815,0.26050618290901184,11.513668060302734,-1.7289469242095947,2.5562350749969482
54,-16.0075626373291,18.684106826782227,-18.940513610839844,-89.69133758544922,-4.987597942352295,5.033275604248047,-11.387115478515625,7.611255645751953,-3.4711110591888428,-6.5821380615234375,-0.05606341361999512,-0.3513471484184265,1.3209490776062012,-0.18238045275211334,0.04083624854683876,-0.6929003000259399,-0.33080852031707764,0.5530073642730713,-1.3974512815475464,0.7795420289039612,0.8380614519119263,11.431907653808594,-0.09419640898704529,0.07151974737644196
55,-30.415294647216797,17.163673400878906,-20.065217971801758,-92.68334197998047,-5.877467155456543,5.407525062561035,-6.107095241546631,2.27668833732605,-1.8178086280822754,-15.07291030883789,-0.3664994239807129,-0.0605626106262207,1.0248020887374878,-0.3113601803779602,0.00790492631494999,-1.8280760049819946,0.42564064264297485,0.3997880816459656,-0.7792851328849792,0.7946170568466187,0.7202557325363159,6.64536190032959,1.4067891836166382,-1.0306317806243896
56,-22.552730560302734,16.744342803955078,-14.901249885559082,-73.22286987304688,-8.489636421203613,5.405669212341309,-4.828239917755127,-4.718641757965088,-1.1900980472564697,-13.57293701171875,-0.6564915180206299,0.10476469993591309,1.3635379076004028,-0.27938586473464966,0.41097235679626465,-2.895940065383911,1.0191245079040527,0.31739097833633423,0.10561467707157135,0.16494424641132355,0.13900576531887054,1.5890203714370728,0.7329732775688171,-1.653799295425415
57,-20.884811401367188,17.134502410888672,-13.009583473205566,-57.40192794799805,-12.480918884277344,4.916230201721191,-2.051708698272705,-6.029685020446777,1.4413061141967773,-9.427371978759766,-0.48267173767089844,0.13530254364013672,1.6787294149398804,-0.33523666858673096,0.4738007187843323,-3.713326930999756,1.4126312732696533,0.5180968642234802,1.2305054664611816,-0.5318653583526611,-0.23575422167778015,-3.5962283611297607,0.5070945024490356,-2.1342923641204834
58,-8.905556678771973,12.409913063049316,-7.322664260864258,-22.347219467163086,-9.004814147949219,4.276033878326416,0.8925180435180664,-4.314903736114502,1.3291511535644531,-1.0590324401855469,-0.4002329111099243,0.2523372173309326,1.614029884338379,-0.02268010377883911,0.4373909831047058,-2.5918047428131104,-1.609025478363037,0.12960031628608704,2.5391623973846436,-0.9819303154945374,-1.0079715251922607,-7.189560890197754,-0.786898136138916,-1.2120530605316162
59,-7.359474182128906,5.88930082321167,-2.852097749710083,3.4523239135742188,0.036800384521484375,0.0888066291809082,3.9207324981689453,-4.543047904968262,6.40885066986084,8.482746124267578,-0.1466522216796875,-0.02620697021484375,-0.06939806044101715,0.5686841607093811,0.614669919013977,1.552996277809143,-3.600572347640991,1.6433336734771729,2.450453519821167,-0.6108160018920898,-0.3469531536102295,-7.458290100097656,-2.913933038711548,-1.7582074403762817
60,0.12572407722473145,1.6351377964019775,-1.4418022632598877,0.189697265625,0.5157289505004883,-0.16595494747161865,2.370480537414551,-2.193127393722534,3.099418878555298,11.461748123168945,0.4005317687988281,0.12663555145263672,-0.33497950434684753,0.4273725748062134,0.4271910488605499,3.5244076251983643,-2.1699819564819336,0.8579360246658325,2.499216079711914,-0.5023057460784912,0.3022068440914154,-6.323326587677002,-2.3901760578155518,-0.9219993948936462
61,5.824219703674316,2.5298690795898438,-2.2597880363464355,-1.856607437133789,0.4183472990989685,-0.119903564453125,-7.531084060668945,0.709766149520874,-0.7845402359962463,6.276350021362305,0.02822113037109375,0.07069051265716553,-0.2129475474357605,0.3184337019920349,-0.2271174043416977,3.927642822265625,-0.20201995968818665,-0.5501907467842102,2.449028253555298,-0.5807121992111206,-0.09659501910209656,-6.6451873779296875,-3.047682762145996,-0.9668084979057312
62,3.110873222351074,-0.9874981045722961,0.32794779539108276,-4.73005485534668,-0.07667803764343262,0.023836970329284668,-11.111526489257812,1.682442545890808,-1.0487186908721924,6.839832305908203,0.2024250030517578,0.10026496648788452,-0.045654840767383575,0.5401158332824707,0.1982615888118744,2.756654977798462,-0.6144710779190063,-0.7766011357307434,-1.386878252029419,0.030229836702346802,1.1341192722320557,0.18754497170448303,2.369023323059082,7.385051250457764
63,-10.064749717712402,2.0697021484375,-1.4453158378601074,-3.0931763648986816,-0.12349879741668701,0.10871267318725586,14.547444343566895,-11.498505592346191,25.98350715637207,-41.5515251159668,-12.457490921020508,-2.2769434452056885,1.3485777378082275,-0.136102095246315,-1.3047815561294556,0.7972415685653687,-0.5340891480445862,-0.5541636347770691,-0.09236264228820801,-0.37723326683044434,-0.30036115646362305,1.4775679111480713,1.3679144382476807,1.451617956161499
64,-20.36167335510254,-8.87990665435791,8.572343826293945,4.27923583984375,-0.056740134954452515,-0.06587696075439453,9.172767639160156,-16.509737014770508,28.007953643798828,-73.30917358398438,-19.52546501159668,-1.1176655292510986,-0.21429462730884552,0.1362423449754715,-0.44253087043762207,4.855218887329102,0.17239943146705627,-0.6745840311050415,0.32213926315307617,0.5315548181533813,0.09799830615520477,1.466247797012329,-2.9467711448669434,1.240325927734375
65,-30.346895217895508,-11.950104713439941,7.751979827880859,-1.5135211944580078,-0.35698485374450684,-0.05205190181732178,19.019285202026367,-25.086517333984375,43.27016067504883,-102.01081848144531,-8.974087715148926,3.2745931148529053,-1.022226333618164,-0.33731433749198914,0.4676287770271301,6.113383769989014,0.9248740673065186,-0.949874222278595,0.3871285915374756,0.20009222626686096,-0.027000263333320618,1.1093041896820068,-1.4870589971542358,0.05330883339047432
66,-39.97666931152344,-5.798995018005371,5.182071685791016,-7.869140625,-0.5704202651977539,0.007706165313720703,30.179121017456055,-25.891904830932617,42.71120071411133,-82.03954315185547,1.4791295528411865,6.633179187774658,-2.515174627304077,-0.44117361307144165,1.1262054443359375,5.91060733795166,2.04512357711792,-0.8099572658538818,0.7419705390930176,0.07552382349967957,-0.22595852613449097,0.21110093593597412,-1.0217796564102173,-0.026748627424240112
67,-27.790739059448242,0.9649816751480103,-1.0018506050109863,-11.305209159851074,-0.9433498382568359,0.06525206565856934,14.244588851928711,-25.133499145507812,38.18098068237305,-82.45858764648438,4.495408535003662,6.0378217697143555,-2.747861385345459,-0.3436707556247711,0.9193273186683655,2.2877907752990723,0.27312424778938293,-1.0238301753997803,1.377005696296692,0.271864652633667,-0.41325029730796814,-1.0149129629135132,-0.45844918489456177,-0.011659599840641022
68,-5.4517011642456055,0.34229469299316406,-1.7379761934280396,-3.9431042671203613,-0.3146646320819855,0.13533663749694824,-15.338130950927734,-18.284616470336914,28.807891845703125,-79.06668090820312,3.7664194107055664,8.093461036682129,-2.7088820934295654,-0.2673344910144806,0.4312901794910431,-0.7394157648086548,0.035762179642915726,-0.6792528033256531,1.3591554164886475,0.6232942938804626,-0.4738003611564636,-1.8733413219451904,0.09080377221107483,-0.012688212096691132
69,-7.256866455078125,6.763131141662598,-3.7416436672210693,-3.2969894409179688,-0.43060195446014404,0.11812853813171387,-0.3658447265625,-25.47146224975586,25.595203399658203,-45.94816589355469,6.565239906311035,8.09632396697998,-1.5741028785705566,-0.1554202288389206,0.2556704580783844,-4.800410270690918,-0.803959846496582,-0.22785373032093048,1.9037251472473145,0.689871609210968,-0.2857101559638977,-2.372708559036255,0.2915538549423218,-0.2083006501197815
70,16.302093505859375,6.068934440612793,-3.919590711593628,3.9461402893066406,-0.09195303916931152,0.11691403388977051,-29.3828125,-7.545064926147461,7.206335067749023,-23.675790786743164,5.0594801902771,4.1719794273376465,-0.2812800407409668,-0.02066998928785324,-0.12114022672176361,-8.414802551269531,-1.3766965866088867,0.854346513748169,1.3581711053848267,0.46382489800453186,-0.3791266679763794,-1.524735927581787,-0.42444825172424316,3.09342098236084
71,48.569915771484375,15.423096656799316,-12.460308074951172,12.193500518798828,0.14646244049072266,0.1660308837890625,-51.816707611083984,2.822188377380371,-6.343789577484131,0.3151435852050781,-0.039215803146362305,-0.14914608001708984,2.311159372329712,0.5940290689468384,-0.6029015779495239,-4.209423542022705,9.160064697265625,6.160453796386719,-2.9349446296691895,0.7360221147537231,-0.413152277469635,7.692602157592773,1.8928899765014648,4.0222601890563965
72,65.7991943359375,20.763198852539062,-25.964448928833008,-80.79576873779297,0.9303344488143921,5.0987348556518555,-63.07450866699219,8.791275024414062,-5.302980899810791,-4.140472412109375,-0.8274481296539307,-0.5284695625305176,1.306510090827942,-0.1446307748556137,0.6545842289924622,-0.6552163362503052,-0.8266301155090332,0.018204063177108765,-6.0511393547058105,0.5105502605438232,1.4588290452957153,15.03734302520752,2.081294059753418,1.0127404928207397
73,22.42572784423828,29.251737594604492,-35.80961990356445,-66.85623168945312,5.630542755126953,6.547354698181152,-35.3014030456543,2.809576988220215,-1.3855218887329102,-17.07263946533203,-0.7534542083740234,-0.25628042221069336,1.3258070945739746,-0.17416052520275116,0.4414643943309784,-1.1962497234344482,-0.5367099046707153,-0.05989290028810501,-7.1395063400268555,1.6950275897979736,2.2116589546203613,12.591705322265625,4.933291912078857,-0.986348032951355
74,8.103689193725586,18.136531829833984,-30.135986328125,-61.075130462646484,4.46813440322876,5.9715046882629395,-22.159446716308594,-2.4500534534454346,-5.1392741203308105,-28.882640838623047,-1.6387157440185547,0.1192162036895752,1.7739323377609253,-0.03435893356800079,0.40800923109054565,-2.292937994003296,-0.002026619389653206,-0.11472844332456589,-6.872229099273682,1.020384669303894,0.5118773579597473,3.5377233028411865,4.659365653991699,-1.9326754808425903
75,-28.295433044433594,10.876983642578125,-19.490074157714844,-54.55931854248047,-0.9192357063293457,6.650379657745361,20.127079010009766,-8.840411186218262,2.246736526489258,-12.176966667175293,-1.0254302024841309,0.16428565979003906,2.839191198348999,-0.4958530068397522,0.44106897711753845,-3.73488450050354,0.543123722076416,-0.04420669376850128,-4.118751525878906,-0.37900400161743164,0.3330248296260834,-3.1355020999908447,2.5396008491516113,-2.3638811111450195
76,-54.03921127319336,3.4356064796447754,-2.446373462677002,-26.69057846069336,-4.976955413818359,2.649914503097534,42.692527770996094,-3.8167319297790527,-1.7962427139282227,-5.9540863037109375,-0.6568965911865234,0.27713680267333984,1.6735268831253052,-0.35779762268066406,-0.34391477704048157,-3.111966848373413,0.7416587471961975,0.787571907043457,-0.7725153565406799,-1.4722281694412231,-1.9310603141784668,-10.8410062789917,1.6066899299621582,-3.3452906608581543
77,-31.342247009277344,-1.63287353515625,3.635376453399658,3.2951507568359375,-0.41866517066955566,-0.1139974594116211,43.21982192993164,-9.382139205932617,12.408199310302734,12.541404724121094,-0.2539362907409668,0.16043949127197266,-1.1016596555709839,0.13563591241836548,0.42131859064102173,4.73321533203125,-1.8813809156417847,0.7080588340759277,2.698246717453003,-1.7737947702407837,-1.379616618156433,-14.638498306274414,-0.2569023370742798,-3.0327749252319336
78,-14.165407180786133,10.194510459899902,-4.8927001953125,-6.179294586181641,0.3798849582672119,-0.05507799983024597,22.415985107421875,2.049569606781006,5.703365325927734,34.67131042480469,0.8609511852264404,0.16448640823364258,-1.881778359413147,0.3911705017089844,-0.1852928102016449,7.928262233734131,1.2823151350021362,-0.20205864310264587,2.6908576488494873,-0.959306001663208,-0.36341995000839233,-7.552528381347656,-1.359554409980774,-1.6073582172393799
79,-9.893198013305664,1.951417326927185,-1.1874291896820068,-13.775665283203125,-0.43582940101623535,0.013303756713867188,4.412689208984375,0.7775802612304688,1.7234830856323242,15.889774322509766,0.3842940330505371,0.13051334023475647,-1.5935609340667725,-0.32004648447036743,-0.4409978985786438,5.338460922241211,1.0300852060317993,-0.5598931312561035,1.6209675073623657,-0.850101888179779,0.7405334711074829,-2.923696756362915,-2.9390060901641846,-0.13406376540660858
80,-9.215307235717773,-4.931760787963867,3.559251308441162,-4.058521270751953,-0.3188909888267517,-0.037522077560424805,14.66553783416748,-5.009237289428711,14.120041847229004,-35.38914108276367,-18.629833221435547,-10.838600158691406,-2.1618642807006836,0.29343506693840027,-0.11582842469215393,6.296974182128906,0.39916303753852844,-1.3331578969955444,0.20635458827018738,0.25077688694000244,0.6403565406799316,1.8629376888275146,-2.3642737865448,8.400010108947754
81,-12.006338119506836,-8.251686096191406,4.300502300262451,-1.1193084716796875,-0.14936447143554688,0.07971763610839844,22.78280258178711,-24.03124237060547,41.73008346557617,-73.09318542480469,0.805656909942627,4.6550397872924805,-2.4910154342651367,-0.66242516040802,-0.23363597691059113,6.603117942810059,1.4413225650787354,-1.415720820426941,-0.056349873542785645,-0.05155275762081146,-0.042055875062942505,2.3875110149383545,-2.632734537124634,-0.2987179756164551
82,-20.28647232055664,6.855071544647217,-2.5923969745635986,-10.086989402770996,-0.6804094314575195,0.15904021263122559,31.76556396484375,-32.44887161254883,42.734100341796875,-70.77933502197266,7.349770545959473,5.784703254699707,-2.254671812057495,-0.10713930428028107,-0.4276065528392792,3.2859675884246826,0.9070548415184021,-1.0562498569488525,1.0180360078811646,0.09655797481536865,-0.29555487632751465,1.062503695487976,-2.1261885166168213,-0.32756465673446655
83,-18.87786102294922,0.7248234748840332,1.7726473808288574,-2.0451011657714844,-0.3987985849380493,0.05081820487976074,27.69342041015625,-32.74058151245117,40.12956237792969,-64.28651428222656,13.287321090698242,6.326364040374756,-2.7312874794006348,0.13331809639930725,0.15814337134361267,2.2040767669677734,0.8907304406166077,-1.0328385829925537,1.4017291069030762,0.19142507016658783,-0.12756702303886414,0.3043047785758972,-1.7196681499481201,0.07395228743553162
84,-4.750814437866211,0.14348113536834717,0.040037691593170166,-1.3898663520812988,-0.40427982807159424,0.08140969276428223,8.388375282287598,-30.10526466369629,30.589860916137695,-68.23865509033203,11.866260528564453,5.319393157958984,-2.2915444374084473,0.10175857692956924,0.11313921213150024,-0.02754870057106018,-0.401655912399292,-1.0777885913848877,1.9287724494934082,0.2763758897781372,-0.04398588091135025,-0.552361786365509,-1.3873779773712158,0.2785019278526306
85,2.0505542755126953,-1.2680690288543701,1.0080640316009521,3.240616798400879,-0.021302640438079834,0.10334181785583496,-4.154969692230225,-26.816015243530273,31.560853958129883,-73.98955535888672,11.785011291503906,9.542754173278809,-1.5839892625808716,-0.03419990837574005,0.26833444833755493,-1.9494835138320923,-0.33928030729293823,-0.5202909708023071,2.3881449699401855,0.21309548616409302,-0.018561340868473053,-1.494572401046753,-0.9409140944480896,0.04423972964286804
86,1.8298487663269043,1.7876421213150024,-0.32734382152557373,3.3955812454223633,-0.1069878339767456,0.05010581016540527,-3.776463508605957,-21.152313232421875,18.334205627441406,-48.69502258300781,12.434326171875,9.475646018981934,-0.7921203374862671,0.3057350516319275,0.3848283886909485,-3.7607169151306152,-0.8148055076599121,-0.17995525896549225,2.7252047061920166,0.34222573041915894,-0.10505388677120209,-2.074040174484253,-0.596326470375061,-0.17850714921951294
87,16.949466705322266,3.163233757019043,-2.864816427230835,4.669452667236328,0.05359649658203125,0.05425538867712021,-26.147541046142578,-13.522208213806152,7.235535621643066,-35.17274475097656,7.261261940002441,6.568872451782227,0.6500405073165894,0.2536311745643616,0.05318363010883331,-6.588917255401611,-1.1625632047653198,-0.019632967188954353,2.6913809776306152,0.1917354315519333,-0.2212366908788681,-1.9953523874282837,-0.8254457712173462,1.1996182203292847
88,31.64604949951172,12.259905815124512,-11.414453506469727,4.808765411376953,0.04816889762878418,0.2290964126586914,-37.46387481689453,-2.4170284271240234,-2.82784366607666,1.1357641220092773,1.1281540393829346,0.3327445983886719,3.2099220752716064,0.37399807572364807,-0.5553418397903442,-11.805970191955566,-2.0068016052246094,1.541438341140747,-0.097971111536026,-0.2597934305667877,-0.45161721110343933,3.4701383113861084,1.1974036693572998,4.396569728851318
89,46.175453186035156,8.121153831481934,-14.17032527923584,-12.161296844482422,-18.00547981262207,-4.786243438720703,-51.514320373535156,5.820294380187988,-6.7379865646362305,-1.6817474365234375,-0.28586244583129883,-0.4142012596130371,1.5093765258789062,0.01945667713880539,1.2097628116607666,-0.8635488748550415,-1.0220963954925537,10.199600219726562,-4.796015739440918,0.1551564782857895,0.4480912983417511,14.10713005065918,2.0892391204833984,2.996840476989746
90,42.56012725830078,20.125776290893555,-28.71941375732422,-71.11537170410156,4.043690204620361,5.565243244171143,-42.0457763671875,10.272279739379883,-6.92827844619751,-18.41559600830078,-1.0751047134399414,-0.41571182012557983,1.6693638563156128,-0.36151444911956787,0.37095627188682556,-0.22129137814044952,-1.5057826042175293,0.11262266337871552,-5.083401203155518,0.9969663023948669,1.2441647052764893,11.440659523010254,2.5010862350463867,-0.30810341238975525
91,13.984675407409668,14.223501205444336,-26.7215633392334,-63.22400665283203,4.913852691650391,5.654061794281006,-27.893444061279297,2.144076347351074,-3.5202691555023193,-21.200668334960938,-1.1072912216186523,-0.062136173248291016,1.8474568128585815,-0.43450918793678284,0.5990164875984192,-1.261054277420044,-0.9442650675773621,0.12464193999767303,-5.596251487731934,1.1699793338775635,1.1829420328140259,5.966181755065918,3.2133047580718994,-2.042247772216797
92,-14.718656539916992,9.464001655578613,-23.314022064208984,-63.539939880371094,3.6343114376068115,3.9552602767944336,4.964836120605469,3.7921924591064453,-5.4616851806640625,-16.961132049560547,-0.9607138633728027,0.2035207748413086,2.5070271492004395,-0.4242743253707886,0.20897120237350464,-2.526329517364502,-0.42773449420928955,0.19941294193267822,-3.639493703842163,1.0545610189437866,0.01610177755355835,-1.7444467544555664,3.253800392150879,-2.9082181453704834
93,-13.315166473388672,3.078549861907959,-8.702056884765625,-17.31309700012207,1.650820255279541,3.207078456878662,10.844308853149414,-7.257620811462402,-1.2943878173828125,-10.456703186035156,-1.1574761867523193,0.3390493392944336,2.354092836380005,-0.2526901364326477,-0.009969860315322876,-2.5064406394958496,-0.2589847147464752,-0.03833135589957237,-1.5817224979400635,-0.2759856879711151,-1.841712474822998,-8.792313575744629,1.7217034101486206,-3.2827231884002686
94,-36.36749267578125,8.847545623779297,-2.6986660957336426,0.31734561920166016,-0.2688690423965454,0.08112967014312744,43.86980056762695,-19.822834014892578,15.413032531738281,9.574775695800781,-0.37029266357421875,0.15083837509155273,-0.01195685938000679,0.3893258273601532,-0.035137396305799484,2.6523170471191406,-0.9088800549507141,0.8172603249549866,1.8554176092147827,-1.2239633798599243,-1.648872971534729,-13.201680183410645,-0.7061944007873535,-3.5077033042907715
95,-18.900821685791016,5.729249954223633,-0.9672861099243164,0.45172119140625,0.16383302211761475,-0.13697874546051025,34.463287353515625,-9.882481575012207,14.029960632324219,28.97220230102539,0.8959089517593384,0.1811223030090332,-1.4135512113571167,0.53172367811203,0.33364805579185486,9.220226287841797,0.5579606294631958,-0.44910603761672974,3.2558915615081787,-1.147312879562378,0.03383312374353409,-9.359109878540039,-0.5314996838569641,-1.5807031393051147
96,-16.686328887939453,4.216972351074219,-2.1306302547454834,-17.039180755615234,-0.3164095878601074,0.055533528327941895,7.577762603759766,1.3766965866088867,1.656865119934082,20.604726791381836,0.5479438304901123,0.12128740549087524,-1.5917271375656128,-0.03285355865955353,0.00440969318151474,6.702092170715332,2.1043906211853027,-0.41283977031707764,1.420530080795288,-1.7986111640930176,-0.6914893984794617,0.31125354766845703,5.461148738861084,3.1211347579956055
97,-13.934582710266113,-2.0764904022216797,-0.41795825958251953,-8.109933853149414,-0.6391453742980957,0.03200793266296387,25.19595718383789,-18.93422508239746,27.99248695373535,-66.19261169433594,2.418839931488037,4.377720355987549,-1.7194947004318237,0.4280795156955719,-0.9900561571121216,4.796006679534912,1.257076382637024,-1.123852252960205,0.1701948642730713,0.14312167465686798,-0.2025345116853714,2.6805319786071777,-3.098487138748169,-0.227141872048378
98,-12.941436767578125,-7.975992202758789,6.826943874359131,0.2960624694824219,-0.21857905387878418,0.002412557601928711,27.590679168701172,-25.438627243041992,37.26299285888672,-64.98217010498047,9.35546588897705,6.922266960144043,-2.083223342895508,-0.11135948449373245,-0.5539472103118896,5.255039215087891,1.9355056285858154,-1.477964997291565,0.663996696472168,-0.03176281601190567,-0.06448487937450409,2.102796792984009,-2.8630800247192383,0.07271485030651093
99,-26.811738967895508,0.6091529130935669,2.145160675048828,-6.733371734619141,-0.8067665100097656,0.08847284317016602,43.287837982177734,-35.322845458984375,39.29812240600586,-58.42975997924805,14.3259916305542,3.725431203842163,-2.560793161392212,0.07400060445070267,-0.1973647177219391,3.682025909423828,0.43401193618774414,-1.4344860315322876,1.350403070449829,0.022624455392360687,-0.058289505541324615,1.2560383081436157,-2.4258759021759033,0.12222173064947128
100,-7.670978546142578,2.470181941986084,-0.7801799178123474,-6.699961185455322,-0.449290007352829,0.13681912422180176,9.927587509155273,-32.177974700927734,32.5706901550293,-71.97383117675781,16.742034912109375,6.0497612953186035,-2.3511452674865723,0.4302489161491394,-0.06541167944669724,-0.05769418552517891,-0.006331090349704027,-1.1554081439971924,1.763235092163086,0.18928667902946472,-0.05886321887373924,0.056036047637462616,-1.9415194988250732,0.19172877073287964
101,-1.9536809921264648,-8.482571601867676,5.466678142547607,5.7712860107421875,-0.08470773696899414,0.03643226623535156,9.683477401733398,-22.551132202148438,29.026023864746094,-77.33140563964844,14.295937538146973,5.906560897827148,-1.7357920408248901,0.028941109776496887,0.2244756519794464,-0.7438311576843262,-0.7342110276222229,-1.1493315696716309,2.4786136150360107,0.2186230719089508,-0.05421184375882149,-0.8529621362686157,-1.5515336990356445,0.3170258402824402
102,-3.603148937225342,-1.8401161432266235,1.8090306520462036,1.5280437469482422,-0.08369463682174683,0.11045551300048828,5.701663970947266,-22.800989151000977,25.76633644104004,-62.313560485839844,15.70158576965332,6.821568489074707,-1.0150861740112305,-0.16947698593139648,0.31109118461608887,-3.1464498043060303,-0.41058051586151123,-0.43608081340789795,3.071660280227661,0.13789856433868408,-0.155205637216568,-1.7213163375854492,-1.1412384510040283,0.07188621163368225
103,10.607126235961914,-0.37991729378700256,-0.5241347551345825,9.875813484191895,0.09030032157897949,0.04022151231765747,-17.225027084350586,-19.90345573425293,19.836923599243164,-54.72932434082031,14.803467750549316,8.208645820617676,-0.3420708179473877,0.032076798379421234,0.2932204008102417,-3.2248549461364746,-1.3466683626174927,-0.2936062216758728,3.0934576988220215,0.404483824968338,-0.11109115183353424,-2.284599781036377,-0.7997554540634155,-0.08976924419403076
104,13.208730697631836,3.456465721130371,-2.5896902084350586,3.813203811645508,0.1345503330230713,0.07906985282897949,-21.803016662597656,-14.152301788330078,11.866093635559082,-28.616212844848633,10.283164024353027,5.652858734130859,0.9848124384880066,0.10527525097131729,0.5326336026191711,-6.005196571350098,-1.2027826309204102,0.3236245810985565,2.735072612762451,0.22867023944854736,0.15491071343421936,-1.7465040683746338,-1.0732430219650269,2.104663372039795
105,24.626556396484375,13.183757781982422,-11.635741233825684,3.1085052490234375,0.013781070709228516,0.1847553253173828,-31.50042152404785,-1.5566072463989258,-4.798483371734619,1.6493091583251953,6.0698137283325195,1.5146269798278809,2.828735113143921,0.3476816415786743,-0.6525998711585999,-11.006592750549316,-1.6982473134994507,1.4545633792877197,0.01454930566251278,-0.03307753801345825,-0.2852211594581604,2.5159542560577393,1.242571234703064,3.3415448665618896
106,63.26678466796875,11.36782169342041,-21.861160278320312,-35.3023681640625,1.5352718830108643,-13.65835189819336,-55.82106399536133,6.143304347991943,-4.995698928833008,-0.7257232666015625,-0.17633581161499023,-0.2600107192993164,1.755847454071045,-1.3653709888458252,-0.41745078563690186,-0.21226036548614502,-1.9624931812286377,1.4471850395202637,-3.9260599613189697,-0.44793933629989624,0.49514269828796387,12.388164520263672,3.556882858276367,3.579498291015625
107,40.83911895751953,22.24667739868164,-32.124305725097656,-69.5091323852539,7.607025146484375,4.990029335021973,-50.11066818237305,9.110095977783203,-6.300388336181641,-15.4326171875,-1.278247356414795,-0.5292150378227234,1.780995488166809,-0.3263159394264221,0.501593291759491,-0.6248086094856262,-1.399978756904602,0.11629460006952286,-5.846492290496826,0.8988880515098572,1.6809812784194946,11.72881031036377,3.1683831214904785,-0.5330518484115601
108,12.186113357543945,17.590606689453125,-29.963054656982422,-66.84248352050781,7.848864555358887,6.112249374389648,-22.251991271972656,4.3492021560668945,-4.492950439453125,-17.847042083740234,-1.0536713600158691,-0.03047466278076172,2.1118898391723633,-0.44189441204071045,0.36311233043670654,-1.6244350671768188,-0.8737568855285645,0.04200790077447891,-5.893529415130615,1.2059369087219238,1.4764013290405273,7.071728229522705,3.259248971939087,-2.094604969024658
109,4.067522048950195,7.892083168029785,-19.836278915405273,-45.66276931762695,5.795684814453125,5.8336181640625,-10.375041961669922,-1.9971164464950562,-4.328360557556152,-21.258270263671875,-1.2308588027954102,0.24903297424316406,2.5255424976348877,-0.46368324756622314,0.38544905185699463,-2.537674903869629,-0.4095627963542938,0.03388149291276932,-5.153566837310791,0.49197909235954285,0.2931440770626068,-0.45723557472229004,3.575192451477051,-2.417598247528076
110,-22.806550979614258,0.8710725903511047,-8.889863967895508,-27.602712631225586,0.36778464913368225,4.633656024932861,22.758329391479492,-6.057554721832275,-1.0670394897460938,-11.79543685913086,-1.096743106842041,0.31484317779541016,3.0044872760772705,-0.3852884769439697,0.32814353704452515,-3.1676900386810303,-0.21409106254577637,0.24352064728736877,-2.124293804168701,-0.5971079468727112,-1.0902351140975952,-8.274637222290039,2.1355197429656982,-2.3044731616973877
111,-32.12092208862305,2.6102826595306396,0.45391392707824707,4.709293365478516,-0.2239820957183838,0.028142690658569336,45.947391510009766,-17.638519287109375,13.377044677734375,4.9893646240234375,-0.5633471608161926,0.0997781753540039,0.3941679298877716,-0.06706652045249939,0.12263999879360199,3.864072322845459,-1.1032885313034058,1.090437889099121,1.8489196300506592,-1.7046629190444946,-1.1864873170852661,-14.075541496276855,-0.20368431508541107,-2.4202730655670166
112,-19.300771713256836,4.628503799438477,-1.3899438381195068,-1.7377281188964844,0.28014183044433594,-0.14788153767585754,27.879623413085938,-2.5081400871276855,7.26721715927124,30.560588836669922,0.8492271900177002,0.11321425437927246,-1.157746434211731,0.3488995134830475,0.1936054229736328,9.84584903717041,1.946892261505127,-0.253898948431015,2.723376750946045,-1.3188233375549316,-0.8269502520561218,-9.908348083496094,0.32429593801498413,-1.603817105293274
113,-23.69551658630371,10.297653198242188,-4.572140216827393,-20.466983795166016,-0.784792423248291,0.05087244510650635,18.225255966186523,-2.6827750205993652,6.5297441482543945,24.134586334228516,0.5509555339813232,0.04698359966278076,-1.0639206171035767,-0.014624850824475288,-0.342877596616745,6.148402214050293,1.5177781581878662,-0.4359995722770691,2.237035036087036,-1.4414153099060059,0.3835368752479553,-4.289247989654541,-1.7424854040145874,-0.5730545520782471
114,-15.443894386291504,-3.8470592498779297,2.491384983062744,-9.081014633178711,-0.5806201696395874,-0.009521961212158203,21.747072219848633,-15.837610244750977,13.273417472839355,-54.294227600097656,3.151320457458496,1.312123417854309,-1.931863784790039,0.8919700980186462,-0.3414503037929535,5.109627723693848,0.7068288922309875,-0.9544565081596375,-0.11178353428840637,0.19651946425437927,-0.259321391582489,3.0917084217071533,-3.382432222366333,-0.2073114514350891
115,-15.42154598236084,-4.4623212814331055,3.071634531021118,-2.5325450897216797,-0.37401795387268066,0.020174741744995117,33.709922790527344,-30.801002502441406,43.257747650146484,-72.64097595214844,6.997310638427734,5.600226402282715,-2.053673028945923,0.19873479008674622,-0.5610105991363525,4.068075180053711,0.48469260334968567,-1.6554880142211914,0.6908483505249023,-0.06618639826774597,-0.2892477512359619,2.116846799850464,-2.9684457778930664,-0.3236447274684906
116,-22.819547653198242,-5.081197738647461,4.247174263000488,-2.934530258178711,-0.3318471908569336,0.09935498237609863,41.51751708984375,-27.383819580078125,44.108558654785156,-73.69454193115234,14.828788757324219,5.6724534034729,-2.553558349609375,0.0025883670896291733,-0.20972494781017303,2.7004170417785645,1.3689361810684204,-1.5911718606948853,1.3802350759506226,0.15150876343250275,-0.09983760118484497,0.9167901277542114,-2.4074530601501465,0.1351698338985443
117,-19.038944244384766,-2.789991855621338,3.807002544403076,0.015024185180664062,-0.4631761312484741,0.09025192260742188,37.69673156738281,-31.136770248413086,40.46792221069336,-62.822059631347656,17.501422882080078,5.777390480041504,-3.011557102203369,-0.1430530697107315,0.28844529390335083,2.0511856079101562,0.7665366530418396,-1.3222553730010986,1.986595869064331,0.10515797883272171,-0.0017786994576454163,0.13421939313411713,-2.0133297443389893,0.22639435529708862
118,-2.0436201095581055,1.2953060865402222,-1.1817970275878906,-1.8150277137756348,-0.3853902220726013,0.12987756729125977,11.742903709411621,-25.02069664001465,30.563758850097656,-69.47821807861328,17.25157356262207,5.300467014312744,-2.3451972007751465,0.011622561141848564,-0.10315652191638947,-0.689742386341095,-0.41323134303092957,-1.2803038358688354,2.7416133880615234,0.28279823064804077,-0.16818976402282715,-1.0389888286590576,-1.580513596534729,0.2750699818134308
119,7.688591480255127,-0.42106813192367554,0.15386360883712769,0.9798336029052734,-0.06940221786499023,0.1595441699028015,-5.714365005493164,-22.925945281982422,24.05185317993164,-65.9421615600586,13.076966285705566,7.62789249420166,-0.889307975769043,-0.08105257153511047,-0.11869572103023529,-4.121850490570068,-0.4283275902271271,-0.3573981821537018,3.366119861602783,0.3541412949562073,-0.1003703773021698,-2.0184648036956787,-1.1307100057601929,0.11343604326248169
120,3.1254212856292725,1.0030910968780518,0.08699476718902588,7.150905609130859,-0.04659676551818848,0.01741737127304077,-8.784198760986328,-18.64531707763672,18.117822647094727,-46.36778259277344,12.899292945861816,10.662357330322266,-0.29936090111732483,0.35370686650276184,0.14286690950393677,-5.273649215698242,-0.7457214593887329,-0.24091003835201263,3.3339967727661133,0.5673882365226746,-0.10131792724132538,-2.4837255477905273,-0.7428473830223083,0.008880853652954102
121,14.548776626586914,3.718790054321289,-3.151482582092285,6.654491424560547,0.0231325626373291,0.09317648410797119,-22.700077056884766,-9.599892616271973,7.10979700088501,-21.925067901611328,10.834575653076172,4.644574165344238,0.8589012622833252,0.26354163885116577,-0.13042567670345306,-7.613682746887207,-1.0347164869308472,0.4958204925060272,2.826430320739746,0.3146282136440277,-0.04952941834926605,-1.771103858947754,-1.1233495473861694,2.646690845489502
122,31.39385986328125,7.847951412200928,-6.974773406982422,10.306755065917969,0.15390896797180176,0.12421321868896484,-36.39500045776367,2.509739398956299,-4.99065637588501,3.519378662109375,0.5263190269470215,-0.09220170974731445,2.6953423023223877,0.1875598281621933,-0.4285809099674225,-10.352235794067383,-1.8476513624191284,2.0547587871551514,-0.456486314535141,-0.08638136088848114,-0.35117271542549133,5.927907466888428,2.105276346206665,3.8038713932037354
123,66.36933135986328,9.882043838500977,-18.240110397338867,-24.041568756103516,-5.704143047332764,-10.917410850524902,-61.1154670715332,2.1562187671661377,-3.8766887187957764,-10.40948486328125,-0.7767884731292725,-0.3140544891357422,1.9739694595336914,0.24300792813301086,0.7709434628486633,0.22716082632541656,-1.8400967121124268,-0.36505424976348877,-3.3200695514678955,-0.18068787455558777,0.5474523305892944,11.33281135559082,2.1710968017578125,3.711902141571045
124,34.208717346191406,19.662925720214844,-30.664554595947266,-68.00334167480469,7.393498420715332,4.483236789703369,-47.46638870239258,14.500106811523438,-8.620926856994629,-14.041576385498047,-1.0733275413513184,-0.5889825820922852,1.766859769821167,-0.3864399194717407,0.40021198987960815,-0.48175984621047974,-1.483822226524353,0.1792469620704651,-5.416164398193359,1.2347803115844727,1.4210519790649414,10.70953369140625,1.9368339776992798,-1.6721010208129883
125,17.656904220581055,9.024126052856445,-24.921737670898438,-58.9244384765625,7.513825416564941,5.8734025955200195,-27.816654205322266,8.815077781677246,-8.158037185668945,-18.76193618774414,-0.8319015502929688,0.16566038131713867,2.0043370723724365,-0.3257155418395996,0.462318480014801,-1.345820426940918,-1.0497047901153564,0.05238611251115799,-5.948614120483398,1.8243517875671387,0.8353674411773682,5.851489067077637,4.211187362670898,-2.165510416030884
126,-8.431458473205566,9.826363563537598,-22.94764518737793,-58.908451080322266,3.404449462890625,4.661924839019775,1.2490215301513672,-5.956802845001221,-1.4020674228668213,-18.696767807006836,-1.4127485752105713,0.18146181106567383,2.7317922115325928,-0.6640642285346985,0.3312915563583374,-2.7785563468933105,-0.36396464705467224,0.18160295486450195,-4.165077209472656,0.4657955467700958,-0.2866097390651703,-1.9007787704467773,2.020062208175659,-3.5250372886657715
127,-25.40997314453125,9.96969985961914,-11.17182445526123,-13.283350944519043,0.5829430818557739,2.673600673675537,25.844444274902344,-16.611980438232422,6.038276195526123,-11.148639678955078,-0.9567780494689941,0.377077579498291,2.7089085578918457,-0.5444867014884949,-0.042629435658454895,-2.7998039722442627,-0.20268815755844116,0.45647910237312317,-0.9934576749801636,-0.8848472833633423,-1.4224998950958252,-10.326173782348633,1.109877109527588,-2.9333653450012207
128,-26.600276947021484,4.837465286254883,-0.11036950349807739,6.344541549682617,-0.08920049667358398,-0.023134708404541016,41.74818420410156,-15.984448432922363,15.14460277557373,12.546943664550781,-0.17062199115753174,0.14351367950439453,0.016712434589862823,0.08580735325813293,0.1856226772069931,5.88825798034668,-0.9412920475006104,0.7208161354064941,2.4674036502838135,-1.5556297302246094,-1.0384008884429932,-13.812485694885254,-0.5308133959770203,-2.1969141960144043
129,-18.76911735534668,8.564291954040527,-3.420942783355713,-4.957851409912109,0.16800761222839355,-0.09757667779922485,25.115337371826172,-4.4342241287231445,8.791032791137695,32.5328254699707,1.0661556720733643,0.07189822196960449,-1.1923795938491821,0.41129377484321594,0.3157939314842224,10.53183650970459,1.8605940341949463,-0.45248785614967346,2.3926541805267334,-1.2320141792297363,-0.016443952918052673,-7.3651299476623535,0.3499337434768677,-1.1046677827835083
130,-26.19766616821289,6.391195297241211,-2.4963440895080566,-23.73584747314453,-0.8496036529541016,0.055619239807128906,16.182106018066406,0.8617005348205566,3.101132392883301,18.941864013671875,0.5750465393066406,0.07944256067276001,-1.3899489641189575,-0.24423114955425262,-0.23204787075519562,5.625672340393066,1.962425947189331,-0.5147325396537781,1.6671942472457886,-1.5914157629013062,0.7636765241622925,-2.968873977661133,0.15893317759037018,0.24893900752067566
131,-10.403336524963379,-3.0069761276245117,0.4201838970184326,-4.983070373535156,-0.5723801851272583,0.04394268989562988,20.4710693359375,-18.624858856201172,19.496906280517578,-69.99639892578125,2.5126004219055176,3.8769092559814453,-1.9222558736801147,0.8467413187026978,-0.7579634785652161,5.0583624839782715,0.6342648863792419,-0.8721085786819458,-0.2107386440038681,0.4283681809902191,-0.28460532426834106,2.8307459354400635,-3.093667984008789,-0.3701457977294922
132,-15.968639373779297,-5.835498809814453,5.150294303894043,-1.654764175415039,-0.31154322624206543,-0.0034160614013671875,39.573646545410156,-34.6628303527832,47.68064498901367,-67.88461303710938,8.968698501586914,5.501368045806885,-1.8301644325256348,-0.2807210385799408,-0.665395975112915,4.121716499328613,0.8183813691139221,-1.382232427597046,0.7026093006134033,-0.2029697448015213,-0.09179423749446869,2.2303755283355713,-3.014645576477051,-0.009612314403057098
133,-24.928911209106445,-1.1199668645858765,3.8715829849243164,-5.597405433654785,-0.49693942070007324,0.08338057994842529,40.05633544921875,-30.749780654907227,42.278648376464844,-67.96598052978516,11.832036018371582,7.122008323669434,-2.394545316696167,0.02395474910736084,0.28123506903648376,2.019806146621704,1.2808879613876343,-0.7822679877281189,1.291046380996704,-0.10421833395957947,0.03930214047431946,1.1576218605041504,-2.491997241973877,0.19670748710632324
134,-5.524141311645508,-0.4313768744468689,-0.1397586464881897,1.826420783996582,-0.37690237164497375,0.06121790409088135,16.241300582885742,-30.40816307067871,40.871097564697266,-86.13105010986328,12.122869491577148,8.64199447631836,-2.2312142848968506,0.16382946074008942,0.09015029668807983,0.7698124051094055,-0.09776689112186432,-0.8998459577560425,2.00532603263855,0.1080794632434845,-0.06116597354412079,-0.1566239595413208,-1.964714765548706,0.2864571511745453
135,-7.579856872558594,-0.05538225173950195,0.4775577783584595,3.096315383911133,-0.09214082360267639,0.053553104400634766,19.173587799072266,-32.8112678527832,40.64170455932617,-77.4973373413086,15.99380874633789,11.566985130310059,-1.8437235355377197,0.17269378900527954,0.12473192811012268,-0.538241446018219,0.22409291565418243,-1.0767598152160645,2.7944626808166504,0.20537544786930084,-0.04616285860538483,-1.3004852533340454,-1.3668286800384521,-0.06711524724960327
136,-5.527701377868652,-2.1732163429260254,1.8591374158859253,4.279850006103516,-0.1350388526916504,0.05822396278381348,8.274243354797363,-21.425695419311523,29.005096435546875,-60.816585540771484,16.081729888916016,9.798521995544434,-1.7125693559646606,0.23781999945640564,0.40846654772758484,-1.2874817848205566,-0.04456624016165733,-1.0665504932403564,3.060600519180298,0.3310626149177551,0.001846596598625183,-2.045933485031128,-0.894326388835907,-0.104000985622406
137,5.272586822509766,-1.7934414148330688,0.7366604804992676,2.9462995529174805,-0.1273326873779297,0.1124308705329895,-9.243693351745605,-18.182720184326172,11.975987434387207,-45.55399703979492,15.121404647827148,9.565970420837402,-1.2009196281433105,0.1624075323343277,0.23930534720420837,-2.9195973873138428,-0.8935869336128235,-0.4805852174758911,3.11259126663208,0.4372836649417877,-0.07309404015541077,-2.5794882774353027,-0.5699965357780457,-0.12218135595321655
138,16.87268829345703,2.862098455429077,-2.837315320968628,2.5668258666992188,-0.0054509639739990234,0.10742110013961792,-18.415023803710938,-16.68712043762207,7.485798358917236,-28.877723693847656,12.719054222106934,6.625522613525391,0.7543010711669922,-0.14985303580760956,-0.02218329720199108,-6.401855945587158,-1.6255502700805664,0.09645631909370422,3.2491135597229004,0.13405543565750122,0.03696364909410477,-2.2715225219726562,-0.9122967720031738,2.209590196609497
139,23.85325050354004,11.931778907775879,-9.552682876586914,4.945201873779297,0.08991456031799316,0.1659529209136963,-32.339447021484375,-11.001626014709473,-1.4557557106018066,-4.576108455657959,7.246553897857666,1.8892889022827148,2.5911693572998047,0.06071086600422859,-0.5892236828804016,-10.640265464782715,-1.893615961074829,1.2501766681671143,1.113287329673767,-0.37882786989212036,-0.2129170298576355,0.9692912697792053,0.34007948637008667,4.186023712158203
140,48.20132827758789,11.90186595916748,-9.184754371643066,20.82607650756836,0.6796069145202637,0.0825495719909668,-51.737709045410156,6.002002716064453,-6.782585620880127,-0.06899642944335938,-0.03330707550048828,-0.3214273452758789,4.219449043273926,0.2787783741950989,-1.328963279724121,-11.30337142944336,-0.8177477121353149,2.8384242057800293,-3.41526198387146,-0.03957793489098549,0.02551925554871559,11.271537780761719,2.450003147125244,3.867929220199585
141,49.7432746887207,4.970871448516846,-13.327925682067871,-37.86824035644531,7.762418746948242,6.877669334411621,-44.932735443115234,12.492773056030273,-6.0133819580078125,-14.183242797851562,-0.7293567657470703,-0.44843626022338867,1.4527231454849243,-0.36605942249298096,0.2804552912712097,0.41885143518447876,-1.8988739252090454,0.13935726881027222,-5.185993671417236,1.1455163955688477,1.961519479751587,12.602221488952637,4.650418281555176,2.0564937591552734
142,32.133079528808594,17.484539031982422,-28.329669952392578,-60.06774139404297,7.7533159255981445,4.781314849853516,-39.03572082519531,6.973660469055176,-8.494047164916992,-22.605121612548828,-1.803666591644287,-0.31732678413391113,1.8392596244812012,-0.2649950385093689,0.39760899543762207,-0.6793116331100464,-1.3680152893066406,0.07949496060609818,-5.7745280265808105,1.4304572343826294,1.0498100519180298,7.468758583068848,1.8381160497665405,-1.901376724243164
143,-11.970735549926758,17.48675537109375,-20.684295654296875,-58.291168212890625,3.7064661979675293,5.283790588378906,3.624807357788086,-5.323014259338379,-0.8906600475311279,-16.43381118774414,-0.7496652603149414,0.12332773208618164,2.428534746170044,-0.44499796628952026,0.3199840188026428,-1.9272849559783936,-0.8747555017471313,0.02742794156074524,-4.338033676147461,0.49099981784820557,0.13399116694927216,0.7935360670089722,2.232717752456665,-3.351818799972534
144,-19.555477142333984,2.2864108085632324,-8.784116744995117,-28.335254669189453,1.1485764980316162,3.6570663452148438,16.375713348388672,-7.912500381469727,0.8048462867736816,-17.10379409790039,-1.0778825283050537,0.3574714660644531,2.625368118286133,-0.3232225775718689,0.20754766464233398,-2.4717981815338135,-0.49663397669792175,0.17612650990486145,-1.5932999849319458,-0.6630114912986755,-1.1237746477127075,-8.530567169189453,2.087925910949707,-3.2520792484283447
145,-27.17170524597168,8.320457458496094,-2.564974069595337,4.076448440551758,-0.11342716217041016,0.0521390438079834,38.047752380371094,-19.817325592041016,14.795633316040039,4.0738983154296875,-0.7577364444732666,0.19477319717407227,0.24222005903720856,0.5136134028434753,0.12819096446037292,4.095137596130371,-1.0340993404388428,0.9457077980041504,2.151880979537964,-1.7867523431777954,-1.5129107236862183,-14.659378051757812,-0.917228102684021,-2.7593271732330322
146,-12.214698791503906,5.542036533355713,-2.427271842956543,-1.4718589782714844,0.24991154670715332,-0.11746762692928314,17.759199142456055,-4.188736915588379,8.672914505004883,30.59273910522461,0.7305675745010376,0.09972763061523438,-0.853024423122406,0.6409847140312195,0.2862008512020111,9.158921241760254,1.05631422996521,-0.11498288065195084,2.1268956661224365,-1.2933813333511353,-0.3843647837638855,-9.063238143920898,-1.2677286863327026,-1.9692821502685547
147,-18.35308074951172,1.2078642845153809,-0.2732388973236084,-18.775753021240234,-0.477048397064209,-0.009118795394897461,12.491842269897461,9.087251663208008,-1.077721357345581,21.990474700927734,0.7136139869689941,0.17658007144927979,-0.6293126940727234,-0.022078901529312134,-0.23123054206371307,5.484147071838379,2.1093437671661377,-0.5296496748924255,0.8066591024398804,-1.1177990436553955,-0.09378421306610107,0.4900650978088379,2.4395933151245117,1.5339686870574951
148,-22.216176986694336,-0.6622487306594849,-0.46482372283935547,-7.844082832336426,-0.8075374364852905,0.04115605354309082,29.897586822509766,-26.501985549926758,33.828643798828125,-66.15692901611328,7.8281755447387695,1.7350740432739258,-1.5003515481948853,0.1495353728532791,-0.9726768732070923,4.025026798248291,0.5075175762176514,-1.1711145639419556,-0.1292082816362381,0.10508476942777634,-0.030378468334674835,2.959972620010376,-3.256621837615967,-0.1765233874320984
149,-29.82146453857422,-4.729786396026611,5.919098854064941,-1.8247604370117188,-0.3562812805175781,0.00838160514831543,51.42339324951172,-27.868770599365234,40.77410888671875,-60.97379684448242,10.858399391174316,2.376105546951294,-2.6054704189300537,0.16817961633205414,-0.4832458198070526,4.774078369140625,1.2652873992919922,-1.5070009231567383,0.5521695613861084,0.022301845252513885,-0.18599946796894073,2.1019041538238525,-2.855236053466797,-0.15388694405555725
150,-25.425867080688477,-4.318265914916992,3.9421679973602295,-2.789865493774414,-0.5841070413589478,0.08582544326782227,49.106666564941406,-31.633935928344727,44.46914291381836,-73.70478820800781,16.375667572021484,4.868657112121582,-3.0264086723327637,0.19698300957679749,-0.12806591391563416,4.055256366729736,0.4337705671787262,-1.3839906454086304,1.4641090631484985,0.24120637774467468,-0.15663492679595947,0.9465381503105164,-2.2888572216033936,0.04455256462097168
151,-13.361024856567383,-3.33115553855896,3.746359348297119,-1.3132686614990234,-0.2788797616958618,0.0671854019165039,29.51589012145996,-28.99772071838379,43.24653625488281,-68.65740966796875,17.79273223876953,4.492434501647949,-3.0536370277404785,-0.32249560952186584,0.41914620995521545,2.72158145904541,0.5030097365379333,-1.2424463033676147,2.156704902648926,-0.08443848043680191,0.019963175058364868,0.24236640334129333,-2.1546926498413086,0.32174569368362427
152,-1.045100212097168,-0.15261757373809814,-0.37107086181640625,-2.7893083095550537,-0.2685832977294922,0.13974666595458984,6.286810874938965,-23.297203063964844,32.464210510253906,-77.17900085449219,15.688272476196289,7.089609146118164,-2.2978713512420654,-0.10356588661670685,0.4481452405452728,-0.46265146136283875,0.3082592785358429,-0.6817241311073303,2.7605652809143066,0.21523088216781616,0.04639756679534912,-0.974886953830719,-1.5899709463119507,0.3088431656360626
153,0.8575739860534668,-0.38527458906173706,0.969367504119873,1.7945528030395508,-0.25645673274993896,0.048802733421325684,-0.29771900177001953,-23.10360336303711,20.681516647338867,-57.32318878173828,16.3466854095459,6.043478965759277,-1.6924397945404053,0.08037738502025604,0.6974661350250244,-2.4773359298706055,-0.7696463465690613,-0.3518334627151489,3.018803596496582,0.3327551484107971,0.046708643436431885,-1.658342719078064,-1.1522352695465088,0.2328341007232666
154,15.491186141967773,4.57337760925293,-4.549161434173584,1.1925926208496094,-0.08358478546142578,0.11913233995437622,-18.785518646240234,-22.070934295654297,16.008466720581055,-51.73170852661133,14.154284477233887,10.158406257629395,0.4160095453262329,-0.011424745433032513,0.05780094116926193,-6.866792678833008,-1.3164732456207275,0.1901278793811798,3.59851336479187,0.23238711059093475,-0.11072936654090881,-2.6003172397613525,-1.0017298460006714,-0.24800372123718262
155,26.463844299316406,9.466133117675781,-7.5312724113464355,8.113685607910156,0.09444808959960938,0.10238850116729736,-30.501667022705078,-5.412409782409668,-0.5426684021949768,-8.317911148071289,9.282400131225586,2.9869370460510254,2.5608770847320557,0.4869430363178253,-0.24664294719696045,-9.89711856842041,-2.3479180335998535,0.973382294178009,2.5486910343170166,0.1157037690281868,-0.1555473804473877,-0.46257320046424866,-0.34844648838043213,2.321871757507324
156,43.63981246948242,9.93793773651123,-9.333868026733398,17.943187713623047,0.6673309803009033,0.12224245071411133,-53.112831115722656,2.756723403930664,-5.443765640258789,1.0105247497558594,0.017726898193359375,-0.08849382400512695,3.724285125732422,0.708753764629364,-0.47332021594047546,-5.531601428985596,7.474395751953125,5.50264310836792,-2.0537405014038086,0.423716276884079,0.27607452869415283,9.089967727661133,2.284078598022461,3.88106107711792
157,52.601036071777344,18.099899291992188,-24.656747817993164,-50.99241256713867,4.238142967224121,5.173227310180664,-52.08612823486328,7.762025833129883,-6.340549468994141,-11.324539184570312,-0.8522458076477051,-0.37832117080688477,2.0710301399230957,0.04524873197078705,0.48620957136154175,0.08547994494438171,-1.926127552986145,0.07167050987482071,-4.18507719039917,0.653130829334259,0.8939956426620483,11.229541778564453,3.028404951095581,2.5483546257019043
158,10.47378921508789,17.535648345947266,-33.136539459228516,-75.7596664428711,6.773591995239258,4.69142484664917,-23.579771041870117,5.284135341644287,-2.730640411376953,-14.952136993408203,-0.9629368782043457,-0.4200093746185303,2.386021852493286,-0.11947496235370636,0.4188886284828186,-1.0332905054092407,-1.390547752380371,0.274309903383255,-4.349338531494141,1.3495904207229614,1.341148018836975,7.647367000579834,2.768080472946167,-0.8391775488853455
159,-2.8335628509521484,7.445240020751953,-24.104093551635742,-67.33074951171875,4.637934684753418,4.932102203369141,-14.576622009277344,2.2743453979492188,-5.671194553375244,-18.879783630371094,-0.9512348175048828,0.1179802417755127,2.4051339626312256,-0.2642459273338318,0.3333476483821869,-2.1277689933776855,-0.6509914398193359,0.13267894089221954,-4.106246471405029,0.7665613889694214,0.1357000172138214,1.0236449241638184,4.032259941101074,-1.4462108612060547
160,-4.767217636108398,11.685649871826172,-20.559812545776367,-42.402015686035156,2.3837673664093018,5.528363227844238,-4.274402618408203,-7.317934513092041,0.7048662900924683,-7.637979507446289,-1.1969881057739258,0.10706472396850586,2.58974289894104,-0.462022066116333,0.4227508306503296,-2.758329153060913,-0.3029062747955322,0.06075295805931091,-3.392591953277588,-0.3314192593097687,-0.5469608306884766,-3.1019768714904785,0.8082901239395142,-2.4859566688537598
161,-27.17024040222168,8.814001083374023,-8.103271484375,-12.126380920410156,0.39664286375045776,2.308448076248169,25.999691009521484,-6.746659278869629,5.061486721038818,-1.1516380310058594,-0.30877256393432617,0.15442562103271484,2.1640350818634033,-0.521216094493866,-0.351484090089798,-2.193331480026245,-0.49765247106552124,0.7003484964370728,-0.9650346636772156,-0.7752959728240967,-0.9240312576293945,-7.804576396942139,0.2051432877779007,-3.103052854537964
162,-19.31754493713379,3.2024741172790527,0.22902125120162964,6.781726837158203,0.023715972900390625,-0.06628143787384033,31.50897979736328,-16.296661376953125,12.805272102355957,5.918800354003906,-0.1660211980342865,0.20845937728881836,-0.019530851393938065,0.10440423339605331,0.0583980567753315,5.297723293304443,-0.6120171546936035,0.6588982343673706,1.8173338174819946,-1.4668750762939453,-0.9125192761421204,-12.22258472442627,-0.17456205189228058,-2.214970111846924
163,-25.75922966003418,6.294190406799316,-2.1751174926757812,-9.290929794311523,0.0014948844909667969,-0.07288733869791031,28.317028045654297,-1.4217400550842285,6.626350402832031,28.402053833007812,0.7001651525497437,0.055957794189453125,-1.022450566291809,0.2334154099225998,0.029526524245738983,7.050558567047119,1.8999699354171753,-0.02923721633851528,2.289884567260742,-1.1854530572891235,-0.2202986776828766,-7.907013416290283,-0.7187444567680359,-2.1718387603759766
164,-15.288216590881348,2.534871816635132,-0.23363983631134033,-11.408349990844727,-0.4562661647796631,-0.0220034122467041,10.654948234558105,2.835564136505127,10.228042602539062,-11.627161026000977,-13.042427062988281,-5.691368103027344,-1.6326826810836792,0.5717487931251526,-0.2972472608089447,6.508581638336182,2.1530098915100098,-0.46978268027305603,0.09519010782241821,0.19888395071029663,0.3506286144256592,2.6265745162963867,-3.36092472076416,5.618442058563232
165,-30.310827255249023,-2.3668899536132812,1.9380853176116943,-6.5213165283203125,-0.7944931983947754,-0.002003192901611328,52.30259323120117,-32.860595703125,46.545684814453125,-66.135986328125,12.055517196655273,2.657367467880249,-2.523088216781616,0.053980953991413116,-0.896655797958374,6.0133185386657715,1.321120023727417,-1.2382150888442993,0.3245261311531067,-0.05431676656007767,-0.4084564447402954,2.3260819911956787,-2.97678542137146,-0.35141849517822266
166,-24.182889938354492,-0.6390417814254761,3.8673057556152344,-3.327587127685547,-0.5218532085418701,0.01732039451599121,47.3515739440918,-36.514339447021484,55.715538024902344,-66.51580810546875,16.13189697265625,4.735097885131836,-2.995311975479126,-0.004167526960372925,0.10629253089427948,5.586267948150635,1.1319118738174438,-1.5685944557189941,1.0578616857528687,-0.2410975992679596,-0.1262693554162979,1.555607795715332,-2.70729660987854,0.10562469065189362
167,-21.5634708404541,6.048821926116943,-3.07602858543396,-10.036605834960938,-0.7396695613861084,0.17287445068359375,36.35831832885742,-33.267181396484375,44.54607391357422,-69.03062438964844,16.036046981811523,4.622981071472168,-3.076833486557007,0.5438624024391174,-0.06465578824281693,1.9438426494598389,0.2917729616165161,-1.2841029167175293,1.838868260383606,0.06920225918292999,-0.1891666054725647,0.2560915946960449,-2.095207929611206,0.19168958067893982
168,-10.68796443939209,-0.8103736639022827,0.877682089805603,-2.1106338500976562,-0.37608879804611206,0.10774374008178711,24.206310272216797,-27.89722442626953,38.819766998291016,-66.69283294677734,17.50835609436035,6.15016508102417,-2.5057294368743896,0.3302736282348633,0.04519345611333847,-0.8141090869903564,-0.1518208086490631,-1.0706298351287842,2.671060800552368,0.06775717437267303,-0.07136791199445724,-0.6925919651985168,-1.7371262311935425,0.1437150239944458
169,8.901762962341309,-5.870053291320801,3.072436809539795,6.742362022399902,0.03538227081298828,0.08654201030731201,-7.394331455230713,-18.642988204956055,24.24173355102539,-75.04163360595703,14.558995246887207,7.491428852081299,-1.6456921100616455,0.1243601143360138,0.18040628731250763,-1.902274250984192,-0.7322406768798828,-0.5264027714729309,3.0957205295562744,0.22608578205108643,-0.042140670120716095,-1.6420196294784546,-1.3356690406799316,0.3228877782821655
170,5.815543174743652,-0.6423197388648987,0.4042327404022217,4.8460493087768555,0.045749783515930176,0.02661871910095215,-7.1781158447265625,-20.601364135742188,21.47542381286621,-50.32023620605469,16.280494689941406,9.184157371520996,-0.7171342372894287,-0.0326375812292099,0.29680538177490234,-3.5697617530822754,-0.7402560114860535,-0.6318655014038086,3.3523221015930176,0.19126884639263153,-0.005908012390136719,-2.147324323654175,-0.9702247381210327,-0.08905214071273804
171,16.733646392822266,-4.047170639038086,1.437985897064209,8.077838897705078,0.21886122226715088,0.06533262133598328,-28.548429489135742,-6.403264999389648,7.655722618103027,-39.02695083618164,13.581635475158691,7.759389877319336,0.10646595805883408,-0.13278836011886597,0.5416116118431091,-4.686159133911133,-0.6117773652076721,-0.05978560075163841,2.7841458320617676,0.2056388556957245,0.21565298736095428,-1.897718906402588,-1.0600217580795288,1.7056865692138672
172,29.155536651611328,10.551437377929688,-9.182489395141602,3.3942947387695312,-0.014830827713012695,0.18848705291748047,-37.00034713745117,-5.453463554382324,-3.362276315689087,-10.109596252441406,8.072885513305664,2.655212879180908,2.188809394836426,-0.07158692926168442,-0.36107712984085083,-9.266399383544922,-1.7994028329849243,1.248519778251648,1.204809308052063,-0.0419129841029644,0.10335175693035126,0.6719561815261841,-0.07838413119316101,3.840712308883667
173,43.322021484375,10.243492126464844,-8.390996932983398,15.24398422241211,0.5422238111495972,0.07421016693115234,-47.14459991455078,10.82693862915039,-10.11890697479248,2.9779701232910156,0.16925287246704102,-0.27322912216186523,3.866595983505249,0.3451431393623352,-0.09836763143539429,-4.225817680358887,9.318402290344238,5.471161365509033,-2.904451370239258,0.46333467960357666,0.0009037945419549942,11.01540756225586,3.2965855598449707,3.174760103225708
174,55.14480972290039,8.651345252990723,-21.71211814880371,-49.78929901123047,5.697382926940918,5.88071870803833,-55.83647918701172,9.730480194091797,-5.760451316833496,-16.334720611572266,-1.0448884963989258,-0.3624567985534668,1.5832821130752563,-0.3665103316307068,0.5488338470458984,-0.157904714345932,-1.6570101976394653,0.22092843055725098,-5.108292579650879,0.9749565720558167,1.5302273035049438,11.40024471282959,4.863404273986816,1.721266269683838
175,18.211528778076172,17.329904556274414,-31.567890167236328,-62.153804779052734,7.210214614868164,3.9854559898376465,-24.902206420898438,4.496182441711426,-4.621291160583496,-18.309616088867188,-1.4224238395690918,-0.2822563648223877,2.0294699668884277,-0.22399668395519257,0.5745241641998291,-1.1319549083709717,-1.2357068061828613,0.20875012874603271,-5.081491470336914,1.6987205743789673,1.329712986946106,6.641274452209473,3.210866928100586,-1.0546019077301025
176,-5.705894947052002,16.2688045501709,-25.896169662475586,-55.951866149902344,2.4113268852233887,4.874483108520508,-0.08712959289550781,-6.741645812988281,-0.5498397350311279,-14.56017780303955,-0.9751639366149902,0.074432373046875,2.6619365215301514,-0.4506922960281372,0.36947643756866455,-2.166966438293457,-0.7626170516014099,0.2061259150505066,-3.601879596710205,0.5688533186912537,0.16248905658721924,0.938543438911438,1.9773808717727661,-2.2158193588256836
177,-6.255229949951172,5.9342427253723145,-14.213028907775879,-33.85306930541992,1.563368320465088,4.407478332519531,-3.6789073944091797,-5.790006637573242,-0.8827939033508301,-13.512332916259766,-1.093024730682373,0.2106337547302246,2.555081605911255,-0.5167781114578247,0.3856877088546753,-2.7089011669158936,-0.35659104585647583,0.06474551558494568,-2.7143476009368896,-0.5599638223648071,-0.9934682846069336,-5.5551676750183105,1.1360440254211426,-3.0890793800354004
178,-14.0820894241333,3.662491798400879,-3.0801515579223633,2.819906234741211,1.9440453052520752,0.7198004722595215,17.19974708557129,-4.478736877441406,3.403451919555664,-0.5988235473632812,-0.6588977575302124,0.20999431610107422,1.2377445697784424,-0.2944519519805908,-0.5825116038322449,-0.17072921991348267,-0.10786861926317215,0.997601330280304,-0.6899504065513611,-0.5884642601013184,-1.6683212518692017,-10.669265747070312,-0.05497337132692337,-3.879425048828125
179,-20.168354034423828,6.8906025886535645,-1.0198144912719727,5.900402069091797,-0.009671926498413086,-0.11457806825637817,43.24456787109375,-17.875030517578125,17.407119750976562,20.603652954101562,0.5836281776428223,0.2171940803527832,-0.504833996295929,0.49491289258003235,0.22234909236431122,8.703522682189941,-0.4143844246864319,0.3553026020526886,2.300405263900757,-0.8375570774078369,-0.41308435797691345,-10.65157413482666,0.2828819155693054,-2.2849223613739014
180,-17.44325828552246,7.368451118469238,-2.7633907794952393,-11.133480072021484,-0.09841728210449219,-0.06366515159606934,18.01990509033203,-8.084930419921875,8.739568710327148,22.115276336669922,0.5362883806228638,0.1582089066505432,-1.0024164915084839,0.2473105490207672,0.10086788982152939,9.330198287963867,1.8817787170410156,-0.5653649568557739,2.3100199699401855,-1.3483537435531616,0.4144453704357147,-6.853132724761963,0.08319603651762009,-0.3281676769256592
181,-26.10482406616211,-3.100640058517456,1.1383024454116821,-18.299400329589844,-0.7829165458679199,0.016809463500976562,30.24883270263672,-9.78218936920166,12.058305740356445,-45.35567092895508,6.971825122833252,-0.3513187766075134,-1.5903302431106567,0.664206862449646,-0.4202738404273987,5.5452470779418945,2.3567960262298584,-1.1886104345321655,-0.12055815756320953,0.23620367050170898,-0.1722659319639206,3.1167285442352295,-3.3095312118530273,-0.02912767231464386
182,-25.507957458496094,-2.199437379837036,2.4743423461914062,-4.345634460449219,-0.8101037740707397,0.04370450973510742,47.466285705566406,-37.19158935546875,47.664913177490234,-66.89669799804688,12.086586952209473,4.085855007171631,-2.220150947570801,0.0009775254875421524,-0.963740885257721,4.896114826202393,0.6677706241607666,-1.9610323905944824,0.8207250833511353,-0.08667147904634476,-0.3068181872367859,2.049502372741699,-3.028658628463745,-0.3643372654914856
183,-21.990272521972656,-1.4385287761688232,4.200699329376221,-2.8147716522216797,-0.40533459186553955,0.11734676361083984,39.444461822509766,-36.6585807800293,43.91391372680664,-64.0494155883789,16.01258087158203,3.8478593826293945,-2.8934528827667236,0.1974136084318161,0.04734256863594055,4.33078670501709,0.6728342175483704,-1.4860289096832275,1.2630692720413208,-0.03953477740287781,-0.07321616262197495,1.3092429637908936,-2.6090447902679443,0.18712513148784637
184,-15.21157455444336,-3.2421631813049316,2.621029853820801,-6.235560417175293,-0.413715124130249,0.1233375072479248,24.766572952270508,-28.042085647583008,37.37238693237305,-67.58833312988281,18.78475570678711,8.283941268920898,-3.2231781482696533,-0.12487683445215225,0.4029228985309601,1.3721392154693604,1.2306432723999023,-0.9702065587043762,1.619635820388794,-0.07939200103282928,0.07136978209018707,0.326089084148407,-2.0965709686279297,-0.011648714542388916
185,-7.138847351074219,-1.1081092357635498,0.2803609371185303,1.3572304248809814,-0.41351309418678284,0.07937037944793701,20.46446990966797,-29.42552947998047,38.7147331237793,-73.1623306274414,19.3447265625,7.862940311431885,-2.748438835144043,-0.24208830296993256,0.3280715346336365,-0.3431665003299713,-0.06316974014043808,-0.9562240839004517,2.3683226108551025,0.0424392968416214,0.1245352253317833,-0.6562705039978027,-1.6735013723373413,0.08652648329734802
186,4.511012077331543,-3.1949968338012695,2.898031711578369,6.253848075866699,0.02859574556350708,0.041750431060791016,6.751067161560059,-25.136226654052734,25.530508041381836,-69.37248992919922,20.0,9.631597518920898,-1.715604543685913,-0.1286185085773468,0.6641897559165955,-1.2048009634017944,-0.48244941234588623,-0.7223042249679565,3.2210350036621094,0.14047326147556305,0.016155987977981567,-1.6346735954284668,-1.2995566129684448,0.005537450313568115
187,2.5029125213623047,2.3950886726379395,-2.2261109352111816,-0.25864410400390625,-0.1271955668926239,0.10946434736251831,-5.659971237182617,-20.249292373657227,17.297903060913086,-53.3627815246582,20.0,9.82126235961914,-0.9470402002334595,0.09690439701080322,0.15244194865226746,-4.403339385986328,-0.20400230586528778,-0.38604336977005005,3.4926414489746094,0.34433746337890625,-0.23522496223449707,-2.626397132873535,-0.7264387011528015,-0.30117493867874146
188,20.62462615966797,6.564748287200928,-5.849239349365234,4.1220550537109375,-0.13360381126403809,0.1503070592880249,-24.279102325439453,-15.03400707244873,8.076240539550781,-32.47943115234375,15.090657234191895,7.223944187164307,1.2863409519195557,0.32097309827804565,-0.29251497983932495,-8.150909423828125,-1.653916835784912,0.5348398685455322,3.597435235977173,0.36903664469718933,-0.12055396288633347,-2.5499002933502197,-0.9388588070869446,2.2926645278930664
189,35.451438903808594,13.137939453125,-10.607749938964844,7.761051177978516,0.1352691650390625,0.17136764526367188,-42.98478698730469,-1.914921760559082,-3.0997586250305176,3.3724746704101562,3.4955363273620605,0.6425142288208008,3.7873477935791016,0.5022169351577759,-0.5184147357940674,-13.137001991271973,-2.074018716812134,2.3322718143463135,0.05427699536085129,-0.1950845718383789,-0.30769768357276917,4.219529628753662,2.5725953578948975,5.352003574371338
190,46.74331283569336,3.865260124206543,-17.192102432250977,-16.229373931884766,-18.280004501342773,-3.8470358848571777,-52.311424255371094,6.9674482345581055,-5.961169719696045,-4.5340118408203125,-0.527493953704834,-0.5183367729187012,1.805711030960083,0.4063381552696228,0.3319368064403534,-0.033111631870269775,-1.062299132347107,-1.3953583240509033,-3.6567797660827637,0.2251335233449936,0.770065426826477,12.04881763458252,3.2788279056549072,3.9181087017059326
191,44.119056701660156,16.260169982910156,-21.613197326660156,-48.1394157409668,5.379155158996582,6.3286237716674805,-47.892478942871094,6.181407928466797,-5.253296852111816,-17.887001037597656,-1.2030668258666992,-0.5348488092422485,2.2105295658111572,-0.5649587512016296,0.49189531803131104,-0.7458119988441467,-1.4378552436828613,0.10534263402223587,-5.273977279663086,0.9631307721138,2.1205224990844727,10.800708770751953,3.5880980491638184,0.3373520076274872
192,17.835939407348633,16.34946632385254,-26.226465225219727,-45.4902229309082,6.875467777252197,6.0655517578125,-26.607383728027344,2.558666706085205,-5.49790096282959,-22.04027557373047,-1.2971162796020508,-0.06450295448303223,2.109940767288208,-0.2955792248249054,0.257569819688797,-1.2130762338638306,-1.1362555027008057,-0.0316104032099247,-5.684314727783203,1.2625102996826172,1.1483533382415771,4.761582851409912,3.857661724090576,-1.1800332069396973
193,-11.87358283996582,17.152883529663086,-20.613210678100586,-49.36767578125,3.1466522216796875,6.452265739440918,8.349637985229492,-11.765811920166016,1.3608615398406982,-14.67691421508789,-1.2202152013778687,0.05256938934326172,2.834960699081421,-0.46849602460861206,0.2645319700241089,-2.311399459838867,-0.6604432463645935,0.06274726986885071,-3.6836187839508057,-0.39481788873672485,-0.008216033689677715,-1.9326348304748535,1.0768427848815918,-3.1059792041778564
194,-31.49414825439453,4.718689918518066,-6.697722911834717,-27.68539047241211,1.1409896612167358,4.079517364501953,23.38957405090332,-0.6486668586730957,-2.0658721923828125,-6.207725524902344,-0.5488904714584351,0.3095674514770508,2.6648693084716797,-0.12120438367128372,0.05328257381916046,-2.490083694458008,-0.6611849069595337,0.10622349381446838,-1.299684762954712,-0.7666428089141846,-1.4303860664367676,-8.509140014648438,1.000306248664856,-3.6913952827453613
195,-14.673864364624023,3.4723572731018066,-0.24581927061080933,9.206729888916016,0.1609276533126831,0.028580307960510254,27.868026733398438,-14.386186599731445,12.999004364013672,5.7360382080078125,-0.32504934072494507,0.23110198974609375,0.021750617772340775,0.483011394739151,-0.0728786438703537,6.681776523590088,-0.42791831493377686,0.7790752053260803,1.389691710472107,-1.3228745460510254,-1.2155274152755737,-12.646744728088379,0.40452736616134644,-2.829209566116333
196,-27.284746170043945,3.562009811401367,-0.6412124633789062,-12.052513122558594,-0.1285567283630371,-0.0923890471458435,27.342540740966797,-1.4562935829162598,6.454906463623047,30.077312469482422,0.7418601512908936,0.12785100936889648,-0.5849928259849548,0.27204200625419617,0.2782568633556366,6.921454429626465,1.7993013858795166,0.3182203769683838,1.6347144842147827,-1.0680662393569946,-0.07498730719089508,-7.469858169555664,-0.1947963982820511,-2.319652557373047
197,-24.503318786621094,5.056036949157715,-1.3356833457946777,-14.15658187866211,-0.6836261749267578,-0.042204201221466064,22.63060188293457,-4.738725185394287,6.558943748474121,16.314620971679688,0.34397828578948975,0.1811619997024536,-1.060450553894043,0.27228498458862305,-0.12096789479255676,5.438064098358154,1.229509949684143,-0.144677996635437,1.272829294204712,-1.3349931240081787,-1.115203619003296,2.707913875579834,-3.006741523742676,6.286829471588135
198,-18.96640968322754,-4.5184102058410645,1.403212070465088,-1.1788330078125,-0.44029223918914795,-0.026767969131469727,39.46234893798828,-28.95468521118164,44.16257858276367,-79.35408782958984,6.629790306091309,5.314726829528809,-1.901568055152893,0.20497514307498932,-0.9412968754768372,6.209023952484131,0.9568157196044922,-1.2083450555801392,0.4944300949573517,0.25181326270103455,-0.42784273624420166,2.2326583862304688,-3.0089523792266846,-0.48322951793670654
199,-29.99322509765625,0.9051411151885986,2.985264301300049,-5.489704132080078,-0.5758686065673828,0.04685401916503906,53.13154983520508,-37.556026458740234,54.932411193847656,-65.23270416259766,13.296971321105957,5.949357986450195,-2.683708906173706,0.10902237892150879,-0.3662830889225006,5.464649677276611,1.0304423570632935,-1.2929452657699585,1.197566270828247,0.00780525803565979,-0.2762347459793091,1.394910216331482,-2.6087324619293213,-0.027248263359069824
200,-19.672883987426758,-1.2508916854858398,2.439023733139038,-5.454885482788086,-0.5106532573699951,0.06791400909423828,36.02690505981445,-29.662336349487305,46.39984130859375,-70.39048767089844,17.617076873779297,7.829681396484375,-3.071416139602661,0.09264138340950012,0.19262592494487762,3.436324119567871,0.9096649289131165,-1.3113858699798584,1.7813640832901,0.08623914420604706,-0.0809469148516655,0.2946910262107849,-2.099890947341919,-0.06998395919799805
201,-4.177748680114746,1.6641892194747925,-1.4185020923614502,-5.723117351531982,-0.4849437475204468,0.12436079978942871,10.628668785095215,-27.952571868896484,34.57106018066406,-72.05001068115234,15.246979713439941,8.66866397857666,-2.581909418106079,0.12869758903980255,-0.12273386120796204,-0.2801028788089752,0.0005808674031868577,-1.4268298149108887,2.347616672515869,0.2343910038471222,-0.08639489114284515,-0.8434343934059143,-1.5837267637252808,0.006955653429031372
202,-2.0488319396972656,-2.357872486114502,2.0397531986236572,2.0654029846191406,-0.2221996784210205,0.10518789291381836,14.606959342956543,-22.498699188232422,28.88162612915039,-67.46808624267578,14.470123291015625,6.736748218536377,-1.4314000606536865,0.1524486243724823,0.04855092987418175,-2.6235570907592773,-0.7682498097419739,-1.1690516471862793,3.281792163848877,0.35216110944747925,-0.09147348999977112,-1.8265409469604492,-1.1675845384597778,0.24173204600811005
203,5.14949893951416,-0.23027750849723816,0.7385553121566772,4.213830947875977,-0.03509950637817383,0.14531341195106506,-3.2957592010498047,-23.299564361572266,19.055620193481445,-45.999000549316406,15.483444213867188,10.816161155700684,-0.2556707561016083,0.021019194275140762,0.3507401943206787,-4.909534931182861,-1.0199834108352661,0.057354215532541275,3.7023398876190186,0.2817845344543457,0.01313202828168869,-2.3994028568267822,-0.8627046346664429,-0.21995270252227783
204,16.362178802490234,2.60327410697937,-2.7123281955718994,6.397350311279297,0.09873819351196289,0.055040717124938965,-24.98440933227539,-4.619716167449951,3.3708016872406006,-26.061370849609375,13.150984764099121,6.24073600769043,0.9147354364395142,0.3406278192996979,0.17596571147441864,-7.108121395111084,-1.2024484872817993,0.6448409557342529,3.1652088165283203,0.2675020098686218,-0.016495902091264725,-1.8356341123580933,-1.2022415399551392,3.0775952339172363
205,33.55966567993164,8.18818187713623,-8.065752983093262,10.777790069580078,0.2352311611175537,0.0980074405670166,-37.45351791381836,-2.537707805633545,-2.137317657470703,1.0773019790649414,2.6845879554748535,0.2871570587158203,2.9183614253997803,0.20326298475265503,-0.3155304193496704,-9.462369918823242,-2.095961809158325,1.6965919733047485,0.3980472981929779,-0.17504945397377014,-0.13836437463760376,3.367959976196289,1.3239033222198486,4.198314666748047
206,33.50749969482422,11.146774291992188,-8.317174911499023,16.190338134765625,0.6033127903938293,0.0317387580871582,-45.08887481689453,2.131549835205078,-3.0576603412628174,-1.4680747985839844,-0.3536348342895508,-0.4306907653808594,3.2263715267181396,0.1339024305343628,0.102908194065094,-3.5113844871520996,7.834871292114258,-0.2472085952758789,-4.047445297241211,0.39200639724731445,1.0826736688613892,12.631539344787598,1.5742378234863281,2.9630239009857178
207,32.164493560791016,17.850486755371094,-24.691030502319336,-59.950904846191406,4.423799514770508,6.360934734344482,-35.34766387939453,9.661722183227539,-6.669252872467041,-17.043048858642578,-0.9356167316436768,-0.34255874156951904,1.6871309280395508,-0.18991607427597046,0.16353216767311096,0.05448493734002113,-1.7465901374816895,0.007881850004196167,-4.3104119300842285,0.8088977336883545,1.1923820972442627,10.093489646911621,1.5619207620620728,0.7803278565406799
208,14.236764907836914,18.40284538269043,-26.41728401184082,-60.206085205078125,7.260796070098877,6.868539333343506,-27.38531494140625,2.7167587280273438,-4.279214859008789,-17.57521629333496,-0.8607559204101562,-0.20371246337890625,1.7917001247406006,-0.03305669128894806,0.3405200242996216,-0.8175131678581238,-1.3002103567123413,-0.05647575482726097,-4.939233303070068,1.170640230178833,0.93959641456604,5.6560516357421875,2.5457797050476074,-2.2071495056152344
209,0.04369163513183594,10.425287246704102,-21.4694881439209,-56.57469177246094,4.0474958419799805,6.337192058563232,-8.45181655883789,-4.598203182220459,-1.7933969497680664,-17.3969669342041,-0.9847326278686523,0.17023181915283203,2.416719436645508,-0.2242015302181244,0.5011149048805237,-2.083815097808838,-0.6897037625312805,-0.008070230484008789,-3.9070558547973633,0.16654837131500244,0.08682356029748917,-1.1165530681610107,2.7111728191375732,-3.5434679985046387
210,-22.55032730102539,1.8062922954559326,-10.089645385742188,-28.985776901245117,-1.0553815364837646,4.78917932510376,20.933156967163086,-6.496162414550781,1.0014533996582031,-10.809268951416016,-0.9592283964157104,0.3623991012573242,2.7726686000823975,-0.24855023622512817,0.2580539286136627,-2.638841390609741,-0.45853766798973083,0.20778629183769226,-0.8566558957099915,-0.9516996145248413,-1.1289262771606445,-8.925929069519043,1.1305187940597534,-3.534209728240967
211,-21.85654067993164,1.7921102046966553,0.39313411712646484,6.775445938110352,0.029011189937591553,0.026927947998046875,31.003021240234375,-14.531733512878418,12.1378812789917,6.579608917236328,-0.28844761848449707,0.27188539505004883,0.06935462355613708,0.2815478444099426,0.4315197169780731,5.396385192871094,-0.33875149488449097,1.2884056568145752,1.829522967338562,-1.5810437202453613,-1.1957777738571167,-13.49644660949707,0.9575061202049255,-2.1551811695098877
212,-24.314327239990234,5.730698585510254,-2.290950298309326,-7.477996826171875,-0.02953958511352539,-0.14176973700523376,28.594743728637695,-0.7373948097229004,7.575458526611328,31.64883041381836,0.5467925071716309,0.0504460334777832,-1.2425898313522339,0.23382864892482758,0.016525695100426674,8.76516342163086,1.7662911415100098,0.2453637272119522,2.0824198722839355,-0.9753361344337463,0.16129976511001587,-7.800417900085449,-1.2729445695877075,-1.3295936584472656
213,-18.00527572631836,-2.0603208541870117,0.5001972913742065,-14.446475982666016,-0.5427122116088867,-0.06129586696624756,21.02969741821289,-10.475425720214844,8.965461730957031,-37.90048599243164,6.7940449714660645,-16.801898956298828,-1.4437589645385742,0.33394020795822144,-0.32418543100357056,6.639528751373291,2.3573522567749023,-0.6671225428581238,-0.04256796836853027,0.513374924659729,0.22175730764865875,2.999619245529175,-3.62351393699646,0.47419384121894836
214,-25.974536895751953,-3.440873146057129,2.7358713150024414,-6.279430389404297,-0.7592473030090332,-0.007035732269287109,42.97708511352539,-28.5011043548584,38.361854553222656,-64.32235717773438,9.718982696533203,4.224508762359619,-2.21614933013916,-0.11584024131298065,-0.7099642157554626,6.1126861572265625,1.5075297355651855,-1.534443736076355,0.4909997582435608,0.1375763714313507,-0.257571816444397,2.0793521404266357,-2.8519346714019775,-0.4309818744659424
215,-25.352767944335938,-6.137084007263184,6.76186990737915,-5.4001617431640625,-0.5999367237091064,0.057642459869384766,43.705955505371094,-29.62310791015625,39.92546844482422,-68.2043685913086,15.264741897583008,7.256233215332031,-2.900681734085083,-0.24463769793510437,0.31988009810447693,5.068868160247803,1.2884291410446167,-1.144943356513977,1.049797773361206,0.09771236032247543,-0.0769965797662735,1.1768544912338257,-2.4226255416870117,0.06263075023889542
216,-22.605430603027344,1.050573468208313,0.37670230865478516,-8.223930358886719,-0.6687089204788208,0.09345626831054688,40.37750244140625,-29.159347534179688,39.46013259887695,-61.52381134033203,17.504772186279297,6.767025947570801,-3.1371448040008545,-0.30055761337280273,0.403866708278656,2.1187026500701904,0.9629852175712585,-1.0035792589187622,1.811506986618042,0.027414649724960327,-0.12814638018608093,0.20052409172058105,-2.008817195892334,-0.024739742279052734
217,-7.634200096130371,-1.5425772666931152,2.3691959381103516,1.2066669464111328,-0.33359476923942566,0.04870784282684326,21.362476348876953,-28.580989837646484,29.481027603149414,-63.96925354003906,20.0,7.043519496917725,-3.0088953971862793,-0.042578987777233124,0.8821052312850952,1.143433928489685,-0.07383254170417786,-0.7585529685020447,2.4519436359405518,0.1883896440267563,-0.17611689865589142,-0.6793709993362427,-1.6553388833999634,-0.01611468195915222
218,1.902799129486084,2.1311538219451904,-2.8697526454925537,-2.1381425857543945,-0.316928505897522,0.11504220962524414,3.996288299560547,-30.88144302368164,31.272930145263672,-77.44239044189453,17.482851028442383,9.686399459838867,-1.6657459735870361,-0.09172702580690384,0.34310346841812134,-2.803453207015991,-1.0109117031097412,-0.6048402786254883,3.3556299209594727,0.34487733244895935,-0.18625007569789886,-2.0220940113067627,-1.110526204109192,-0.07117456197738647
219,11.040117263793945,-1.0852038860321045,0.7609434127807617,9.180834770202637,0.20785832405090332,0.03428661823272705,-16.635684967041016,-22.0882568359375,23.917070388793945,-63.17354965209961,13.688495635986328,12.250353813171387,-0.7816716432571411,-0.11018701642751694,0.6284310817718506,-3.5787408351898193,-1.0875741243362427,-0.39511531591415405,3.498727560043335,0.31085431575775146,-0.147678405046463,-2.6752240657806396,-0.7034348249435425,-0.2966219186782837
220,11.095945358276367,5.071820259094238,-4.682318687438965,5.482677459716797,0.11603784561157227,0.0944657027721405,-18.626262664794922,-17.048513412475586,14.923371315002441,-41.35237121582031,12.648815155029297,9.508431434631348,0.3092554211616516,0.17241214215755463,0.06342620402574539,-5.557463645935059,-0.9609519243240356,-0.18711191415786743,3.4561924934387207,0.4710366129875183,-0.16332709789276123,-2.889157772064209,-0.6115603446960449,1.1398698091506958
221,20.74662208557129,9.869874954223633,-8.279187202453613,4.013919830322266,0.02248358726501465,0.16809844970703125,-27.346609115600586,-7.422728061676025,-1.8148982524871826,-5.522185325622559,12.241786003112793,3.4480552673339844,1.8039531707763672,0.42560404539108276,-0.6143477559089661,-9.197248458862305,-1.2965238094329834,0.8276740312576294,1.6495686769485474,0.18204811215400696,-0.45868930220603943,-0.11121933162212372,0.4555588960647583,3.542536735534668
222,45.3409423828125,12.201824188232422,-10.263582229614258,15.694114685058594,0.40151381492614746,0.1629495620727539,-46.37972640991211,0.6901238560676575,-3.458219051361084,3.055225372314453,0.046620845794677734,-0.23079204559326172,4.24519681930542,0.32270804047584534,-0.9272183179855347,-11.895280838012695,-1.4599981307983398,3.0501840114593506,-2.4802942276000977,-0.09858126193284988,0.016430744901299477,10.770696640014648,2.595273733139038,4.7089457511901855
223,52.38557052612305,9.746720314025879,-13.822709083557129,-26.701358795166016,4.423261642456055,7.546787738800049,-44.40465545654297,3.378356456756592,1.1179227828979492,-15.845008850097656,-0.8135356903076172,-0.5502400398254395,1.4087021350860596,-0.18773242831230164,-0.056704819202423096,0.4058453440666199,-1.8277643918991089,-0.9292532205581665,-4.478366851806641,0.5046524405479431,1.78738272190094,12.331696510314941,4.019196033477783,3.2807905673980713
224,35.302825927734375,15.325820922851562,-23.471364974975586,-49.88100814819336,6.401829719543457,5.578629016876221,-41.9144401550293,6.13571834564209,-8.280484199523926,-23.311893463134766,-1.5639395713806152,-0.413252592086792,1.505090594291687,-0.1235499307513237,0.18879465758800507,-0.27001097798347473,-1.5485819578170776,-0.0736369863152504,-5.475528240203857,0.7911708950996399,1.2154664993286133,7.4519219398498535,3.2636775970458984,-0.5657124519348145
225,11.291736602783203,15.21919059753418,-24.611486434936523,-57.95138168334961,6.3612847328186035,6.157070159912109,-15.647655487060547,2.4932949542999268,-4.375626087188721,-14.412882804870605,-1.0573225021362305,-0.023465633392333984,2.1609199047088623,-0.25774115324020386,0.27291131019592285,-1.3779253959655762,-1.0649276971817017,-0.07617689669132233,-5.109663486480713,0.5720303654670715,0.7976287603378296,2.655982494354248,2.5504534244537354,-2.610325574874878
226,-5.672513961791992,8.532339096069336,-17.25957489013672,-37.707054138183594,2.500415086746216,5.840285301208496,2.9222373962402344,-7.320391654968262,0.30991995334625244,-11.63979721069336,-0.9480206966400146,0.2360239028930664,2.658217191696167,-0.40767043828964233,0.4195317327976227,-2.090928792953491,-0.7504045963287354,0.06885585188865662,-3.7168030738830566,-0.5227915048599243,0.12477830797433853,-2.907454013824463,1.313227653503418,-3.1071228981018066
227,-19.142452239990234,8.868401527404785,-7.451672077178955,-6.640307903289795,-0.3199126720428467,1.6472636461257935,19.99749755859375,-9.542604446411133,2.4524593353271484,-6.239849090576172,-0.8665816783905029,0.28511905670166016,2.09755539894104,-0.1628510057926178,-0.259744256734848,-1.3354915380477905,-1.065392017364502,0.898328423500061,-1.3948485851287842,-1.4780747890472412,-1.6585685014724731,-9.223246574401855,-0.8194317817687988,-3.69616436958313
228,-11.559388160705566,2.0660810470581055,0.4735298156738281,8.690471649169922,0.33368679881095886,-0.08200740814208984,26.753799438476562,-10.042535781860352,12.196601867675781,8.21500015258789,-0.05224299430847168,0.2032017707824707,-0.3091774880886078,0.46640539169311523,-0.20570428669452667,7.881271839141846,0.3417282998561859,0.7952829599380493,1.2383838891983032,-1.4679878950119019,-1.2100292444229126,-12.816171646118164,-0.5458803772926331,-2.9431746006011963
229,-31.601842880249023,4.361397743225098,0.20373967289924622,-12.898296356201172,-0.4179215431213379,-0.1402239203453064,37.262718200683594,-4.169759273529053,9.973958969116211,29.34906768798828,0.8730877041816711,0.13796091079711914,-1.1437193155288696,0.5365993976593018,0.09051453322172165,8.913003921508789,1.3016129732131958,-0.2780367136001587,2.6139514446258545,-1.3044112920761108,-0.022751379758119583,-9.702832221984863,0.3384295105934143,-1.7178202867507935
230,-22.72507095336914,-0.1341092586517334,-1.2881906032562256,-17.52737045288086,-0.5914278030395508,0.022852301597595215,26.58103370666504,-11.823273658752441,14.985021591186523,-34.63835144042969,5.272135257720947,-15.790035247802734,-1.1457176208496094,0.6745127439498901,-0.5882973670959473,5.496862888336182,1.9940288066864014,-0.9265050292015076,0.06456069648265839,0.551119863986969,-0.1432880163192749,3.5862677097320557,-3.848867893218994,-0.19559693336486816
231,-26.175514221191406,-6.718048095703125,4.761598110198975,-5.128170013427734,-0.767925500869751,0.014858007431030273,42.37117385864258,-27.165210723876953,44.54008483886719,-68.85692596435547,7.880303859710693,2.9448275566101074,-1.9910298585891724,-0.2687508463859558,-0.6238848567008972,4.6498212814331055,0.6018773913383484,-1.4493262767791748,0.46741920709609985,0.07545171678066254,-0.21948261559009552,2.6700422763824463,-3.2100775241851807,-0.373409241437912
232,-21.419387817382812,0.42279350757598877,2.477036237716675,0.5191307067871094,-0.3724707365036011,0.08747291564941406,43.52196502685547,-38.387203216552734,49.792274475097656,-78.31941223144531,14.894433975219727,3.3906657695770264,-3.1576004028320312,0.0338662751019001,-0.2841334640979767,5.609638214111328,0.21925011277198792,-1.248400330543518,1.0584877729415894,0.06921777129173279,-0.377428263425827,1.5782383680343628,-2.6794967651367188,-0.013721004128456116
233,-11.528295516967773,-1.8939461708068848,2.689754009246826,-3.838442802429199,-0.2567199468612671,0.05786538124084473,32.44745635986328,-32.41313171386719,50.72808074951172,-79.261962890625,14.083295822143555,5.70129919052124,-2.6040966510772705,-0.39000630378723145,0.5250991582870483,3.1743032932281494,0.6352328658103943,-1.2738382816314697,1.994391918182373,-0.08290515094995499,0.038374945521354675,0.690638542175293,-2.425097942352295,0.2629142701625824
234,-11.825864791870117,2.224306583404541,-0.4910750389099121,-4.2219438552856445,-0.46660369634628296,0.12000405788421631,25.168270111083984,-27.127422332763672,33.88463592529297,-74.6176986694336,16.39309310913086,4.1479387283325195,-2.4205424785614014,0.14558881521224976,0.5190534591674805,0.3951662480831146,-0.13481071591377258,-0.897699236869812,2.804269313812256,0.17572981119155884,-0.19002896547317505,-0.5660643577575684,-1.8444364070892334,0.33725231885910034
235,-0.18770599365234375,0.12402454018592834,-1.0149519443511963,-2.0578222274780273,-0.2022690773010254,0.11080670356750488,1.161081314086914,-23.342273712158203,30.134300231933594,-75.59695434570312,15.544715881347656,8.250290870666504,-1.6013731956481934,0.019207842648029327,0.21553778648376465,-3.4739434719085693,0.2629687190055847,-0.6426889896392822,3.3028452396392822,0.26726341247558594,-0.21872848272323608,-1.7592419385910034,-1.272863507270813,0.10332295298576355
236,15.76502513885498,0.12871825695037842,-0.18680310249328613,8.250396728515625,-0.12747788429260254,0.0634111762046814,-21.137889862060547,-22.69947052001953,24.49460220336914,-76.27015686035156,9.464679718017578,11.686827659606934,0.09565874934196472,0.1826908141374588,0.45024216175079346,-5.645136833190918,-1.596259355545044,-0.18112894892692566,3.7798092365264893,0.3718376159667969,-0.16449598968029022,-2.727578639984131,-0.7968608736991882,0.042160987854003906
237,14.084186553955078,1.5488535165786743,-3.222771406173706,9.918951034545898,0.29752039909362793,0.09582293033599854,-19.938920974731445,-9.497169494628906,8.859500885009766,-40.454833984375,8.428897857666016,8.618172645568848,1.4184212684631348,0.30949699878692627,-0.2543513774871826,-6.875341415405273,-0.9721739292144775,0.48955851793289185,3.8126912117004395,0.6048539280891418,-0.21828097105026245,-2.805429458618164,-0.688678503036499,1.3974881172180176
238,20.975791931152344,11.210116386413574,-8.370651245117188,4.648632049560547,-0.040885210037231445,0.11684775352478027,-32.69663619995117,-1.3948888778686523,-2.707423686981201,4.627943992614746,1.421182632446289,0.2782707214355469,2.811711072921753,0.4828333556652069,-0.5358846187591553,-10.823594093322754,-1.730327844619751,1.6821887493133545,0.8001002669334412,0.12234631180763245,-0.4385278522968292,2.9353420734405518,1.875592827796936,3.7528858184814453
239,47.00962829589844,6.908869743347168,-12.077836036682129,-7.814689636230469,-13.408893585205078,-3.448601722717285,-52.930721282958984,1.5672039985656738,-4.730085372924805,-3.6718788146972656,-0.5191900730133057,-0.2852439880371094,2.360374689102173,-0.5481033325195312,0.22257837653160095,-1.318209171295166,-0.7329190373420715,8.482948303222656,-2.9411745071411133,0.09286641329526901,0.5213544964790344,11.098301887512207,1.6858437061309814,4.058071136474609
240,38.7040901184082,13.5343017578125,-25.949661254882812,-59.047882080078125,6.826854705810547,6.006626605987549,-47.540340423583984,14.217706680297852,-8.272809982299805,-13.514076232910156,-0.8197407722473145,-0.5363326668739319,1.9311180114746094,-0.1450246125459671,0.13898758590221405,-0.533042848110199,-1.4252139329910278,0.0397753044962883,-4.765574932098389,1.5888019800186157,1.6797438859939575,11.1288423538208,2.967440128326416,0.37120503187179565
241,0.5037307739257812,14.212018013000488,-28.33891487121582,-72.29911041259766,4.943282127380371,5.0379319190979,-17.042247772216797,3.5610170364379883,-5.4181389808654785,-17.854633331298828,-0.8986024856567383,-0.09308457374572754,2.2261393070220947,-0.035392627120018005,0.3642435073852539,-1.6579443216323853,-0.9131247997283936,0.17975230515003204,-4.6635308265686035,1.806083083152771,1.037102460861206,5.985855579376221,4.148759365081787,-1.5071344375610352
242,-6.457193374633789,10.18359088897705,-19.27521514892578,-55.39314270019531,1.575057029724121,4.860618591308594,-5.577793121337891,-8.961308479309082,-1.024118185043335,-19.809595108032227,-1.4269828796386719,0.1397995948791504,2.600252866744995,-0.39738285541534424,0.4313698410987854,-2.8808422088623047,-0.19657936692237854,0.14808952808380127,-3.569260597229004,0.0165312010794878,-0.38802075386047363,-1.299837350845337,2.421309471130371,-2.7996273040771484
243,-9.60938835144043,8.909238815307617,-11.32976245880127,-12.81967544555664,0.6180844902992249,3.8404572010040283,4.967197418212891,-11.366186141967773,4.979109764099121,-11.872451782226562,-1.2935389280319214,0.19180679321289062,2.1975624561309814,-0.33083438873291016,0.1770520657300949,-2.703049421310425,-0.17080597579479218,0.3725925385951996,-2.0859017372131348,-0.965516209602356,-1.0874404907226562,-8.011683464050293,-0.33094218373298645,-3.60805082321167
244,-23.056049346923828,2.687826156616211,-0.42943453788757324,6.016445159912109,-0.0638589859008789,0.015870094299316406,40.149444580078125,-13.438000679016113,12.513340950012207,5.430992126464844,0.010408163070678711,0.23962736129760742,0.35228589177131653,0.04168177768588066,-0.26158931851387024,4.078859329223633,-0.5874126553535461,0.8998435139656067,1.7554315328598022,-1.2836582660675049,-0.8508904576301575,-13.429659843444824,0.6692716479301453,-2.8117754459381104
245,-19.748991012573242,7.664299964904785,-2.4575581550598145,-4.803470611572266,0.06219172477722168,-0.11776620149612427,23.332622528076172,-3.7625732421875,7.137661933898926,28.13167953491211,0.37961840629577637,0.14119768142700195,-0.9907006025314331,0.45445796847343445,-0.006271344609558582,7.88047981262207,1.2815744876861572,-0.21562188863754272,2.2865664958953857,-1.3258761167526245,-0.6520282626152039,-9.48204231262207,-1.3302316665649414,-2.1899027824401855
246,-27.576725006103516,6.039314270019531,-2.207346200942993,-16.898059844970703,-0.6159012317657471,0.00548398494720459,24.43613052368164,-2.6949033737182617,6.286954879760742,23.15744972229004,0.8923898339271545,0.12398910522460938,-1.3736231327056885,0.16161155700683594,-0.33994218707084656,5.8922438621521,1.3645422458648682,-0.748425304889679,1.712512493133545,-2.029214859008789,-1.3514515161514282,-0.890434741973877,7.1137237548828125,2.5285091400146484
247,-16.944429397583008,-1.296209454536438,-1.6174407005310059,-9.58596420288086,-0.6238703727722168,0.09672665596008301,26.460041046142578,-21.850555419921875,32.3297119140625,-61.491722106933594,-0.5986971855163574,2.3469414710998535,-1.7381113767623901,0.4355534315109253,-1.2129064798355103,3.4915497303009033,0.5132490396499634,-1.058275818824768,-0.03899695351719856,0.2097393274307251,-0.2057405412197113,2.540245294570923,-3.0770115852355957,0.21158677339553833
248,-11.366764068603516,-11.777181625366211,9.395149230957031,6.419651031494141,-0.06122612953186035,-0.04004025459289551,31.46405792236328,-27.891111373901367,39.86520004272461,-73.29385375976562,4.435488700866699,4.282854080200195,-2.3657259941101074,0.03380284458398819,-0.37708914279937744,6.228814601898193,0.8228592276573181,-1.4992631673812866,0.5554584264755249,0.19174669682979584,-0.10503633320331573,1.8238556385040283,-2.630537748336792,-0.17107419669628143
249,-26.876134872436523,4.844001770019531,-1.313520073890686,-11.415460586547852,-0.6531226634979248,0.12768840789794922,46.27412414550781,-34.74364471435547,44.828514099121094,-50.35551452636719,12.746243476867676,2.6233155727386475,-2.3816967010498047,0.16185545921325684,-0.28002116084098816,2.807025194168091,0.8959405422210693,-1.4845613241195679,1.3997944593429565,0.06226237118244171,-0.08243483304977417,1.0258640050888062,-2.3175086975097656,0.01863054931163788
250,-15.019044876098633,0.2982635498046875,1.5912318229675293,-2.470921516418457,-0.47556883096694946,0.1055593490600586,28.65746307373047,-31.62165069580078,35.55446243286133,-61.386966705322266,16.243764877319336,2.3849527835845947,-2.5548384189605713,0.480271577835083,0.214533731341362,1.1346886157989502,0.012066992931067944,-1.1159510612487793,1.9609665870666504,0.17456544935703278,-0.032284509390592575,0.1207733005285263,-1.945070743560791,0.3557884991168976
251,-4.7875871658325195,-5.617318630218506,3.2861804962158203,1.1463276147842407,-0.1511044204235077,0.0718235969543457,7.6205291748046875,-25.07659339904785,28.150775909423828,-65.25917053222656,17.3120059967041,5.548495769500732,-2.6482462882995605,-0.037585459649562836,0.27120494842529297,-0.4329949915409088,0.17342041432857513,-0.91648930311203,2.1795167922973633,0.09641855955123901,-0.016672588884830475,-0.7174575328826904,-1.5328525304794312,0.24601781368255615
252,-1.9567718505859375,-2.22725510597229,0.9708540439605713,2.766115188598633,-0.2371821403503418,0.07123374938964844,10.074405670166016,-23.067901611328125,27.116382598876953,-54.66862106323242,17.405393600463867,6.537532806396484,-1.7338403463363647,-0.19782300293445587,0.3738079071044922,-2.1746156215667725,-0.8752386569976807,-0.7923959493637085,2.7543935775756836,0.21155405044555664,0.12631595134735107,-1.3649179935455322,-1.1793859004974365,0.1398468017578125
253,8.276930809020996,-2.607480525970459,1.7506225109100342,2.5389785766601562,0.014859437942504883,0.08243945240974426,-8.317748069763184,-8.525031089782715,10.059340476989746,-38.711761474609375,13.093443870544434,6.5472846031188965,-0.4313541650772095,-0.3087797462940216,0.45284825563430786,-4.917468547821045,-0.778603732585907,-0.13398000597953796,3.1040546894073486,0.18482103943824768,0.05087016522884369,-1.7693690061569214,-1.05193293094635,0.11287462711334229
254,20.19736099243164,12.358203887939453,-9.285749435424805,-0.03826141357421875,-0.20355010032653809,0.17358362674713135,-26.2484130859375,-7.565021991729736,-0.785011887550354,-11.207328796386719,9.40261459350586,2.528952121734619,1.9449321031570435,0.12362658232450485,-0.3925873339176178,-10.768111228942871,-1.824676513671875,0.7628675699234009,2.6655287742614746,0.19356341660022736,0.00637219101190567,-0.9116416573524475,-1.0619468688964844,2.2499217987060547
255,41.40464782714844,9.783271789550781,-7.242805480957031,19.766342163085938,0.5161607265472412,0.08237886428833008,-49.45479965209961,4.926627159118652,-7.256515026092529,1.295806884765625,0.13909244537353516,-0.08161783218383789,3.098959445953369,0.3287242650985718,0.1952083706855774,-3.4600744247436523,7.860373497009277,4.128841400146484,-1.6203488111495972,0.06484578549861908,-0.3529152274131775,8.663397789001465,1.2932519912719727,3.0714406967163086
256,40.50101852416992,17.218475341796875,-25.79946517944336,-73.0782699584961,2.694580316543579,4.982555866241455,-43.718589782714844,9.964377403259277,-4.879103660583496,-5.679271697998047,-0.5788497924804688,-0.35649561882019043,1.951594352722168,-0.4449564218521118,0.2155575454235077,-0.0804193764925003,-1.8506474494934082,0.6520628333091736,-3.701413154602051,0.7036835551261902,1.1443958282470703,12.355278015136719,1.9937803745269775,1.5377403497695923
257,29.896921157836914,14.893209457397461,-21.903606414794922,-63.39826965332031,7.636260032653809,4.791296482086182,-43.63594055175781,9.255060195922852,-8.05131721496582,-20.1119327545166,-0.9884576797485352,-0.22524511814117432,1.9155610799789429,-0.3363657593727112,0.4176265597343445,-0.8880853056907654,-1.2661137580871582,0.14407645165920258,-5.07157564163208,1.6728252172470093,1.212364912033081,8.833402633666992,4.03511905670166,-0.8218303918838501
258,17.070533752441406,11.1947021484375,-25.18109130859375,-66.05878448486328,5.427446365356445,4.273746967315674,-23.293964385986328,1.7086644172668457,-4.901497840881348,-18.582958221435547,-1.3547348976135254,0.0816502571105957,2.8504083156585693,-0.5169493556022644,0.49626481533050537,-2.264565944671631,-0.6809216737747192,0.16625285148620605,-4.509671688079834,1.3844521045684814,0.49294865131378174,3.202524185180664,2.6780264377593994,-1.519371509552002
259,-25.90481948852539,10.19451904296875,-17.728580474853516,-46.30293273925781,2.9019968509674072,3.5499634742736816,10.105655670166016,-7.9828200340271,1.6864967346191406,-12.301639556884766,-0.7307686805725098,0.11277627944946289,2.7853856086730957,-0.5808894634246826,0.49279749393463135,-3.0931644439697266,-0.3688744008541107,0.12339179217815399,-3.3679118156433105,0.5976502895355225,0.05280815809965134,-3.038024425506592,3.2290914058685303,-2.2760009765625
260,-24.320512771606445,11.11241626739502,-7.961745262145996,-14.764570236206055,-1.1206846237182617,2.533620595932007,23.628143310546875,-16.912044525146484,5.150873184204102,-7.984260559082031,-1.126570463180542,0.22414302825927734,2.7817492485046387,-0.4755239486694336,0.31467047333717346,-3.0715465545654297,-0.18725566565990448,0.37178635597229004,-0.2902044951915741,-1.2445337772369385,-1.5504720211029053,-10.346840858459473,0.5784832239151001,-2.8760857582092285
261,-20.802547454833984,10.68651008605957,-3.933804988861084,6.930324554443359,-0.05475282669067383,-0.0043920427560806274,30.97222328186035,-16.406885147094727,14.897676467895508,13.83892822265625,-0.07988262176513672,0.1219639778137207,0.18335844576358795,0.4998178482055664,0.37914952635765076,5.209625244140625,-0.9480034112930298,0.09678913652896881,2.1609745025634766,-1.8702486753463745,-1.6029069423675537,-12.480849266052246,-0.7839885950088501,-2.440528392791748
262,-20.021364212036133,10.90920639038086,-5.246860027313232,-6.804840087890625,0.0852193832397461,-0.003602147102355957,24.915260314941406,-2.362595558166504,8.586645126342773,27.973594665527344,0.7661404609680176,0.08226251602172852,-0.6359512805938721,0.9534663558006287,0.019748302176594734,7.93425178527832,1.325005054473877,-0.7269845008850098,2.6905598640441895,-1.3556318283081055,-0.8300301432609558,-8.194195747375488,-1.0989145040512085,-1.7698434591293335
263,-20.470571517944336,1.9025404453277588,0.07697677612304688,-15.720040321350098,-0.5752956867218018,0.07491075992584229,14.496712684631348,0.6122560501098633,13.653581619262695,-3.3211021423339844,-12.709064483642578,-6.376681327819824,-0.9078217148780823,0.16350716352462769,-0.6956914663314819,5.319644451141357,1.2529762983322144,-0.5975636839866638,0.09875917434692383,-0.7506881356239319,0.4402399957180023,2.965643882751465,-2.9928972721099854,7.696257591247559
264,-32.792301177978516,-5.05996036529541,4.077858924865723,-5.820476531982422,-0.5151472091674805,-0.008296489715576172,49.194942474365234,-28.60312843322754,38.28201675415039,-66.02579498291016,5.095107555389404,0.31204748153686523,-2.311556577682495,0.47634902596473694,-0.7919791340827942,5.427948951721191,2.2822437286376953,-1.1528948545455933,0.19362729787826538,0.06929648667573929,-0.07176750153303146,2.3263943195343018,-2.936464548110962,0.11422020196914673
265,-30.13787841796875,-3.9337568283081055,5.132699966430664,-5.225767135620117,-0.7786774635314941,0.011690616607666016,53.50311279296875,-31.715259552001953,48.677101135253906,-58.61231231689453,11.085527420043945,4.551422119140625,-2.8203299045562744,0.2763468623161316,-0.12642109394073486,4.588313579559326,1.3013972043991089,-1.4468989372253418,1.0867284536361694,-0.11079514026641846,0.02268195152282715,1.48881995677948,-2.61014723777771,-0.05760905146598816
266,-9.326297760009766,-2.6834049224853516,2.146444320678711,-1.6919631958007812,-0.4035642147064209,0.0770864486694336,18.150493621826172,-22.98988151550293,37.2139778137207,-65.02702331542969,11.680536270141602,4.084578037261963,-3.2567498683929443,0.1361711472272873,-0.06906504184007645,3.926384925842285,0.400116503238678,-1.7408441305160522,1.366085171699524,-0.11584586650133133,0.007343947887420654,0.7689354419708252,-2.28727388381958,0.27904194593429565
267,-5.137030601501465,-3.9995999336242676,2.8307955265045166,-4.300955772399902,-0.31118977069854736,0.13804125785827637,12.964662551879883,-24.242252349853516,29.399213790893555,-63.88434600830078,16.285511016845703,5.696804046630859,-2.8956987857818604,0.1247202605009079,0.4023323655128479,1.2237306833267212,0.09033109247684479,-1.2459769248962402,1.776713490486145,0.13034237921237946,0.21933791041374207,-0.10697873681783676,-1.8144850730895996,0.37429338693618774
268,-2.493640899658203,1.3202095031738281,-1.633154273033142,-4.268856048583984,-0.3590163588523865,0.14697504043579102,10.812053680419922,-24.757892608642578,27.019804000854492,-58.04196548461914,14.024280548095703,5.490581512451172,-1.7275105714797974,-0.07461658120155334,-0.07424508780241013,-2.793649911880493,-0.4531975984573364,-1.0350799560546875,2.603658676147461,0.10677498579025269,0.15589076280593872,-0.9671880602836609,-1.497230887413025,0.4286328852176666
269,7.285192012786865,-1.6383018493652344,1.4584330320358276,10.023002624511719,0.08063364028930664,0.08865714073181152,-2.5813446044921875,-27.104955673217773,24.175823211669922,-67.0931625366211,16.25518798828125,8.39176082611084,-0.6156632304191589,0.11193627864122391,0.11687164753675461,-3.1748785972595215,-1.170053243637085,-0.4109436869621277,3.3336753845214844,0.2931928038597107,0.11062458157539368,-1.9464470148086548,-1.0929174423217773,0.22057586908340454
270,3.0342836380004883,0.33472418785095215,-0.3777797222137451,1.8560771942138672,-0.018996119499206543,0.06575237214565277,-10.294342041015625,-10.690826416015625,8.411038398742676,-32.13188934326172,15.169624328613281,8.042052268981934,0.03257058933377266,0.13685135543346405,-0.05481046065688133,-5.920402526855469,-0.7648417949676514,-0.00416206568479538,3.22621488571167,0.3304438292980194,-0.03400716185569763,-2.2824947834014893,-0.8099769353866577,-0.023561060428619385
271,25.637008666992188,6.5924506187438965,-5.7460761070251465,4.637622833251953,-0.046502113342285156,0.15587568283081055,-31.17177391052246,-2.3506083488464355,-3.4317469596862793,-1.4221076965332031,8.207581520080566,2.554868221282959,2.0918397903442383,-0.1470232903957367,-0.5069671869277954,-10.269683837890625,-1.820827841758728,1.451517105102539,0.9757541418075562,-0.3349304795265198,-0.04125601053237915,1.5400582551956177,0.28198546171188354,3.265758991241455
272,48.779510498046875,8.914420127868652,-10.101795196533203,-13.225112915039062,-18.90764617919922,-6.3372321128845215,-52.02397537231445,11.397933959960938,-11.9177827835083,-0.6542015075683594,-0.10999011993408203,-0.20229387283325195,1.6922672986984253,0.05740296095609665,1.7995655536651611,-1.1994673013687134,-0.8296065330505371,9.15149211883545,-2.8780739307403564,0.07288545370101929,-0.2330111265182495,10.697991371154785,1.9769477844238281,2.8863375186920166
273,47.85660171508789,10.588438034057617,-16.446685791015625,-66.42125701904297,7.637302398681641,4.798760414123535,-53.27163314819336,21.256967544555664,-12.544516563415527,-12.285049438476562,-0.7696371078491211,-0.3691493570804596,2.076596975326538,-0.4239623248577118,0.16231471300125122,-0.4279194176197052,-1.6087652444839478,0.1363658308982849,-5.047872543334961,1.791211485862732,1.197218656539917,11.91299819946289,4.043963432312012,-0.10428504645824432
274,18.774974822998047,10.783893585205078,-27.042617797851562,-65.79185485839844,7.8867340087890625,4.855590343475342,-32.713951110839844,2.6743412017822266,-4.105980396270752,-19.028430938720703,-1.2803335189819336,-0.06160712242126465,2.336111068725586,-0.43243739008903503,0.6323553919792175,-1.5260802507400513,-1.0636945962905884,0.2591414749622345,-5.904928207397461,2.020381450653076,1.0349141359329224,7.827507019042969,4.007358074188232,-1.4724546670913696
275,-0.6718978881835938,12.776382446289062,-24.422271728515625,-57.00959014892578,7.128942966461182,4.855558395385742,-10.245416641235352,-5.727379322052002,-1.3159189224243164,-20.16643524169922,-1.4493825435638428,0.10069799423217773,2.793281316757202,-0.5781565308570862,0.594727635383606,-2.7261240482330322,-0.440887451171875,0.24813491106033325,-5.108349323272705,1.2010823488235474,0.06696848571300507,0.6465221643447876,2.269564151763916,-2.817668914794922
276,-28.11297607421875,9.973621368408203,-12.751688957214355,-36.769134521484375,1.4338709115982056,3.5896401405334473,20.9979305267334,-9.162918090820312,0.8429102897644043,-11.331724166870117,-0.7204704284667969,0.3511323928833008,3.0044825077056885,-0.5791580080986023,0.26722773909568787,-3.4499566555023193,-0.0730041041970253,0.2435339391231537,-2.4835920333862305,-0.08853296935558319,-1.223863959312439,-6.971050262451172,2.980451822280884,-2.390305280685425
277,-23.438514709472656,7.514578342437744,-2.1896843910217285,6.658154487609863,-0.0670323446393013,0.007886409759521484,36.08038330078125,-22.959260940551758,15.656559944152832,-2.0478134155273438,-1.0686562061309814,0.09081315994262695,0.5423942804336548,0.08820442855358124,0.19392387568950653,3.214219570159912,0.04665817692875862,0.3691572844982147,1.3569014072418213,-1.6723796129226685,-1.4160957336425781,-14.51716136932373,0.046861305832862854,-2.8213539123535156
278,-22.752910614013672,11.152958869934082,-4.183066368103027,-0.354888916015625,-0.11856138706207275,-0.04360303282737732,39.12187194824219,-15.09755802154541,16.52678871154785,31.22061538696289,0.7720589637756348,0.0937955379486084,-0.6620067358016968,0.7892816066741943,0.8654205203056335,9.594060897827148,0.2589094042778015,-0.2516423165798187,3.4806158542633057,-1.9048875570297241,-0.5397551655769348,-11.52259635925293,-0.2269466072320938,-1.5299276113510132
279,-29.630966186523438,7.948448181152344,-5.320720672607422,-23.038084030151367,-0.4100613594055176,0.05445730686187744,19.975528717041016,8.712425231933594,0.020923197269439697,30.424901962280273,0.9578778743743896,0.09219193458557129,-0.6614087820053101,0.4279519021511078,-0.0763496458530426,5.136999607086182,2.537362813949585,-0.7064127922058105,2.2097692489624023,-1.4929856061935425,-0.008955106139183044,-3.607557773590088,-1.077536702156067,-0.6307992339134216
280,-17.646728515625,-5.5020647048950195,1.8346776962280273,-7.636268615722656,-0.6456670761108398,0.030910015106201172,25.78940200805664,-18.261863708496094,13.223465919494629,-46.92524719238281,3.118828535079956,3.0632925033569336,-1.9586290121078491,0.7987154126167297,-0.5376074910163879,5.451350688934326,1.3986363410949707,-1.2863246202468872,-0.3877871334552765,0.009807327762246132,0.06779637187719345,3.623032808303833,-3.684974431991577,0.8302047252655029
281,-22.703176498413086,-6.748734474182129,5.151085376739502,-3.9478721618652344,-0.5247416496276855,0.06873202323913574,46.684852600097656,-30.01654052734375,37.7741813659668,-62.16852569580078,9.841472625732422,5.72891092300415,-2.4993820190429688,0.4072350561618805,-0.7357849478721619,4.877183437347412,1.224130630493164,-1.190159559249878,0.5557979941368103,-0.06164442375302315,-0.16225159168243408,2.3794925212860107,-3.067105293273926,-0.18175619840621948
282,-27.976348876953125,-3.552670955657959,3.893345832824707,-8.379963874816895,-0.6837059259414673,0.04995989799499512,45.699676513671875,-26.4781494140625,41.05298614501953,-52.40297317504883,14.809276580810547,4.584238052368164,-3.1217029094696045,0.03234050050377846,-0.41343533992767334,2.3190011978149414,1.1004010438919067,-1.3316704034805298,1.0912386178970337,-0.15481732785701752,-0.008902676403522491,1.535581111907959,-2.6829590797424316,0.17551885545253754
283,-9.631328582763672,-7.5972442626953125,5.672718048095703,4.54172420501709,-0.26836323738098145,0.038604021072387695,28.685089111328125,-30.05324363708496,40.26479721069336,-71.69796752929688,16.577125549316406,5.835170745849609,-3.206879138946533,-0.32938820123672485,0.20825546979904175,2.568833351135254,0.1410527229309082,-1.3793370723724365,1.7753562927246094,-0.0264066681265831,0.24449972808361053,0.6270935535430908,-2.3253605365753174,0.3992891013622284
284,-0.3998374938964844,-1.196984052658081,1.1927533149719238,1.0917272567749023,-0.14180999994277954,0.11822080612182617,12.848516464233398,-33.51765823364258,38.200260162353516,-76.19444274902344,18.10988426208496,8.241128921508789,-2.4614429473876953,-0.355224072933197,0.5229395031929016,0.6226486563682556,-0.2105589509010315,-0.9052034020423889,2.5963425636291504,0.040920235216617584,0.3365410566329956,-0.530040442943573,-1.8433809280395508,0.29299771785736084
285,-0.030620574951171875,-2.0360395908355713,1.3337922096252441,1.8516550064086914,-0.09935605525970459,0.07170343399047852,3.9344749450683594,-22.065113067626953,27.032039642333984,-68.23015594482422,19.22538948059082,10.342313766479492,-1.9256638288497925,-0.3180929720401764,0.45553627610206604,-1.3631190061569214,-0.30444270372390747,-0.6603456139564514,3.1562867164611816,0.13119174540042877,0.13321182131767273,-1.6950716972351074,-1.236162781715393,0.03753948211669922
286,12.074934959411621,2.4365103244781494,-2.1940340995788574,3.490086555480957,-0.06741547584533691,0.09772074222564697,-18.516674041748047,-23.507368087768555,21.182140350341797,-60.111351013183594,14.167875289916992,9.689751625061035,-0.7586134672164917,-0.23898133635520935,0.15617264807224274,-3.8811964988708496,-1.2419172525405884,-0.310843288898468,3.4104933738708496,0.23560117185115814,0.10376929491758347,-2.5601658821105957,-0.7778674960136414,0.054644763469696045
287,17.68451499938965,8.08373737335205,-5.1975250244140625,1.8837013244628906,0.07643985748291016,0.12079143524169922,-24.371763229370117,-10.355850219726562,1.4718751907348633,-18.26030731201172,13.977360725402832,4.398229122161865,0.7879656553268433,0.29792165756225586,-0.050110556185245514,-7.492319583892822,-1.0833414793014526,0.47780075669288635,2.948115348815918,0.20510873198509216,0.08616002649068832,-1.9444645643234253,-1.0039187669754028,2.867225408554077
288,45.08673095703125,12.798110008239746,-11.090415954589844,7.1029815673828125,0.188795804977417,0.20600366592407227,-49.11975860595703,6.0775227546691895,-8.116250038146973,3.5311927795410156,0.22554898262023926,-0.09356880187988281,3.9689178466796875,0.49123242497444153,-0.39846071600914,-13.014375686645508,-1.6901612281799316,2.553692102432251,-0.9521283507347107,-0.037229135632514954,-0.19322490692138672,7.547453880310059,1.8329112529754639,4.590209007263184
289,38.33689498901367,6.124770641326904,-5.711621284484863,28.53187370300293,0.8501773476600647,-0.08437013626098633,-45.39476776123047,0.8385922908782959,-1.734206199645996,-9.539802551269531,-0.5287051200866699,-0.4465198516845703,1.732871413230896,-0.1178971529006958,0.6927051544189453,-2.523463249206543,7.965911388397217,1.2770826816558838,-4.365518569946289,0.49966949224472046,0.9082996845245361,13.557551383972168,3.0345349311828613,3.9216196537017822
290,39.7169189453125,15.87633991241455,-26.32160758972168,-55.22809982299805,4.234162330627441,5.824467182159424,-39.0135498046875,5.083539962768555,-5.592101097106934,-23.26116943359375,-1.389915943145752,-0.48977863788604736,1.7549066543579102,0.003674343228340149,0.4117714762687683,0.08426466584205627,-1.8496953248977661,0.12997913360595703,-4.414873123168945,1.1016019582748413,0.970375120639801,8.5908203125,2.620384931564331,0.443807989358902
291,7.109321594238281,15.561713218688965,-24.064807891845703,-58.876380920410156,5.275908470153809,5.458829879760742,-17.190744400024414,-0.1736297607421875,-1.3501739501953125,-15.53603458404541,-1.0081191062927246,-0.20383501052856445,1.9820619821548462,-0.20087262988090515,0.45864415168762207,-0.887552797794342,-1.3349637985229492,0.16977782547473907,-4.464635372161865,1.0363510847091675,1.0274450778961182,4.134548664093018,1.9397867918014526,-2.4365668296813965
292,1.8444175720214844,7.737752914428711,-20.668498992919922,-55.052978515625,3.2204222679138184,4.677926063537598,-10.734933853149414,1.4096028804779053,-6.330224514007568,-16.371952056884766,-1.1112287044525146,0.26162290573120117,2.2995107173919678,-0.3210741877555847,0.22103071212768555,-1.9438310861587524,-0.711569607257843,0.1187330037355423,-3.533907413482666,0.06963440775871277,-0.7461889982223511,-2.7118899822235107,1.382204532623291,-3.548525333404541
293,-17.477054595947266,7.788782119750977,-10.538702011108398,-21.144433975219727,0.03316938877105713,3.7846155166625977,17.229656219482422,-11.754931449890137,4.676207542419434,-4.944629669189453,-0.6658296585083008,0.3155951499938965,2.6587822437286377,-0.2301129847764969,0.36065226793289185,-2.2288968563079834,-0.7172778844833374,0.16905179619789124,-1.0730308294296265,-0.9674559831619263,-1.39466392993927,-8.43367862701416,0.40785014629364014,-3.612025260925293
294,-21.550945281982422,5.1557087898254395,-1.4311803579330444,6.485950469970703,0.06683540344238281,0.033345937728881836,32.480323791503906,-17.26030921936035,16.183835983276367,9.014175415039062,-0.16470646858215332,0.20003080368041992,0.04074597358703613,0.137594074010849,0.23168742656707764,6.005705833435059,-0.8017272353172302,0.8287855386734009,1.3864293098449707,-1.3857167959213257,-0.5442944765090942,-11.432903289794922,-1.031294822692871,-2.382694721221924
295,-18.76971435546875,5.166243076324463,-2.2676918506622314,-6.670234680175781,0.07966327667236328,-0.09939217567443848,21.431777954101562,-2.206977367401123,6.322366237640381,22.879201889038086,0.6561462879180908,0.1267833709716797,-1.0338624715805054,0.19718223810195923,-0.09689592570066452,8.943535804748535,1.673183798789978,-0.18002212047576904,2.0062191486358643,-1.1305930614471436,-0.016517750918865204,-8.97132396697998,-0.08022558689117432,-1.5585087537765503
296,-27.601974487304688,5.9120025634765625,-1.895548939704895,-21.35329818725586,-0.7988133430480957,0.019888341426849365,21.87841033935547,2.001720428466797,2.533691883087158,22.657102584838867,0.57338547706604,0.07887721061706543,-0.9658157825469971,0.13538359105587006,-0.1926422417163849,4.779910087585449,1.5204499959945679,-0.32248225808143616,1.391348123550415,-1.5180778503417969,-1.0230553150177002,0.5291957855224609,5.479315757751465,2.0324926376342773
297,-13.644269943237305,-6.8971943855285645,2.9988231658935547,-2.5228118896484375,-0.449099063873291,-0.009397625923156738,25.182369232177734,-19.642404556274414,30.35384178161621,-72.50414276123047,4.660242080688477,4.362717151641846,-1.7704744338989258,0.328946590423584,-0.7192826271057129,4.72863245010376,1.019453763961792,-0.9058895707130432,-0.09115669876337051,0.29199737310409546,-0.19074302911758423,2.797107696533203,-3.195333242416382,-0.2653161883354187
298,-24.38198471069336,-7.622457504272461,7.169070243835449,0.3939380645751953,-0.33077001571655273,-0.042801618576049805,50.09524917602539,-33.06399154663086,44.43492889404297,-66.58358764648438,13.6156587600708,4.83541202545166,-2.538270950317383,-0.13772861659526825,-0.22609880566596985,5.822546482086182,1.4718291759490967,-1.552223801612854,0.6682519912719727,0.08677489310503006,-0.13481441140174866,2.082064390182495,-2.810211420059204,0.07378758490085602
299,-17.0238037109375,5.233114242553711,-1.9101825952529907,-7.615510940551758,-0.7063236832618713,0.1625964641571045,35.26189422607422,-41.029518127441406,45.77134323120117,-61.16615295410156,15.088652610778809,3.42230224609375,-2.232496976852417,-0.12073354423046112,-0.05964359641075134,3.066476345062256,-0.0373229943215847,-1.083539605140686,1.526989221572876,0.01887054741382599,0.07105683535337448,1.2689218521118164,-2.606158971786499,0.3382348418235779
300,-19.593103408813477,2.850186824798584,-0.8847623467445374,-8.67553424835205,-0.5787241458892822,0.09473752975463867,29.47287940979004,-28.994598388671875,37.61524200439453,-72.39822387695312,16.370960235595703,4.334340572357178,-2.173659324645996,0.1973855197429657,-0.18863452970981598,-1.276278018951416,-0.13989579677581787,-1.1754881143569946,2.2942988872528076,0.13434961438179016,-0.10078051686286926,-0.08976395428180695,-2.0052785873413086,0.32521238923072815
301,-4.425014495849609,-2.5268301963806152,3.472381591796875,7.616142272949219,-0.12359762191772461,0.054548025131225586,13.37214183807373,-31.192533493041992,39.107669830322266,-80.16645050048828,16.426130294799805,7.495131969451904,-1.6941019296646118,0.20470154285430908,0.6212721467018127,-1.8540633916854858,-0.9988335967063904,-0.7174071073532104,2.9716360569000244,0.08200062066316605,0.02057814598083496,-1.066225290298462,-1.6030604839324951,0.32571926712989807
302,-2.17324161529541,-0.9254114031791687,-0.22122156620025635,6.069207191467285,0.0168534517288208,0.0737389326095581,3.7031383514404297,-25.350942611694336,26.706207275390625,-65.56110382080078,16.768173217773438,6.793675899505615,-1.245918869972229,0.20886646211147308,0.3284222483634949,-2.753095865249634,-0.9786708354949951,-0.47963955998420715,3.4113669395446777,0.2820836305618286,-0.07279621809720993,-1.9694762229919434,-1.1042817831039429,0.1680203378200531
303,10.699052810668945,2.874603748321533,-2.269381046295166,1.2598724365234375,-0.0722801685333252,0.13356733322143555,-16.01628875732422,-12.09569263458252,10.190544128417969,-36.90093994140625,13.993691444396973,8.34883975982666,0.17678208649158478,0.2517502009868622,0.19174714386463165,-6.484384536743164,-1.2774795293807983,0.7534596920013428,3.465806722640991,0.1953417956829071,-0.1284368336200714,-2.1616265773773193,-1.082403302192688,1.3729627132415771
304,35.74200439453125,8.506856918334961,-8.436578750610352,9.789581298828125,0.2710561752319336,0.07469749450683594,-42.58964538574219,-3.1728675365448,-0.931926965713501,-3.4536266326904297,4.214372634887695,1.141916275024414,2.185741901397705,0.05368109047412872,-0.4078556299209595,-9.209402084350586,-1.7959411144256592,1.4129092693328857,0.8116723895072937,-0.1908654123544693,0.04312363266944885,1.8676170110702515,0.742238461971283,3.5622034072875977
305,43.100746154785156,7.765368938446045,-10.781777381896973,-16.50544548034668,-16.319257736206055,-5.15160608291626,-47.93566131591797,9.351727485656738,-9.98387336730957,-0.23236083984375,-0.1398792266845703,-0.2520432472229004,2.4589550495147705,-0.5355673432350159,0.20304793119430542,-1.0050499439239502,-0.9831697940826416,8.665599822998047,-2.591423273086548,0.1628781259059906,0.135545015335083,9.953739166259766,2.4973835945129395,3.1393954753875732
306,31.125288009643555,13.749249458312988,-24.476459503173828,-75.4723892211914,7.603422164916992,4.95522403717041,-44.733436584472656,18.262956619262695,-10.588001251220703,-10.70760726928711,-0.8198199272155762,-0.40994492173194885,1.8076155185699463,-0.2757762670516968,0.05580660700798035,-0.4433417320251465,-1.46503746509552,0.09248054772615433,-4.712375164031982,1.6469782590866089,1.0310498476028442,10.332673072814941,3.6617119312286377,-0.11875110864639282
307,15.839033126831055,11.108448028564453,-22.67666244506836,-63.956947326660156,6.66984224319458,5.165548801422119,-28.226900100708008,0.9496583938598633,-3.306422472000122,-17.415401458740234,-1.1658730506896973,-0.0476534366607666,2.1871020793914795,-0.43547195196151733,0.5711091756820679,-1.5205518007278442,-0.9674718976020813,0.16444019973278046,-5.314669609069824,1.629651427268982,1.1180014610290527,6.45911979675293,3.3835055828094482,-1.2795747518539429
308,-2.698908805847168,14.999198913574219,-23.09540367126465,-58.04314041137695,4.601870536804199,5.130574703216553,-6.103750228881836,-7.618369102478027,-1.025835633277893,-18.278541564941406,-1.1718354225158691,0.09292888641357422,2.712270736694336,-0.5703598260879517,0.5219266414642334,-2.6784470081329346,-0.38935956358909607,0.22480443120002747,-4.079887390136719,0.43640270829200745,-0.14754408597946167,-0.6763347387313843,2.760655641555786,-2.828212261199951
309,-15.459906578063965,8.880396842956543,-11.781133651733398,-19.66665267944336,0.9477884769439697,3.100095748901367,13.923803329467773,-10.94240951538086,3.5555830001831055,-13.098831176757812,-1.1721925735473633,0.2909994125366211,2.7101075649261475,-0.4609520733356476,0.06498834490776062,-2.880283832550049,-0.2231425642967224,0.14499202370643616,-1.5161328315734863,-0.7050729393959045,-1.2800527811050415,-8.802059173583984,1.1258677244186401,-2.661167860031128
310,-24.294761657714844,5.560031890869141,-1.5922956466674805,4.19502067565918,-0.1686549186706543,0.04398179054260254,33.50200271606445,-14.693058013916016,11.056899070739746,9.085773468017578,-0.28265583515167236,0.20474457740783691,0.9939578771591187,0.26373425126075745,0.3443624973297119,2.118739366531372,-1.1212738752365112,0.9660007357597351,1.5077916383743286,-1.4951539039611816,-1.6892127990722656,-12.661941528320312,-0.16300852596759796,-1.7970960140228271
311,-23.328805923461914,7.508864879608154,-2.179898738861084,-1.7454948425292969,0.12705153226852417,-0.11455497145652771,34.015838623046875,-7.432849407196045,13.38719367980957,29.15650177001953,0.8003714084625244,-0.03691864013671875,-0.5348746180534363,0.427116334438324,0.34619832038879395,7.268067836761475,0.607901394367218,0.11063476651906967,2.5346782207489014,-1.2932101488113403,-0.04848143830895424,-8.350020408630371,-0.6173815727233887,-1.2964054346084595
312,-16.088327407836914,5.61235237121582,-3.067631721496582,-10.560420989990234,-0.28917884826660156,-0.03345513343811035,12.896833419799805,-5.986972808837891,6.715222358703613,16.875165939331055,0.37041592597961426,0.036344707012176514,-0.9505370259284973,0.07081982493400574,-0.23564185202121735,7.391988277435303,1.306439757347107,-0.9263778924942017,1.6636477708816528,-1.862262487411499,-0.8181653618812561,0.012014627456665039,6.185763359069824,3.4078643321990967
313,-15.970318794250488,3.5549328327178955,-3.3837661743164062,-11.579215049743652,-0.5670223236083984,0.1429222822189331,15.518762588500977,-22.121063232421875,32.62040710449219,-63.11811447143555,0.21031999588012695,6.196904182434082,-1.442182183265686,0.36067232489585876,-1.0391201972961426,4.4707136154174805,1.3808199167251587,-0.7836251854896545,-0.07230217754840851,-0.10498057305812836,-0.08146163821220398,2.9107344150543213,-3.2800934314727783,-0.36793169379234314
314,-25.295642852783203,-7.883139610290527,6.595177173614502,-0.15777587890625,-0.4177236557006836,-0.03093433380126953,45.735992431640625,-29.819820404052734,46.84779739379883,-80.84568786621094,7.518429756164551,8.04208755493164,-2.268429756164551,0.2242714762687683,-0.5925940871238708,4.985150337219238,1.8358811140060425,-1.3286693096160889,0.7157406806945801,0.15689247846603394,0.027203619480133057,1.5605719089508057,-2.55009388923645,-0.28027212619781494
315,-18.146926879882812,-6.672646999359131,6.879148483276367,-0.007892608642578125,-0.4635894298553467,0.007810115814208984,35.93842315673828,-32.793025970458984,46.81484603881836,-73.58939361572266,13.660355567932129,9.104961395263672,-2.857836961746216,-0.11243492364883423,0.43520110845565796,5.101607322692871,1.3507665395736694,-1.4317750930786133,1.213463306427002,-0.03379569947719574,0.30871301889419556,0.8000426292419434,-2.19646954536438,0.26481831073760986
316,-20.679367065429688,-1.9039936065673828,1.4309308528900146,-8.986010551452637,-0.6247382164001465,0.12190842628479004,34.34254837036133,-21.074037551879883,35.90977096557617,-63.19059753417969,16.278600692749023,9.624092102050781,-2.992459774017334,-0.10878575593233109,0.4692532420158386,1.6774734258651733,1.4676826000213623,-1.1411042213439941,1.933807373046875,0.07206808030605316,0.21563813090324402,-0.37138041853904724,-1.6002657413482666,0.016371488571166992
317,-0.2600269317626953,-3.41455340385437,1.7096123695373535,-2.5328969955444336,-0.5632890462875366,0.09456193447113037,7.774439811706543,-21.16352653503418,25.828754425048828,-70.12151336669922,10.676668167114258,7.955266952514648,-1.9295337200164795,-0.19731245934963226,0.5825377106666565,-1.705888032913208,-0.684704601764679,-0.8663744926452637,2.6690096855163574,0.2503627836704254,0.32939502596855164,-1.4068492650985718,-1.2034887075424194,0.45512497425079346
318,9.153552055358887,-0.20799243450164795,0.34803032875061035,1.6858978271484375,-0.08038043975830078,0.09243690967559814,-7.341221809387207,-15.45903205871582,8.991477966308594,-63.13990020751953,8.062643051147461,10.700822830200195,-0.5092551112174988,0.19383525848388672,0.06911253184080124,-4.809999942779541,-1.1495107412338257,-0.3977612555027008,3.582244634628296,0.42992815375328064,-0.2726186513900757,-2.662525177001953,-0.7182278633117676,0.09547075629234314
319,6.358960151672363,1.9891397953033447,-2.1491849422454834,2.3427505493164062,-0.17141199111938477,0.10233086347579956,-11.53526496887207,-19.31433868408203,8.872611045837402,-29.24673843383789,11.98273754119873,7.164660453796387,1.0268518924713135,-0.0584460087120533,-0.09273368120193481,-8.759214401245117,-1.646419644355774,0.2940990626811981,3.4412550926208496,0.3163564205169678,-0.006628064438700676,-2.4093377590179443,-0.8181249499320984,2.237921714782715
320,31.532135009765625,13.417708396911621,-10.111602783203125,11.421272277832031,0.17454767227172852,0.17640352249145508,-36.88795471191406,-3.3450779914855957,-2.064754009246826,3.156597137451172,0.5210235118865967,0.041024208068847656,3.029075860977173,0.12923865020275116,-0.6223024129867554,-11.387760162353516,-2.506486177444458,2.0572597980499268,0.5173065066337585,-0.3749963641166687,-0.5553126931190491,4.346349716186523,1.3963863849639893,5.209249973297119
321,36.01678466796875,7.809631824493408,-5.653838157653809,22.478519439697266,0.7945220470428467,-0.06720495223999023,-44.456153869628906,3.5890228748321533,-3.39103102684021,-4.946678161621094,-0.41878509521484375,-0.5483884811401367,2.9675774574279785,0.22223180532455444,0.25256165862083435,-2.8577377796173096,7.8701276779174805,1.479444980621338,-3.316080093383789,0.41171303391456604,0.6345099806785583,11.84089183807373,1.539635181427002,3.249601125717163
322,31.529640197753906,18.330371856689453,-21.094913482666016,-55.86109924316406,3.4452717304229736,6.550136566162109,-37.931365966796875,6.033365726470947,-3.9180870056152344,-14.700153350830078,-0.8308577537536621,-0.4565897583961487,1.4986860752105713,-0.09813311696052551,0.34546226263046265,0.07269900292158127,-1.6869914531707764,0.0671074390411377,-4.5946455001831055,1.0839693546295166,1.7777854204177856,11.165209770202637,2.2512645721435547,0.27718502283096313
323,10.754331588745117,16.335384368896484,-22.929018020629883,-63.83990478515625,4.911306381225586,5.555706977844238,-22.155736923217773,5.279860496520996,-6.505100250244141,-19.779373168945312,-0.9799747467041016,-0.08867716789245605,1.797741413116455,-0.18717730045318604,0.18372595310211182,-1.0248185396194458,-1.0941967964172363,0.0622769296169281,-4.368698596954346,1.0954604148864746,0.9385399222373962,5.68851375579834,3.1417236328125,-1.910584568977356
324,-8.127077102661133,14.461045265197754,-17.839473724365234,-55.34645462036133,2.2513933181762695,5.619713306427002,-3.5358009338378906,-4.253564834594727,-2.6770951747894287,-16.7476863861084,-1.2005953788757324,0.16526269912719727,2.1862192153930664,-0.11296650767326355,0.3268548250198364,-2.0976107120513916,-0.5797029137611389,0.024406136944890022,-3.333528518676758,0.28215888142585754,-0.262395441532135,-0.9147963523864746,1.5571421384811401,-3.3122308254241943
325,-8.732748031616211,6.03697395324707,-7.549103736877441,-10.225520133972168,-2.4907984733581543,2.9681334495544434,9.998922348022461,-17.177738189697266,7.312319755554199,-16.558982849121094,-1.2158560752868652,0.30447912216186523,2.2075963020324707,-0.2080293893814087,0.25491103529930115,-2.1201858520507812,-0.5402908325195312,0.816794753074646,-0.8825731873512268,-1.4408286809921265,-1.1218515634536743,-9.562653541564941,0.2054307907819748,-2.9893157482147217
326,-29.178691864013672,0.8365206718444824,1.3184096813201904,5.305122375488281,-0.049651384353637695,-0.09047114849090576,43.765933990478516,-13.82184886932373,14.794941902160645,10.039813995361328,-0.013188809156417847,0.1288447380065918,-0.5974616408348083,0.34032905101776123,0.6255329251289368,6.89468240737915,-1.1196471452713013,0.8456944227218628,2.6504464149475098,-1.7176094055175781,-0.6362449526786804,-13.941411972045898,-0.09167636930942535,-2.4507670402526855
327,-13.386207580566406,6.220579624176025,-4.124782562255859,-9.869274139404297,0.19110512733459473,-0.06747263669967651,13.376418113708496,4.984609603881836,1.6114203929901123,31.488040924072266,0.7301096320152283,0.1537630558013916,-0.8747745752334595,0.3311312198638916,0.19708441197872162,7.64142370223999,1.9446454048156738,0.0769876018166542,1.9739001989364624,-0.9438118934631348,0.031959932297468185,-7.130902290344238,-0.798017144203186,-1.4003770351409912
328,-17.986101150512695,-1.9627325534820557,1.002219557762146,-16.164363861083984,-0.7470141649246216,-0.04309737682342529,12.56557846069336,4.871050834655762,8.370043754577637,-23.066368103027344,5.33705997467041,-12.046891212463379,-0.9261309504508972,0.2954692244529724,-0.33419138193130493,4.219356536865234,0.7413733005523682,-0.5641396045684814,-0.10614454746246338,0.40800952911376953,1.421168327331543,2.5148839950561523,-3.0756661891937256,5.350943088531494
329,-22.970081329345703,-1.654259204864502,1.2443256378173828,-4.255954742431641,-0.44554615020751953,0.02394700050354004,36.141082763671875,-27.82227325439453,41.050392150878906,-61.181827545166016,6.157374382019043,2.100174903869629,-1.5856775045394897,-0.3595961928367615,-1.0876858234405518,3.6119697093963623,0.8011395931243896,-1.1255028247833252,0.29747283458709717,0.05732327699661255,-0.2867448627948761,2.3662617206573486,-2.980156898498535,-0.282142698764801
330,-23.926843643188477,-5.076161861419678,6.698065280914307,2.621540069580078,-0.33423852920532227,-0.024756193161010742,41.363243103027344,-29.821529388427734,40.19317626953125,-69.61634063720703,8.893989562988281,2.692899703979492,-2.7424612045288086,0.27558770775794983,0.19119884073734283,6.039198398590088,0.4170372188091278,-1.4562175273895264,0.8348844051361084,0.3847920298576355,-0.2717859745025635,1.4680709838867188,-2.502957582473755,-0.17122714221477509
331,-17.448938369750977,-1.3203785419464111,1.5554521083831787,-5.229068756103516,-0.32514047622680664,0.11499333381652832,32.85417938232422,-32.220680236816406,47.50365447998047,-69.6227035522461,12.599292755126953,5.690577030181885,-2.6810779571533203,-0.32022610306739807,0.3294844627380371,4.123133182525635,1.163356065750122,-1.1586813926696777,1.6204233169555664,0.022376611828804016,-0.13910412788391113,0.7385615110397339,-2.2704124450683594,0.15174101293087006
332,-12.925176620483398,1.6847069263458252,-1.0481276512145996,-6.437143325805664,-0.5866061449050903,0.12367939949035645,15.659939765930176,-29.421314239501953,35.580413818359375,-68.70757293701172,16.902036666870117,5.24379825592041,-2.8604278564453125,-0.12551778554916382,0.39031505584716797,1.1250948905944824,0.21416126191616058,-0.8501710891723633,1.850373387336731,0.29560384154319763,-0.004049055278301239,-0.2925800085067749,-1.689806342124939,0.22250349819660187
333,-4.237756729125977,1.9114166498184204,-1.2480828762054443,0.29350852966308594,-0.27023690938949585,0.08549916744232178,10.104913711547852,-32.547119140625,31.69347381591797,-63.362266540527344,18.375320434570312,6.010267734527588,-2.3221309185028076,-0.10560530424118042,0.2639981210231781,-0.9205935597419739,-0.5405304431915283,-0.7627893090248108,2.3759779930114746,0.3907104730606079,0.09484792500734329,-1.0931899547576904,-1.2773747444152832,0.1607189178466797
334,10.440357208251953,-1.7367979288101196,1.2721500396728516,9.495854377746582,0.21953368186950684,0.021027565002441406,-14.221216201782227,-26.20406723022461,24.765422821044922,-66.0090103149414,14.972944259643555,7.005762577056885,-1.895216703414917,-0.2280106246471405,0.33608415722846985,-0.46264082193374634,-0.8477834463119507,-0.9806007146835327,2.5160157680511475,0.3002932667732239,0.03315073996782303,-1.6225101947784424,-1.0826090574264526,0.1858314573764801
335,7.293223857879639,6.669258117675781,-4.826225280761719,-1.2707080841064453,-0.015980005264282227,0.1791197657585144,-9.434974670410156,-24.83113670349121,18.109636306762695,-52.96138000488281,15.679984092712402,8.01429271697998,-0.5153663754463196,0.13757963478565216,-0.36116743087768555,-4.1574482917785645,-0.4595937728881836,-0.32260164618492126,3.0507500171661377,0.502017617225647,-0.17249833047389984,-2.5593602657318115,-0.5665353536605835,-0.1072930097579956
336,18.47298240661621,7.042386531829834,-4.43717098236084,-0.06451034545898438,-0.19429636001586914,0.11769849061965942,-23.925254821777344,-8.06975269317627,1.0199353694915771,-11.25796890258789,13.594922065734863,3.6327474117279053,1.459757685661316,0.4185578227043152,-0.1822776347398758,-9.132099151611328,-1.635707974433899,0.4933163523674011,2.3310580253601074,0.2467840015888214,-0.1259075403213501,-1.4196447134017944,-0.26832154393196106,1.1399258375167847
337,48.617958068847656,10.823006629943848,-9.33090877532959,13.966251373291016,0.3962559700012207,0.19181537628173828,-50.979637145996094,4.50114631652832,-6.654529571533203,3.0293006896972656,0.19348764419555664,0.1137237548828125,4.2748332023620605,0.34366756677627563,-0.5238888263702393,-12.86545181274414,-1.9415059089660645,2.8382723331451416,-1.7164173126220703,-0.20363402366638184,-0.4631207585334778,8.559849739074707,3.130910634994507,4.205848693847656
338,55.72714614868164,9.705053329467773,-15.906856536865234,-40.38793182373047,4.348742485046387,-12.894872665405273,-54.367095947265625,10.245240211486816,-5.578574180603027,-11.934520721435547,-0.9541115760803223,-0.4008641242980957,1.7525829076766968,-0.14550372958183289,0.6041204333305359,0.14322417974472046,-1.7543593645095825,0.9918280839920044,-4.15364408493042,0.6462421417236328,1.1586453914642334,11.846484184265137,3.365381956100464,3.595127820968628
339,26.112308502197266,14.718356132507324,-29.0565242767334,-69.39244842529297,6.761180400848389,4.8704986572265625,-38.08123779296875,9.127725601196289,-6.53452205657959,-16.787654876708984,-1.0630884170532227,-0.5331224203109741,1.9541904926300049,-0.5070897340774536,0.5553346872329712,-1.045493721961975,-1.2158546447753906,0.23419153690338135,-5.442066192626953,1.5654079914093018,1.7079746723175049,9.130696296691895,4.481492519378662,-0.79804927110672
340,20.875635147094727,23.585857391357422,-32.898277282714844,-61.07765197753906,6.497650146484375,5.05720853805542,-27.02466583251953,-2.897563934326172,-3.692401170730591,-19.51949691772461,-1.6138477325439453,0.016738414764404297,2.511749267578125,-0.6049009561538696,0.2947596311569214,-2.149784803390503,-0.6621100902557373,0.12974350154399872,-5.294427394866943,0.8414382338523865,0.32339441776275635,3.323697566986084,2.0858030319213867,-2.8910598754882812
341,-24.941574096679688,17.551755905151367,-21.12154197692871,-51.332977294921875,1.8331350088119507,4.258511066436768,16.55445098876953,-12.079434394836426,3.7900238037109375,-11.1206636428833,-0.6350572109222412,0.2595396041870117,3.2476744651794434,-0.683042585849762,0.4377491772174835,-3.3812291622161865,-0.3080282211303711,0.35760533809661865,-3.1118686199188232,-0.27013927698135376,0.039308637380599976,-2.994084358215332,1.9775370359420776,-2.898580312728882
342,-19.73784065246582,9.005830764770508,-6.159963130950928,-3.291754722595215,0.31319522857666016,1.1252589225769043,16.793842315673828,-10.648405075073242,2.97286319732666,-8.83795166015625,-1.0032048225402832,0.3282933235168457,2.215332269668579,-0.25899380445480347,-0.08906418830156326,-2.3635706901550293,-0.3518546223640442,1.1257686614990234,-1.0478116273880005,-1.4225102663040161,-1.7575342655181885,-10.14678955078125,0.6318956017494202,-2.4886012077331543
343,-31.015501022338867,2.662323474884033,0.5799086689949036,2.6085166931152344,-0.07827118039131165,-0.146415576338768,41.80925750732422,-8.736414909362793,11.423197746276855,11.89923095703125,-0.053153157234191895,0.08268547058105469,-0.2824085056781769,0.5057508945465088,0.1380189210176468,4.438504219055176,-0.12490702420473099,0.08268309384584427,2.4775936603546143,-1.4961440563201904,-1.77833890914917,-14.600369453430176,0.6490908861160278,-2.763209342956543
344,-16.501785278320312,8.403027534484863,-3.031190872192383,-3.4254150390625,-0.009232521057128906,-0.002950608730316162,26.57632827758789,-5.747175693511963,11.482989311218262,35.22427749633789,0.9253876805305481,0.06322336196899414,-1.2813398838043213,0.48315635323524475,0.17314516007900238,9.250287055969238,0.8516228199005127,-0.33346641063690186,2.2694215774536133,-1.1246131658554077,0.15117308497428894,-6.324586868286133,-0.8256810307502747,-1.648787498474121
345,-18.25629997253418,7.84010124206543,-5.173418045043945,-18.458251953125,-0.4221005439758301,0.04979133605957031,12.83535099029541,-1.8200225830078125,14.663769721984863,-29.46088409423828,3.352257251739502,-13.447909355163574,-1.263317584991455,0.9370542764663696,-0.7586823105812073,5.324131965637207,2.1971583366394043,-1.0402029752731323,0.5175667405128479,0.018910806626081467,-0.06389408558607101,2.386047840118408,-3.1161272525787354,5.796108722686768
346,-21.433717727661133,-3.8050479888916016,3.5698907375335693,-5.8865203857421875,-0.7383261919021606,0.0395660400390625,37.95555877685547,-28.260299682617188,37.549781799316406,-54.37565231323242,8.68217658996582,0.6476732492446899,-1.7821290493011475,0.3289874792098999,-1.1501388549804688,4.242609024047852,0.8619030117988586,-1.469158411026001,0.5260830521583557,-0.0387708842754364,-0.29964637756347656,2.4339993000030518,-3.1907920837402344,-0.1474195420742035
347,-24.43039894104004,-7.720547676086426,7.131146430969238,-1.5580005645751953,-0.41703641414642334,0.03671073913574219,42.643707275390625,-26.167255401611328,41.033817291259766,-67.19966888427734,12.0445556640625,1.5197136402130127,-2.485698699951172,0.5008286833763123,-0.18672209978103638,4.423071384429932,0.8361437916755676,-1.492101788520813,1.1571590900421143,0.2322298139333725,-0.175807923078537,1.3880348205566406,-2.628999948501587,-0.10976967215538025
348,-17.20045280456543,-3.260509729385376,3.8329296112060547,1.2638702392578125,-0.30883169174194336,0.06610751152038574,33.79188537597656,-38.899436950683594,48.95716857910156,-63.96400451660156,16.47385597229004,2.627561092376709,-3.2359981536865234,-0.01678674854338169,0.37553873658180237,5.200744152069092,0.5648364424705505,-1.4756613969802856,1.5168037414550781,-0.08093883097171783,0.1207699179649353,0.9473237991333008,-2.4358017444610596,0.3522888123989105
349,-12.342475891113281,1.516377329826355,-0.5379157066345215,-6.831453323364258,-0.37920081615448,0.1366264820098877,23.075408935546875,-26.512371063232422,30.1823787689209,-54.225852966308594,18.432510375976562,2.931884527206421,-3.2797298431396484,0.3012904226779938,0.3356011211872101,2.7677364349365234,0.7375652194023132,-1.2141480445861816,2.0261363983154297,0.09662587195634842,0.00533391535282135,0.11633069813251495,-2.0572996139526367,0.35059189796447754
350,-1.9845256805419922,0.9704629778862,-2.0238077640533447,-7.7248311042785645,-0.5257163047790527,0.14783334732055664,5.75308895111084,-25.509571075439453,25.761728286743164,-56.923126220703125,20.0,2.475756883621216,-2.371103048324585,0.06962103396654129,-0.16922412812709808,-1.9488928318023682,-0.24467945098876953,-1.1546181440353394,2.5490407943725586,0.17597436904907227,0.06765572726726532,-0.8220207095146179,-1.6758230924606323,0.3796023726463318
351,9.897733688354492,0.04081070423126221,0.06460267305374146,2.845794677734375,-0.16527748107910156,0.13654345273971558,-5.687347412109375,-21.613161087036133,18.17928123474121,-61.58937072753906,20.0,7.39164400100708,-0.61285001039505,0.34381532669067383,-0.1922326385974884,-5.149274826049805,-1.3685568571090698,-0.3615418076515198,3.3738715648651123,0.3863133192062378,-0.052836302667856216,-1.9433157444000244,-1.1880582571029663,0.11239135265350342
352,6.467413902282715,2.7210335731506348,-1.345182180404663,4.213142395019531,-0.019852638244628906,0.05903046950697899,-12.3917236328125,-13.357739448547363,9.484463691711426,-19.226709365844727,19.20134735107422,6.009222507476807,0.41167423129081726,0.26162081956863403,-0.0497051402926445,-8.018566131591797,-1.1082916259765625,0.03658344969153404,3.1951143741607666,0.16345617175102234,-0.07753219455480576,-1.8531516790390015,-1.2263946533203125,0.10122305154800415
353,39.236488342285156,8.8992919921875,-8.196941375732422,12.147781372070312,0.20383381843566895,0.18511223793029785,-44.124488830566406,-2.072636604309082,-4.325743675231934,-7.0043230056762695,10.541112899780273,3.514766216278076,2.861253261566162,0.44784408807754517,-0.35504046082496643,-11.366714477539062,-1.9067035913467407,1.7918531894683838,0.3919810652732849,-0.4085056483745575,-0.17451491951942444,2.781571388244629,0.9058177471160889,3.3966610431671143
354,49.875003814697266,7.886003494262695,-13.437766075134277,-41.173248291015625,1.7181978225708008,-10.88502311706543,-49.75092697143555,9.801124572753906,-7.3200860023498535,-1.5015068054199219,-0.24396944046020508,-0.2886061668395996,2.219409942626953,-0.5342273712158203,0.3645526170730591,0.06956751644611359,-1.8154480457305908,-0.5137779712677002,-2.82561993598938,-0.41360709071159363,0.7945510149002075,10.58008098602295,2.4460203647613525,2.9425501823425293
355,51.30828094482422,14.429847717285156,-27.592079162597656,-71.84358215332031,8.107439041137695,3.6270346641540527,-63.48814010620117,18.842952728271484,-13.769987106323242,-16.31755828857422,-1.0970854759216309,-0.36952102184295654,2.2043917179107666,-0.6253262162208557,0.4552983045578003,-0.8720536828041077,-1.4370943307876587,0.20441454648971558,-5.393351078033447,0.993593692779541,1.331438422203064,9.92675495147705,3.8459670543670654,-0.6273654103279114
356,17.654735565185547,16.95240020751953,-29.380659103393555,-59.3687744140625,10.237323760986328,5.518111228942871,-28.635746002197266,3.503999710083008,-4.60782527923584,-15.672414779663086,-1.0537500381469727,-0.026397228240966797,2.2966740131378174,-0.5051500201225281,0.6578170657157898,-1.6161819696426392,-1.0729984045028687,0.15549907088279724,-6.3395843505859375,1.619246006011963,1.2824736833572388,6.178877830505371,4.492208003997803,-2.3080382347106934
357,3.2179651260375977,12.54298210144043,-25.580978393554688,-55.60712814331055,7.410226821899414,5.022636413574219,-8.762420654296875,-2.995944023132324,-3.3209965229034424,-17.15911865234375,-1.3306336402893066,0.24759197235107422,2.90794038772583,-0.6903815865516663,0.5050822496414185,-2.750319480895996,-0.5092650651931763,0.13901889324188232,-5.199094295501709,0.7270937561988831,0.03232862800359726,-0.6912239193916321,3.3006598949432373,-2.781916618347168
358,-25.524986267089844,9.679295539855957,-13.243511199951172,-22.458751678466797,2.699049949645996,3.631741523742676,25.99845314025879,-15.91944694519043,4.6694536209106445,-12.358406066894531,-1.1751136779785156,0.3230266571044922,3.2540395259857178,-0.5842987895011902,0.2459915280342102,-3.351231098175049,-0.26587334275245667,0.189043790102005,-1.7408169507980347,-0.9849926233291626,-1.4995572566986084,-9.646079063415527,1.460048794746399,-2.528702735900879
359,-34.74312210083008,6.721767425537109,-1.3448779582977295,5.6038055419921875,-0.15103477239608765,0.01949000358581543,49.41991424560547,-18.05581283569336,16.296192169189453,11.103553771972656,-0.2590954899787903,0.10376167297363281,0.3551025986671448,0.24462522566318512,0.1955312192440033,4.868961811065674,-0.35144665837287903,0.5054126977920532,2.3302645683288574,-1.660178303718567,-1.4214924573898315,-14.635563850402832,-0.061177726835012436,-2.0211727619171143
360,-21.981048583984375,9.748701095581055,-3.725142240524292,-4.621707916259766,0.048790931701660156,-0.05104023218154907,28.866575241088867,-3.7639217376708984,9.166062355041504,33.3763427734375,0.9777823686599731,0.04974484443664551,-1.0281208753585815,0.738032341003418,0.0060350666753947735,9.645206451416016,1.9700391292572021,-0.2517397701740265,2.77323579788208,-1.3509104251861572,-0.7141390442848206,-8.97215461730957,0.7522470951080322,-1.0567539930343628
361,-24.789499282836914,1.799558162689209,-1.6009135246276855,-21.153114318847656,-0.74267578125,0.01672995090484619,20.9522647857666,-1.6295831203460693,10.568592071533203,-20.3621768951416,3.6765987873077393,-13.721529006958008,-1.1176356077194214,0.41828763484954834,-0.41081592440605164,5.074198246002197,2.150533676147461,-0.6973668932914734,0.19382262229919434,-0.36212611198425293,0.2628786563873291,3.3918397426605225,-3.8720922470092773,3.759051561355591
362,-24.421655654907227,-7.897778034210205,4.608335494995117,-5.370410919189453,-0.7038183212280273,-0.0023713111877441406,35.3365364074707,-21.429460525512695,31.195781707763672,-66.63922119140625,6.884754180908203,1.6792290210723877,-2.462552785873413,0.17890067398548126,-0.8174280524253845,4.580909729003906,1.304313063621521,-1.4073137044906616,0.3009816110134125,0.09341606497764587,-0.14757812023162842,2.2349154949188232,-3.0387070178985596,-0.07446146011352539
363,-21.898881912231445,-3.91109561920166,6.074860572814941,2.611358642578125,-0.33261609077453613,0.03781890869140625,52.1492919921875,-38.91864013671875,52.48436737060547,-63.1649284362793,15.212385177612305,6.689424991607666,-3.3137974739074707,-0.011454818770289421,0.18123170733451843,6.324827194213867,1.4090327024459839,-1.2019017934799194,1.00227952003479,-0.19972336292266846,0.013025790452957153,1.6414965391159058,-2.7999610900878906,0.23753292858600616
364,-20.507225036621094,1.5461477041244507,-0.8496782183647156,-11.243945121765137,-0.668877363204956,0.0974886417388916,40.332359313964844,-26.87355613708496,34.470577239990234,-52.817745208740234,18.51291275024414,5.701332092285156,-3.233524799346924,0.3586665093898773,0.1232696920633316,2.6605374813079834,1.3349895477294922,-1.4682154655456543,1.8025681972503662,0.19823665916919708,0.007555283606052399,0.5340390801429749,-2.2706856727600098,0.16940025985240936
365,-1.1089601516723633,-3.148470878601074,1.5785295963287354,-2.746035575866699,-0.4651406705379486,0.12552952766418457,11.74061393737793,-24.16411590576172,30.547574996948242,-69.80675506591797,16.490175247192383,5.757486343383789,-2.6485238075256348,-0.025517381727695465,-0.009666338562965393,-0.3926084041595459,0.011197046376764774,-1.2529635429382324,2.4280495643615723,0.13910642266273499,0.016866229474544525,-0.4919600486755371,-1.9237810373306274,0.36507388949394226
366,0.8914022445678711,1.1425161361694336,0.1304636001586914,2.9321117401123047,-0.17968535423278809,0.1269216537475586,7.9733686447143555,-32.02247619628906,33.08498764038086,-65.55441284179688,16.18640899658203,7.290839672088623,-1.6737033128738403,-0.1068514734506607,0.27435582876205444,-2.549748420715332,-0.7364267706871033,-0.554681658744812,3.0646653175354004,0.07049025595188141,0.15040649473667145,-1.3071353435516357,-1.5327192544937134,0.22671544551849365
367,6.094355583190918,-1.7926025390625,0.992476224899292,5.887467384338379,0.04725909233093262,0.043607354164123535,-3.097257614135742,-15.300361633300781,18.31871223449707,-57.398494720458984,17.58383560180664,8.991360664367676,-0.5781558752059937,0.17215411365032196,0.2791661024093628,-4.207233905792236,-0.7973626255989075,-0.2910330891609192,3.611499547958374,0.2999812960624695,-0.04758117347955704,-2.2648091316223145,-1.041154146194458,-0.018591105937957764
368,13.640839576721191,2.600240468978882,-2.957338333129883,5.618648529052734,0.018551349639892578,0.08495169878005981,-19.809831619262695,-11.89008617401123,11.478013038635254,-27.80508041381836,12.128179550170898,5.878385543823242,0.7441067099571228,0.0468885712325573,0.12942112982273102,-6.488487243652344,-1.40946364402771,0.23129621148109436,3.30537748336792,0.18263846635818481,0.19430287182331085,-1.8615866899490356,-1.2294442653656006,1.9082876443862915
369,31.57012939453125,12.10899829864502,-9.602479934692383,4.8462982177734375,0.2154397964477539,0.1553030014038086,-37.842681884765625,4.928053855895996,-6.887787342071533,3.517498016357422,1.760671854019165,0.31542205810546875,2.7766778469085693,0.4585968554019928,-0.47462034225463867,-10.841208457946777,-1.057375431060791,1.428282618522644,0.3021780252456665,0.04324619844555855,-0.49756601452827454,4.343322277069092,2.091430902481079,3.7189323902130127
370,49.43761444091797,8.537797927856445,-8.356403350830078,23.446041107177734,0.6085612773895264,0.07677936553955078,-54.2932243347168,3.780059814453125,-5.209952354431152,-7.187374114990234,-0.6483583450317383,-0.2887411117553711,3.801307439804077,0.4964272975921631,1.3328324556350708,-3.495332717895508,8.224321365356445,4.891005516052246,-3.1207826137542725,0.6344432830810547,0.38375645875930786,10.975237846374512,1.961708664894104,3.8413355350494385
371,24.600719451904297,9.718205451965332,-22.21868324279785,-51.456565856933594,6.495901107788086,6.6094770431518555,-33.72196578979492,10.222827911376953,-5.628076553344727,-12.843063354492188,-0.6649422645568848,-0.46712517738342285,1.4898391962051392,-0.1112252026796341,0.2780226469039917,0.3501739799976349,-1.9646517038345337,0.08529021590948105,-4.78568696975708,1.5093894004821777,1.2101590633392334,10.489781379699707,3.7062716484069824,1.265927791595459
372,15.891286849975586,18.201379776000977,-28.36203956604004,-66.4787368774414,5.867203712463379,4.9673027992248535,-25.93808937072754,-1.0109148025512695,-1.8757164478302002,-19.451560974121094,-1.494522213935852,-0.30202579498291016,1.9303208589553833,-0.44362741708755493,0.24375510215759277,-0.9104858040809631,-1.3150129318237305,0.15477582812309265,-4.729055881500244,1.1369950771331787,0.8913198709487915,5.440385341644287,0.9827189445495605,-2.354936122894287
373,-3.4568567276000977,8.471797943115234,-18.196613311767578,-62.05278396606445,2.846027374267578,5.010978698730469,-5.743644714355469,1.5493824481964111,-5.066372394561768,-15.197388648986816,-0.6372547149658203,0.21120834350585938,2.5476772785186768,-0.6048718690872192,0.27341437339782715,-2.1789891719818115,-0.6905266642570496,0.12915602326393127,-3.6201419830322266,0.5790309906005859,0.024956990033388138,-0.8309739828109741,2.5443499088287354,-3.5252697467803955
374,-23.470783233642578,12.812561988830566,-13.627786636352539,-27.133544921875,2.3561604022979736,4.9103102684021,17.65239715576172,-15.90377426147461,6.853439807891846,-8.012630462646484,-0.9294179081916809,0.3195161819458008,2.5751614570617676,-0.6281538605690002,0.22810772061347961,-2.6067447662353516,-0.4867916703224182,0.14832699298858643,-1.5038368701934814,-0.7726596593856812,-0.38385236263275146,-6.9268479347229,0.18096968531608582,-3.064448118209839
375,-8.32261848449707,7.214844703674316,-3.2410595417022705,10.667898178100586,0.09200572967529297,0.0529559850692749,22.131420135498047,-22.55029296875,13.451690673828125,-3.0805816650390625,-0.6150273084640503,0.26470208168029785,0.8451836705207825,0.27611783146858215,0.22600732743740082,5.02781343460083,-1.1956143379211426,0.7919101715087891,1.6373337507247925,-1.937123417854309,-1.2291984558105469,-14.090597152709961,0.13769114017486572,-1.7645595073699951
376,-26.816326141357422,9.901705741882324,-4.238371849060059,-7.341793060302734,0.12126421928405762,-0.0716618001461029,30.044727325439453,-0.9316062927246094,8.416372299194336,32.816802978515625,0.7440110445022583,-0.041733741760253906,-0.65149986743927,0.703281581401825,-0.19253014028072357,8.654705047607422,1.8990784883499146,-0.09756004810333252,2.1488497257232666,-1.2846697568893433,-0.3516266644001007,-8.938018798828125,-0.6206364035606384,-2.0471739768981934
377,-25.900814056396484,1.587552785873413,1.8315708637237549,-18.70073699951172,-0.6694493293762207,-0.03792506456375122,22.47376251220703,7.038473129272461,10.526239395141602,-1.3751769065856934,-14.759449005126953,-7.333136558532715,-0.7344236969947815,0.6568424701690674,-0.2327485978603363,5.2993927001953125,2.465515375137329,-0.4719865322113037,0.18776573240756989,-0.010392844676971436,0.8995042443275452,2.6535301208496094,-3.729604482650757,7.26393985748291
378,-27.43914031982422,-5.710772514343262,3.4742746353149414,-6.528364181518555,-0.90972900390625,-0.008034706115722656,44.285972595214844,-27.782766342163086,38.64183044433594,-69.16807556152344,8.947372436523438,2.5829970836639404,-1.5263866186141968,0.23938362300395966,-0.5827972888946533,3.9811880588531494,0.5780315399169922,-1.0176509618759155,0.3723183274269104,0.03822796046733856,-0.0789012610912323,2.3957791328430176,-3.1319329738616943,-0.17124725878238678
379,-19.968521118164062,-6.709146499633789,5.962972640991211,2.8835506439208984,-0.2190103530883789,0.012298583984375,40.87458038330078,-29.374147415161133,43.997833251953125,-77.12454223632812,8.814496994018555,7.212706089019775,-2.525331497192383,0.10757637023925781,-0.20379489660263062,5.767003059387207,0.8875124454498291,-1.0871495008468628,0.98920738697052,0.016293317079544067,-0.20249001681804657,1.4425660371780396,-2.5930256843566895,-0.09182839840650558
380,-27.552669525146484,-1.9737496376037598,3.3163368701934814,-8.344022750854492,-0.5620372295379639,0.03595232963562012,48.453311920166016,-27.89519691467285,45.60518264770508,-57.52119064331055,16.461305618286133,6.982451915740967,-2.779764413833618,-0.2169445902109146,0.3609842360019684,3.1952157020568848,1.493259310722351,-1.1983610391616821,1.8153148889541626,-0.17969194054603577,-0.028817057609558105,0.6334459781646729,-2.2997939586639404,0.020131587982177734
381,-2.5706310272216797,-2.7876248359680176,1.6249005794525146,-0.9902515411376953,-0.4881359338760376,0.08807229995727539,8.857909202575684,-27.98887062072754,31.262920379638672,-86.6773681640625,13.681522369384766,9.322864532470703,-2.554776668548584,0.05628789961338043,0.4825294315814972,1.2103265523910522,-0.48149341344833374,-1.0186915397644043,2.3838443756103516,0.22368043661117554,-0.08478214591741562,-0.7534629702568054,-1.719287633895874,0.30473801493644714
382,-11.074614524841309,-1.0926858186721802,0.8466715812683105,-1.5388383865356445,-0.22222194075584412,0.09700095653533936,18.099166870117188,-28.04936981201172,31.464237213134766,-65.59961700439453,18.59479522705078,10.66221809387207,-2.400609016418457,0.03652830794453621,0.6182393431663513,-1.3312647342681885,-0.041910190135240555,-0.5895556211471558,2.8289337158203125,0.37026190757751465,-0.03468003496527672,-1.777664065361023,-1.003342628479004,-0.07914328575134277
383,1.4020137786865234,2.2865896224975586,-1.870724081993103,3.173269271850586,-0.1712336540222168,0.06453049182891846,3.3111515045166016,-25.130285263061523,24.677230834960938,-56.99378204345703,16.224794387817383,9.893705368041992,-1.5149266719818115,0.11088797450065613,0.19401264190673828,-3.367704153060913,-0.6296423673629761,-0.6297067999839783,3.440375804901123,0.44956836104393005,-0.19151943922042847,-2.6783671379089355,-0.6102012991905212,-0.2023802399635315
384,18.341562271118164,1.0488992929458618,-1.8841180801391602,3.337848663330078,-0.02745532989501953,0.1334959864616394,-21.16960906982422,-14.598979949951172,9.834274291992188,-38.28071594238281,10.97968864440918,8.341764450073242,0.7016035318374634,-0.2652035653591156,0.017645739018917084,-7.195639610290527,-1.2487847805023193,0.3781251311302185,3.67215633392334,0.19578973948955536,0.03157873451709747,-2.541938304901123,-0.9171814918518066,2.4460442066192627
385,24.777076721191406,9.98330020904541,-7.971733093261719,7.416538238525391,0.08338356018066406,0.0938870906829834,-33.97572326660156,1.0385308265686035,-3.4314115047454834,-0.031691551208496094,5.894515514373779,1.3845210075378418,2.089341640472412,0.16773247718811035,-0.5344763398170471,-10.035713195800781,-1.847627878189087,1.0993787050247192,0.9950409531593323,0.18946373462677002,-0.1475771963596344,1.3303533792495728,1.0307188034057617,3.819643020629883
386,43.22004699707031,10.060290336608887,-7.764152526855469,18.82396697998047,0.5998132228851318,0.08624696731567383,-43.61445617675781,4.812779426574707,-5.538557052612305,1.3157806396484375,-0.0391998291015625,-0.28509950637817383,3.967421293258667,0.08702653646469116,-1.0815434455871582,-11.136763572692871,-0.8639952540397644,2.8300089836120605,-2.7838134765625,0.1837983876466751,0.07111123204231262,11.128408432006836,2.671403169631958,3.9343478679656982
387,43.42015838623047,9.860905647277832,-12.04773998260498,-27.968975067138672,7.289896011352539,7.631687641143799,-43.09368133544922,3.8915624618530273,-1.548818588256836,-15.31375503540039,-0.8584141731262207,-0.46768712997436523,1.596618413925171,-0.27700507640838623,0.2618660032749176,0.5641899704933167,-2.091967821121216,0.14992496371269226,-4.816778659820557,0.9984649419784546,1.9407316446304321,12.443968772888184,3.9203357696533203,2.448016405105591
388,21.454816818237305,20.130613327026367,-27.58885383605957,-60.182167053222656,6.6808929443359375,6.097389221191406,-33.165077209472656,5.645474910736084,-6.505776882171631,-21.34534454345703,-1.5678813457489014,-0.40927839279174805,1.4741805791854858,-0.2238788604736328,0.04645881801843643,-0.28841835260391235,-1.4870485067367554,-0.0402592308819294,-5.476480484008789,1.1669467687606812,1.0598089694976807,7.5354814529418945,1.9211702346801758,-2.1340529918670654
389,4.093714714050293,11.070069313049316,-22.27680778503418,-67.71781158447266,3.347465753555298,5.551859378814697,-11.292062759399414,-0.09591460227966309,-4.991159439086914,-19.100780487060547,-1.0913197994232178,0.18834304809570312,2.4952096939086914,-0.38664746284484863,0.31070181727409363,-1.9752475023269653,-0.7612719535827637,0.06188701093196869,-4.343070030212402,0.32421186566352844,0.10136142373085022,0.522148072719574,1.4618721008300781,-3.4974238872528076
390,-22.153564453125,13.67222785949707,-14.036075592041016,-34.878108978271484,-0.537592887878418,5.263957977294922,17.47848129272461,-10.96666145324707,3.943317413330078,-8.570093154907227,-0.6755120158195496,0.31036996841430664,2.8395261764526367,-0.4124376177787781,0.2000223994255066,-2.5692930221557617,-0.5384708642959595,0.12846088409423828,-2.0990419387817383,-0.7162063121795654,-0.44336748123168945,-5.41461706161499,0.1802682727575302,-3.4911460876464844
391,-32.463340759277344,-0.6365475654602051,1.3154926300048828,0.27376222610473633,-0.20417284965515137,0.0499119758605957,36.8368034362793,-9.372257232666016,7.013365745544434,-2.112701416015625,-0.2999311685562134,0.30789899826049805,0.6930338144302368,0.1209222823381424,0.14242330193519592,1.1790578365325928,-0.6267294883728027,1.4429833889007568,1.065116047859192,-1.1944233179092407,-1.0232993364334106,-12.397173881530762,0.6154994368553162,-2.8182249069213867
392,-8.363910675048828,4.519497871398926,-1.549931526184082,5.2907562255859375,0.20700719952583313,-0.16466104984283447,23.234695434570312,-10.015689849853516,10.797357559204102,20.101707458496094,0.07860291004180908,0.15474605560302734,-0.7770702838897705,0.3821059763431549,0.1336885541677475,8.874645233154297,-0.08522666990756989,0.3534449338912964,2.8909566402435303,-1.317290186882019,-0.5392671823501587,-11.793807029724121,-1.0105481147766113,-1.6161584854125977
393,-19.977378845214844,7.057552814483643,-2.941931962966919,-15.515813827514648,-0.21509218215942383,-0.03866353631019592,14.82229232788086,-1.1412267684936523,4.5399980545043945,26.901752471923828,0.8462686538696289,0.052738070487976074,-1.1724810600280762,0.2211488038301468,0.0716535896062851,7.605441093444824,1.9227513074874878,-0.166967511177063,1.9378132820129395,-1.3984863758087158,0.19197627902030945,-5.4809794425964355,-0.4911234974861145,-0.8847846984863281
394,-16.361188888549805,-4.4625067710876465,1.5256272554397583,-12.395692825317383,-0.6849949359893799,-0.014960289001464844,22.27391242980957,-12.404901504516602,12.420653343200684,-53.47551727294922,5.2544660568237305,0.5160099267959595,-1.3368061780929565,0.8181338906288147,-0.4686281085014343,5.001485347747803,1.3148517608642578,-0.7608049511909485,0.09419113397598267,0.3593111038208008,-0.4499381184577942,2.9966328144073486,-3.3806092739105225,-0.26747483015060425
395,-25.545549392700195,-5.003910064697266,4.44481897354126,-4.120023727416992,-0.5991305112838745,-0.0025916099548339844,40.05878448486328,-37.43902587890625,46.53843307495117,-68.89327239990234,11.230445861816406,4.003173351287842,-2.2549076080322266,-0.19918330013751984,-0.56168133020401,4.331323623657227,0.8011102676391602,-1.253686785697937,0.5311170816421509,-0.1015736311674118,-0.3230122923851013,2.2216718196868896,-2.956434726715088,-0.2184557318687439
396,-15.70134449005127,-3.9985697269439697,4.118083477020264,4.068107604980469,-0.20590627193450928,0.01641082763671875,34.66455841064453,-33.289188385009766,46.99530792236328,-77.19447326660156,15.534687995910645,5.3479905128479,-2.926553726196289,-0.1693936288356781,0.0956406369805336,6.138588905334473,0.5839565396308899,-1.807225227355957,1.1264464855194092,0.08952488005161285,-0.18061551451683044,1.3256093263626099,-2.621379852294922,0.13403359055519104
397,-16.046314239501953,0.09932732582092285,0.8680717945098877,-9.940400123596191,-0.4968458414077759,0.16373658180236816,27.131855010986328,-29.31603240966797,42.05386734008789,-71.85150146484375,16.457578659057617,6.269108295440674,-2.708543062210083,-0.357815146446228,0.502375066280365,2.1009721755981445,1.017829418182373,-1.2662179470062256,1.790192723274231,0.024466395378112793,0.007921293377876282,0.28597521781921387,-2.1381235122680664,0.19046840071678162
398,-9.836692810058594,-0.7082058787345886,0.6409745216369629,-1.3765194416046143,-0.44678083062171936,0.10662651062011719,17.85747528076172,-24.011592864990234,31.04421043395996,-71.52042388916016,19.017990112304688,8.328741073608398,-2.7093844413757324,-0.01593950018286705,0.5020402669906616,0.18281547725200653,-0.045424774289131165,-1.0187455415725708,2.303321123123169,0.35664689540863037,-0.1384582668542862,-0.8686803579330444,-1.5022834539413452,-0.058866947889328
399,5.328221321105957,2.7465615272521973,-1.029083490371704,1.606912612915039,-0.1598912477493286,0.10490775108337402,0.6341981887817383,-33.244117736816406,31.271013259887695,-73.26876831054688,17.146562576293945,11.208702087402344,-1.3191239833831787,0.1456989198923111,0.657758355140686,-2.6263389587402344,-0.8942192196846008,-0.5209529995918274,3.1721529960632324,0.33463233709335327,-0.12838321924209595,-1.9250366687774658,-1.1111255884170532,-0.10154956579208374
400,5.507471561431885,-3.5383408069610596,1.394843578338623,9.189002990722656,0.17911231517791748,0.039783775806427,-9.831787109375,-25.964153289794922,24.770092010498047,-70.14657592773438,18.62532615661621,13.380266189575195,-0.6722633838653564,-0.14156940579414368,0.6246619820594788,-3.231411933898926,-0.7018556594848633,-0.21815665066242218,3.4662580490112305,0.3568669259548187,-0.12258294224739075,-2.8355205059051514,-0.584045946598053,-0.31025636196136475
401,4.971001625061035,2.1222565174102783,-2.83233642578125,3.0649642944335938,-0.02255725860595703,0.0774015486240387,-12.518587112426758,-14.799392700195312,15.896578788757324,-45.569374084472656,17.585887908935547,11.760171890258789,0.2933516502380371,0.007555587217211723,0.10983306914567947,-6.036410808563232,-0.3835752606391907,0.12960967421531677,3.429672956466675,0.5247249603271484,-0.11263661086559296,-3.258725166320801,-0.30671969056129456,1.1826997995376587
402,24.796283721923828,12.695717811584473,-10.439927101135254,5.948368072509766,-0.1252918243408203,0.1698470115661621,-28.144004821777344,-11.36283016204834,0.8837401270866394,-2.477245807647705,11.425888061523438,2.718883514404297,2.1473095417022705,0.1599006950855255,-0.7534200549125671,-9.363983154296875,-2.41142201423645,1.2770015001296997,1.4371885061264038,0.13460366427898407,-0.2653467357158661,0.1906755566596985,1.1217306852340698,3.298988103866577
403,47.495018005371094,11.915311813354492,-8.869799613952637,16.425537109375,0.6603379249572754,0.057295799255371094,-53.111454010009766,3.2501559257507324,-5.373843193054199,0.6182632446289062,-0.23742413520812988,-0.21601104736328125,4.143298149108887,0.10015027970075607,-1.1875135898590088,-11.962820053100586,-1.0566800832748413,2.6011223793029785,-3.115722894668579,-0.11939452588558197,-0.08627638220787048,10.620553970336914,2.073533773422241,3.9904870986938477
404,62.12236404418945,1.8957310914993286,-16.419382095336914,-39.149688720703125,6.150972366333008,6.337228775024414,-53.55846405029297,11.267074584960938,-4.633012771606445,-14.226722717285156,-0.7175369262695312,-0.4633769989013672,1.7253860235214233,-0.6801332831382751,-0.09146182984113693,-0.35232454538345337,-1.4563732147216797,-0.05176422372460365,-5.2166218757629395,0.8221636414527893,1.8931829929351807,12.694788932800293,4.586057186126709,2.398391008377075
405,30.325559616088867,15.262306213378906,-25.064205169677734,-50.844261169433594,6.144552230834961,5.577534198760986,-36.100616455078125,5.449821472167969,-7.938751697540283,-21.94933319091797,-1.516937255859375,-0.32338762283325195,2.1388306617736816,-0.2836613357067108,0.35851427912712097,-1.1834418773651123,-1.1754438877105713,0.061469972133636475,-5.901197910308838,1.2862398624420166,1.2813585996627808,7.889890670776367,3.8922717571258545,-1.0182185173034668
406,-0.3734245300292969,18.61008644104004,-26.074106216430664,-43.59345245361328,5.059284210205078,5.463440418243408,-4.384639739990234,-6.152146339416504,0.1717243194580078,-17.390888214111328,-1.1976194381713867,0.03719377517700195,2.466723680496216,-0.2416594922542572,0.18742555379867554,-1.8661766052246094,-0.8572339415550232,0.020487621426582336,-4.991607666015625,0.6381551623344421,0.45661455392837524,1.7462217807769775,2.5507938861846924,-2.2876498699188232
407,-11.045601844787598,1.309685468673706,-9.733942031860352,-29.514442443847656,3.102259397506714,4.355992794036865,6.196576118469238,-4.003678321838379,-1.9255585670471191,-15.101005554199219,-1.0689582824707031,0.22466611862182617,2.5624191761016846,-0.2834123969078064,0.22999829053878784,-2.427701234817505,-0.5056923031806946,0.07600045949220657,-3.4374947547912598,-0.39620164036750793,-0.6866942048072815,-5.641619682312012,2.4086663722991943,-3.196955442428589
408,-34.35837936401367,2.2348408699035645,-0.9702842235565186,-5.285223960876465,0.5465084314346313,0.5473976135253906,38.713829040527344,-6.008636474609375,3.886908531188965,1.9980087280273438,-0.6438430547714233,0.23194313049316406,1.3720282316207886,-0.13189761340618134,-0.37736842036247253,-1.1803425550460815,-0.5586919784545898,1.1847635507583618,-0.0738576352596283,-1.0057127475738525,-1.6376293897628784,-11.165046691894531,-0.11168976128101349,-4.134585857391357
409,-6.900651931762695,1.6836254596710205,1.2103631496429443,10.95010757446289,0.3105502724647522,-0.1722574234008789,28.721920013427734,-15.319158554077148,14.707314491271973,15.338336944580078,0.1428842544555664,0.263761043548584,-0.7534526586532593,0.43416234850883484,0.47992274165153503,9.687155723571777,-0.07073134928941727,0.11220483481884003,2.5429787635803223,-1.5132523775100708,-1.0678805112838745,-12.428365707397461,-0.4802003800868988,-2.6146128177642822
410,-25.48033905029297,11.042276382446289,-4.904627799987793,-15.706462860107422,-0.24678373336791992,-0.003200531005859375,24.53531837463379,-4.881532192230225,9.464583396911621,30.37909507751465,0.9751997590065002,0.10959911346435547,-1.3973418474197388,0.27677884697914124,0.08928083628416061,9.524206161499023,2.3460335731506348,-0.48370665311813354,2.081467866897583,-1.4563535451889038,0.379122793674469,-5.854287624359131,-0.48999595642089844,-1.1646757125854492
411,-19.106456756591797,2.3630452156066895,-3.3303065299987793,-18.72798728942871,-0.8171193599700928,0.044985294342041016,19.534347534179688,-12.631235122680664,10.149686813354492,-38.33563232421875,5.498238563537598,-19.630075454711914,-1.44308340549469,0.6065654158592224,-0.6206444501876831,5.745336055755615,1.7017896175384521,-1.3215203285217285,0.11771812289953232,-0.03269021213054657,0.31664249300956726,3.1292693614959717,-3.4083809852600098,7.172792911529541
412,-27.01155662536621,-3.9814250469207764,3.778803586959839,-6.016246795654297,-0.7716697454452515,0.08828234672546387,49.159732818603516,-34.63414001464844,48.33530807495117,-70.3184814453125,6.555126190185547,0.9236270189285278,-2.2261080741882324,0.033824220299720764,-0.7334096431732178,4.454455375671387,0.48626428842544556,-1.182188868522644,0.3081214725971222,-0.14136597514152527,-0.17168563604354858,2.838954448699951,-3.3401076793670654,-0.12900613248348236
413,-14.46470832824707,-2.1897614002227783,3.4978089332580566,2.1118392944335938,-0.21794551610946655,0.017305374145507812,36.900272369384766,-34.85985565185547,48.724971771240234,-73.60365295410156,11.075662612915039,4.0203399658203125,-2.6672306060791016,0.09024685621261597,-0.08279652148485184,5.238558292388916,0.28277263045310974,-1.6800485849380493,0.9668495655059814,-0.11575712263584137,-0.054745279252529144,1.9793592691421509,-2.8822689056396484,0.07162729650735855
414,-18.533723831176758,-1.5246366262435913,2.7748847007751465,-7.12938117980957,-0.40563535690307617,0.11991405487060547,33.71575927734375,-30.735309600830078,36.30471420288086,-65.73748779296875,15.137527465820312,4.763205051422119,-3.0009491443634033,0.22127528488636017,0.43918418884277344,2.6057958602905273,0.8655223250389099,-1.2094166278839111,1.544615387916565,-0.043973490595817566,0.02439267933368683,0.9962602853775024,-2.4409539699554443,0.39143237471580505
415,-15.855690956115723,1.7057288885116577,-1.1145929098129272,-5.97860050201416,-0.6388845443725586,0.12523341178894043,31.92276954650879,-27.69202423095703,35.213050842285156,-68.03929138183594,18.445789337158203,5.096573829650879,-2.753483295440674,0.30854690074920654,0.028938421979546547,-1.025805950164795,-0.06223981827497482,-1.0805050134658813,2.466402769088745,0.023087382316589355,-0.20433709025382996,-0.23854875564575195,-1.9474132061004639,0.351683109998703
416,-0.13182353973388672,-1.1043781042099,0.2094794511795044,1.3384361267089844,-0.2782139778137207,0.12488383054733276,8.900785446166992,-25.400239944458008,30.306324005126953,-76.94357299804688,16.069494247436523,7.408148765563965,-1.4190165996551514,0.3716583549976349,-0.049231357872486115,-4.466815948486328,-0.6506990790367126,-0.4881499707698822,3.384532928466797,0.28067177534103394,-0.1971926987171173,-1.5777636766433716,-1.3951654434204102,0.33018383383750916
417,10.777108192443848,-0.9469914436340332,0.9674746990203857,8.959999084472656,0.022036314010620117,0.06159147620201111,-9.22725772857666,-20.954545974731445,19.01875114440918,-59.70420837402344,13.066915512084961,10.865859985351562,0.10420731455087662,0.19407065212726593,-0.02097594365477562,-6.3535261154174805,-1.0361731052398682,0.2683141529560089,4.017055034637451,0.17710870504379272,-0.3388423025608063,-2.35749888420105,-1.0779272317886353,0.02041947841644287
418,19.717823028564453,4.033588409423828,-4.631621837615967,7.099903106689453,-0.029757976531982422,0.0609896183013916,-27.863731384277344,-0.36359870433807373,2.0479226112365723,-16.481250762939453,10.119132041931152,3.615314483642578,2.012089490890503,0.3985280394554138,-0.4019179344177246,-9.484091758728027,-2.141058921813965,0.696948230266571,3.4751739501953125,0.4655747711658478,0.11949309706687927,-1.7447113990783691,-1.1970552206039429,2.495758295059204
419,32.64301300048828,9.378657341003418,-7.216066360473633,13.923095703125,0.37621402740478516,0.11826705932617188,-43.3400764465332,3.1316916942596436,-6.019220352172852,5.617008209228516,0.33173608779907227,-0.07487106323242188,3.324274778366089,0.3217979371547699,-0.34079742431640625,-6.044869899749756,4.840134620666504,4.277231216430664,-0.775422990322113,0.10499992966651917,0.058072254061698914,8.399203300476074,2.0434889793395996,4.260822772979736
420,43.926856994628906,9.921262741088867,-15.075368881225586,-53.810142517089844,6.062325477600098,6.0714111328125,-54.66997528076172,15.780722618103027,-9.501433372497559,-8.815536499023438,-0.6559534072875977,-0.4297604560852051,1.9205777645111084,-0.3226105868816376,0.2880420684814453,-0.16046850383281708,-1.6599498987197876,0.15043647587299347,-3.919863224029541,1.0263304710388184,1.3983502388000488,12.230351448059082,4.003521919250488,2.4872477054595947
421,20.929271697998047,16.892505645751953,-27.979942321777344,-72.81112670898438,6.219736099243164,4.828393459320068,-35.41575241088867,7.544039726257324,-6.342046737670898,-16.853042602539062,-1.3768095970153809,-0.37648725509643555,2.0830559730529785,-0.4155590236186981,0.3641056418418884,-1.1344319581985474,-1.1526844501495361,0.24571886658668518,-4.7438154220581055,1.6792705059051514,1.287907600402832,9.390579223632812,2.3970754146575928,-1.027325987815857
422,3.6003599166870117,18.695173263549805,-24.703136444091797,-72.23640441894531,3.257434368133545,5.192933082580566,-17.805110931396484,-0.041016578674316406,-4.829552173614502,-21.61216163635254,-1.2293269634246826,0.04231548309326172,2.51228666305542,-0.4391503632068634,0.23447734117507935,-2.424031972885132,-0.44474151730537415,0.13216599822044373,-4.215333461761475,1.2091585397720337,-0.06321416050195694,2.3053030967712402,2.0035722255706787,-3.166292905807495
423,-31.63853645324707,10.755285263061523,-13.733083724975586,-51.95133590698242,-1.1379541158676147,3.4528069496154785,19.129127502441406,-11.123788833618164,2.7021901607513428,-13.892711639404297,-0.8051443099975586,0.30766963958740234,3.134824514389038,-0.4401329755783081,0.45769885182380676,-3.7621583938598633,-0.021767698228359222,0.08484462648630142,-1.7761346101760864,0.03652658313512802,-0.671238899230957,-5.329244136810303,1.3852280378341675,-3.241285562515259
424,-13.520706176757812,1.3221021890640259,-0.5182931423187256,5.5774946212768555,-0.09787219762802124,0.03387343883514404,14.043814659118652,-9.111215591430664,4.7904438972473145,-4.645427703857422,-0.8328956365585327,0.28447437286376953,1.7555550336837769,-0.25923922657966614,-0.12593938410282135,-0.9832796454429626,-0.46325814723968506,0.9527734518051147,0.0820038914680481,-0.6927974820137024,-1.4109960794448853,-11.076554298400879,-0.10385563969612122,-3.0231990814208984
425,-12.092964172363281,8.856963157653809,-3.107408046722412,5.238452911376953,0.13910898566246033,-0.07125604152679443,22.59453773498535,-11.874127388000488,11.184128761291504,19.82040023803711,0.27030038833618164,0.16082286834716797,0.13021349906921387,0.48980748653411865,0.28486567735671997,5.689931392669678,-0.10538047552108765,0.5842168927192688,1.475945234298706,-1.0340133905410767,-1.037105679512024,-9.639355659484863,-1.3123112916946411,-2.3054652214050293
426,-23.000547409057617,5.731191635131836,-2.2551441192626953,-9.02747917175293,-0.15477275848388672,-0.08889889717102051,22.960285186767578,-5.879525184631348,8.937520027160645,20.55368423461914,0.7662184238433838,0.09375119209289551,-0.9584591388702393,0.3391681909561157,0.07622465491294861,7.079528331756592,1.4920401573181152,-0.49660953879356384,1.793445348739624,-1.0930205583572388,-0.019193056970834732,-7.165060520172119,0.23352321982383728,-1.5706804990768433
427,-17.50535774230957,0.11900103837251663,1.3266879320144653,-10.221675872802734,-0.4919857978820801,-0.035774946212768555,16.959598541259766,-4.889142036437988,6.449362277984619,14.003007888793945,0.2572330832481384,0.10183796286582947,-1.2417829036712646,0.17976713180541992,0.3309604525566101,6.9116644859313965,1.2389888763427734,-1.4525984525680542,1.537862777709961,-1.1727242469787598,-0.2965841293334961,0.16233396530151367,-5.501294136047363,5.139809608459473
428,-21.98440933227539,-8.596714973449707,3.519620895385742,-6.107715606689453,-0.4819633960723877,0.10541296005249023,40.09699630737305,-22.054668426513672,28.321313858032227,-68.88164520263672,8.095550537109375,1.6576379537582397,-1.9012047052383423,0.18161749839782715,-0.5305745601654053,6.358880519866943,1.7508904933929443,-1.7004932165145874,0.16130436956882477,0.29908615350723267,0.029875148087739944,2.255159378051758,-2.8289942741394043,0.026488661766052246
429,-37.665748596191406,-4.026149272918701,5.887062072753906,-9.875568389892578,-0.8713746070861816,0.08607769012451172,59.956260681152344,-32.143375396728516,41.49819564819336,-56.60578918457031,15.659711837768555,3.9903852939605713,-2.7752509117126465,-0.05432732775807381,-0.05311721935868263,4.322717666625977,1.3290557861328125,-1.3721023797988892,1.0386148691177368,-0.002491571009159088,-0.07652878761291504,1.2355149984359741,-2.392225980758667,-0.00020170211791992188
430,-20.807403564453125,0.8428931832313538,0.4169144630432129,-5.206241607666016,-0.6262731552124023,0.10509181022644043,35.8984260559082,-33.49935531616211,45.17793655395508,-65.03797149658203,17.507558822631836,6.019791126251221,-3.083296060562134,-0.041079673916101456,0.0748693197965622,2.1332967281341553,0.5386788845062256,-1.3682385683059692,1.7090449333190918,0.005981519818305969,-0.041657835245132446,0.21127444505691528,-1.9669559001922607,0.18072518706321716
431,-9.72095775604248,1.6133389472961426,-0.5223243236541748,-1.9250297546386719,-0.4023725986480713,0.13179731369018555,18.839431762695312,-32.19529724121094,38.05875015258789,-62.18189239501953,17.174535751342773,7.3600311279296875,-2.9276773929595947,-0.14401432871818542,0.09358835965394974,-0.18996763229370117,-0.16349059343338013,-1.0728235244750977,2.224799394607544,0.01740514487028122,0.0919346809387207,-0.6491289138793945,-1.5589511394500732,0.07537978887557983
432,3.048050880432129,-0.6705242991447449,0.4965590238571167,1.9687318801879883,-0.13753104209899902,0.09723734855651855,2.2191085815429688,-20.98265266418457,20.244464874267578,-59.83708572387695,15.841029167175293,5.945088863372803,-2.1154439449310303,0.04001181200146675,-0.18364034593105316,-2.23085355758667,-0.7261660695075989,-0.8444612622261047,2.8290369510650635,0.22716167569160461,-0.11449731141328812,-1.5785475969314575,-1.1961719989776611,0.19291672110557556
433,16.109045028686523,0.30478715896606445,-0.10137394070625305,6.377720832824707,0.1511927843093872,0.06640481948852539,-19.479976654052734,-22.608009338378906,20.656875610351562,-57.903045654296875,12.312374114990234,7.880121231079102,-0.5861742496490479,0.025410180911421776,-0.06974449008703232,-4.274071216583252,-0.8132542967796326,-0.787301778793335,3.2455482482910156,0.20062720775604248,-0.10284940153360367,-2.2477474212646484,-0.9417797327041626,0.12022030353546143
434,15.353915214538574,3.270493984222412,-2.2687392234802246,6.358190536499023,0.05046415328979492,0.14538472890853882,-23.214324951171875,-14.344405174255371,9.012681007385254,-24.61798667907715,11.154085159301758,4.601578712463379,0.629450798034668,0.1028328388929367,0.10912898182868958,-6.160296440124512,-1.5844311714172363,0.3941456079483032,2.8273892402648926,0.08268553018569946,0.1173199787735939,-1.668473720550537,-1.2056958675384521,1.8506067991256714
435,34.520172119140625,10.867698669433594,-9.027861595153809,5.576656341552734,0.25600576400756836,0.1353447437286377,-40.13679504394531,1.5686936378479004,-5.426865577697754,0.7925796508789062,3.079355478286743,0.6482400894165039,2.969827175140381,0.4862619936466217,-0.14281421899795532,-10.737641334533691,-1.5207481384277344,1.5407830476760864,-0.2010081559419632,-0.18627959489822388,-0.279243141412735,3.710644245147705,1.6211961507797241,3.2375402450561523
436,44.362998962402344,8.582200050354004,-14.505990028381348,-20.769214630126953,-20.0,-6.298781871795654,-48.77284622192383,5.549639701843262,-7.888335704803467,-3.2344398498535156,-0.3965950012207031,-0.23475885391235352,1.9893038272857666,-0.21437028050422668,0.9240509867668152,-0.9456039071083069,-0.976453423500061,9.672478675842285,-3.7580344676971436,-0.17370979487895966,-0.16564251482486725,12.00333023071289,2.0759475231170654,2.9119155406951904
437,30.551559448242188,16.225658416748047,-25.765329360961914,-72.2693099975586,6.996104717254639,5.791045188903809,-38.535194396972656,15.762170791625977,-8.579408645629883,-12.787296295166016,-0.7124156951904297,-0.40387579798698425,1.6374855041503906,-0.35422390699386597,0.25671273469924927,-0.23879869282245636,-1.622894525527954,0.14687161147594452,-5.204224109649658,1.4700590372085571,1.1377480030059814,11.313488006591797,4.191254615783691,-0.18069930374622345
438,15.045726776123047,17.59427261352539,-28.26850128173828,-62.89712905883789,5.874326229095459,4.375685214996338,-21.344078063964844,-0.48183774948120117,-1.9655513763427734,-19.8492431640625,-1.3825793266296387,-0.030942440032958984,2.409482955932617,-0.4516293406486511,0.30552056431770325,-1.4592732191085815,-1.1026411056518555,0.1267087459564209,-4.617458343505859,1.4490082263946533,0.8817929029464722,5.889617443084717,2.4953789710998535,-1.015060544013977
439,-3.100316047668457,11.590953826904297,-21.39433479309082,-53.313316345214844,5.458521842956543,4.981160640716553,-9.504640579223633,-3.2678494453430176,-2.6223220825195312,-17.782136917114258,-0.9839558601379395,0.065155029296875,2.584923267364502,-0.42688584327697754,0.3217981457710266,-2.4177122116088867,-0.5651060342788696,0.10047471523284912,-4.072083950042725,0.8393577933311462,-0.08424931764602661,-0.8754774332046509,3.4783406257629395,-2.5570783615112305
440,-3.9829368591308594,7.764366149902344,-12.222970962524414,-22.857742309570312,2.7068095207214355,3.5814566612243652,-0.2696056365966797,-12.255975723266602,2.584319591522217,-11.947330474853516,-1.4045023918151855,0.2546119689941406,2.576756715774536,-0.6037477850914001,0.2303270846605301,-2.792501926422119,-0.25801873207092285,0.17739512026309967,-2.625426769256592,-0.7596412897109985,-1.118388056755066,-7.4115495681762695,0.9991219639778137,-2.8222665786743164
441,-24.415016174316406,7.272361755371094,-2.4914636611938477,4.560161590576172,-0.1403670310974121,0.04518711566925049,38.052791595458984,-20.087125778198242,15.19980239868164,4.506446838378906,-0.334081768989563,0.15577316284179688,0.8577041625976562,0.006541581824421883,0.24165795743465424,2.5840766429901123,-0.7912102937698364,0.7695611119270325,0.9849231839179993,-1.7296628952026367,-1.0445839166641235,-12.697668075561523,0.30601662397384644,-2.3666982650756836
442,-20.371662139892578,8.957513809204102,-3.180561065673828,0.6674118041992188,0.13743138313293457,-0.09926944971084595,31.93063735961914,-11.403135299682617,14.078835487365723,24.93935775756836,0.3927823305130005,0.052971839904785156,-1.063592791557312,0.6233757734298706,0.45840880274772644,9.664875984191895,1.0603276491165161,-0.340605765581131,2.5387189388275146,-1.699082612991333,-0.24298915266990662,-11.000605583190918,-0.799690306186676,-1.4882221221923828
443,-26.553279876708984,7.194302558898926,-3.6310558319091797,-19.61014175415039,-0.4790220260620117,0.03680992126464844,23.153257369995117,6.182309150695801,1.551326036453247,29.874008178710938,1.192445993423462,0.0435640811920166,-1.2643941640853882,0.18804003298282623,-0.4575236439704895,7.132926940917969,2.571239471435547,-0.908821702003479,1.5828700065612793,-1.5298341512680054,0.5209911465644836,-3.031339406967163,-0.1065780520439148,-1.1890592575073242
444,-21.561870574951172,-5.8203935623168945,3.0070106983184814,-13.039822578430176,-0.8717532157897949,0.059226274490356445,25.625574111938477,-15.020650863647461,17.045085906982422,-56.30630111694336,5.622925758361816,-1.5256309509277344,-2.159780502319336,0.677325427532196,-0.77784264087677,4.391323089599609,1.4618175029754639,-1.030516505241394,-0.33720073103904724,0.17585568130016327,-0.09291042387485504,3.140496015548706,-3.376593589782715,0.018274560570716858
445,-20.928024291992188,-7.675393104553223,5.331411361694336,-2.146852493286133,-0.5306383371353149,0.010681867599487305,48.352989196777344,-24.59658432006836,41.391265869140625,-68.99923706054688,8.702658653259277,0.8857706785202026,-2.1640625,0.21446160972118378,-0.9086746573448181,3.6294105052948,0.7396262288093567,-1.6743372678756714,0.8828599452972412,0.16133174300193787,-0.2183552086353302,1.995214581489563,-3.0369341373443604,-0.031658709049224854
446,-13.757757186889648,-6.122855186462402,6.68752384185791,3.7651004791259766,-0.20280122756958008,0.061536550521850586,31.3145751953125,-34.67546463012695,46.89731979370117,-81.89031219482422,15.568718910217285,7.2348761558532715,-3.0852181911468506,0.12578149139881134,0.023760445415973663,4.721384048461914,0.7210919857025146,-1.3517261743545532,1.2644178867340088,0.08061686158180237,-0.12095803022384644,1.051471471786499,-2.5361104011535645,0.256491094827652
447,-17.02361297607422,-3.9434714317321777,3.814023017883301,-4.013718605041504,-0.4227977991104126,0.06863856315612793,35.547813415527344,-29.401243209838867,40.03644561767578,-67.05415344238281,18.042743682861328,5.619718551635742,-3.123260021209717,-0.028456933796405792,0.6181318163871765,2.8229260444641113,0.5552165508270264,-1.1440058946609497,2.015338182449341,0.08907102793455124,0.0007561445236206055,0.15642674267292023,-2.101618528366089,0.3401497006416321
448,2.053988456726074,3.14011549949646,-3.541320323944092,-4.5982537269592285,-0.3803234100341797,0.16684436798095703,5.852232933044434,-28.22230339050293,34.58070755004883,-68.27352905273438,14.888785362243652,5.953047275543213,-1.976100206375122,-0.1418979912996292,0.14652109146118164,-1.0672903060913086,-0.5678492784500122,-0.7951566576957703,2.7486472129821777,0.18312586843967438,0.08033806830644608,-0.8718679547309875,-1.7430291175842285,0.327299565076828
449,-1.382265567779541,-1.2284574508666992,1.8390125036239624,2.6644229888916016,-0.06425446271896362,0.04717087745666504,4.912520408630371,-19.770536422729492,21.053329467773438,-57.42072296142578,17.34136390686035,5.541670799255371,-1.544330358505249,0.1936151683330536,0.3469507694244385,-2.797116279602051,-0.4399973154067993,-0.5319428443908691,3.0963449478149414,0.3636695146560669,-0.09704709053039551,-1.6959800720214844,-1.2445814609527588,0.2151128649711609
450,5.34140682220459,2.786342144012451,-2.548508405685425,2.1481380462646484,-0.16954243183135986,0.107899971306324,-5.213432312011719,-26.1663875579834,21.03173828125,-43.46294403076172,16.958173751831055,7.85259485244751,-0.12709517776966095,-0.09608833491802216,0.12302161753177643,-6.121802806854248,-0.9542043805122375,0.04484306275844574,3.4790596961975098,0.26133665442466736,0.0620417594909668,-2.2062418460845947,-0.9840724468231201,0.006810367107391357
451,23.0331974029541,7.144463539123535,-5.310427188873291,8.574657440185547,0.08699488639831543,0.09074604511260986,-31.490673065185547,-10.062771797180176,4.112546920776367,-20.38167381286621,11.394736289978027,3.6003055572509766,1.4654637575149536,0.2656251788139343,-0.004147324711084366,-8.470961570739746,-1.7569093704223633,0.9112429618835449,2.9131476879119873,0.10508078336715698,0.10004236549139023,-1.3117872476577759,-1.3367067575454712,2.8717586994171143
452,40.477333068847656,9.238951683044434,-8.757162094116211,12.478031158447266,0.3975028991699219,0.09118938446044922,-47.03776168823242,3.0512685775756836,-6.135653495788574,2.439624786376953,0.4715547561645508,-0.13697385787963867,3.677136182785034,-0.04211605340242386,-0.6864916682243347,-11.720587730407715,-1.5005391836166382,2.0227675437927246,-0.9627422094345093,-0.2068435102701187,0.10367203503847122,7.211203575134277,2.7938380241394043,3.779980182647705
453,53.489723205566406,4.694489479064941,-14.719329833984375,-41.53487777709961,5.811738967895508,5.580055236816406,-55.1294059753418,10.249139785766602,-6.718195915222168,-10.013607025146484,-0.7553706169128418,-0.35219812393188477,1.9045974016189575,-0.718184769153595,0.28202003240585327,-0.02352972701191902,-1.8779608011245728,0.2242511510848999,-3.8279197216033936,0.5924116969108582,1.6019749641418457,11.071650505065918,4.189618110656738,3.106827735900879
454,23.3415470123291,23.62950325012207,-30.570138931274414,-70.45490264892578,7.300266265869141,4.475313663482666,-35.86201477050781,8.276046752929688,-8.32082462310791,-15.530838012695312,-1.341442584991455,-0.4221872091293335,1.8557711839675903,-0.346597820520401,0.2754412293434143,-0.7839400768280029,-1.3777202367782593,0.06679925322532654,-4.792309284210205,1.2996001243591309,0.8559228777885437,8.197941780090332,2.7303450107574463,-1.0339864492416382
455,11.026966094970703,9.742576599121094,-24.221328735351562,-66.4357681274414,7.346700668334961,4.984215259552002,-22.475513458251953,4.172636985778809,-5.313018321990967,-14.982705116271973,-0.9385900497436523,0.038318634033203125,2.3773906230926514,-0.5627862215042114,0.5583715438842773,-2.007046937942505,-0.8149226307868958,0.14487433433532715,-4.950687408447266,1.1852412223815918,0.5475347638130188,3.972515821456909,3.0790836811065674,-2.6743547916412354
456,10.780754089355469,14.453877449035645,-20.519960403442383,-36.6977653503418,5.19550085067749,5.077793121337891,-12.190450668334961,-8.092447280883789,-0.7415046691894531,-16.30298614501953,-1.2783377170562744,0.29047441482543945,3.0134804248809814,-0.6531531810760498,0.5186170935630798,-2.841186761856079,-0.46776992082595825,0.09000799059867859,-3.949516773223877,0.13064973056316376,-0.5999789834022522,-2.335599422454834,1.8005131483078003,-2.750013589859009
457,-20.405559539794922,9.712090492248535,-9.858022689819336,-7.186788558959961,2.7279932498931885,2.437779426574707,18.262460708618164,-13.076602935791016,6.526776313781738,-10.50323486328125,-1.0063377618789673,0.22868776321411133,2.3027896881103516,-0.7158300876617432,-0.4545031189918518,-2.3752870559692383,-0.468828022480011,0.7114233374595642,-1.5375462770462036,-0.8337281942367554,-1.43891179561615,-10.387645721435547,1.0415154695510864,-2.896359443664551
458,-16.31048583984375,8.274454116821289,-1.7765727043151855,9.534282684326172,0.19814550876617432,-0.05624830722808838,36.67153549194336,-16.575572967529297,15.820960998535156,14.417892456054688,-0.1253722906112671,0.10758733749389648,0.003386096563190222,0.32564133405685425,0.02420879900455475,7.292646408081055,0.5627634525299072,0.5069608688354492,1.6423002481460571,-1.2423179149627686,-0.8560695648193359,-12.630131721496582,-0.7876951694488525,-2.3424344062805176
459,-28.1480712890625,12.716009140014648,-5.517763614654541,-12.43899154663086,-0.25962066650390625,-0.029872968792915344,30.55643081665039,-6.889309883117676,9.7048921585083,30.607919692993164,0.9618215560913086,0.13016784191131592,-0.6985753178596497,0.6665632724761963,-0.05482501909136772,7.990688800811768,2.627342700958252,-0.11236512660980225,2.090852975845337,-1.2539136409759521,-0.04293232783675194,-7.648377895355225,-0.30966028571128845,-0.6584513783454895
460,-25.367881774902344,-2.4070310592651367,1.1799819469451904,-13.536308288574219,-0.7635231018066406,-0.0487515926361084,30.455612182617188,-11.381033897399902,13.326582908630371,-34.82282257080078,3.5562844276428223,0.6614887714385986,-1.6705515384674072,1.0386402606964111,-0.2853861153125763,7.341439247131348,2.1580419540405273,-1.2058618068695068,-0.21865864098072052,0.280543714761734,-0.07322873175144196,3.5049431324005127,-3.621387004852295,0.8072183132171631
461,-28.087814331054688,-3.5879640579223633,2.941087484359741,-11.174117088317871,-0.9334169626235962,0.07311081886291504,46.9088020324707,-35.16448211669922,44.49823760986328,-63.746253967285156,9.184179306030273,3.187692880630493,-2.1689140796661377,0.19581423699855804,-0.6901329755783081,4.370522499084473,0.9346522092819214,-1.4027570486068726,0.4695008099079132,-0.010332360863685608,-0.03630984574556351,2.436255693435669,-3.1484808921813965,-0.22759279608726501
462,-22.60378074645996,-2.625551700592041,3.8665614128112793,0.027597427368164062,-0.3685208559036255,0.0486297607421875,42.947872161865234,-33.923587799072266,47.714256286621094,-67.81981658935547,15.279136657714844,5.588908672332764,-3.418808698654175,0.22734463214874268,-0.23234784603118896,5.129213809967041,1.0298171043395996,-1.679498553276062,0.8343095183372498,-0.034193553030490875,-0.014469683170318604,1.56235933303833,-2.694730758666992,0.15918010473251343
463,-12.935218811035156,0.3556947708129883,0.7495514750480652,-6.432732582092285,-0.516409158706665,0.14003467559814453,33.94974899291992,-35.25625228881836,42.996402740478516,-75.33366394042969,17.06016731262207,7.909910678863525,-3.0850367546081543,0.32958686351776123,-0.18115578591823578,1.906279444694519,0.6471355557441711,-1.456299066543579,1.8383644819259644,0.06227371096611023,-0.017746273428201675,0.31188955903053284,-2.213775396347046,0.17892606556415558
464,-12.178823471069336,-1.9889711141586304,2.4970033168792725,-0.38768935203552246,-0.381263792514801,0.10314488410949707,31.44512176513672,-27.849340438842773,35.53626251220703,-66.22132873535156,18.257335662841797,7.562429904937744,-2.8682446479797363,0.3854038715362549,0.10761069506406784,0.11423249542713165,0.024121327325701714,-1.0862666368484497,2.681845188140869,0.12974080443382263,-0.07721450924873352,-0.6826932430267334,-1.7713805437088013,0.07353270053863525
465,11.402851104736328,-9.898123741149902,5.5852861404418945,5.8808698654174805,0.04714071750640869,0.042790889739990234,-9.147878646850586,-21.721424102783203,23.323505401611328,-79.14053344726562,15.758476257324219,10.026371002197266,-1.9477027654647827,-0.13847190141677856,0.5825948119163513,-1.2379932403564453,-0.6018422245979309,-0.8888314962387085,3.0522351264953613,0.22140219807624817,0.10394498705863953,-1.6405425071716309,-1.3773952722549438,0.24703660607337952
466,7.9058380126953125,-0.02374410629272461,-0.714896559715271,3.4481096267700195,0.07076852023601532,0.11640626192092896,-8.554216384887695,-24.53564453125,24.52149772644043,-61.987342834472656,16.47026252746582,12.992538452148438,-0.9124521613121033,-0.3453325629234314,0.3979872763156891,-3.651587724685669,-0.10423951596021652,-0.3014644980430603,3.4051482677459717,0.18134275078773499,0.043534599244594574,-2.493065357208252,-0.8307678699493408,-0.21031349897384644
467,10.640073776245117,0.7603929042816162,-0.11708760261535645,6.060951232910156,-0.055283546447753906,0.030876755714416504,-12.39797592163086,-12.423091888427734,10.425213813781738,-35.71211624145508,13.297676086425781,9.1678466796875,0.3195570111274719,-0.11765870451927185,0.6629375219345093,-5.324274063110352,-1.0620452165603638,0.09966740757226944,3.4155707359313965,0.1546647846698761,0.053024210035800934,-2.420694589614868,-0.8910109996795654,1.5113418102264404
468,20.08529281616211,11.51883316040039,-10.081244468688965,2.742351531982422,0.0049054622650146484,0.17670869827270508,-25.084800720214844,-8.261040687561035,1.4957154989242554,-5.093416690826416,10.857701301574707,2.7453646659851074,2.177802085876465,-0.06836360692977905,-0.3781953454017639,-9.537514686584473,-1.3710088729858398,1.1682405471801758,2.081908941268921,-0.1526239514350891,-0.2533178925514221,-0.19320747256278992,0.18099163472652435,2.4498636722564697
469,44.86516189575195,10.527315139770508,-8.982837677001953,16.891292572021484,0.4868588447570801,0.09364604949951172,-48.893409729003906,3.8767800331115723,-5.989875793457031,1.3798904418945312,0.26116943359375,-0.06636810302734375,4.345501899719238,-0.10925392061471939,-1.0450029373168945,-11.462329864501953,-1.1855545043945312,2.8116722106933594,-1.9164352416992188,-0.13620886206626892,-0.0003822464495897293,9.167061805725098,3.949568271636963,4.409854412078857
470,43.10080337524414,9.349528312683105,-20.70355224609375,-32.40760040283203,7.8180460929870605,0.8160629272460938,-42.502113342285156,1.4123039245605469,-0.17737674713134766,-11.700454711914062,-1.0675878524780273,-0.5185413360595703,1.713984489440918,-0.6184861660003662,0.04142490029335022,0.2622121274471283,-1.9489595890045166,0.7035019993782043,-4.177431583404541,0.6644108891487122,1.893273949623108,11.77912425994873,2.9520626068115234,2.9511067867279053
471,26.464130401611328,18.674692153930664,-24.308242797851562,-53.69681167602539,7.237529754638672,5.969311714172363,-35.34859848022461,5.003913879394531,-6.775333404541016,-18.845361709594727,-1.1784944534301758,-0.38834595680236816,1.843569040298462,-0.22533302009105682,0.2945815622806549,-0.5095259547233582,-1.50461745262146,0.007214255630970001,-4.998749732971191,1.0314630270004272,1.3802518844604492,8.167815208435059,2.9980361461639404,-0.5161786079406738
472,-0.015624046325683594,16.541542053222656,-22.331501007080078,-56.42084503173828,3.45224928855896,6.142882347106934,-11.017730712890625,-5.9700188636779785,-0.9282276630401611,-17.947349548339844,-1.2396695613861084,-0.032628536224365234,2.1561851501464844,-0.3886350989341736,0.45567256212234497,-1.5724252462387085,-0.9661877155303955,0.07970231771469116,-4.533858776092529,0.0456312894821167,0.6749154329299927,2.3847756385803223,1.0730043649673462,-2.6440529823303223
473,-5.748126983642578,8.209396362304688,-13.966300964355469,-33.898651123046875,1.5198748111724854,5.153982639312744,4.54072380065918,-4.282685279846191,-1.1125340461730957,-16.987886428833008,-0.9651021957397461,0.24082517623901367,2.7148711681365967,-0.277144193649292,0.318025678396225,-2.3182334899902344,-0.6228083372116089,0.021684397011995316,-2.375063896179199,-0.6513503193855286,-0.455199658870697,-5.745151519775391,0.7877054810523987,-3.521592378616333
474,-17.026721954345703,0.336026132106781,0.31926053762435913,3.6276607513427734,-0.02169114351272583,0.07036757469177246,21.183658599853516,-9.49859619140625,5.424369812011719,-2.5447845458984375,-0.6163672804832458,0.32059526443481445,1.070436716079712,0.059755757451057434,0.14321736991405487,1.3559786081314087,-0.43431225419044495,1.3727890253067017,-0.06524129211902618,-1.4659638404846191,-1.4911240339279175,-11.742501258850098,0.23312506079673767,-3.027373790740967
475,-21.296043395996094,7.263728618621826,-1.8723745346069336,2.1390762329101562,0.027935326099395752,-0.15626168251037598,34.00836944580078,-12.196380615234375,15.290287017822266,21.581756591796875,0.31684738397598267,0.10126590728759766,-1.1510250568389893,0.6203654408454895,0.2831628620624542,9.099605560302734,0.25941771268844604,0.3746653199195862,1.9051743745803833,-1.3263355493545532,-0.19884487986564636,-11.125959396362305,-0.5754695534706116,-1.8958666324615479
476,-20.08713150024414,1.0909814834594727,-0.41603171825408936,-15.488052368164062,-0.1864910125732422,-0.06699228286743164,18.990951538085938,3.3236424922943115,2.138375759124756,24.902769088745117,0.8075370788574219,0.0986330509185791,-1.1081831455230713,0.0993056669831276,-0.16104787588119507,7.269686698913574,2.908015012741089,-0.4537585973739624,0.9401661157608032,-1.149174690246582,-0.8543292284011841,1.096503496170044,-4.054518699645996,4.565120697021484
477,-21.075725555419922,-5.397855758666992,3.4207234382629395,-5.788372039794922,-0.8382034301757812,-0.013228654861450195,38.11349868774414,-25.42783546447754,31.344520568847656,-71.32601165771484,8.74117660522461,3.0764477252960205,-1.8685767650604248,0.550645112991333,-0.41946712136268616,7.251015663146973,1.2850359678268433,-1.0023646354675293,0.48055729269981384,0.48603129386901855,-0.3423161208629608,2.2754032611846924,-3.0398175716400146,-0.2392522692680359
478,-28.18931770324707,-1.4627165794372559,2.3639514446258545,-8.62432861328125,-0.673019528388977,0.038947343826293945,48.18992614746094,-33.935733795166016,45.53996276855469,-64.34664916992188,14.19917106628418,5.508839130401611,-2.3777153491973877,0.08502569049596786,-0.5152031779289246,5.452639102935791,1.1660375595092773,-1.4544563293457031,1.1720659732818604,0.24596698582172394,-0.32656413316726685,1.421276569366455,-2.606743574142456,0.006908044219017029
479,-16.645320892333984,-0.3363286256790161,2.3001575469970703,-9.223166465759277,-0.6038188934326172,0.09757089614868164,25.987369537353516,-27.224864959716797,32.08747100830078,-59.22529220581055,16.282564163208008,6.043001174926758,-2.6925809383392334,0.2483532875776291,-0.007040051743388176,2.3214666843414307,0.8148812651634216,-1.1957504749298096,1.4971683025360107,0.3206585645675659,-0.2569122612476349,0.5269343256950378,-2.1630632877349854,-0.021021336317062378
480,-5.572515487670898,-2.5338525772094727,1.6298370361328125,-0.8491122722625732,-0.3873929977416992,0.09306716918945312,17.424894332885742,-31.108232498168945,34.85697937011719,-74.55110168457031,15.940791130065918,5.287854194641113,-2.2852323055267334,-0.16898004710674286,-0.07431857287883759,0.14203138649463654,-0.3673590421676636,-1.0815337896347046,2.1553080081939697,0.2626017928123474,-0.16914448142051697,-0.38013482093811035,-1.8391104936599731,0.29381710290908813
481,-13.220046997070312,-0.7877618074417114,2.5910754203796387,2.3275890350341797,-0.20610249042510986,0.05090534687042236,27.19440269470215,-33.23252487182617,35.17555236816406,-61.7369384765625,20.0,7.194307327270508,-2.07989501953125,-0.19126716256141663,0.42771512269973755,-1.1274152994155884,-0.49304434657096863,-0.8943539261817932,2.8700554370880127,0.1930651217699051,-0.14550551772117615,-1.1776256561279297,-1.4086787700653076,-0.007714897394180298
482,10.660344123840332,2.709920883178711,-2.5934650897979736,5.938104629516602,0.06100344657897949,0.10416007041931152,-13.103093147277832,-27.776643753051758,25.53193473815918,-63.08219528198242,15.253726959228516,8.027822494506836,-1.1981126070022583,0.05132099241018295,0.29542791843414307,-2.2898411750793457,-1.1939163208007812,-0.7299559712409973,3.0773367881774902,0.4179750084877014,-0.059858229011297226,-1.921581745147705,-1.103622555732727,-0.0021198391914367676
483,10.520370483398438,-0.11398881673812866,-0.034414052963256836,5.646452903747559,0.23078185319900513,0.09031400084495544,-10.469622611999512,-19.79156494140625,17.395309448242188,-51.806941986083984,16.295635223388672,10.261452674865723,0.12600646913051605,-0.0642123818397522,0.19761204719543457,-4.175673961639404,-0.44473567605018616,-0.11084365844726562,3.5799872875213623,0.3336462378501892,-0.1931523084640503,-2.5415282249450684,-0.7743210196495056,-0.22917336225509644
484,14.454254150390625,7.054649353027344,-5.574422359466553,3.6105918884277344,-0.10865092277526855,0.11389660835266113,-23.68378257751465,-15.132612228393555,7.928446292877197,-27.215606689453125,14.39322280883789,5.947569847106934,1.537196397781372,0.22002172470092773,-0.2068958282470703,-7.398476600646973,-1.5858806371688843,0.6574277877807617,3.2419419288635254,0.3206731677055359,-0.1007702499628067,-2.161531925201416,-1.055692195892334,2.709679365158081
485,32.268611907958984,12.415179252624512,-9.891437530517578,10.042724609375,0.29897165298461914,0.12195801734924316,-42.37668991088867,-4.724249362945557,-1.4498640298843384,1.955434799194336,1.2609567642211914,0.05176258087158203,2.9333033561706543,0.467120498418808,-0.43256819248199463,-9.871938705444336,-1.803510069847107,1.9601303339004517,-0.6061351299285889,-0.17798994481563568,-0.11478561162948608,4.972668647766113,2.6347110271453857,4.4964752197265625
486,45.812801361083984,5.162330150604248,-22.97201156616211,-36.23277282714844,6.332191467285156,-7.743767738342285,-51.88833236694336,11.176485061645508,-7.9651780128479,-6.012977600097656,-0.6097598075866699,-0.41654348373413086,1.7384270429611206,-1.0461714267730713,-0.77292799949646,0.025100544095039368,-1.8787215948104858,-0.32771217823028564,-3.8886799812316895,0.1660846322774887,0.6249088644981384,11.40145492553711,3.128100633621216,3.1413843631744385
487,38.591888427734375,14.387434959411621,-25.783634185791016,-69.56192779541016,7.391193866729736,4.9849934577941895,-47.04261016845703,13.447568893432617,-9.625225067138672,-15.09548568725586,-1.0362186431884766,-0.4401519298553467,1.7488350868225098,-0.35076892375946045,0.23290404677391052,-0.8876782655715942,-1.239762544631958,0.0567229725420475,-5.4634690284729,1.365067720413208,1.282057762145996,10.081571578979492,4.264162540435791,-0.7660135626792908
488,20.62194061279297,19.45297622680664,-27.684650421142578,-57.472747802734375,7.165922164916992,5.755745887756348,-25.24934196472168,0.23987865447998047,-3.4727258682250977,-17.324726104736328,-1.288088321685791,0.013309001922607422,2.4569642543792725,-0.3450445532798767,0.32486289739608765,-1.9258918762207031,-0.8414281606674194,-0.00955260545015335,-5.423202991485596,1.4434505701065063,0.8859105110168457,5.585416316986084,3.2669825553894043,-2.075275421142578
489,-5.098835468292236,15.470060348510742,-19.771793365478516,-38.85987854003906,4.230776786804199,5.325146198272705,-2.2249393463134766,-12.295658111572266,2.0554795265197754,-17.295820236206055,-1.1939990520477295,0.19359064102172852,2.571411371231079,-0.4715450704097748,0.32388371229171753,-2.607987642288208,-0.4171231985092163,0.049264565110206604,-4.566030979156494,-0.0435064360499382,-0.13402944803237915,-0.9427109956741333,2.035410165786743,-2.5524110794067383
490,-25.437726974487305,3.4412429332733154,-5.192231178283691,-10.379225730895996,2.7412495613098145,1.8618738651275635,27.841960906982422,-10.960639953613281,3.9878320693969727,-15.596916198730469,-1.0757505893707275,0.22672367095947266,2.6140952110290527,-0.4045013189315796,-0.1644502878189087,-2.7759857177734375,-0.38584405183792114,0.7815499901771545,-1.0503807067871094,-1.097784399986267,-1.2558923959732056,-10.80118465423584,1.4233824014663696,-3.243940591812134
491,-17.98653793334961,3.5231194496154785,0.3736603260040283,10.00827407836914,0.13080936670303345,-0.07671689987182617,35.26465606689453,-18.232376098632812,16.31270408630371,12.282066345214844,-0.1998993158340454,0.17126226425170898,-0.02267931029200554,0.22042647004127502,0.48493388295173645,7.398408889770508,0.08890467882156372,0.8016874194145203,2.074025869369507,-1.8320175409317017,-0.7904648184776306,-13.824318885803223,0.46757981181144714,-2.1100099086761475
492,-19.618331909179688,8.37974739074707,-4.522305011749268,-11.196590423583984,-0.06595945358276367,-0.08080059289932251,19.81732940673828,2.5975708961486816,3.893526792526245,31.543954849243164,0.6542352437973022,0.05833292007446289,-0.4107314348220825,0.24615317583084106,-0.031137017533183098,8.075307846069336,2.666027784347534,-0.3144003748893738,1.9725230932235718,-1.4252078533172607,-0.4442993104457855,-7.73615837097168,-0.9544863104820251,-2.061230421066284
493,-26.79993438720703,0.8603427410125732,0.017845571041107178,-15.479511260986328,-0.9074838161468506,-0.0002086162567138672,24.97277069091797,-5.43400239944458,12.187233924865723,-34.915870666503906,8.162367820739746,-13.793000221252441,-1.3939369916915894,0.942263662815094,-0.13088443875312805,6.532339096069336,1.3724610805511475,-0.8329890966415405,-0.2489069402217865,0.48883429169654846,-0.22306343913078308,3.1084861755371094,-3.039839267730713,-0.9901513457298279
494,-33.421539306640625,-7.338764190673828,4.885851860046387,-9.890356063842773,-0.7048671245574951,-0.0041468143463134766,53.58185577392578,-24.52249526977539,39.18075942993164,-57.0164794921875,10.022114753723145,0.23336845636367798,-2.3244271278381348,-0.04035584628582001,-0.7176787853240967,4.6520161628723145,1.7041184902191162,-1.6657253503799438,0.42790818214416504,0.09956982731819153,-0.2506523132324219,2.1725656986236572,-2.979646921157837,-0.12275061011314392
495,-26.801687240600586,-0.2823789417743683,3.1026394367218018,-2.039691925048828,-0.6010143756866455,0.11386775970458984,49.83769607543945,-39.3341178894043,50.79722595214844,-62.556522369384766,16.645112991333008,4.325506687164307,-3.5584421157836914,0.06197182834148407,-0.07630987465381622,5.0063323974609375,1.0894478559494019,-1.1580564975738525,0.8690187931060791,0.020982742309570312,-0.17491045594215393,1.3481003046035767,-2.524932861328125,0.08448520302772522
496,-13.067445755004883,-2.0177688598632812,2.868922472000122,-1.4499034881591797,-0.38064074516296387,0.04118227958679199,38.23173904418945,-31.552461624145508,44.7742805480957,-66.07987976074219,16.012887954711914,5.170269012451172,-3.386136293411255,0.006490647792816162,0.5260365009307861,4.02802848815918,0.5280230045318604,-1.2504539489746094,1.8209573030471802,-0.01605074107646942,-0.04300028458237648,0.5379166007041931,-2.301565408706665,0.1941966414451599
497,-10.158233642578125,2.6209001541137695,-2.7121167182922363,-9.853654861450195,-0.5225080251693726,0.14903593063354492,23.689502716064453,-24.338153839111328,33.71418380737305,-60.364830017089844,18.210872650146484,6.885786533355713,-2.676271915435791,0.19424864649772644,0.08728981018066406,-0.814236044883728,0.5853492021560669,-1.2489086389541626,2.6659507751464844,0.28733542561531067,-0.06430865079164505,-0.6798173189163208,-1.7662445306777954,-0.07506495714187622
498,2.279052734375,-3.0036532878875732,2.2917871475219727,5.437221527099609,-0.1903340220451355,0.10639536380767822,5.263004302978516,-26.88225746154785,29.5172176361084,-68.41317749023438,18.771778106689453,10.9111967086792,-2.004309892654419,0.10174217820167542,0.3600759506225586,-2.109233856201172,-0.5109104514122009,-0.5416209697723389,3.1874845027923584,0.34512609243392944,0.010512478649616241,-1.6124637126922607,-1.3304835557937622,-0.13472110033035278
499,11.361528396606445,-0.8445633053779602,-0.09009259939193726,7.172296524047852,0.06540846824645996,0.056951284408569336,-14.947381973266602,-24.78519630432129,20.6689395904541,-60.463897705078125,17.37676239013672,11.634370803833008,-1.194955587387085,-0.02847396768629551,0.14420945942401886,-3.3089253902435303,-1.0871585607528687,-0.2792165279388428,3.388765573501587,0.3502127230167389,-0.07143896818161011,-2.3629918098449707,-0.9469473958015442,-0.23235780000686646
500,15.538213729858398,2.9363820552825928,-1.9748473167419434,6.182075500488281,0.13204407691955566,0.054534077644348145,-16.134824752807617,-18.884769439697266,15.412690162658691,-35.09107971191406,14.967873573303223,8.39337158203125,0.5488003492355347,-0.01303932722657919,0.40333670377731323,-5.4780497550964355,-1.4748936891555786,0.1600722223520279,3.599494218826294,0.16357317566871643,0.11750048398971558,-2.302751064300537,-1.0891460180282593,1.106131672859192
501,16.3349552154541,7.1706390380859375,-6.70778751373291,4.549278259277344,0.14012646675109863,0.10387492179870605,-26.229869842529297,-7.98162841796875,-0.8631225824356079,-11.984166145324707,14.030783653259277,3.945291042327881,1.6664464473724365,0.2524125576019287,-0.3331831991672516,-8.608809471130371,-0.968428373336792,0.7573342323303223,2.376309633255005,0.13226625323295593,-0.030461672693490982,-0.7857628464698792,-0.6644830703735352,3.4053492546081543
502,46.9831428527832,8.699210166931152,-8.373205184936523,16.984508514404297,0.5047924518585205,0.11352825164794922,-51.319454193115234,2.632840156555176,-6.019654750823975,0.6052169799804688,0.9184179306030273,-0.11530208587646484,3.6236674785614014,0.19284585118293762,-0.652106523513794,-9.975918769836426,-0.9286105036735535,2.3213133811950684,-1.998702049255371,-0.08878166973590851,0.02429172210395336,8.584053993225098,4.535185813903809,4.071476936340332
503,50.746578216552734,14.792880058288574,-18.560314178466797,-37.9532356262207,6.077090740203857,0.7317996025085449,-49.0936164855957,4.75190544128418,-2.418929100036621,-10.928665161132812,-1.1304922103881836,-0.4383234977722168,1.6171504259109497,-0.28030526638031006,0.33886346220970154,0.2658464312553406,-1.8565623760223389,-0.0012190863490104675,-4.452425956726074,0.21626046299934387,1.331449270248413,12.260407447814941,3.447699546813965,2.9032256603240967
504,40.34231185913086,19.091079711914062,-29.795610427856445,-54.86923599243164,9.871471405029297,4.905130386352539,-47.15066146850586,9.78185749053955,-8.46178150177002,-19.314502716064453,-1.377279281616211,-0.4483335018157959,1.8195343017578125,-0.2987845540046692,0.34140875935554504,-0.5183448195457458,-1.5829507112503052,0.030431590974330902,-5.922079563140869,1.3585326671600342,1.493157148361206,9.31389045715332,3.076218843460083,-1.5274138450622559
505,17.238388061523438,16.42051124572754,-28.251462936401367,-59.05817413330078,7.9252166748046875,5.395533084869385,-22.729692459106445,-2.534863233566284,-2.1045126914978027,-19.118202209472656,-1.2972819805145264,0.06673383712768555,2.4490506649017334,-0.743507444858551,0.320889949798584,-1.8143709897994995,-0.9367515444755554,0.09881850332021713,-5.723045349121094,0.48110854625701904,1.0367088317871094,3.7696845531463623,1.8119930028915405,-3.036841630935669
506,-6.642210960388184,5.752348899841309,-13.140432357788086,-30.079959869384766,4.69318151473999,4.095951557159424,4.7469329833984375,-6.802354335784912,-2.112154006958008,-20.141143798828125,-1.0465750694274902,0.34852075576782227,2.8386471271514893,-0.51478111743927,0.38794368505477905,-2.5024759769439697,-0.6285586953163147,0.07879989594221115,-3.9260544776916504,-0.4510557949542999,-0.43551596999168396,-5.1967267990112305,2.7499027252197266,-3.25933837890625
507,-23.25293731689453,2.172297239303589,-2.1445083618164062,0.37711477279663086,1.6315522193908691,0.7026904821395874,31.6276798248291,-8.883752822875977,3.7922024726867676,-2.522785186767578,-0.8269128799438477,0.3671102523803711,1.8460346460342407,-0.45528608560562134,-0.3896409571170807,-0.5419907569885254,-0.19509746134281158,0.8301634192466736,-0.5551571846008301,-1.2553986310958862,-1.7284008264541626,-11.904766082763672,1.3573788404464722,-2.241483449935913
508,-22.371614456176758,9.395943641662598,-1.7298405170440674,6.098949432373047,0.026630401611328125,-0.0925740897655487,42.148128509521484,-17.2326602935791,17.602191925048828,18.501724243164062,-0.006267964839935303,-0.0022134780883789062,-0.7220247983932495,0.9052796959877014,0.36904847621917725,9.259330749511719,0.39335474371910095,0.23353447020053864,2.914276123046875,-1.7004587650299072,-1.4360203742980957,-14.118678092956543,0.10994773358106613,-2.225844621658325
509,-28.052453994750977,7.589182376861572,-3.74381947517395,-19.28577423095703,-0.24297761917114258,-0.007359325885772705,23.468143463134766,5.387135028839111,3.9336044788360596,37.259639739990234,1.24337637424469,0.06965303421020508,-0.8187198638916016,0.4103687107563019,-0.1596510410308838,6.695741176605225,3.3193678855895996,-0.2068733423948288,1.4276694059371948,-0.9468027353286743,-0.03378933668136597,-2.779865264892578,-5.356125354766846,0.6932061314582825
510,-18.717134475708008,-8.882914543151855,4.288642406463623,-6.819902420043945,-0.8923397064208984,-0.056532859802246094,28.125892639160156,-17.962257385253906,21.76769256591797,-61.09439468383789,8.079079627990723,-0.705058217048645,-1.9551945924758911,0.3995349705219269,-0.6102644205093384,6.637667179107666,1.2440505027770996,-1.2518659830093384,0.10459311306476593,0.4519027769565582,-0.12405063956975937,3.1369571685791016,-3.498302459716797,-0.0970463752746582
511,-21.081466674804688,-3.028616189956665,3.7773149013519287,-3.343708038330078,-0.4713926315307617,0.04782247543334961,44.37729263305664,-33.467777252197266,47.07847213745117,-71.18895721435547,14.026878356933594,3.853490114212036,-2.806520938873291,0.07289772480726242,-0.5690332055091858,6.730691909790039,1.3127732276916504,-1.5756534337997437,0.7329518795013428,0.07600262761116028,-0.31061872839927673,2.1851463317871094,-3.031949520111084,-0.14745132625102997
512,-24.256250381469727,0.027794361114501953,2.6043457984924316,-7.27692985534668,-0.5891118049621582,0.10278129577636719,48.16096496582031,-39.28655242919922,51.23955535888672,-67.98629760742188,17.789138793945312,5.828675270080566,-3.112926959991455,0.1255122572183609,0.22265024483203888,4.6097025871276855,1.4242368936538696,-1.2245829105377197,1.498260259628296,0.10975818336009979,0.0019054412841796875,1.2316408157348633,-2.641685962677002,0.2173844277858734
513,-14.281935691833496,1.1885100603103638,-0.5657268762588501,-7.762455940246582,-0.6395919322967529,0.09136033058166504,30.58240509033203,-29.814056396484375,36.37690734863281,-62.32490158081055,20.0,4.579749584197998,-2.988311767578125,0.19914808869361877,0.08716747909784317,1.1915937662124634,0.6606721878051758,-1.5682910680770874,2.2106499671936035,0.23305785655975342,0.01662633568048477,0.2036348283290863,-2.208893060684204,0.17668811976909637
514,0.9973907470703125,-1.497408151626587,0.27367252111434937,-0.9248542785644531,-0.3816494941711426,0.16074156761169434,6.102158546447754,-31.00821876525879,36.61337661743164,-77.14817810058594,17.785987854003906,6.310233116149902,-2.121946096420288,-0.2611299157142639,-0.025154462084174156,-2.1131443977355957,-0.598606288433075,-1.1315404176712036,2.804790735244751,0.14975671470165253,0.20957042276859283,-0.8131359815597534,-1.8281242847442627,0.25586777925491333
515,0.3592681884765625,-2.0970873832702637,2.687133312225342,7.450146675109863,0.02053391933441162,0.07580029964447021,8.694665908813477,-22.567607879638672,25.625200271606445,-71.08760070800781,17.91657829284668,7.5066938400268555,-1.3312073945999146,0.05672082304954529,0.16250823438167572,-2.9274959564208984,-0.7993615865707397,-0.5822222232818604,3.5581886768341064,0.27322590351104736,-0.06197473034262657,-1.8295680284500122,-1.3299764394760132,0.14843374490737915
516,9.649467468261719,-0.13350272178649902,-0.48922592401504517,6.9750871658325195,0.07930278778076172,0.08794958889484406,-16.4068546295166,-20.948352813720703,17.905366897583008,-56.91303634643555,15.415677070617676,8.869861602783203,-0.5632866621017456,0.11838364601135254,0.040445633232593536,-4.271649360656738,-1.0961710214614868,0.09842032939195633,3.586796998977661,0.4207151234149933,-0.07535012066364288,-2.5142252445220947,-0.9112550020217896,-0.004714310169219971
517,11.020695686340332,3.5632805824279785,-2.682417154312134,3.7609901428222656,0.028260231018066406,0.05764293670654297,-16.13482666015625,-14.745152473449707,9.1281099319458,-19.69715690612793,16.461740493774414,4.85353946685791,0.8236700892448425,-0.013181542977690697,0.04798825457692146,-7.286773681640625,-1.0160754919052124,0.7952835559844971,3.2654855251312256,0.1650422364473343,0.17122358083724976,-1.9269224405288696,-1.2005763053894043,2.2669684886932373
518,34.93732452392578,9.874958992004395,-8.63860034942627,9.831012725830078,0.2412712574005127,0.07808089256286621,-39.320674896240234,-1.1332597732543945,-4.866264343261719,0.016698837280273438,7.66067361831665,1.9389991760253906,2.9717960357666016,0.2631978392601013,-0.43166810274124146,-10.56529712677002,-1.2020632028579712,1.6527940034866333,0.22147518396377563,-0.22660091519355774,-0.09674455970525742,3.0165767669677734,1.635026216506958,3.9656596183776855
519,49.938323974609375,13.01146125793457,-16.62169075012207,-37.28909683227539,2.4222617149353027,-11.301905632019043,-48.309486389160156,6.164343357086182,-5.900302886962891,-1.5521621704101562,-0.28583288192749023,-0.3264498710632324,2.398239850997925,-0.13542011380195618,0.2663915157318115,-0.21141044795513153,-1.96247136592865,0.2233339548110962,-2.894160032272339,-0.15870431065559387,0.507034420967102,10.589022636413574,3.1298530101776123,3.6135833263397217
520,41.39409637451172,19.110809326171875,-25.470928192138672,-57.828697204589844,8.22396469116211,5.249072551727295,-48.89488220214844,12.937289237976074,-8.276997566223145,-13.494010925292969,-1.0429692268371582,-0.46262693405151367,2.373119831085205,-0.40152037143707275,0.3523704409599304,-0.734495997428894,-1.5460965633392334,0.09511078894138336,-4.8938164710998535,1.1460896730422974,1.5591579675674438,10.568135261535645,3.6241631507873535,0.38204166293144226
521,12.649100303649902,14.539396286010742,-28.04753303527832,-61.546546936035156,8.408214569091797,5.525876045227051,-27.09073257446289,5.864119052886963,-5.720649719238281,-17.617965698242188,-1.093435287475586,-0.10541844367980957,2.232938528060913,-0.36597251892089844,0.34493008255958557,-1.507789969444275,-1.043487310409546,0.07803595811128616,-5.695309162139893,1.555348515510559,1.1603262424468994,6.1711015701293945,4.24837589263916,-1.4493595361709595
522,-11.59640121459961,19.517620086669922,-25.36833381652832,-53.87010955810547,4.43289852142334,4.712443828582764,4.894405364990234,-12.386551856994629,2.632309913635254,-16.727304458618164,-1.328922986984253,0.09243106842041016,2.873448610305786,-0.5352613925933838,0.25480833649635315,-2.6868019104003906,-0.5401572585105896,0.13935257494449615,-3.9190664291381836,0.16166816651821136,0.31349387764930725,-0.7444599270820618,1.2930498123168945,-2.5205299854278564
523,-17.735048294067383,4.699590682983398,-8.311559677124023,-21.858192443847656,2.502143383026123,4.189279556274414,11.87447738647461,-2.991600513458252,-2.1467700004577637,-9.076889038085938,-0.7035675048828125,0.2744560241699219,2.6299309730529785,-0.26785001158714294,0.09091869741678238,-2.700122833251953,-0.43288835883140564,0.04338483512401581,-2.2365784645080566,-0.5592907667160034,-1.234176516532898,-6.978790283203125,1.2032036781311035,-3.0680530071258545
524,-28.50704002380371,4.383548259735107,-0.7599076628684998,1.044900894165039,-0.1477861851453781,0.05732560157775879,33.07456588745117,-11.062053680419922,9.369342803955078,4.453395843505859,-0.3170095682144165,0.19598770141601562,0.6212885975837708,0.11856883764266968,-0.1210671067237854,0.8545532822608948,0.02216670848429203,1.0147451162338257,0.47176042199134827,-1.2653799057006836,-1.376946210861206,-11.613737106323242,0.4991888105869293,-2.9915554523468018
525,-11.18989086151123,5.155582427978516,-0.9579066634178162,6.092109680175781,0.07318868488073349,-0.13058163225650787,31.90930938720703,-12.831168174743652,13.600342750549316,22.36730194091797,0.3603062629699707,0.14615726470947266,-0.7277771234512329,0.6200656294822693,0.2599060833454132,9.082352638244629,0.12482372671365738,0.03674282878637314,2.595897674560547,-1.5239059925079346,-0.6563333868980408,-9.891205787658691,-1.140754222869873,-1.7591743469238281
526,-24.578792572021484,7.123286247253418,-3.34635853767395,-16.000391006469727,-0.2734408378601074,-0.014269351959228516,20.93458366394043,-3.319884777069092,6.9812211990356445,22.696643829345703,0.8401454091072083,0.06306576728820801,-1.2343286275863647,0.33171346783638,-0.27011948823928833,7.749236106872559,2.337368965148926,-0.7570839524269104,2.4830591678619385,-1.345795750617981,0.4794180691242218,-6.298831939697266,0.2954573631286621,-0.8573905229568481
527,-24.581207275390625,-3.3641886711120605,1.1246604919433594,-14.872446060180664,-0.8248004913330078,0.04871487617492676,32.91312026977539,-10.252103805541992,13.395339965820312,-44.01112365722656,8.53084945678711,-1.0352091789245605,-1.9238617420196533,1.0987824201583862,-0.7524123787879944,4.985206604003906,1.8506335020065308,-1.1843831539154053,-0.005674466490745544,0.43393033742904663,-0.5405701994895935,2.8498260974884033,-3.20635986328125,-0.215000182390213
528,-17.14935874938965,-6.3249664306640625,5.526593208312988,-2.0256690979003906,-0.5920500755310059,0.019082307815551758,38.09822082519531,-35.22357177734375,44.448577880859375,-63.43095397949219,10.433140754699707,3.0132675170898438,-2.266256332397461,-0.008803142234683037,-0.7446603775024414,4.542434215545654,0.5248480439186096,-1.6722031831741333,0.6732326149940491,-0.09524348378181458,-0.3471786081790924,2.2757956981658936,-3.075244903564453,-0.2789236009120941
529,-26.801488876342773,-2.4754579067230225,3.9371237754821777,-3.692272186279297,-0.45147931575775146,0.08160972595214844,49.53223419189453,-29.600872039794922,49.87643814086914,-71.95233917236328,15.959573745727539,4.596639633178711,-2.8388986587524414,0.09121794253587723,-0.13288161158561707,3.347083568572998,0.8118546605110168,-1.7024363279342651,1.5178353786468506,-0.054436251521110535,-0.3468310832977295,1.115858793258667,-2.564201593399048,-0.10163694620132446
530,-4.782932281494141,-3.571096420288086,2.404250144958496,2.3333778381347656,-0.2306269407272339,0.12625980377197266,17.552963256835938,-31.09128189086914,46.043190002441406,-80.6744155883789,14.917501449584961,4.951865196228027,-2.7366552352905273,-0.2431238293647766,0.31754493713378906,2.713679790496826,-0.019544225186109543,-1.3780701160430908,2.0033817291259766,0.06682032346725464,0.015634238719940186,0.2173154205083847,-2.225270986557007,0.326687216758728
531,-8.059865951538086,-1.7101776599884033,2.348832130432129,-2.7322659492492676,-0.18989765644073486,0.10588252544403076,16.578060150146484,-24.41084098815918,31.969390869140625,-67.70864868164062,16.590450286865234,6.263786792755127,-2.5613303184509277,-0.0353635773062706,0.8933700323104858,0.22881865501403809,0.6200499534606934,-0.7691501379013062,2.4409408569335938,0.19018879532814026,0.05331004410982132,-0.7058451771736145,-1.673656940460205,0.26906535029411316
532,-3.1544265747070312,5.11458683013916,-4.596981048583984,-1.2801179885864258,-0.43667685985565186,0.1287977695465088,11.844832420349121,-32.78901672363281,29.427358627319336,-59.8504753112793,19.580530166625977,5.980207920074463,-1.6061919927597046,0.13951942324638367,0.10098419338464737,-2.808795690536499,-0.7889896035194397,-0.6750260591506958,3.1955177783966064,0.4289603531360626,-0.021669909358024597,-1.7210618257522583,-1.2021349668502808,0.12236523628234863
533,15.162535667419434,0.07362216711044312,-0.396857887506485,1.4556884765625,-0.06951189041137695,0.11760875582695007,-18.80375862121582,-13.309211730957031,14.36214542388916,-58.37422561645508,13.155634880065918,11.742288589477539,0.4242995083332062,0.10460792481899261,-0.061183929443359375,-7.346169948577881,-1.064171552658081,0.2722127139568329,3.8478574752807617,0.3488994836807251,-0.2507080137729645,-2.758866310119629,-0.8441591858863831,-0.12758946418762207
534,20.600147247314453,7.940550804138184,-7.212413787841797,5.787372589111328,-0.11736297607421875,0.10110044479370117,-28.086334228515625,-4.225090503692627,0.8167272210121155,-5.315621852874756,7.956680774688721,2.4331612586975098,2.5334949493408203,0.3284766674041748,-0.39176931977272034,-11.400690078735352,-2.3534934520721436,0.9903231263160706,2.5374696254730225,0.24112267792224884,0.0361693911254406,-0.7006710171699524,-0.5418739914894104,2.973001003265381
535,39.39229202270508,10.16762638092041,-7.577678680419922,21.60675048828125,0.6971807479858398,0.08204984664916992,-47.33184051513672,-0.05910050868988037,-3.6854822635650635,2.9064369201660156,0.20725202560424805,-0.1887960433959961,3.5004160404205322,0.17176514863967896,-0.0004741847515106201,-3.840390920639038,7.82499885559082,4.708406925201416,-1.6967412233352661,-0.09624098241329193,0.3120240569114685,9.521865844726562,2.5467751026153564,3.9868688583374023
536,42.24356460571289,21.27444839477539,-21.844558715820312,-57.27442932128906,4.821094036102295,5.818356037139893,-47.473541259765625,14.537223815917969,-8.670836448669434,-10.405242919921875,-0.8632106781005859,-0.43057799339294434,2.1413533687591553,-0.19108562171459198,-0.020881932228803635,-0.40328139066696167,-1.6111512184143066,-0.016520962119102478,-3.632326602935791,1.1478687524795532,1.3867640495300293,11.004068374633789,3.09281849861145,1.968583345413208
537,14.15594482421875,12.268579483032227,-21.83697509765625,-70.52867889404297,6.9192399978637695,5.011077880859375,-31.86370277404785,7.018811225891113,-7.038994789123535,-17.005550384521484,-1.0170884132385254,-0.28653526306152344,2.2060728073120117,-0.17963722348213196,0.38847556710243225,-1.4504033327102661,-1.0606839656829834,0.030475780367851257,-4.629421710968018,1.6638530492782593,1.337687373161316,7.557997226715088,4.006327152252197,-0.9233086109161377
538,11.809693336486816,16.788002014160156,-23.115751266479492,-57.856353759765625,4.804881572723389,6.004754066467285,-22.609439849853516,-4.979423522949219,-2.794062852859497,-17.83224105834961,-1.426199197769165,0.07554340362548828,2.614989995956421,-0.3844423294067383,0.5651235580444336,-2.5671396255493164,-0.48509302735328674,0.049259841442108154,-4.640677452087402,0.7053638696670532,0.30706244707107544,2.274984121322632,2.0920333862304688,-2.1313998699188232
539,-10.628734588623047,8.279059410095215,-15.311965942382812,-30.275156021118164,1.6970632076263428,4.039469242095947,4.221019744873047,-7.971889019012451,0.43880796432495117,-16.77412223815918,-1.0448558330535889,0.20589685440063477,2.5966014862060547,-0.3270503878593445,0.26754915714263916,-3.0059118270874023,-0.1766270101070404,0.0686991959810257,-2.9970717430114746,-0.4747631549835205,-1.1554722785949707,-5.596197128295898,2.020892858505249,-2.953845739364624
540,-16.847379684448242,3.6711032390594482,-1.9912066459655762,3.640465259552002,0.0599827766418457,0.09270834922790527,22.254470825195312,-12.065756797790527,8.10173225402832,-3.760021209716797,-0.8764843940734863,0.21484136581420898,1.576958179473877,-0.26631367206573486,-0.5399705767631531,-0.864876925945282,0.23652707040309906,0.9700396060943604,-0.20103426277637482,-1.1617603302001953,-1.5378676652908325,-12.20322322845459,0.6859016418457031,-2.9195704460144043
541,-17.65630531311035,2.195075035095215,1.6601598262786865,6.598423004150391,-0.04300743341445923,-0.1546732783317566,37.810546875,-11.49170207977295,13.973287582397461,22.579288482666016,0.3948512375354767,0.143463134765625,-0.17969469726085663,0.26519885659217834,0.4976721405982971,7.684559345245361,-0.3177187740802765,0.12868323922157288,2.4379217624664307,-1.486276626586914,-0.7381891012191772,-11.44611644744873,0.02286527492105961,-1.6231805086135864
542,-25.8337345123291,9.23448657989502,-4.712635517120361,-13.422607421875,-0.16418790817260742,-0.002892434597015381,21.877992630004883,-3.5287814140319824,7.2012152671813965,27.725109100341797,0.7556852698326111,0.032019853591918945,-1.090519905090332,0.2862553000450134,0.2897774279117584,8.027205467224121,1.8951783180236816,-0.4833085536956787,1.6846997737884521,-1.2716333866119385,0.3094257712364197,-5.409427642822266,-0.5433174967765808,-0.8898811340332031
543,-21.392759323120117,-3.6775875091552734,0.41919970512390137,-12.654415130615234,-0.6835711002349854,0.009058952331542969,29.478469848632812,-11.938961029052734,17.41008949279785,-50.61288833618164,6.342242240905762,-0.2111722230911255,-1.8351479768753052,0.4396805763244629,-0.3742322027683258,6.467182636260986,1.6097906827926636,-1.3288345336914062,-0.3478572964668274,0.23983320593833923,0.030191510915756226,3.238382577896118,-3.3579418659210205,0.07094725966453552
544,-31.275449752807617,-1.0080074071884155,2.1348719596862793,-6.092796325683594,-0.6893939971923828,0.07399320602416992,58.642173767089844,-39.226837158203125,46.76573181152344,-62.78581619262695,13.095528602600098,3.5520942211151123,-2.67199969291687,0.23759958148002625,-0.7607147693634033,5.993250846862793,1.34719979763031,-1.7409687042236328,0.6730723977088928,0.15460649132728577,-0.1786918342113495,1.9855690002441406,-2.8452792167663574,-0.2858431339263916
545,-18.711402893066406,0.8742275238037109,1.3663785457611084,-8.131044387817383,-0.6600629091262817,0.13451743125915527,34.911102294921875,-33.496097564697266,45.44419479370117,-65.27092742919922,12.820472717285156,5.036810874938965,-2.8240606784820557,0.16412127017974854,-0.39984557032585144,3.109042167663574,0.5233679413795471,-1.500780701637268,1.2601548433303833,0.03679719567298889,-0.011642701923847198,1.0579169988632202,-2.4539778232574463,0.19477784633636475
546,-20.55925178527832,-3.0101161003112793,3.0002918243408203,-0.46082592010498047,-0.32810091972351074,0.08209395408630371,40.33631134033203,-30.864160537719727,45.978782653808594,-62.196441650390625,19.51774024963379,6.826210021972656,-3.2828290462493896,-0.08243472874164581,0.003525754436850548,2.3157994747161865,0.7894071936607361,-1.572356939315796,1.8684321641921997,0.0587020218372345,0.1936800479888916,0.22518180310726166,-2.0076465606689453,0.06053820252418518
547,0.03295612335205078,2.1429877281188965,-1.4488252401351929,-2.484036922454834,-0.321912556886673,0.17894673347473145,10.758427619934082,-27.40850257873535,31.15947914123535,-61.698699951171875,17.130033493041992,6.385366916656494,-2.4434425830841064,0.13707728683948517,-0.17231091856956482,-0.6090033650398254,0.10647626966238022,-1.0256743431091309,2.5521998405456543,0.24846982955932617,0.2206440567970276,-0.7206342220306396,-1.65585196018219,0.1454612910747528
548,-0.7696552276611328,-4.81480598449707,5.343087673187256,2.784905433654785,-0.19182825088500977,0.04815599322319031,6.375505447387695,-26.081418991088867,21.06975555419922,-67.00213623046875,17.45673942565918,9.655434608459473,-1.8150259256362915,0.2545716464519501,0.6387222409248352,-2.7350034713745117,-0.3310734033584595,-0.2035112828016281,3.086306095123291,0.22892989218235016,0.17235326766967773,-1.6949518918991089,-1.1570197343826294,0.20903968811035156
549,16.844280242919922,-3.853468418121338,1.7178936004638672,7.31977653503418,0.08269679546356201,-0.013646245002746582,-18.198400497436523,-13.696968078613281,11.631150245666504,-58.89090347290039,12.631949424743652,10.778913497924805,-0.26703375577926636,0.14336036145687103,0.537152111530304,-4.553946018218994,-0.9480655789375305,-0.3761708736419678,3.6764159202575684,0.20541682839393616,-0.13841688632965088,-2.573798179626465,-0.8633608818054199,-0.05425739288330078
550,20.910240173339844,3.903665065765381,-4.087657928466797,1.9740753173828125,-0.003589630126953125,0.14790761470794678,-27.76971435546875,-4.47489070892334,-3.530761957168579,-10.188167572021484,10.71086597442627,3.435145378112793,1.5615943670272827,0.059497322887182236,0.3497837781906128,-8.793807029724121,-1.3295389413833618,0.7886129021644592,2.6242783069610596,-0.11763405054807663,-0.1065078005194664,-0.8666634559631348,-0.7561072111129761,3.174243211746216
551,45.844573974609375,12.351276397705078,-12.048198699951172,13.098655700683594,0.3767099380493164,0.1918044090270996,-51.15916442871094,4.4783525466918945,-6.863248825073242,2.466655731201172,0.2079448699951172,-0.1619091033935547,4.122396945953369,-0.17036664485931396,-0.8093425035476685,-12.151748657226562,-1.4977384805679321,2.745485782623291,-1.573229193687439,-0.2289503812789917,-0.14676858484745026,9.04586410522461,2.739840030670166,4.377115249633789
552,63.14976119995117,7.916607856750488,-13.751880645751953,-29.457805633544922,4.377110958099365,4.0158867835998535,-56.478450775146484,8.482202529907227,-4.903656005859375,-16.246204376220703,-0.8400030136108398,-0.40308094024658203,1.9829282760620117,-0.19446039199829102,0.23827943205833435,0.19796064496040344,-1.8021670579910278,-0.8049765825271606,-4.078721046447754,0.6212174892425537,1.0482850074768066,11.196334838867188,4.507927894592285,3.7206568717956543
553,17.581321716308594,18.11410140991211,-30.0073184967041,-66.67829895019531,8.659586906433105,5.598636150360107,-32.80662536621094,9.657671928405762,-6.25143575668335,-14.960880279541016,-1.3373799324035645,-0.5889816284179688,1.6323915719985962,-0.2484862208366394,0.1478765308856964,-0.34973853826522827,-1.5276124477386475,0.054082438349723816,-5.392997741699219,1.6143620014190674,1.2295337915420532,8.669524192810059,3.004591941833496,-1.5709148645401
554,-1.3712959289550781,12.667200088500977,-23.888212203979492,-68.96395111083984,6.542921543121338,5.640634059906006,-9.660343170166016,2.7611889839172363,-4.647543907165527,-15.97127914428711,-0.8764653205871582,0.1040043830871582,2.183239221572876,-0.3465448021888733,0.20603534579277039,-1.5985814332962036,-0.9365361332893372,0.07354738563299179,-4.685245513916016,1.4120962619781494,0.5837156772613525,3.12454891204834,3.9033610820770264,-2.8379554748535156
555,0.6949129104614258,16.036401748657227,-20.878211975097656,-45.843021392822266,4.517441749572754,5.454242706298828,-6.868207931518555,-8.80077075958252,-1.5340380668640137,-13.262202262878418,-1.4402048587799072,0.31017541885375977,2.646648645401001,-0.3602803945541382,0.247250497341156,-2.49764347076416,-0.49626997113227844,-0.007568709552288055,-3.654162883758545,-0.013130106963217258,-1.0141724348068237,-2.6239964962005615,0.7860671281814575,-3.377742290496826
556,-28.89925765991211,10.596746444702148,-6.027332782745361,-8.87879753112793,0.30223774909973145,1.635321021080017,29.442602157592773,-16.650634765625,11.15650749206543,-6.062870025634766,-0.6827661991119385,0.20438337326049805,1.8477532863616943,-0.288591593503952,-0.09466259926557541,-1.8494665622711182,-0.4743591547012329,1.0983185768127441,-0.9062678217887878,-1.10387122631073,-0.856533944606781,-9.122932434082031,-0.9180980920791626,-3.6492972373962402
557,-25.135494232177734,0.843998908996582,1.5615339279174805,5.559770584106445,0.01653355360031128,-0.15306514501571655,42.10680389404297,-14.002758979797363,13.419146537780762,9.413768768310547,0.16746678948402405,0.2648286819458008,-0.4818551540374756,0.21922825276851654,0.3317353427410126,6.087797164916992,-0.1757323145866394,0.33094194531440735,2.7109148502349854,-1.6784722805023193,-0.6278572678565979,-13.73787784576416,-0.13263173401355743,-2.286724805831909
558,-20.532550811767578,5.434304237365723,-2.166508913040161,-9.46531867980957,-0.02976202964782715,-0.04257774353027344,22.153648376464844,1.8178319931030273,4.479481220245361,31.840044021606445,0.8651772141456604,0.10087156295776367,-1.182407259941101,0.07500382512807846,0.20555144548416138,7.582700252532959,1.9816055297851562,-0.24345970153808594,2.549513101577759,-1.469437837600708,-0.010697904974222183,-7.439078330993652,-0.629350483417511,-1.568585753440857
559,-13.9031400680542,3.1805155277252197,-2.221238613128662,-10.580280303955078,-0.5527331829071045,0.01475679874420166,13.3349609375,-9.09419059753418,17.740875244140625,-36.401771545410156,7.073869705200195,-15.018068313598633,-1.835797905921936,0.5683146119117737,-0.29548799991607666,7.313780307769775,1.3269803524017334,-0.8521738052368164,-0.30893459916114807,0.08357635140419006,-0.35986199975013733,3.4473676681518555,-3.1694154739379883,-1.4890483617782593
560,-15.067869186401367,-1.2331202030181885,1.166800856590271,-4.597442626953125,-0.4048733711242676,0.029098987579345703,35.673194885253906,-28.058002471923828,41.73908615112305,-56.375709533691406,8.473774909973145,4.415403366088867,-1.8067530393600464,0.02756006084382534,-0.5634134411811829,6.80882453918457,1.5995186567306519,-1.5083686113357544,0.36093011498451233,-0.1794712096452713,-0.1803770214319229,3.0222084522247314,-3.4035253524780273,-0.23152801394462585
561,-26.565011978149414,-4.244061470031738,5.047906398773193,-6.995052337646484,-0.6854661703109741,0.06467986106872559,43.425376892089844,-29.65885353088379,45.44105911254883,-76.02753448486328,13.390298843383789,6.142506122589111,-2.6127119064331055,-0.08165866136550903,0.07091690599918365,5.2050886154174805,1.2546247243881226,-1.411193609237671,0.9777766466140747,-0.16815772652626038,-0.053587570786476135,1.7542041540145874,-2.8315610885620117,0.10404267907142639
562,-14.082990646362305,0.7871654033660889,0.392287015914917,-8.531661033630371,-0.643911600112915,0.13346660137176514,24.736371994018555,-29.390474319458008,38.28110885620117,-76.63456726074219,15.078622817993164,8.21627426147461,-2.554953098297119,0.28704702854156494,0.3816281259059906,1.5243250131607056,0.40761664509773254,-0.8785480856895447,1.6058768033981323,0.09234306216239929,-0.03138481080532074,0.4171750843524933,-2.191981315612793,0.14233553409576416
563,-13.15753173828125,-1.5901801586151123,1.154116153717041,0.2272471785545349,-0.3081173896789551,0.05824685096740723,27.690521240234375,-32.96659469604492,41.712554931640625,-68.74369049072266,17.682188034057617,7.837033748626709,-2.4067463874816895,-0.0746494010090828,0.5713517069816589,-0.252591073513031,0.27311474084854126,-0.8654823303222656,2.2485122680664062,0.04032512009143829,0.18530228734016418,-0.41291478276252747,-1.756971001625061,0.10442176461219788
564,-8.80388069152832,-0.8807355165481567,0.32137227058410645,4.7953410148620605,-0.1962953805923462,0.058727264404296875,21.287109375,-29.355365753173828,36.55989074707031,-70.97502136230469,19.701969146728516,9.072361946105957,-2.0453569889068604,-0.08782333880662918,0.4211418926715851,-1.0527465343475342,-0.25761452317237854,-0.976259708404541,3.0306782722473145,0.16657936573028564,0.1477016657590866,-1.443066120147705,-1.2852706909179688,0.02110534906387329
565,8.517091751098633,2.1358494758605957,-2.5533764362335205,1.4329566955566406,-0.1326214075088501,0.14869815111160278,-10.88602352142334,-22.773056030273438,22.40528678894043,-69.43801879882812,17.874971389770508,11.55013370513916,-0.8497441411018372,0.09288289397954941,-0.23156572878360748,-4.3185811042785645,-0.77143394947052,-0.4380739629268646,3.578157901763916,0.37828391790390015,-0.06182771176099777,-2.740535259246826,-0.6982934474945068,-0.15124571323394775
566,11.485998153686523,6.511068820953369,-3.63948130607605,3.2704391479492188,-0.12232160568237305,0.11130231618881226,-18.221097946166992,-15.741217613220215,9.294790267944336,-36.45515060424805,11.778993606567383,8.314168930053711,0.5333696603775024,0.49887582659721375,-0.39288800954818726,-7.69377326965332,-1.4262388944625854,0.3892323672771454,3.54486346244812,0.3611046373844147,-0.2030981034040451,-2.898796558380127,-0.6081749200820923,1.2842522859573364
567,35.669830322265625,7.757328033447266,-7.288941383361816,8.96091079711914,0.14706039428710938,0.12156867980957031,-38.68819046020508,0.5967016816139221,-4.017569065093994,3.1797657012939453,2.5033371448516846,0.6427631378173828,3.289060354232788,0.3598030209541321,-0.5091390609741211,-11.75246524810791,-2.4132449626922607,1.6747993230819702,0.882925808429718,-0.15688931941986084,-0.28736671805381775,2.82865834236145,1.5956867933273315,4.927216529846191
568,34.28965759277344,9.803778648376465,-7.898675441741943,23.074878692626953,0.7204798460006714,0.014802932739257812,-41.8804931640625,-1.2082901000976562,-1.694644570350647,-3.3444442749023438,-0.41356992721557617,-0.4752626419067383,3.3844175338745117,0.4201175272464752,0.031968966126441956,-3.551084518432617,7.11629056930542,4.549226760864258,-2.652284622192383,0.17623388767242432,0.4234769940376282,10.042070388793945,1.6477599143981934,3.836317539215088
569,44.530006408691406,17.757522583007812,-20.53295135498047,-50.18795394897461,4.579881191253662,7.200354099273682,-48.78312683105469,12.147748947143555,-7.435225009918213,-11.818931579589844,-0.7178363800048828,-0.4790233373641968,1.557692527770996,-0.2891026735305786,0.1752166748046875,-0.05378192663192749,-1.629529356956482,0.06671015918254852,-5.011512279510498,0.9442471861839294,1.4193310737609863,11.569598197937012,3.2941462993621826,0.7693114280700684
570,16.245567321777344,13.40483570098877,-24.285219192504883,-60.919403076171875,4.6486663818359375,6.32027006149292,-22.914165496826172,5.636141300201416,-5.774953365325928,-17.879196166992188,-1.0241727828979492,-0.15198493003845215,2.1533031463623047,-0.2412724643945694,0.32612812519073486,-1.1144580841064453,-1.1875802278518677,0.02607540786266327,-4.858076572418213,1.3104920387268066,1.0817290544509888,7.112750053405762,3.6618967056274414,-1.4385902881622314
571,9.837797164916992,8.727476119995117,-16.452709197998047,-42.85802459716797,5.147436618804932,6.429603099822998,-16.81752586364746,0.1474456787109375,-4.659653663635254,-21.41130256652832,-1.4015345573425293,0.1290755271911621,2.4472529888153076,-0.2689656615257263,0.3154700994491577,-1.9711923599243164,-0.7198073267936707,-0.024445265531539917,-4.475282192230225,0.8931366801261902,0.03818337619304657,0.01306985318660736,3.125014066696167,-2.6082651615142822
572,-15.749013900756836,12.412065505981445,-14.612709999084473,-22.25981903076172,0.7724994421005249,4.870085716247559,11.846314430236816,-16.082843780517578,5.967068672180176,-14.381698608398438,-1.4050889015197754,0.19484281539916992,2.3857288360595703,-0.2756098210811615,0.161251038312912,-2.3250679969787598,-0.46939346194267273,0.08559377491474152,-2.3531594276428223,-0.7164232134819031,-0.8526196479797363,-7.959893703460693,0.2448839247226715,-3.3882992267608643
573,-15.422369003295898,3.151918411254883,-0.9987121820449829,6.20518684387207,0.030744075775146484,0.06424307823181152,28.905616760253906,-13.729119300842285,9.01428508758545,5.251171112060547,-0.3511042594909668,0.2548975944519043,0.9970837831497192,0.32551848888397217,0.26200976967811584,3.4339685440063477,-0.8833064436912537,1.277677059173584,0.7638376355171204,-1.5116548538208008,-1.5598036050796509,-12.324363708496094,-1.008682370185852,-3.11553692817688
574,-30.200153350830078,2.8182566165924072,0.541947603225708,-3.4665679931640625,0.050078630447387695,-0.16784310340881348,39.72428512573242,-6.062171459197998,12.973814010620117,27.208463668823242,0.9126057624816895,0.10901594161987305,-1.2134286165237427,0.32052120566368103,0.2721819281578064,9.476544380187988,1.2844502925872803,0.4009862542152405,2.2933316230773926,-1.187497615814209,0.13395357131958008,-9.874528884887695,0.1415465772151947,-2.0430219173431396
575,-25.9757022857666,4.344997882843018,-1.7751641273498535,-19.347612380981445,-0.6171541213989258,-0.05749785900115967,22.226097106933594,-0.7930498123168945,3.6568119525909424,23.83985710144043,0.6496484279632568,0.1447221040725708,-1.162909746170044,-0.20870797336101532,0.0037817470729351044,6.306713581085205,1.9172773361206055,-0.29674145579338074,1.762511968612671,-1.980973720550537,-0.6689249277114868,-1.667785406112671,6.180438995361328,2.2291007041931152
576,-12.447364807128906,-4.993204116821289,1.210301160812378,-3.450145721435547,-0.5206224918365479,-0.012013673782348633,25.9353084564209,-23.603376388549805,33.38794708251953,-74.84795379638672,3.8102192878723145,4.140753269195557,-1.8904085159301758,0.18510684370994568,-0.39340049028396606,6.53782320022583,1.1428619623184204,-1.2057549953460693,-0.030093476176261902,0.2858600616455078,-0.0903138518333435,2.9677934646606445,-3.231821060180664,-0.32637500762939453
577,-20.759632110595703,-3.0323727130889893,4.624118804931641,-3.3088531494140625,-0.4877356290817261,0.031284332275390625,42.71821212768555,-36.20839309692383,42.641990661621094,-67.7961654663086,10.571592330932617,5.835327625274658,-2.4708995819091797,-0.11169740557670593,-0.09891162812709808,6.504631042480469,0.7653384208679199,-1.3332552909851074,0.7121532559394836,-0.08283720165491104,-0.1676863133907318,2.214134931564331,-2.9523239135742188,0.1431443840265274
578,-14.807552337646484,3.935054302215576,-2.7688422203063965,-11.273228645324707,-0.6101139783859253,0.1450519561767578,27.564769744873047,-27.976634979248047,37.56396484375,-68.27102661132812,10.35325813293457,4.298366546630859,-2.091036081314087,0.08274780213832855,-0.4857848584651947,2.3798365592956543,0.2929379642009735,-1.4527339935302734,1.534656286239624,0.15871691703796387,-0.2487136721611023,0.9653407335281372,-2.4028611183166504,-0.03448858857154846
579,-6.972145080566406,0.42974692583084106,1.5319236516952515,-2.329643964767456,-0.30345451831817627,0.1251291036605835,12.703193664550781,-32.91596603393555,37.16807556152344,-76.22359466552734,11.53904914855957,7.116711139678955,-2.0379374027252197,0.09342583268880844,-0.0022277915850281715,-0.17948175966739655,0.0482025146484375,-0.8096803426742554,1.8936518430709839,0.12480420619249344,-0.08931475132703781,0.023803070187568665,-1.996607780456543,0.2958844304084778
580,-8.755219459533691,-2.276277542114258,2.114266872406006,2.3666820526123047,-0.2327784299850464,0.02121591567993164,17.831947326660156,-23.29489517211914,34.08834457397461,-73.23404693603516,12.633356094360352,7.381698131561279,-1.7341498136520386,0.13141119480133057,0.23763063549995422,-1.8436076641082764,-0.29820650815963745,-1.0876080989837646,2.4928138256073,0.2188800424337387,-0.130489319562912,-0.9592363834381104,-1.4815524816513062,0.2776569426059723
581,1.1364154815673828,-5.726967811584473,3.876950979232788,7.339056968688965,0.013970732688903809,0.07121157646179199,-0.3461275100708008,-20.551918029785156,21.698457717895508,-68.95382690429688,14.012445449829102,9.475749015808105,-1.4762067794799805,0.10703155398368835,0.4897162914276123,-2.298872470855713,-0.5394953489303589,-0.4943277835845947,2.7479350566864014,0.42346277832984924,-0.18527302145957947,-1.833612084388733,-0.9775695204734802,0.0889447033405304
582,-3.95513916015625,0.19202497601509094,-0.4066391587257385,2.3539772033691406,-0.16061413288116455,0.06474858522415161,9.355558395385742,-17.21600341796875,19.101255416870117,-39.980262756347656,14.420848846435547,8.280916213989258,-0.5848779082298279,-0.13181516528129578,0.0854654610157013,-4.3893327713012695,-0.7824425101280212,-0.21685130894184113,3.323572874069214,0.3797758221626282,-0.34775659441947937,-2.306347370147705,-0.7215943932533264,-0.2553223967552185
583,8.614774703979492,6.162991523742676,-4.485456466674805,3.7085342407226562,-0.1550309658050537,0.09941637516021729,-15.955975532531738,-20.32942008972168,15.519693374633789,-26.798168182373047,14.327019691467285,5.752922058105469,0.6927489042282104,-0.18992377817630768,-0.02243339829146862,-7.605624198913574,-1.6861426830291748,0.429590106010437,3.0021145343780518,0.29020076990127563,0.0414695106446743,-2.014925479888916,-0.9428832530975342,1.3808953762054443
584,35.396751403808594,10.999544143676758,-8.602978706359863,11.407154083251953,0.3276047706604004,0.11656904220581055,-36.827945709228516,-0.6537008285522461,-3.1696970462799072,1.624619483947754,4.759387493133545,0.9866733551025391,2.9398441314697266,0.12504982948303223,-0.5019464492797852,-10.364070892333984,-1.8678297996520996,1.5592349767684937,0.3657892942428589,0.14591604471206665,-0.09802833199501038,2.6546597480773926,1.328120470046997,3.1014559268951416
585,38.72465133666992,15.018829345703125,-17.967912673950195,-25.76113510131836,-17.055482864379883,-7.274602890014648,-40.07467269897461,-1.4665660858154297,-1.3521349430084229,0.8533477783203125,-0.19100689888000488,-0.23352527618408203,2.2645108699798584,-0.7032709717750549,0.300070196390152,-0.8185157775878906,-1.1883423328399658,7.932629585266113,-3.126430034637451,-0.2717514932155609,0.5390750765800476,11.775165557861328,1.8567562103271484,4.040678977966309
586,36.305885314941406,20.709684371948242,-25.51407241821289,-64.62454223632812,4.748496055603027,5.0237579345703125,-43.29695129394531,13.716022491455078,-8.304786682128906,-14.912979125976562,-0.954277515411377,-0.5352281332015991,1.8564038276672363,-0.3616408407688141,-0.058399129658937454,-0.21907848119735718,-1.550450086593628,0.0008596628904342651,-4.346667289733887,1.119430661201477,1.3763420581817627,10.575787544250488,2.224583625793457,0.14873448014259338
587,-1.9231863021850586,17.829483032226562,-24.113500595092773,-63.7526741027832,4.130168914794922,4.819392681121826,-14.656719207763672,-2.7379021644592285,-0.9165754318237305,-16.032207489013672,-0.7782940864562988,-0.08754348754882812,1.8932894468307495,-0.29915904998779297,0.320384681224823,-1.074665904045105,-1.170825719833374,0.2519185543060303,-4.5655927658081055,1.0315247774124146,1.3895620107650757,6.422370910644531,2.958472490310669,-1.1724199056625366
588,6.01148796081543,9.856674194335938,-21.12125015258789,-65.1893310546875,4.594661712646484,5.4746503829956055,-17.37804412841797,4.100089073181152,-7.8023362159729,-17.90012550354004,-1.2103943824768066,0.15354299545288086,2.4396915435791016,-0.32496386766433716,0.38195693492889404,-2.3781180381774902,-0.45018354058265686,0.01148097962141037,-4.009727478027344,0.5675380825996399,0.04377974197268486,-0.045889779925346375,2.3085315227508545,-2.278250217437744
589,-16.906023025512695,5.426882743835449,-11.736310958862305,-26.877342224121094,0.2957088351249695,4.117875099182129,12.373811721801758,-9.066631317138672,2.292511463165283,-8.74772834777832,-0.7330536842346191,0.22402143478393555,2.5274534225463867,-0.4241461157798767,0.22107800841331482,-2.6627557277679443,-0.3055461347103119,0.10440857708454132,-2.1570098400115967,-0.6393806338310242,-0.8420074582099915,-5.660482406616211,1.6667277812957764,-2.4847960472106934
590,-20.24598503112793,3.7170772552490234,-1.2057057619094849,4.265482425689697,-0.14280390739440918,0.04504251480102539,29.488021850585938,-12.669532775878906,8.068995475769043,-2.1244773864746094,-0.7238255143165588,0.1434164047241211,1.0434565544128418,0.24272027611732483,0.07920218259096146,1.6311932802200317,-1.1209776401519775,0.7909537553787231,1.0068391561508179,-1.4259498119354248,-1.674665927886963,-12.05538272857666,-0.2767627239227295,-3.319732666015625
591,-25.158689498901367,8.43702507019043,-2.530513286590576,0.819976806640625,0.14302849769592285,-0.07896628975868225,36.06008529663086,-12.409565925598145,15.455965042114258,23.770877838134766,0.5672835111618042,0.14538311958312988,-1.3281176090240479,0.8341681361198425,0.20214170217514038,9.205031394958496,0.5922530293464661,0.17876757681369781,2.769104480743408,-1.3112354278564453,-0.42997273802757263,-10.917229652404785,-0.22937552630901337,-1.916022777557373
592,-23.311887741088867,3.827389717102051,-1.2795920372009277,-18.775287628173828,-0.4659085273742676,-0.04751157760620117,18.14401626586914,2.992830753326416,2.8140642642974854,25.649667739868164,0.6464962959289551,0.11979341506958008,-1.37113618850708,0.32027289271354675,0.011397454887628555,6.0751214027404785,1.4838356971740723,-0.5093470811843872,2.187439203262329,-1.1794910430908203,0.6296863555908203,-5.4264678955078125,-1.1427836418151855,-0.6261621713638306
593,-3.327273368835449,-7.97119665145874,2.9855265617370605,-3.697315216064453,-0.2384474277496338,0.007415294647216797,8.315468788146973,-13.62531852722168,15.266138076782227,-58.87868881225586,4.027960777282715,3.843496799468994,-1.8926756381988525,0.47293081879615784,-0.5549068450927734,6.278219699859619,1.9733299016952515,-1.0576287508010864,-0.30310311913490295,0.2850821614265442,-0.1238878071308136,2.8952982425689697,-3.272181987762451,-0.1749144196510315
594,-19.242225646972656,-7.1890997886657715,5.785965442657471,-5.169933319091797,-0.6368565559387207,0.018973588943481445,36.094139099121094,-28.51224708557129,35.066307067871094,-71.1519775390625,10.234560012817383,4.552350997924805,-2.1101603507995605,0.029290277510881424,-0.3923024833202362,5.025319576263428,1.1313310861587524,-1.3039922714233398,0.4162689447402954,0.16149158775806427,-0.2229156196117401,1.8965991735458374,-2.678712844848633,-0.3362245559692383
595,-16.962696075439453,-2.994570732116699,3.4668657779693604,-3.464632034301758,-0.4675027132034302,0.04707741737365723,35.895233154296875,-27.66643524169922,41.41832733154297,-72.31326293945312,11.831926345825195,6.326496601104736,-1.9255802631378174,-0.03545203059911728,0.053016431629657745,3.519045114517212,0.5685200691223145,-1.5798625946044922,1.354271411895752,0.14438308775424957,-0.19482986629009247,0.9347239136695862,-2.3536324501037598,0.05828772485256195
596,-16.392074584960938,-4.269454479217529,3.654791831970215,-3.4183616638183594,-0.38878023624420166,0.10217857360839844,26.097253799438477,-24.50383758544922,37.245357513427734,-74.78424835205078,12.213874816894531,7.649741172790527,-2.108375310897827,-0.18900752067565918,0.43565380573272705,1.4691462516784668,0.5246349573135376,-1.306766152381897,1.9298468828201294,0.21875905990600586,-0.1372174471616745,-0.11919595301151276,-1.8575234413146973,0.16137543320655823
597,-7.89676570892334,0.8481212258338928,-1.0148036479949951,-2.2310752868652344,-0.4078572392463684,0.16884934902191162,10.954238891601562,-34.533992767333984,35.55389404296875,-75.50452423095703,15.802651405334473,10.397461891174316,-1.9505960941314697,-0.38425350189208984,0.09020493924617767,-1.448670744895935,-0.17798064649105072,-0.5831945538520813,2.3614354133605957,0.3254125714302063,-0.07125464081764221,-1.2688361406326294,-1.2403779029846191,0.03336811065673828
598,-2.4524402618408203,-0.8449803590774536,1.770477056503296,8.539861679077148,-0.0035746097564697266,-0.006203293800354004,11.85251235961914,-29.788406372070312,30.268749237060547,-61.507232666015625,17.21803092956543,6.932953357696533,-1.4819644689559937,-0.2525663375854492,0.449535995721817,-1.1053190231323242,-0.8277600407600403,-0.8042853474617004,2.9188711643218994,0.39500102400779724,-0.023624807596206665,-1.895837426185608,-0.9171862602233887,0.0922502875328064
599,1.6657910346984863,6.110414505004883,-3.840430736541748,2.7213869094848633,0.012068390846252441,0.12105411291122437,-3.6126813888549805,-29.62955665588379,27.441770553588867,-50.09551239013672,16.368825912475586,8.823336601257324,-0.9319451451301575,-0.13250914216041565,0.12184572219848633,-2.9381840229034424,-0.5506505370140076,-0.43197816610336304,3.1406145095825195,0.33664271235466003,-0.08157222718000412,-2.531897783279419,-0.5833457112312317,-0.2400200366973877
600,9.351757049560547,6.478409290313721,-3.8298938274383545,1.8223094940185547,-0.04597806930541992,0.128875732421875,-14.873445510864258,-18.95283317565918,13.799954414367676,-34.18418502807617,14.427417755126953,8.089752197265625,0.33488914370536804,0.20445117354393005,0.09932362288236618,-6.179441928863525,-0.5172829031944275,0.6683480143547058,3.005920886993408,0.21820691227912903,-0.014009509235620499,-2.359921455383301,-0.749224066734314,2.373176097869873
601,29.812904357910156,11.069982528686523,-9.977518081665039,5.412811279296875,-0.03132367134094238,0.10901665687561035,-32.80442810058594,-5.603767395019531,-1.0002973079681396,1.0802173614501953,7.064218997955322,1.5147151947021484,2.632333755493164,0.12279929220676422,-0.667229413986206,-10.417226791381836,-1.8710180521011353,1.4579113721847534,0.5494792461395264,-0.3446478843688965,-0.23134584724903107,1.9969161748886108,1.2073267698287964,4.045318126678467
602,40.980018615722656,12.786983489990234,-9.354616165161133,18.16153335571289,0.6006408929824829,0.05699729919433594,-44.32954406738281,4.559391021728516,-5.132601261138916,0.2926063537597656,-0.17436456680297852,-0.3109912872314453,3.930281162261963,0.6487705111503601,-0.7677905559539795,-5.854804992675781,8.75668716430664,5.593158721923828,-3.292325973510742,0.21121327579021454,0.18374639749526978,11.44994068145752,2.3493237495422363,3.9795267581939697
603,40.479610443115234,13.352862358093262,-17.356773376464844,-47.1784553527832,4.149220943450928,6.3212690353393555,-41.53399658203125,9.171920776367188,-4.907325267791748,-13.432903289794922,-0.7553472518920898,-0.4888768196105957,1.654349446296692,-0.4553605616092682,0.21438190340995789,-0.05550936609506607,-1.6453322172164917,0.119155153632164,-4.9870123863220215,0.6904128193855286,1.7117838859558105,12.368106842041016,4.052709102630615,1.5270916223526
604,17.86263656616211,18.697357177734375,-25.271934509277344,-57.58949279785156,6.252605438232422,5.488306999206543,-28.16638946533203,2.4181084632873535,-4.313056468963623,-21.611120223999023,-1.4882912635803223,-0.29065489768981934,1.9203715324401855,-0.35451969504356384,0.33643674850463867,-1.0079014301300049,-1.1925934553146362,0.08346780389547348,-5.2269415855407715,1.0479127168655396,1.5554107427597046,7.115169048309326,2.423269033432007,-1.7470252513885498
605,-2.7481517791748047,12.588985443115234,-19.882726669311523,-59.83708572387695,3.4632036685943604,4.577874183654785,-8.279447555541992,-2.0893306732177734,-4.423266410827637,-20.405986785888672,-1.1834580898284912,0.13508367538452148,2.463623523712158,-0.42624083161354065,0.37684381008148193,-2.3377513885498047,-0.5407696962356567,0.13262690603733063,-4.181700706481934,0.17264176905155182,0.2565338611602783,-0.5162237286567688,1.844913125038147,-3.5532264709472656
606,-12.185775756835938,6.114087104797363,-8.648153305053711,-21.9422607421875,1.6924092769622803,4.067990779876709,6.307940483093262,-3.0389721393585205,-1.9842772483825684,-10.194145202636719,-0.9386279582977295,0.35992956161499023,2.132453203201294,-0.31453052163124084,0.10234689712524414,-2.340869188308716,-0.42126768827438354,0.022616825997829437,-2.8179898262023926,-0.6760823130607605,-1.2881137132644653,-6.762228965759277,0.7960406541824341,-3.958714723587036
607,-12.435511589050293,-4.07261323928833,2.5049145221710205,8.580352783203125,0.1082303524017334,9.250640869140625e-05,31.678890228271484,-11.4935941696167,8.205669403076172,-2.1839752197265625,-0.49838805198669434,0.351773738861084,0.8877419829368591,0.058506906032562256,0.2219936102628708,4.16795539855957,-0.32291099429130554,0.3952582776546478,1.1573445796966553,-1.18423593044281,-1.8302929401397705,-14.087268829345703,1.3436124324798584,-3.0386335849761963
608,-33.47731399536133,13.490400314331055,-5.06566047668457,-7.261070251464844,-0.14985036849975586,-0.002032339572906494,41.1894645690918,-10.724596977233887,15.213109970092773,31.599872589111328,0.48782598972320557,0.07791709899902344,-0.8663326501846313,0.6048443913459778,0.04868495836853981,8.34802532196045,1.2713165283203125,0.1454610973596573,2.9581069946289062,-1.1802752017974854,-0.7211205363273621,-11.006512641906738,-0.49392029643058777,-2.17862606048584
609,-21.927860260009766,2.9657340049743652,-1.090390682220459,-15.378448486328125,-0.5120980739593506,-0.04899775981903076,15.220927238464355,1.0437533855438232,3.3195223808288574,25.73350715637207,0.7915664315223694,0.15267062187194824,-1.3564651012420654,0.3556482791900635,0.15276610851287842,7.111910820007324,1.6257474422454834,-0.6430982351303101,1.2550513744354248,-0.8752411603927612,-0.2802896499633789,-1.0879302024841309,-5.238523483276367,2.1751317977905273
610,-17.49628257751465,-8.30323314666748,3.703066349029541,-6.998157501220703,-0.5223031044006348,0.011337757110595703,31.643112182617188,-20.286277770996094,27.2110538482666,-63.611083984375,9.387114524841309,1.426266074180603,-2.0960304737091064,0.2965872585773468,-0.45420026779174805,6.2909016609191895,1.7818520069122314,-1.2130836248397827,-0.09811685979366302,0.3918052911758423,-0.1386985182762146,2.765354633331299,-3.0595152378082275,-0.18009869754314423
611,-24.432838439941406,-0.29830050468444824,1.716604232788086,-6.315826416015625,-0.7119013071060181,0.07992959022521973,43.62205123901367,-39.40720748901367,45.28521728515625,-67.98780059814453,11.652200698852539,4.312232971191406,-2.9074645042419434,0.06197969242930412,-0.6590918898582458,5.142148971557617,0.9359956979751587,-1.336397409439087,0.49758976697921753,0.21302178502082825,-0.22958558797836304,1.7614004611968994,-2.5693154335021973,0.027356408536434174
612,-16.561893463134766,0.25980889797210693,1.8584082126617432,-4.363495826721191,-0.49467194080352783,0.05717897415161133,39.82366180419922,-36.737735748291016,48.56630325317383,-65.24419403076172,16.218595504760742,4.631533622741699,-2.6401920318603516,-0.07278299331665039,-0.15087072551250458,3.1026999950408936,0.2701219618320465,-1.708573818206787,1.4633512496948242,0.08164460211992264,-0.0051114484667778015,0.9067188501358032,-2.3554744720458984,0.22386294603347778
613,-10.66876220703125,0.5817346572875977,1.1492211818695068,-2.743100166320801,-0.35379037261009216,0.13512253761291504,27.566787719726562,-33.10285949707031,39.60466766357422,-68.32108306884766,15.370996475219727,4.814486503601074,-2.2510859966278076,-0.05688926577568054,0.10639723390340805,0.7120590806007385,-0.24083001911640167,-1.3736259937286377,2.3445422649383545,0.012733660638332367,0.03136967122554779,-0.04370378330349922,-2.0383076667785645,0.3509765863418579
614,-8.146707534790039,-2.8883042335510254,3.49631404876709,-0.7408356666564941,-0.26028352975845337,0.08342850208282471,15.668903350830078,-24.808347702026367,26.058759689331055,-63.143951416015625,17.922576904296875,6.311065673828125,-2.0468482971191406,0.1459960639476776,0.7799871563911438,-1.6730514764785767,-0.4505411982536316,-0.8850042819976807,2.7983498573303223,0.11160485446453094,0.032556504011154175,-1.0105364322662354,-1.5351088047027588,0.20538300275802612
615,5.975803852081299,1.1561866998672485,-2.197235584259033,5.7209625244140625,-0.0006704330444335938,0.108589768409729,-2.746356964111328,-26.976184844970703,26.569488525390625,-61.10637283325195,16.424243927001953,6.913780689239502,-1.0997138023376465,0.12392652779817581,0.35302284359931946,-3.103078603744507,-0.8878794312477112,-0.6996576189994812,3.280364751815796,0.21309110522270203,-0.028982073068618774,-1.8238846063613892,-1.1809104681015015,0.1137276291847229
616,10.411623001098633,0.720605731010437,-1.2943618297576904,6.299112319946289,0.1138303279876709,0.10090190172195435,-15.473409652709961,-19.93029022216797,16.401931762695312,-51.84837341308594,13.618703842163086,8.610719680786133,-0.061162594705820084,0.19923853874206543,0.12548017501831055,-4.849668025970459,-0.7818453907966614,-0.1451941877603531,3.4773151874542236,0.33031266927719116,-0.11062118411064148,-2.445960760116577,-0.8245621919631958,-0.017440319061279297
617,15.899686813354492,8.966490745544434,-6.808286666870117,1.0924034118652344,-0.10566425323486328,0.16384124755859375,-21.978866577148438,-8.428413391113281,4.202724456787109,-10.246458053588867,14.08781623840332,3.6024627685546875,1.7985546588897705,0.2537001669406891,-0.3289034366607666,-9.656197547912598,-1.0998529195785522,1.1197419166564941,2.7535505294799805,-0.06289409846067429,-0.14302483201026917,-1.0752227306365967,-0.9446504712104797,3.483367919921875
618,41.529144287109375,10.885825157165527,-9.365589141845703,16.916534423828125,0.27328062057495117,0.061022281646728516,-48.49980926513672,0.7498462200164795,-4.708259105682373,1.2436866760253906,0.1600666046142578,-0.2534623146057129,3.5420634746551514,0.2652245759963989,-0.7478563785552979,-11.092886924743652,-2.2402515411376953,2.1262998580932617,-1.4232923984527588,-0.33150583505630493,-0.02841142751276493,7.875954627990723,2.1285948753356934,3.695405960083008
619,41.48030090332031,8.169854164123535,-17.00990867614746,-40.53319549560547,3.9848124980926514,-10.88715934753418,-47.77830505371094,10.635170936584473,-6.821098327636719,-10.079524993896484,-0.5890092849731445,-0.3227052688598633,1.716081142425537,-0.3290145993232727,0.2115488052368164,-0.003804445266723633,-1.6952626705169678,-0.12218105792999268,-3.795576810836792,0.2768966853618622,1.063493251800537,10.928203582763672,4.074883937835693,3.1226985454559326
620,27.448570251464844,17.08683967590332,-29.02277374267578,-69.09542846679688,8.801774978637695,4.5868425369262695,-42.51585388183594,12.054553985595703,-8.201692581176758,-14.516639709472656,-1.3527979850769043,-0.48139500617980957,1.506590485572815,-0.5159420371055603,0.22394081950187683,-0.7477244138717651,-1.2315796613693237,0.13837125897407532,-5.612252712249756,1.4675506353378296,1.6591665744781494,9.45236873626709,2.556227207183838,-1.2857568264007568
621,11.643013000488281,21.916553497314453,-29.219242095947266,-62.65562057495117,5.142254829406738,4.218201160430908,-17.37398910522461,-4.541662693023682,-2.4434876441955566,-18.237308502197266,-1.0814785957336426,0.09748363494873047,2.349663019180298,-0.5216894745826721,0.34104442596435547,-1.9747976064682007,-0.7555262446403503,0.09493978321552277,-4.93752908706665,0.8806483149528503,0.7896549701690674,3.786508560180664,1.9924193620681763,-2.292816400527954
622,-16.801637649536133,15.02009105682373,-20.344667434692383,-56.58527374267578,2.1761527061462402,3.9192967414855957,6.947412490844727,-3.5012450218200684,-2.4648382663726807,-14.601190567016602,-0.869600772857666,0.20732879638671875,2.8165814876556396,-0.46933817863464355,0.1001625657081604,-3.1044888496398926,-0.21682003140449524,0.12384697794914246,-3.0260169506073,0.008236264809966087,-0.646435558795929,-3.5798375606536865,1.5550386905670166,-3.5967226028442383
623,-12.717348098754883,8.962517738342285,-5.858975410461426,0.09148788452148438,-0.9716333150863647,0.6627171039581299,17.191953659057617,-14.728092193603516,7.341019630432129,-5.589599609375,-0.7042542099952698,0.3380899429321289,2.4727256298065186,-0.3084803521633148,-0.47438016533851624,-2.296081304550171,-0.4910821318626404,1.2722549438476562,-0.644003689289093,-1.192906379699707,-1.4348785877227783,-9.388360977172852,0.6200975179672241,-2.81011962890625
