Timestep,left_hip_pitch_joint_Torque,left_hip_roll_joint_Torque,left_hip_yaw_joint_Torque,left_knee_joint_Torque,left_ankle_pitch_joint_Torque,left_ankle_roll_joint_Torque,right_hip_pitch_joint_Torque,right_hip_roll_joint_Torque,right_hip_yaw_joint_Torque,right_knee_joint_Torque,right_ankle_pitch_joint_Torque,right_ankle_roll_joint_Torque,left_hip_pitch_joint_Vel,left_hip_roll_joint_Vel,left_hip_yaw_joint_Vel,left_knee_joint_Vel,left_ankle_pitch_joint_Vel,left_ankle_roll_joint_Vel,right_hip_pitch_joint_Vel,right_hip_roll_joint_Vel,right_hip_yaw_joint_Vel,right_knee_joint_Vel,right_ankle_pitch_joint_Vel,right_ankle_roll_joint_Vel
50,-9.151399612426758,21.71501350402832,-16.749544143676758,-31.066638946533203,7.168039798736572,-3.102492570877075,6.641049385070801,0.9899779558181763,-0.7199752330780029,9.174186706542969,0.14792299270629883,0.0669703483581543,0.5480191707611084,-0.005342850461602211,0.2865401804447174,-1.0458874702453613,0.23227755725383759,0.1258852183818817,1.4454859495162964,0.12330871820449829,0.34207528829574585,-4.537161350250244,-2.060239553451538,-2.0443456172943115
51,-5.252564907073975,8.528406143188477,-6.674086093902588,-22.80330467224121,-8.56218147277832,-1.8772919178009033,17.89946937561035,-1.6978986263275146,0.612756609916687,10.579891204833984,0.16367340087890625,0.24408257007598877,1.4783010482788086,-0.07196298986673355,0.04621303081512451,-0.20052826404571533,-1.2419228553771973,0.23074664175510406,4.210458278656006,0.09411058574914932,0.22010819613933563,-5.560781478881836,-4.7102556228637695,-0.573620617389679
52,-2.286142110824585,6.314055919647217,-0.9447002410888672,-8.584247589111328,-3.409062385559082,-2.6185646057128906,-4.802049160003662,-0.6665933132171631,-2.984804153442383,-21.952510833740234,-10.264360427856445,-4.7042388916015625,0.5903642177581787,0.21349473297595978,-0.2062411904335022,1.5020052194595337,-4.148420810699463,0.1706717163324356,1.404281497001648,0.11210493743419647,-0.3239399790763855,-0.2244608998298645,1.4826483726501465,0.6098681688308716
53,-8.77548599243164,-2.317837715148926,3.1742753982543945,0.2964210510253906,0.3867378234863281,-0.0921127200126648,3.2657179832458496,-4.9214582443237305,5.454655170440674,-43.51718521118164,-11.944429397583008,1.177138328552246,0.38002926111221313,0.6733477711677551,0.16603483259677887,2.5583815574645996,-3.4599592685699463,-0.27902793884277344,1.6029044389724731,0.3097649812698364,-0.5580986738204956,-0.8469304442405701,4.072883129119873,0.1757412701845169
54,-8.905911445617676,-2.5264945030212402,5.885922908782959,-11.905778884887695,-3.1867318153381348,-2.555799961090088,-2.2402827739715576,-5.785556793212891,9.507723808288574,-42.436553955078125,-2.3311426639556885,-1.9624371528625488,0.6738771200180054,0.2845264971256256,-0.3023798167705536,1.002177119255066,-0.8868308663368225,-0.15230107307434082,0.9190940856933594,0.1950240135192871,-0.37848663330078125,0.6452571153640747,-1.1185314655303955,-0.05661771818995476
55,-0.6603090763092041,-2.0647356510162354,2.6520438194274902,-14.192395210266113,-4.431191921234131,-0.9829811453819275,-13.288150787353516,-6.875803470611572,5.4677734375,-45.444129943847656,-5.5396952629089355,-0.5376933813095093,0.4681251049041748,0.10446380823850632,-0.49128657579421997,1.0860135555267334,-1.6105152368545532,0.05566924065351486,0.8133525252342224,0.08751924335956573,-0.4953039586544037,0.6199551820755005,-1.1242328882217407,0.049497149884700775
56,-3.3261144161224365,-1.2952589988708496,1.4746061563491821,-29.367719650268555,-8.018855094909668,-1.6008484363555908,-3.753645181655884,-5.766512393951416,3.7038042545318604,-39.9945182800293,-3.1542019844055176,0.6614171266555786,1.2991821765899658,0.1242070198059082,-0.3027806878089905,0.2282830774784088,-0.21309298276901245,0.46662014722824097,1.4746935367584229,0.096721351146698,-0.3697039484977722,0.23374027013778687,-1.0246645212173462,-0.03948556259274483
57,-4.374459266662598,5.774366855621338,-5.557914733886719,-39.92271423339844,-11.152033805847168,-0.9525757431983948,-12.982059478759766,-3.68267560005188,-0.6326038241386414,-12.23022747039795,-2.1979660987854004,1.3043017387390137,0.7951770424842834,0.11892939358949661,0.035109635442495346,0.5640724897384644,-0.7882602214813232,0.4232291281223297,0.6504234075546265,0.06056831777095795,0.06646435707807541,0.8790479898452759,-1.1485563516616821,0.9643287062644958
58,10.167588233947754,4.7961273193359375,-10.77616024017334,-49.87729263305664,-13.101207733154297,-1.311449646949768,-23.775054931640625,4.667590141296387,-7.0001983642578125,-11.64451789855957,-1.8379859924316406,1.3653342723846436,1.3322296142578125,0.22494705021381378,-0.12654554843902588,0.19905078411102295,1.254319190979004,0.9208858013153076,0.6269521713256836,-0.07151750475168228,-0.2661585807800293,0.8516044020652771,-0.9984057545661926,0.35849976539611816
59,-3.416161060333252,8.019181251525879,-18.99321174621582,-66.21247100830078,-17.779863357543945,1.7560224533081055,-12.221753120422363,0.738507866859436,-1.0354245901107788,0.5684185028076172,-0.07769370079040527,-0.020872056484222412,1.1718000173568726,0.14754754304885864,0.627990186214447,-0.20709341764450073,0.5245916843414307,0.8795742988586426,0.10305098444223404,-0.2893180251121521,0.0028441832400858402,1.2752432823181152,-1.0223993062973022,0.42633530497550964
60,-12.207357406616211,5.861216068267822,-17.653310775756836,-62.60728454589844,-17.593379974365234,0.7493228912353516,-5.082127094268799,0.49698227643966675,-2.776583194732666,-12.134798049926758,1.3391225337982178,2.119945764541626,1.297393798828125,-0.11312833428382874,0.29832977056503296,-0.048251718282699585,-1.074497938156128,1.0220558643341064,0.9812051653862,-0.21794013679027557,0.14092975854873657,0.6273864507675171,-1.2448973655700684,0.019083436578512192
61,-7.442476272583008,4.052700996398926,-9.262920379638672,-35.43292999267578,-9.907788276672363,1.3823715448379517,-14.72510814666748,5.265573501586914,-5.615254878997803,-35.82206726074219,-1.2274234294891357,5.805286884307861,0.7783564329147339,0.04801395162940025,-0.4358726143836975,0.3212793469429016,-1.2324259281158447,0.04242769628763199,1.0886566638946533,0.03274804353713989,-0.5793921947479248,0.06454005837440491,-1.0199743509292603,-1.240737795829773
62,-4.581681251525879,4.005054473876953,-5.042433738708496,-38.299110412597656,-10.955207824707031,0.4206940531730652,-13.703725814819336,-2.298605442047119,-5.310626983642578,-27.860530853271484,4.340829372406006,4.934891700744629,0.9010225534439087,0.378442645072937,-0.09817644208669662,0.03880855441093445,-0.9266149401664734,1.070344090461731,0.8666132688522339,0.45548442006111145,-0.20367464423179626,0.04024180397391319,-0.9295575618743896,-0.7496069073677063
63,-2.0822200775146484,1.8836644887924194,-0.032534271478652954,-28.95001792907715,-7.830913543701172,-1.5607680082321167,-10.319979667663574,-10.120445251464844,2.569699287414551,-32.26702117919922,4.1467437744140625,5.017992973327637,1.272739052772522,0.17607539892196655,0.07690729945898056,-0.14421531558036804,-1.014975666999817,0.21300488710403442,1.125669002532959,0.23625844717025757,0.07498621195554733,0.03787924721837044,-1.0171512365341187,-0.2940158247947693
64,-11.830215454101562,-2.053767681121826,1.8967735767364502,-18.209304809570312,-5.3950653076171875,2.522669792175293,-3.173456907272339,-3.343618154525757,-5.020418167114258,-42.576290130615234,2.6424291133880615,7.0918989181518555,0.6316385865211487,0.4760897159576416,-0.6783689260482788,0.07735330611467361,-1.6075960397720337,-0.5310094952583313,0.5850627422332764,0.46961572766304016,-0.7715660333633423,0.04906018078327179,0.2235877364873886,-1.3734663724899292
65,-9.422563552856445,-9.851787567138672,9.249984741210938,-8.109169960021973,-3.3919529914855957,0.9191818237304688,1.33101224899292,-16.251483917236328,10.11257553100586,-55.722007751464844,4.444870948791504,8.159817695617676,1.2964723110198975,0.8052660226821899,-0.2160138189792633,-0.34547650814056396,-2.3625473976135254,0.3665938675403595,1.352521538734436,0.8992113471031189,-0.3951984643936157,-1.4430371522903442,0.5718708038330078,-2.4983537197113037
66,-16.32546615600586,-8.703157424926758,9.488593101501465,-2.0377871990203857,-6.096568584442139,-0.043453097343444824,9.516828536987305,-15.383559226989746,7.44556999206543,-28.562541961669922,6.249083995819092,9.64054012298584,0.5791430473327637,0.6597537994384766,0.6447873711585999,-0.5663784742355347,-0.0003776602097786963,0.7815167307853699,1.4133563041687012,0.42230403423309326,-0.9531297087669373,-1.5505950450897217,0.5828654766082764,-2.0002777576446533
67,-5.192214012145996,4.159216403961182,1.7412924766540527,-20.793262481689453,-10.815268516540527,2.7765989303588867,-5.133319854736328,-11.989972114562988,2.1501259803771973,-11.955632209777832,5.338950157165527,5.148248195648193,0.9537686109542847,0.4902466833591461,-0.10562007129192352,-0.7878574132919312,-0.2741224467754364,-0.2472776174545288,0.6542817950248718,0.42091482877731323,-0.06462126225233078,-0.44980794191360474,0.1319771707057953,0.8706103563308716
68,5.667383193969727,-0.09033918380737305,-3.010164737701416,-43.8350830078125,-13.605535507202148,4.464785575866699,-13.688983917236328,2.026418685913086,-6.2933807373046875,-3.579503297805786,3.468933343887329,1.6973576545715332,1.1650341749191284,0.22593167424201965,0.038365334272384644,-0.7554674744606018,-0.17997238039970398,0.4920521676540375,0.6065768003463745,0.016855288296937943,-0.12183962762355804,0.3101404011249542,0.11968158185482025,2.1698296070098877
69,6.658000469207764,4.892706394195557,-16.383325576782227,-62.52170944213867,-10.082254409790039,-1.5105252265930176,-18.2003116607666,2.7960193157196045,-4.9769439697265625,5.258708953857422,0.11179828643798828,-0.06247425079345703,1.6515790224075317,0.16340406239032745,0.6735816597938538,-0.6731420755386353,-0.058734357357025146,1.088627576828003,-0.9651789665222168,-0.7611056566238403,-0.7353663444519043,4.688507080078125,2.4597878456115723,2.818251609802246
70,6.143560409545898,8.898777961730957,-21.514331817626953,-59.25270462036133,-13.222173690795898,2.1459696292877197,-23.72997283935547,0.5955069065093994,0.47578489780426025,-4.159168243408203,-0.6402666568756104,-0.3114893436431885,1.0468639135360718,-0.46221935749053955,0.20560330152511597,-0.7648282647132874,-0.6002704501152039,0.4508398175239563,-2.4149322509765625,-0.6488744616508484,0.05553660914301872,6.229363441467285,1.4247866868972778,1.601983904838562
71,21.097021102905273,7.155704498291016,-25.15425682067871,-52.77058410644531,-13.934341430664062,6.979678630828857,-27.849477767944336,9.263643264770508,-3.591779947280884,-8.92041015625,-0.6025161743164062,-0.14397335052490234,0.7747853398323059,-0.6365397572517395,-0.04842127114534378,-1.0854780673980713,0.7573415040969849,-1.9760839939117432,-2.533043384552002,-0.4053073823451996,-0.13504593074321747,3.818983554840088,1.4432421922683716,1.151231050491333
72,-0.31062817573547363,11.843438148498535,-23.432920455932617,-35.701820373535156,-10.530508041381836,6.929657936096191,-11.62995719909668,0.45212799310684204,1.6500041484832764,-8.477468490600586,-0.5771872997283936,-0.2045518159866333,0.5994915962219238,-0.708200216293335,0.04943209886550903,-1.56233811378479,0.423990935087204,-0.15368731319904327,-2.6918928623199463,-0.12211664766073227,0.48971691727638245,0.4681336581707001,0.5548872947692871,0.04500316083431244
73,-16.196950912475586,12.026496887207031,-13.089949607849121,-20.032957077026367,-5.5978546142578125,1.7180900573730469,10.92841911315918,-6.2032999992370605,3.328674077987671,-4.947319984436035,-0.30664825439453125,-0.07368004322052002,1.065779447555542,-0.640206515789032,-0.19182580709457397,-1.340455412864685,-0.44506484270095825,-0.12620049715042114,-1.0684505701065063,0.0351870134472847,0.7632049322128296,-3.5358312129974365,-0.9723991751670837,-0.4904564321041107
74,-7.963781356811523,7.923506736755371,-1.222069263458252,-11.189374923706055,4.163915157318115,-0.41448974609375,1.780756950378418,-1.0784902572631836,-2.142132520675659,1.8534507751464844,-0.09839487075805664,0.015062332153320312,0.23072950541973114,-0.43790605664253235,0.09713944792747498,-0.17192283272743225,0.6217968463897705,-1.3217623233795166,-0.7127891182899475,-0.3607894778251648,0.1159220039844513,-5.607712745666504,-1.3143258094787598,-1.7427254915237427
75,-22.292978286743164,0.13508009910583496,6.492514610290527,0.8383350372314453,4.997339248657227,-1.2782468795776367,24.62491226196289,-6.575037002563477,12.421297073364258,-47.406768798828125,-5.578803062438965,10.85556411743164,-0.538741409778595,0.35074344277381897,0.5220985412597656,3.1208860874176025,2.211723566055298,-0.573738157749176,1.832666039466858,0.20672248303890228,-0.7720277905464172,-0.25856465101242065,0.8219153881072998,-7.391260147094727
76,-48.07420349121094,-20.537811279296875,16.243389129638672,3.630168914794922,-0.48906946182250977,-0.2271723747253418,37.192176818847656,-4.931127071380615,26.60516929626465,-104.54121398925781,-2.9557862281799316,-5.3961381912231445,-4.068702220916748,0.8876453042030334,1.9346473217010498,11.037335395812988,3.8067142963409424,-1.1506150960922241,1.3491225242614746,-0.010369613766670227,-0.72589510679245,-0.3399108946323395,-1.1094820499420166,-0.16662466526031494
77,-37.04457092285156,-15.071545600891113,5.0328049659729,-10.107494354248047,-0.8848199844360352,0.1547379493713379,17.801048278808594,-7.4948649406433105,41.606658935546875,-94.1836166381836,-1.3682990074157715,-4.222104072570801,-5.913000106811523,-0.6014423370361328,0.8972306251525879,11.282431602478027,4.824811935424805,0.33571556210517883,0.7916635274887085,0.29939839243888855,-0.39677584171295166,-0.8221749067306519,-0.6324582099914551,0.12518367171287537
78,-18.71072769165039,-9.241483688354492,2.2247769832611084,-21.17898178100586,-1.27406644821167,0.022849202156066895,10.100079536437988,2.1384449005126953,30.44692039489746,-70.6483383178711,2.6809804439544678,1.588994026184082,-5.099974155426025,-0.6585127711296082,0.5932446122169495,4.257190227508545,4.329404830932617,0.5899831056594849,1.5433413982391357,1.0520464181900024,-0.47679972648620605,-2.4126780033111572,0.3247055411338806,-0.9096759557723999
79,-4.941789627075195,-3.1647720336914062,1.6664685010910034,-15.918495178222656,-1.5037610530853271,0.027611970901489258,-5.078614711761475,-7.362070560455322,21.78653907775879,-44.04692459106445,10.175943374633789,3.0463180541992188,-4.16412353515625,-1.7846925258636475,0.2231598198413849,-2.584294319152832,0.35644441843032837,1.6923656463623047,1.8853205442428589,0.8123359680175781,-0.38825613260269165,-2.803352117538452,0.46507760882377625,-0.5228477120399475
80,13.610735893249512,-0.5065078735351562,1.9429080486297607,4.029571533203125,-0.36908626556396484,-0.18491125106811523,-27.241016387939453,-7.566474914550781,14.974905014038086,-52.9116096496582,15.193713188171387,7.9322662353515625,-2.586709499359131,-1.6135793924331665,0.09042789787054062,-5.256800651550293,-2.3213069438934326,1.6144421100616455,2.360182046890259,1.0266211032867432,-0.551384449005127,-3.6140050888061523,0.7291845083236694,-0.7381069660186768
81,19.274250030517578,-0.706545352935791,2.0055394172668457,11.922901153564453,0.3155498504638672,-0.1610727310180664,-35.56766128540039,-13.898208618164062,11.268684387207031,-41.36055374145508,20.0,9.01081657409668,-1.3855466842651367,-1.272714376449585,0.4836980998516083,-6.22254753112793,-2.7438414096832275,2.0807688236236572,1.962169885635376,1.1077877283096313,-0.22292427718639374,-3.483537435531616,0.6067609786987305,1.1475895643234253
82,22.07575035095215,14.97967529296875,-9.591585159301758,10.201210021972656,0.23777151107788086,-0.12803173065185547,-13.318649291992188,-24.168243408203125,10.335638999938965,-1.381309986114502,20.0,3.3268957138061523,0.8093138933181763,-0.5868533253669739,0.32974764704704285,-8.136738777160645,-3.8019442558288574,1.5780900716781616,0.4992983341217041,0.678312361240387,0.05517642945051193,0.1826578676700592,1.552119493484497,4.531641960144043
83,41.184959411621094,21.2332706451416,-16.157840728759766,18.177135467529297,0.44953250885009766,0.08372259140014648,-26.04694366455078,-16.844627380371094,5.705529689788818,2.8016624450683594,17.20025062561035,2.324991226196289,2.8357675075531006,0.03823544830083847,-0.9544929265975952,-8.439261436462402,-6.274948596954346,2.4426398277282715,-2.936033010482788,-0.3746137320995331,-1.1556354761123657,7.731555938720703,6.9640398025512695,5.299342155456543
84,43.84703063964844,22.59075355529785,-29.080360412597656,-40.19879913330078,-14.988105773925781,6.759383201599121,-35.79397201538086,-16.702613830566406,10.801214218139648,-5.467796325683594,-1.1214265823364258,-0.6638951301574707,1.178016185760498,-0.34082335233688354,-0.049270592629909515,0.1264360547065735,-2.408571720123291,0.0641607940196991,-5.613727569580078,-1.2194290161132812,1.4019242525100708,13.340719223022461,5.986769676208496,3.653953790664673
85,20.31863784790039,25.46190643310547,-37.48906326293945,-41.02418518066406,-17.124113082885742,5.563220977783203,-22.289161682128906,-10.866588592529297,6.046797752380371,-19.69589614868164,-1.5901165008544922,-0.46706247329711914,0.8164885640144348,-0.0938902199268341,0.040749289095401764,-0.04470478743314743,-0.12178299576044083,0.291949063539505,-5.803787708282471,-1.5082474946975708,2.2581515312194824,9.23080825805664,3.4395649433135986,2.151132345199585
86,-0.6426301002502441,13.738873481750488,-27.799537658691406,-43.44881057739258,-16.99509048461914,6.749722480773926,-1.1324577331542969,4.27829647064209,-5.242776393890381,-15.1209135055542,-1.0646333694458008,-0.19960486888885498,0.9823303818702698,0.2876097559928894,-0.318754106760025,0.08975011110305786,-0.0637376606464386,-0.2501436471939087,-4.827704906463623,-1.01563560962677,1.8726601600646973,4.107038974761963,1.237668514251709,0.9851346611976624
87,-18.47341537475586,12.683747291564941,-23.762121200561523,-60.027137756347656,-14.89327335357666,4.401768207550049,10.35582160949707,2.046588659286499,-3.6881258487701416,-8.834952354431152,-0.6370360851287842,-0.06248641014099121,1.4123610258102417,0.39003658294677734,-0.41703081130981445,-0.38556042313575745,-0.088869109749794,0.08562417328357697,-3.345982313156128,-1.0499396324157715,1.293162226676941,-0.7825224995613098,-0.6073452830314636,0.7043511867523193
88,-21.757925033569336,7.487280368804932,-11.1925048828125,-53.0328483581543,-12.593803405761719,-0.009881138801574707,11.28593635559082,6.110982894897461,-6.491498947143555,4.550966262817383,-0.035164833068847656,-0.03273272514343262,1.535271406173706,0.8791277408599854,0.07007114589214325,-1.5292043685913086,4.139117240905762,0.23310008645057678,-2.6370770931243896,-1.0141488313674927,0.32200145721435547,-1.772731900215149,-2.421660900115967,-0.4728253483772278
89,-17.71488380432129,-1.8691380023956299,-3.6206977367401123,-41.335693359375,-11.22240161895752,0.3404892683029175,9.084686279296875,12.188109397888184,-7.112216949462891,5.1725664138793945,0.5041713714599609,0.0637514591217041,1.3480675220489502,0.7657011151313782,-0.0023896805942058563,-1.3408817052841187,4.394227027893066,0.003693819046020508,-1.9232600927352905,-0.502243161201477,-0.2515444755554199,-2.4524617195129395,-0.49643418192863464,-1.1088390350341797
90,-25.491914749145508,4.816213130950928,-5.379151344299316,-40.71415710449219,5.763240814208984,-2.3640944957733154,21.005455017089844,0.48158979415893555,1.9113305807113647,1.746175765991211,-0.21590852737426758,0.01842474937438965,1.2812296152114868,0.31394657492637634,-0.3414508104324341,0.16293300688266754,-1.8724935054779053,-0.1059277355670929,0.16157712042331696,-0.6818667054176331,-0.2593773901462555,-5.344077110290527,-3.547083616256714,-1.623471975326538
91,-15.132259368896484,-4.946107387542725,3.244352102279663,-21.28713607788086,15.599851608276367,-3.998119354248047,6.1535563468933105,4.997474670410156,-0.8904945254325867,7.267925262451172,0.30240583419799805,0.06428050994873047,0.8559167385101318,0.06525646895170212,0.0026934389024972916,0.32179683446884155,-1.8366453647613525,-0.3253113627433777,0.3927237093448639,-0.49435439705848694,0.41917285323143005,-6.118340492248535,-3.555751323699951,-2.526594638824463
92,-21.55206298828125,-3.260690212249756,-0.21423763036727905,-21.841325759887695,20.0,-5.78147554397583,18.63967514038086,7.662482261657715,-4.01972770690918,12.563701629638672,0.46318721771240234,0.20365047454833984,0.4500497579574585,0.11443032324314117,-0.1427697092294693,1.0564931631088257,-1.709513783454895,-0.3253174424171448,1.6873373985290527,-0.19555088877677917,-0.015154236927628517,-6.568470478057861,-4.18559455871582,-3.2158141136169434
93,-23.888078689575195,-3.410507917404175,8.650294303894043,1.9646568298339844,20.0,-4.4720964431762695,31.639015197753906,-4.442702770233154,4.2529683113098145,13.348188400268555,1.0477497577667236,0.18428611755371094,-2.9015820026397705,0.22817812860012054,-0.36625897884368896,7.264497756958008,2.4398720264434814,-1.2950785160064697,2.7902121543884277,-0.887607216835022,-1.3471297025680542,-1.5159194469451904,7.9523701667785645,1.2028381824493408
94,-34.43622589111328,-9.34938907623291,9.156222343444824,-3.335773468017578,-0.297576904296875,-0.006609201431274414,41.842254638671875,-20.636499404907227,28.482769012451172,-70.45295715332031,-20.0,-12.958637237548828,-4.481250286102295,0.9051492810249329,0.37151092290878296,10.990138053894043,5.309399127960205,-1.5792419910430908,0.3934730291366577,-0.1143898293375969,-0.8215925097465515,1.9273161888122559,-2.64973783493042,0.8767269849777222
95,-9.360788345336914,-12.245789527893066,5.3921966552734375,-8.596721649169922,-1.0525784492492676,0.14141011238098145,13.12701416015625,-10.9118070602417,35.652740478515625,-86.8819580078125,4.757294178009033,-11.402209281921387,-3.9596540927886963,-0.4379693865776062,-0.06103916093707085,8.822725296020508,3.0464026927948,-0.9943508505821228,0.9516989588737488,0.0263841450214386,-0.5716364979743958,1.1273475885391235,-2.364750862121582,0.447816401720047
96,-16.69655990600586,-4.514039039611816,4.219501495361328,-18.304805755615234,-1.3552095890045166,0.12042438983917236,19.143096923828125,-8.956015586853027,23.88373565673828,-67.0318603515625,13.846464157104492,-6.897430419921875,-3.371469497680664,-0.6550823450088501,0.349439412355423,3.021068572998047,0.0820045918226242,0.4437512755393982,1.5265545845031738,0.16916778683662415,-0.6680968999862671,0.07415896654129028,-1.7713600397109985,0.04484754055738449
97,-0.528498649597168,1.9315783977508545,-2.10233736038208,-8.916994094848633,-0.524829626083374,0.010503649711608887,1.0159912109375,-10.561396598815918,21.071081161499023,-53.767913818359375,15.674057006835938,-2.418867826461792,-2.2885124683380127,-0.6420150995254517,-0.13934098184108734,-1.542470932006836,-0.8643814325332642,0.6171090006828308,1.9171195030212402,0.4357069134712219,-0.667641818523407,-0.6621571779251099,-1.3771846294403076,-0.3231840133666992
98,4.999086380004883,-4.181894302368164,4.054196357727051,3.3221664428710938,-0.03873848915100098,-0.07519102096557617,-10.118253707885742,-6.035351276397705,11.793672561645508,-47.58654022216797,20.0,-1.165433406829834,-1.6186418533325195,-0.7383183240890503,0.2703203856945038,-3.258908987045288,-1.5618005990982056,1.2050355672836304,1.8447169065475464,0.4893200397491455,-0.585548996925354,-0.9958300590515137,-1.188281536102295,0.04232656955718994
99,1.388838768005371,14.633411407470703,-8.926692962646484,-1.9909820556640625,-0.48169803619384766,0.005023002624511719,2.2020606994628906,-18.704572677612305,14.505582809448242,-8.78557300567627,20.0,4.6264801025390625,-0.4630797207355499,-0.3489946722984314,-0.5773652195930481,-6.823585033416748,-4.228233337402344,1.534861445426941,1.664611577987671,0.2721254825592041,-0.7654695510864258,-0.5772509574890137,-0.8004045486450195,-0.9454580545425415
100,18.53066062927246,13.102482795715332,-8.393094062805176,9.913619995117188,0.4761691093444824,-0.07140278816223145,-13.485479354858398,-13.46571159362793,5.759659290313721,-7.9158220291137695,20.0,3.8083736896514893,1.0555145740509033,0.29066044092178345,-1.1517561674118042,-8.331927299499512,-3.840033769607544,1.0940217971801758,0.18870894610881805,0.46589910984039307,-0.36194631457328796,2.140017032623291,0.6957895755767822,0.8266129493713379
101,43.34503936767578,13.186670303344727,-22.954946517944336,-55.142982482910156,-20.0,4.302507400512695,-33.84912872314453,-1.7871148586273193,-2.6931025981903076,2.6071510314941406,3.778641700744629,0.7825913429260254,1.9577593803405762,0.810760498046875,0.17060062289237976,-1.682047963142395,9.05380630493164,0.8721508383750916,-1.7761937379837036,-0.3617342710494995,-0.5783337354660034,7.795604228973389,5.8489813804626465,2.774995803833008
102,27.076663970947266,14.635993003845215,-29.436126708984375,-82.49954986572266,-13.961122512817383,4.884698867797852,-28.660175323486328,6.490199565887451,-2.7313568592071533,-7.872539520263672,-1.3686645030975342,-0.28627705574035645,1.2852849960327148,-0.14233659207820892,0.1276845484972,1.0329355001449585,-2.3113861083984375,0.5105881690979004,-2.8993165493011475,-0.02954735979437828,0.4502072334289551,7.770798683166504,2.315777540206909,1.5613887310028076
103,4.622516632080078,12.633868217468262,-30.850126266479492,-81.36971282958984,-10.882062911987305,3.10955548286438,-10.055509567260742,6.156738758087158,-3.968888521194458,-11.463801383972168,-0.7436165809631348,-0.14379405975341797,1.598217248916626,0.08767889440059662,0.08416755497455597,0.2692691683769226,-2.0477309226989746,0.384954035282135,-2.4401137828826904,0.7371693253517151,0.3914969563484192,3.681932210922241,1.5323572158813477,0.9344425797462463
104,-1.2542343139648438,17.89421272277832,-30.798145294189453,-85.45639038085938,-9.274209976196289,2.0538241863250732,-3.697340965270996,-1.681683897972107,-0.08092927932739258,-3.755845069885254,-0.5053896903991699,-0.08609151840209961,2.182943105697632,-0.05953200161457062,0.24746933579444885,-0.6277645230293274,-1.7467015981674194,0.5093237161636353,-1.6687968969345093,0.4611218571662903,0.3247535824775696,1.1905498504638672,-0.13182461261749268,0.6911481618881226
105,-5.415287017822266,21.222379684448242,-30.676006317138672,-79.15646362304688,-2.4273903369903564,-0.5547273755073547,-6.622145652770996,2.414738893508911,-3.6463279724121094,3.6883811950683594,-0.12740588188171387,-0.0031847357749938965,2.085587501525879,0.05902068316936493,0.1783192753791809,-1.066328763961792,-1.5036755800247192,0.47871917486190796,-1.8940597772598267,0.5842532515525818,-0.43709707260131836,1.0340856313705444,-1.1834766864776611,0.44645431637763977
106,-1.7758827209472656,17.242828369140625,-27.58517074584961,-67.1854476928711,6.1480607986450195,-2.5109736919403076,-6.127081871032715,2.337733268737793,-1.7569150924682617,1.5585802793502808,0.005826234817504883,-0.03661765158176422,2.112058162689209,-0.06159371882677078,0.06521717458963394,-1.54278564453125,-1.1627848148345947,0.37348586320877075,-1.6888773441314697,0.5144258737564087,-0.8785479068756104,0.05849189683794975,-1.2436299324035645,-0.0996922180056572
107,-2.8107285499572754,12.990509033203125,-15.394654273986816,-40.639678955078125,9.729143142700195,-5.306567192077637,-3.742605209350586,-5.513136386871338,4.733342170715332,-2.968870162963867,-0.1344912052154541,-0.11139273643493652,2.049956798553467,-0.41228485107421875,0.29226696491241455,-1.9196609258651733,-0.8661158084869385,0.554024338722229,-1.4165709018707275,0.1348116248846054,0.009137755259871483,-2.313772678375244,-1.2945823669433594,-1.0342466831207275
108,-7.881687641143799,15.069479942321777,-14.090272903442383,-33.432861328125,12.771993637084961,-4.9149250984191895,4.3253045082092285,-0.2321622371673584,0.8231772184371948,4.7971696853637695,0.1473548412322998,0.013805389404296875,2.0246026515960693,-0.5128574371337891,0.01743040233850479,-1.9822336435317993,-1.0641753673553467,0.468662828207016,-0.6370342373847961,0.22377873957157135,0.14547494053840637,-3.1314868927001953,-1.311761736869812,-2.051750659942627
109,-1.5588312149047852,8.368919372558594,-7.278656959533691,-9.523276329040527,20.0,-4.528773307800293,-3.2636027336120605,2.1522717475891113,-2.9175236225128174,5.447267532348633,0.07263398170471191,0.22663021087646484,1.260654330253601,-0.2358231544494629,0.09571677446365356,-0.946380078792572,-0.968313992023468,-0.6941698789596558,-1.0044169425964355,0.3416060209274292,-0.38739871978759766,-2.9129931926727295,-1.3273814916610718,-1.881847620010376
110,-4.381742477416992,8.873161315917969,-6.677691459655762,-6.759016513824463,20.0,-4.420717716217041,12.76534652709961,-6.65869665145874,4.340478897094727,3.0884475708007812,0.06182432174682617,0.08959579467773438,0.7840043902397156,-0.02408524602651596,0.05957514047622681,0.45562490820884705,-0.7876054048538208,-1.811329960823059,0.5883484482765198,0.08257734775543213,-0.33082228899002075,-4.968592643737793,-2.3330183029174805,-2.4149162769317627
111,-19.611488342285156,4.314087390899658,-2.0703186988830566,-3.7754173278808594,19.718435287475586,-3.982675552368164,27.09124183654785,-14.60122299194336,10.894328117370605,6.929161071777344,0.41289830207824707,0.04947471618652344,-1.3681942224502563,0.2565101981163025,0.7389181852340698,4.858418941497803,2.7033188343048096,-2.5358965396881104,2.416161298751831,-0.5696496367454529,0.31810787320137024,-7.516829013824463,-2.0664331912994385,-3.136003255844116
112,-49.093360900878906,4.65836763381958,-0.10355424880981445,-5.205787658691406,-0.2694244384765625,0.2229928970336914,58.734901428222656,-21.370473861694336,24.970190048217773,-16.09088897705078,-14.69390869140625,-19.274982452392578,-4.447355270385742,0.8204332590103149,0.6187512874603271,10.554778099060059,7.07391881942749,-2.305201292037964,1.0233485698699951,-1.1691992282867432,-0.287784606218338,-1.4023241996765137,8.871163368225098,3.6359140872955322
113,-21.464275360107422,7.65666389465332,-6.609218120574951,-18.25257110595703,-1.8085403442382812,0.4014148712158203,37.83474349975586,-30.360485076904297,42.49873733520508,-61.29042053222656,9.844721794128418,-12.865510940551758,-3.779919385910034,0.3360901474952698,-1.3157949447631836,5.730666160583496,2.5580976009368896,-0.5112971067428589,1.1476492881774902,-0.1363648921251297,-0.11241142451763153,1.4297248125076294,-2.6597702503204346,0.5878815650939941
114,-5.541118621826172,-4.31346321105957,4.855800628662109,-4.758495330810547,-0.6595237255096436,0.017330631613731384,5.053770065307617,-18.80550193786621,28.687612533569336,-74.03009796142578,10.62013053894043,-6.450101375579834,-3.7496554851531982,0.32893043756484985,-0.9717797636985779,3.6309680938720703,0.6449218988418579,-0.025860346853733063,1.3621399402618408,-0.1281937062740326,-0.1754690706729889,0.5641196370124817,-2.2908763885498047,0.27235350012779236
115,-0.3520488739013672,-11.763285636901855,8.688909530639648,-3.741507053375244,-0.2634966969490051,-0.06464719772338867,2.206465721130371,-6.325423717498779,14.89161205291748,-66.08153533935547,14.783645629882812,-3.5068817138671875,-3.0389251708984375,0.03782598674297333,-0.4156672954559326,1.0139001607894897,0.3741867244243622,0.3296705186367035,1.7810133695602417,0.014810770750045776,-0.23334550857543945,-0.2041631042957306,-1.893581509590149,0.1566617637872696
116,-5.911415100097656,-2.3110837936401367,2.5087356567382812,-4.333025932312012,-0.5378866195678711,-0.009563446044921875,10.061022758483887,-6.394485950469971,18.9699764251709,-46.12645721435547,20.0,-1.6993680000305176,-2.343201160430908,0.31141501665115356,-0.2312755286693573,-1.9273879528045654,-1.3771278858184814,1.178552269935608,2.114553213119507,0.23504434525966644,-0.36160147190093994,-0.7424697875976562,-1.4718151092529297,0.05310950055718422
117,1.4170265197753906,-1.4547796249389648,1.709064245223999,-2.9528369903564453,-0.3699178695678711,-0.0670318603515625,1.742354393005371,-7.484806060791016,12.514900207519531,-24.944313049316406,20.0,4.330236434936523,-1.082701563835144,-0.18178169429302216,0.027219675481319427,-5.972221851348877,-2.755034923553467,2.1280086040496826,2.358563184738159,-0.016265708953142166,-0.298439621925354,-0.9218581318855286,-1.4135713577270508,-0.29586276412010193
118,20.708099365234375,8.472549438476562,-7.3672685623168945,8.463127136230469,0.3932218551635742,-0.11501026153564453,-18.975582122802734,-2.8767547607421875,5.649440288543701,-14.316814422607422,20.0,6.456277847290039,0.5623179078102112,0.3457711637020111,-0.8484503030776978,-7.67653226852417,-2.24686336517334,1.594773530960083,1.3641908168792725,0.26871082186698914,-0.31806349754333496,0.6307246088981628,0.0037683844566345215,-0.8480544686317444
119,43.06794738769531,13.596406936645508,-11.6195650100708,8.400135040283203,-2.681001663208008,1.3684272766113281,-35.52388000488281,-3.7529866695404053,-2.9754323959350586,2.004138946533203,15.317596435546875,3.432593822479248,3.1188926696777344,1.0368047952651978,-0.09088349342346191,-4.0269269943237305,3.0074939727783203,-1.1687417030334473,-2.129967451095581,-0.15667641162872314,0.08122310042381287,6.792588710784912,5.022587776184082,2.212567090988159
120,49.00857925415039,21.3387393951416,-36.45953369140625,-79.10490417480469,-6.271849155426025,5.122211933135986,-39.1492919921875,3.0884807109832764,-3.40097713470459,-3.784923553466797,-0.9882569313049316,-0.09825515747070312,1.8326207399368286,-0.22114789485931396,0.3456711769104004,1.0395622253417969,-2.5985665321350098,0.6483749151229858,-3.6343812942504883,-0.4760470390319824,0.47070422768592834,9.344189643859863,4.179727077484131,3.2080729007720947
121,17.430465698242188,13.850279808044434,-38.63893508911133,-82.14751434326172,-4.803593158721924,3.642319917678833,-21.586456298828125,4.042850494384766,-2.2448782920837402,-14.557807922363281,-1.2668976783752441,-0.3611764907836914,1.9043965339660645,-0.09226268529891968,0.18963471055030823,0.2223760187625885,-2.1954476833343506,0.698117733001709,-3.8786959648132324,0.3309687077999115,0.8071648478507996,5.122581481933594,1.736958384513855,1.583784580230713
122,-16.740419387817383,10.636192321777344,-27.8956241607666,-82.20793151855469,-6.964666366577148,4.5015997886657715,12.155437469482422,1.555471658706665,-1.5011018514633179,-5.50837516784668,-0.2535524368286133,-0.16115236282348633,2.447540283203125,-0.05604259669780731,0.059679463505744934,-0.5980247855186462,-1.990879774093628,0.2597074806690216,-2.279021978378296,0.4446568191051483,0.48469120264053345,1.2845444679260254,1.6172218322753906,0.8897629976272583
123,8.675201416015625,18.990917205810547,-19.082015991210938,-57.499507904052734,7.313875198364258,-0.2883976101875305,-10.650030136108398,-1.3037141561508179,-2.105808734893799,-2.605649471282959,-0.7069480419158936,-0.06945697963237762,2.6533541679382324,-0.1487886607646942,0.18982751667499542,-1.0017313957214355,-1.651530385017395,0.4243330657482147,-2.0856335163116455,0.046616632491350174,-0.04069067910313606,-0.6256456971168518,-1.130587100982666,0.06779416650533676
124,-8.704504013061523,17.037029266357422,-19.15689468383789,-59.36578369140625,11.797898292541504,-1.27031672000885,0.15734481811523438,2.9679901599884033,-2.103726863861084,2.4552764892578125,-0.030033588409423828,-0.04769301414489746,2.60830020904541,-0.13463637232780457,0.06304570287466049,-1.4890575408935547,-1.4441418647766113,0.19253206253051758,-1.627781629562378,0.19385561347007751,-0.3928526043891907,-2.2152209281921387,-1.5886410474777222,-1.169297456741333
125,2.4726505279541016,9.137516021728516,-10.587516784667969,-45.39661407470703,17.87746238708496,-3.3888447284698486,-9.144155502319336,9.082329750061035,-6.796356201171875,7.929344654083252,0.20134055614471436,0.20782816410064697,2.4468376636505127,-0.09006504714488983,0.25740596652030945,-1.5543676614761353,-1.2969568967819214,0.11269012093544006,-2.1368446350097656,0.6247652769088745,-0.7714147567749023,-1.1223597526550293,-0.9932198524475098,-0.680979311466217
126,-9.609426498413086,10.939288139343262,-13.38150691986084,-41.15553665161133,20.0,-5.669321060180664,7.95085334777832,-3.30692720413208,3.267212390899658,1.6546821594238281,-0.12940263748168945,-0.02942347526550293,2.680999755859375,-0.47013846039772034,0.1509697437286377,-2.1499903202056885,-1.1957603693008423,0.36215510964393616,-0.790969729423523,0.2242531031370163,-0.3664640784263611,-3.1552932262420654,-2.9898393154144287,-1.5567240715026855
127,-7.518792152404785,9.5191650390625,-5.139405727386475,-9.294209480285645,20.0,-4.343967437744141,7.511508464813232,-1.8621776103973389,0.47928285598754883,5.246538162231445,0.45781397819519043,0.10637712478637695,1.9709540605545044,-0.021865133196115494,0.18330904841423035,-0.5465157628059387,-0.7783052325248718,-1.9270364046096802,-0.07247570157051086,0.33377042412757874,-0.7289103865623474,-4.0886549949646,-1.445913553237915,-2.1660189628601074
128,-20.72834014892578,4.5512919425964355,-2.3734588623046875,-15.79509449005127,20.0,-4.582467555999756,18.571205139160156,-5.355979919433594,5.714868068695068,8.164773941040039,0.22804689407348633,0.09252452850341797,0.806712806224823,-0.14705413579940796,0.3862268030643463,1.173065185546875,0.48058754205703735,-1.6931204795837402,0.9027302861213684,-0.0054588597267866135,-0.0061706481501460075,-4.755237579345703,-2.3049936294555664,-2.5287256240844727
129,-37.84032440185547,-0.8420387506484985,4.921457767486572,-0.3906669616699219,17.421358108520508,-3.3294482231140137,43.81359100341797,-14.735664367675781,12.674185752868652,8.844966888427734,0.9185214042663574,0.03169727325439453,-3.414747714996338,0.15791015326976776,0.7089136838912964,7.608743667602539,6.749161243438721,-2.3298587799072266,2.9937052726745605,-0.6860256195068359,0.6702204942703247,-8.008210182189941,1.2591933012008667,-3.43721342086792
130,-47.454647064208984,0.6562652587890625,2.0661606788635254,-10.812068939208984,-1.3093271255493164,0.1392359733581543,69.7992935180664,-18.07416534423828,27.375783920288086,-24.652660369873047,-16.68578338623047,-11.700471878051758,-5.0870771408081055,0.8221815824508667,0.934952974319458,9.377659797668457,5.998239040374756,-2.485836982727051,1.4415323734283447,-1.3718461990356445,-0.6027870774269104,-1.2446707487106323,9.104823112487793,1.1472216844558716
131,-1.54736328125,1.4698755741119385,-7.02972936630249,-12.347585678100586,-1.1703705787658691,0.4637807607650757,15.538177490234375,-17.667152404785156,39.13786697387695,-66.4613037109375,3.2101850509643555,-12.031670570373535,-4.130922317504883,-0.13119186460971832,-1.5596671104431152,5.358386516571045,3.3658502101898193,-0.5812009572982788,1.3501499891281128,-0.19960951805114746,-0.11270911991596222,1.521417498588562,-3.036269426345825,0.6053192615509033
132,-1.0547809600830078,-4.517312049865723,5.399868488311768,-2.7131290435791016,-0.6762552261352539,0.01706966757774353,7.297823429107666,-18.866361618041992,34.94585418701172,-72.35635375976562,8.204399108886719,-7.810894012451172,-3.65272855758667,-0.24882195889949799,-0.6644412875175476,3.5043251514434814,0.8178731203079224,0.09746088087558746,1.6459635496139526,-0.2165246158838272,0.12216965854167938,0.8594170212745667,-2.6384835243225098,0.3581869304180145
133,-9.254873275756836,-6.767084121704102,6.852379322052002,-8.308025360107422,-0.7069574594497681,-0.0323946475982666,17.799095153808594,-13.04922866821289,17.491355895996094,-64.61515808105469,16.63222885131836,-1.9101091623306274,-3.0414721965789795,-0.010798360221087933,0.13822510838508606,-0.5379645228385925,-0.7186355590820312,1.215298056602478,2.262416124343872,0.036203496158123016,0.01641208678483963,-0.15427523851394653,-2.0564723014831543,0.13812200725078583
134,9.386223793029785,-2.324659824371338,1.4592959880828857,1.3572406768798828,-0.08184051513671875,-0.13759219646453857,-10.400456428527832,-12.999871253967285,15.60248851776123,-66.05509185791016,20.0,-0.506737232208252,-1.9338830709457397,0.06669464707374573,0.04989135265350342,-3.288161277770996,-1.4123576879501343,0.814139187335968,2.5480098724365234,0.13499391078948975,-0.19476114213466644,-1.0918375253677368,-1.64425528049469,0.49443289637565613
135,12.362262725830078,-1.0539568662643433,0.6852827668190002,5.033599853515625,0.08037209510803223,-0.1000627875328064,-10.692033767700195,-11.481709480285645,11.625812530517578,-34.50196075439453,20.0,3.047069549560547,-0.5071772933006287,-0.20182165503501892,0.1474040150642395,-5.310998439788818,-2.0339388847351074,0.4260338842868805,2.7150890827178955,-0.008786369115114212,-0.23930953443050385,-1.3395826816558838,-1.4313141107559204,-0.08444654941558838
136,3.1806693077087402,1.175916075706482,-1.9045405387878418,7.522504806518555,0.09292984008789062,0.07804679870605469,-1.72900390625,-6.234036922454834,9.710708618164062,-15.478970527648926,20.0,6.271198272705078,0.33252349495887756,-0.022696413099765778,-0.18112196028232574,-5.801302909851074,-2.8870553970336914,1.9235254526138306,2.569589138031006,0.3038012683391571,-0.03653065487742424,-1.0861752033233643,-1.3822791576385498,0.05630619823932648
137,21.289859771728516,10.258206367492676,-7.780801773071289,6.23663330078125,0.22587013244628906,-0.03944826126098633,-19.044652938842773,-4.093260288238525,-0.5789807438850403,0.7404289245605469,20.0,3.872687816619873,1.767980933189392,0.114228256046772,-0.9110867977142334,-8.542292594909668,-3.487565279006958,2.4862239360809326,-0.27500757575035095,-0.05642464756965637,-0.011625788174569607,3.4504239559173584,1.8788518905639648,1.437712550163269
138,41.846649169921875,13.377628326416016,-23.266267776489258,-42.16912078857422,-20.0,3.159776210784912,-32.184234619140625,-1.2422406673431396,-3.404405117034912,0.6099357604980469,1.7684001922607422,0.37885475158691406,2.3210830688476562,0.3776422142982483,0.5489712357521057,-0.69373619556427,6.133160591125488,1.081544041633606,-2.0773003101348877,-0.8518179059028625,-0.39529749751091003,8.727028846740723,6.896035194396973,3.5980896949768066
139,20.478561401367188,16.580732345581055,-31.10527992248535,-81.11963653564453,-9.091070175170898,3.1812045574188232,-21.44314193725586,2.952644109725952,0.38561129570007324,-10.744132995605469,-1.7382177114486694,-0.4331331253051758,1.5927058458328247,-0.25294187664985657,0.4202331006526947,0.9047353267669678,-2.4360592365264893,0.7446775436401367,-2.5074615478515625,-0.3425218462944031,0.8410982489585876,7.014223575592041,0.7815989851951599,1.8613758087158203
140,18.029422760009766,15.847054481506348,-31.874164581298828,-75.83430480957031,-4.934145927429199,3.315760374069214,-19.73542022705078,9.623773574829102,-7.526167869567871,-7.560691833496094,-0.49176025390625,-0.11027073860168457,1.7108217477798462,-0.07029566168785095,0.18932855129241943,0.33352264761924744,-2.202411413192749,0.588363766670227,-2.979001522064209,0.7081639170646667,0.581133246421814,4.994149684906006,0.9177089333534241,1.4964637756347656
141,-0.08723163604736328,17.394834518432617,-28.04768943786621,-72.92543029785156,-4.769245147705078,3.8036327362060547,-2.58164119720459,-2.7683515548706055,1.0154991149902344,-8.20197582244873,-0.44328808784484863,-0.17952466011047363,2.1140270233154297,-0.09734993427991867,0.2432536780834198,-0.4471234977245331,-1.8723152875900269,0.31148165464401245,-2.203502893447876,0.6731419563293457,0.7586492300033569,1.3149725198745728,0.6081348061561584,0.9139312505722046
142,4.4787139892578125,15.453469276428223,-22.548362731933594,-60.37912368774414,3.7206838130950928,-0.9681591987609863,-7.973630905151367,1.3581111431121826,-4.985239505767822,-0.9672471880912781,-0.3809776306152344,-0.012111783027648926,2.255631923675537,-0.034693099558353424,0.23290258646011353,-0.8455439805984497,-1.7225261926651,0.45486119389533997,-1.9794310331344604,0.273237943649292,-0.573988139629364,-0.2706950008869171,-0.6885235905647278,0.2877318859100342
143,-4.26109504699707,16.534570693969727,-16.197250366210938,-59.74384689331055,8.505895614624023,-2.6035959720611572,0.2556114196777344,-1.086846113204956,1.0672287940979004,0.46018505096435547,-0.1496109962463379,-0.08181005716323853,2.580033302307129,-0.3206396996974945,0.38214048743247986,-1.5669511556625366,-1.3810834884643555,0.4175674319267273,-1.2033312320709229,0.045077841728925705,-0.21662084758281708,-2.241464376449585,-1.5941931009292603,-0.49588239192962646
144,-7.719648361206055,14.014143943786621,-13.588233947753906,-43.14751434326172,16.983463287353516,-3.9967517852783203,2.4048547744750977,5.455239772796631,-3.308777093887329,7.250358581542969,0.2232799530029297,0.055181145668029785,2.4972665309906006,-0.30943435430526733,0.26414453983306885,-1.6981563568115234,-1.2858257293701172,0.23815606534481049,-0.7783458232879639,0.34889745712280273,-0.5334579944610596,-2.2273850440979004,-1.7869787216186523,-0.9695550203323364
145,-13.161863327026367,19.852420806884766,-15.634072303771973,-27.03038215637207,19.548179626464844,-5.6606879234313965,6.064975261688232,-5.35453462600708,4.7528076171875,3.0716934204101562,0.14836955070495605,-0.0004096031188964844,2.074394464492798,-0.3243984282016754,-0.03645223751664162,-1.5619666576385498,-1.1645002365112305,-0.039737164974212646,-0.13738779723644257,0.3549216091632843,-0.17481529712677002,-3.9208414554595947,-1.6281129121780396,-1.39936101436615
146,3.025395393371582,9.734447479248047,-8.573593139648438,-13.124147415161133,20.0,-5.423375129699707,-4.807385444641113,-3.7317395210266113,0.8296985626220703,5.846477508544922,0.01276540756225586,0.05930328369140625,1.6445598602294922,-0.1671907752752304,0.14976876974105835,-0.8024560809135437,-1.3463325500488281,-1.440093755722046,-0.2009897530078888,0.0012889974750578403,-0.3560252785682678,-3.758310317993164,-2.3580451011657715,-2.623589515686035
147,-9.743898391723633,10.240243911743164,-6.563204765319824,-3.5207886695861816,20.0,-3.6664443016052246,18.839710235595703,-15.3779296875,10.69957447052002,2.7488746643066406,0.09404754638671875,0.037713050842285156,0.5823830962181091,0.16098955273628235,0.4600140452384949,1.93162202835083,0.18687915802001953,-2.8688955307006836,1.846426248550415,-0.6286638379096985,0.04301685839891434,-6.982323169708252,-3.8212828636169434,-4.005788803100586
148,-45.834259033203125,4.7642621994018555,0.24015259742736816,-0.7582931518554688,9.496850967407227,-1.4006304740905762,52.30525207519531,-18.881031036376953,16.40976333618164,17.46147346496582,1.2679240703582764,0.16526412963867188,-3.4295501708984375,0.2724910378456116,0.40144455432891846,9.271842002868652,7.3238139152526855,-2.922847032546997,3.622797727584839,-2.2262847423553467,-1.0158953666687012,-2.609848737716675,7.867071628570557,0.4610617160797119
149,-47.97554016113281,4.043641090393066,-2.6568474769592285,-16.718109130859375,-1.8323125839233398,0.4414689540863037,52.927398681640625,-20.735126495361328,43.066898345947266,-30.24163818359375,-13.481435775756836,-13.458649635314941,-5.454623222351074,0.8146221041679382,-0.7885327339172363,8.612391471862793,3.875359296798706,-0.40672460198402405,0.07292142510414124,0.8314049243927002,0.5918589234352112,1.6312291622161865,-3.9813194274902344,0.6297730207443237
150,-16.677722930908203,-7.526870250701904,4.47105073928833,-9.869539260864258,-1.025867223739624,0.07325220108032227,36.02122497558594,-13.25977897644043,37.83224105834961,-53.95745849609375,11.997430801391602,-7.622453212738037,-4.9704270362854,-0.17747166752815247,-1.1323331594467163,5.957145690917969,1.4798640012741089,0.5055208802223206,1.1993697881698608,0.004929155111312866,0.0066779255867004395,1.4408988952636719,-2.592782974243164,0.2635578513145447
151,-2.9694080352783203,-9.732562065124512,8.778210639953613,-9.713545799255371,-0.6203265190124512,-0.10427618026733398,12.026214599609375,-4.6355438232421875,23.81670570373535,-59.217498779296875,20.0,-5.147995471954346,-4.1260762214660645,-0.595422089099884,-0.048730991780757904,1.491577386856079,0.5728122591972351,1.2092392444610596,1.7813198566436768,-0.16338832676410675,0.12661412358283997,0.6431741714477539,-2.38691782951355,0.1364893913269043
152,9.065560340881348,-1.8115861415863037,2.3724281787872314,-7.653591156005859,-0.541094183921814,-0.17719900608062744,-6.339245796203613,-0.7934134602546692,11.834851264953613,-54.39490509033203,20.0,-0.5901210308074951,-2.5404860973358154,-0.17586374282836914,0.13858351111412048,-3.905531167984009,-0.6938034296035767,0.5142772793769836,2.2305774688720703,0.07348482310771942,-0.09288187325000763,-0.34055083990097046,-1.9451634883880615,0.20453159511089325
153,6.809019088745117,2.0265824794769287,-1.4884834289550781,1.6236305236816406,-0.427034854888916,0.05328059196472168,-3.2392730712890625,-9.83006477355957,7.962363243103027,-23.37657928466797,20.0,4.498476982116699,-1.1249040365219116,-0.25142887234687805,-0.2145167589187622,-7.045926094055176,-3.144928455352783,1.9179307222366333,2.340862989425659,0.1602550446987152,-0.1044841855764389,-0.47208818793296814,-1.74565851688385,-0.26035404205322266
154,26.430389404296875,8.01689338684082,-5.2820143699646,12.199325561523438,0.46184206008911133,-0.1472156047821045,-23.534133911132812,-10.919644355773926,4.484707832336426,-16.75337028503418,20.0,4.46741247177124,0.840057373046875,0.05210112780332565,-0.36165541410446167,-8.656097412109375,-2.934129476547241,1.2884045839309692,1.0601325035095215,-0.033083297312259674,0.10714851319789886,1.6462866067886353,-0.1516454517841339,1.1384583711624146
155,44.80911636352539,11.466836929321289,-22.999103546142578,-45.366668701171875,-20.0,4.372690200805664,-35.032100677490234,2.980741024017334,-11.927373886108398,2.804889678955078,12.610526084899902,3.324716091156006,2.6356496810913086,0.6829079389572144,0.45336711406707764,-1.535482406616211,9.273941993713379,0.5732288360595703,-1.657967209815979,-0.6824009418487549,-0.4970698654651642,7.198306560516357,5.30337381362915,2.9319162368774414
156,21.607145309448242,20.758285522460938,-34.265113830566406,-75.88436889648438,-7.591207027435303,4.308764457702637,-19.9346866607666,0.3623046875,1.1779835224151611,-7.664907455444336,-1.1498222351074219,-0.3349299430847168,1.7523127794265747,-0.20534692704677582,0.2928274869918823,1.1121042966842651,-2.6897380352020264,0.6512319445610046,-2.206016778945923,-0.3746863603591919,0.6713157892227173,5.960909843444824,2.699298620223999,1.9572454690933228
157,22.956335067749023,20.14183807373047,-36.08554458618164,-78.78703308105469,-1.554208755493164,1.1856083869934082,-20.373966217041016,4.4865312576293945,-4.830138683319092,-6.149457931518555,-0.7704768180847168,-0.1457068920135498,2.0771212577819824,0.05658137798309326,0.23670251667499542,0.41280606389045715,-2.450401782989502,0.7311610579490662,-2.5338518619537354,0.24021820724010468,0.4402393698692322,4.093100070953369,1.4289945363998413,1.3367623090744019
158,-2.7222652435302734,15.086082458496094,-29.953998565673828,-85.87590789794922,-4.518006801605225,3.0742602348327637,1.634284496307373,2.7867417335510254,-0.11572790145874023,-2.885284423828125,-0.36234015226364136,-0.16411828994750977,2.6600732803344727,-0.11391036212444305,0.15179482102394104,-0.5082689523696899,-2.0833966732025146,0.3541768789291382,-1.4526071548461914,0.6815038323402405,0.9902268648147583,1.6057374477386475,0.11197488009929657,0.9457512497901917
159,-11.25967025756836,18.100847244262695,-25.09621238708496,-77.79886627197266,1.4132225513458252,0.3818986415863037,-2.3763504028320312,3.317700147628784,-6.050271511077881,2.349369525909424,-0.07855379581451416,0.030928373336791992,2.330143451690674,0.01106206327676773,0.052654899656772614,-0.9852993488311768,-1.7379589080810547,0.2660060226917267,-1.6301939487457275,0.5059651136398315,-0.4005185663700104,0.7927215099334717,-0.21077388525009155,0.99781334400177
160,8.758512496948242,14.638941764831543,-20.700977325439453,-59.24583435058594,8.434638977050781,-2.333533763885498,-11.771240234375,0.04963552951812744,-0.1797940731048584,-0.49615278840065,-0.2961606979370117,-0.15776044130325317,2.481492042541504,-0.26241353154182434,0.24943795800209045,-1.4560997486114502,-1.3497824668884277,0.5973306894302368,-1.5770705938339233,0.22475789487361908,-0.2305610477924347,-0.2883707880973816,-1.3307095766067505,-0.4271414279937744
161,-8.599321365356445,13.935770034790039,-17.988636016845703,-51.52350997924805,12.767507553100586,-3.425424098968506,4.942569732666016,0.8327410221099854,0.3733854591846466,2.202254295349121,0.058283329010009766,-0.004973292350769043,2.74025559425354,-0.34864357113838196,0.13438653945922852,-1.941800594329834,-1.194291591644287,0.28175193071365356,-0.5877366662025452,0.3968479633331299,-0.03383476287126541,-1.7927329540252686,-2.058643102645874,-0.9047673344612122
162,-1.2885017395019531,14.211376190185547,-10.389623641967773,-27.872915267944336,19.113473892211914,-5.666715145111084,-3.733811140060425,-1.2304418087005615,-0.906754732131958,0.17660903930664062,0.08466410636901855,0.05738997459411621,2.5375149250030518,-0.30238014459609985,0.12872961163520813,-1.9624683856964111,-1.0652376413345337,0.2630751132965088,-0.2514764070510864,0.2186746597290039,-0.4730660915374756,-3.8997912406921387,-1.1870577335357666,-1.6385424137115479
163,-16.611888885498047,12.726736068725586,-11.761871337890625,-32.11512756347656,20.0,-4.335892677307129,8.5078125,0.7136416435241699,0.08302426338195801,10.170681953430176,0.18754148483276367,0.12018585205078125,2.33174991607666,-0.26407238841056824,0.1677420288324356,-1.9416908025741577,-1.100570559501648,0.08220362663269043,0.19229575991630554,0.2980790138244629,-0.424396276473999,-3.4285693168640137,-2.0166308879852295,-2.0263829231262207
164,4.831326961517334,13.692474365234375,-12.012919425964355,-8.815509796142578,20.0,-4.216150283813477,-8.890058517456055,-0.4002434313297272,-0.22560787200927734,7.592839241027832,0.27109694480895996,0.1761007308959961,1.440065622329712,-0.2259978950023651,-0.16966140270233154,-0.7090431451797485,-1.2891474962234497,-1.6120396852493286,-0.5116389393806458,0.12377126514911652,-0.7961783409118652,-1.6788029670715332,-0.9942816495895386,-2.1001551151275635
165,-5.786076545715332,6.112545490264893,-3.444417953491211,1.9401092529296875,20.0,-3.5086278915405273,14.408655166625977,-10.882200241088867,8.497626304626465,1.453145980834961,0.17075717449188232,0.08724069595336914,-0.40760481357574463,0.127658873796463,0.2649346888065338,3.066227674484253,0.9277324676513672,-2.767864942550659,0.5815924406051636,-0.09553402662277222,-0.06496425718069077,-3.5104568004608154,-0.9310478568077087,-2.0707528591156006
166,-27.40753173828125,6.275620460510254,0.4245634078979492,-1.6488914489746094,17.975011825561523,-2.972609519958496,38.522682189941406,-23.657825469970703,18.552520751953125,2.9762725830078125,0.3503122329711914,-0.07625102996826172,-3.392076015472412,0.5756742358207703,1.0453684329986572,7.797364711761475,6.4625701904296875,-2.3538577556610107,3.2367188930511475,-0.9450575709342957,1.3382723331451416,-8.423362731933594,-0.4198744595050812,-3.09885311126709
167,-48.63255310058594,4.340061187744141,-2.458512544631958,-12.833446502685547,-1.3437690734863281,0.2289438247680664,67.34063720703125,-17.485971450805664,32.87336730957031,-32.61322784423828,-17.17477798461914,-11.400832176208496,-4.740560054779053,1.6936378479003906,0.2564676105976105,8.755508422851562,5.526817321777344,-2.2899296283721924,0.8201394081115723,-0.28187525272369385,-0.8562195301055908,0.7757657766342163,0.008417129516601562,1.3328814506530762
168,-21.412214279174805,-7.0098557472229,3.2673532962799072,-11.256147384643555,-1.3671486377716064,0.32582467794418335,32.43601989746094,-15.553936004638672,38.90871810913086,-50.56053161621094,10.895145416259766,-8.69036865234375,-5.225576877593994,0.23978756368160248,-0.7448767423629761,6.166627407073975,2.2609870433807373,0.0907721221446991,1.3126118183135986,-0.10593126714229584,-0.15728920698165894,1.4298994541168213,-2.7427525520324707,0.3353029787540436
169,0.3446178436279297,-7.088395118713379,3.9382567405700684,-8.351688385009766,-0.6639347076416016,0.027466773986816406,4.098367691040039,-11.394381523132324,29.481502532958984,-71.67646789550781,18.132984161376953,-3.788619041442871,-4.343584060668945,-0.4810772240161896,-0.8599512577056885,1.9360361099243164,0.944580078125,0.9017996191978455,1.8707301616668701,-0.12629076838493347,-0.07570613920688629,0.45386964082717896,-2.3639578819274902,-0.09159940481185913
170,8.505727767944336,-3.9309582710266113,4.7521586418151855,-8.46784782409668,-0.6459943056106567,-0.15236127376556396,-5.806371212005615,-2.2156853675842285,15.089255332946777,-52.07452392578125,20.0,-1.8963499069213867,-2.663964033126831,-0.27306291460990906,0.01466560922563076,-3.6096301078796387,-0.6716171503067017,0.7322239875793457,2.22813081741333,-0.048580482602119446,-0.003975622355937958,-0.2882705330848694,-2.0016374588012695,0.17963504791259766
171,8.811140060424805,-7.593299865722656,4.543233394622803,9.434678077697754,0.02503681182861328,-0.04094696044921875,-12.580726623535156,-5.546229362487793,10.790949821472168,-52.122406005859375,20.0,2.8211309909820557,-1.8040354251861572,-0.456024169921875,0.0870010107755661,-3.893115997314453,-2.31624698638916,1.8597331047058105,2.2405478954315186,0.2191053330898285,-0.009227078408002853,-0.7137845754623413,-1.6757820844650269,-0.0435064435005188
172,16.97768783569336,-0.21187901496887207,0.6786257028579712,5.369194030761719,0.18645048141479492,-0.20835471153259277,-19.248350143432617,-6.963742256164551,4.425255298614502,-36.357269287109375,20.0,7.392364501953125,-0.1525067836046219,-0.463816374540329,0.09508725255727768,-6.600249290466309,-2.595353364944458,1.1937472820281982,2.3384523391723633,0.21870572865009308,-0.12047682702541351,-1.0760890245437622,-1.4459805488586426,-0.3968760073184967
173,31.783058166503906,18.05034828186035,-12.59866714477539,9.025825500488281,0.31276941299438477,0.03997063636779785,-20.49074935913086,-9.599760055541992,-0.307223916053772,-0.7332887649536133,20.0,3.9466910362243652,2.400038003921509,0.28501033782958984,-0.7081214189529419,-9.38430404663086,-3.497901201248169,1.5133578777313232,0.24307766556739807,-0.11143331974744797,-0.1134473979473114,3.2653238773345947,1.4955817461013794,2.3769519329071045
174,48.74468231201172,9.192018508911133,-20.785396575927734,-36.29788589477539,-18.467296600341797,0.3501319885253906,-41.051170349121094,-5.059675693511963,-2.7504687309265137,-4.126941680908203,8.477056503295898,1.5284929275512695,2.4687283039093018,0.36910441517829895,0.730974555015564,-0.5558571815490723,5.255910873413086,0.2530805468559265,-2.246145725250244,-1.4795588254928589,-0.4213012158870697,7.334418773651123,6.356962203979492,3.2119479179382324
175,18.002178192138672,21.29869270324707,-36.39774703979492,-70.5572738647461,-6.293413162231445,3.696366786956787,-18.427509307861328,2.555675745010376,0.20401716232299805,-10.079751968383789,-1.4224815368652344,-0.4011971950531006,1.6772490739822388,0.13790851831436157,0.3630284368991852,0.9901955127716064,-2.681514024734497,0.5760458707809448,-2.7329065799713135,-0.18878865242004395,0.9232228994369507,4.578716278076172,2.6050281524658203,1.4432212114334106
176,9.382675170898438,16.68330955505371,-36.98798751831055,-85.7798843383789,-6.752216815948486,3.1791818141937256,-5.562434196472168,6.066180229187012,-3.9004650115966797,-1.1293964385986328,-0.4592466354370117,-0.07359099388122559,2.2429699897766113,-0.06294195353984833,0.06755531579256058,0.19884103536605835,-2.4209768772125244,0.44717827439308167,-2.0926945209503174,0.21152019500732422,0.720050573348999,3.2154734134674072,1.45630943775177,1.7241178750991821
177,13.47575569152832,12.205170631408691,-27.595712661743164,-75.55496978759766,-2.0479111671447754,0.1653960943222046,-16.971778869628906,5.744281768798828,-5.80586576461792,-2.398761749267578,-0.43657875061035156,-0.11967408657073975,2.3101913928985596,-0.15396159887313843,0.20324182510375977,-0.42733606696128845,-2.029741048812866,0.6870988011360168,-2.600177526473999,0.18831728398799896,0.2101428359746933,2.1043875217437744,1.1890209913253784,0.8616313338279724
178,4.934543609619141,15.500045776367188,-28.104074478149414,-69.20464324951172,4.614294052124023,1.4594199657440186,-9.291426658630371,7.929595470428467,-4.938403606414795,-0.03122711181640625,-0.426097571849823,-0.07177017629146576,2.3413503170013428,-0.05432106554508209,-0.04331366717815399,-0.8704056143760681,-1.7404009103775024,0.12792757153511047,-2.6319870948791504,0.9389954805374146,-0.08320513367652893,0.9090699553489685,-0.34977036714553833,0.08439044654369354
179,-5.838973045349121,12.444805145263672,-17.27216911315918,-53.3409538269043,8.109920501708984,-1.068342685699463,3.9368982315063477,-1.0365369319915771,0.367539644241333,-0.526064395904541,-0.05494111776351929,-0.03662455081939697,2.61928653717041,-0.18670375645160675,0.06074440851807594,-1.353337049484253,-1.5453170537948608,0.0866401344537735,-1.7594904899597168,0.8014456033706665,0.06497131288051605,-1.1035468578338623,-0.4854890704154968,-0.3136764466762543
180,-1.709935188293457,15.608457565307617,-14.41224479675293,-45.812530517578125,15.985361099243164,-5.446887969970703,-0.5607290267944336,-0.014534235000610352,-2.7781143188476562,4.803502082824707,-0.02873373031616211,0.07567822933197021,2.740307092666626,-0.21405097842216492,0.1364709734916687,-1.6144596338272095,-1.4577016830444336,0.327796995639801,-1.3286384344100952,0.4035705327987671,-0.7523185610771179,-1.399948000907898,-1.3806153535842896,-0.6518070101737976
181,-7.513376712799072,13.740387916564941,-11.837309837341309,-25.990764617919922,20.0,-6.623401641845703,2.7323808670043945,-5.965997219085693,4.414645671844482,0.7055130004882812,-0.05161237716674805,-0.042443037033081055,2.497997283935547,-0.40249940752983093,0.1412668079137802,-1.7096480131149292,-1.2714778184890747,0.016662418842315674,-0.7937922477722168,-0.0422278493642807,-0.40671151876449585,-3.189870595932007,-2.1029462814331055,-1.584830641746521
182,-4.68666410446167,15.540069580078125,-12.411181449890137,-18.428316116333008,20.0,-5.209197044372559,5.091363430023193,-5.828671455383301,4.517611026763916,3.3387527465820312,0.12927865982055664,0.034940242767333984,2.2922513484954834,-0.1947476863861084,-0.044127363711595535,-1.1584159135818481,-1.36772882938385,-1.7194180488586426,0.2477828711271286,-0.02801637165248394,-0.14649516344070435,-5.077703475952148,-2.1188247203826904,-2.430842638015747
183,-19.540206909179688,9.162485122680664,-11.349924087524414,-21.057979583740234,20.0,-4.344956398010254,13.391143798828125,-3.187804698944092,2.7974557876586914,11.356293678283691,0.39647984504699707,0.1519317626953125,1.8352086544036865,-0.10177614539861679,0.06424511969089508,-0.5931368470191956,-1.2847822904586792,-1.8226854801177979,0.8799164295196533,-0.24215376377105713,-0.10570883005857468,-4.803089141845703,-1.8961467742919922,-2.9048268795013428
184,-28.59592056274414,2.476670265197754,3.0866482257843018,5.112476348876953,20.0,-3.325775623321533,32.527732849121094,-15.546976089477539,12.85972785949707,8.458396911621094,0.5527615547180176,0.07848119735717773,-2.662024736404419,0.2098093330860138,0.6125527024269104,7.055781841278076,5.009438514709473,-2.616743803024292,2.0695323944091797,-1.0867643356323242,0.6374419331550598,-6.337736129760742,-0.8641417622566223,-3.3537511825561523
185,-57.21894836425781,-2.3810079097747803,5.137601375579834,-7.272800445556641,-0.8286352157592773,0.14490747451782227,77.6673583984375,-20.261516571044922,37.7633056640625,-33.31134033203125,-16.878732681274414,-11.813568115234375,-5.085060119628906,1.0814238786697388,1.2618974447250366,11.286531448364258,7.74122953414917,-2.538872718811035,1.7556328773498535,-0.6870665550231934,-0.37144288420677185,-1.7981797456741333,10.3896484375,1.2730624675750732
186,-15.228630065917969,8.994243621826172,-10.490145683288574,-19.438087463378906,-1.7946066856384277,0.48150885105133057,33.086421966552734,-26.06527328491211,52.062904357910156,-60.774932861328125,9.55771255493164,-13.016124725341797,-4.316109657287598,0.055430855602025986,-1.3784481287002563,5.418323993682861,3.992912530899048,-0.8654608130455017,1.5052249431610107,-0.39872032403945923,-0.3122885227203369,1.138796329498291,-2.722536087036133,0.3863455653190613
187,-13.17432975769043,-6.499842643737793,4.995219707489014,-8.641786575317383,-1.134385347366333,0.13505923748016357,19.844053268432617,-6.6392974853515625,28.41958999633789,-52.73753356933594,15.709146499633789,-5.812597274780273,-4.363860607147217,-0.11649446189403534,-1.2201586961746216,2.487844705581665,0.670606791973114,0.798526406288147,1.6266967058181763,-0.03621622920036316,-0.13419634103775024,0.5446125268936157,-2.2597875595092773,0.01944543421268463
188,1.3470382690429688,-2.762777090072632,3.636679172515869,-6.081390857696533,-0.5331524610519409,-0.12205463647842407,7.911933898925781,-10.062466621398926,21.043861389160156,-52.790367126464844,20.0,-1.8165762424468994,-3.1812803745269775,-0.051875725388526917,-0.8306872844696045,-1.5426290035247803,-0.6670243144035339,0.5258029103279114,2.1556339263916016,0.07744310796260834,-0.05931475758552551,-0.1318795084953308,-2.001351833343506,0.3090270459651947
189,13.981026649475098,-1.5249428749084473,3.3802051544189453,-0.050533294677734375,-0.22482061386108398,-0.08583295345306396,-12.430671691894531,-4.507075786590576,9.759510040283203,-50.35739517211914,20.0,1.0239448547363281,-1.4278335571289062,0.2610488533973694,-0.12523144483566284,-5.358861446380615,-2.0168039798736572,0.8977136015892029,2.563019037246704,0.07665178924798965,-0.24012592434883118,-0.9127801656723022,-1.7203234434127808,0.037660956382751465
190,14.611278533935547,2.9689714908599854,-3.1982903480529785,6.261516571044922,-0.00940561294555664,0.026259422302246094,-14.337462425231934,-7.640590190887451,8.125730514526367,-18.457109451293945,20.0,5.973608016967773,0.05980195105075836,0.2085999995470047,-0.4199220538139343,-7.572251319885254,-3.5436439514160156,1.9463038444519043,2.081432342529297,0.12340196222066879,-0.14086678624153137,-0.3264862895011902,-1.0512287616729736,-0.7713648080825806
191,20.688074111938477,-2.28678560256958,1.5027477741241455,17.389976501464844,0.7994155883789062,-0.16473865509033203,-18.47311782836914,-0.3026310205459595,0.14409029483795166,-13.38162612915039,20.0,5.355024337768555,1.0524526834487915,0.10811759531497955,-0.12892068922519684,-6.193723201751709,-2.151581048965454,2.1694066524505615,0.8945256471633911,-0.11709952354431152,-0.03285235911607742,1.932172417640686,0.15782946348190308,1.01897132396698
192,26.239917755126953,4.3502631187438965,-13.797327995300293,-30.119525909423828,-16.525733947753906,4.2928948402404785,-26.80244255065918,-3.3409929275512695,-4.233329772949219,-11.553277969360352,19.0521240234375,4.299311637878418,2.0187835693359375,0.4004857540130615,0.340486079454422,-0.6094059944152832,5.708742618560791,0.3334702253341675,-1.1850687265396118,-0.3731914758682251,0.07165617495775223,4.942874908447266,3.1948583126068115,1.9424415826797485
193,35.32695770263672,22.09539222717285,-31.92005729675293,-77.50668334960938,-5.283301830291748,4.2822980880737305,-26.293489456176758,1.772523045539856,-2.235880136489868,-1.0443840026855469,-0.4808664321899414,-0.09605216979980469,1.7679684162139893,-0.2874336838722229,0.5008329749107361,0.9074794054031372,-2.5225629806518555,0.7139448523521423,-2.1439950466156006,-0.6159902215003967,0.6100450754165649,6.682972431182861,4.1793084144592285,2.8537485599517822
194,16.23295783996582,17.862394332885742,-38.695709228515625,-94.71585845947266,-5.990777015686035,4.787941932678223,-16.78730010986328,11.004798889160156,-6.977567672729492,-3.1774864196777344,-0.8984777927398682,-0.2313222885131836,2.048868417739868,-0.07197374105453491,0.31339484453201294,0.07731570303440094,-2.2375075817108154,0.6582176685333252,-2.449441432952881,0.5853742361068726,0.6345518231391907,5.878020763397217,1.7144107818603516,1.9266843795776367
195,20.921897888183594,15.841792106628418,-36.597023010253906,-69.09027862548828,1.9044384956359863,1.9178545475006104,-19.87883758544922,1.8670129776000977,-3.5124073028564453,-6.850677490234375,-0.6522578001022339,-0.16949975490570068,2.289120674133301,-0.04143485426902771,0.185266375541687,-0.4330846071243286,-1.91461980342865,0.5552836656570435,-2.592034101486206,0.6047776341438293,-0.128440260887146,4.022744655609131,0.713018536567688,0.7950868010520935
196,0.5139560699462891,7.394026756286621,-21.40692710876465,-57.60531234741211,2.5778579711914062,1.9444854259490967,-7.169776916503906,-0.04183053970336914,1.3244943618774414,-10.645309448242188,-0.5820392966270447,-0.16488340497016907,2.321275472640991,-0.13937321305274963,0.281208336353302,-1.0831422805786133,-1.558256983757019,0.1762039214372635,-2.341972589492798,0.9166473150253296,0.6112730503082275,-0.2335229218006134,0.25453653931617737,-0.01795278862118721
197,-11.476837158203125,12.098593711853027,-17.744972229003906,-58.61084747314453,9.885973930358887,-0.36989790201187134,10.208740234375,0.9434070587158203,-2.7026278972625732,1.5667390823364258,-0.13611674308776855,0.03716462850570679,2.7890045642852783,-0.28591975569725037,0.13912580907344818,-1.6779890060424805,-1.3860430717468262,0.08801670372486115,-0.7602421045303345,0.5744773745536804,-0.16108351945877075,-2.423738479614258,-1.1917955875396729,-0.2880295515060425
198,-14.757150650024414,18.954193115234375,-9.844130516052246,-31.19451141357422,14.369633674621582,-5.83893346786499,6.177091598510742,-7.985505104064941,2.918290853500366,1.6682510375976562,-0.03940844535827637,-0.020519495010375977,2.4238481521606445,-0.27403533458709717,0.1798616647720337,-1.690792441368103,-1.2818942070007324,0.10780510306358337,-0.17757755517959595,-0.053773973137140274,-0.5330174565315247,-4.626834392547607,-1.6530154943466187,-1.1135731935501099
199,5.146531105041504,15.62576961517334,-11.376113891601562,-22.06098175048828,20.0,-7.197044372558594,-7.263884544372559,1.2353345155715942,-1.3249115943908691,10.710407257080078,0.16936016082763672,0.09922218322753906,2.133582353591919,-0.23931284248828888,0.14837168157100677,-1.2142601013183594,-1.2573373317718506,-0.10200782120227814,-0.46228456497192383,-0.10996607691049576,-0.8655835390090942,-2.8262526988983154,-2.0468268394470215,-1.6097131967544556
200,2.5851383209228516,6.839363098144531,-6.496793270111084,-12.776237487792969,20.0,-5.437085151672363,-0.22163358330726624,-4.758781909942627,4.566323280334473,2.607685089111328,0.08441305160522461,0.02217245101928711,2.024406909942627,-0.2877449691295624,0.2574211657047272,-0.6846820712089539,-1.60330331325531,-2.5180411338806152,0.07823608815670013,-0.2843858301639557,-0.08508142083883286,-3.8365964889526367,-2.287142753601074,-2.514063835144043
201,-23.835670471191406,12.11064338684082,-9.715784072875977,-9.554512977600098,20.0,-3.1473898887634277,22.79454231262207,-11.67025089263916,8.036958694458008,5.081087112426758,0.3202483654022217,0.07179689407348633,-0.23597462475299835,0.22701048851013184,0.3112529516220093,2.8074517250061035,1.0546724796295166,-2.4929707050323486,1.5579779148101807,-0.6759766340255737,-0.398590624332428,-6.792135238647461,-2.025451898574829,-3.8173928260803223
202,-26.992477416992188,9.97874927520752,-0.21684598922729492,-15.572585105895996,17.661828994750977,-3.572026252746582,36.61365509033203,-8.125597953796387,19.63124656677246,-14.614227294921875,-16.438758850097656,-8.15938949584961,-1.0735599994659424,0.5297492742538452,0.7381762862205505,5.195932865142822,3.693056583404541,-1.426883339881897,2.3559601306915283,-1.0491650104522705,-0.25507980585098267,-1.1474729776382446,6.903384208679199,1.1671124696731567
203,-49.19190216064453,-2.953733444213867,3.5879151821136475,-5.455272674560547,-0.6685781478881836,0.10324263572692871,53.96825408935547,-27.76320457458496,35.027565002441406,-57.36282730102539,12.028247833251953,-10.624151229858398,-4.190924644470215,0.8345895409584045,0.1928393542766571,8.086772918701172,6.40851354598999,-1.1487988233566284,1.0404307842254639,0.2108057290315628,-0.08969347923994064,1.0922009944915771,-2.568345308303833,0.7621036767959595
204,-32.37445831298828,-11.961872100830078,6.260727882385254,-8.56036376953125,-1.5344250202178955,0.15011164546012878,43.048736572265625,-13.800016403198242,39.328433990478516,-58.322059631347656,17.830968856811523,-5.212968826293945,-5.370645523071289,-0.4886392056941986,-0.4683018922805786,7.245669364929199,2.31377911567688,0.1933475136756897,1.1819664239883423,0.03659738600254059,-0.12376882135868073,0.635688304901123,-2.088282585144043,0.08951255679130554
205,1.5733070373535156,-0.17809796333312988,1.6303359270095825,-11.486852645874023,-0.5617904663085938,-0.046810150146484375,10.243193626403809,-14.763102531433105,30.02581787109375,-59.920021057128906,17.696269989013672,-2.8228158950805664,-3.8240182399749756,-0.43522924184799194,0.059865571558475494,2.3309710025787354,2.323336362838745,0.06467970460653305,2.16469407081604,0.009894073009490967,-0.04337358474731445,-0.24947097897529602,-1.9722177982330322,-0.010899633169174194
206,-0.35854339599609375,2.98502254486084,-1.9713778495788574,-8.81637954711914,-1.0304057598114014,0.06717932224273682,-0.3361787796020508,-14.234468460083008,24.577726364135742,-48.931312561035156,20.0,-0.9453766942024231,-3.021829128265381,-0.4337828755378723,-0.22049136459827423,-2.418409824371338,-1.300405502319336,0.8486688733100891,2.231337547302246,0.04139427840709686,0.006696984171867371,-0.8527892231941223,-1.576501488685608,0.03694939613342285
207,10.95883560180664,0.9677321314811707,-0.8537049293518066,4.235454559326172,-0.028888225555419922,-0.013534784317016602,-14.646234512329102,-7.52775239944458,11.51758861541748,-42.154537200927734,20.0,2.538092613220215,-2.0925750732421875,-0.1645948737859726,-0.7080439925193787,-4.067704677581787,-2.6462090015411377,1.620619535446167,2.2074413299560547,0.3245394825935364,-0.19373056292533875,-1.2961512804031372,-1.3065253496170044,-0.1708165854215622
208,15.510481834411621,6.6173834800720215,-4.1082987785339355,-0.19575119018554688,0.03870582580566406,-0.05063438415527344,-5.981121063232422,-4.993211269378662,7.0284423828125,-12.942755699157715,20.0,5.2412519454956055,0.46378254890441895,0.1288459748029709,-0.9402262568473816,-8.567798614501953,-2.7814857959747314,2.4186317920684814,2.531595230102539,0.3302527666091919,-0.052348848432302475,-1.0551438331604004,-1.2177081108093262,0.7935341596603394
209,40.877384185791016,12.905559539794922,-8.228681564331055,17.038528442382812,0.7629129886627197,-0.17605972290039062,-30.50257110595703,-0.8793845176696777,-6.56005859375,5.951684951782227,20.0,3.7259511947631836,2.6146023273468018,0.8077698945999146,-1.0260080099105835,-9.037172317504883,-1.9129588603973389,1.5488128662109375,-1.279792070388794,-0.22728000581264496,-0.1804579198360443,6.060266971588135,4.245219707489014,2.720388650894165
210,47.86915588378906,11.784377098083496,-25.72176170349121,-53.96103286743164,-20.0,4.926061153411865,-42.36552429199219,3.1437668800354004,-4.2607879638671875,-6.101589202880859,-0.6969108581542969,-0.14514541625976562,1.8186277151107788,-0.16425806283950806,0.37004992365837097,1.2989360094070435,-2.760678768157959,0.4665282368659973,-3.0676183700561523,-0.7714067697525024,0.056818392127752304,8.814770698547363,5.908201694488525,3.352342367172241
211,18.90185546875,19.412778854370117,-37.78384017944336,-64.46944427490234,-2.4539198875427246,3.0438692569732666,-19.372392654418945,-4.6103105545043945,3.954129695892334,-13.302986145019531,-1.4107046127319336,-0.4551846981048584,1.9206984043121338,-0.08518502116203308,0.4706822633743286,0.6613548994064331,-2.540768623352051,0.6914244890213013,-3.4627251625061035,-0.25894370675086975,1.318156361579895,5.523919582366943,2.812647819519043,1.4684346914291382
212,7.520120620727539,15.264901161193848,-37.15064239501953,-80.74889373779297,-2.1457972526550293,4.246310710906982,-9.12289810180664,3.9869866371154785,-3.215778350830078,-7.631710052490234,-0.8566240072250366,-0.12354612350463867,2.2492032051086426,-0.03726274520158768,0.06250301748514175,-0.1020926907658577,-2.2102835178375244,0.36510515213012695,-2.9050509929656982,0.3377079665660858,1.0679376125335693,1.9630541801452637,0.4978983402252197,1.1350018978118896
213,9.078012466430664,7.391872406005859,-22.088157653808594,-64.75176239013672,8.162752151489258,0.31410789489746094,-12.37091064453125,8.522821426391602,-9.170653343200684,-2.127021551132202,-0.4621608257293701,-0.013168036937713623,2.396118640899658,0.14472812414169312,0.14221583306789398,-0.6223757266998291,-1.9496803283691406,0.16761521995067596,-3.0493133068084717,0.4821047782897949,-0.1646888107061386,0.07396373897790909,-0.7207092642784119,0.33941522240638733
214,-0.9372425079345703,12.87441635131836,-18.666330337524414,-54.20321273803711,11.391508102416992,-0.07293042540550232,-0.7742443084716797,1.814361333847046,-1.309597134590149,1.435086727142334,-0.018468856811523438,-0.07332146167755127,2.5883913040161133,-0.13637633621692657,0.12492035329341888,-1.0922715663909912,-1.7106558084487915,0.07680082321166992,-2.472322463989258,0.2902728319168091,-0.31011247634887695,-1.3570252656936646,-0.6136355996131897,-0.783961296081543
215,-16.304391860961914,8.401141166687012,-11.766010284423828,-37.187644958496094,15.481693267822266,-0.9201657772064209,13.505571365356445,-1.4490728378295898,2.1157386302948,2.7033815383911133,0.1058967113494873,0.023110032081604004,2.5469231605529785,-0.28502902388572693,0.1201426163315773,-1.2303297519683838,-1.5556325912475586,0.2716933786869049,-1.2512744665145874,0.19134731590747833,0.03255053609609604,-3.2571280002593994,-0.5926983952522278,-0.9618670344352722
216,-15.00503921508789,12.35309886932373,-11.356663703918457,-33.21704864501953,20.0,-3.6075379848480225,8.623197555541992,0.4172085225582123,-1.5583670139312744,6.223051071166992,-0.10978031158447266,0.0655984878540039,2.3444900512695312,-0.17715352773666382,-0.014058399945497513,-1.2449661493301392,-1.4807788133621216,0.02344650775194168,-0.3972975015640259,0.04934169352054596,-0.6753794550895691,-4.4208455085754395,-2.6221723556518555,-1.9761078357696533
217,-14.250231742858887,8.285677909851074,-4.368767261505127,-17.88508415222168,20.0,-4.882678031921387,11.752835273742676,-5.566763401031494,5.2654876708984375,8.940842628479004,0.48694682121276855,0.07913732528686523,1.7497591972351074,-0.3801165223121643,0.19459377229213715,-0.44504356384277344,-0.9730990529060364,-0.244015634059906,0.21002733707427979,-0.2738068103790283,0.13911482691764832,-4.388966083526611,-1.6007840633392334,-2.3452162742614746
218,-22.62958526611328,9.656668663024902,-0.427142858505249,-16.144981384277344,20.0,-5.478789806365967,26.76702117919922,-7.896666526794434,5.35115385055542,8.54825210571289,0.3753807544708252,0.12749528884887695,0.31280627846717834,0.17456890642642975,0.4913010597229004,2.427863359451294,0.9438746571540833,-2.2354907989501953,2.1320672035217285,-0.509814977645874,0.09754212200641632,-6.693994522094727,-1.3909251689910889,-2.7450978755950928
219,-40.13495635986328,2.317805767059326,6.9805588722229,-7.983043670654297,15.487211227416992,-3.508955478668213,50.69563674926758,-12.395275115966797,19.085491180419922,-24.78650665283203,-16.424673080444336,-13.911500930786133,-2.5044124126434326,0.7833957672119141,0.926673948764801,6.811296463012695,5.96577787399292,-2.135303258895874,1.7505632638931274,-1.061069369316101,-0.20647624135017395,-1.434692621231079,7.78482723236084,1.9491322040557861
220,-37.8129768371582,1.7081656455993652,-0.6990635395050049,-6.129154205322266,-1.0823173522949219,0.2198314666748047,52.478206634521484,-28.00013542175293,46.04277420043945,-68.13124084472656,6.79248571395874,-13.402410507202148,-4.241179466247559,0.9361413717269897,-0.15353728830814362,7.9319682121276855,5.839430809020996,-1.6732008457183838,1.4300333261489868,-0.2470085173845291,-0.39447665214538574,0.8974903225898743,-2.646217107772827,0.7641246914863586
221,-25.629600524902344,-2.178321123123169,0.5455286502838135,-11.146064758300781,-1.3549575805664062,0.21392619609832764,38.08256149291992,-18.18317413330078,44.242549896240234,-50.06626892089844,13.998269081115723,-7.865324020385742,-4.832071304321289,0.14213542640209198,-0.820459246635437,5.491747856140137,3.2409486770629883,-0.786863386631012,1.6254053115844727,-0.27271899580955505,-0.24555999040603638,0.445716917514801,-2.2402803897857666,0.12462387979030609
222,-0.4040069580078125,-7.182477951049805,5.180371284484863,-10.973158836364746,-0.9775373935699463,0.08950096368789673,9.173705101013184,-2.8017077445983887,21.648714065551758,-52.605628967285156,17.629192352294922,-4.368884563446045,-3.6617257595062256,-0.07967935502529144,-0.2711816132068634,0.7248725891113281,0.43374061584472656,0.5088745355606079,2.1543188095092773,-0.10967819392681122,-0.08051025122404099,-0.27826356887817383,-1.9683823585510254,-0.011659353971481323
223,19.532032012939453,-1.6638844013214111,0.954350471496582,-0.19193267822265625,-0.057377271354198456,-0.04255044460296631,-18.855581283569336,-5.10285758972168,13.003544807434082,-55.82280349731445,18.72075843811035,-3.719841718673706,-1.9411431550979614,-0.08118851482868195,-0.2697272002696991,-2.4495906829833984,-0.08089166134595871,0.6828110814094543,2.619143009185791,-0.042235784232616425,-0.2309202253818512,-1.0653228759765625,-1.8198754787445068,-0.014591872692108154
224,3.994638442993164,-1.8470768928527832,1.7428470849990845,0.9105682373046875,-0.32419681549072266,-0.07841897010803223,-4.56978702545166,-8.612434387207031,10.293173789978027,-32.369483947753906,20.0,1.8081778287887573,-1.0428134202957153,-0.13876479864120483,0.008445356041193008,-5.105169773101807,-1.5644118785858154,0.7030555009841919,2.440236806869507,0.03892778977751732,-0.1395021378993988,-1.1831073760986328,-1.426689624786377,-0.14785434305667877
225,12.922032356262207,-0.7795912027359009,-1.0302283763885498,7.723731994628906,0.006319999694824219,0.0244903564453125,-10.712743759155273,-0.5979875922203064,2.656111478805542,-13.090072631835938,20.0,5.173361301422119,0.12561586499214172,-0.14585861563682556,-0.4006267488002777,-5.91894006729126,-3.73543381690979,1.7303940057754517,1.8065403699874878,0.2248401641845703,-0.10878446698188782,-0.14051871001720428,-0.6125558614730835,-0.6602637767791748
226,19.37401580810547,-1.3082311153411865,0.6422891616821289,12.335384368896484,0.6778388023376465,-0.13073301315307617,-14.234516143798828,-3.4983232021331787,-0.9604366421699524,-13.097284317016602,20.0,5.290293216705322,1.5132867097854614,-0.2483765184879303,-0.29442134499549866,-5.9646897315979,-2.853278160095215,2.0335075855255127,0.9162511229515076,0.14028498530387878,0.1959695816040039,1.8787360191345215,0.49937087297439575,0.6470751762390137
227,33.861663818359375,14.229483604431152,-11.763399124145508,-4.526576995849609,-3.7796449661254883,-6.919715881347656,-32.06334686279297,-1.1298866271972656,-7.759720802307129,-5.100244522094727,15.239253997802734,4.195868015289307,2.3412489891052246,0.9309079051017761,0.330424040555954,0.8154649138450623,6.381640434265137,0.09270134568214417,-1.7036868333816528,0.08684956282377243,0.0029710978269577026,6.23346471786499,4.5658979415893555,2.101266384124756
228,45.559715270996094,17.548755645751953,-30.48905372619629,-69.68633270263672,-2.108180046081543,3.7430081367492676,-36.99031066894531,6.126821041107178,-4.6733174324035645,-3.0640029907226562,-0.8725833892822266,-0.11998319625854492,1.7278521060943604,-0.15262821316719055,0.253337025642395,1.12412691116333,-2.6334855556488037,0.4590017795562744,-3.2974419593811035,-0.4055086672306061,0.0781182199716568,8.909660339355469,3.9107093811035156,2.2674715518951416
229,13.98023509979248,14.408275604248047,-38.7227897644043,-91.71465301513672,-2.048189640045166,3.2920899391174316,-16.892208099365234,4.806732177734375,-2.4378626346588135,-12.388479232788086,-1.192635178565979,-0.22928476333618164,2.169074535369873,0.1297035813331604,0.2874774932861328,0.050742246210575104,-2.315927505493164,0.724287748336792,-3.1668879985809326,0.5942676067352295,0.5341492295265198,4.839274883270264,1.0751228332519531,1.5206466913223267
230,8.855006217956543,11.644414901733398,-31.31493377685547,-78.37677764892578,4.4152727127075195,-0.6004701852798462,-10.763242721557617,0.7066750526428223,-2.1537716388702393,-8.8500394821167,-0.6391900777816772,-0.15478050708770752,2.6475234031677246,0.04744098335504532,0.34509116411209106,-0.9115719795227051,-1.8775203227996826,0.7686574459075928,-2.594336748123169,0.4387683868408203,0.1169380247592926,0.9196626543998718,-0.027971049770712852,0.5118026733398438
231,-3.6469030380249023,12.576578140258789,-23.13629722595215,-55.780818939208984,9.651520729064941,0.6077296137809753,-0.30123043060302734,2.13212251663208,-2.030284881591797,1.1920653581619263,-0.15157508850097656,-0.03647854924201965,2.8126261234283447,0.020789623260498047,0.2343333661556244,-1.3079559803009033,-1.6711242198944092,0.12535738945007324,-2.0635104179382324,0.5326715707778931,-0.2373674064874649,-0.31580859422683716,-1.0277645587921143,0.0830996111035347
232,-4.381964683532715,11.048782348632812,-17.142601013183594,-50.967350006103516,18.0015811920166,-3.1902048587799072,-3.6236095428466797,4.217113971710205,-3.7436013221740723,2.3433642387390137,-0.07313871383666992,0.01731419563293457,2.586848020553589,-0.18586885929107666,0.04855283349752426,-1.642534852027893,-1.3612154722213745,0.12218773365020752,-1.9214222431182861,0.3271019756793976,-0.9866355061531067,-1.3000909090042114,-1.782415509223938,-0.5547849535942078
233,-12.065767288208008,12.06905460357666,-6.396945953369141,-18.13546371459961,20.0,-4.816051006317139,12.235222816467285,-10.196235656738281,8.343629837036133,-2.66217041015625,0.07748699188232422,-0.09524154663085938,2.586345672607422,-0.41670656204223633,0.13534560799598694,-1.7302228212356567,-1.1979345083236694,-0.24464380741119385,-0.5145846009254456,-0.09373469650745392,0.048187755048274994,-4.898802280426025,-1.278182029724121,-1.2433472871780396
234,-14.876853942871094,7.804566383361816,-4.922425270080566,-23.190048217773438,20.0,-5.429226398468018,8.488751411437988,3.627150058746338,-2.456876277923584,11.351454734802246,0.302509069442749,0.09722709655761719,2.224271535873413,-0.31680041551589966,0.08982889354228973,-1.3527101278305054,-1.2960128784179688,-0.6401599049568176,-0.09552488476037979,0.013399803079664707,-0.32190611958503723,-4.176614761352539,-1.144457221031189,-2.024883270263672
235,2.8006770610809326,2.6128506660461426,0.203605055809021,-1.068502426147461,20.0,-5.745271682739258,4.42848539352417,-2.7805674076080322,1.840964674949646,5.242679595947266,0.010239124298095703,0.11041927337646484,0.5877854228019714,-0.1423308551311493,0.3134046196937561,2.0262579917907715,0.6298090815544128,-2.3033227920532227,0.5198028683662415,-0.2261071801185608,-0.2383960634469986,-4.777467727661133,-2.087038040161133,-2.7691245079040527
236,-34.722991943359375,8.084135055541992,1.3245329856872559,-9.20914077758789,20.0,-4.005726337432861,44.88625717163086,-22.47018051147461,17.67554473876953,7.361930847167969,0.5283184051513672,-0.050599098205566406,-1.8517707586288452,0.27387556433677673,0.9871620535850525,6.381068229675293,5.240377426147461,-2.2854020595550537,3.591334819793701,-1.0196466445922852,0.8736234903335571,-9.47441577911377,-1.3857944011688232,-4.543199062347412
237,-59.05218505859375,-3.8253297805786133,4.326511383056641,-8.624691009521484,-1.065195083618164,0.18658757209777832,67.47750854492188,-14.78274154663086,26.172643661499023,-31.392436981201172,-15.960675239562988,-13.41320514678955,-5.09874963760376,0.9152076244354248,-0.09623581171035767,10.40524959564209,6.382302284240723,-1.7139110565185547,1.2493324279785156,0.20692391693592072,-0.2012414038181305,3.2627205848693848,-0.7694706916809082,0.34989577531814575
238,-20.085453033447266,-3.33811354637146,0.7152684926986694,-13.445270538330078,-1.4389829635620117,0.22278368473052979,32.78163146972656,-22.37464714050293,48.54911804199219,-59.28886413574219,10.412635803222656,-9.396510124206543,-5.150142192840576,-0.17513936758041382,-0.38235777616500854,6.80574893951416,3.5602121353149414,-0.6645941138267517,1.4022583961486816,-0.18849119544029236,-0.03198617696762085,1.0769879817962646,-2.6009957790374756,0.26423728466033936
239,-9.901374816894531,-9.699434280395508,6.395041465759277,-13.185355186462402,-1.0652644634246826,0.06892925500869751,22.467832565307617,-4.954587459564209,25.72186279296875,-60.461177825927734,16.579444885253906,-5.403362274169922,-4.333324909210205,-0.6197731494903564,-0.016486793756484985,1.7105729579925537,1.7359293699264526,0.4394930303096771,2.17749285697937,-0.050314441323280334,0.04233942925930023,0.13521626591682434,-2.209144353866577,0.1690383106470108
240,0.4704418182373047,2.194488048553467,-0.6551090478897095,-4.388120174407959,-0.6965027451515198,-0.0005557537078857422,3.6053552627563477,-13.095549583435059,21.1588077545166,-49.93356704711914,20.0,-1.6883442401885986,-3.65521240234375,-0.47004377841949463,-0.31243085861206055,-1.6627485752105713,-0.479870468378067,0.9526394009590149,2.5084826946258545,0.03517179191112518,-0.14146068692207336,-0.5056056976318359,-1.951696515083313,0.32830747961997986
241,13.988747596740723,3.2251009941101074,-1.460407018661499,-2.5322837829589844,-0.5012693405151367,-0.06621360778808594,-12.925313949584961,-7.3757500648498535,12.134329795837402,-36.312217712402344,20.0,3.931748867034912,-1.7973275184631348,-0.13921219110488892,-0.320883572101593,-6.155472755432129,-3.188127040863037,1.0767104625701904,2.7255544662475586,0.16040214896202087,-0.1881389319896698,-1.1030246019363403,-1.617220401763916,-0.26121047139167786
242,19.040830612182617,0.6844580769538879,0.6010816097259521,11.796390533447266,0.5633401870727539,-0.15100306272506714,-20.11345863342285,-11.260662078857422,8.675738334655762,-25.757247924804688,20.0,6.450971603393555,-0.17189377546310425,-0.16923178732395172,0.2901054620742798,-7.264776706695557,-1.8411999940872192,0.4967275857925415,2.59836483001709,0.0021410388872027397,0.0343778170645237,-0.9248535633087158,-1.5560754537582397,-0.554444432258606
243,19.346616744995117,4.741719722747803,-4.630411148071289,14.15921401977539,0.4281046390533447,0.07208061218261719,-20.64391326904297,-3.9078967571258545,1.3758618831634521,-12.460702896118164,20.0,5.754761219024658,0.7226127982139587,0.05765669420361519,-0.2906419634819031,-6.864593982696533,-1.5166010856628418,1.5506620407104492,1.0081157684326172,0.07046844065189362,0.06998538970947266,1.8086742162704468,0.4699418544769287,0.18116553127765656
244,42.264102935791016,8.680846214294434,-15.525106430053711,-18.693222045898438,-17.023391723632812,-6.004100322723389,-30.785614013671875,-1.464625358581543,-9.602509498596191,-2.652963638305664,16.88435935974121,4.426416397094727,2.370075225830078,0.9639050960540771,0.6366872787475586,-0.5295709371566772,4.672103404998779,4.195303916931152,-1.5208886861801147,-0.1243259608745575,0.03526107594370842,6.282665729522705,4.638062000274658,2.014624834060669
245,46.757774353027344,20.18100929260254,-36.47829818725586,-67.17404174804688,-6.630868911743164,0.3548581600189209,-38.50747299194336,2.642094373703003,-2.944950580596924,-4.112957000732422,-0.9304242134094238,-0.09084510803222656,1.345726490020752,-0.17163264751434326,0.2461969256401062,1.6409045457839966,-2.3697009086608887,0.2793577313423157,-3.432307243347168,-0.6793586015701294,0.11948130279779434,8.83871078491211,3.9604837894439697,2.835355043411255
246,15.717458724975586,13.469585418701172,-41.7960205078125,-87.00773620605469,-8.074957847595215,3.3467307090759277,-11.235523223876953,3.118980884552002,0.22738265991210938,-10.502952575683594,-0.9358172416687012,-0.32161998748779297,2.072336196899414,-0.08357112109661102,0.1812896430492401,0.5846917033195496,-2.618725538253784,0.7017087936401367,-2.8962557315826416,0.3209390938282013,1.0997759103775024,5.184919834136963,2.4318878650665283,2.0682618618011475
247,-12.611125946044922,14.930702209472656,-30.74993324279785,-83.06355285644531,-6.983138084411621,2.8168299198150635,5.72512149810791,0.4506950378417969,-1.9331060647964478,-7.939897060394287,-0.6729979515075684,-0.19637632369995117,2.2818453311920166,0.08556362241506577,-0.028273191303014755,-0.22159245610237122,-2.239433526992798,0.2656870484352112,-1.801797866821289,0.5047805905342102,0.5509206056594849,0.7223390936851501,0.4560959041118622,1.1976933479309082
248,4.081439018249512,16.43004608154297,-22.27492904663086,-59.26350402832031,-0.37024354934692383,2.0209996700286865,-7.964425086975098,-0.5545290112495422,-1.4649180173873901,-0.9046566486358643,-0.4304964542388916,-0.1273672878742218,2.319847583770752,-0.043572187423706055,-0.008434908464550972,-0.5658392310142517,-1.9167108535766602,0.31894123554229736,-1.6257314682006836,0.166105717420578,0.13746963441371918,-0.8232421875,-1.3831509351730347,0.11504517495632172
249,-6.775772571563721,16.283533096313477,-17.82776641845703,-68.4086685180664,6.737564563751221,-1.1702157258987427,0.555084228515625,4.87605619430542,-4.3045854568481445,7.490273475646973,0.2868356704711914,0.05359865725040436,2.4247794151306152,-0.1404573619365692,0.066603884100914,-1.101413607597351,-1.678247332572937,0.14037644863128662,-1.4438053369522095,0.13552185893058777,-0.32470452785491943,-0.404965341091156,-0.9748145937919617,0.1018446683883667
250,1.6529474258422852,9.967917442321777,-14.37115478515625,-47.76781463623047,16.592613220214844,-5.076000213623047,-3.570797920227051,5.374760150909424,-3.808546543121338,1.8104887008666992,-0.06414246559143066,-0.005853891372680664,2.56658673286438,-0.18012401461601257,0.09241095930337906,-1.4633595943450928,-1.4816052913665771,0.22946174442768097,-0.97083979845047,0.22037740051746368,-0.7567079663276672,-1.5619374513626099,-1.6284193992614746,-0.7149810791015625
251,-3.7596535682678223,14.1231107711792,-13.295371055603027,-23.82404327392578,20.0,-4.576695442199707,-4.209547519683838,-3.793208599090576,3.6961026191711426,0.22391986846923828,0.038146018981933594,-0.034319400787353516,1.921772837638855,-0.3684067130088806,-0.013249531388282776,-1.3858855962753296,-1.2489891052246094,-0.0222388356924057,-1.1570020914077759,0.09352964162826538,-0.2534160614013672,-3.233029842376709,-0.7661904096603394,-1.487007975578308
252,6.049699783325195,10.025668144226074,-8.550751686096191,-18.507999420166016,20.0,-7.154427528381348,-1.14308500289917,-1.679368019104004,0.5930200815200806,4.417394638061523,-0.06604528427124023,0.06582975387573242,2.166879892349243,-0.20724616944789886,0.218806192278862,-1.1627113819122314,-1.2957074642181396,-0.16060401499271393,-0.44388580322265625,0.23537585139274597,-0.03844090923666954,-3.960610866546631,-1.5347974300384521,-2.4617016315460205
253,-13.911293029785156,7.917056083679199,-4.916916847229004,-16.515243530273438,20.0,-4.902554512023926,12.369653701782227,-5.6254377365112305,4.746652603149414,7.9150190353393555,0.34809350967407227,0.15441370010375977,1.520584225654602,-0.3843837082386017,0.2964771091938019,-0.23602502048015594,-1.0302361249923706,-1.2563914060592651,0.20643822848796844,-0.12209893018007278,0.6336686015129089,-4.148043155670166,-0.8547065854072571,-2.287952184677124
254,-26.14118003845215,10.208438873291016,-3.995199680328369,-10.38437271118164,20.0,-3.9890899658203125,30.23793601989746,-11.82769775390625,6.658140182495117,8.709430694580078,0.21889019012451172,0.07795286178588867,-0.531440258026123,0.24743516743183136,0.5084913969039917,3.4031295776367188,1.4358936548233032,-2.2708210945129395,2.0701587200164795,-0.6730332374572754,0.12858757376670837,-6.263814926147461,-1.975809097290039,-3.537778854370117
255,-44.209171295166016,-2.1225662231445312,6.909885883331299,-3.3659629821777344,8.009418487548828,-1.723698616027832,55.79210662841797,-11.764638900756836,20.981971740722656,-24.89010238647461,-15.890645980834961,-14.895270347595215,-3.9897477626800537,0.9310239553451538,1.0381311178207397,8.874752044677734,8.033267974853516,-2.5349063873291016,1.1560113430023193,-1.1091777086257935,-0.4583852291107178,-1.62818443775177,9.036942481994629,1.720144510269165
256,-19.39081573486328,1.493356704711914,-3.9445152282714844,-10.44676399230957,-1.5541911125183105,0.37888431549072266,39.93744659423828,-28.82527732849121,43.18941879272461,-68.52855682373047,5.288313865661621,-11.576313018798828,-3.7460737228393555,0.25407516956329346,-0.9055073857307434,6.8890862464904785,4.270273685455322,-1.044323205947876,1.4635095596313477,-0.27400755882263184,-0.2919122576713562,1.1524041891098022,-2.7031760215759277,1.3210676908493042
257,-22.207775115966797,-7.177064895629883,6.278099060058594,-5.079856872558594,-1.0218329429626465,0.1049228310585022,26.964508056640625,-16.53753662109375,37.566280364990234,-70.6836929321289,14.68716812133789,-6.4928412437438965,-4.75908088684082,0.021364472806453705,-0.5676664710044861,6.204937934875488,1.616101861000061,0.33460313081741333,1.4040628671646118,-0.09355093538761139,-0.3391593396663666,0.49080270528793335,-2.1778600215911865,0.001577913761138916
258,-0.06433486938476562,-3.995058059692383,2.2900798320770264,-10.777978897094727,-0.5787770748138428,-0.008326292037963867,10.675652503967285,-8.209063529968262,25.674449920654297,-49.59307098388672,16.651180267333984,-4.880495071411133,-3.5907585620880127,-0.5233027935028076,-0.5850697755813599,1.8597071170806885,1.032502293586731,0.7393501996994019,2.0291574001312256,-0.1351122260093689,-0.2048344910144806,-0.06808069348335266,-2.0232090950012207,-0.05172836780548096
259,14.351028442382812,1.5720529556274414,-0.7523033618927002,-7.063536643981934,-0.5502125024795532,-0.06630539894104004,-14.331660270690918,-8.938416481018066,16.859024047851562,-49.60228729248047,20.0,-3.4524893760681152,-1.9339239597320557,-0.2675571143627167,-0.4910675287246704,-2.9919633865356445,-1.034972071647644,0.5379714369773865,2.1673591136932373,0.05228164792060852,-0.01992800086736679,-0.7430446147918701,-1.7253665924072266,0.4205816090106964
260,1.2420032024383545,-2.7290782928466797,5.388514995574951,-0.019351959228515625,-0.3870511054992676,-0.12717890739440918,8.840048789978027,-10.391606330871582,6.995940685272217,-34.83835220336914,20.0,4.692748069763184,-0.2477065622806549,-0.12580853700637817,0.5857850909233093,-6.326770782470703,-3.0928542613983154,0.8183049559593201,2.8919405937194824,-0.024883098900318146,-0.12676261365413666,-1.190066933631897,-1.4434767961502075,-0.1478893905878067
261,10.428866386413574,2.923860788345337,-3.3036279678344727,10.457111358642578,0.4046649932861328,-0.019522905349731445,-17.20347023010254,-9.798827171325684,7.821258068084717,-22.393856048583984,20.0,6.215984344482422,0.4345290958881378,0.01729445531964302,0.1816582977771759,-6.947727680206299,-2.4420418739318848,0.957630455493927,2.3794658184051514,0.11332730203866959,-0.11704761534929276,-1.0264790058135986,-1.227113127708435,-0.7214361429214478
262,20.006580352783203,12.023138999938965,-9.09691333770752,9.24271011352539,0.2681102752685547,-0.0011216402053833008,-12.552806854248047,-3.2277698516845703,-5.457200050354004,0.1702899932861328,20.0,4.59977388381958,1.995079517364502,0.5545159578323364,-0.82225102186203,-8.490239143371582,-2.88981556892395,0.552912712097168,0.5604663491249084,0.07376666367053986,-0.2940502464771271,2.636476516723633,1.0073158740997314,1.771538257598877
263,52.87352752685547,14.58133316040039,-26.986032485961914,-44.43476867675781,-20.0,-0.37325143814086914,-48.25893783569336,-1.4870376586914062,-3.430464267730713,-0.5948753356933594,4.044925689697266,0.7421088218688965,1.7567362785339355,0.06375914812088013,0.9420575499534607,-0.5007495880126953,-3.010089874267578,1.6044652462005615,-2.409184217453003,-1.3239506483078003,-0.5916554927825928,8.610876083374023,7.524188995361328,3.1030850410461426
264,32.12385559082031,12.598153114318848,-37.67261505126953,-71.72518920898438,-2.146395206451416,3.2399299144744873,-27.61766815185547,6.890659332275391,-1.6718389987945557,-9.727142333984375,-1.635331630706787,-0.3482475280761719,1.9175602197647095,-0.3185020089149475,0.3253176808357239,0.6441436409950256,-2.4038689136505127,0.654923141002655,-3.14119553565979,-0.02068656124174595,1.1925044059753418,7.34134578704834,3.258143186569214,1.9875601530075073
265,5.818511962890625,10.136786460876465,-29.59433364868164,-68.0184326171875,-6.384732723236084,3.316807746887207,-7.151165008544922,2.9855234622955322,-2.5338525772094727,-11.584247589111328,-0.8725197315216064,-0.21584057807922363,2.29380202293396,-0.2713856101036072,0.19777584075927734,-0.0034219250082969666,-2.2201154232025146,0.5787219405174255,-2.4348068237304688,0.4411482512950897,1.1822540760040283,3.247982978820801,1.7359405755996704,0.969932496547699
266,1.4061603546142578,16.828001022338867,-26.993799209594727,-68.19319915771484,1.1990253925323486,1.4767189025878906,-11.014131546020508,6.235098361968994,-8.445540428161621,-5.092300891876221,-0.8106849193572998,-0.01424148678779602,2.0847415924072266,0.029608502984046936,-0.13141325116157532,-0.3910715878009796,-1.9500806331634521,0.20217399299144745,-2.5646300315856934,0.5913190245628357,-0.6612235307693481,0.5334858298301697,-1.185064673423767,-0.20206411182880402
267,-14.823545455932617,16.758466720581055,-17.51918601989746,-58.487342834472656,6.182021141052246,-0.5508230924606323,9.471701622009277,-4.696699142456055,4.177891731262207,1.3826351165771484,0.16597723960876465,-0.043960511684417725,2.275655746459961,-0.2529430091381073,0.06861643493175507,-0.9658244848251343,-1.7447936534881592,0.22989152371883392,-1.6915704011917114,0.20606692135334015,0.014452995732426643,-1.1374379396438599,-0.8217583894729614,-0.3234463036060333
268,4.350893020629883,16.798097610473633,-17.30402183532715,-58.148292541503906,11.091527938842773,-3.730964183807373,-8.281940460205078,5.900211811065674,-5.416868209838867,5.745425701141357,-0.008693456649780273,0.10337382555007935,2.3427813053131104,-0.25892531871795654,0.07140976190567017,-1.201553225517273,-1.4882879257202148,0.5116983652114868,-1.6859594583511353,0.3385673761367798,-0.6582580804824829,-0.8941181302070618,-1.3881829977035522,-0.3656773567199707
269,-0.15607166290283203,15.41096019744873,-11.67735767364502,-35.19502258300781,19.816980361938477,-7.274569034576416,1.421433448791504,-3.4583303928375244,2.168257236480713,0.0043849945068359375,-0.0038917064666748047,-0.0381009578704834,2.7130720615386963,-0.4113956689834595,0.1599084883928299,-1.6414315700531006,-1.362417221069336,0.3857046961784363,-0.6880434155464172,0.010447606444358826,-0.5098462700843811,-3.0640711784362793,-1.4286941289901733,-1.2691417932510376
270,7.66276741027832,7.934889793395996,-10.099987030029297,-26.80908966064453,20.0,-6.875982761383057,-13.437368392944336,9.47015380859375,-6.627261161804199,7.36962890625,0.06457257270812988,0.15257668495178223,2.338768482208252,-0.17444586753845215,0.2060200721025467,-1.2864396572113037,-1.282454013824463,0.2054324746131897,-1.4287406206130981,0.7300137877464294,-0.8546766042709351,-1.842212438583374,-1.3534376621246338,-1.7303082942962646
271,-8.361435890197754,9.96536922454834,-11.54178237915039,-13.731727600097656,20.0,-4.41730260848999,6.813478469848633,-8.927831649780273,7.573347091674805,1.2409000396728516,0.005985260009765625,0.03469228744506836,1.4662357568740845,-0.5048919916152954,0.11722192168235779,-0.29938608407974243,-0.3676215410232544,0.3052387237548828,-0.6916302442550659,0.13531357049942017,-0.04914913326501846,-3.6244678497314453,-2.0170414447784424,-2.0714070796966553
272,-21.316038131713867,4.686013221740723,-4.7150983810424805,-12.957114219665527,20.0,-5.268217086791992,26.533531188964844,-6.409060001373291,4.444710731506348,7.041236877441406,0.3815929889678955,0.10876226425170898,-0.029937827959656715,-0.019081735983490944,0.28172096610069275,2.8292055130004883,1.566659927368164,-1.3769510984420776,1.2104369401931763,0.06193249300122261,-0.06345057487487793,-5.877687931060791,-2.021796226501465,-2.643237590789795
273,-35.83952713012695,2.0086817741394043,4.703828811645508,-2.8955955505371094,12.989664077758789,-3.0597667694091797,45.027198791503906,-17.77416229248047,14.785268783569336,13.081880569458008,0.9391565322875977,-0.029615402221679688,-3.166546106338501,0.29961487650871277,1.018427848815918,8.19413948059082,7.268887042999268,-2.77286958694458,3.0333051681518555,-1.554314374923706,-0.44159477949142456,-1.4847078323364258,9.684494972229004,-0.06640338897705078
274,-45.86495590209961,-0.7721362113952637,-0.11112326383590698,-11.585674285888672,-1.5148887634277344,0.33160853385925293,59.76414489746094,-26.306354522705078,35.76475524902344,-58.37531280517578,11.244735717773438,-11.890071868896484,-5.261168003082275,0.8149533867835999,0.0702953115105629,8.89195442199707,5.5789361000061035,-1.5435892343521118,0.8514609336853027,0.11547176539897919,0.11180461943149567,1.531442403793335,-2.7475764751434326,1.8477973937988281
275,-26.051101684570312,-5.734448432922363,2.1958765983581543,-11.512165069580078,-1.41676664352417,0.26549458503723145,42.706119537353516,-19.88031768798828,40.80415725708008,-57.980770111083984,15.021648406982422,-7.576920509338379,-5.772185802459717,-0.10571244359016418,-0.8177979588508606,6.246129035949707,2.4637179374694824,0.4058287739753723,1.254273772239685,0.010707616806030273,-0.003037169575691223,1.0383433103561401,-2.4853053092956543,0.2065199315547943
276,-2.7624149322509766,3.482898712158203,-0.11957740783691406,-12.237467765808105,-0.8797909021377563,-0.06862485408782959,17.738155364990234,-16.26000213623047,32.1735725402832,-49.85691452026367,19.083818435668945,-3.6825411319732666,-4.647508144378662,0.021170686930418015,-0.7654383182525635,1.1362375020980835,0.9800243377685547,-0.10716649144887924,2.0867161750793457,-0.13694383203983307,-0.06181982159614563,0.365958034992218,-2.3447346687316895,-0.19130277633666992
277,14.907355308532715,-5.684121131896973,4.698650360107422,-3.3840999603271484,-0.3306935429573059,-0.037613123655319214,-13.373180389404297,-1.526181936264038,10.20986270904541,-52.45970916748047,20.0,-1.9121214151382446,-3.127774953842163,0.050002142786979675,-0.1979718804359436,-3.00015926361084,0.29803526401519775,0.2092551440000534,2.3534836769104004,-0.07024764269590378,-0.06954798847436905,-0.33576929569244385,-2.1656930446624756,0.2847759425640106
278,17.868539810180664,-3.484639883041382,2.3617708683013916,2.924245834350586,-0.3460564613342285,-0.02956700325012207,-14.436352729797363,-4.6277666091918945,7.944723129272461,-47.79521560668945,20.0,3.331913709640503,-0.9271438717842102,0.004834930412471294,0.04776444658637047,-6.353272438049316,-2.328521490097046,0.6282316446304321,2.8432562351226807,-0.01731017231941223,-0.20695087313652039,-1.0198153257369995,-1.7850490808486938,-0.17811013758182526
279,15.107914924621582,0.8156940937042236,-2.119818687438965,10.742870330810547,0.15453243255615234,0.02284073829650879,-11.824384689331055,-8.586637496948242,4.077903747558594,-30.043289184570312,20.0,8.390875816345215,0.8653661012649536,0.22461479902267456,-0.4545736014842987,-7.206655979156494,-4.149165153503418,1.353843092918396,3.1692028045654297,0.4273056089878082,-0.16900880634784698,-1.2551443576812744,-1.6217501163482666,-0.1972491443157196
280,12.25791072845459,2.677495002746582,-1.5556696653366089,10.953044891357422,0.5359845161437988,-0.08202576637268066,-11.918253898620605,-6.115468978881836,-3.517090320587158,-0.9167013168334961,20.0,3.96665096282959,1.5702511072158813,-0.026249241083860397,-0.4213927984237671,-8.008437156677246,-2.8885626792907715,1.611672282218933,0.8623161911964417,-0.23732253909111023,-0.16747774183750153,2.6653800010681152,0.4540109932422638,2.849763870239258
281,44.45378875732422,9.908766746520996,-15.988433837890625,-29.57908821105957,-14.933124542236328,3.5503904819488525,-40.287841796875,-0.4372267723083496,-7.367795944213867,-6.452587127685547,15.929407119750977,3.579529285430908,2.1904044151306152,0.007812848314642906,0.31268906593322754,-0.43613430857658386,4.841251850128174,0.860133945941925,-2.105868101119995,-1.0304632186889648,-0.43616271018981934,7.4609150886535645,6.260426998138428,2.8701300621032715
282,30.96514892578125,17.41714096069336,-30.809518814086914,-71.04369354248047,-4.290365219116211,6.098574638366699,-25.607606887817383,6.563750267028809,-3.0309557914733887,-6.751300811767578,-1.3231849670410156,-0.26509523391723633,1.6415733098983765,-0.2096060961484909,0.16929133236408234,1.218492865562439,-2.70671010017395,0.40748757123947144,-3.184797525405884,-0.002771809697151184,0.8199169635772705,7.273512840270996,3.0325326919555664,2.3617300987243652
283,22.895828247070312,13.848485946655273,-29.310012817382812,-74.56472778320312,-2.565645217895508,3.192473888397217,-18.216060638427734,4.26115608215332,-3.8972136974334717,-11.951889038085938,-0.8977587223052979,-0.21573400497436523,2.203378915786743,-0.24771440029144287,0.22634750604629517,0.2816164493560791,-2.3555798530578613,0.46275007724761963,-2.9320273399353027,0.2123185098171234,0.7571364641189575,3.3841991424560547,2.0602378845214844,1.5625945329666138
284,4.853081703186035,20.029911041259766,-29.015579223632812,-71.39069366455078,3.5674424171447754,0.4060497283935547,-4.043972969055176,-2.4631757736206055,-0.27288389205932617,-6.324337959289551,-0.7040842175483704,-0.17210876941680908,2.713709831237793,-0.2989121377468109,0.2086130976676941,-0.593611478805542,-2.046386241912842,0.33776772022247314,-2.0876424312591553,-0.041927680373191833,0.5165013074874878,-0.3298589587211609,0.07848633080720901,0.631891131401062
285,-0.5171298980712891,15.89870548248291,-17.112895965576172,-48.384063720703125,10.085365295410156,-1.5546795129776,-4.136279106140137,5.27651309967041,-4.621846675872803,2.818606376647949,-0.10777582973241806,-0.0210304856300354,2.5007214546203613,-0.24392303824424744,0.01613931730389595,-0.6945481896400452,-1.893607258796692,0.10584697872400284,-2.0905587673187256,0.22260348498821259,-0.12029491364955902,-1.089978575706482,-0.07796184718608856,0.11429522931575775
286,-11.083250045776367,20.10546875,-16.800384521484375,-52.41450119018555,12.432941436767578,-1.8600435256958008,7.385015964508057,-4.1417131423950195,2.051469087600708,3.683300018310547,-0.15628504753112793,-0.08344316482543945,2.6409475803375244,-0.3207089304924011,0.10131016373634338,-1.264866828918457,-1.9353898763656616,0.1628980040550232,-1.1672478914260864,-0.19879822432994843,-0.1255693882703781,-2.469344139099121,-1.8983451128005981,-1.0997625589370728
287,-11.072490692138672,16.834697723388672,-14.238510131835938,-43.57608413696289,19.66085433959961,-3.6620001792907715,2.3865509033203125,5.1785430908203125,-3.794771909713745,8.257039070129395,0.27842283248901367,0.11431097984313965,2.319819450378418,-0.11010567098855972,0.060444243252277374,-1.1311262845993042,-1.6181005239486694,-0.08178126066923141,-1.1208364963531494,0.2501578629016876,-0.6021466255187988,-2.2593488693237305,-1.5710307359695435,-1.6261584758758545
288,6.174921035766602,13.213371276855469,-12.298184394836426,-29.850969314575195,20.0,-6.936230659484863,-5.623055458068848,-0.19820398092269897,0.6496247053146362,4.429731369018555,0.03987598419189453,0.08928680419921875,2.3702850341796875,-0.31170645356178284,0.16064217686653137,-1.122202754020691,-1.4372905492782593,0.28270331025123596,-0.8379994630813599,0.10929714143276215,-0.3039427399635315,-2.287567615509033,-1.9833236932754517,-2.2538022994995117
289,-22.868276596069336,9.745037078857422,-9.654078483581543,-20.102642059326172,20.0,-4.786909103393555,19.112689971923828,-9.128873825073242,7.4245781898498535,2.792654037475586,0.31046175956726074,0.09737873077392578,1.4557090997695923,-0.15187837183475494,0.15924644470214844,0.030677523463964462,-0.7580813765525818,-1.1947427988052368,0.4907551407814026,-0.10967185348272324,0.2517779767513275,-5.109461307525635,-1.290519118309021,-2.359330892562866
290,-31.190486907958984,11.633724212646484,-0.04649662971496582,-5.865592956542969,20.0,-4.043900489807129,37.990257263183594,-21.496122360229492,14.973600387573242,8.804779052734375,0.46926164627075195,0.02710247039794922,-1.3472440242767334,0.3374767601490021,0.7130250334739685,5.010824203491211,3.321129083633423,-2.5933611392974854,2.7625434398651123,-1.0661035776138306,0.8668519854545593,-8.04423999786377,-0.5992194414138794,-2.7715249061584473
291,-49.7354621887207,0.2953214645385742,3.1132736206054688,-3.9784202575683594,-0.4338264465332031,0.1389451026916504,62.78131866455078,-18.839208602905273,33.24433135986328,-44.765464782714844,-19.360265731811523,-9.366704940795898,-3.6158595085144043,1.895962119102478,0.9855327010154724,9.47222900390625,7.036547660827637,-3.020709276199341,1.357031226158142,0.5331119894981384,-0.12547533214092255,0.6844303011894226,-3.174802303314209,-1.0940768718719482
292,-24.92642593383789,-4.414205551147461,-0.4883575439453125,-12.009893417358398,-1.632143497467041,0.4358762502670288,33.61940383911133,-21.76354217529297,42.0591926574707,-55.44272994995117,8.369606971740723,-8.279576301574707,-4.399590969085693,-0.06670412421226501,-0.9002171158790588,7.2331414222717285,2.91583251953125,-0.8246329426765442,1.4405299425125122,-0.21127420663833618,-0.35768499970436096,0.8508815169334412,-2.4413700103759766,0.18260516226291656
293,-11.483667373657227,-2.627141237258911,2.7344489097595215,-11.601934432983398,-0.8224048614501953,0.094684898853302,21.854961395263672,-12.459514617919922,34.571903228759766,-63.736392974853516,13.092235565185547,-4.79111385345459,-3.6539196968078613,-0.07851205766201019,-0.574878990650177,3.1399567127227783,2.1009767055511475,-0.03331588953733444,2.0821785926818848,0.016374975442886353,-0.1836508810520172,-0.009295547381043434,-2.0215859413146973,-0.07296113669872284
294,6.252906799316406,-6.016377925872803,4.025080680847168,-4.668233394622803,-0.5609497427940369,0.017452716827392578,-14.536168098449707,-3.5923242568969727,21.113147735595703,-64.62328338623047,16.184192657470703,-3.5745112895965576,-3.2145543098449707,-0.3962964713573456,-0.20162110030651093,-0.20741766691207886,0.3141723871231079,0.8763748407363892,1.8551346063613892,0.0605916827917099,-0.03541947156190872,-0.7083286046981812,-1.707972764968872,-0.05535930395126343
295,-7.758639335632324,-5.9945268630981445,5.49923038482666,-5.390632629394531,-0.7395815849304199,-0.08078336715698242,14.302431106567383,-2.718204975128174,6.984153747558594,-35.03667449951172,20.0,1.4042673110961914,-2.601104736328125,-0.4249667227268219,0.04622415825724602,-3.6586790084838867,-2.1565513610839844,1.8241205215454102,2.10023832321167,0.2546485960483551,-0.24880103766918182,-1.0500901937484741,-1.2738542556762695,-0.10928270220756531
296,15.01190185546875,5.435362815856934,-3.477506399154663,2.8563385009765625,0.0030927658081054688,-0.13399028778076172,-7.91455602645874,-8.886835098266602,11.117660522460938,-26.873483657836914,20.0,5.917154312133789,-0.49095776677131653,-0.06398136913776398,-0.2371515929698944,-6.651839733123779,-3.3002283573150635,1.6183315515518188,2.5932483673095703,0.3741525113582611,-0.2957010865211487,-1.4257749319076538,-1.1844868659973145,-0.5771037340164185
297,21.910295486450195,0.7703914046287537,-1.5300698280334473,12.436763763427734,0.5984115600585938,-0.10950803756713867,-18.67059898376465,-3.512603759765625,1.863914966583252,-14.920797348022461,20.0,5.51630163192749,1.169120192527771,-0.0852498859167099,-0.42620864510536194,-7.270005226135254,-2.563250780105591,1.6996749639511108,1.7200452089309692,0.3285251557826996,-0.08620301634073257,0.2426832765340805,-0.3153104782104492,0.564912736415863
298,32.5681266784668,9.280306816101074,-7.023829460144043,16.196014404296875,0.6634566783905029,-0.0589907169342041,-27.094324111938477,-6.033000946044922,-1.10020112991333,-4.899290084838867,20.0,4.1233062744140625,2.6236495971679688,0.053344640880823135,-1.044350028038025,-7.067938804626465,-2.2166426181793213,1.7559252977371216,-1.1221152544021606,-0.16161981225013733,-0.2640446126461029,5.017822742462158,3.6320340633392334,1.0646499395370483
299,39.98252868652344,15.873037338256836,-29.668529510498047,-53.75286865234375,-20.0,0.7817211151123047,-32.02629089355469,-6.334726333618164,2.1057686805725098,-3.461750030517578,-0.5617275238037109,0.003911495208740234,2.7244069576263428,0.3998439908027649,0.6390342712402344,-1.5249634981155396,6.079530715942383,1.2339857816696167,-2.192596912384033,-1.0318679809570312,0.23443254828453064,7.625509262084961,4.390810966491699,3.05249285697937
300,9.666414260864258,15.585689544677734,-35.50133514404297,-79.92992401123047,-12.117216110229492,4.934385776519775,-12.43918514251709,6.77034330368042,-2.1062984466552734,-7.699165344238281,-1.0670539140701294,-0.3257417678833008,1.834643006324768,0.0031677335500717163,0.18581423163414001,0.8235107064247131,-2.535440444946289,0.5889957547187805,-2.2572388648986816,0.22427721321582794,1.13506281375885,5.501174449920654,1.2481938600540161,2.059431552886963
301,-6.888349533081055,19.793182373046875,-35.38380813598633,-80.03038024902344,-12.219320297241211,2.375627040863037,0.9075217247009277,-4.211865425109863,0.9103646278381348,-7.896648406982422,-0.34442734718322754,-0.2106778621673584,2.1732819080352783,0.1006462424993515,0.05116589367389679,0.061535805463790894,-2.2730491161346436,0.5581169128417969,-1.2137892246246338,0.08043412119150162,0.7962859272956848,1.4206807613372803,1.7309656143188477,1.39327073097229
302,3.3815221786499023,11.527772903442383,-21.83872413635254,-74.7999496459961,-4.231075286865234,2.473914623260498,-13.897322654724121,11.340621948242188,-9.831783294677734,4.873079299926758,-0.3876528739929199,-0.0027747154235839844,1.8452624082565308,0.10225510597229004,0.06321031600236893,-0.2444315254688263,-1.8893979787826538,0.2073514312505722,-2.19446063041687,0.313925176858902,-0.23403626680374146,2.725402355194092,-0.44768470525741577,1.0671417713165283
303,-9.583171844482422,14.626001358032227,-22.49842071533203,-65.51839447021484,-3.450432062149048,1.4382110834121704,5.032472133636475,-2.9547224044799805,3.91115403175354,-3.4517037868499756,-0.02440442144870758,-0.19053220748901367,2.23425030708313,-0.176568403840065,0.10187660157680511,-0.9037574529647827,-1.64516282081604,0.29082292318344116,-1.0490057468414307,0.2578410804271698,0.5800605416297913,0.09093062579631805,-0.06741268187761307,0.5211580395698547
304,-6.949733734130859,13.156426429748535,-19.736251831054688,-57.64179229736328,5.598029613494873,-1.3220863342285156,-3.2624564170837402,0.9692155122756958,-2.645587921142578,0.6693129539489746,-0.27704405784606934,-0.03013312816619873,2.0375733375549316,-0.20514431595802307,0.07606009393930435,-1.2480980157852173,-1.3756389617919922,0.27819329500198364,-0.8852809071540833,-0.018626216799020767,-0.11398504674434662,-1.3435534238815308,-1.7124738693237305,-0.15274201333522797
305,11.519547462463379,9.150177955627441,-11.401294708251953,-45.91041946411133,13.261998176574707,-4.470150947570801,-13.31543254852295,11.362767219543457,-8.686140060424805,3.9454054832458496,-0.07288694381713867,0.07283949851989746,2.2123985290527344,-0.136544868350029,0.11407424509525299,-1.3819226026535034,-1.2283488512039185,0.3890129625797272,-0.9312563538551331,0.45853668451309204,-0.9369179606437683,-1.3951722383499146,-2.7408382892608643,-1.0124216079711914
306,-0.8330507278442383,10.043363571166992,-15.182903289794922,-40.950660705566406,17.91484260559082,-5.820859432220459,-4.5915327072143555,-0.3904058337211609,1.0122246742248535,2.4473180770874023,0.265575647354126,0.02437877655029297,2.2619845867156982,-0.4113159477710724,0.220302015542984,-1.8286653757095337,-1.0641251802444458,0.3248777985572815,-0.721495509147644,0.23390449583530426,-0.5763424634933472,-2.403796434402466,-1.5148676633834839,-1.8040225505828857
307,-2.2821221351623535,10.739490509033203,-11.371603965759277,-8.805917739868164,20.0,-4.401118278503418,2.3768789768218994,-9.574325561523438,6.053550720214844,0.682952880859375,-0.11359977722167969,0.051260948181152344,1.7660000324249268,-0.30504629015922546,0.3218832015991211,-0.9459238052368164,-0.9469547271728516,-1.5795183181762695,-0.10771214216947556,-0.2363755851984024,-0.22428199648857117,-4.274358749389648,-2.8181753158569336,-2.5599911212921143
308,-11.064247131347656,7.209268093109131,-8.010963439941406,-4.958766937255859,20.0,-3.485365867614746,14.995355606079102,-5.055320739746094,4.60092306137085,4.318305969238281,0.36730241775512695,0.15520811080932617,0.3213702440261841,0.10799098759889603,0.32650822401046753,1.9315181970596313,0.7378777265548706,-1.7946715354919434,1.3718128204345703,0.005805596709251404,-0.04816826060414314,-6.915469169616699,-1.9346401691436768,-2.636039972305298
309,-43.410255432128906,6.2151288986206055,0.042626380920410156,-1.3006057739257812,10.686964988708496,-1.8475441932678223,50.219932556152344,-23.15751075744629,17.580162048339844,14.643623352050781,0.8694056272506714,-0.01540994644165039,-3.633007526397705,0.4565717577934265,0.6077869534492493,8.328669548034668,6.842644691467285,-2.976736545562744,3.6290831565856934,-1.0229418277740479,0.676557183265686,-8.777264595031738,0.2923617959022522,-3.702280282974243
310,-42.4783935546875,-0.6182534694671631,1.2434128522872925,-11.112651824951172,-1.4503192901611328,0.30396032333374023,57.35319900512695,-18.901599884033203,33.43389129638672,-34.2679443359375,-16.45351791381836,-11.54562759399414,-4.863348007202148,1.0559358596801758,-0.03940802812576294,9.62578296661377,4.454799175262451,-1.870898962020874,1.0620710849761963,0.5103989839553833,-0.057777442038059235,1.4567160606384277,-2.636002540588379,-0.21946504712104797
311,-6.337911605834961,-4.989151954650879,2.212285041809082,-11.329721450805664,-0.9920454025268555,0.238145112991333,10.113882064819336,-12.120319366455078,36.1920280456543,-65.59841918945312,9.546623229980469,-7.74975061416626,-4.4969353675842285,-0.009813820943236351,-0.48668500781059265,5.967637538909912,2.669670581817627,-0.4032966196537018,1.3802993297576904,-0.16920532286167145,-0.1645568311214447,0.9598481059074402,-2.5365169048309326,0.15643876791000366
312,-0.4609508514404297,-3.1044068336486816,2.402719736099243,-11.792672157287598,-0.9137223958969116,0.04740479588508606,2.888711929321289,-10.294242858886719,22.815250396728516,-56.9189567565918,15.816126823425293,-3.7572622299194336,-3.59401535987854,-0.17595915496349335,-0.4005715250968933,1.1498271226882935,0.4333356022834778,0.0834849625825882,1.7475595474243164,-0.05809502303600311,-0.12491577863693237,0.21264350414276123,-2.1672205924987793,-0.0934855043888092
313,10.677518844604492,-2.1758222579956055,1.8637150526046753,-2.3380374908447266,-0.36946702003479004,0.003405928611755371,-13.283452033996582,-15.279746055603027,12.034605026245117,-53.41072463989258,17.02029037475586,-0.4612967371940613,-2.5295772552490234,-0.2195933759212494,-0.11769907921552658,-2.0317718982696533,-1.55741548538208,0.6668939590454102,1.719123363494873,0.047061655670404434,0.03544057905673981,-0.21253527700901031,-1.906324863433838,0.415289044380188
314,-0.021318912506103516,-4.692238807678223,3.831404447555542,2.2781753540039062,-0.0619502067565918,-0.05505108833312988,5.563808441162109,-8.68313980102539,11.779248237609863,-47.921112060546875,20.0,4.479405403137207,-1.3244390487670898,-0.26274850964546204,0.04963625222444534,-4.043952465057373,-2.1799476146698,1.4402235746383667,2.3401689529418945,0.17440049350261688,-0.16549688577651978,-0.8530607223510742,-1.5203150510787964,-0.21799206733703613
315,4.415319919586182,-3.3479061126708984,2.436558246612549,7.111701965332031,0.2025775909423828,-0.11672067642211914,-7.78209114074707,-5.740111827850342,11.296394348144531,-29.189037322998047,20.0,6.717160701751709,-0.6800588369369507,-0.4070466458797455,0.30552953481674194,-4.79084587097168,-2.193709135055542,2.010345220565796,2.181657075881958,0.17067763209342957,-0.07245419919490814,-0.8678109645843506,-1.4482771158218384,-0.5674734115600586
316,17.63282012939453,3.831141471862793,-2.829252004623413,7.046873092651367,0.30001115798950195,-0.13455438613891602,-13.237462043762207,2.0729808807373047,-0.6167027354240417,-9.608701705932617,20.0,5.099108695983887,0.7910552024841309,-0.09270019084215164,0.05757381394505501,-6.2248053550720215,-2.300121307373047,2.1578009128570557,1.2803717851638794,0.0913332924246788,-0.09093648940324783,1.1145431995391846,-0.6090517640113831,1.7471994161605835
317,39.787994384765625,16.788040161132812,-13.341752052307129,10.274421691894531,0.3354496955871582,-0.022262096405029297,-34.251670837402344,-6.083316802978516,-6.056283950805664,-6.24165153503418,20.0,4.188131809234619,2.9453024864196777,0.963874340057373,-0.3079332113265991,-4.25444221496582,3.4908676147460938,3.3542683124542236,-1.845613956451416,-0.01527470350265503,-0.11663895845413208,6.4253058433532715,4.353208541870117,2.6827003955841064
318,40.93724060058594,21.280561447143555,-37.682945251464844,-61.28647232055664,-20.0,6.272445201873779,-32.98876190185547,-0.022845983505249023,-0.05865168571472168,-2.138202667236328,-0.6182918548583984,-0.19973278045654297,1.3793189525604248,-0.39709019660949707,0.11995958536863327,1.493780493736267,-2.7634923458099365,0.8077853918075562,-3.080780267715454,-0.8402033448219299,0.3521423041820526,9.497440338134766,5.549229621887207,3.1257131099700928
319,32.205108642578125,14.28630542755127,-37.28657531738281,-77.02545928955078,-7.447597026824951,4.230803489685059,-28.51746368408203,5.323042869567871,-3.363264560699463,-15.183372497558594,-1.4803962707519531,-0.3232736587524414,1.808552622795105,-0.07939749956130981,0.21936190128326416,0.6275601387023926,-2.3992574214935303,0.5693921446800232,-3.4776597023010254,0.05912046507000923,0.9720458984375,5.574567794799805,2.8922970294952393,1.8762534856796265
320,10.102020263671875,18.210729598999023,-32.43588638305664,-68.64191436767578,-1.138756275177002,2.459132671356201,-8.06913948059082,-1.761264681816101,-0.05294942855834961,-10.100174903869629,-0.8996309041976929,-0.20159125328063965,2.3269639015197754,-0.12195905297994614,0.14297989010810852,-0.15082260966300964,-2.1784865856170654,0.4815328121185303,-2.812532901763916,0.06206035614013672,0.9987553358078003,1.4794803857803345,0.8308101892471313,1.2219575643539429
321,-4.43173360824585,13.411394119262695,-23.083160400390625,-63.88663101196289,5.265459060668945,1.537186622619629,-1.9055233001708984,5.541262626647949,-5.524004936218262,-2.2005691528320312,-0.4418678879737854,-0.08805710077285767,2.320483684539795,0.11560045182704926,-0.005139857530593872,-0.6172165274620056,-1.950203537940979,0.04997696354985237,-2.4670844078063965,0.46372461318969727,0.1842753291130066,-1.2300447225570679,-0.5761340856552124,0.2599378228187561
322,-3.223722457885742,11.87176513671875,-13.343564987182617,-45.39087677001953,8.424188613891602,-0.05516885221004486,2.9704198837280273,1.3613197803497314,-1.976001501083374,3.9973535537719727,0.046022891998291016,-0.022105276584625244,2.5597550868988037,-0.01414528302848339,0.09394057840108871,-0.823704719543457,-1.8555970191955566,-0.014312788844108582,-1.7305546998977661,0.2584197521209717,-0.11186163872480392,-1.9961618185043335,-0.7680877447128296,-0.3747742176055908
323,-2.087646484375,13.285333633422852,-13.731773376464844,-48.849998474121094,15.931172370910645,-3.179161548614502,-0.2757244110107422,3.676694393157959,-3.4476747512817383,7.36588191986084,0.0818948745727539,0.0742030143737793,2.663282632827759,-0.23236426711082458,0.06460124254226685,-1.118362545967102,-1.705146074295044,0.0978367030620575,-1.3193963766098022,-0.036383673548698425,-0.7536019086837769,-1.6332480907440186,-1.4547613859176636,-0.7298885583877563
324,-15.140148162841797,14.679376602172852,-16.54121208190918,-39.70524597167969,20.0,-5.014799118041992,9.214954376220703,-2.2874948978424072,2.9227709770202637,2.1225643157958984,-0.003119945526123047,-0.051801204681396484,2.6411495208740234,-0.1261509507894516,2.4706590920686722e-05,-1.435896635055542,-1.6077847480773926,0.08628097176551819,-0.19895046949386597,0.12167809158563614,-0.5357871055603027,-4.108805179595947,-2.4060585498809814,-2.057347536087036
325,-4.099645614624023,8.645672798156738,-8.731667518615723,-10.439746856689453,20.0,-4.562317848205566,1.4282398223876953,-7.558813571929932,5.084366798400879,2.9572277069091797,0.1538994312286377,0.08881378173828125,1.8294235467910767,-0.05203837528824806,0.0017171166837215424,-0.25008949637413025,-1.3522573709487915,-2.374346971511841,0.3128783106803894,-0.3773799538612366,-0.3284100890159607,-5.8666534423828125,-1.7280508279800415,-2.642704963684082
326,-30.20806884765625,0.6309361457824707,-1.2764341831207275,-15.815372467041016,20.0,-4.594158172607422,29.064464569091797,-6.67462158203125,6.800544261932373,13.327362060546875,0.5224299430847168,0.11821794509887695,-0.015342424623668194,-0.0052974894642829895,0.333730548620224,2.6939280033111572,1.02019464969635,-1.9431416988372803,1.4996473789215088,-0.6372970342636108,0.3508280813694,-5.971234321594238,-1.3966076374053955,-3.023775577545166
327,-48.94783401489258,-6.780322074890137,10.271032333374023,-1.7660942077636719,6.765805244445801,-1.4902708530426025,60.93547058105469,-11.081716537475586,18.442699432373047,-28.169940948486328,-17.8593692779541,-14.161335945129395,-3.430877685546875,0.8741700053215027,1.2267898321151733,8.989053726196289,8.320255279541016,-1.9172512292861938,1.9198418855667114,-0.2558481991291046,-0.1970316618680954,-1.8758639097213745,9.991995811462402,1.1841214895248413
328,-31.347469329833984,5.775076389312744,-6.519776344299316,-13.502967834472656,-1.8714933395385742,0.34924399852752686,44.499332427978516,-25.603303909301758,45.386962890625,-68.13429260253906,9.248523712158203,-13.08164119720459,-4.067170143127441,0.11537182331085205,-1.1918160915374756,6.526233196258545,3.797426223754883,-0.7903317213058472,1.5889904499053955,0.0012798309326171875,-0.2758674621582031,0.6018664836883545,-2.7744932174682617,1.1308484077453613
329,-17.703773498535156,-4.494576454162598,4.877964973449707,-7.738107681274414,-1.0287047624588013,0.07825767993927002,21.50172233581543,-13.832537651062012,35.40237045288086,-56.985897064208984,16.06768798828125,-6.833555221557617,-4.737613201141357,-0.11232399195432663,-0.7246732711791992,4.617208957672119,1.1296398639678955,0.2605663239955902,1.21243417263031,-0.020621225237846375,-0.21469669044017792,0.42479413747787476,-2.0780367851257324,0.0124644935131073
330,-2.702177047729492,-1.5839042663574219,3.164243698120117,-7.470637321472168,-0.4416753053665161,-0.054373204708099365,14.728681564331055,-11.502217292785645,23.31424331665039,-62.08794403076172,18.671998977661133,-3.9676077365875244,-3.5755395889282227,0.3563575744628906,-0.28495603799819946,0.908349335193634,0.8660164475440979,0.5051209330558777,2.0971360206604004,0.2863340377807617,-0.3019758462905884,-0.533156156539917,-1.7447441816329956,-0.0633968710899353
331,4.7436370849609375,-2.734485626220703,2.636673927307129,-4.799083709716797,-0.6116228103637695,-0.06185030937194824,3.3766117095947266,-11.453512191772461,17.351716995239258,-47.56129455566406,20.0,-1.6258022785186768,-2.0458788871765137,-0.10165123641490936,-0.043014757335186005,-3.369161367416382,-1.5451428890228271,0.7463101148605347,2.700152635574341,0.02013310045003891,-0.32832422852516174,-1.1115880012512207,-1.5706058740615845,0.23340898752212524
332,12.506662368774414,6.6525373458862305,-5.739758491516113,3.5514888763427734,0.0010523796081542969,0.04544353485107422,-15.616960525512695,-12.974037170410156,14.273179054260254,-25.437755584716797,20.0,2.5703587532043457,-0.9286195635795593,0.26373520493507385,-0.5769581198692322,-5.579596519470215,-2.4375123977661133,1.4291799068450928,2.3662681579589844,0.31470024585723877,-0.15683773159980774,-1.2149484157562256,-1.3262825012207031,-0.2713421583175659
333,14.733006477355957,1.6267032623291016,-1.5485148429870605,8.105321884155273,0.27303552627563477,-0.07663440704345703,-10.475301742553711,-7.265929222106934,5.652331829071045,-8.140314102172852,20.0,4.857631206512451,0.444793164730072,-0.062260307371616364,-0.6659987568855286,-6.975693702697754,-2.451192855834961,1.7795982360839844,1.2400339841842651,0.06127605587244034,0.019829396158456802,0.8803166151046753,0.05920671671628952,-0.5695734620094299
334,32.95125198364258,6.293884754180908,-4.789608478546143,13.743598937988281,0.5406575202941895,-0.07843542098999023,-32.19569778442383,-0.33037757873535156,-5.768024921417236,-15.092273712158203,20.0,5.555530548095703,1.8917850255966187,0.8353276252746582,-0.300617516040802,-3.9211556911468506,4.746167182922363,-1.1798899173736572,-0.9238768815994263,0.1778130680322647,0.035408854484558105,4.112005710601807,2.847602128982544,0.4606306254863739
335,52.017066955566406,22.01062774658203,-33.98841857910156,-73.5185317993164,-17.18563461303711,-0.5358610153198242,-39.939109802246094,0.5673484802246094,-4.045533180236816,0.5207557678222656,-0.3192596435546875,0.1922001838684082,1.72776198387146,-0.2462652027606964,0.4091951251029968,0.9471811652183533,-2.596701145172119,1.1650817394256592,-2.5022425651550293,-1.19942045211792,-0.7799028158187866,8.3961820602417,5.4905195236206055,3.409916639328003
336,6.668781280517578,10.961983680725098,-35.60380935668945,-76.88601684570312,-7.317745208740234,5.915712356567383,-10.712846755981445,8.135030746459961,-0.4526944160461426,-9.284881591796875,-1.2551603317260742,-0.4358556270599365,1.7382224798202515,0.17881911993026733,0.35049617290496826,0.36542314291000366,-2.3240456581115723,0.5399929881095886,-2.67768931388855,0.8467428684234619,1.0244289636611938,5.728662967681885,1.8295623064041138,1.7261791229248047
337,21.679244995117188,11.614396095275879,-30.22649574279785,-70.71928405761719,-4.649373531341553,3.2020862102508545,-17.030059814453125,1.6333882808685303,-3.3716888427734375,-7.55727481842041,-0.576653242111206,-0.10919570922851562,2.280264377593994,-0.1624709665775299,0.3251177966594696,-0.31447216868400574,-1.932181477546692,0.6225806474685669,-2.326453685760498,0.513109564781189,0.5161840319633484,3.505223274230957,1.5281810760498047,1.5958120822906494
338,-9.998065948486328,10.799015045166016,-25.968158721923828,-65.4486083984375,-4.213063716888428,3.4679994583129883,4.793381690979004,-0.541679859161377,-0.6736481785774231,-5.0669426918029785,-0.5003880858421326,-0.16608870029449463,2.5556931495666504,-0.09550939500331879,0.15365585684776306,-0.8660762906074524,-1.8052167892456055,0.23187223076820374,-1.2187081575393677,0.5123676657676697,0.03836648166179657,0.37872642278671265,-0.5063878893852234,0.7356758713722229
339,-16.07626724243164,12.82882022857666,-17.34549331665039,-61.95867919921875,1.2509098052978516,1.3789459466934204,2.9343738555908203,2.35922908782959,-2.2069456577301025,3.4380147457122803,0.046286821365356445,-0.05067998170852661,2.255051612854004,-0.16062253713607788,0.12578023970127106,-1.1448321342468262,-1.5589237213134766,0.12692788243293762,-1.126390814781189,0.5385632514953613,-0.27837279438972473,-0.13486246764659882,-1.0805156230926514,0.2997366189956665
340,10.981344223022461,15.848941802978516,-20.689573287963867,-48.793033599853516,11.38841724395752,-2.1983375549316406,-12.066873550415039,-0.77830570936203,0.31294894218444824,-1.2023820877075195,-0.29567527770996094,-0.07176774740219116,2.399374485015869,-0.41269370913505554,0.045480355620384216,-1.4590984582901,-1.2305024862289429,0.4880947768688202,-0.8021613359451294,0.30265265703201294,-0.2535006105899811,-1.8077201843261719,-2.4126136302948,-0.4984269142150879
341,-8.636160850524902,15.521476745605469,-14.93139362335205,-38.120635986328125,15.547618865966797,-4.799516677856445,2.2385668754577637,-7.040231704711914,4.489863395690918,0.8637180328369141,0.17153382301330566,-0.05775713920593262,2.4211843013763428,-0.4698559045791626,0.2373138666152954,-1.8750232458114624,-1.1381616592407227,0.3797069191932678,-0.23748467862606049,0.03196730092167854,0.3614439070224762,-4.055023193359375,-1.5390441417694092,-1.3479005098342896
342,-1.1006669998168945,10.756672859191895,-7.287041664123535,-19.37671661376953,20.0,-6.488637924194336,-3.6703720092773438,-0.9993958473205566,-1.4652671813964844,5.62641716003418,-0.012884140014648438,0.0925302505493164,2.0002925395965576,-0.4409753680229187,0.2373313456773758,-1.4658911228179932,-1.0710346698760986,-0.47889453172683716,-0.19831745326519012,-0.3553394079208374,-0.2435300499200821,-4.443210124969482,-2.21807599067688,-2.423880100250244
343,-8.719484329223633,9.931384086608887,-10.514690399169922,-21.689159393310547,20.0,-5.332676887512207,5.757545471191406,1.3804123401641846,-0.13902819156646729,9.928367614746094,0.4250609874725342,0.20920324325561523,1.7979774475097656,-0.23081104457378387,0.14087893068790436,-0.9954650402069092,-1.340131163597107,-1.451416015625,0.25554153323173523,-0.016503088176250458,-0.2170795500278473,-4.019336700439453,-1.1523598432540894,-2.266735076904297
344,-0.8389115333557129,8.045324325561523,-5.273166179656982,-1.4607715606689453,20.0,-3.420562982559204,3.831183671951294,-6.70278263092041,5.797801971435547,6.256487846374512,0.22589576244354248,0.11192131042480469,0.32642918825149536,-0.39907798171043396,0.19822557270526886,1.637662410736084,0.06351348757743835,-1.62679123878479,0.4717022478580475,-0.40451639890670776,0.5062372088432312,-3.6914899349212646,-0.5589259266853333,-2.279369831085205
345,-30.022451400756836,8.225852966308594,0.9890894889831543,-1.4868011474609375,20.0,-3.5796871185302734,39.149986267089844,-16.629955291748047,10.524101257324219,8.09349250793457,0.3689510226249695,0.06341934204101562,-3.122405529022217,0.5952563881874084,1.0543937683105469,7.714404582977295,5.416160583496094,-2.0136539936065674,2.5621306896209717,-1.0123661756515503,0.36555036902427673,-6.589305877685547,-0.4940914511680603,-3.0234782695770264
346,-52.18202209472656,-6.630256175994873,4.527198791503906,-11.609699249267578,-1.142862319946289,0.1571674346923828,77.88127899169922,-23.9249267578125,24.79010772705078,-37.71483612060547,13.057331085205078,-9.025127410888672,-4.813764572143555,0.9712426662445068,0.42069539427757263,9.567676544189453,5.793344497680664,-1.6524544954299927,1.071867823600769,0.38405293226242065,0.015904411673545837,1.6214160919189453,-2.606045722961426,1.8962948322296143
347,-29.988197326660156,-8.929250717163086,4.305795669555664,-15.530452728271484,-1.5531845092773438,0.257465124130249,40.300621032714844,-6.567371845245361,35.51337432861328,-52.08460235595703,18.535198211669922,-8.885591506958008,-5.50075101852417,-0.1724926382303238,-0.28163981437683105,5.963869094848633,2.789815902709961,0.554267406463623,1.306531310081482,0.012772232294082642,-0.2752813696861267,1.1727370023727417,-2.5659682750701904,0.18071478605270386
348,-2.4039993286132812,-7.0941572189331055,5.5929083824157715,-8.034859657287598,-0.7086856365203857,-0.10351347923278809,8.522496223449707,-9.132745742797852,26.876562118530273,-64.70390319824219,20.0,-2.544355869293213,-4.890382766723633,-0.8038615584373474,0.131381556391716,1.9221181869506836,1.7251473665237427,0.49933552742004395,1.846738576889038,-0.12998688220977783,-0.24444100260734558,0.35089176893234253,-2.3059754371643066,-0.18916726112365723
349,3.790252685546875,1.6318881511688232,-0.04200456291437149,-4.581354141235352,-0.6606426239013672,-0.03788316249847412,1.7325048446655273,-11.958520889282227,16.504072189331055,-53.060245513916016,20.0,-0.21568728983402252,-3.7432711124420166,-0.4430117905139923,0.008143337443470955,-1.7069462537765503,-0.5224938988685608,0.7016607522964478,2.37819504737854,0.14690141379833221,-0.44657832384109497,-0.4067063629627228,-2.0000929832458496,-0.01555338129401207
350,13.537513732910156,4.949991226196289,-4.884821891784668,3.711371421813965,-0.12035369873046875,0.06496500968933105,-13.230295181274414,-15.950374603271484,18.342952728271484,-36.381263732910156,20.0,3.4449920654296875,-2.3960258960723877,-0.3749297857284546,-0.7573333382606506,-3.524754524230957,-2.3576242923736572,1.695709466934204,2.437692642211914,0.39362069964408875,-0.26705995202064514,-0.6951955556869507,-1.8033684492111206,-0.4075238108634949
351,17.263338088989258,6.924674034118652,-2.754213809967041,2.7509765625,0.16808271408081055,-0.17180466651916504,-15.929388046264648,-11.170526504516602,8.443557739257812,-24.47005844116211,20.0,6.658995628356934,-0.4896439015865326,0.1960115283727646,-0.5216972231864929,-6.948730945587158,-2.0443027019500732,1.0778371095657349,2.1951918601989746,0.42558860778808594,-0.2401277869939804,-0.49285176396369934,-0.9462181329727173,-1.616186261177063
352,32.99348068237305,9.578027725219727,-6.4431047439575195,12.22003173828125,0.3387327194213867,0.014386177062988281,-21.163705825805664,-2.4313414096832275,-4.057720184326172,-6.523231506347656,20.0,7.419951915740967,1.8520855903625488,0.5083234310150146,-0.9313019514083862,-8.851065635681152,-2.9239165782928467,1.8768396377563477,-0.53218013048172,-0.11100837588310242,-0.5990906357765198,4.796293258666992,3.4307148456573486,1.2824883460998535
353,57.00554656982422,12.857216835021973,-20.794557571411133,-41.04862976074219,-19.864900588989258,0.27741098403930664,-49.520442962646484,-4.77921724319458,-1.3401776552200317,-8.821895599365234,3.3587331771850586,1.1476893424987793,1.8942078351974487,-0.6337149739265442,-0.07924598455429077,1.1753606796264648,-3.6623713970184326,0.8879611492156982,-2.718811273574829,-1.6374205350875854,-0.1667439043521881,7.396633625030518,7.3611321449279785,3.848635673522949
354,24.483062744140625,17.718814849853516,-39.03105926513672,-74.86908721923828,-1.0661487579345703,5.205613136291504,-18.949676513671875,5.7727556228637695,-0.5809063911437988,-8.255475997924805,-1.5921506881713867,-0.46365928649902344,2.0226409435272217,-0.230429545044899,0.34604591131210327,0.8152617812156677,-2.7087960243225098,0.4972867965698242,-3.1610965728759766,-0.13556568324565887,1.3891456127166748,5.161944389343262,2.4332151412963867,2.088885545730591
355,29.68984603881836,15.903240203857422,-35.71257781982422,-77.24183654785156,1.5139060020446777,2.852149248123169,-23.853666305541992,7.626978874206543,-7.790199279785156,-5.871068000793457,-0.7602875232696533,-0.12506794929504395,2.376131772994995,-0.21063624322414398,0.16502651572227478,0.09477769583463669,-2.3440449237823486,0.5053893327713013,-3.5762205123901367,0.22416213154792786,0.6053888201713562,3.0849411487579346,1.4970054626464844,1.386813759803772
356,-2.4867782592773438,13.427203178405762,-26.148223876953125,-63.92067337036133,3.416083812713623,3.3749911785125732,3.6653499603271484,1.1002721786499023,-0.791663408279419,-4.337134838104248,-0.3820120096206665,-0.1610018014907837,2.8144304752349854,-0.015157874673604965,0.1491587609052658,-0.47862547636032104,-2.243846893310547,0.10037464648485184,-2.595259666442871,0.6729682683944702,0.7678734064102173,-0.2343948483467102,0.9014807343482971,0.7214266061782837
357,-9.707019805908203,14.113515853881836,-20.00535774230957,-66.81008911132812,6.802539825439453,1.6962870359420776,5.577739238739014,1.9959487915039062,-3.0594377517700195,3.777925491333008,-0.1339745968580246,-0.0071909427642822266,2.943355083465576,-0.1896291971206665,0.1104058027267456,-1.0468343496322632,-1.9542369842529297,0.07012127339839935,-1.8269927501678467,0.4254223108291626,0.20770400762557983,-1.4550474882125854,0.014898881316184998,0.7802136540412903
358,-7.469226360321045,18.999929428100586,-19.8509521484375,-62.9772834777832,13.566679954528809,-3.193772315979004,2.86030912399292,-1.247925043106079,-1.8676414489746094,6.747790336608887,-0.028596878051757812,-0.0641513466835022,3.0769217014312744,-0.33379244804382324,0.19550812244415283,-1.5879336595535278,-1.6698367595672607,0.33225488662719727,-1.2396230697631836,-0.2660614848136902,-0.645307183265686,-1.7045559883117676,-1.1461576223373413,-0.38509508967399597
359,-19.69261932373047,18.247615814208984,-17.548437118530273,-55.02082061767578,14.907867431640625,-3.413874626159668,9.465568542480469,2.0736875534057617,-0.17817330360412598,9.03155517578125,0.2682056427001953,0.035236358642578125,2.8689496517181396,-0.32806432247161865,0.06239387392997742,-1.8405386209487915,-1.4389580488204956,0.12765569984912872,-0.73464035987854,0.008261692710220814,-0.6381852030754089,-1.3578163385391235,-1.7230141162872314,-0.4551880657672882
360,8.250271797180176,15.696722030639648,-13.89589786529541,-30.450105667114258,20.0,-6.812899589538574,-11.679101943969727,3.8902390003204346,-2.7674193382263184,3.259171485900879,0.09364533424377441,0.026779890060424805,2.5734899044036865,-0.35258597135543823,-0.1002400666475296,-1.6354060173034668,-1.1957381963729858,0.30893275141716003,-0.9562923908233643,0.08107390254735947,-1.0992740392684937,-1.3169609308242798,-1.1594679355621338,-1.3917497396469116
361,-15.374707221984863,7.051938056945801,-8.00948715209961,-23.666175842285156,20.0,-6.077582359313965,9.841238021850586,-3.1626453399658203,4.516999244689941,-0.5395011901855469,-0.12918710708618164,-0.0011925697326660156,2.3010387420654297,-0.2666100561618805,0.0060607511550188065,-1.582431435585022,-1.2044888734817505,-1.1537325382232666,0.03858058154582977,0.2535848915576935,-0.24580702185630798,-4.302628993988037,-2.6592190265655518,-2.2388622760772705
362,-13.848625183105469,9.392887115478516,-6.112433433532715,-15.797150611877441,20.0,-4.984710216522217,11.442222595214844,-0.6970644593238831,0.690885066986084,9.635904312133789,0.5185897350311279,0.1655559539794922,1.237892985343933,-0.23924115300178528,0.11607229709625244,0.04096193239092827,0.15448786318302155,-0.04439791291952133,0.7038293480873108,0.05873671546578407,-0.418199747800827,-4.175372123718262,-1.5545611381530762,-2.6283366680145264
363,-29.99936866760254,6.110145568847656,1.340041160583496,0.6561031341552734,20.0,-3.9701027870178223,38.40815734863281,-19.918428421020508,15.967849731445312,7.21983528137207,0.6015585064888,0.03071737289428711,-2.314232110977173,0.25124579668045044,0.7059622406959534,6.815410137176514,5.305063247680664,-2.984332323074341,2.7171239852905273,-0.7282220125198364,0.7224860787391663,-6.8957905769348145,-0.09347056597471237,-2.9600396156311035
364,-57.620872497558594,0.660367488861084,2.4527482986450195,-8.163131713867188,-0.9311113357543945,0.21299266815185547,71.35623168945312,-17.121877670288086,31.74376106262207,-22.776527404785156,-15.488386154174805,-10.272193908691406,-4.973607540130615,1.2208623886108398,1.1841742992401123,11.192999839782715,7.262854099273682,-2.8671271800994873,2.1929967403411865,-0.706829845905304,-0.4708233177661896,-1.7550338506698608,9.899890899658203,0.42976251244544983
365,-14.411256790161133,7.875065803527832,-8.822189331054688,-19.62210464477539,-1.7157011032104492,0.5030431747436523,27.46014404296875,-24.54540252685547,48.182708740234375,-63.496826171875,10.4197998046875,-10.848788261413574,-4.406532287597656,0.37328535318374634,-1.353071928024292,5.073479175567627,3.9543304443359375,-0.8183600306510925,1.5052870512008667,-0.21072623133659363,-0.2609602212905884,0.7213703989982605,-2.5940372943878174,0.3243104815483093
366,-14.510303497314453,-7.708255767822266,7.1458258628845215,-7.375626564025879,-1.0885778665542603,0.05069619417190552,24.86966323852539,-18.929235458374023,35.517555236816406,-56.90047073364258,19.003726959228516,-4.60238790512085,-4.283365249633789,-0.04769956320524216,-0.38917237520217896,1.9976178407669067,0.9916749596595764,0.23288610577583313,1.680139422416687,-0.16061702370643616,0.23989363014698029,0.2556231617927551,-2.155654191970825,0.047811850905418396
367,-7.848932266235352,-5.394801616668701,4.456118583679199,-3.7792787551879883,-0.5755410194396973,-0.009687185287475586,17.096721649169922,-5.231771469116211,23.92913055419922,-55.40990447998047,20.0,-0.024363815784454346,-3.7551016807556152,-0.0500413253903389,-0.26042720675468445,-0.8142762184143066,-0.4441692531108856,1.1587005853652954,2.229506015777588,-0.06613689661026001,0.03674781322479248,-0.5004560947418213,-1.7922911643981934,-0.03991090506315231
368,5.204309463500977,-5.728745460510254,3.38865327835083,0.4301490783691406,-0.28766870498657227,-0.05019712448120117,-0.5974903106689453,-3.1061065196990967,14.779977798461914,-47.3873176574707,20.0,0.9161831736564636,-2.53226375579834,-0.31529930233955383,-0.33573317527770996,-3.506316661834717,-2.0807130336761475,2.405374050140381,2.6497268676757812,0.07624359428882599,-0.016486436128616333,-1.1342288255691528,-1.5486241579055786,-0.10332891345024109
369,13.081954002380371,2.4897069931030273,0.013166265562176704,1.8721580505371094,0.09782671928405762,-0.25696396827697754,-8.541581153869629,-3.1411941051483154,5.640552520751953,-18.50523567199707,20.0,6.337530136108398,-0.8148824572563171,-0.015607696957886219,0.054711248725652695,-6.738743782043457,-1.5900956392288208,1.799440860748291,2.7837636470794678,0.06742700934410095,-0.06142910197377205,-1.2043287754058838,-1.3871639966964722,-0.6144720911979675
370,21.278099060058594,2.629546642303467,-3.177278518676758,12.763500213623047,0.17269229888916016,-0.09949636459350586,-17.436620712280273,-2.5028507709503174,1.7563334703445435,-14.780877113342285,20.0,5.3419952392578125,0.8396338224411011,0.15057234466075897,-0.37486279010772705,-7.047042369842529,-3.5025744438171387,1.9092137813568115,2.160475015640259,0.0746941938996315,-0.010533351451158524,0.2384626269340515,-0.8667440414428711,1.4451631307601929
371,33.99091339111328,13.649011611938477,-10.56832218170166,10.757957458496094,0.5682640075683594,-0.08153581619262695,-30.062721252441406,-6.139958381652832,-5.433685779571533,1.019216537475586,20.0,3.790470600128174,2.3679144382476807,0.9830524921417236,0.11006522178649902,-3.1789445877075195,7.3498077392578125,-2.9090569019317627,-1.5059657096862793,-0.39524948596954346,0.1681380718946457,6.507693290710449,4.48468017578125,2.755215644836426
372,40.716064453125,24.166297912597656,-40.057559967041016,-51.95834732055664,-20.0,3.8595240116119385,-32.27714157104492,-2.749194622039795,-0.1657056212425232,-3.8507003784179688,-0.659184455871582,-0.15636968612670898,2.634708881378174,0.12664298713207245,0.3684675097465515,-1.2591891288757324,7.205638885498047,0.7658681273460388,-2.6176068782806396,-1.1037278175354004,0.14097265899181366,8.858717918395996,5.598386287689209,3.776820182800293
373,16.585363388061523,11.647577285766602,-31.4063720703125,-63.287994384765625,-11.986156463623047,6.813506126403809,-17.20574951171875,6.783687591552734,-1.5372943878173828,-14.639928817749023,-1.4234535694122314,-0.4351162910461426,1.655593752861023,0.06542864441871643,0.05221076309680939,1.0524626970291138,-2.598343849182129,0.2908640205860138,-2.7187132835388184,0.44130760431289673,1.3694133758544922,4.704452037811279,2.354790210723877,2.334829807281494
374,-0.2798652648925781,14.1357421875,-29.482446670532227,-69.0555648803711,-9.216068267822266,4.5282883644104,0.024710655212402344,-1.7917407751083374,-0.30012035369873047,-6.763371467590332,-0.6282727718353271,-0.25668883323669434,2.0468807220458984,0.0026894286274909973,-0.01521151140332222,0.38155287504196167,-2.397183895111084,0.22767192125320435,-1.8136687278747559,0.29644113779067993,1.2075225114822388,1.3768516778945923,0.6631495356559753,1.231540560722351
375,15.78720474243164,15.445541381835938,-22.240400314331055,-63.28473663330078,2.6932833194732666,0.6166141033172607,-16.921558380126953,3.31868839263916,-6.033921241760254,-2.7328178882598877,-0.5844552516937256,-0.06918968260288239,2.152496814727783,-0.09298405051231384,0.08402755111455917,-0.23791290819644928,-1.9934446811676025,0.22239737212657928,-2.1233229637145996,-0.19560672342777252,0.10727348178625107,-0.48057472705841064,-0.9635316133499146,0.03921615332365036
376,0.5740680694580078,15.1844482421875,-23.385173797607422,-68.84716033935547,6.4241204261779785,0.5344641804695129,-3.450921058654785,6.41074275970459,-4.225787162780762,4.4965500831604,-0.0244443416595459,0.02153998613357544,2.375237464904785,0.01987864077091217,0.036615028977394104,-0.8375878930091858,-1.7814042568206787,0.03441701456904411,-1.8327635526657104,0.34953388571739197,-0.1461714208126068,-1.2895063161849976,-1.585288405418396,-0.34712207317352295
377,-1.2949104309082031,8.82463264465332,-14.54820442199707,-41.282745361328125,11.275199890136719,-0.5736698508262634,0.7896757125854492,3.8693878650665283,-2.3790531158447266,5.08150577545166,0.2992132902145386,0.015001058578491211,2.489147901535034,-0.09737363457679749,0.04794858396053314,-0.9640295505523682,-1.705013632774353,-0.08811768144369125,-1.3510758876800537,0.39228102564811707,-0.29447343945503235,-1.4519588947296143,-0.488280713558197,-1.0834325551986694
378,-13.174623489379883,12.411365509033203,-13.954105377197266,-34.55173873901367,16.700359344482422,-1.6137886047363281,7.646392345428467,-1.9604542255401611,1.1036354303359985,3.931367874145508,-0.00016427040100097656,0.0820767879486084,2.1683788299560547,-0.1336374133825302,-0.04402675852179527,-0.9051759839057922,-1.6044800281524658,-0.20826998353004456,-0.7587355971336365,0.2300347536802292,-0.4400891363620758,-2.5110652446746826,-1.3664429187774658,-1.1838611364364624
379,-7.4606428146362305,11.042574882507324,-7.9786481857299805,-19.027257919311523,20.0,-5.2206501960754395,7.248526096343994,-6.306660175323486,4.181365966796875,2.5978164672851562,-0.011961936950683594,-0.0019865036010742188,2.1831297874450684,-0.2169262319803238,0.009044408798217773,-0.9101873636245728,-1.626909613609314,-0.3613012731075287,0.2236981987953186,-0.17097526788711548,-0.2520274519920349,-4.327260971069336,-2.4214398860931396,-2.287980079650879
380,-1.249445915222168,7.408288478851318,-6.007200241088867,-16.374357223510742,20.0,-4.465862274169922,-0.5514986515045166,2.5560994148254395,-1.3903515338897705,9.55207633972168,0.45499134063720703,0.1910419464111328,1.9191592931747437,-0.3267609477043152,0.06314123421907425,-0.5052897334098816,-1.6820790767669678,-0.1207147091627121,0.13281172513961792,-0.2049335390329361,-0.27419745922088623,-2.96999454498291,-0.9461818933486938,-2.5322060585021973
381,-23.699851989746094,4.981410026550293,2.551255702972412,-2.554196357727051,20.0,-4.442913055419922,28.902912139892578,-15.471202850341797,11.492483139038086,1.4979782104492188,0.13155841827392578,0.07671833038330078,-0.8239704370498657,-0.03035610169172287,0.2645060420036316,4.294826984405518,1.768593430519104,-1.9964975118637085,2.1853299140930176,-0.7787716388702393,0.3096645474433899,-7.492437839508057,-1.2950958013534546,-2.7718350887298584
382,-55.80426788330078,-1.2650480270385742,6.526772975921631,-2.0633468627929688,0.7979812622070312,-0.10431528091430664,65.30903625488281,-25.841690063476562,32.325889587402344,-38.93858337402344,-19.676494598388672,-7.798005104064941,-4.2244768142700195,1.3468519449234009,1.421210765838623,10.948172569274902,8.856094360351562,-2.307159423828125,0.7965537905693054,0.12572532892227173,-0.22386234998703003,1.6572662591934204,-2.7620744705200195,-0.20788675546646118
383,-30.28559684753418,-1.676455020904541,-1.7467765808105469,-15.533340454101562,-2.0704636573791504,0.30044102668762207,43.67414474487305,-21.484710693359375,47.199039459228516,-60.498023986816406,14.423994064331055,-8.784891128540039,-4.65653657913208,0.1801588088274002,-0.017941437661647797,7.843441009521484,3.5266404151916504,-1.3459503650665283,1.1505835056304932,-0.21129408478736877,-0.2860869765281677,1.108607292175293,-2.4798073768615723,0.1310568004846573
384,-9.144905090332031,-8.661592483520508,3.971168041229248,-13.17150592803955,-1.10003662109375,0.20894479751586914,19.800952911376953,-8.502790451049805,28.950185775756836,-64.76960754394531,18.155864715576172,-4.512275218963623,-3.8083178997039795,-0.5495105981826782,-0.12913388013839722,3.1566061973571777,0.8777047991752625,0.5177990198135376,1.7945369482040405,-0.02499040961265564,-0.08287663757801056,0.17455261945724487,-2.0815517902374268,-0.001265004277229309
385,-6.445892333984375,-3.544987201690674,2.8856582641601562,-9.728358268737793,-0.7309432029724121,-0.021253347396850586,11.01229476928711,-0.9088960886001587,17.882457733154297,-52.64401626586914,20.0,-1.925580382347107,-3.234454870223999,-0.5400923490524292,-0.23512114584445953,-1.335222840309143,-0.4824267029762268,1.2348021268844604,2.103039026260376,0.18435414135456085,-0.2938624322414398,-0.5943673849105835,-1.5734878778457642,-0.1817578673362732
386,8.927810668945312,5.10530948638916,-2.653926372528076,-2.1389122009277344,-0.42563915252685547,-0.058168649673461914,-3.548860549926758,-7.720676898956299,16.095260620117188,-34.10441589355469,20.0,2.457489490509033,-1.6109216213226318,-0.3557381331920624,-0.592460036277771,-5.071501731872559,-2.7146215438842773,1.6117252111434937,2.5409648418426514,0.24098949134349823,-0.38580602407455444,-1.0647077560424805,-1.4771232604980469,-0.3978275656700134
387,16.286787033081055,1.0847536325454712,0.6098086833953857,7.889545440673828,0.2649064064025879,-0.15494704246520996,-13.875776290893555,-5.86196756362915,7.604037284851074,-35.25291442871094,20.0,6.6512064933776855,0.32353705167770386,-0.10875338315963745,-0.3708614408969879,-7.129542827606201,-3.004714012145996,1.651491403579712,2.9402482509613037,0.3383280038833618,-0.4433475434780121,-1.4541597366333008,-1.3370352983474731,-0.6114659309387207
388,17.94708251953125,10.202495574951172,-6.284103870391846,10.955799102783203,0.3534979820251465,-0.1029658317565918,-18.46613311767578,-14.425833702087402,6.959856033325195,-11.140008926391602,20.0,3.840364456176758,1.6908525228500366,0.265451043844223,-0.3722938597202301,-8.671767234802246,-2.871137857437134,1.3129916191101074,1.3559789657592773,0.11121722310781479,-0.1355847269296646,1.1245965957641602,-0.026362987235188484,1.7083548307418823
389,51.35852813720703,12.985605239868164,-20.244524002075195,-36.82952880859375,-20.0,5.8319196701049805,-43.910823822021484,-3.5131075382232666,-5.102095603942871,1.3593635559082031,10.53363037109375,2.290515422821045,2.329739809036255,0.4785979688167572,0.6087369322776794,-1.198423147201538,5.765263080596924,0.8660120964050293,-2.013127088546753,-1.0024482011795044,-0.27425050735473633,7.3751115798950195,6.07027530670166,3.106646776199341
390,23.034072875976562,16.64167594909668,-33.676300048828125,-59.230918884277344,-8.759113311767578,5.917031288146973,-22.475847244262695,4.867979049682617,-1.1932263374328613,-8.701194763183594,-1.3262543678283691,-0.34253764152526855,1.6977235078811646,0.10757394134998322,0.17798706889152527,1.0982426404953003,-2.6157493591308594,0.2797488570213318,-2.6939187049865723,0.09873665124177933,0.744782567024231,6.464690685272217,2.4997336864471436,1.9290632009506226
391,7.364336013793945,14.886560440063477,-36.75079345703125,-84.71876525878906,-7.466694355010986,5.47800350189209,-8.609942436218262,6.237896919250488,-4.40471887588501,-4.86328125,-0.5098669528961182,-0.13045263290405273,2.03987979888916,0.1256861835718155,-0.03836164250969887,0.31378430128097534,-2.343722105026245,0.24793067574501038,-2.4476189613342285,0.7240045666694641,0.5651127696037292,4.441837787628174,2.058497905731201,1.8183330297470093
392,12.212857246398926,13.152681350708008,-27.106172561645508,-64.3415298461914,-4.392812252044678,4.0037312507629395,-13.839151382446289,1.9639804363250732,-3.2902133464813232,-6.928800582885742,-0.7561256885528564,-0.16842257976531982,2.289806842803955,0.12496345490217209,-0.0027579106390476227,-0.16387388110160828,-2.069561243057251,0.2822451591491699,-2.340299606323242,0.682337760925293,0.0469982735812664,1.9754180908203125,0.011162706650793552,0.6988289952278137
393,-8.766857147216797,13.617756843566895,-22.725706100463867,-66.02598571777344,0.9070150852203369,2.0839927196502686,1.6276721954345703,-1.2458641529083252,-0.19458699226379395,-1.3548779487609863,-0.036737680435180664,-0.05491769313812256,2.41310715675354,0.003999047446995974,0.08344157040119171,-0.8053162097930908,-1.8047467470169067,0.0556555837392807,-1.8379595279693604,0.33464887738227844,-0.17058120667934418,-0.09122751653194427,0.6595136523246765,0.5594848990440369
394,-5.6683268547058105,13.337260246276855,-18.44242286682129,-58.80488204956055,7.824834823608398,-1.3529551029205322,-0.3092527389526367,1.4052228927612305,-1.3389191627502441,2.4778904914855957,-0.27236104011535645,-0.06474661827087402,2.4960851669311523,-0.15399092435836792,0.10946215689182281,-1.257365107536316,-1.5518285036087036,0.15961645543575287,-1.366692304611206,0.1727251559495926,-0.3849979043006897,-1.073426365852356,-1.1794267892837524,-0.23276302218437195
395,2.9852733612060547,14.830671310424805,-18.792341232299805,-48.02741622924805,15.892011642456055,-4.386624813079834,-9.085084915161133,0.9072455763816833,-1.1603343486785889,4.27631950378418,-0.03091716766357422,0.002594470977783203,2.4168126583099365,-0.3290060758590698,0.15417036414146423,-1.5154261589050293,-1.3248668909072876,0.25194141268730164,-1.5507066249847412,-0.037591561675071716,-0.5312927961349487,-0.9873234629631042,-1.7921853065490723,-1.0245184898376465
396,-3.0753355026245117,8.410320281982422,-9.199750900268555,-26.45636749267578,20.0,-5.579165935516357,-1.7171859741210938,1.8416380882263184,-0.25409436225891113,1.3400564193725586,0.05549144744873047,0.04519939422607422,2.1754331588745117,-0.3923521637916565,0.23695379495620728,-1.559120774269104,-1.2518577575683594,0.07160155475139618,-1.4830427169799805,0.21018019318580627,-0.15454968810081482,-2.104339122772217,-1.770555019378662,-1.5550562143325806
397,-9.968421936035156,12.583568572998047,-7.119974136352539,-11.299640655517578,20.0,-4.322739601135254,11.83266544342041,-10.147065162658691,7.708843231201172,-2.4594764709472656,0.04211997985839844,0.008516311645507812,1.531124472618103,-0.32109588384628296,0.09666884690523148,-0.4938614070415497,-0.6772763133049011,-1.4023038148880005,0.06805913895368576,-0.06168903037905693,0.4920751750469208,-6.19081974029541,-1.4569696187973022,-2.003089427947998
398,-27.566864013671875,3.9449808597564697,1.8567094802856445,-0.5025062561035156,20.0,-3.911102771759033,37.879486083984375,-14.90068531036377,9.915007591247559,8.84481430053711,0.4439687728881836,-0.04014873504638672,-1.2414106130599976,0.19987449049949646,0.5856191515922546,5.062817096710205,3.586557626724243,-1.9905245304107666,2.673276424407959,-0.8050267100334167,0.5236667394638062,-9.328947067260742,-0.8931660652160645,-4.146910667419434
399,-45.244178771972656,5.9535746574401855,1.5653982162475586,-6.387660980224609,-0.32250308990478516,0.008888721466064453,49.966163635253906,-18.615909576416016,28.512863159179688,-21.90743637084961,-19.286087036132812,-19.048564910888672,-3.73384428024292,1.114699125289917,1.2973732948303223,9.35527229309082,7.187004566192627,-3.387586832046509,1.9933288097381592,-1.5487757921218872,-0.4520275890827179,-2.2228617668151855,8.97836685180664,3.9566574096679688
400,-21.773311614990234,-5.046552658081055,-0.7803974151611328,-10.687082290649414,-1.4154109954833984,0.48372185230255127,30.817554473876953,-21.06365203857422,42.92945861816406,-67.20207977294922,10.59438419342041,-12.436537742614746,-4.364655017852783,-0.08429786562919617,-0.4364638030529022,7.405559062957764,4.677196025848389,-0.8375902771949768,0.9606443643569946,-0.2754339575767517,0.047012217342853546,1.2418270111083984,-2.7215981483459473,0.7412278652191162
401,-21.110368728637695,-7.000588417053223,5.3880767822265625,-8.594459533691406,-1.1514415740966797,0.07087591290473938,33.03537368774414,-10.877840995788574,34.61488723754883,-65.95735931396484,14.695981979370117,-6.671356678009033,-4.601544380187988,-0.2433800846338272,-0.3193792700767517,5.36936616897583,2.0046439170837402,-0.08619028329849243,1.4243494272232056,-0.025645583868026733,-0.022529542446136475,0.44799619913101196,-2.1124746799468994,0.14576829969882965
402,4.635515213012695,3.2570738792419434,-1.7965550422668457,-14.314608573913574,-0.9193961024284363,0.06172364950180054,3.3938655853271484,-14.247848510742188,22.405052185058594,-53.9877815246582,18.868253707885742,-3.528074264526367,-3.0273666381835938,-0.2450214922428131,-0.6092837452888489,-0.8944811224937439,0.22790949046611786,0.33483535051345825,2.146770477294922,-0.0041170865297317505,-0.05131169408559799,-0.4941638708114624,-1.8636834621429443,-0.051093459129333496
403,3.1458263397216797,-10.848376274108887,7.971652984619141,0.039849281311035156,-0.46238279342651367,-0.0473790168762207,-5.399862289428711,-0.46526551246643066,2.8043479919433594,-49.74074172973633,20.0,-0.8412535190582275,-2.455383539199829,-0.5201812386512756,-0.17445415258407593,-3.3701348304748535,-2.279388189315796,1.4742153882980347,2.071808099746704,0.14974099397659302,-0.18230204284191132,-0.9996405243873596,-1.5028630495071411,0.34131672978401184
404,1.870316982269287,0.4459127187728882,1.49591863155365,2.504995346069336,-0.0437169075012207,-0.09987163543701172,10.784769058227539,-10.296514511108398,8.255626678466797,-29.497224807739258,20.0,5.133123397827148,-0.7916877865791321,-0.36110591888427734,-0.022986209020018578,-5.6825385093688965,-2.963031053543091,2.419248580932617,2.866245985031128,0.2538909316062927,-0.34907564520835876,-1.380228877067566,-1.2686978578567505,-0.3578976094722748
405,9.849677085876465,6.506760597229004,-2.9991466999053955,8.067577362060547,0.21326923370361328,-0.2130589485168457,-9.475252151489258,-11.958003044128418,5.752726078033447,-10.22032642364502,20.0,4.125283241271973,0.11048018932342529,-0.013579056598246098,0.1870288848876953,-6.783980846405029,-3.3793787956237793,1.9872976541519165,1.7879090309143066,0.008439229801297188,-0.21989116072654724,0.38837772607803345,-0.7132002115249634,1.8796241283416748
406,32.77512741088867,7.188270568847656,-7.525079727172852,15.103199005126953,0.6856350898742676,-0.08042120933532715,-30.503156661987305,-2.4116430282592773,1.320683240890503,-12.947958946228027,20.0,4.024982452392578,1.6650351285934448,0.090765580534935,-0.7900025248527527,-7.04384708404541,-3.1556057929992676,1.7934364080429077,-0.36430588364601135,-0.025522565469145775,-0.3357517421245575,3.7828030586242676,2.3431379795074463,1.0582468509674072
407,55.87084197998047,9.803009033203125,-19.82400131225586,-30.26749038696289,-18.310760498046875,2.881826400756836,-47.78722381591797,3.3950459957122803,-6.22293758392334,-2.0628395080566406,0.21084213256835938,0.19725418090820312,1.5903970003128052,0.6182639002799988,0.4597378671169281,-0.9463426470756531,7.809432506561279,0.7356306314468384,-3.2425477504730225,-0.48866868019104004,-0.5610290765762329,9.38043212890625,7.094378471374512,3.6008336544036865
408,12.06895923614502,11.125786781311035,-31.424440383911133,-73.1095962524414,-8.909914016723633,6.244620323181152,-6.453751564025879,1.915029525756836,3.431090831756592,-15.068265914916992,-1.6401314735412598,-0.5324716567993164,1.479945421218872,-0.001165732741355896,0.11978453397750854,1.3625775575637817,-2.744194507598877,0.42854976654052734,-2.2088913917541504,0.6049554347991943,1.201572299003601,4.433699131011963,2.0837087631225586,1.1638641357421875
409,33.93959045410156,22.654043197631836,-35.263423919677734,-68.73626708984375,-0.7025814056396484,2.2074203491210938,-25.52084732055664,-2.035020351409912,-2.8183181285858154,-5.874265670776367,-0.8391379714012146,-0.05228710174560547,2.071620225906372,-0.17578211426734924,0.21261712908744812,0.5645080804824829,-2.397178888320923,0.5536443591117859,-2.488771915435791,0.06019909679889679,0.6268357634544373,2.8438990116119385,0.14132247865200043,0.9690386056900024
410,1.026015281677246,15.646957397460938,-31.278942108154297,-70.83361053466797,3.7422986030578613,2.4966955184936523,-4.535636901855469,2.950880289077759,-2.8094534873962402,-1.617833137512207,-0.29358768463134766,-0.05564236640930176,2.1954214572906494,-0.07265640050172806,0.08431493490934372,-0.09512437880039215,-2.1310508251190186,0.1714354157447815,-2.2625558376312256,0.2687234878540039,0.23375992476940155,0.88486248254776,-0.8712536096572876,0.8223726749420166
411,-4.623692989349365,15.97765064239502,-22.27632713317871,-59.64919662475586,5.434650897979736,0.5018055438995361,3.120511054992676,-0.38803279399871826,-0.5189192295074463,-0.6357135772705078,-0.08597731590270996,-0.11834612488746643,2.5003960132598877,-0.07832591980695724,0.04133445397019386,-0.6173783540725708,-1.9083179235458374,0.07218277454376221,-1.3161755800247192,0.2757953107357025,0.06026951223611832,-1.5469422340393066,-1.3798831701278687,-0.24960671365261078
412,-3.18792724609375,16.937549591064453,-20.138906478881836,-59.038917541503906,13.097471237182617,-1.740898847579956,-3.1849331855773926,2.126161575317383,-1.6167681217193604,4.984417915344238,0.060571908950805664,0.042355477809906006,2.4182512760162354,-0.37158530950546265,-0.0387178435921669,-1.1149992942810059,-1.5380927324295044,0.07934626936912537,-1.1057294607162476,0.030196402221918106,-0.11820562928915024,-2.123716115951538,-1.6297532320022583,-0.28778326511383057
413,-24.325332641601562,18.587074279785156,-11.239752769470215,-40.314781188964844,15.129080772399902,-2.875697135925293,16.889842987060547,-6.126051425933838,4.814099311828613,3.784414291381836,0.19004011154174805,-0.11307525634765625,2.3651063442230225,-0.37967604398727417,0.04027004539966583,-1.4172296524047852,-1.4478473663330078,-0.004523664712905884,0.15071892738342285,-0.06300745904445648,0.43968844413757324,-4.455986976623535,-1.8627047538757324,-1.680288553237915
414,-3.473691940307617,17.373781204223633,-11.550585746765137,-20.238357543945312,20.0,-5.164592266082764,-0.1288490891456604,-0.8028481006622314,-1.1676304340362549,11.30377197265625,0.3450291156768799,0.15934133529663086,1.9426909685134888,-0.399300754070282,-0.12342432141304016,-0.8689265847206116,-1.5091551542282104,-0.0024156305007636547,0.04972973093390465,-0.5225818157196045,-0.3847264051437378,-2.6236796379089355,-1.518843650817871,-2.0758249759674072
415,-6.2676825523376465,7.309405326843262,-2.303644895553589,-10.631240844726562,20.0,-4.690694332122803,6.233020305633545,-1.7611157894134521,2.2966771125793457,3.8406639099121094,0.22346234321594238,0.11389780044555664,1.1204270124435425,-0.14433497190475464,0.0564282163977623,0.5477924942970276,-1.1578179597854614,-1.70816969871521,0.5215807557106018,-0.3298107087612152,0.06644283980131149,-3.653658390045166,-0.8229742646217346,-2.4752161502838135
416,-21.47616195678711,7.907504081726074,1.753002643585205,-0.6404991149902344,20.0,-3.692899227142334,30.515850067138672,-14.396492004394531,10.330643653869629,4.684661865234375,0.2229459285736084,0.07758188247680664,-1.5298943519592285,0.49940216541290283,0.5542895197868347,5.809323787689209,3.1723742485046387,-1.8010879755020142,2.746255397796631,-0.7128212451934814,0.43539008498191833,-7.256717681884766,-1.118601679801941,-2.8898534774780273
417,-52.35566711425781,-4.148310661315918,5.328433990478516,-8.933391571044922,-0.27959251403808594,0.011710643768310547,68.142333984375,-31.037921905517578,22.820138931274414,-51.252864837646484,13.245210647583008,-13.296367645263672,-3.6749613285064697,1.3295525312423706,0.6468358039855957,8.377799987792969,7.037307262420654,-2.5728044509887695,1.6516642570495605,0.13593700528144836,-0.31723839044570923,0.7707899212837219,-2.9188334941864014,3.3515093326568604
418,-25.694416046142578,-3.555429458618164,-1.374096393585205,-10.17238998413086,-1.7613528966903687,0.4534776210784912,34.43045425415039,-16.354541778564453,45.618228912353516,-51.73477554321289,15.292766571044922,-8.379547119140625,-4.3672261238098145,-0.26939380168914795,-1.1123356819152832,6.88524055480957,1.0173817873001099,0.34661436080932617,1.473716378211975,-0.07185551524162292,-0.47014182806015015,0.9452055096626282,-2.397244691848755,-0.1248302161693573
419,-11.064224243164062,-3.139591932296753,5.061452865600586,-13.620146751403809,-0.7299343943595886,-0.0854419469833374,13.995894432067871,-10.589641571044922,23.38119888305664,-66.20063781738281,19.112363815307617,-2.653144121170044,-3.8754262924194336,0.10809136927127838,-0.4035229980945587,1.8568708896636963,0.27572426199913025,0.4927847683429718,1.900847315788269,0.2528848350048065,-0.4491349458694458,-0.11095411330461502,-1.88709557056427,-0.19621096551418304
420,1.1826419830322266,2.291354179382324,-0.18706464767456055,-6.153143882751465,-0.43448567390441895,0.0015518665313720703,3.744948387145996,-12.778938293457031,24.355045318603516,-47.717159271240234,20.0,-0.7120324373245239,-2.6325647830963135,-0.005856946110725403,-0.26485973596572876,-2.482666254043579,-0.4766870439052582,1.382604956626892,2.378446578979492,0.06995005905628204,-0.4468311667442322,-0.6514362096786499,-1.6866346597671509,-0.15256889164447784
421,6.974551677703857,-5.152425765991211,3.4634768962860107,3.565540313720703,-0.14872407913208008,-0.14558148384094238,-11.112255096435547,-4.221111297607422,11.003087997436523,-42.27924346923828,20.0,2.80568528175354,-1.740047812461853,-0.22883981466293335,-0.05949544906616211,-4.600366592407227,-1.54475736618042,1.4396873712539673,2.264720916748047,0.17722958326339722,-0.37316542863845825,-0.9826611280441284,-1.4535835981369019,-0.24326784908771515
422,19.0806827545166,4.162027359008789,-3.3264760971069336,6.0162811279296875,-0.005621910095214844,-0.09181332588195801,-17.06221580505371,-4.783683776855469,5.042200088500977,-19.976791381835938,20.0,6.4899115562438965,0.1030203178524971,0.06846504658460617,-0.4309568703174591,-6.918163299560547,-3.4126999378204346,1.3117845058441162,2.150439739227295,0.41455894708633423,-0.36419951915740967,-0.694265604019165,-1.0466737747192383,-0.7240667343139648
423,31.074115753173828,12.251254081726074,-9.345375061035156,10.888336181640625,0.4391145706176758,-0.017315387725830078,-29.524883270263672,-11.110352516174316,3.154214382171631,-13.10013198852539,20.0,4.173151969909668,2.277625799179077,0.6615387201309204,-0.44574809074401855,-4.8896379470825195,2.2186660766601562,-0.4257655143737793,0.33585211634635925,0.3360997438430786,0.06698298454284668,2.6039230823516846,1.1942037343978882,1.7749569416046143
424,52.409812927246094,18.99345588684082,-32.463409423828125,-58.76005935668945,-20.0,4.529132843017578,-42.69590377807617,0.5368852615356445,-5.690610885620117,3.5262603759765625,3.3337011337280273,0.7189621925354004,1.891144037246704,-0.396516889333725,0.23935957252979279,0.8096495270729065,-2.3580732345581055,0.4131537675857544,-2.1660263538360596,-1.1489205360412598,-0.5675566792488098,8.717766761779785,8.187386512756348,4.011061668395996
425,39.00944519042969,17.14214515686035,-41.38838577270508,-67.8702392578125,-1.7941226959228516,3.288328170776367,-35.3397216796875,1.9573065042495728,1.3628077507019043,-12.332710266113281,-2.0314598083496094,-0.5343656539916992,2.1036570072174072,-0.15787512063980103,0.49858659505844116,0.1476595103740692,-2.131176471710205,0.648475170135498,-3.1426730155944824,-0.04831644892692566,1.184004783630371,6.971595764160156,1.9699193239212036,1.4773149490356445
426,1.1457548141479492,10.099894523620605,-35.29726791381836,-68.545166015625,-4.577500820159912,2.887143611907959,-6.975368499755859,1.9153857231140137,-2.1930806636810303,-11.763427734375,-0.6646628379821777,-0.14605426788330078,2.186370372772217,0.04193554073572159,0.18100279569625854,-0.4231139123439789,-1.949243187904358,0.3929731249809265,-2.6794826984405518,0.5500607490539551,0.9214245080947876,2.486656665802002,1.481882929801941,0.9412425756454468
427,6.956871032714844,13.516951560974121,-24.64156723022461,-58.448577880859375,-2.194617748260498,1.6580902338027954,-8.161362648010254,-1.1371304988861084,-1.4965286254882812,-2.391364574432373,-0.4356710910797119,-0.05524182319641113,2.4276108741760254,-0.08694976568222046,0.2623932659626007,-0.7332326769828796,-1.7526911497116089,0.5004331469535828,-2.457934856414795,0.26766443252563477,0.6413591504096985,1.0406793355941772,0.43453970551490784,0.8520427942276001
428,-8.62742805480957,11.481710433959961,-19.170785903930664,-57.52919006347656,3.9448835849761963,-0.3260951638221741,3.638584613800049,1.6648170948028564,-3.0078513622283936,-1.8627252578735352,-0.26945066452026367,-0.07215529680252075,2.6825451850891113,-0.002954179421067238,0.1781887412071228,-1.2190773487091064,-1.625548005104065,0.19286035001277924,-1.4894359111785889,0.24177591502666473,-0.09023899585008621,-1.7029178142547607,-0.5188611149787903,-0.008154265582561493
429,-5.868917465209961,13.211523056030273,-15.725640296936035,-46.03158187866211,11.34048080444336,-1.5363309383392334,-3.550333023071289,4.990848541259766,-4.229889392852783,7.614055633544922,0.13070672750473022,0.0536876916885376,2.238555908203125,-0.08714242279529572,0.10520347952842712,-1.1779396533966064,-1.4886057376861572,0.07523253560066223,-1.8908802270889282,0.23711544275283813,-0.7593345046043396,-0.7559626698493958,-0.41437700390815735,-0.3041565418243408
430,-1.6073665618896484,11.683870315551758,-13.322729110717773,-36.46208572387695,17.95395851135254,-4.689940452575684,-1.814253330230713,-2.5051963329315186,3.706455945968628,-0.7546377182006836,-0.28984975814819336,-0.11374139785766602,2.1351890563964844,-0.5142242312431335,0.15621009469032288,-1.4702606201171875,-1.1989707946777344,0.23852664232254028,-1.4360640048980713,-0.019963493570685387,0.0860004872083664,-2.658780574798584,-1.919405460357666,-1.7035367488861084
431,-13.698089599609375,5.750946998596191,-10.331002235412598,-30.78683090209961,19.949914932250977,-5.08242130279541,10.564170837402344,3.6738343238830566,-2.574977397918701,6.49266242980957,0.3474457263946533,0.16858649253845215,2.18992280960083,-0.4152165651321411,0.08549656718969345,-1.4950470924377441,-1.276362657546997,0.10774305462837219,-0.41802000999450684,0.148857980966568,-0.3018389642238617,-3.4667258262634277,-1.368722915649414,-1.8070427179336548
432,-14.908979415893555,6.8400678634643555,-9.931014060974121,-25.777732849121094,20.0,-6.4148335456848145,7.153306007385254,2.8786959648132324,-2.6547694206237793,8.232752799987793,0.14521551132202148,0.17472219467163086,1.7397772073745728,-0.18339166045188904,0.03353232145309448,-1.0501701831817627,-1.3114598989486694,-0.5761392712593079,-0.017387034371495247,0.19720929861068726,-0.9726306796073914,-3.5349764823913574,-2.2061891555786133,-2.230180025100708
433,-6.438749313354492,14.239523887634277,-5.524168014526367,-4.066219329833984,20.0,-3.737819194793701,12.855057716369629,-16.04222297668457,12.122302055358887,2.256359100341797,0.11506891250610352,-0.017230987548828125,0.6445490121841431,-0.12130653858184814,0.11188018321990967,1.4013410806655884,-0.22490724921226501,-3.1305980682373047,1.4902716875076294,-0.4827655851840973,-0.05032927170395851,-6.215908050537109,-2.925664186477661,-3.52150821685791
434,-34.07572555541992,2.2151834964752197,2.978628635406494,0.29036712646484375,15.898835182189941,-2.7071309089660645,38.24311065673828,-16.336139678955078,14.007768630981445,12.154499053955078,0.7949986457824707,0.10596084594726562,-3.3087494373321533,0.39452531933784485,0.7087995409965515,7.965669631958008,6.087217807769775,-2.457789659500122,1.142809271812439,-0.9670429229736328,0.13598597049713135,-1.0392394065856934,7.5286865234375,5.1026530265808105
435,-42.429405212402344,-1.4866116046905518,2.109851360321045,-6.022335052490234,-1.0164451599121094,0.24181365966796875,62.80338668823242,-28.92102813720703,45.57394790649414,-68.89429473876953,-6.839284896850586,-11.322552680969238,-4.72661018371582,0.9117707014083862,0.34428396821022034,10.386780738830566,6.667303562164307,-1.45347261428833,1.0395021438598633,0.13494977355003357,-0.01789187639951706,1.3417075872421265,-2.6003832817077637,1.200287103652954
436,-21.90801429748535,-1.4288766384124756,-0.6369824409484863,-14.264934539794922,-1.5613837242126465,0.22181320190429688,33.615272521972656,-20.25241470336914,42.566932678222656,-55.5229377746582,9.240456581115723,-8.2704496383667,-4.993197441101074,-0.045777253806591034,-0.7325118780136108,7.167232036590576,3.2973172664642334,-0.479744553565979,1.4199962615966797,-0.1838260442018509,-0.14760838449001312,0.8867464661598206,-2.373591899871826,0.25998654961586
437,-6.30702018737793,-4.9422454833984375,4.190043926239014,-17.015235900878906,-1.3085544109344482,0.029693931341171265,9.965893745422363,-5.106755256652832,21.47313690185547,-58.861351013183594,15.724466323852539,-3.6528573036193848,-4.252326965332031,-0.09435227513313293,-0.4728772044181824,0.9596081376075745,0.019100582227110863,-0.07339851558208466,1.8381348848342896,-0.0024458318948745728,-0.15107618272304535,-0.08149135112762451,-1.943671464920044,-0.03989905118942261
438,18.099246978759766,-0.2953636646270752,0.7477045059204102,-2.3523073196411133,-0.1500791311264038,0.016459882259368896,-14.298112869262695,-12.006673812866211,17.669153213500977,-60.367462158203125,17.9498233795166,-0.9133027791976929,-2.2065155506134033,-0.2876742482185364,-0.33020758628845215,-3.1914608478546143,-0.5876594185829163,0.36056989431381226,2.461003541946411,-0.1651514321565628,-0.15521349012851715,-0.8010451197624207,-1.7972989082336426,0.4274417757987976
439,1.486175537109375,0.12439417839050293,1.202216386795044,4.11857795715332,-0.24610614776611328,0.021689176559448242,2.240337371826172,-4.194053649902344,12.001794815063477,-36.635746002197266,20.0,2.993044376373291,-1.2116588354110718,0.43664661049842834,-0.04764070361852646,-4.453699111938477,-2.692507028579712,1.8202377557754517,2.7293450832366943,0.29280799627304077,-0.3054577112197876,-1.2441333532333374,-1.3799384832382202,-0.3226715326309204
440,0.5621495246887207,-0.7221701145172119,0.26548850536346436,5.349235534667969,0.08683538436889648,-0.14714717864990234,-1.2575111389160156,-15.344839096069336,14.056640625,-22.29561996459961,20.0,6.246488094329834,-0.5116962790489197,-0.13376502692699432,0.0763346254825592,-6.082944869995117,-2.7679405212402344,1.8517957925796509,2.506504774093628,0.02228717878460884,0.003251379355788231,-0.9364049434661865,-1.485372543334961,0.21163801848888397
441,25.80351448059082,4.710505485534668,-4.513396263122559,10.95235824584961,0.505073070526123,-0.11727356910705566,-30.07476234436035,-0.4784255027770996,2.592036485671997,-18.462215423583984,20.0,4.999388694763184,0.8659654855728149,0.09727825224399567,-0.32762831449508667,-7.527397632598877,-2.0815927982330322,1.6107898950576782,0.840124249458313,-0.03539693355560303,0.030497901141643524,1.2545669078826904,0.3957812190055847,1.0634329319000244
442,41.63302993774414,10.888425827026367,-15.089648246765137,-11.937543869018555,-17.79835319519043,-7.156133651733398,-36.54907989501953,-9.766753196716309,-2.3874616622924805,-12.326024055480957,19.167984008789062,4.046215057373047,2.041673421859741,1.0625337362289429,0.330078661441803,-0.9219188690185547,6.515178680419922,0.43592727184295654,-1.6367511749267578,-0.13113725185394287,-0.01127045787870884,5.4223785400390625,4.005438327789307,1.5132430791854858
443,34.85498809814453,23.323890686035156,-43.207679748535156,-92.44510650634766,-13.024192810058594,4.791355609893799,-22.425209045410156,1.6884534358978271,-2.2302193641662598,3.200775146484375,-0.4685325622558594,0.0029349327087402344,1.9081346988677979,-0.2623431384563446,0.27876386046409607,0.7356409430503845,-2.803011894226074,0.889398455619812,-2.4524598121643066,-0.9248359203338623,-0.1893739551305771,9.287116050720215,4.3191070556640625,3.1976842880249023
444,26.56606101989746,11.006551742553711,-38.321327209472656,-77.19784545898438,-7.7137250900268555,3.5661892890930176,-26.021469116210938,5.4596357345581055,-1.0956363677978516,-13.862022399902344,-1.2814207077026367,-0.3486752510070801,2.0215911865234375,-0.024803519248962402,0.38794997334480286,0.09162838757038116,-2.157261848449707,0.7185771465301514,-2.882929801940918,0.44650527834892273,1.2741366624832153,5.895366191864014,1.961327075958252,2.461030960083008
445,3.092874526977539,14.826302528381348,-32.0391731262207,-71.70816040039062,-8.758234977722168,4.543261528015137,-3.3250608444213867,4.639466762542725,-4.608159065246582,-8.052238464355469,-0.6020402908325195,-0.22694134712219238,2.509631633758545,0.2046007663011551,0.029620924964547157,-0.46609920263290405,-2.0129785537719727,0.22559146583080292,-1.9057111740112305,1.1583315134048462,0.6511021256446838,2.319324016571045,0.6257198452949524,1.2954695224761963
446,3.972445487976074,13.1354341506958,-20.4228515625,-49.87961959838867,-1.5224380493164062,-0.7485404014587402,-10.371147155761719,-4.291082382202148,-1.355446219444275,-6.721551418304443,-0.5122227668762207,-0.09943705797195435,2.3220884799957275,-0.06777060776948929,0.09409050643444061,-0.8196501731872559,-1.7091354131698608,0.5889486074447632,-1.9614920616149902,0.02309190109372139,-0.4734046459197998,-0.5032128691673279,-0.07442508637905121,0.4129987061023712
447,-4.405846118927002,13.031693458557129,-17.560636520385742,-43.142547607421875,3.3375136852264404,0.7561625838279724,1.8758792877197266,-0.7896357774734497,2.1207633018493652,2.990478992462158,-0.07882428169250488,-0.10377252101898193,2.4397804737091064,-0.1882498413324356,0.0885031446814537,-0.9562787413597107,-1.6500511169433594,0.11765937507152557,-1.423970103263855,0.12755544483661652,0.08790187537670135,-1.0695240497589111,-1.1181552410125732,-0.2097540944814682
448,-10.730388641357422,14.248801231384277,-14.605996131896973,-47.6543083190918,9.329500198364258,-3.081986427307129,3.934929132461548,-3.470676898956299,1.835551381111145,0.9938583374023438,-0.16128921508789062,-0.04663348197937012,2.4675776958465576,-0.3462958037853241,0.1650768667459488,-1.3785400390625,-1.4635488986968994,0.2938072085380554,-0.6875684261322021,-0.22902187705039978,0.1812678575515747,-3.079257011413574,-2.839539051055908,-1.0873591899871826
449,-9.362325668334961,10.578898429870605,-15.046509742736816,-38.258853912353516,17.640424728393555,-2.500006914138794,-0.2896890640258789,7.460324764251709,-4.62594747543335,7.350268363952637,0.3688697814941406,0.09615397453308105,2.007277011871338,-0.17423242330551147,-0.09103173762559891,-1.2494280338287354,-1.3610256910324097,-0.09535782784223557,-0.6461458206176758,0.311240017414093,-0.3385658860206604,-3.2480320930480957,-1.8546541929244995,-1.8700816631317139
450,5.290955543518066,8.566606521606445,-14.644174575805664,-37.411293029785156,20.0,-5.665703773498535,-7.368858337402344,3.8950681686401367,-3.4285128116607666,7.195940017700195,0.17035746574401855,0.17388200759887695,2.1140952110290527,-0.2866552770137787,0.12302206456661224,-1.3707165718078613,-1.201208472251892,0.2593342959880829,-0.569635272026062,0.1435205340385437,-0.6044313311576843,-2.7657878398895264,-1.472681999206543,-2.40014910697937
451,-16.895164489746094,7.816011905670166,-10.035344123840332,-20.25144386291504,20.0,-4.947795867919922,12.458013534545898,-3.5584347248077393,3.903836250305176,4.732868194580078,0.09835624694824219,0.1514730453491211,1.7649978399276733,-0.23264239728450775,0.00777054950594902,-0.9449691772460938,-1.295523762702942,-1.3895010948181152,0.37974104285240173,0.21257635951042175,-0.09451107680797577,-4.319460868835449,-2.4687652587890625,-2.362853765487671
452,-14.283148765563965,6.207311630249023,1.7793508768081665,1.2799339294433594,20.0,-3.8161325454711914,22.588932037353516,-15.235954284667969,9.802836418151855,5.230670928955078,0.5975120663642883,0.07199478149414062,-0.41425907611846924,0.0936998799443245,0.45765429735183716,3.5804216861724854,1.4759608507156372,-3.012564182281494,2.0129199028015137,-0.5404507517814636,0.2937977910041809,-6.867714881896973,-0.08954422920942307,-2.983325242996216
453,-45.977699279785156,-1.372759222984314,6.359726905822754,-2.9198837280273438,4.0044097900390625,-0.5906538963317871,49.376319885253906,-11.592451095581055,27.59241485595703,-14.50471305847168,-14.692614555358887,-9.299474716186523,-3.7908530235290527,0.4987947642803192,1.3320692777633667,9.899140357971191,8.804622650146484,-2.725849151611328,2.083685874938965,-1.343459129333496,-0.19309470057487488,-1.5736838579177856,10.042008399963379,1.9537127017974854
454,-27.75878143310547,4.046307563781738,-5.025440216064453,-14.652732849121094,-1.8561935424804688,0.40201616287231445,34.902652740478516,-18.301748275756836,41.01784896850586,-60.49273681640625,11.798445701599121,-16.49062728881836,-4.638525485992432,0.3215905725955963,-0.6826966404914856,7.500317573547363,4.859394550323486,-1.1997644901275635,0.7133482694625854,-0.21415798366069794,-0.2591262459754944,1.2014989852905273,-2.6211764812469482,0.755104660987854
455,-20.64139175415039,-7.313117504119873,5.535264492034912,-9.203998565673828,-1.2449973821640015,0.1574265956878662,36.63471221923828,-14.635015487670898,31.455001831054688,-49.70294189453125,16.591341018676758,-7.877727508544922,-4.636384010314941,-0.1799401491880417,-0.586950421333313,5.56742000579834,1.3452818393707275,0.5682713389396667,1.2608778476715088,-0.06572321057319641,-0.12947145104408264,0.8031898736953735,-2.3418591022491455,0.3415408432483673
456,-18.83114242553711,-3.916440486907959,5.150465488433838,-11.672886848449707,-0.8992082476615906,-0.05315232276916504,31.368223190307617,-9.341889381408691,27.84345817565918,-48.231868743896484,20.0,-3.788297414779663,-4.444328784942627,-0.29707449674606323,-0.07918834686279297,1.5821528434753418,-0.08167438954114914,1.5050772428512573,1.9191420078277588,-0.09887970983982086,-0.21817222237586975,0.1398681402206421,-2.0283472537994385,-0.014026138931512833
457,0.07452011108398438,-5.962843418121338,3.3878815174102783,-5.453351020812988,-0.4361581802368164,-0.0980534553527832,0.11388778686523438,0.4948265850543976,13.206543922424316,-50.3762092590332,20.0,0.47097885608673096,-3.7870278358459473,-0.47104784846305847,-0.2720790505409241,-2.2558586597442627,-0.7682305574417114,2.2681732177734375,2.1064858436584473,0.17525582015514374,-0.35245823860168457,-0.6629764437675476,-1.6898291110992432,-0.11233541369438171
458,13.186370849609375,1.2143433094024658,0.5855610370635986,-0.7368965148925781,-0.3156404495239258,-0.2456824779510498,-3.6556177139282227,-7.371250629425049,12.9468994140625,-30.79584503173828,20.0,5.098457336425781,-1.4511667490005493,-0.5956973433494568,-0.0201741773635149,-6.462460994720459,-2.3747987747192383,1.6537954807281494,2.7818214893341064,0.053349435329437256,-0.2821812033653259,-1.0649596452713013,-1.5815821886062622,-0.4201434552669525
459,12.767725944519043,9.883034706115723,-6.6042633056640625,6.261940002441406,-0.09004688262939453,-0.08112049102783203,-9.868139266967773,-7.2295942306518555,5.2626752853393555,-7.71915864944458,20.0,4.211583137512207,-0.006174393929541111,0.102008156478405,-0.5270467400550842,-8.766971588134766,-4.101955890655518,1.495888113975525,1.5362681150436401,0.20658105611801147,-0.09396235644817352,0.9449198246002197,-0.49277597665786743,1.597615361213684
460,43.44951248168945,10.130183219909668,-8.001705169677734,20.878023147583008,1.0585384368896484,0.0011744499206542969,-37.984352111816406,-2.579453468322754,-1.9845168590545654,-10.126558303833008,20.0,3.759021759033203,1.6181830167770386,1.0106689929962158,-0.0332103967666626,-1.875218391418457,7.747303009033203,-2.2517597675323486,-1.3269988298416138,0.3063865303993225,0.04525592550635338,5.9172043800354,4.0533833503723145,1.1093461513519287
461,51.59028625488281,25.091793060302734,-39.931949615478516,-72.3297348022461,-18.329120635986328,2.857913017272949,-41.78791427612305,-2.733720302581787,-0.7831417322158813,-3.2709312438964844,-0.6990566253662109,0.06851625442504883,1.6144646406173706,-0.4295003414154053,0.36873549222946167,1.3829797506332397,-2.920440673828125,0.8607980012893677,-3.163867473602295,-1.1912953853607178,-0.10780489444732666,8.856585502624512,5.523742198944092,3.5845038890838623
462,28.17979621887207,22.127336502075195,-40.57744598388672,-72.97183227539062,-1.5282626152038574,3.6285367012023926,-23.49882698059082,3.129507064819336,-0.6182894706726074,-12.64508056640625,-1.4665131568908691,-0.4268519878387451,1.800978660583496,-0.019442711025476456,0.31370389461517334,0.650305986404419,-2.5200512409210205,0.5495458245277405,-3.7528624534606934,0.17969439923763275,1.0826506614685059,5.490475177764893,2.003901958465576,1.815152645111084
463,16.404354095458984,19.668699264526367,-35.147804260253906,-74.01380920410156,-2.950815200805664,2.79552960395813,-7.567255020141602,0.5167691707611084,-1.3235499858856201,-8.74881362915039,-0.6674549579620361,-0.19889616966247559,2.562382459640503,-0.1483527272939682,0.06397125124931335,-0.19514495134353638,-2.2354533672332764,0.4816659092903137,-2.6609513759613037,0.2635538876056671,0.8017239570617676,1.4502149820327759,0.8850100040435791,0.8927753567695618
464,2.3871593475341797,18.85692596435547,-30.388404846191406,-71.26407623291016,1.2825884819030762,1.4898583889007568,-2.9302749633789062,3.504612445831299,-4.356917381286621,1.6484472751617432,-0.21975481510162354,-0.014945268630981445,2.8605690002441406,0.06460526585578918,-0.1525656282901764,-0.7150235176086426,-2.0379722118377686,0.11673443764448166,-2.1732821464538574,0.5570420026779175,-0.021502258256077766,0.0443851500749588,0.2633783221244812,0.7934523224830627
465,-16.130727767944336,14.32705020904541,-18.064783096313477,-55.18606185913086,4.57785701751709,0.04200199246406555,9.431427001953125,-5.1368489265441895,2.864130973815918,-0.4913454055786133,-0.17454296350479126,-0.14409169554710388,2.9321208000183105,0.08571165800094604,0.06963615119457245,-1.2515075206756592,-1.8170790672302246,0.05727141350507736,-1.2433620691299438,0.26738643646240234,0.2214289903640747,-2.673225164413452,-0.47829699516296387,-0.08499671518802643
466,-1.5554304122924805,16.894716262817383,-14.449164390563965,-39.579524993896484,16.688884735107422,-4.0491132736206055,-3.645834445953369,-0.42151355743408203,-1.4305603504180908,7.372220993041992,-0.01445150375366211,0.009113192558288574,2.613227605819702,-0.2693222463130951,-0.002145761623978615,-1.3150246143341064,-1.5804152488708496,0.16259488463401794,-1.3302725553512573,-0.4846186637878418,-0.4955056607723236,-1.988810658454895,-1.4109691381454468,-0.9766588807106018
467,-6.237719535827637,10.839404106140137,-11.9671630859375,-36.42953872680664,20.0,-3.879621744155884,1.7412919998168945,4.362435817718506,-0.9438073635101318,3.8028087615966797,0.015942096710205078,0.03778862953186035,2.5255789756774902,-0.18312998116016388,0.028299810364842415,-1.5286694765090942,-1.4366474151611328,-0.04964248836040497,-0.8586441278457642,0.1049889400601387,-0.09663314372301102,-3.241607189178467,-1.9868453741073608,-1.5736662149429321
468,-8.894314765930176,7.917060852050781,-12.288763999938965,-30.637508392333984,20.0,-3.860563039779663,2.494062900543213,5.952245712280273,-3.5280394554138184,8.735757827758789,0.30636000633239746,0.15698814392089844,2.153475046157837,-0.08825042843818665,-0.06479840725660324,-1.2967532873153687,-1.3395658731460571,-0.14061033725738525,-0.715324342250824,0.48862358927726746,-0.324883371591568,-2.698214292526245,-1.6335152387619019,-1.7848396301269531
469,3.27048397064209,3.224435806274414,-4.010587692260742,-13.574573516845703,20.0,-5.869297027587891,-0.203926682472229,-0.11046314239501953,-1.4664020538330078,3.4603137969970703,0.16240668296813965,0.1456751823425293,2.1835100650787354,0.06883621215820312,0.1965547353029251,-0.8686020970344543,-1.6112613677978516,-1.471151351928711,-0.18828505277633667,0.38335874676704407,-0.6139408946037292,-3.5473079681396484,-0.9810909032821655,-2.3690409660339355
470,-19.92017364501953,3.4726521968841553,-2.350741386413574,-10.909286499023438,20.0,-4.2297587394714355,25.885143280029297,-8.954168319702148,7.977365493774414,6.872430801391602,0.23867511749267578,0.08526468276977539,1.1656408309936523,-0.058029815554618835,0.34011003375053406,1.3139076232910156,-0.021389544010162354,-1.6592425107955933,1.7219808101654053,-0.04251304641366005,0.16951629519462585,-5.369298934936523,-1.814516305923462,-2.7163336277008057
471,-32.212196350097656,4.237677574157715,6.90380859375,-1.9981498718261719,20.0,-4.252805233001709,35.6688232421875,-13.926393508911133,10.784616470336914,13.25495719909668,0.8414922952651978,0.09342241287231445,-2.824065923690796,0.4906270503997803,0.9731470346450806,7.761652946472168,5.680197238922119,-2.3693625926971436,2.5678274631500244,-1.1524088382720947,-0.2488272786140442,-1.8962783813476562,6.125143051147461,-0.2742652893066406
472,-41.824405670166016,-3.6968131065368652,3.7028470039367676,-7.285030364990234,-1.0170373916625977,0.16806983947753906,50.87636184692383,-26.149049758911133,38.48991775512695,-47.888729095458984,-18.4342041015625,-15.128015518188477,-4.823497295379639,0.879246711730957,0.9187271595001221,9.793700218200684,6.2909464836120605,-2.103193998336792,0.4999872148036957,0.04901103675365448,0.17987386882305145,1.8122302293777466,-2.678171157836914,0.4937569499015808
473,-24.022674560546875,-8.054458618164062,1.4296830892562866,-13.08258056640625,-1.4718928337097168,0.35436639189720154,41.64443588256836,-11.690569877624512,34.60023880004883,-54.30561447143555,13.83236026763916,-10.062799453735352,-5.0577239990234375,-0.2905270457267761,-0.5291261672973633,7.008613109588623,3.1575357913970947,0.24289223551750183,1.137087345123291,0.003167480230331421,0.01929640769958496,1.1407421827316284,-2.492999792098999,0.385009229183197
474,-8.912588119506836,-0.5441381931304932,2.1027867794036865,-13.125519752502441,-1.0397005081176758,-0.04988168179988861,24.706878662109375,-17.470766067504883,31.786258697509766,-60.521827697753906,19.343868255615234,-4.557457447052002,-4.2269158363342285,-0.515733003616333,-0.36934730410575867,1.8956283330917358,1.304161787033081,0.023029189556837082,1.9854133129119873,-0.15030187368392944,-0.007459104061126709,0.21735739707946777,-2.1778452396392822,-0.02602781355381012
475,5.235021591186523,-8.43382453918457,6.008471488952637,-2.6823043823242188,-0.5027893781661987,-0.02071070671081543,0.2540702819824219,-4.6426100730896,13.1536865234375,-61.41501235961914,20.0,-0.8510184288024902,-3.147019147872925,-0.6791497468948364,0.01742849126458168,-1.2557381391525269,-0.7898358106613159,0.797003984451294,2.430835247039795,0.011220067739486694,-0.049118079245090485,-0.6365687847137451,-1.8488984107971191,0.3273826539516449
476,11.348456382751465,9.683877944946289,-5.803956985473633,-0.7470569610595703,-0.1786806583404541,0.014509916305541992,-9.006352424621582,-13.751070976257324,13.983270645141602,-29.60409927368164,20.0,1.6489417552947998,-1.8949111700057983,-0.16396620869636536,-0.6210874319076538,-4.246847152709961,-1.7493157386779785,1.2751619815826416,2.5404083728790283,0.11289645731449127,-0.2823672890663147,-0.9566669464111328,-1.604352593421936,-0.31089580059051514
477,16.616214752197266,4.172659873962402,-1.4429378509521484,5.164859771728516,0.051621437072753906,-0.07590436935424805,-11.887958526611328,-9.592423439025879,6.168658256530762,-22.212158203125,20.0,4.569348335266113,0.018607908859848976,0.04116787388920784,-0.4037597179412842,-6.629067897796631,-2.899946451187134,1.8890432119369507,2.846471071243286,0.03674361854791641,-0.3332153558731079,-1.0561851263046265,-1.6045218706130981,-0.535431981086731
478,18.81916618347168,6.026933670043945,-5.099515914916992,9.779537200927734,0.2852177619934082,-0.07738876342773438,-15.528217315673828,-5.867902755737305,-1.5485068559646606,-8.072966575622559,20.0,4.57585334777832,1.513196587562561,0.5363253355026245,-0.8192932605743408,-7.82942008972168,-3.7858686447143555,2.214507818222046,1.3292902708053589,0.17742471396923065,-0.3008929193019867,1.2645572423934937,-0.35396185517311096,1.433570146560669
479,34.49089431762695,8.854060173034668,-6.77962589263916,16.540939331054688,0.8819806575775146,-0.14232778549194336,-33.003421783447266,-1.1743519306182861,-8.423652648925781,-5.012903213500977,17.12352180480957,3.989821195602417,2.6440792083740234,1.2731080055236816,-0.015445470809936523,-1.9307074546813965,5.328585624694824,-1.1045904159545898,-1.7223421335220337,-0.2617814242839813,-0.626542866230011,6.5248260498046875,4.67191743850708,1.6550726890563965
480,32.580997467041016,13.392091751098633,-28.05731773376465,-62.14459228515625,-20.0,4.937204360961914,-30.662160873413086,4.310033798217773,-2.600980281829834,-6.211692810058594,-1.0039372444152832,-0.07834434509277344,1.491652011871338,-0.6086025834083557,-0.05855371057987213,1.273956060409546,-2.677154541015625,0.207431823015213,-2.914733648300171,-0.6606605052947998,0.08889356255531311,7.461928844451904,3.0540828704833984,2.4377129077911377
481,17.517871856689453,15.462368965148926,-34.359928131103516,-75.89826965332031,-4.785079002380371,4.021522521972656,-12.618186950683594,4.268550872802734,-1.0694923400878906,-7.557769775390625,-0.6953749656677246,-0.28502964973449707,1.9010270833969116,-0.10000933706760406,0.20300143957138062,0.6847468614578247,-2.4847183227539062,0.5046769380569458,-2.734713077545166,0.281710147857666,0.8754070401191711,5.137578010559082,2.2854976654052734,1.353818416595459
482,3.738454818725586,11.68822193145752,-26.156875610351562,-74.55257415771484,0.2674555778503418,1.7887159585952759,-4.690310478210449,3.1985037326812744,-3.830214500427246,-9.59556770324707,-0.9730246067047119,-0.10273158550262451,2.31253719329834,0.019941776990890503,0.1062852069735527,-0.17281490564346313,-2.1170008182525635,0.22204777598381042,-1.8454220294952393,0.477069616317749,0.2995624840259552,0.6910698413848877,-1.4034218788146973,0.7465466856956482
483,-4.966165542602539,17.091089248657227,-19.186168670654297,-59.13020706176758,3.1159067153930664,0.7238662838935852,4.315271854400635,-2.1241493225097656,0.16584265232086182,-0.28186750411987305,0.2500297427177429,-0.07264798879623413,2.694267511367798,-0.07723762840032578,0.1073567122220993,-0.7023637294769287,-1.9338265657424927,0.14421363174915314,-0.7961799502372742,0.22881796956062317,0.10337302088737488,-1.690107822418213,0.5454828143119812,0.4540673494338989
484,-3.943589210510254,22.883975982666016,-19.453716278076172,-54.8800163269043,10.235444068908691,-1.5321353673934937,-3.5374741554260254,-1.918886661529541,-0.2501264810562134,5.993494987487793,-0.23267412185668945,-0.07172071933746338,2.510823965072632,-0.17133086919784546,0.0992780402302742,-0.974739134311676,-1.6967103481292725,0.13776610791683197,-0.8379564881324768,-0.11556269228458405,-0.2782916724681854,-1.6154263019561768,-1.306270718574524,-0.6818203926086426
485,-24.554351806640625,13.719983100891113,-10.87367057800293,-40.47527313232422,13.644159317016602,-3.087822675704956,15.465600967407227,-5.571198463439941,4.8717169761657715,2.9160003662109375,0.09455060958862305,-0.03104424476623535,2.2551591396331787,-0.23260274529457092,0.21397407352924347,-1.164987325668335,-1.6176583766937256,0.14868682622909546,0.18858905136585236,-0.3613830506801605,0.21967831254005432,-3.76342511177063,-2.12917160987854,-1.197232961654663
486,-3.510099411010742,12.308675765991211,-10.979165077209473,-42.14088439941406,20.0,-4.235116958618164,-6.213291645050049,8.749122619628906,-6.175811767578125,11.908184051513672,0.3597218990325928,0.1506028175354004,1.8225698471069336,-0.3020802140235901,0.17012690007686615,-1.0700533390045166,-1.4308899641036987,0.06379465758800507,-0.5280024409294128,-0.12340685725212097,-0.29719260334968567,-1.4218941926956177,-1.5256211757659912,-1.6027785539627075
487,-0.9099774360656738,13.097025871276855,-12.42594051361084,-24.250507354736328,20.0,-5.783257961273193,-1.4012458324432373,2.891664981842041,-1.5148558616638184,3.7484617233276367,0.16962623596191406,0.13683128356933594,1.5886719226837158,-0.09516317397356033,0.025288984179496765,-0.7397031784057617,-1.4936730861663818,0.08111166954040527,-0.2919045090675354,0.35153093934059143,-0.43145546317100525,-1.8742671012878418,-0.9841891527175903,-1.761869192123413
488,0.4230623245239258,10.752364158630371,-8.770580291748047,-14.399770736694336,20.0,-4.899975776672363,3.7959842681884766,-5.846673011779785,4.659884452819824,2.3544692993164062,0.06580948829650879,0.06759023666381836,1.647384762763977,-0.21065352857112885,-0.04277033358812332,-0.3637900650501251,-1.6319780349731445,-1.2103726863861084,0.6497296690940857,0.08822213113307953,0.08530327677726746,-3.100280523300171,-1.235337495803833,-2.1668379306793213
489,-21.892513275146484,3.6846065521240234,4.923354148864746,1.1480026245117188,20.0,-4.064689636230469,26.517024993896484,-18.80336570739746,12.940274238586426,-0.5318260192871094,0.2518988847732544,0.006757259368896484,-1.2704665660858154,-0.18018582463264465,0.46818506717681885,4.790319442749023,2.635464906692505,-1.6394054889678955,2.6027607917785645,-1.1119599342346191,0.5078086853027344,-6.676980972290039,2.790565252304077,-1.6985913515090942
490,-45.86880874633789,0.38863706588745117,2.62277889251709,-6.207328796386719,1.7026605606079102,-0.34590768814086914,58.96481704711914,-25.378509521484375,23.618955612182617,-54.90054702758789,8.83036994934082,-10.448101043701172,-3.48980712890625,1.4299370050430298,0.5978134274482727,7.85939884185791,7.499931812286377,-2.2653491497039795,1.1666513681411743,0.23055137693881989,-0.41650518774986267,0.9979410767555237,-2.4625091552734375,0.5167174935340881
491,-34.696250915527344,-10.136512756347656,5.793291091918945,-5.536018371582031,-1.5506930351257324,0.2501458525657654,48.86417007446289,-25.68309211730957,45.50788497924805,-58.53548812866211,16.87635040283203,-8.29816722869873,-4.70773458480835,0.06966898590326309,0.28391796350479126,8.608304977416992,3.5714521408081055,-0.4040296971797943,1.3975961208343506,-0.11726121604442596,-0.21184000372886658,0.7354034185409546,-2.269225597381592,0.1910618096590042
492,-18.68558120727539,-1.5692377090454102,-0.5462093353271484,-15.681550025939941,-1.1577677726745605,0.14002084732055664,25.45075225830078,-11.370867729187012,37.47185516357422,-55.53209686279297,20.0,-4.596954822540283,-4.627053260803223,-0.55689936876297,-0.4101770520210266,3.937124013900757,1.8988860845565796,0.7026650905609131,1.7851953506469727,-0.17051738500595093,-0.25506341457366943,-0.009910063818097115,-1.8718867301940918,-0.1938992738723755
493,3.212604522705078,-3.9731805324554443,2.436150550842285,-11.252144813537598,-0.8118410110473633,-0.0687875747680664,-3.89811372756958,-0.7003370523452759,20.46000099182129,-54.51634979248047,20.0,-1.0889365673065186,-3.4846532344818115,-0.6856023073196411,-0.28957822918891907,-1.6201426982879639,0.06056736409664154,0.7460075616836548,1.9702939987182617,0.05068688094615936,-0.07765062153339386,-0.8032055497169495,-1.5224968194961548,-0.06737809628248215
494,1.8497819900512695,0.8306626081466675,0.7899224758148193,-2.303678512573242,-0.5680861473083496,0.009048938751220703,7.033927917480469,-3.0966672897338867,12.707449913024902,-41.735599517822266,20.0,4.512186050415039,-1.7468218803405762,-0.39655745029449463,-0.560613751411438,-5.2476630210876465,-2.408533811569214,2.2510430812835693,2.8329856395721436,0.3609033226966858,-0.32274705171585083,-1.541515588760376,-1.1715047359466553,-0.485251784324646
495,18.11151695251465,5.209080219268799,-1.0897151231765747,6.22503662109375,0.16024494171142578,-0.23891735076904297,-20.207618713378906,-6.955380916595459,3.5624263286590576,-18.318988800048828,20.0,5.3365583419799805,-0.25489839911460876,0.1335444152355194,0.05113156512379646,-7.859893321990967,-2.6251983642578125,1.7263734340667725,1.9693578481674194,0.23547311127185822,-0.21276715397834778,-0.42092037200927734,-0.5592735409736633,0.5887736082077026
496,31.676544189453125,6.465094566345215,-5.318711280822754,15.84146499633789,0.5093984603881836,-0.08831620216369629,-24.667184829711914,-6.189387798309326,0.6504799127578735,-12.242112159729004,20.0,4.401124477386475,1.953031063079834,0.033239636570215225,-0.3965200185775757,-8.694440841674805,-2.91052508354187,1.6549545526504517,0.7352041006088257,-0.2637748420238495,-0.3400331139564514,2.5599775314331055,1.3531852960586548,2.451427698135376
497,60.667945861816406,18.91023826599121,-23.60491943359375,-36.52465057373047,-19.730384826660156,5.868399620056152,-52.896175384521484,1.7369844913482666,-7.739205837249756,-1.105804443359375,3.503237724304199,0.7609748840332031,2.6046736240386963,0.612248420715332,0.4797290861606598,-1.0085660219192505,6.071287155151367,0.13436155021190643,-2.5520594120025635,-0.872848629951477,-0.9197769165039062,8.468670845031738,8.136367797851562,3.7470245361328125
498,27.051530838012695,21.20833969116211,-38.484188079833984,-66.46602630615234,-4.666392803192139,2.475729465484619,-22.408424377441406,-3.8176205158233643,5.713010311126709,-12.342348098754883,-1.894010305404663,-0.5368711948394775,2.1471288204193115,0.09760347753763199,0.44280484318733215,0.6551191806793213,-2.6017885208129883,0.6652668714523315,-2.7763006687164307,-0.208816796541214,1.0160925388336182,5.773062705993652,2.0108401775360107,1.4996761083602905
499,16.125587463378906,19.745195388793945,-39.40775680541992,-72.27745056152344,-2.8329873085021973,1.2469221353530884,-19.12894058227539,0.35471218824386597,-1.7922725677490234,-5.390316009521484,-0.6028006076812744,-0.10966753959655762,2.0277719497680664,-0.03174678236246109,0.23429551720619202,0.07367032021284103,-2.237337827682495,0.7170426249504089,-3.51949143409729,-0.11236237734556198,0.844784677028656,4.436637878417969,1.4532679319381714,1.4243488311767578
500,-12.762467384338379,9.793500900268555,-28.85350227355957,-66.44210815429688,-5.6190290451049805,5.040358543395996,11.538423538208008,-1.2872174978256226,2.2323861122131348,-7.532103061676025,-0.3031647205352783,-0.20325875282287598,2.66518497467041,0.06226886063814163,0.10269232094287872,-0.5613803863525391,-2.0995564460754395,0.14773006737232208,-1.6708132028579712,0.2906903326511383,1.342873454093933,-0.09670905023813248,1.3093442916870117,1.0174325704574585
501,-0.10684490203857422,14.217707633972168,-23.37592887878418,-59.68648147583008,5.0318145751953125,0.5234900712966919,-12.579950332641602,6.508790969848633,-8.867801666259766,3.7919344902038574,-0.3933156430721283,0.031233549118041992,1.9930771589279175,0.13748857378959656,-0.1669861078262329,-0.6125888228416443,-1.8009809255599976,-0.007770489901304245,-2.615866184234619,0.13161325454711914,-0.527836799621582,0.04249510541558266,-0.2392897605895996,0.3672359585762024
502,5.044756889343262,8.625332832336426,-13.363667488098145,-37.53010177612305,14.929450035095215,-2.3384854793548584,-4.835824966430664,-0.70367032289505,0.9450514316558838,-2.537724494934082,-0.2874884605407715,-0.1351947784423828,2.187655210494995,-0.05506100505590439,0.16567692160606384,-0.9846505522727966,-1.631066918373108,0.04300159215927124,-2.2389163970947266,-0.12396341562271118,-0.12332408130168915,-2.2085886001586914,-0.7149294018745422,-1.2034016847610474
503,-23.56467628479004,10.492409706115723,-12.627379417419434,-35.43943786621094,18.015512466430664,-2.724538803100586,21.683002471923828,-3.532893180847168,3.9727089405059814,2.494070053100586,-0.08887100219726562,-0.006972312927246094,2.3350448608398438,-0.08681590855121613,0.015290260314941406,-1.2425142526626587,-1.5586576461791992,-0.008162438869476318,-0.22129741311073303,-0.10942912101745605,0.13432005047798157,-5.308396816253662,-2.804749011993408,-2.1086552143096924
504,5.170732498168945,8.408686637878418,-7.983903884887695,-30.336368560791016,20.0,-6.5650506019592285,-5.723089218139648,5.143965721130371,-4.709675312042236,11.976816177368164,0.489459753036499,0.21889638900756836,2.365600824356079,-0.09425012022256851,0.25066104531288147,-1.074055552482605,-1.4875473976135254,0.08742249011993408,-0.31192508339881897,-0.11033900827169418,-0.30458754301071167,-3.5793473720550537,-1.1633275747299194,-2.506743907928467
505,-5.856980323791504,4.175992965698242,-8.69778060913086,-10.614301681518555,20.0,-4.364219665527344,2.8253097534179688,-2.154512882232666,3.180833578109741,3.930002212524414,-0.03850412368774414,0.14238595962524414,1.4466183185577393,-0.22144761681556702,0.06461521983146667,0.16469304263591766,-1.0573678016662598,-1.1880943775177002,0.08663308620452881,-0.2699822187423706,0.12288730591535568,-4.564102649688721,-2.1507387161254883,-2.7935397624969482
506,-20.032548904418945,-3.2901086807250977,6.448352336883545,-0.6776390075683594,20.0,-4.103507995605469,27.605876922607422,-8.090513229370117,5.923366546630859,6.812778472900391,0.5963278412818909,0.13153505325317383,-1.038061261177063,-0.056121084839105606,0.48893222212791443,5.14223575592041,2.7397234439849854,-1.9691728353500366,1.759039044380188,-0.579871416091919,0.48903995752334595,-7.069356918334961,0.09028229117393494,-3.4598562717437744
507,-54.41823196411133,-6.161513328552246,6.668283462524414,-6.1315155029296875,-0.025396347045898438,-0.01814556121826172,71.09739685058594,-21.198898315429688,23.10272216796875,-48.41374206542969,10.399871826171875,-20.0,-3.6196162700653076,1.0627368688583374,0.6556110382080078,9.081613540649414,7.629796981811523,-2.7597146034240723,1.1592414379119873,0.512166440486908,-0.17646807432174683,1.5497241020202637,-2.7170467376708984,0.3588680028915405
508,-38.91735076904297,-4.827892303466797,2.8381669521331787,-13.395648956298828,-1.931685447692871,0.3227400779724121,50.376827239990234,-20.668790817260742,40.66230773925781,-56.064239501953125,17.331832885742188,-7.082751750946045,-4.956169605255127,0.10819843411445618,0.017209507524967194,7.156284809112549,2.644118309020996,-0.9555577635765076,1.3592984676361084,-0.01382516324520111,-0.46622684597969055,0.8601349592208862,-2.353764295578003,0.05302344262599945
509,-22.98845100402832,-0.5947085618972778,0.20246219635009766,-13.472999572753906,-1.00856351852417,0.2177729606628418,36.35636520385742,-12.234945297241211,34.46050262451172,-49.82217025756836,20.0,-4.668180465698242,-5.056485652923584,-0.22692349553108215,-0.5509662628173828,3.1949141025543213,1.4905290603637695,1.020704984664917,1.9655961990356445,0.17261050641536713,-0.4824918508529663,0.14779692888259888,-2.0582664012908936,-0.1846238225698471
510,10.518543243408203,1.6328284740447998,-1.0258760452270508,-3.7738800048828125,-0.3599560260772705,-0.0693669319152832,-7.9987664222717285,-13.745294570922852,31.146831512451172,-61.176578521728516,20.0,-4.083274841308594,-3.7674663066864014,-0.5715797543525696,-0.5301713943481445,-0.6211724281311035,0.6958741545677185,0.9917277097702026,2.260453701019287,-0.028945282101631165,-0.29394593834877014,-0.4643321633338928,-1.8908023834228516,0.1261224001646042
511,16.802398681640625,2.0923407077789307,-0.06423282623291016,1.4156265258789062,-0.14373314380645752,-0.12223660945892334,-14.562994003295898,-8.46546745300293,20.14620590209961,-58.63743209838867,20.0,-0.1691778302192688,-1.7682547569274902,-0.14900046586990356,-0.18373262882232666,-3.7648754119873047,-0.18800243735313416,0.6299142241477966,2.750490188598633,0.13879245519638062,-0.23425175249576569,-1.258452296257019,-1.5535528659820557,0.002558961510658264
512,3.3740029335021973,-2.311664581298828,2.7018752098083496,5.712039947509766,-0.29470252990722656,-0.046274423599243164,-4.267303466796875,-10.027931213378906,8.592981338500977,-28.455463409423828,20.0,5.491583824157715,-1.0422018766403198,-0.17321553826332092,0.21417920291423798,-4.782803535461426,-2.8115904331207275,1.4806700944900513,2.634488582611084,0.2304377555847168,-0.12849512696266174,-1.2411521673202515,-1.3654183149337769,-0.34341961145401
513,17.64417266845703,10.739265441894531,-8.670299530029297,1.8532981872558594,0.22214841842651367,-0.007006406784057617,-12.849832534790039,-3.4958877563476562,1.7430458068847656,-4.622591018676758,20.0,5.145340442657471,0.8077527284622192,0.23340855538845062,-0.7343859672546387,-8.565993309020996,-1.9601205587387085,1.8145968914031982,1.1816405057907104,0.3263079524040222,-0.03654782474040985,1.3321038484573364,0.8370072245597839,-0.03226827457547188
514,41.3863525390625,7.899920463562012,-10.976784706115723,-9.659072875976562,-16.658117294311523,-6.853232383728027,-34.3237190246582,-8.209155082702637,-5.797781944274902,-7.6175689697265625,16.92679214477539,4.008228302001953,2.197951078414917,0.8509396910667419,0.30261343717575073,-1.0360383987426758,6.965029716491699,-0.7413203716278076,-1.2705496549606323,-0.2590878903865814,-0.12689527869224548,5.892284393310547,4.87278938293457,1.9994475841522217
515,47.46405029296875,27.111919403076172,-35.51362609863281,-71.98541259765625,-5.5164713859558105,3.3640780448913574,-38.68047332763672,0.029750347137451172,-1.2377667427062988,-4.280647277832031,-0.9187564849853516,-0.11114835739135742,1.8802626132965088,-0.053998544812202454,0.4282672703266144,1.0249546766281128,-2.641258955001831,0.5657657384872437,-2.97568416595459,-0.8279759287834167,0.17983709275722504,8.015165328979492,4.756278038024902,2.7341489791870117
516,24.607067108154297,10.5039644241333,-36.82781219482422,-76.93531036376953,-4.641797065734863,3.8268373012542725,-23.46624183654785,10.518026351928711,-5.072498321533203,-10.428241729736328,-1.2909822463989258,-0.28479456901550293,2.0443341732025146,0.04346887767314911,0.2736302316188812,0.2650699019432068,-2.3443331718444824,0.5605698823928833,-3.5226356983184814,0.5498330593109131,0.7869214415550232,5.380690097808838,1.4930685758590698,1.4331144094467163
517,6.4920148849487305,4.984849452972412,-25.164939880371094,-64.18019104003906,-4.427121639251709,4.741452217102051,-5.162599563598633,4.956035137176514,-3.481355905532837,-8.005048751831055,-0.39635205268859863,-0.13132357597351074,2.4493627548217773,-0.009253494441509247,0.2344857007265091,-0.30912071466445923,-2.1040985584259033,0.1934971809387207,-2.9201478958129883,0.9366787075996399,0.7260220646858215,2.1238152980804443,1.9332033395767212,0.9397410154342651
518,2.710376739501953,13.763957023620605,-25.847900390625,-56.00712966918945,4.079654693603516,1.7173365354537964,-1.8442306518554688,-2.760939598083496,-1.4903671741485596,-5.600411415100098,-0.7709692716598511,-0.07070693373680115,2.872352361679077,-0.032389890402555466,0.09910424053668976,-0.8249051570892334,-1.9581468105316162,0.1643291413784027,-1.8503373861312866,0.4266658127307892,-0.31478244066238403,-1.3733173608779907,-1.0921436548233032,0.18238209187984467
519,4.595636367797852,17.339622497558594,-22.407611846923828,-46.82249450683594,13.141410827636719,-2.05730938911438,-10.17799186706543,0.2758824825286865,-0.9771103858947754,5.066129684448242,0.009176254272460938,-0.010776817798614502,2.596524715423584,-0.2256912738084793,0.03383336216211319,-0.9684475064277649,-1.7513692378997803,0.20146052539348602,-2.2850639820098877,0.14807744324207306,-0.661408007144928,-1.149519920349121,-1.0681380033493042,-0.3316064476966858
520,-2.119731903076172,13.933584213256836,-19.659273147583008,-43.96294403076172,20.0,-3.5859758853912354,1.6949467658996582,-1.3271918296813965,1.7156224250793457,1.6640329360961914,-0.1495676040649414,-0.05172014236450195,2.851121425628662,-0.22951780259609222,0.06373344361782074,-1.4128412008285522,-1.5935628414154053,0.12758639454841614,-1.3775461912155151,0.20980501174926758,-0.370618999004364,-3.1368634700775146,-2.383593797683716,-1.3708010911941528
521,-24.758502960205078,8.965027809143066,-10.807308197021484,-40.299766540527344,20.0,-4.362715721130371,13.478092193603516,2.6539852619171143,-1.0818281173706055,8.67831039428711,0.4882926940917969,0.1233530044555664,2.4267513751983643,-0.25467878580093384,0.011323232203722,-1.5303627252578735,-1.3920605182647705,0.047449685633182526,-0.7614625692367554,0.3535754978656769,-0.43890583515167236,-3.729285717010498,-1.1851218938827515,-1.4598149061203003
522,-20.487110137939453,9.093585968017578,-5.202692031860352,-18.67092514038086,20.0,-5.0012736320495605,19.654146194458008,-7.402164936065674,5.436746120452881,5.795970916748047,0.11583137512207031,0.0036873817443847656,1.9082238674163818,-0.22994768619537354,0.0731346532702446,-0.6754544973373413,-0.9515427947044373,-1.147166132926941,0.7901859283447266,-0.1603865623474121,-0.23708440363407135,-5.672396659851074,-2.327965259552002,-2.7041804790496826
523,-26.182998657226562,6.955212593078613,2.8078088760375977,-3.543172836303711,20.0,-4.225255012512207,28.40960121154785,-9.284217834472656,7.905054569244385,11.163993835449219,0.594520092010498,0.10720157623291016,-1.258027195930481,0.1706472933292389,0.3488572835922241,4.78211784362793,2.962369441986084,-2.223619222640991,1.9943665266036987,-0.5967680811882019,0.05677558481693268,-6.4885172843933105,-1.3012455701828003,-3.3441615104675293
524,-48.22679901123047,7.762078762054443,1.8042116165161133,-9.046188354492188,2.922865867614746,-0.7402949333190918,51.11150360107422,-14.931745529174805,39.79714584350586,-16.083148956298828,-15.117012023925781,-12.615378379821777,-3.8871541023254395,1.1124927997589111,1.3130266666412354,7.721434593200684,7.239716529846191,-2.8650918006896973,1.9589745998382568,-1.4259339570999146,-0.3696194291114807,-1.5215284824371338,9.350412368774414,2.508549690246582
525,-23.04837417602539,2.8374459743499756,-6.35361909866333,-9.342666625976562,-1.477036476135254,0.5013795495033264,42.09959411621094,-21.714672088623047,51.094146728515625,-58.489768981933594,12.983627319335938,-14.188817024230957,-4.190805912017822,0.1146785169839859,-1.1429194211959839,6.254395961761475,3.67158842086792,-0.41485390067100525,1.0747319459915161,-0.44766736030578613,-0.19234442710876465,1.430770993232727,-2.7744014263153076,0.1600193828344345
526,-8.812379837036133,-3.5276241302490234,3.076432466506958,-4.626752853393555,-0.7740292549133301,0.02985084056854248,20.73716163635254,-13.804308891296387,34.470924377441406,-69.39415740966797,11.281679153442383,-7.324692249298096,-3.7375404834747314,0.349540114402771,-1.092883825302124,4.696211814880371,1.3997727632522583,-0.13302360475063324,1.6849679946899414,-0.022532552480697632,-0.1614690124988556,0.5457965731620789,-2.3367342948913574,0.21327851712703705
527,-5.063936233520508,-6.3984856605529785,5.828486442565918,-7.793827056884766,-0.6152825951576233,-0.001056075096130371,12.106277465820312,-5.643648147583008,16.57337760925293,-48.50398254394531,15.166067123413086,-3.774009943008423,-3.2049505710601807,0.19297069311141968,-0.7186040878295898,1.5989097356796265,-0.14996106922626495,0.7329092025756836,2.068011999130249,0.06880667805671692,-0.20003262162208557,0.031733445823192596,-2.0974202156066895,0.12037020921707153
528,11.987945556640625,-7.713305950164795,5.937999248504639,-3.238645553588867,-0.14795351028442383,-0.13879644870758057,-10.726348876953125,-4.104872703552246,11.38386058807373,-51.73731231689453,19.93110466003418,-2.1070685386657715,-1.751296043395996,-0.17714066803455353,0.13660046458244324,-2.073071002960205,-0.6480290293693542,0.6085841655731201,2.273993492126465,-0.038814082741737366,-0.005920097231864929,-0.4974372386932373,-1.898329257965088,0.5349450707435608
529,-1.0353827476501465,3.08880615234375,-2.032315254211426,-3.966257095336914,-0.5531525611877441,0.01641392707824707,5.013068199157715,-1.4771628379821777,8.125458717346191,-22.075576782226562,20.0,1.9319177865982056,-0.790926992893219,0.12110820412635803,-0.4928640127182007,-5.73215389251709,-2.913039207458496,1.3183695077896118,2.530344247817993,0.16318391263484955,-0.4566425085067749,-0.8651553988456726,-1.5725486278533936,-0.3220680356025696
530,25.543838500976562,0.9042891263961792,-1.618211269378662,7.031108856201172,0.27846622467041016,-0.05945253372192383,-27.354026794433594,-2.0409796237945557,1.393075704574585,-21.996110916137695,20.0,6.591083526611328,1.2863825559616089,0.019940128549933434,-0.5257160663604736,-8.926766395568848,-3.3479223251342773,1.8073643445968628,1.5218415260314941,0.14966776967048645,-0.20570099353790283,0.39127278327941895,-0.25672447681427,-0.7311258316040039
531,29.7750244140625,7.443674564361572,-5.29381799697876,15.710617065429688,0.6478118896484375,-0.09922099113464355,-22.556856155395508,-1.2146427631378174,-9.19124984741211,1.4267940521240234,19.259742736816406,4.626596927642822,2.9177067279815674,0.7190147042274475,-0.001447729766368866,-1.9291558265686035,6.928354263305664,1.4172465801239014,-1.23073410987854,-0.08419454842805862,0.038826413452625275,5.570761680603027,3.7269017696380615,1.6396238803863525
532,35.168678283691406,22.180889129638672,-33.45626449584961,-95.88346099853516,-5.673346519470215,3.461528778076172,-28.456172943115234,5.581145763397217,-5.154644966125488,2.528583526611328,-0.5181684494018555,0.009332656860351562,2.0282394886016846,-0.2507888674736023,0.36122608184814453,0.694447934627533,-2.5434842109680176,0.8388510346412659,-2.537041425704956,-0.775916576385498,-0.16453728079795837,9.38503646850586,4.069668292999268,3.0499327182769775
533,11.459540367126465,14.811738967895508,-33.527854919433594,-70.18169403076172,-6.286436080932617,3.0296859741210938,-14.38818359375,0.6891130208969116,2.266486644744873,-14.80386734008789,-1.1755847930908203,-0.39597463607788086,2.1904385089874268,-0.02116907387971878,0.3219602704048157,0.07317724823951721,-2.2386436462402344,0.7573965787887573,-2.25952410697937,0.43932121992111206,1.2074644565582275,5.124482154846191,1.6871861219406128,1.8107826709747314
534,-6.361762046813965,9.968745231628418,-23.54167938232422,-77.99382019042969,-7.473406791687012,3.3023295402526855,-4.785923004150391,6.21715784072876,-5.794661998748779,-6.568816184997559,-0.4672210216522217,-0.13908851146697998,2.1166675090789795,0.09748390316963196,0.15480685234069824,-0.5335610508918762,-1.906734824180603,0.3345645070075989,-2.039854049682617,0.8932996988296509,0.5071399807929993,2.195638418197632,1.2948178052902222,0.9574146866798401
535,4.711905479431152,10.780586242675781,-22.81647300720215,-66.39427947998047,4.250579833984375,0.22730517387390137,-11.796276092529297,1.979166030883789,-3.560640335083008,-3.247671604156494,-0.6016982793807983,-0.055181801319122314,2.0956430435180664,-0.05779518559575081,0.2417326718568802,-1.054460048675537,-1.5250957012176514,0.5857487916946411,-2.1293842792510986,0.588374674320221,-0.13024714589118958,0.35083386301994324,-0.7091902494430542,0.3716464638710022
536,8.106947898864746,9.915600776672363,-17.686185836791992,-58.01646041870117,6.748664855957031,-0.3896887004375458,-7.866419792175293,6.17143440246582,-4.645720481872559,1.6363619565963745,-0.13191866874694824,-0.031226515769958496,2.5414915084838867,-0.2212315797805786,0.22708158195018768,-1.486631989479065,-1.300767183303833,0.4330316185951233,-1.633871078491211,0.7362212538719177,-0.5137725472450256,-0.40292200446128845,-1.6898080110549927,-0.6354562640190125
537,-14.328176498413086,11.366125106811523,-12.418619155883789,-45.728572845458984,10.989049911499023,-2.3862876892089844,6.8758864402771,-4.38685417175293,2.1963279247283936,-0.8469705581665039,0.07702445983886719,0.022508621215820312,2.6496787071228027,-0.26288795471191406,0.423553466796875,-2.0199663639068604,-1.1809383630752563,0.27291253209114075,-0.7596316337585449,0.48036327958106995,-0.3190622627735138,-3.1099236011505127,-1.3787660598754883,-0.8539342880249023
538,3.597627639770508,17.412174224853516,-11.869421005249023,-21.975584030151367,20.0,-6.723435401916504,-5.978710651397705,-4.195618152618408,1.1287367343902588,4.346793174743652,0.0024390220642089844,0.05012011528015137,2.4238991737365723,-0.402892529964447,0.3679049611091614,-1.842753291130066,-0.9909636974334717,0.41100358963012695,-0.6393915414810181,0.02016850933432579,-0.6035537719726562,-3.5716006755828857,-1.5228161811828613,-1.449684977531433
539,-1.869668960571289,9.588093757629395,-10.19783878326416,-11.633600234985352,20.0,-4.51336669921875,-0.7843947410583496,-2.0867648124694824,1.0147337913513184,4.697700500488281,-0.1424393653869629,0.05246448516845703,1.8786275386810303,-0.13903415203094482,0.229526549577713,-0.9177941679954529,-1.3221607208251953,-2.2825145721435547,-0.36894649267196655,-0.09271755069494247,-0.8798171281814575,-4.167313098907471,-3.5837550163269043,-2.74404239654541
540,-14.20124340057373,7.589873790740967,-7.883615970611572,-5.957527160644531,20.0,-3.422400951385498,16.351551055908203,-10.81560230255127,9.642180442810059,5.624427795410156,0.5590627193450928,0.1273493766784668,0.08482754975557327,-0.0469549298286438,0.2867433428764343,2.194453001022339,0.7235685586929321,-2.9152565002441406,0.6851989030838013,-0.3457821011543274,-0.002162763150408864,-5.824349880218506,-1.992207407951355,-2.5550339221954346
541,-34.2236213684082,0.7950234413146973,4.348625183105469,-1.3502006530761719,17.276439666748047,-2.9991817474365234,49.90365219116211,-17.786611557006836,16.251991271972656,12.781497955322266,1.0292208194732666,-0.02736949920654297,-3.0234858989715576,0.15983790159225464,0.7295154929161072,7.6248602867126465,6.449563026428223,-2.520528554916382,3.5021731853485107,-1.01493501663208,1.3778467178344727,-7.997319221496582,1.509818196296692,-3.5899665355682373
542,-43.30220031738281,-3.973299503326416,3.119818687438965,-11.908805847167969,-1.2179574966430664,0.2183847427368164,50.822967529296875,-12.338468551635742,27.651748657226562,-27.48277473449707,-15.846992492675781,-15.552913665771484,-4.814207077026367,0.866539478302002,0.6791582703590393,8.450249671936035,6.220117568969727,-1.6560595035552979,0.5341198444366455,0.46190714836120605,0.38778844475746155,1.871551275253296,-2.4729440212249756,-0.25545167922973633
543,-18.55558967590332,-6.4711761474609375,1.5781500339508057,-9.333345413208008,-1.3805646896362305,0.2577272057533264,33.14505386352539,-16.963058471679688,38.57453536987305,-55.69276809692383,15.498604774475098,-8.728821754455566,-5.0573248863220215,-0.4615827202796936,-0.36664465069770813,6.29852294921875,2.5237865447998047,0.02999582700431347,1.115715503692627,-0.22478491067886353,0.18598933517932892,1.3904930353164673,-2.662440538406372,0.31043097376823425
544,-13.507257461547852,-2.397855758666992,2.0667104721069336,-13.864635467529297,-1.0753244161605835,0.0481647253036499,26.38983154296875,-10.349190711975098,23.009401321411133,-54.1896858215332,20.0,-3.08042311668396,-4.500926971435547,-0.3290695250034332,-0.6724453568458557,1.3673114776611328,0.44508060812950134,0.8679018616676331,1.8590693473815918,0.13009923696517944,0.00787544995546341,0.4067545533180237,-2.1859419345855713,-0.036845117807388306
545,10.092485427856445,-1.9219409227371216,2.994579792022705,-1.801560401916504,-0.28279221057891846,-0.11672782897949219,-8.415971755981445,-7.463101387023926,16.672893524169922,-58.61545944213867,20.0,0.1254453957080841,-3.2748312950134277,-0.2769886553287506,-0.3369589149951935,-2.04608154296875,-0.4950193464756012,0.8133594393730164,2.2747673988342285,0.049832865595817566,-0.15814748406410217,-0.38473600149154663,-2.0090982913970947,0.11350047588348389
546,5.812068462371826,-4.753983497619629,3.9886703491210938,2.7936344146728516,-0.21100497245788574,-0.05495762825012207,-2.828864097595215,-5.886658191680908,10.750062942504883,-37.11113739013672,20.0,3.7383859157562256,-2.149951696395874,-0.4636076092720032,0.08435226231813431,-4.08389139175415,-2.025754928588867,1.9147114753723145,2.410818576812744,0.12772715091705322,-0.04797498881816864,-0.6050887703895569,-1.7747352123260498,-0.2047576606273651
547,18.534774780273438,7.465273857116699,-5.282577037811279,5.276891708374023,0.1766362190246582,-0.09842729568481445,-15.485884666442871,-13.209726333618164,6.283770561218262,-23.420791625976562,20.0,6.414175987243652,-0.29195636510849,-0.16580194234848022,-0.4728488326072693,-6.562568664550781,-2.275420665740967,2.0134174823760986,2.5919761657714844,0.25468945503234863,-0.06541295349597931,-0.7392663359642029,-1.7390378713607788,-0.2699117064476013
548,16.8701114654541,7.139554500579834,-3.883242607116699,10.331035614013672,0.2391519546508789,-0.1405782699584961,-18.15618324279785,-8.429779052734375,0.07455912232398987,-10.388875961303711,20.0,4.250936508178711,0.7323019504547119,0.09985052794218063,-0.5443605780601501,-7.745087146759033,-2.578596591949463,1.9313281774520874,0.8508445620536804,-0.08008669316768646,-0.11506608873605728,2.007093667984009,-0.08808675408363342,2.1356773376464844
549,52.4521598815918,14.628092765808105,-20.396238327026367,-29.452289581298828,-18.525188446044922,4.519312858581543,-44.07339859008789,-4.861444473266602,-5.385064125061035,-9.427875518798828,16.092830657958984,3.5054783821105957,2.060667037963867,0.7002467513084412,0.4605044722557068,-0.15540581941604614,5.805814743041992,0.8295576572418213,-1.828351616859436,-0.685176432132721,-0.33786579966545105,6.548426628112793,4.81923246383667,2.1496548652648926
550,30.129606246948242,22.849496841430664,-37.979248046875,-77.42861938476562,-4.972851276397705,3.785248279571533,-21.655916213989258,-2.3584439754486084,1.7962617874145508,-5.514276504516602,-0.8173923492431641,-0.17589569091796875,1.503223180770874,-0.035956189036369324,0.44145333766937256,1.3362326622009277,-2.781909704208374,0.6739093661308289,-2.6090922355651855,-0.6409890651702881,0.7252399921417236,6.12607479095459,4.796927452087402,2.751965045928955
551,32.457035064697266,13.233609199523926,-34.69112014770508,-75.61975860595703,-1.1251635551452637,2.3432579040527344,-24.240009307861328,9.396787643432617,-6.542940139770508,-6.596853256225586,-1.2470444440841675,-0.257901668548584,1.9537290334701538,-0.19333532452583313,0.2858014702796936,0.5253084897994995,-2.4313876628875732,0.648309588432312,-2.9324991703033447,-0.07492056488990784,0.6006574034690857,4.548679828643799,0.9297305941581726,1.1691930294036865
552,33.97261047363281,14.488740921020508,-32.221885681152344,-64.6406478881836,4.936296463012695,0.186143159866333,-25.124473571777344,5.996387958526611,-5.840073585510254,-7.559021949768066,-0.6213250160217285,-0.06908905506134033,2.4818084239959717,-0.0912071168422699,0.19528499245643616,-0.095162034034729,-2.170046329498291,0.5681927800178528,-3.1180872917175293,0.32753580808639526,0.05052363872528076,1.892877221107483,0.6717676520347595,0.5292708277702332
553,-15.10980224609375,11.68077278137207,-26.01529312133789,-70.57717895507812,3.6643636226654053,2.4584455490112305,9.839635848999023,1.1886606216430664,1.1565074920654297,-0.8081636428833008,-0.06905341148376465,-0.07989192008972168,2.669888973236084,-0.08910075575113297,0.10142059624195099,-0.8253492116928101,-1.9505826234817505,0.06273350119590759,-2.1293206214904785,0.8314204216003418,0.6303920745849609,-0.9057633876800537,0.9739700555801392,0.6877942681312561
554,-17.35838508605957,17.127500534057617,-19.164745330810547,-61.539337158203125,4.8082356452941895,0.5015866756439209,13.712265968322754,-0.06343841552734375,-2.7510766983032227,8.15192699432373,0.106111079454422,0.0026962757110595703,2.8556692600250244,-0.06654074043035507,-0.021489111706614494,-1.0708296298980713,-1.844178318977356,-0.003955096006393433,-1.0105160474777222,0.5496390461921692,-0.33628979325294495,-0.9231017231941223,0.13770243525505066,0.5208755731582642
555,9.274669647216797,22.409671783447266,-22.120182037353516,-51.0245475769043,14.043792724609375,-2.9354591369628906,-14.650364875793457,-0.17709773778915405,-1.8211026191711426,5.743829250335693,-0.18200182914733887,-0.05842435359954834,2.611353874206543,-0.16899225115776062,-0.014649337157607079,-1.149479866027832,-1.5738931894302368,0.339577317237854,-1.6345678567886353,0.15809109807014465,-0.9941810369491577,0.12133044004440308,-0.945370614528656,-0.8250217437744141
556,-6.613073348999023,16.59429168701172,-18.476646423339844,-42.25360870361328,20.0,-5.1662211418151855,0.23552417755126953,-5.771276473999023,6.418870449066162,-3.856228828430176,-0.33121776580810547,-0.08499407768249512,2.4798214435577393,-0.4052935540676117,-0.025191083550453186,-1.7254688739776611,-1.2531092166900635,0.20932865142822266,-0.9558650851249695,0.01309646014124155,0.0776648074388504,-3.2787280082702637,-2.4758636951446533,-1.8062388896942139
557,-20.13735580444336,8.21642780303955,-3.9101407527923584,-22.633760452270508,20.0,-5.432297706604004,15.899935722351074,-1.1138513088226318,0.08931106328964233,7.231283187866211,0.4431495666503906,0.16092538833618164,2.2111825942993164,-0.26215362548828125,0.12524138391017914,-1.4051554203033447,-1.063562035560608,-0.101408451795578,0.024285938590765,-0.03918430581688881,-0.0942806601524353,-4.161751747131348,-1.8319612741470337,-1.8135640621185303
558,-10.13499641418457,8.177465438842773,-4.234533786773682,-14.117741584777832,20.0,-4.650548934936523,7.6957783699035645,-1.7609682083129883,0.5720720291137695,7.93370246887207,0.2312602996826172,0.11046600341796875,1.5595232248306274,-0.07703080773353577,0.1910199224948883,-0.2770724892616272,-0.9282731413841248,-1.3904913663864136,0.5460412502288818,-0.2532985508441925,-0.43383193016052246,-4.236027240753174,-2.1117448806762695,-2.684734582901001
559,-27.2520751953125,7.502336025238037,-1.8997769355773926,-6.212490081787109,20.0,-4.038275718688965,29.443721771240234,-13.335407257080078,10.905518531799316,8.34105110168457,0.5724003314971924,0.07536458969116211,-1.5274639129638672,0.05790231376886368,0.2699541449546814,4.535958290100098,2.761491537094116,-2.343487024307251,1.888169765472412,-1.1051095724105835,-0.1340067982673645,-5.714930534362793,-1.0257611274719238,-3.372105598449707
560,-45.04790496826172,-3.3826160430908203,6.879227161407471,-1.1218414306640625,0.053295135498046875,0.011728286743164062,62.132179260253906,-14.428895950317383,31.02098846435547,-37.531166076660156,-19.018980026245117,-9.040975570678711,-3.768528461456299,1.0722174644470215,1.6430543661117554,10.171077728271484,7.707988262176514,-2.926306962966919,1.6126059293746948,-1.3755276203155518,-0.7244598865509033,-1.82989501953125,9.918571472167969,2.101205348968506
561,-24.898387908935547,6.008530139923096,-7.284436225891113,-14.704524993896484,-1.732757568359375,0.4644448757171631,42.15224075317383,-33.3312873840332,56.50107955932617,-72.47784423828125,11.566032409667969,-11.099708557128906,-3.74336838722229,0.20601709187030792,-0.4805101454257965,6.590362548828125,4.050856113433838,-1.0899611711502075,1.5079360008239746,-0.34613072872161865,-0.27518266439437866,0.8676629066467285,-2.6036272048950195,0.4513610601425171
562,-12.81852912902832,-2.9750616550445557,0.9508893489837646,-9.889180183410645,-1.1293948888778687,0.1748436987400055,20.18138885498047,-13.97539234161377,37.235347747802734,-64.89485168457031,13.571855545043945,-7.570224761962891,-3.4910707473754883,0.025873512029647827,-0.7971127033233643,3.3112740516662598,0.866601288318634,0.049949269741773605,1.7807005643844604,0.05123993754386902,-0.06537275016307831,0.031509220600128174,-2.0204148292541504,0.14173418283462524
563,-13.243602752685547,-8.58359146118164,6.616392135620117,-5.299387454986572,-0.6014096736907959,0.04060721397399902,16.57347297668457,-7.935003280639648,24.200868606567383,-56.770896911621094,20.0,-3.066061019897461,-3.7586121559143066,-0.495904803276062,-0.5428127646446228,0.7869161367416382,-0.42645227909088135,1.8260648250579834,1.8392980098724365,0.07369616627693176,-0.049611322581768036,-0.5415183305740356,-1.5998570919036865,-0.018790453672409058
564,0.2627143859863281,3.282658100128174,0.1562662124633789,-4.565296173095703,-0.3502950668334961,-0.20942068099975586,12.713260650634766,-15.85147762298584,24.298606872558594,-47.29399490356445,20.0,2.177185297012329,-2.1861484050750732,-0.2716401219367981,-0.26629364490509033,-3.1606733798980713,-1.0234644412994385,1.1000059843063354,2.663496494293213,0.032146163284778595,-0.06596267223358154,-1.2062981128692627,-1.3402427434921265,-0.1333647072315216
565,13.670248031616211,7.1707611083984375,-4.1002583503723145,2.6101036071777344,-0.09188365936279297,-0.05760908126831055,-15.733057022094727,-9.529298782348633,13.85739517211914,-28.680038452148438,20.0,4.508556365966797,-0.8495616912841797,0.1986040323972702,-0.42304572463035583,-5.908926963806152,-2.071467399597168,1.1614551544189453,2.5935022830963135,0.07313819974660873,-0.14465771615505219,-1.4844143390655518,-1.2018564939498901,-0.43655961751937866
566,21.092655181884766,7.2135491371154785,-6.083015441894531,4.7867431640625,-0.04744386672973633,-0.0012650489807128906,-16.17402458190918,-0.6738071441650391,0.9598513841629028,-9.630685806274414,20.0,5.210569381713867,1.2950624227523804,0.49890458583831787,-1.0438616275787354,-9.329061508178711,-3.894702196121216,1.5917603969573975,1.568721890449524,0.11116872727870941,-0.10541298240423203,0.3493468463420868,0.09622469544410706,0.7963374853134155
567,33.67115020751953,13.9873046875,-9.918693542480469,16.65587615966797,0.6315288543701172,-0.005050182342529297,-26.640459060668945,-4.816059112548828,-3.0938189029693604,3.951070785522461,13.244420051574707,2.863266944885254,2.812638282775879,1.9905239343643188,0.32475805282592773,-2.6031417846679688,7.316474914550781,-3.3832931518554688,-1.4911311864852905,-0.19948047399520874,-0.12358830869197845,6.014310836791992,4.431865215301514,3.1167068481445312
568,19.67230987548828,13.021748542785645,-32.137264251708984,-53.605472564697266,-20.0,3.0976901054382324,-21.697002410888672,-1.153794288635254,2.2477755546569824,-4.453823089599609,-0.7647933959960938,-0.3556556701660156,1.836316466331482,0.026323601603507996,0.3878065347671509,-0.6992796659469604,4.145780086517334,0.6464812755584717,-2.468621253967285,-0.8254766464233398,0.6502193212509155,7.578003406524658,3.3619658946990967,2.120774269104004
569,14.468461990356445,11.516707420349121,-26.09971809387207,-62.974212646484375,-10.939167022705078,5.7572808265686035,-11.208396911621094,6.921367645263672,-4.196535110473633,-9.041595458984375,-0.8047676086425781,-0.18196630477905273,1.8286195993423462,0.10535722970962524,0.18481528759002686,0.9522907137870789,-2.528252363204956,0.27601563930511475,-2.1088790893554688,0.2733175456523895,1.0596046447753906,5.155822277069092,1.8656772375106812,1.6692719459533691
570,0.9517154693603516,10.42212200164795,-25.937419891357422,-78.54191589355469,-5.843632698059082,3.3563718795776367,-3.905655860900879,2.872711181640625,-3.0277209281921387,-6.685354232788086,-0.605117678642273,-0.1155235767364502,2.2538814544677734,0.02974272146821022,0.13211160898208618,0.02477744221687317,-2.2228848934173584,0.29995837807655334,-1.3268327713012695,0.3439945578575134,0.6953451037406921,1.9487437009811401,0.22290557622909546,1.5613936185836792
571,10.197907447814941,6.938500881195068,-16.817296981811523,-59.45995330810547,2.195707321166992,0.14867627620697021,-18.13378143310547,8.495271682739258,-7.676363945007324,-1.2359485626220703,-0.34272468090057373,-0.09856396913528442,1.930365800857544,-0.1226838082075119,0.2408374398946762,-0.30881190299987793,-1.8425740003585815,0.415188193321228,-2.2712903022766113,0.358101487159729,-0.03661894425749779,1.4503264427185059,-0.3537772297859192,0.37324079871177673
572,-0.18102455139160156,13.203539848327637,-18.938274383544922,-50.035465240478516,11.014692306518555,-0.9141253232955933,-2.531681537628174,-0.7444686889648438,0.35460221767425537,-5.638126373291016,-0.5042247772216797,-0.10753369331359863,2.117987871170044,-0.20851050317287445,0.16231176257133484,-0.8506467938423157,-1.589935541152954,0.07348046451807022,-1.4672964811325073,0.3239194452762604,-0.08946389704942703,-2.1372594833374023,-2.4671804904937744,-0.8293273448944092
573,8.302162170410156,16.962526321411133,-15.625534057617188,-34.035118103027344,17.87148094177246,-3.759744644165039,-5.931594371795654,-3.675825595855713,0.9404197335243225,1.7689971923828125,0.08901643753051758,0.0023179054260253906,2.353057384490967,-0.2701493501663208,0.2711125314235687,-1.0387687683105469,-1.5115066766738892,0.16946563124656677,-0.9453685283660889,-0.02942364104092121,-0.21967683732509613,-3.7231407165527344,-1.8608639240264893,-2.115701675415039
574,-7.521734237670898,9.375197410583496,-14.250374794006348,-32.99522399902344,20.0,-2.889897584915161,3.445930004119873,3.090263843536377,-0.9176532030105591,9.622757911682129,0.3310582637786865,0.19039058685302734,2.1472830772399902,-0.3446066975593567,0.08987755328416824,-0.985162615776062,-1.456993818283081,-0.13376832008361816,-0.630867600440979,0.22210292518138885,-0.0950489193201065,-3.146944761276245,-1.3271228075027466,-1.9000552892684937
575,-13.240272521972656,7.374817848205566,-11.084638595581055,-26.714513778686523,20.0,-3.452514886856079,10.663938522338867,-0.7421804666519165,-0.02686023712158203,6.688814163208008,0.1902170181274414,0.16954469680786133,2.135132312774658,-0.14921800792217255,0.1230836883187294,-0.9650263786315918,-1.6780699491500854,-0.05199092626571655,0.3628036379814148,0.31749799847602844,-0.26707854866981506,-4.211269855499268,-1.514909267425537,-1.8573137521743774
576,-18.708267211914062,4.721245288848877,3.2421460151672363,-4.071115493774414,20.0,-4.366695404052734,22.038654327392578,-14.00000286102295,9.399471282958984,4.590736389160156,0.27547788619995117,0.02520751953125,0.11988133937120438,-0.09420992434024811,0.4329703748226166,2.801204204559326,0.9368916749954224,-1.7684627771377563,1.8505761623382568,-0.41293472051620483,0.3656925857067108,-6.957874774932861,-1.0476983785629272,-2.5039076805114746
577,-48.20604705810547,-4.879621505737305,8.80688762664795,0.3491363525390625,3.7283687591552734,-0.8091177940368652,58.680694580078125,-16.128103256225586,24.496294021606445,-32.58293914794922,-18.338302612304688,-9.098119735717773,-3.5512006282806396,0.7911431789398193,1.5225807428359985,10.011645317077637,8.793889045715332,-2.8023855686187744,0.5376749038696289,-0.23686116933822632,-0.06540881097316742,1.4512625932693481,1.8128852844238281,1.513527274131775
578,-19.6279354095459,-1.123878002166748,-3.6403541564941406,-11.627567291259766,-1.7856178283691406,0.4010450839996338,30.830921173095703,-17.74057960510254,38.462276458740234,-71.49990844726562,7.36574649810791,-12.716303825378418,-3.4221813678741455,-0.011193474754691124,-0.45398828387260437,7.696975231170654,3.9466288089752197,-1.2902474403381348,1.3469445705413818,-0.07912063598632812,-0.2061861753463745,0.9907993674278259,-2.608715295791626,0.6568827629089355
579,-18.113412857055664,-11.428738594055176,9.012019157409668,-10.590084075927734,-0.9892878532409668,0.07864052057266235,18.894577026367188,-9.468852043151855,22.812421798706055,-72.41087341308594,12.624686241149902,-6.204578876495361,-3.825815439224243,-0.3797414302825928,0.3675898015499115,4.7123870849609375,2.7114155292510986,-0.09907375276088715,1.4024298191070557,0.06482568383216858,-0.14961856603622437,0.14242249727249146,-2.013620615005493,0.2761837840080261
580,-12.235624313354492,-1.1088998317718506,1.304837942123413,-9.351110458374023,-0.9301047325134277,0.025901854038238525,20.09524154663086,-11.1600341796875,28.457324981689453,-65.90618133544922,17.236618041992188,-3.4812443256378174,-3.26496958732605,-0.36988210678100586,0.27784663438796997,0.9019107818603516,0.8364970684051514,0.3715662658214569,2.1249449253082275,0.12692098319530487,-0.43724876642227173,-0.8079034090042114,-1.5196233987808228,-0.14589709043502808
581,-1.2485418319702148,-3.7417924404144287,1.2283943891525269,-2.876534938812256,-0.5829892158508301,0.056090593338012695,1.2020835876464844,-7.623927116394043,16.076400756835938,-50.72311019897461,20.0,-0.6631982326507568,-2.7839436531066895,-0.6256489753723145,-0.251444548368454,-1.780975103378296,-1.5924843549728394,1.7177622318267822,2.2190089225769043,0.4286934733390808,-0.4761320650577545,-1.4128702878952026,-1.167372465133667,0.05293986201286316
582,2.690646171569824,3.669290065765381,-0.3261246085166931,-4.1982574462890625,-0.4204525947570801,-0.13601160049438477,6.453813552856445,-7.415155410766602,13.044073104858398,-21.912784576416016,20.0,4.275325298309326,-1.0663163661956787,-0.5453850030899048,-0.15529750287532806,-6.0887675285339355,-3.2249081134796143,2.0575132369995117,2.790863037109375,0.3620280623435974,-0.55030757188797,-1.719543218612671,-0.9966699481010437,-0.5989157557487488
583,12.309022903442383,12.815901756286621,-7.9892144203186035,4.636058807373047,0.009782791137695312,-0.10280323028564453,-9.642416000366211,-15.960312843322754,12.723700523376465,-8.50296688079834,20.0,3.625476598739624,0.5835089683532715,-0.07419658452272415,-0.4321345090866089,-9.266441345214844,-4.176723480224609,2.0143024921417236,1.6697973012924194,0.21274243295192719,-0.1684184968471527,0.14236390590667725,-0.2537781298160553,1.861899971961975
584,32.78721237182617,12.032617568969727,-8.854856491088867,19.637178421020508,0.8924174308776855,-0.0601658821105957,-22.550085067749023,-8.635936737060547,0.879479169845581,0.9035892486572266,20.0,3.2523193359375,2.242220878601074,0.19907589256763458,-1.0110583305358887,-8.446149826049805,-2.8739185333251953,2.2208759784698486,-1.2142374515533447,-0.3288925886154175,-0.35570675134658813,5.743741035461426,4.194462776184082,1.7877602577209473
585,32.39411926269531,14.942621231079102,-19.236854553222656,-45.42474365234375,-20.0,3.8734583854675293,-31.844486236572266,-4.637253284454346,1.664381980895996,-7.996776580810547,-0.7509975433349609,-0.07896041870117188,2.2181332111358643,0.2822893261909485,0.5874887704849243,-0.4690764844417572,4.322171211242676,0.30152517557144165,-2.3803086280822754,-0.7958166599273682,0.40728142857551575,6.907719612121582,4.570162773132324,3.4008493423461914
586,13.798850059509277,18.868122100830078,-32.83190155029297,-76.87310791015625,-7.384791851043701,3.9820938110351562,-13.9940824508667,3.8039352893829346,-1.77901029586792,-7.324413299560547,-1.1312367916107178,-0.3791518211364746,1.766780972480774,-0.18507128953933716,0.08719479292631149,0.7979796528816223,-2.491589307785034,0.4170330762863159,-2.377786159515381,-0.2982679605484009,0.8087048530578613,4.958883285522461,0.9219092130661011,1.58658766746521
587,-7.274357318878174,18.47144317626953,-27.607019424438477,-75.6059799194336,-8.239118576049805,2.617640972137451,1.5818572044372559,0.06144335865974426,-0.3716092109680176,-7.1327409744262695,-0.403938353061676,-0.1862647533416748,1.983526587486267,-0.01512385718524456,0.06365187466144562,0.08534885942935944,-2.1933441162109375,0.3188878893852234,-1.5709238052368164,0.05303402245044708,0.9711441993713379,1.0648847818374634,0.36878347396850586,0.8173766732215881
588,10.54505443572998,16.13335418701172,-24.142431259155273,-71.7828598022461,-1.8732175827026367,1.897032618522644,-15.043792724609375,12.711359977722168,-10.930085182189941,7.0330810546875,0.05959320068359375,0.08951568603515625,1.8874807357788086,-0.018540598452091217,-0.0790739431977272,-0.11970289051532745,-1.9542330503463745,0.2904055714607239,-2.37959885597229,0.3423028290271759,-0.3153453767299652,3.0412633419036865,0.9213056564331055,1.0146751403808594
589,6.21211051940918,14.659335136413574,-21.856252670288086,-54.60190963745117,5.428898334503174,-0.12339159846305847,-9.617255210876465,-0.7167109847068787,-0.16906559467315674,-4.866671562194824,-0.5435079336166382,-0.13478876650333405,2.038012981414795,0.011566437780857086,0.1601949781179428,-0.6126324534416199,-1.737122893333435,0.13661238551139832,-2.3593597412109375,0.24557535350322723,-0.2894223630428314,0.9298909306526184,-0.6995106935501099,-0.02898700162768364
590,-0.6742630004882812,13.130292892456055,-16.38835334777832,-51.438297271728516,12.90030574798584,-2.5693624019622803,-0.7482032775878906,1.3260465860366821,0.010720685124397278,-2.0789856910705566,-0.25104379653930664,-0.0622326135635376,2.3532745838165283,-0.21477001905441284,0.20566736161708832,-1.2233437299728394,-1.4888948202133179,0.12845540046691895,-1.5614570379257202,0.2869691252708435,0.036296501755714417,-1.451052188873291,-2.082674264907837,-0.8975276350975037
591,-16.18522071838379,17.37778091430664,-18.637733459472656,-38.6746711730957,17.512998580932617,-2.647247791290283,8.826011657714844,-2.8863425254821777,2.2613489627838135,1.2082595825195312,0.19839215278625488,0.027051925659179688,2.1296417713165283,-0.14616775512695312,-0.09577804803848267,-1.37538480758667,-1.3429005146026611,-0.14195896685123444,-0.5321968793869019,0.35816192626953125,-0.019837554544210434,-4.165552616119385,-1.3165664672851562,-1.2045150995254517
592,-15.432342529296875,13.039323806762695,-7.6616973876953125,-24.067668914794922,20.0,-4.318676948547363,11.978073120117188,-3.0295348167419434,1.99151611328125,7.8463287353515625,0.17084932327270508,0.03930044174194336,2.0103776454925537,-0.21885594725608826,-0.05016161501407623,-1.2484259605407715,-1.3262020349502563,-0.06931203603744507,0.4356226623058319,0.14841295778751373,0.1244787648320198,-4.89846658706665,-1.9924232959747314,-2.0080976486206055
593,-14.402165412902832,1.48622465133667,0.4979231357574463,1.3260307312011719,20.0,-4.333313941955566,17.38915252685547,-11.21119499206543,6.3375678062438965,5.845256805419922,0.3332545757293701,0.07823514938354492,-0.5866522789001465,0.048315051943063736,0.3487628102302551,3.199385166168213,1.5101654529571533,-1.4860596656799316,1.4205198287963867,-0.8406395316123962,-0.09064479917287827,-6.5128631591796875,-1.4100472927093506,-2.766981363296509
594,-32.61669921875,1.9637932777404785,4.309704303741455,-2.1307449340820312,8.683755874633789,-1.9478225708007812,39.8585319519043,-15.952518463134766,13.654401779174805,11.80120849609375,0.7081863880157471,-0.002094268798828125,-3.2024526596069336,0.7306168675422668,1.1895350217819214,8.065345764160156,6.614654541015625,-2.227501392364502,3.501211404800415,-1.5792075395584106,-0.20448088645935059,-5.631642818450928,5.12364387512207,-0.8949770927429199
595,-25.516935348510742,-2.46689510345459,-0.4162818193435669,-7.83209228515625,-1.1731090545654297,0.23806190490722656,40.31296920776367,-21.304229736328125,33.012107849121094,-70.9654312133789,7.776429176330566,-12.767420768737793,-3.5985262393951416,0.9647132158279419,-0.12951332330703735,7.895941257476807,5.0952606201171875,-1.8464689254760742,1.336664080619812,0.22251585125923157,-0.2653227746486664,1.0484951734542847,-2.5934574604034424,0.7086243033409119
596,-16.645034790039062,-11.695144653320312,6.967365264892578,-10.239055633544922,-1.349218726158142,0.19610720872879028,20.740665435791016,-10.984590530395508,28.92766761779785,-68.34923553466797,13.600839614868164,-6.585035800933838,-3.7211503982543945,-0.04911664500832558,-0.26232531666755676,5.056767463684082,0.9516821503639221,-0.24289625883102417,1.6043425798416138,0.08573201298713684,-0.28607630729675293,0.2555129826068878,-2.1218340396881104,0.11955355107784271
597,1.1237211227416992,-1.9872138500213623,1.1085035800933838,-9.577537536621094,-0.5048028230667114,0.017925262451171875,0.8193960189819336,-15.461221694946289,22.35365104675293,-54.45628356933594,18.91512680053711,-2.6483311653137207,-2.90547251701355,-0.5236421823501587,-0.27932295203208923,0.649878978729248,0.4366452097892761,-0.30685722827911377,1.7692461013793945,0.007271617650985718,-0.15278106927871704,-0.3031773567199707,-1.7596139907836914,0.014252930879592896
598,-8.49359130859375,-1.6684069633483887,2.522879123687744,-2.1398916244506836,-0.462890625,0.07870340347290039,16.846294403076172,-14.490992546081543,19.83928108215332,-53.23041915893555,20.0,0.43119892477989197,-2.120120048522949,-0.4479072690010071,-0.22561991214752197,-1.6767592430114746,-1.0045571327209473,1.1595388650894165,2.480584144592285,0.17718687653541565,-0.29630646109580994,-1.0399481058120728,-1.4257128238677979,-0.03039417415857315
599,1.975278377532959,1.894748330116272,-0.029146552085876465,1.0618534088134766,-0.1403031349182129,-0.12434005737304688,-5.086899757385254,-13.882527351379395,15.969484329223633,-31.931289672851562,20.0,4.471769332885742,-1.586195468902588,-0.47812965512275696,-0.0244703758507967,-3.8740546703338623,-1.6239185333251953,0.8255969882011414,2.2747654914855957,0.10145631432533264,-0.18514087796211243,-1.2004265785217285,-1.2847936153411865,-0.35872095823287964
600,2.3318111896514893,0.894934892654419,0.22412675619125366,2.8938980102539062,-0.1821904182434082,-0.025844097137451172,0.3686647415161133,-6.922610759735107,6.3115949630737305,-16.272472381591797,20.0,6.400240421295166,-0.6224252581596375,-0.4464837610721588,-0.02883446030318737,-5.860838413238525,-3.2628586292266846,1.7395681142807007,2.278176784515381,0.10899893939495087,-0.15733939409255981,-1.0033515691757202,-1.3948991298675537,0.294803649187088
601,11.168464660644531,8.758594512939453,-6.173244476318359,7.838874816894531,0.36808204650878906,-0.05247926712036133,-7.745814323425293,-9.393157005310059,5.181929588317871,-5.501237869262695,20.0,3.4870176315307617,0.39107874035835266,-0.19410835206508636,-0.67349773645401,-7.077542781829834,-2.5112719535827637,2.1453158855438232,0.9603142142295837,0.06458330154418945,-0.05585666000843048,1.4096448421478271,-0.2015092521905899,1.8215609788894653
602,43.99665069580078,16.84880828857422,-14.115352630615234,-0.2714118957519531,-5.319436073303223,-3.6938719749450684,-37.066673278808594,-4.678759574890137,-6.442806720733643,-4.636295318603516,19.505733489990234,4.052388668060303,1.5222872495651245,0.5681092739105225,-0.10550922155380249,-0.9365022778511047,7.260952949523926,-1.2186607122421265,-2.213778018951416,-0.3269891142845154,-0.4705751836299896,7.087316513061523,5.299013137817383,2.026259660720825
603,36.8101692199707,26.622955322265625,-33.04653549194336,-83.51024627685547,-7.3559699058532715,1.6523926258087158,-24.45604133605957,-2.634490489959717,0.7785788774490356,-4.879085540771484,-0.9236307144165039,-0.12047243118286133,1.6540225744247437,-0.40346911549568176,0.3933035135269165,0.9460175037384033,-2.557563304901123,1.0411957502365112,-2.8399078845977783,-1.3162379264831543,-0.011462152935564518,7.761350631713867,4.602561950683594,2.8274447917938232
604,19.015483856201172,14.902779579162598,-32.4254150390625,-71.95379638671875,-4.114515781402588,3.289318084716797,-14.443305969238281,8.313833236694336,-1.6858024597167969,-10.745986938476562,-1.2487562894821167,-0.37143659591674805,2.1523234844207764,-0.238295316696167,0.2728279232978821,0.1966252624988556,-2.2788774967193604,0.6072868704795837,-2.5017318725585938,0.29003918170928955,1.4892568588256836,4.3449530601501465,0.7768158316612244,1.184679627418518
605,15.598142623901367,20.024564743041992,-28.7833194732666,-62.989810943603516,0.7635419368743896,0.32756614685058594,-18.519304275512695,6.736014366149902,-9.027799606323242,-4.976313591003418,-0.41317951679229736,0.0021506547927856445,2.0265650749206543,0.10111881792545319,0.0374121330678463,-0.0967492088675499,-2.0896496772766113,0.5141035914421082,-3.1689977645874023,0.6648566126823425,-0.007178724743425846,2.5227017402648926,1.1379553079605103,0.7285711169242859
606,14.542671203613281,13.577958106994629,-22.788028717041016,-61.52272415161133,6.149286270141602,-1.244727373123169,-12.972028732299805,3.788304328918457,-2.9484996795654297,-2.57595157623291,-0.48684537410736084,-0.053936004638671875,2.3091259002685547,-0.25230807065963745,0.06999026238918304,-0.7260710000991821,-1.742982029914856,0.5189614295959473,-3.142265558242798,0.39179226756095886,-0.29422885179519653,1.0101207494735718,-0.054296255111694336,0.2158517986536026
607,12.177088737487793,14.233064651489258,-20.886383056640625,-51.40188217163086,16.396915435791016,-3.6430888175964355,-9.315498352050781,2.7089052200317383,-3.5722994804382324,-2.1779708862304688,-0.3634706735610962,0.002936422824859619,2.7241783142089844,-0.0906001403927803,0.17962180078029633,-1.262198567390442,-1.5794048309326172,0.4083671271800995,-2.7588846683502197,0.5058537721633911,-0.8566722273826599,-1.4234201908111572,-0.7353125810623169,-0.42684781551361084
608,-17.899076461791992,13.01483154296875,-18.306203842163086,-41.60972595214844,14.886078834533691,-2.2605390548706055,15.94205093383789,-0.7984395027160645,3.5131192207336426,4.7647809982299805,0.20574629306793213,-0.03040778636932373,2.949848175048828,-0.15476974844932556,-0.03298133611679077,-1.5971511602401733,-1.5475960969924927,0.004531651735305786,-1.2675073146820068,0.9209967851638794,-0.11459391564130783,-3.0336475372314453,-0.6331540942192078,-0.49282893538475037
609,-18.607486724853516,13.5178804397583,-9.991588592529297,-22.43706512451172,20.0,-4.037426471710205,7.914361000061035,-2.4364922046661377,-0.08321547508239746,8.004271507263184,0.16407418251037598,0.04258108139038086,2.0779693126678467,-0.1074032187461853,-0.08597871661186218,-1.0663024187088013,-1.4610666036605835,0.13293135166168213,-1.3134647607803345,0.5524064898490906,-0.7192026376724243,-2.812455654144287,-0.715118408203125,-1.0956048965454102
610,2.1117897033691406,9.816740036010742,-3.496835470199585,-8.574176788330078,20.0,-4.676936149597168,1.3896751403808594,-6.8919477462768555,3.917292594909668,3.154099464416504,-0.14578008651733398,-0.029467105865478516,1.7848316431045532,-0.18186119198799133,0.09789730608463287,-0.26971784234046936,-1.5232709646224976,-1.7630583047866821,-0.8089196085929871,-0.0583043210208416,-0.48927822709083557,-3.417231798171997,-2.294752836227417,-2.784019947052002
611,-28.02191162109375,7.958438873291016,-4.928862571716309,-17.713407516479492,20.0,-4.321928977966309,29.05401039123535,-10.03630542755127,8.488908767700195,4.890064239501953,0.317380428314209,0.11389446258544922,0.5971502065658569,0.2368261218070984,0.38870206475257874,1.8756914138793945,0.03653150796890259,-2.319514036178589,1.2926005125045776,-0.2270033210515976,-0.03493160009384155,-6.845550537109375,-2.593520402908325,-3.2914328575134277
612,-31.339929580688477,7.512577056884766,2.4477767944335938,-6.417690277099609,19.844852447509766,-3.839266777038574,40.23027801513672,-14.720426559448242,13.030628204345703,15.309871673583984,0.8632080554962158,0.09688997268676758,-2.366884231567383,0.37564703822135925,0.7245871424674988,7.178122043609619,5.18656063079834,-2.3083744049072266,2.997823715209961,-1.7065067291259766,-0.5087249279022217,-2.385727643966675,7.5201263427734375,0.29523563385009766
613,-40.82480239868164,4.407204627990723,-1.9428917169570923,-6.560016632080078,-0.9205827713012695,0.24101924896240234,51.40127944946289,-26.503469467163086,47.18378448486328,-48.853389739990234,-19.41054916381836,-13.358613014221191,-4.248225212097168,1.0245082378387451,-0.12085841596126556,9.413032531738281,5.996283054351807,-1.9411581754684448,0.6383435130119324,0.2713918685913086,0.06679952144622803,1.6229300498962402,-2.4306979179382324,0.0808568000793457
614,-25.34942626953125,1.1005208492279053,-0.52193284034729,-11.571517944335938,-1.4339485168457031,0.24327290058135986,39.761043548583984,-29.85768699645996,49.41689682006836,-59.70609664916992,12.657108306884766,-6.792409420013428,-4.780713081359863,0.4992438852787018,-0.5545918941497803,6.927140712738037,2.9124062061309814,-0.8221206068992615,1.2156769037246704,-0.18970316648483276,-0.07747356593608856,1.2728307247161865,-2.5789947509765625,0.038843825459480286
615,-0.5333824157714844,-1.6538647413253784,0.8490512371063232,-12.74086856842041,-0.8136670589447021,0.12390155345201492,13.948573112487793,-13.597036361694336,33.33222961425781,-65.77003479003906,12.81326675415039,-5.1989359855651855,-3.305576801300049,0.2141776829957962,-0.6394340991973877,1.4250762462615967,1.8159689903259277,0.005783764645457268,2.1266489028930664,-0.20897364616394043,0.061680957674980164,0.2994237244129181,-2.3323283195495605,0.11456531286239624
616,-4.204183578491211,-8.426054000854492,6.923478126525879,-2.131807565689087,-0.6025434732437134,-0.04163014888763428,5.707448959350586,-5.946655750274658,18.412729263305664,-58.44896697998047,20.0,-2.711390495300293,-3.101076602935791,0.26319172978401184,0.1365365833044052,-1.0232737064361572,-0.10859385132789612,0.7625299692153931,2.166867733001709,0.0021255165338516235,0.06453479826450348,-0.4168344736099243,-1.8763635158538818,0.055952221155166626
617,-3.07491397857666,-4.557819843292236,3.155963897705078,0.7003240585327148,-0.34409356117248535,-0.0775449275970459,10.305648803710938,-9.4319486618042,14.759276390075684,-42.32188034057617,20.0,1.5106710195541382,-2.432849884033203,-0.13518977165222168,0.0736236423254013,-3.0964088439941406,-1.4541651010513306,1.0143433809280396,2.537306785583496,-0.060048870742321014,-0.12377974390983582,-0.804704487323761,-1.6400425434112549,0.016566887497901917
618,14.333755493164062,-2.635890245437622,-0.8556947708129883,6.623374938964844,0.13422203063964844,-0.03966522216796875,-16.15597152709961,-7.986004829406738,13.982291221618652,-42.243553161621094,20.0,4.3078718185424805,-1.1151527166366577,-0.48244306445121765,-0.5277481079101562,-4.54789400100708,-2.35359525680542,1.1502107381820679,2.5369479656219482,0.11740409582853317,0.0015429556369781494,-1.2023314237594604,-1.4134052991867065,-0.16385525465011597
619,18.9694881439209,4.389094352722168,-2.806817054748535,4.948619842529297,0.17597389221191406,-0.04930996894836426,-20.399845123291016,-4.865793704986572,4.276866436004639,-18.722618103027344,20.0,5.583860874176025,0.44369012117385864,-0.35617128014564514,-0.7240098714828491,-7.331343173980713,-2.7584526538848877,1.5054693222045898,1.6645444631576538,0.0689833015203476,0.13854365050792694,-0.11488199979066849,-0.6199042201042175,0.5043144822120667
620,37.79220199584961,18.164047241210938,-12.662601470947266,8.087333679199219,0.28829145431518555,0.08665323257446289,-26.613506317138672,0.09015607833862305,-7.7902069091796875,7.863956451416016,16.605260848999023,3.631220817565918,2.913881778717041,1.1787528991699219,-0.34723567962646484,-5.4902849197387695,5.829164505004883,-1.6442365646362305,-1.7110944986343384,-0.04669719934463501,-0.03379671275615692,6.752377033233643,5.238234519958496,2.4039976596832275
621,32.66288757324219,19.09331703186035,-36.32253646850586,-55.596702575683594,-20.0,5.113273620605469,-26.61566925048828,-3.8323869705200195,1.5784392356872559,-4.193569183349609,-0.9359769821166992,-0.1639852523803711,1.753525733947754,-0.2827088534832001,0.12219995260238647,0.842181921005249,-2.9381327629089355,0.9088461399078369,-2.323305368423462,-1.051870584487915,0.22160328924655914,8.65100383758545,3.6563544273376465,3.25333833694458
622,8.046092987060547,14.582144737243652,-38.66243362426758,-81.25373840332031,-10.539115905761719,5.211580753326416,-9.496657371520996,6.699875831604004,-1.3344473838806152,-11.664101600646973,-1.0276535749435425,-0.3805856704711914,2.019348382949829,0.04181157797574997,-0.0031757503747940063,0.364367812871933,-2.328129529953003,0.4841915965080261,-1.7895839214324951,0.6063703894615173,1.2061865329742432,4.418591499328613,1.279633641242981,1.9607408046722412
623,17.841665267944336,15.4490327835083,-27.653444290161133,-72.86347198486328,-4.129790782928467,1.6778520345687866,-16.44918441772461,0.7956029176712036,-4.034181594848633,-5.875463485717773,-0.6228599548339844,-0.14201116561889648,2.4187159538269043,-0.14151544868946075,0.12029194831848145,-0.44148093461990356,-1.9208524227142334,0.6566755175590515,-1.7378469705581665,0.10897651314735413,0.5249242186546326,2.290038824081421,-0.13062234222888947,1.1781976222991943
624,-2.486332893371582,10.867144584655762,-20.822683334350586,-61.6380729675293,-3.478470802307129,2.6163723468780518,-2.329256534576416,4.109916687011719,-2.7011771202087402,-2.0700817108154297,-0.08484524488449097,-0.11538040637969971,2.565317392349243,0.03446371108293533,0.12369546294212341,-0.8584150075912476,-1.7497282028198242,0.22766831517219543,-1.3658398389816284,0.6878734230995178,0.5971060991287231,0.3227080702781677,0.34070494771003723,0.654330313205719
625,-2.1177167892456055,10.042067527770996,-14.250106811523438,-45.194583892822266,4.656126022338867,-0.06444591283798218,-4.95469331741333,3.9655375480651855,-5.570854187011719,0.27941274642944336,-0.24747908115386963,0.003170326352119446,2.352778434753418,0.09584785252809525,0.07194126397371292,-0.9522908926010132,-1.6300394535064697,0.12840166687965393,-1.3644338846206665,0.5562000274658203,-0.5429098010063171,-0.8369138836860657,-0.5359787344932556,0.05192522332072258
626,-2.7309188842773438,12.982268333435059,-14.548689842224121,-48.28834915161133,11.7411470413208,-1.9632563591003418,0.005380153656005859,-1.767610788345337,1.179114818572998,1.6485824584960938,-0.10388469696044922,-0.06427574157714844,2.5640103816986084,-0.15717168152332306,0.24066942930221558,-1.4597758054733276,-1.4018503427505493,0.23137567937374115,-0.7276583313941956,0.20361559092998505,-0.34100374579429626,-2.2833127975463867,-1.3201611042022705,-0.8695039749145508
627,-5.004982948303223,10.226387977600098,-12.642451286315918,-34.359779357910156,17.950420379638672,-3.6058096885681152,-1.7700707912445068,3.97440767288208,-2.6565189361572266,5.626190185546875,0.028417587280273438,0.1098712682723999,2.1731300354003906,-0.27493295073509216,0.013263437896966934,-1.3943583965301514,-1.2614785432815552,0.03796987235546112,-0.6780242323875427,0.22560662031173706,-0.7865331172943115,-2.350069999694824,-2.265591621398926,-0.9114910960197449
628,-16.657154083251953,6.604262351989746,-9.155174255371094,-35.04523849487305,20.0,-6.287668704986572,10.86231517791748,-1.8721928596496582,3.0050127506256104,3.5566577911376953,0.15948152542114258,0.010800600051879883,2.1598823070526123,-0.45444655418395996,0.1760788857936859,-1.771701455116272,-1.1205978393554688,0.2010204792022705,0.32286500930786133,0.1565384864807129,-0.09568796306848526,-4.328768253326416,-2.9404380321502686,-1.26322340965271
629,4.5110979080200195,12.31357479095459,-4.8842267990112305,-4.180345058441162,20.0,-4.169098854064941,-1.7695326805114746,-3.2085509300231934,1.2085665464401245,5.49217414855957,0.3402996063232422,-0.0007233619689941406,1.539440631866455,-0.2959216833114624,0.06818529963493347,-0.3489454686641693,-1.0765838623046875,-2.0209476947784424,0.6884589195251465,-0.011303668841719627,-0.26289501786231995,-4.779605865478516,-1.6710329055786133,-3.1070027351379395
630,-9.332806587219238,11.80688190460205,-4.587946891784668,-6.082914352416992,20.0,-3.530590534210205,11.001016616821289,-9.080780982971191,5.825523853302002,8.906681060791016,0.3478105068206787,0.2104191780090332,-0.016178905963897705,0.05665817856788635,0.5194324254989624,2.6112937927246094,0.5373406410217285,-2.1726036071777344,1.1070363521575928,-0.3317534327507019,0.012009293772280216,-4.711378574371338,-0.8588160276412964,-2.983367681503296
631,-25.686445236206055,2.645510196685791,2.576235294342041,-0.4777984619140625,18.174640655517578,-3.1411633491516113,35.48342514038086,-15.20048713684082,12.60474967956543,8.838216781616211,0.5561004877090454,0.08159828186035156,-3.110645294189453,0.26195621490478516,0.9135080575942993,7.6823554039001465,5.868875503540039,-2.178232431411743,2.8625712394714355,-1.5319766998291016,-0.28727179765701294,-2.2719650268554688,8.534318923950195,0.4337599277496338
632,-34.46397399902344,-0.5237574577331543,-0.6186777353286743,-4.204154968261719,-1.0067625045776367,0.25549793243408203,44.96706008911133,-29.43010711669922,38.06050109863281,-65.90796661376953,11.233489990234375,-14.034836769104004,-5.194392681121826,0.7630185484886169,-0.05822831764817238,11.110474586486816,5.138725280761719,-1.1414552927017212,0.5660236477851868,0.006270982325077057,0.03148578479886055,1.7354496717453003,-2.787217378616333,1.2320421934127808
633,-20.605127334594727,-11.866889953613281,6.342955589294434,-18.641944885253906,-1.453442096710205,0.16616344451904297,37.25014877319336,-11.68137264251709,28.731460571289062,-55.372886657714844,13.24489688873291,-8.627788543701172,-4.414417266845703,-0.22059856355190277,-0.1695440709590912,5.851855278015137,2.6245925426483154,0.6385075449943542,1.3117467164993286,0.03936342895030975,0.23797449469566345,1.0823783874511719,-2.469676971435547,0.6470998525619507
634,4.435419082641602,-8.352340698242188,5.071840763092041,-10.643117904663086,-0.7023599147796631,-0.09839588403701782,-1.82346773147583,0.9096925258636475,12.935508728027344,-54.827857971191406,16.63579750061035,-5.406749248504639,-3.4714648723602295,-0.6152087450027466,-0.14625194668769836,1.3308045864105225,1.4607828855514526,0.4318627119064331,1.772188663482666,0.0077200233936309814,-0.010116130113601685,0.2445915937423706,-2.2291481494903564,0.16762113571166992
635,11.690206527709961,-4.375306606292725,4.819311618804932,-3.211841583251953,-0.413815438747406,-0.14942097663879395,-10.71767520904541,-8.98957633972168,8.148112297058105,-60.05554962158203,20.0,-1.0012811422348022,-2.0031685829162598,-0.5266727805137634,0.5377683639526367,-2.449899435043335,0.14939895272254944,-0.2441641241312027,2.1719682216644287,0.051030777394771576,-0.10359993577003479,-0.5325609445571899,-1.849727988243103,0.422977477312088
636,-2.0550098419189453,1.9109158515930176,-1.5351238250732422,-0.7000350952148438,-0.6641826629638672,0.1374814510345459,2.011920928955078,-12.01932430267334,11.812281608581543,-37.92860412597656,20.0,3.34889817237854,-1.265372395515442,-0.5193035006523132,-0.15991206467151642,-5.27953577041626,-3.1269967555999756,1.4269826412200928,2.3152027130126953,0.21927466988563538,-0.3976652920246124,-1.016693353652954,-1.4219478368759155,-0.2677203416824341
637,13.554094314575195,5.339052677154541,-3.0264711380004883,6.743839263916016,0.27823305130004883,-0.07312273979187012,-11.810467720031738,-8.194966316223145,4.206940650939941,-18.547279357910156,20.0,5.657608509063721,0.2686668932437897,0.013463130220770836,-0.29690021276474,-7.056973934173584,-3.236215114593506,1.8672081232070923,2.2995665073394775,0.4149389863014221,-0.3202660381793976,-0.8436504006385803,-1.4704846143722534,0.4888535141944885
638,25.68726921081543,14.841669082641602,-10.617263793945312,9.83612060546875,0.2665071487426758,-0.028968334197998047,-20.571910858154297,-14.309988975524902,3.463658094406128,-2.980966567993164,20.0,3.2566843032836914,2.200392484664917,0.20494545996189117,-1.0772926807403564,-9.5226411819458,-4.370306015014648,2.1322519779205322,0.019502650946378708,-0.14182740449905396,-0.3989538550376892,3.4754183292388916,1.3784255981445312,2.1870498657226562
639,54.538211822509766,16.965023040771484,-30.780122756958008,-67.3407211303711,-1.3036689758300781,10.193984985351562,-48.58255386352539,2.7335257530212402,-5.3098859786987305,0.9290733337402344,1.394545555114746,0.24066448211669922,1.908522367477417,-0.4301632046699524,0.09076187014579773,0.5377357006072998,-3.2954726219177246,1.396456003189087,-3.1539266109466553,-1.0343700647354126,-0.7142775654792786,10.085270881652832,8.236289978027344,4.034158706665039
640,26.06795883178711,14.305097579956055,-35.956539154052734,-74.44954681396484,-4.4199299812316895,4.891078472137451,-21.12905502319336,1.4814614057540894,3.1128811836242676,-14.407482147216797,-1.9659624099731445,-0.5715274810791016,1.6845675706863403,-0.32431089878082275,0.319273442029953,0.5980966687202454,-2.339844226837158,0.6349362730979919,-3.0973691940307617,0.07377521693706512,1.4463019371032715,6.604935646057129,2.0437755584716797,1.4480111598968506
641,9.603921890258789,22.739736557006836,-37.89120864868164,-69.12732696533203,-2.232606887817383,3.925128221511841,-9.114696502685547,-3.2242343425750732,-0.7060360908508301,-9.551613807678223,-0.6325116157531738,-0.12673711776733398,2.0322086811065674,-0.14381325244903564,0.09511672705411911,0.013457968831062317,-2.1722750663757324,0.5152506828308105,-2.594061851501465,0.1268848031759262,1.0289719104766846,3.0038506984710693,1.567999005317688,1.1021006107330322
642,4.340339660644531,9.464605331420898,-20.276775360107422,-67.99610137939453,-0.5184543132781982,2.721120834350586,-7.930463790893555,11.297050476074219,-9.402398109436035,-2.8399858474731445,-0.4659165143966675,-0.02831101417541504,2.133319854736328,-0.04080943018198013,-0.04378040134906769,-0.43115749955177307,-1.927687644958496,0.3018125593662262,-2.4708001613616943,0.5654539465904236,-0.061551954597234726,1.0846790075302124,0.513953685760498,0.2979728579521179
643,-0.9560699462890625,21.31210708618164,-23.79448127746582,-66.43099212646484,8.287354469299316,-1.134995937347412,-3.83438777923584,-1.8859500885009766,-1.0268843173980713,0.16888129711151123,-0.3331282138824463,-0.001120755448937416,2.316828489303589,-0.10799261182546616,0.05938514694571495,-1.1070408821105957,-1.6377413272857666,0.2519804537296295,-2.2113282680511475,0.1041019931435585,-0.57307368516922,-0.5137239694595337,-0.9070544838905334,-0.01657797396183014
644,11.83267593383789,13.310611724853516,-18.41897964477539,-48.33869934082031,18.934532165527344,-5.329298496246338,-12.296463966369629,-0.5361683368682861,0.8806664347648621,-1.7524070739746094,-0.3671379089355469,-0.07918119430541992,2.445338249206543,-0.45712003111839294,0.20321378111839294,-1.6578893661499023,-1.2280528545379639,0.5834828615188599,-2.0506091117858887,-0.23822428286075592,-0.21506242454051971,-2.5975873470306396,-2.041445732116699,-1.1868244409561157
645,8.153766632080078,10.430048942565918,-17.61490821838379,-37.674625396728516,20.0,-6.042043209075928,-7.70546817779541,7.462063789367676,-4.8365325927734375,6.916004180908203,0.14499306678771973,0.1142423152923584,2.5351181030273438,-0.4211007356643677,0.12833669781684875,-1.7514888048171997,-1.10923171043396,0.3211783766746521,-1.9496079683303833,0.1681763380765915,-0.521735429763794,-2.281359910964966,-1.9647735357284546,-1.8836426734924316
646,-13.250638961791992,10.303175926208496,-10.497775077819824,-20.011821746826172,20.0,-5.285564422607422,11.83620834350586,-4.024444580078125,3.4597156047821045,0.7838478088378906,0.12228751182556152,0.09900712966918945,2.39518666267395,-0.21253520250320435,0.07416332513093948,-1.6174076795578003,-1.1569199562072754,-0.8685413599014282,-0.6519450545310974,0.38465970754623413,-0.15355969965457916,-5.500287055969238,-1.5574396848678589,-2.130220890045166
647,-8.886262893676758,9.145835876464844,-4.598514556884766,1.3310136795043945,20.0,-3.506171226501465,18.280811309814453,-8.890233039855957,5.3719072341918945,9.224319458007812,0.3567068576812744,0.08342552185058594,0.6518195867538452,0.24610525369644165,0.26145440340042114,2.342806100845337,0.7712967395782471,-3.1325948238372803,0.8373126983642578,-0.16692166030406952,-0.4397989809513092,-6.0920939445495605,-1.1530511379241943,-3.2007763385772705
648,-45.315879821777344,5.006697654724121,2.4639854431152344,-1.8561973571777344,12.809941291809082,-2.214600086212158,51.72296905517578,-27.64605712890625,21.930082321166992,12.551929473876953,0.7497755289077759,-0.01409912109375,-3.586637258529663,0.5068253874778748,1.216465950012207,8.65760326385498,7.919707775115967,-3.005509614944458,3.023430585861206,-1.43405020236969,1.1116769313812256,-8.410880088806152,0.7486695051193237,-4.052281379699707
649,-43.13682174682617,6.908899784088135,-5.822829723358154,-15.930961608886719,-1.7605538368225098,0.38738107681274414,66.53619384765625,-27.150379180908203,33.94075012207031,-29.51207160949707,11.397855758666992,-20.0,-4.5452375411987305,1.4065178632736206,-0.3079923391342163,8.265603065490723,4.458431243896484,-2.1208877563476562,1.1342281103134155,0.5201696157455444,-0.014848783612251282,1.851312518119812,-2.7166552543640137,-0.07701343297958374
