Timestep,left_hip_pitch_joint_Torque,left_hip_roll_joint_Torque,left_hip_yaw_joint_Torque,left_knee_joint_Torque,left_ankle_pitch_joint_Torque,left_ankle_roll_joint_Torque,right_hip_pitch_joint_Torque,right_hip_roll_joint_Torque,right_hip_yaw_joint_Torque,right_knee_joint_Torque,right_ankle_pitch_joint_Torque,right_ankle_roll_joint_Torque,left_hip_pitch_joint_Vel,left_hip_roll_joint_Vel,left_hip_yaw_joint_Vel,left_knee_joint_Vel,left_ankle_pitch_joint_Vel,left_ankle_roll_joint_Vel,right_hip_pitch_joint_Vel,right_hip_roll_joint_Vel,right_hip_yaw_joint_Vel,right_knee_joint_Vel,right_ankle_pitch_joint_Vel,right_ankle_roll_joint_Vel
50,-13.430157661437988,3.8062689304351807,-1.3244456052780151,-12.393829345703125,-0.6053199768066406,0.06784245371818542,7.674949645996094,-17.423521041870117,25.32737922668457,-70.84557342529297,4.785224914550781,-8.929939270019531,-0.2494095414876938,0.04948277771472931,0.3705027103424072,5.7889018058776855,1.4847559928894043,-0.22769378125667572,0.12663787603378296,-0.04989952594041824,-0.11789173632860184,0.12240014225244522,-0.6299391388893127,0.5176182389259338
51,-6.087392330169678,0.6568088531494141,-2.0763986110687256,-13.775031089782715,-0.7845324873924255,0.0888320803642273,9.305269241333008,-9.83321762084961,22.193178176879883,-70.1961898803711,-10.260581970214844,-3.05397367477417,2.3732316493988037,-0.36301612854003906,-0.3707510232925415,-0.3177448809146881,-0.5074172616004944,0.0668664425611496,1.6270687580108643,-0.11610443890094757,-0.29801303148269653,-0.7683277130126953,-0.3966591954231262,0.39719057083129883
52,-16.597900390625,-1.8545054197311401,3.419318675994873,-5.292446136474609,-0.41938507556915283,-0.015232324600219727,-1.428248405456543,-6.924175262451172,13.986080169677734,-64.1451644897461,-9.386507034301758,1.278377652168274,2.2453174591064453,0.07926663756370544,0.28150299191474915,-3.9228696823120117,-0.7606837749481201,0.81239253282547,1.4406119585037231,0.044860176742076874,-0.48633626103401184,-1.2104625701904297,-0.024741053581237793,-0.01428469642996788
53,-21.349666595458984,-3.6086232662200928,3.005817174911499,8.047051429748535,-0.0847327709197998,-0.10487139225006104,5.723760604858398,-14.478628158569336,16.504405975341797,-67.21320343017578,-6.799620151519775,5.116564750671387,0.8838235139846802,0.28823190927505493,0.23872524499893188,-2.4952118396759033,-0.8021653890609741,0.815185010433197,1.114124059677124,0.29426902532577515,-0.862522542476654,-1.4690481424331665,0.32497769594192505,-0.35540759563446045
54,-13.701375961303711,-2.5992393493652344,2.3104350566864014,5.366276741027832,-0.11238765716552734,-0.1139214038848877,9.043131828308105,-15.395759582519531,21.800411224365234,-48.9743766784668,-7.399224758148193,2.771827220916748,0.7121134400367737,-0.06318949908018112,0.414425790309906,-2.1084210872650146,-1.5089017152786255,0.5234289169311523,1.2184759378433228,0.09641245007514954,-0.8742514848709106,-1.3404936790466309,0.2201370745897293,-0.23508962988853455
55,-5.406219482421875,3.2754974365234375,-3.4434924125671387,4.828520774841309,0.14665162563323975,0.008123040199279785,-5.522745609283447,-17.905414581298828,22.92361831665039,-56.49859619140625,-10.219730377197266,1.0203028917312622,0.8635336756706238,-0.3274829089641571,-0.38538187742233276,-2.508193254470825,-0.8032633066177368,0.4887881577014923,1.2491343021392822,0.18613825738430023,-0.8215224146842957,-1.4659621715545654,0.14268392324447632,-0.05769581347703934
56,-4.926433563232422,5.547837734222412,-2.385904550552368,1.7117156982421875,-0.1359846591949463,-0.015213251113891602,-0.5548763275146484,-11.331657409667969,19.80225372314453,-25.593963623046875,-7.788116455078125,3.262829542160034,1.4848464727401733,-0.04804541543126106,-0.047738559544086456,-4.077619552612305,-1.6678135395050049,0.6978235244750977,1.0497910976409912,0.1666523814201355,-0.6155337691307068,-0.8665379881858826,-0.04602782428264618,-0.23312422633171082
57,-4.507637023925781,9.949601173400879,-6.374258995056152,-0.3335914611816406,-0.04812145233154297,0.0531916618347168,-6.224295616149902,-5.9507975578308105,11.202706336975098,-15.88737964630127,-5.621356010437012,2.850194215774536,2.0322251319885254,0.3156525194644928,-0.7213616967201233,-7.389956951141357,-1.311612844467163,1.3658658266067505,0.43363896012306213,0.26884567737579346,-0.6131377816200256,0.4157527983188629,-1.612595796585083,1.516695499420166
58,4.624378204345703,5.0720534324646,-5.886135578155518,-24.203115463256836,-12.763175010681152,7.247643947601318,-8.881881713867188,-4.528426170349121,2.8951408863067627,-0.20567893981933594,-0.02328014373779297,-0.11892223358154297,0.446127325296402,0.24783284962177277,-0.8741382360458374,-0.5715383887290955,4.485441207885742,-2.6498541831970215,-0.09732594341039658,0.3368304967880249,0.1402309238910675,2.0472776889801025,-3.6830711364746094,3.566985607147217
59,-0.835798978805542,20.69798469543457,-19.548255920410156,-85.33062744140625,-5.6266865730285645,3.1877479553222656,-8.72113037109375,0.5561665296554565,-1.904482364654541,8.554473876953125,0.5487477779388428,-0.4076817035675049,0.5842862129211426,-0.10417260229587555,0.41885247826576233,0.5670620203018188,-1.1071714162826538,0.7359815835952759,-1.2159967422485352,-0.29794561862945557,0.8200171589851379,7.63452672958374,-1.958178162574768,1.1792608499526978
60,-7.129341125488281,30.038719177246094,-26.691736221313477,-70.39813232421875,-6.951440811157227,5.569882392883301,-13.055906295776367,-2.539057493209839,0.6310360431671143,-5.582939147949219,0.18745684623718262,-0.11504769325256348,0.1000724732875824,-0.20716696977615356,0.11499729752540588,0.4984745979309082,-0.8803999423980713,0.3879181146621704,-1.6848219633102417,-0.4093211591243744,0.7283663749694824,7.373501300811768,1.1124107837677002,0.9399840831756592
61,8.827571868896484,24.231895446777344,-25.405902862548828,-78.54753875732422,-6.307200908660889,5.834630012512207,-27.27400779724121,4.889509677886963,-5.073551654815674,-14.932266235351562,-0.8127750158309937,-0.10583406686782837,0.3940677344799042,0.09447929263114929,0.08737530559301376,-0.3015446364879608,-0.48640385270118713,0.20737165212631226,-1.468320369720459,-0.030895058065652847,0.15462914109230042,2.6002602577209473,0.16814516484737396,-0.5023830533027649
62,-7.958369255065918,23.746353149414062,-26.25542640686035,-71.72283172607422,-7.078897476196289,7.055636405944824,-13.811921119689941,-2.154414176940918,-0.14859122037887573,-5.793325901031494,-0.20955228805541992,0.08190134912729263,0.045153312385082245,0.20452985167503357,0.11649826169013977,-0.652254045009613,-0.21149982511997223,0.11174214631319046,-1.8518269062042236,-0.1264495700597763,-0.13066726922988892,-0.26099464297294617,1.6026678085327148,0.022737696766853333
63,-8.913206100463867,20.107973098754883,-21.53078269958496,-66.72012329101562,-8.070377349853516,4.9670329093933105,-3.1213197708129883,-4.610905647277832,2.9403882026672363,1.4231672286987305,-0.3336069583892822,-0.06408262252807617,0.4737413823604584,0.005850533023476601,0.3286774754524231,-1.2080581188201904,-0.04592673480510712,0.24367210268974304,-1.2138187885284424,-0.5220546722412109,0.24859167635440826,-1.6579046249389648,0.6254792809486389,-0.5530900359153748
64,-12.730000495910645,15.673212051391602,-18.710567474365234,-56.269256591796875,-8.879759788513184,3.9510037899017334,2.0467827320098877,-2.1325154304504395,2.083446979522705,3.0451860427856445,-0.14913706481456757,-0.06171989440917969,0.6123232245445251,-0.19662006199359894,0.18881700932979584,-1.4466958045959473,0.06864579021930695,0.27097445726394653,-0.31882816553115845,-0.8047093152999878,0.3083544969558716,-3.2493698596954346,0.03812653198838234,-1.9920079708099365
65,-19.736011505126953,6.655488967895508,-7.103858947753906,-31.030452728271484,-8.536415100097656,-0.5250980257987976,14.964101791381836,-6.316960334777832,6.097292900085449,4.175592422485352,-0.1943831443786621,-0.00952005386352539,0.9874499440193176,-0.38022130727767944,0.5309821367263794,-1.5299302339553833,-0.22566767036914825,0.40313848853111267,1.1468071937561035,-0.7933787107467651,1.5965005159378052,-5.477277755737305,-2.4120280742645264,-3.4244868755340576
66,-17.85809326171875,-4.627588748931885,3.2509982585906982,3.6845321655273438,-0.2454814910888672,-0.14933836460113525,17.51481056213379,1.1127854585647583,-0.6469597816467285,5.73333740234375,0.3737034797668457,0.32390689849853516,-1.4584394693374634,-0.19086602330207825,0.5106409192085266,4.398225784301758,-2.511845111846924,-0.8286226391792297,1.828049898147583,-0.9847971200942993,0.07063591480255127,-3.8989264965057373,5.027367115020752,0.8678221702575684
67,-5.14874267578125,-9.61526107788086,5.388664722442627,6.398101806640625,0.5526754856109619,-0.015989303588867188,16.27678680419922,-8.071615219116211,14.990926742553711,-57.9249153137207,-5.812314510345459,-15.267478942871094,-2.3763208389282227,-0.08046567440032959,0.4786526560783386,10.886638641357422,0.6259193420410156,-1.110457181930542,0.13221147656440735,-0.18083614110946655,-0.2100895345211029,0.8910847306251526,-1.3062885999679565,2.6959309577941895
68,-13.676369667053223,-0.8858721256256104,-1.3128138780593872,-14.39767837524414,-0.31174230575561523,0.16300785541534424,7.793296813964844,-10.29101276397705,26.688125610351562,-69.65556335449219,-2.3437397480010986,-11.287644386291504,-1.627479910850525,-0.5352351665496826,-0.18444353342056274,7.089192867279053,2.7712154388427734,-0.4877447783946991,0.3106679320335388,-0.02120305597782135,-0.3408437967300415,0.6144888401031494,-1.3113521337509155,0.7974027395248413
69,-28.856407165527344,5.828503608703613,-1.2890825271606445,-12.458917617797852,-0.962282657623291,0.06401444971561432,23.86499786376953,-27.357500076293945,34.635108947753906,-56.33930206298828,3.4707775115966797,-7.471730709075928,-2.1916041374206543,-0.2971150279045105,0.5359565615653992,4.477130889892578,1.4969652891159058,0.11584751307964325,0.21245215833187103,-0.08594205975532532,-0.12796583771705627,0.45171213150024414,-1.1635520458221436,0.3619849383831024
70,-22.74602508544922,1.9887117147445679,-0.23122644424438477,-6.647115707397461,-0.6054761409759521,-0.035048067569732666,22.720090866088867,-19.293102264404297,31.72418975830078,-64.09451293945312,8.345890998840332,-4.175960063934326,-2.5261876583099365,-0.28589755296707153,0.5887125730514526,2.6332852840423584,1.0101885795593262,-0.22367243468761444,0.6477219462394714,-0.2065984010696411,-0.3466562330722809,-0.049985531717538834,-1.005139946937561,-0.009455934166908264
71,-21.32489776611328,2.0008153915405273,-1.3459572792053223,-0.8390665054321289,-0.3297398090362549,0.021041572093963623,25.007211685180664,-16.876108169555664,30.88043975830078,-62.175254821777344,13.819450378417969,-0.2968786358833313,-2.9115052223205566,-0.017316747456789017,0.16647721827030182,2.4567997455596924,1.2909369468688965,-0.46599432826042175,1.212949275970459,0.10065840184688568,-0.5942222476005554,-0.6201512813568115,-0.7554395198822021,-0.24987784028053284
72,-14.668161392211914,3.265831470489502,-1.7970340251922607,-7.239846229553223,-0.593838095664978,0.076897531747818,11.916973114013672,-14.491571426391602,23.431638717651367,-52.17473602294922,16.25140380859375,-0.1222265362739563,-2.8851678371429443,0.211883544921875,-0.10153324902057648,-0.7346774339675903,0.8654261827468872,-0.2498933970928192,1.421836256980896,0.364785373210907,-0.5859061479568481,-1.1396006345748901,-0.49775442481040955,-0.3053877353668213
73,-1.7160816192626953,1.1783422231674194,1.1547300815582275,-0.08174991607666016,-0.4156345725059509,0.043324947357177734,0.7010259628295898,-15.635560989379883,19.04345703125,-54.785118103027344,16.4921875,5.091045379638672,-1.8565810918807983,0.35410791635513306,0.26504427194595337,-3.3129374980926514,-0.55274897813797,0.7615775465965271,2.023503303527832,0.3252328634262085,-0.7171260714530945,-1.704721212387085,-0.30356696248054504,-0.4591270685195923
74,-10.474123001098633,2.437082529067993,-2.3836100101470947,3.8048782348632812,-0.20187556743621826,-0.01114964485168457,1.2836542129516602,-19.448341369628906,18.00389289855957,-40.205650329589844,20.0,6.033535480499268,-2.175029754638672,0.5661613941192627,-0.1095815896987915,-4.269051551818848,-0.5839723348617554,1.1110869646072388,1.541604995727539,0.6995072960853577,-0.5070042014122009,-1.7949113845825195,-0.023406267166137695,-0.6791489720344543
75,12.985221862792969,0.3363049030303955,-0.6501542329788208,7.446744918823242,0.059462904930114746,-0.057225942611694336,-15.897480010986328,-12.075154304504395,7.315525054931641,-30.372037887573242,16.792776107788086,6.37187385559082,-0.6986607909202576,0.38992083072662354,-0.16694483160972595,-5.741528511047363,-1.034839391708374,1.6430373191833496,1.7659618854522705,0.6007201671600342,-0.37737730145454407,-1.6769355535507202,-0.4348144233226776,0.834126353263855
76,28.958972930908203,9.165870666503906,-8.661200523376465,4.2215118408203125,0.1391695737838745,-0.0022726058959960938,-29.221290588378906,1.7084848880767822,-5.59019136428833,3.5710067749023438,5.479963302612305,1.5118083953857422,1.1976349353790283,0.5194291472434998,-1.1096211671829224,-9.750686645507812,-0.8014492988586426,2.0572867393493652,-1.1083250045776367,0.23609431087970734,-0.9139041900634766,3.8639533519744873,2.341656446456909,3.4914464950561523
77,39.599876403808594,6.341678619384766,-10.939980506896973,-5.117801666259766,-11.38477897644043,5.536360740661621,-38.00452423095703,2.377819299697876,-3.6812195777893066,-1.4000053405761719,-0.647747278213501,-0.27549171447753906,0.8602997660636902,0.9508033394813538,-0.15389899909496307,-1.4235323667526245,8.092928886413574,-3.29134202003479,-3.733466625213623,0.06236456334590912,-0.8249034285545349,10.85509204864502,1.0577688217163086,2.70402455329895
78,42.160865783691406,20.09040069580078,-33.30852127075195,-60.57941436767578,-0.5929989814758301,9.500847816467285,-35.380672454833984,-1.0309793949127197,2.0881733894348145,-20.88406753540039,-0.7766664028167725,-0.3155522346496582,0.4840424358844757,0.42598986625671387,0.02870834618806839,1.2415962219238281,-1.9125416278839111,-0.017764724791049957,-3.9169657230377197,0.46465715765953064,0.3178641200065613,5.831339359283447,2.2510197162628174,2.142213821411133
79,22.06393814086914,17.85563087463379,-29.442087173461914,-62.815330505371094,-4.317249298095703,8.271980285644531,-20.89488983154297,0.2827272415161133,-0.4123256206512451,-8.805157661437988,-0.6325678825378418,-0.26145315170288086,0.6707118153572083,0.1725476235151291,0.1592634618282318,0.6389422416687012,-1.6199147701263428,0.10974042117595673,-4.463371276855469,0.44978946447372437,0.7253983020782471,3.479424238204956,2.4236629009246826,0.9299132227897644
80,0.5921549797058105,21.80558204650879,-30.379657745361328,-74.93830108642578,-5.192468643188477,8.574942588806152,-0.7990684509277344,-5.567104339599609,2.67421293258667,-5.831486701965332,-0.520052433013916,-0.2083958387374878,1.2110443115234375,-0.09963087737560272,0.15514671802520752,-0.28524309396743774,-1.2878708839416504,-0.01265331357717514,-3.4779069423675537,-0.04660281166434288,0.8567363023757935,-0.42614415287971497,2.044647693634033,-0.7674312591552734
81,-8.932453155517578,23.266576766967773,-24.46928596496582,-62.72041702270508,-7.005322456359863,8.364953994750977,6.5306077003479,-6.776371479034424,2.9761147499084473,2.8487091064453125,-0.28991150856018066,-0.008107662200927734,1.4433960914611816,-0.16677965223789215,0.25293225049972534,-0.6555602550506592,-1.135119915008545,-0.05942016839981079,-2.5773985385894775,-0.5351000428199768,0.9475027918815613,-2.1464009284973145,1.2469902038574219,-1.6518207788467407
82,-19.387670516967773,16.74146270751953,-19.803485870361328,-70.69646453857422,-4.631837844848633,5.456051826477051,11.113815307617188,2.8573296070098877,-3.8368778228759766,6.553601264953613,-0.1146993637084961,0.15760231018066406,1.5372778177261353,-0.04790954291820526,0.07022576779127121,-1.1474746465682983,-0.9717299938201904,-0.13628177344799042,-1.4011955261230469,-0.6380839943885803,-0.1569622904062271,-3.879615545272827,0.5879901051521301,-2.417879343032837
83,-1.6559462547302246,4.913114547729492,-10.635038375854492,-48.442604064941406,-3.0984230041503906,2.897768020629883,1.8410272598266602,4.575453758239746,-3.187499761581421,7.975338935852051,-0.10202115774154663,0.20241022109985352,1.9815270900726318,-0.1753629744052887,0.296223521232605,-1.3623733520507812,-0.8996037840843201,0.00136587955057621,-0.4766203761100769,-0.9121192693710327,-0.5823628306388855,-4.047248363494873,-0.4412287771701813,-3.124255895614624
84,-33.343780517578125,0.2255769968032837,-6.4543304443359375,-29.453413009643555,-4.378256797790527,1.9420126676559448,26.354629516601562,-1.177790880203247,4.43001651763916,8.845098495483398,0.3697751760482788,0.17629289627075195,1.7579269409179688,-0.3139607012271881,0.06676016002893448,-1.0889769792556763,-1.027348518371582,-0.3045251965522766,1.0842602252960205,-0.5944024920463562,0.12311996519565582,-5.5212578773498535,0.25370481610298157,-3.2720022201538086
85,-17.591585159301758,-10.14421272277832,7.706065654754639,7.731075286865234,0.0743246078491211,-0.11452126502990723,20.024490356445312,-6.261866569519043,6.139047622680664,5.116092681884766,0.056546807289123535,0.1975269317626953,-0.37184563279151917,-0.6544414758682251,0.8264411091804504,5.866967678070068,-1.5854198932647705,-1.0086822509765625,1.7665588855743408,-1.2163962125778198,-0.4307556748390198,-1.6648344993591309,-3.6395750045776367,3.080413341522217
86,-16.03509521484375,-6.305848121643066,2.062652349472046,2.941326141357422,0.3290894031524658,0.060738563537597656,25.95833969116211,-8.600253105163574,17.345876693725586,-53.716583251953125,5.202887535095215,-13.467960357666016,-1.7997585535049438,-0.47535958886146545,-0.24720261991024017,11.393636703491211,1.7546732425689697,-1.3563411235809326,0.8242534399032593,0.04033413529396057,-0.2841251492500305,1.0980335474014282,-2.0680863857269287,2.220386028289795
87,-14.897684097290039,3.1812562942504883,-1.462714672088623,-16.552013397216797,-0.6662135124206543,0.18206453323364258,17.902891159057617,-16.29530143737793,32.187889099121094,-57.46516036987305,6.428823471069336,-10.087116241455078,-0.9778148531913757,-0.8058975338935852,-0.24701635539531708,6.982048034667969,2.456775665283203,-0.46903982758522034,1.0708080530166626,-0.1804533302783966,-0.4070108234882355,0.8915706872940063,-2.2809011936187744,0.4607645571231842
88,-25.82607078552246,6.083045482635498,-2.2166764736175537,-13.73837661743164,-0.9419927597045898,0.07249835133552551,27.743812561035156,-24.804744720458984,35.19671630859375,-57.95607376098633,13.147335052490234,-6.120054244995117,-1.1591160297393799,-0.3504449129104614,0.11565756797790527,3.2549309730529785,1.5842105150222778,-0.1097291111946106,1.212058663368225,0.030480682849884033,-0.31510263681411743,0.26099878549575806,-1.7369167804718018,-0.019838280975818634
89,-36.48607635498047,4.493513107299805,-0.6924220323562622,-6.80574893951416,-0.8671183586120605,-0.007619649171829224,44.56019973754883,-26.460351943969727,40.66623306274414,-50.28178787231445,18.601844787597656,-5.587907791137695,-2.370962142944336,-0.07373513281345367,0.44966843724250793,1.6745678186416626,0.4938926100730896,-0.1949755996465683,1.336192011833191,0.001377388834953308,-0.32646411657333374,-0.13565677404403687,-1.3851349353790283,-0.08511596918106079
90,-17.03693389892578,4.116909027099609,-1.797669768333435,0.11133432388305664,-0.24544823169708252,0.03536443039774895,24.946298599243164,-24.944169998168945,29.790739059448242,-50.656890869140625,20.0,-0.24028143286705017,-2.7662224769592285,0.18488547205924988,0.19242937862873077,1.2309964895248413,0.7936131954193115,-0.018689550459384918,1.744645595550537,0.1182439923286438,-0.4987587332725525,-0.5520195364952087,-1.2391014099121094,-0.14291638135910034
91,-14.356694221496582,2.4491307735443115,-1.6505823135375977,-3.0589046478271484,-0.46692049503326416,0.02802012860774994,18.34634780883789,-21.81076431274414,32.20640182495117,-51.252227783203125,20.0,-0.5241259336471558,-2.725987195968628,0.07139793783426285,0.0838528648018837,-1.114821434020996,0.39577335119247437,0.03881135955452919,1.9312796592712402,0.11635802686214447,-0.3255401849746704,-0.9821407198905945,-0.9958072900772095,-0.10821253061294556
92,-3.922863006591797,7.923424243927002,-4.318900108337402,-0.7503910064697266,-0.3682935833930969,0.079781174659729,10.210942268371582,-22.401439666748047,23.94544219970703,-46.13360595703125,20.0,-0.9138224124908447,-1.728783130645752,0.5773300528526306,-0.3454049229621887,-3.7359564304351807,-0.3943428695201874,0.8361127376556396,2.568819284439087,0.300228476524353,-0.4684095084667206,-1.5766606330871582,-0.840103805065155,-0.11912419646978378
93,-4.102421760559082,-1.8080450296401978,1.9981166124343872,5.589752197265625,-0.14146018028259277,-0.0748453140258789,1.4879388809204102,-10.998364448547363,11.2584810256958,-28.334022521972656,20.0,6.163630962371826,-1.6344783306121826,0.5266171097755432,-0.21492664515972137,-4.325262546539307,-0.8849915266036987,1.2224522829055786,2.470876932144165,0.3430976867675781,-0.6216669082641602,-1.6425408124923706,-0.7642088532447815,-0.6016913056373596
94,18.536361694335938,5.867599964141846,-5.957268714904785,-0.6025161743164062,-0.11203896999359131,0.014172792434692383,-16.77889633178711,0.7292807102203369,-0.38599538803100586,-8.373115539550781,19.62057113647461,5.2023820877075195,0.46196773648262024,0.7887194752693176,-0.8515480160713196,-9.106378555297852,-1.0079106092453003,1.816011667251587,1.3337883949279785,0.42246705293655396,-0.49220705032348633,0.337853342294693,0.43477341532707214,0.9476308822631836
95,41.13252258300781,5.250382423400879,-5.077364921569824,16.377002716064453,0.3931279182434082,-0.06285905838012695,-40.832130432128906,1.6888593435287476,-3.779289722442627,0.9059600830078125,0.19392967224121094,0.12182092666625977,2.7726943492889404,0.4225139021873474,-0.8944872617721558,-10.662508010864258,-1.3234236240386963,2.2950634956359863,-1.534688115119934,-0.252017617225647,-0.4770544469356537,6.951610565185547,3.8091275691986084,3.3665273189544678
96,36.33098220825195,7.750720024108887,-16.011871337890625,-46.190162658691406,4.349645137786865,10.82491683959961,-36.607608795166016,3.4665756225585938,-1.9405152797698975,-8.721717834472656,-1.0606942176818848,-0.2679286003112793,1.0656721591949463,-0.3642371892929077,0.2492252141237259,0.9521013498306274,-3.2314231395721436,0.18065491318702698,-3.452613353729248,-0.33675307035446167,0.5111938118934631,9.236520767211914,1.545763611793518,3.401824474334717
97,44.77839279174805,22.633161544799805,-35.20038604736328,-58.718292236328125,1.1762056350708008,8.512815475463867,-37.8257942199707,3.41027569770813,-3.9645938873291016,-19.550735473632812,-1.0459128618240356,-0.38194966316223145,1.126936435699463,0.12136257439851761,0.21231228113174438,1.0172874927520752,-2.1686055660247803,-0.009214501827955246,-3.8646888732910156,0.49750998616218567,0.4770093560218811,3.991265058517456,1.1100698709487915,1.2682554721832275
98,23.545351028442383,23.167720794677734,-36.5684700012207,-52.75056076049805,-1.006728172302246,9.853355407714844,-19.680883407592773,-7.432979583740234,3.2564191818237305,-6.749267578125,-0.46018147468566895,-0.22780245542526245,1.3032585382461548,0.05820535123348236,0.36457836627960205,0.6626397371292114,-2.029770851135254,0.028407614678144455,-4.405405044555664,0.21303199231624603,0.900282621383667,1.8281744718551636,1.8524583578109741,-0.23110252618789673
99,12.891590118408203,13.333237648010254,-29.055952072143555,-84.75706481933594,0.06561708450317383,5.03656005859375,-11.953577041625977,8.99748706817627,-8.204046249389648,-3.2228431701660156,-0.6627076864242554,0.022432565689086914,1.761588215827942,-0.1127827987074852,0.10061705112457275,-0.3407559394836426,-1.6295039653778076,0.28498056530952454,-3.8113675117492676,0.26629260182380676,-0.3613385856151581,-1.637966275215149,0.6336022615432739,-1.9594982862472534
100,-17.11188507080078,20.031566619873047,-25.38515281677246,-74.51949310302734,-0.3257901668548584,5.936000823974609,14.070684432983398,-4.888128757476807,3.0114307403564453,4.886482238769531,0.04304218292236328,0.1352543830871582,2.1969058513641357,-0.12215343862771988,0.15320195257663727,-1.1916403770446777,-1.3719972372055054,-0.10244794934988022,-2.252454996109009,0.05187027156352997,-0.22718264162540436,-4.36415958404541,1.639540195465088,-2.038309335708618
101,-25.030532836914062,9.911422729492188,-11.653383255004883,-60.24001693725586,-1.9818229675292969,3.6908891201019287,19.34134292602539,1.7877533435821533,-0.08568605780601501,14.635199546813965,0.09173595905303955,0.12700653076171875,2.38606333732605,-0.3822711110115051,0.2723884582519531,-1.4966894388198853,-1.2612980604171753,-0.118686743080616,-1.097952961921692,-0.13317348062992096,-0.010043404996395111,-3.231189012527466,0.1997288167476654,-2.8017849922180176
102,-19.244068145751953,-0.601137638092041,-4.202766418457031,-28.05237579345703,-0.5239899158477783,2.126566171646118,13.63100814819336,1.314309000968933,-0.33172333240509033,5.999351501464844,0.0755717009305954,0.261533260345459,2.165724277496338,-0.5785606503486633,0.2536148428916931,-1.257320761680603,-1.2773518562316895,-0.10612522065639496,-0.11200281232595444,-0.4842851758003235,-0.19501197338104248,-4.155261516571045,-0.11970274895429611,-2.3707423210144043
103,-25.496662139892578,-3.2594008445739746,3.170292377471924,4.667327880859375,0.020459413528442383,-0.03437685966491699,28.717084884643555,-9.123604774475098,9.017230987548828,2.1735458374023438,0.11525154113769531,0.04198884963989258,0.16093149781227112,-0.4231710433959961,0.47184306383132935,3.691237688064575,-0.784353494644165,-0.17216013371944427,1.9093022346496582,-0.28946858644485474,0.6094850301742554,-8.67497444152832,0.8142150640487671,-3.279543876647949
104,-15.434760093688965,-7.544538974761963,4.2252655029296875,6.709815979003906,0.21613168716430664,-0.07940435409545898,31.708179473876953,-9.91222858428955,15.320096969604492,-53.198822021484375,2.8118667602539062,-8.399787902832031,-0.9847579002380371,0.09788862615823746,0.47393742203712463,10.339101791381836,1.2506051063537598,-1.0284241437911987,1.077772855758667,0.1895548403263092,-0.095887690782547,1.8033051490783691,-2.948317766189575,0.6093246340751648
105,-31.076862335205078,1.1198513507843018,-1.4312171936035156,-13.279415130615234,-0.5906648635864258,0.12095499038696289,39.263668060302734,-22.201932907104492,37.90556716918945,-60.799957275390625,11.532276153564453,-9.788130760192871,-1.6250873804092407,-0.31160417199134827,-0.3988621234893799,8.434905052185059,3.123300075531006,-1.0253506898880005,1.3905071020126343,0.051170170307159424,-0.431907594203949,1.0492088794708252,-2.5910444259643555,0.30689531564712524
106,-24.368717193603516,5.918488502502441,-1.997603178024292,-12.852344512939453,-0.9486265182495117,0.12094616889953613,33.644866943359375,-26.136972427368164,40.41771697998047,-59.16351318359375,16.606706619262695,-6.10302734375,-1.8570581674575806,-0.040929101407527924,-0.33943891525268555,5.405888080596924,2.2825708389282227,-0.6270577311515808,1.756519079208374,0.07806941866874695,-0.4990626275539398,0.3223261535167694,-2.148402214050293,-0.16259096562862396
107,-25.94854164123535,3.5967001914978027,-1.0252937078475952,-12.021578788757324,-0.9320683479309082,0.06108975410461426,34.02338790893555,-27.12852668762207,44.075653076171875,-53.56867218017578,18.081830978393555,-4.358365058898926,-2.1566431522369385,-0.22880712151527405,0.027593811973929405,1.5013911724090576,1.3870620727539062,-0.6336091756820679,1.9679278135299683,-0.04058176279067993,-0.1212817057967186,-0.1452556848526001,-1.8276894092559814,-0.13633614778518677
108,-13.10852336883545,2.781822919845581,-1.6101245880126953,-4.58966064453125,-0.5630472898483276,0.09796825051307678,20.22539520263672,-17.34607696533203,30.990814208984375,-57.588748931884766,20.0,-1.0851936340332031,-1.9482728242874146,0.10232143849134445,-0.24473029375076294,-1.3608055114746094,0.7082889080047607,-0.23231416940689087,2.373284101486206,0.18918830156326294,-0.2015751302242279,-0.8578769564628601,-1.4125542640686035,-0.12582708895206451
109,-17.610084533691406,0.3746469020843506,1.895997166633606,2.66702938079834,-0.3781951665878296,-0.012527026236057281,19.988948822021484,-22.32558822631836,27.13804054260254,-53.736690521240234,20.0,0.8811511397361755,-2.535346269607544,0.4217398762702942,0.12106107920408249,-2.182499647140503,0.4194812774658203,-0.02017594873905182,2.4083707332611084,0.3051268458366394,-0.3007547855377197,-1.3251127004623413,-1.078864574432373,-0.1020224541425705
110,-7.883861541748047,-1.5051671266555786,0.7399834394454956,6.610793113708496,-0.15099485218524933,0.001633286476135254,14.163331031799316,-21.24628448486328,23.308635711669922,-51.88494110107422,20.0,3.048410415649414,-2.1304829120635986,0.41440102458000183,-0.14287136495113373,-2.183439016342163,-0.13828714191913605,0.10889724642038345,2.9408509731292725,0.5315122604370117,-0.38836607336997986,-1.8526109457015991,-0.8702979683876038,-0.2820497751235962
111,5.9283928871154785,-1.203479290008545,0.16559827327728271,4.581829071044922,-0.031464457511901855,0.03702342510223389,-10.095672607421875,-17.098812103271484,15.349384307861328,-41.12094497680664,20.0,6.046820163726807,-1.320352554321289,0.1883067935705185,-0.19468268752098083,-3.5705227851867676,-0.5467696189880371,0.8634495735168457,2.9289238452911377,0.5517283082008362,-0.236369326710701,-2.1845993995666504,-0.718816876411438,-0.43918168544769287
112,4.452177047729492,0.09996330738067627,0.5582762956619263,3.926250457763672,-0.03550887107849121,-0.047989845275878906,-9.618967056274414,-13.015088081359863,5.89926290512085,-21.746719360351562,20.0,6.034476280212402,-0.7365751266479492,0.14010652899742126,0.026240866631269455,-5.255716323852539,-0.5200369358062744,1.5089411735534668,2.433290481567383,0.3622802495956421,-0.12861646711826324,-1.7608834505081177,-1.0537242889404297,1.3081005811691284
113,29.003915786743164,7.69088077545166,-5.5556511878967285,5.819175720214844,0.05499768257141113,-0.047792911529541016,-22.79693603515625,-4.137966156005859,-6.081403732299805,0.3622627258300781,16.5423526763916,3.745863914489746,1.5398602485656738,0.14382034540176392,-0.267036110162735,-8.315081596374512,-1.6978814601898193,1.8919048309326172,0.295035719871521,-0.2902378439903259,-0.47415614128112793,2.6655030250549316,1.7721607685089111,2.751938581466675
114,34.866065979003906,13.312215805053711,-9.947948455810547,13.845054626464844,0.4760904312133789,0.02972412109375,-37.17198944091797,-1.9767813682556152,-2.050135612487793,-1.0599441528320312,-0.3827500343322754,-0.13170480728149414,2.878206968307495,1.0622621774673462,0.16167622804641724,-3.749497652053833,8.815584182739258,-1.3644304275512695,-2.360508680343628,-0.42480039596557617,-0.3719547390937805,8.620838165283203,2.6020894050598145,3.9109199047088623
115,38.329856872558594,24.743547439575195,-28.594470977783203,-56.47770690917969,0.2854127883911133,5.189117908477783,-34.67777633666992,-1.1001253128051758,0.9134867191314697,-17.000255584716797,-1.1332916021347046,-0.4319171905517578,1.1362929344177246,0.05317545682191849,0.11534275114536285,1.2688934803009033,-2.325510025024414,-0.08000451326370239,-3.0280439853668213,-0.34253525733947754,0.5321310758590698,5.574060916900635,0.5762895345687866,2.6407604217529297
116,32.262996673583984,22.931621551513672,-32.28065872192383,-51.91619873046875,-0.09592008590698242,8.152669906616211,-29.71982192993164,2.915987014770508,-3.2191126346588135,-7.602085113525391,-0.29080915451049805,-0.29519033432006836,1.061947226524353,0.20580676198005676,0.12882930040359497,0.9742147326469421,-2.2143044471740723,-0.03243127092719078,-4.438477516174316,0.39989760518074036,1.0437358617782593,4.384812831878662,3.193402051925659,1.111872673034668
117,16.035396575927734,18.47386360168457,-30.380870819091797,-58.15229797363281,-0.3766646385192871,8.430253982543945,-12.55018424987793,-2.005965232849121,-0.45780515670776367,-7.056842803955078,-0.761512279510498,-0.15606528520584106,1.3293377161026,0.012625455856323242,0.10279519855976105,0.4503014385700226,-1.986416220664978,0.04361574351787567,-4.306774139404297,0.08813877403736115,0.9167895913124084,1.5567290782928467,2.1566193103790283,-0.028657298535108566
118,1.14516019821167,12.47394847869873,-21.007226943969727,-59.64518356323242,0.18796706199645996,7.64802360534668,0.6453590393066406,3.124636173248291,-3.837146759033203,-5.110592842102051,-0.5654127597808838,-0.0038069486618041992,1.69345223903656,0.1340329796075821,-0.06457516551017761,-0.14660583436489105,-1.8012179136276245,-0.25415754318237305,-3.155972957611084,0.23070544004440308,0.2162184715270996,-2.796379804611206,1.62315034866333,-0.9005491137504578
119,-6.357703685760498,11.759748458862305,-16.071508407592773,-67.84986114501953,-0.03695225715637207,6.212181091308594,5.28856086730957,3.0014150142669678,-3.1444246768951416,9.969651222229004,-0.10131585597991943,0.0998983383178711,2.1112120151519775,-0.20792034268379211,0.09515897929668427,-0.7652133703231812,-1.6002721786499023,-0.1273362636566162,-2.3325674533843994,-0.30714577436447144,-0.17386716604232788,-2.430903196334839,0.5736966133117676,-1.4500432014465332
120,-7.624217987060547,6.4530839920043945,-9.258963584899902,-56.7258415222168,-0.143416166305542,1.3515995740890503,5.821917533874512,1.5959396362304688,-1.646033525466919,2.942779541015625,-0.31177008152008057,0.006031036376953125,2.592780351638794,-0.23540164530277252,0.5004576444625854,-1.4448599815368652,-1.3940231800079346,0.1755657196044922,-1.0345242023468018,-0.4782218635082245,-0.3347550332546234,-5.003932952880859,-0.8716306090354919,-3.968966484069824
121,-29.406585693359375,-4.7882184982299805,3.9335989952087402,-5.86081075668335,-1.0449604988098145,-0.6292768120765686,25.218482971191406,1.5161106586456299,2.3384697437286377,7.38372802734375,0.28346115350723267,0.2597341537475586,1.176660180091858,-0.5272607207298279,0.324489027261734,-0.4768599569797516,-0.9897567629814148,0.13553808629512787,0.21721597015857697,-0.26142236590385437,0.031516849994659424,-6.954844951629639,-0.1353728026151657,-4.364140510559082
122,-28.444686889648438,-2.9391841888427734,3.8281173706054688,5.312351226806641,0.014460206031799316,-0.09786331653594971,41.31409454345703,-10.139838218688965,9.4201021194458,13.78548812866211,0.4928702712059021,0.29401636123657227,-0.7660195827484131,-0.30524033308029175,0.6810388565063477,6.496572017669678,-0.7093749642372131,-0.42603397369384766,2.617906332015991,-0.605807900428772,0.0412788987159729,-4.994217872619629,2.9423770904541016,-2.723055362701416
123,-6.581918716430664,-8.748015403747559,2.35836124420166,4.765777587890625,0.3855562210083008,-0.02748274803161621,19.089082717895508,-10.274382591247559,20.298908233642578,-56.137630462646484,7.683438777923584,-7.6006927490234375,-1.5310685634613037,-0.3385748267173767,-0.07829684019088745,11.619942665100098,2.9122862815856934,-1.5756185054779053,0.9893755912780762,0.34569233655929565,-0.15668447315692902,2.196079730987549,-3.1896932125091553,0.3617510199546814
124,-25.289592742919922,1.6112775802612305,-0.39004749059677124,-17.772075653076172,-1.0197734832763672,0.1818256378173828,32.65132141113281,-20.560026168823242,37.05973815917969,-65.59078216552734,10.866418838500977,-9.518020629882812,-1.469056487083435,-0.5213465690612793,-0.12394745647907257,7.36273193359375,2.622958183288574,-0.8215701580047607,1.409292221069336,0.1630498319864273,-0.30579280853271484,1.2989709377288818,-2.785999059677124,0.32561159133911133
125,-33.51806640625,5.318404674530029,-2.234812021255493,-15.322005271911621,-1.1162500381469727,0.12293177843093872,40.3459587097168,-30.691516876220703,43.67464828491211,-58.2937126159668,17.127578735351562,-6.233632564544678,-2.3134472370147705,-0.3185998499393463,-0.037420857697725296,3.385756492614746,1.6307967901229858,-0.29924121499061584,1.511671781539917,0.2660616636276245,-0.20250466465950012,0.548939049243927,-2.1921586990356445,0.0014718621969223022
126,-18.485198974609375,7.018802642822266,-3.6796658039093018,-6.160946369171143,-0.6781727075576782,0.05644118785858154,30.85242462158203,-34.41753005981445,41.5312385559082,-61.67991638183594,17.495834350585938,-4.550347328186035,-2.216155767440796,-0.1819070726633072,-0.44244661927223206,0.6113649606704712,0.5932563543319702,-0.5009483098983765,2.182647705078125,0.26255398988723755,-0.17523357272148132,-0.17748062312602997,-1.9483575820922852,-0.050145894289016724
127,-17.783061981201172,2.697359800338745,1.5482763051986694,-0.8807878494262695,-0.33553028106689453,0.01887357607483864,28.49226951599121,-26.226909637451172,32.27824401855469,-62.04277801513672,20.0,-0.061436548829078674,-2.1644599437713623,0.4985291063785553,0.27807173132896423,-1.2428919076919556,1.0875751972198486,0.04279119521379471,2.7280023097991943,0.347332626581192,-0.2560216784477234,-0.8543151021003723,-1.5454539060592651,0.05536651983857155
128,-7.394278526306152,5.074062347412109,-2.8910164833068848,0.3231010437011719,-0.4880109131336212,0.03746390342712402,9.4932861328125,-29.21042823791504,25.90186882019043,-52.973899841308594,20.0,-0.5141742825508118,-1.853859543800354,0.6728571653366089,-0.1075698733329773,-3.5056378841400146,-0.06875506043434143,0.3111060857772827,3.0002975463867188,0.3506113290786743,-0.38097530603408813,-1.4703408479690552,-1.30677330493927,0.059829313308000565
129,-3.7797374725341797,-7.25205135345459,4.475343227386475,7.832339286804199,-0.026463091373443604,-0.0426788330078125,-0.5553684234619141,-14.515467643737793,14.559246063232422,-57.52394485473633,20.0,7.467029571533203,-1.6573474407196045,0.3345237672328949,-0.014506351202726364,-3.951082468032837,0.1777358502149582,0.783412516117096,3.0416910648345947,0.4627823233604431,-0.5118089914321899,-2.0868680477142334,-0.8710423707962036,-0.3983917236328125
130,7.369632244110107,1.5294755697250366,-0.6489079594612122,6.508344650268555,-0.17191243171691895,-0.04959464073181152,-11.224798202514648,-18.77981185913086,9.514166831970215,-23.66767120361328,20.0,6.420583724975586,-0.8716658353805542,0.2528921067714691,0.20064792037010193,-4.973764896392822,-1.4106563329696655,1.1288081407546997,2.8376152515411377,0.3801482915878296,-0.3798012435436249,-1.9603338241577148,-0.9461692571640015,-0.3077922463417053
131,23.448740005493164,1.0237876176834106,-3.7646684646606445,10.240022659301758,0.3693513870239258,-0.01816701889038086,-30.793785095214844,-10.794368743896484,1.7614827156066895,-27.220951080322266,20.0,5.520595550537109,0.501446008682251,0.13932348787784576,-0.6734554171562195,-5.980372905731201,-1.331749677658081,1.2783433198928833,2.2775111198425293,0.5546169877052307,-0.19539092481136322,-1.4702231884002686,-0.8494197130203247,1.2391226291656494
132,38.59162139892578,6.4900336265563965,-4.6492695808410645,12.50192642211914,0.48801636695861816,-0.0314946174621582,-36.927764892578125,-3.4006142616271973,-3.3827199935913086,0.9794330596923828,8.986576080322266,2.013669013977051,2.519388437271118,-0.020720962435007095,-0.6384236812591553,-7.400712013244629,-1.6151883602142334,1.8066660165786743,-0.6759377717971802,-0.386958509683609,-0.27175867557525635,3.94852876663208,2.3010640144348145,2.6475746631622314
133,43.674171447753906,16.765363693237305,-20.804927825927734,-33.044837951660156,-18.796207427978516,9.524768829345703,-41.64801788330078,1.7585105895996094,-3.8866701126098633,0.6785545349121094,-0.5609350204467773,-0.13350248336791992,1.6138075590133667,0.0249006487429142,0.3117509186267853,-0.9577224254608154,7.267958641052246,0.14520087838172913,-3.74090576171875,-0.517831027507782,0.24779510498046875,11.391226768493652,2.1041619777679443,3.6665282249450684
134,32.73016357421875,27.323129653930664,-37.142765045166016,-69.14163970947266,1.1174187660217285,7.302271366119385,-26.821521759033203,-4.486105442047119,2.612614631652832,-23.5762939453125,-1.10874605178833,-0.46669697761535645,1.5156010389328003,-0.016822360455989838,0.25311756134033203,0.5298575758934021,-2.1585376262664795,0.3412972092628479,-3.0231740474700928,-0.02010861225426197,1.182684302330017,3.8646857738494873,1.3098245859146118,1.8952653408050537
135,39.33143997192383,27.739328384399414,-35.435550689697266,-54.360389709472656,0.9916102886199951,6.872679233551025,-31.452678680419922,-1.195636510848999,-3.9009485244750977,-8.094706535339355,-0.6492834091186523,-0.1655808687210083,1.8662723302841187,0.058120884001255035,0.10595278441905975,0.06474848836660385,-1.9086321592330933,0.013436265289783478,-3.5782041549682617,-0.2393525242805481,0.3491080105304718,1.3981480598449707,1.7048821449279785,0.6745114326477051
136,13.446304321289062,17.253488540649414,-26.17201042175293,-56.576622009277344,0.13553142547607422,6.439051628112793,-16.49890899658203,3.422776937484741,-3.6330277919769287,-1.2464804649353027,-0.4844391345977783,-0.06763169169425964,1.6838703155517578,0.10833662748336792,0.13367894291877747,-0.19132231175899506,-1.7516274452209473,0.11679447442293167,-4.314077377319336,-0.03726827725768089,0.11680401116609573,0.11261208355426788,1.653695821762085,-0.26621344685554504
137,-6.884769916534424,14.30366325378418,-24.108339309692383,-64.2183837890625,-0.5816891193389893,6.419949531555176,4.116668701171875,1.6599459648132324,-0.5673249363899231,2.146376609802246,-0.2658829689025879,-0.029520034790039062,1.8998562097549438,0.027782678604125977,0.06678565591573715,-0.7347150444984436,-1.598415732383728,-0.0312638059258461,-3.4934322834014893,0.053418777883052826,0.1481168568134308,-1.8721370697021484,1.2725986242294312,-1.1991446018218994
138,-21.012863159179688,10.073626518249512,-19.04823112487793,-63.779640197753906,-0.27384185791015625,4.875430107116699,19.073196411132812,-2.1828136444091797,1.74830961227417,6.146480560302734,-0.035297513008117676,0.06655168533325195,2.3812594413757324,-0.13252973556518555,0.1372053474187851,-1.383338451385498,-1.4228378534317017,-0.017156973481178284,-1.6083903312683105,-0.3588143289089203,0.11166433244943619,-3.764958143234253,0.5808154940605164,-1.6063450574874878
139,-21.018478393554688,0.6950649619102478,-8.503190040588379,-46.721405029296875,0.9474940299987793,0.08233213424682617,15.718870162963867,1.4701313972473145,-1.884284496307373,8.472391128540039,0.09905540943145752,0.10956811904907227,2.538290023803711,-0.17799782752990723,0.3332103192806244,-1.6450549364089966,-1.345223069190979,0.17145293951034546,-0.2578473389148712,-0.8478361964225769,-0.7075150609016418,-4.82436466217041,0.47750577330589294,-2.871067762374878
140,-20.698440551757812,-3.3748154640197754,-1.2349082231521606,-22.983806610107422,3.1226913928985596,-2.109785556793213,12.919663429260254,8.590843200683594,-2.948453426361084,11.220232963562012,0.2130117416381836,0.23795366287231445,2.094444751739502,-0.24731676280498505,0.23675784468650818,-1.1775500774383545,-1.501606822013855,0.08991392701864243,0.1660020500421524,-0.44896507263183594,-0.8128693699836731,-4.122363567352295,0.6038401126861572,-3.163536548614502
141,-26.171905517578125,-5.7766218185424805,5.703131675720215,-1.21980881690979,1.6421560049057007,-0.7445590496063232,25.816253662109375,-2.1104001998901367,6.27974796295166,6.549617767333984,0.03139936923980713,0.15422821044921875,0.4846450984477997,-0.812751829624176,0.1308395117521286,1.040212631225586,-0.6775060296058655,-0.9055266976356506,1.387977957725525,-0.41380175948143005,0.23195713758468628,-5.810155868530273,-0.47617030143737793,-3.4247658252716064
142,-20.31377601623535,-7.543984889984131,5.91832160949707,11.175716400146484,0.21137988567352295,-0.0642862319946289,36.53079605102539,-8.620445251464844,21.061376571655273,-32.37882995605469,-17.308019638061523,-10.294909477233887,-1.8598438501358032,-0.18229009211063385,0.700506865978241,10.969633102416992,1.058745265007019,-2.1846957206726074,0.496969610452652,0.017326608300209045,0.35549652576446533,2.0772042274475098,-2.6901724338531494,4.161471843719482
143,-33.11032485961914,3.342555522918701,-3.91843318939209,-13.23836898803711,-0.5447492599487305,0.2973463535308838,51.08708572387695,-27.611549377441406,48.45295333862305,-68.40544128417969,9.034841537475586,-11.002960205078125,-2.4466514587402344,-0.38704121112823486,-0.40713950991630554,9.282414436340332,3.427124500274658,-1.2868472337722778,0.8522933721542358,0.06636415421962738,-0.2374963015317917,1.5238782167434692,-2.773700475692749,0.7863306403160095
144,-28.48335838317871,10.278844833374023,-4.031668186187744,-13.485965728759766,-1.0116539001464844,0.1702592372894287,48.950897216796875,-35.15336608886719,53.05292510986328,-54.70305633544922,14.24635124206543,-11.620264053344727,-2.517972946166992,-0.0002970341593027115,-0.33401423692703247,6.336302757263184,2.67903733253479,-0.6108666062355042,1.5952917337417603,-0.10368663817644119,-0.3070308268070221,0.860662043094635,-2.4860520362854004,0.3852750062942505
145,-22.716629028320312,9.070517539978027,-4.330958366394043,-14.388066291809082,-0.9948532581329346,0.09529799222946167,35.69122314453125,-26.527000427246094,47.74662780761719,-54.78419494628906,14.867584228515625,-8.68799877166748,-2.376206874847412,0.5249771475791931,-0.30146855115890503,1.6528842449188232,1.5764472484588623,-0.5192666053771973,2.14918851852417,-0.030350476503372192,-0.18513686954975128,0.09253717958927155,-2.1397953033447266,0.2152193933725357
146,-22.951248168945312,2.0569355487823486,-1.7783002853393555,-2.480480432510376,-0.6558753252029419,0.07116889953613281,31.614343643188477,-23.82705307006836,41.18881607055664,-51.94628143310547,20.0,-6.0938944816589355,-3.1118149757385254,0.6490579843521118,-0.6471213102340698,0.12375062704086304,0.5492783784866333,-0.5844388604164124,2.2016303539276123,0.23808057606220245,-0.05393382906913757,-0.42457669973373413,-1.6927160024642944,0.03482252359390259
147,8.604228973388672,-4.226478576660156,3.0823514461517334,0.9733066558837891,-0.05047929286956787,0.045298755168914795,-2.6474008560180664,-9.138995170593262,19.37047004699707,-60.73069381713867,20.0,0.019233644008636475,-1.7531522512435913,0.6130759119987488,-0.36611324548721313,-2.4214439392089844,0.7282883524894714,-0.07264218479394913,2.725583076477051,0.30775362253189087,-0.009650565683841705,-1.1316626071929932,-1.4869027137756348,0.40746304392814636
148,-12.304849624633789,1.204782485961914,0.9245553612709045,2.4085426330566406,-0.44456392526626587,0.002535223960876465,17.51168441772461,-23.603273391723633,21.765588760375977,-37.458412170410156,20.0,-0.2759222984313965,-1.648101806640625,0.9238157272338867,0.025080185383558273,-3.706350088119507,-0.3909233510494232,0.463753342628479,2.8989522457122803,0.3549455404281616,-0.07310061156749725,-1.3452045917510986,-1.2007675170898438,0.12750554084777832
149,-1.031461238861084,-1.4628543853759766,-0.7643437385559082,0.9688453674316406,-0.32196247577667236,0.026905298233032227,-1.6854000091552734,-9.899484634399414,10.256852149963379,-27.262237548828125,20.0,0.19590285420417786,-1.0289031267166138,0.7285646200180054,-0.3998837471008301,-6.532585144042969,-1.0497677326202393,1.1175668239593506,2.7554259300231934,0.4042065739631653,-0.14807572960853577,-1.5881850719451904,-1.0786434412002563,0.05706125497817993
150,10.641061782836914,-5.729862213134766,2.0376508235931396,13.919942855834961,0.24011635780334473,-0.08404326438903809,-11.277718544006348,-8.628023147583008,2.5845091342926025,-20.818199157714844,20.0,5.431916236877441,-0.15283574163913727,0.23345966637134552,-0.8271212577819824,-5.570002555847168,-1.3426145315170288,1.2627477645874023,2.7798898220062256,0.5198999643325806,-0.12593868374824524,-1.4072760343551636,-1.1897002458572388,-0.16809552907943726
151,35.69248962402344,1.5294660329818726,-0.6717798709869385,9.633098602294922,0.4313974380493164,-0.049230098724365234,-36.73506546020508,6.443604469299316,-9.759952545166016,1.0384693145751953,10.399320602416992,3.033447265625,1.6698049306869507,-0.28483182191848755,-0.73787522315979,-7.854142189025879,-0.8728369474411011,2.028290033340454,-0.5169690251350403,-0.17371928691864014,0.1691475659608841,4.138101100921631,2.0349786281585693,1.9326192140579224
152,38.305572509765625,14.433945655822754,-18.256988525390625,-35.6424674987793,-17.842939376831055,6.34427547454834,-40.144203186035156,2.6658663749694824,-5.828636646270752,-2.6446151733398438,-0.596329927444458,-0.015682220458984375,1.3646894693374634,0.5270171165466309,0.6027249097824097,2.8714487552642822,-3.8866305351257324,2.180307388305664,-2.7995927333831787,-0.2125186026096344,0.12468568235635757,9.199925422668457,1.4743311405181885,3.3903703689575195
153,33.79084777832031,14.167860984802246,-27.962724685668945,-76.48719787597656,0.9301431179046631,6.734269618988037,-40.223167419433594,10.725205421447754,-7.066901206970215,-14.979053497314453,-0.8853161334991455,-0.36261487007141113,0.8382646441459656,-0.1842322051525116,0.4971984028816223,0.9148067235946655,-2.1508915424346924,0.5417189002037048,-4.528602600097656,0.43268224596977234,0.5318212509155273,6.561832904815674,1.7033084630966187,1.242125391960144
154,21.252609252929688,16.480531692504883,-26.608684539794922,-58.37909698486328,0.12089204788208008,7.026401519775391,-11.596017837524414,-0.5850849151611328,-1.3320238590240479,-14.629789352416992,-0.5991110801696777,-0.0707390308380127,1.6654202938079834,-0.011865951120853424,0.37094300985336304,0.26857638359069824,-2.011967658996582,0.26249539852142334,-3.360399007797241,0.790547788143158,0.3123932182788849,0.7778536081314087,2.5068650245666504,1.8007851839065552
155,5.849946975708008,17.038679122924805,-24.093488693237305,-75.30472564697266,0.5880682468414307,5.4415507316589355,-5.231822967529297,3.437488079071045,-3.4569640159606934,2.0112950801849365,-0.4466257095336914,-0.22189563512802124,2.04585599899292,-0.2307031899690628,0.3164502680301666,-0.48562124371528625,-1.7485467195510864,0.25910523533821106,-2.956848382949829,0.7548508644104004,-0.023030079901218414,-0.5059199333190918,1.454578161239624,-0.3113346993923187
156,-5.345749378204346,21.05643081665039,-25.719097137451172,-68.54078674316406,-1.5274910926818848,5.533686637878418,2.297980308532715,-6.219578266143799,2.861509323120117,3.6204471588134766,-0.19060802459716797,-0.05085563659667969,2.3106772899627686,-0.4140961766242981,0.4203779101371765,-1.0935920476913452,-1.468592643737793,0.30866479873657227,-2.2234394550323486,0.15401959419250488,0.06060713902115822,-1.770438313484192,1.1407674551010132,-1.4410511255264282
157,-5.6775641441345215,17.38026237487793,-19.59813690185547,-51.25943374633789,-0.015093088150024414,2.898188829421997,3.868319511413574,-5.790327072143555,0.9339199066162109,2.621877670288086,-0.3057948648929596,0.11253547668457031,2.605712413787842,-0.23731015622615814,0.517058253288269,-1.3815996646881104,-1.382692813873291,0.44819191098213196,-1.0825107097625732,-0.3357176184654236,-0.6366474032402039,-3.93632435798645,0.07010752707719803,-2.0943312644958496
158,-34.434593200683594,10.042668342590332,-12.182405471801758,-50.56123352050781,-1.8884446620941162,1.2694306373596191,25.516679763793945,-3.5970678329467773,5.821622848510742,10.92240047454834,0.27544116973876953,0.04266023635864258,2.631934404373169,-0.5091378092765808,0.4596296548843384,-1.7381922006607056,-1.336997389793396,0.28966954350471497,0.4526974558830261,-0.47089114785194397,0.12406528741121292,-4.649567604064941,-0.3559997081756592,-3.083491086959839
159,-29.15898323059082,-2.523810863494873,2.181292772293091,-13.063623428344727,2.5164356231689453,-1.7562732696533203,18.288257598876953,3.593688488006592,-2.5697364807128906,8.577533721923828,0.323502779006958,0.3007516860961914,1.503052830696106,-0.2579937279224396,0.3711465895175934,-0.7098801732063293,-1.3262228965759277,-0.38504841923713684,1.0554815530776978,-0.5547376871109009,-0.9809252023696899,-5.819980144500732,1.0040358304977417,-3.181795358657837
160,-9.562597274780273,-5.747457504272461,4.584422588348389,9.162046432495117,0.3508475422859192,-0.09670758247375488,14.394753456115723,-5.026843070983887,7.652703285217285,6.7577056884765625,-0.07966054975986481,0.1439971923828125,-0.03100575879216194,-0.9226727485656738,0.5245893001556396,5.758613586425781,0.5248745083808899,-1.8040821552276611,1.613579511642456,-0.9526327848434448,-0.13663475215435028,-1.4660403728485107,6.230541229248047,-0.7873812913894653
161,-23.924745559692383,-0.814346194267273,-0.11449146270751953,0.22579574584960938,-0.15279674530029297,0.190415620803833,37.40174865722656,-19.937013626098633,31.40572738647461,-66.98900604248047,4.823932647705078,-12.145940780639648,-1.2251477241516113,-0.011214463971555233,0.0750211700797081,9.198541641235352,2.585270643234253,-1.1638171672821045,0.7976320385932922,0.11915481090545654,-0.11453768610954285,1.5201932191848755,-2.8747010231018066,1.0728204250335693
162,-37.69575500488281,2.7340216636657715,-0.8754721879959106,-8.612937927246094,-0.8872261047363281,0.11215603351593018,53.212284088134766,-34.92230224609375,52.73841857910156,-61.76807403564453,12.587898254394531,-10.160209655761719,-2.2645370960235596,-0.13846540451049805,-0.04917699098587036,9.200016975402832,2.5321238040924072,-0.9418888092041016,1.1591801643371582,0.004604652523994446,-0.1849927306175232,0.921741247177124,-2.4498324394226074,0.6670422554016113
163,-30.198001861572266,9.128653526306152,-5.712859153747559,-19.339563369750977,-1.0951621532440186,0.17078089714050293,40.85894012451172,-28.71949577331543,47.33118438720703,-55.61418533325195,14.767817497253418,-10.21908950805664,-2.3382906913757324,0.18902117013931274,-0.552690863609314,3.9509119987487793,2.0390284061431885,-0.6085192561149597,1.694529414176941,0.14294204115867615,-0.1228172779083252,0.013002950698137283,-2.0290145874023438,0.6305999755859375
164,-28.897655487060547,1.9304898977279663,0.5820860862731934,-8.939326286315918,-0.9102184772491455,0.02066206932067871,39.743431091308594,-24.081300735473633,38.85801315307617,-47.035064697265625,20.0,-5.344024658203125,-3.2095248699188232,0.2973446846008301,-0.3846619427204132,1.152978539466858,0.9136945009231567,-0.9255625009536743,1.879770278930664,0.1135701984167099,-0.13007397949695587,-0.4718617796897888,-1.5984619855880737,0.14247772097587585
165,-25.351720809936523,3.783449411392212,-0.9781394004821777,-1.3429476022720337,-0.5495860576629639,0.10018914937973022,40.97953796386719,-31.359277725219727,38.85170364379883,-44.987483978271484,20.0,-3.2843501567840576,-3.664501905441284,0.6855905652046204,-0.35590484738349915,-0.06084055081009865,0.43197378516197205,-0.43544802069664,2.3896875381469727,0.3167799413204193,-0.0777495726943016,-0.8829691410064697,-1.365497350692749,0.16408826410770416
166,-6.744890213012695,0.990048885345459,0.648155152797699,-2.8128185272216797,-0.3883802890777588,0.047568634152412415,16.242393493652344,-21.35956573486328,28.957529067993164,-42.60309982299805,20.0,0.28600573539733887,-2.765695333480835,0.5726941823959351,0.10640350729227066,-3.4163172245025635,0.501170814037323,0.125431090593338,3.0203757286071777,0.037109121680259705,-0.020962581038475037,-1.3475627899169922,-1.3243989944458008,0.0035857558250427246
167,2.6907668113708496,2.8471648693084717,-3.1813039779663086,4.458391189575195,-0.26012611389160156,0.050381481647491455,-1.558807373046875,-16.86720085144043,15.908425331115723,-38.23126220703125,20.0,1.5410586595535278,-1.8366481065750122,0.7513424158096313,-0.5904708504676819,-5.099681377410889,-0.3538680076599121,0.390383243560791,3.297435760498047,0.303102046251297,-0.1922035664319992,-1.8625309467315674,-1.1335047483444214,-0.07544848322868347
168,11.494476318359375,-2.3503189086914062,0.9566463232040405,9.006427764892578,0.006193399429321289,-0.00696110725402832,-15.787321090698242,-10.307539939880371,7.39845609664917,-20.91413116455078,20.0,6.149283409118652,-0.819245457649231,0.5760481357574463,-0.3521151840686798,-5.8209614753723145,-1.2163206338882446,0.9956495761871338,3.018199920654297,0.28944435715675354,-0.07240202277898788,-1.6469504833221436,-1.0219435691833496,-0.5535132884979248
169,29.232006072998047,-1.6045100688934326,-0.7331709861755371,11.297004699707031,0.3606259822845459,-0.0013699531555175781,-32.04562759399414,-0.15220892429351807,-4.497457981109619,-10.963106155395508,17.868179321289062,5.131331443786621,0.7087046504020691,0.052697598934173584,-0.5756111741065979,-6.934854507446289,-1.3209058046340942,1.9520304203033447,0.7397686839103699,-0.2569414973258972,-0.02645105868577957,1.991568684577942,0.8992935419082642,1.4783579111099243
170,47.7435302734375,12.976036071777344,-8.957911491394043,11.983741760253906,0.5984328985214233,-0.0036611557006835938,-48.504798889160156,3.9994056224823,-7.468778610229492,-0.0867919921875,-0.16375160217285156,0.07716131210327148,2.9686660766601562,0.6225500702857971,-0.505596935749054,-6.6024370193481445,5.159440040588379,0.16602706909179688,-2.643240451812744,-0.49661827087402344,-0.43228885531425476,9.294364929199219,4.210996627807617,3.9103622436523438
171,48.20024108886719,15.062036514282227,-20.798500061035156,-43.22854232788086,-2.5703816413879395,7.328692436218262,-41.69956970214844,0.9370863437652588,-0.17125773429870605,-17.939403533935547,-1.4795770645141602,-0.43204593658447266,1.2157338857650757,-0.3265215754508972,0.5279737114906311,1.2514936923980713,-2.98002290725708,-0.006369233131408691,-3.609842538833618,-0.34003183245658875,0.8837596774101257,7.2185163497924805,0.9430673122406006,2.6596596240997314
172,30.306705474853516,28.527589797973633,-40.0844612121582,-69.83123779296875,-0.6489839553833008,7.183388710021973,-26.343358993530273,-3.7196006774902344,0.14365005493164062,-14.103290557861328,-0.7012012004852295,-0.3313021659851074,1.5849944353103638,-0.15644189715385437,0.5851313471794128,0.6813586950302124,-2.285537004470825,0.5125283598899841,-3.9262750148773193,0.010226680897176266,1.069061279296875,2.606342315673828,1.570135474205017,0.9889625310897827
173,3.073164939880371,19.119752883911133,-25.7478084564209,-69.60110473632812,-0.6618127822875977,7.115102767944336,-5.32005500793457,5.381126403808594,-4.6258625984191895,-3.6624107360839844,-0.36385583877563477,-0.08803999423980713,1.5793558359146118,-0.0919889509677887,0.2691970765590668,0.08479520678520203,-1.9715603590011597,0.05347757786512375,-3.7229137420654297,0.5959411263465881,0.7026402950286865,-0.5906814932823181,2.221450090408325,0.2227703034877777
174,1.5548601150512695,18.020843505859375,-22.39746856689453,-69.13589477539062,-1.5848522186279297,6.021656036376953,-1.1854019165039062,-3.525480270385742,-0.793928861618042,4.359964847564697,-0.3401806354522705,-0.05218625068664551,1.905311942100525,-0.3999508321285248,0.5387636423110962,-0.5544330477714539,-1.6823395490646362,0.2279020994901657,-3.2606301307678223,-0.40691399574279785,0.22194446623325348,-1.314174771308899,1.3480935096740723,-1.1383092403411865
175,-13.035016059875488,15.906243324279785,-19.295101165771484,-57.91250991821289,-0.5992550849914551,5.290139675140381,12.860984802246094,-1.256883978843689,0.08712735772132874,5.493507385253906,-0.05634713172912598,0.09523868560791016,2.3455703258514404,-0.12755858898162842,0.5636066794395447,-0.9077954888343811,-1.7123106718063354,0.06173708289861679,-1.8617510795593262,-0.20829170942306519,-0.0030033693183213472,-2.9304263591766357,1.1300380229949951,-1.352189302444458
176,-23.9096622467041,12.219856262207031,-15.194910049438477,-49.3548698425293,-1.524562120437622,3.5806074142456055,20.50263214111328,-3.004706859588623,3.3071625232696533,7.360019683837891,-0.0639236569404602,0.05838489532470703,2.5042381286621094,-0.3377293050289154,0.35977938771247864,-1.1801148653030396,-1.6173877716064453,0.056104958057403564,-0.0702684223651886,-0.5441645383834839,-0.028491362929344177,-4.456249237060547,-0.49070337414741516,-1.7456904649734497
177,-16.509014129638672,-1.7374091148376465,-2.2141969203948975,-25.351837158203125,0.77738356590271,0.27793335914611816,7.987863063812256,2.7080678939819336,-1.0588616132736206,8.17367935180664,0.18993285298347473,0.09371805191040039,2.0561580657958984,-0.5134194493293762,0.4976443350315094,-0.8420166373252869,-1.6720142364501953,0.11597788333892822,0.1876053512096405,-0.7952060103416443,-0.1554906964302063,-4.433645248413086,-0.14895816147327423,-2.8319625854492188
178,-18.19740867614746,-3.9336154460906982,3.0571608543395996,0.7216062545776367,1.4611194133758545,-0.47706711292266846,15.387557983398438,5.558748245239258,-1.031481146812439,6.6497650146484375,0.08913958072662354,0.14736652374267578,0.4839283227920532,-0.3362147808074951,0.16928276419639587,1.5848954916000366,-1.0278335809707642,-0.7846543788909912,0.8404674530029297,-0.08122614026069641,-0.16339263319969177,-5.6156792640686035,-0.39226630330085754,-4.275654315948486
179,-16.82282829284668,-9.95977783203125,5.172152996063232,8.631488800048828,0.21287435293197632,0.006351470947265625,35.47040557861328,-10.611581802368164,12.000736236572266,-63.80476379394531,8.125008583068848,-8.409558296203613,-0.6657389998435974,0.455766886472702,-0.06561978906393051,8.151391983032227,0.4941125810146332,-1.0239797830581665,1.0068113803863525,0.7414565086364746,-0.24506284296512604,1.5753284692764282,-2.8959076404571533,0.7229791879653931
180,-29.63077163696289,-0.07243508100509644,1.3044508695602417,-4.728492736816406,-0.32687902450561523,0.08675813674926758,43.43094253540039,-36.74800491333008,46.50435256958008,-65.41401672363281,17.585803985595703,-7.7905049324035645,-1.8141978979110718,-0.27473756670951843,-0.4303143322467804,9.274077415466309,2.660961151123047,-0.6976084113121033,1.3238506317138672,0.13592243194580078,-0.5016676187515259,1.0975987911224365,-2.6433167457580566,0.07594139873981476
181,-27.803401947021484,3.1338140964508057,-0.6403768658638,-12.7967529296875,-0.8558049201965332,0.048933982849121094,38.678504943847656,-26.494489669799805,48.96367263793945,-61.61989974975586,18.595056533813477,-7.544735431671143,-1.9737375974655151,-0.36978545784950256,0.009526906535029411,6.410325527191162,2.6004037857055664,-0.8254334330558777,1.6747392416000366,0.00772443413734436,-0.2960624098777771,0.46582239866256714,-2.274984359741211,0.014934927225112915
182,-25.914663314819336,6.920175075531006,-3.6864778995513916,-11.230659484863281,-0.9246349334716797,0.11365628242492676,36.194129943847656,-30.701087951660156,45.84287643432617,-60.027488708496094,20.0,-4.885880947113037,-2.235241413116455,0.005029978230595589,-0.15820272266864777,3.275402307510376,1.481731653213501,-0.6862336993217468,2.1428606510162354,0.19874954223632812,-0.2521062195301056,-0.3084195852279663,-1.8570611476898193,-0.06569242477416992
183,-17.69744110107422,7.188654899597168,-2.8602676391601562,-9.81737995147705,-0.7369060516357422,0.12314614653587341,26.04936408996582,-30.269142150878906,35.63181686401367,-50.78314208984375,20.0,-2.586728572845459,-2.1003377437591553,0.3322800397872925,-0.08476368337869644,-0.7860462069511414,0.8430309891700745,0.14156989753246307,2.56598162651062,0.1475745439529419,-0.18823663890361786,-0.881939172744751,-1.5319780111312866,0.07099343836307526
184,-16.389522552490234,-3.5083866119384766,3.1511945724487305,1.1447086334228516,-0.40874314308166504,-0.05027806758880615,15.948631286621094,-18.369468688964844,25.314571380615234,-55.45005798339844,20.0,3.587794780731201,-2.6388113498687744,0.3479800522327423,0.208748459815979,-2.088639259338379,0.5840746164321899,0.2021523416042328,2.553159475326538,0.2426997423171997,-0.28738078474998474,-1.4485629796981812,-1.130391001701355,-0.15667855739593506
185,-13.621891021728516,-2.0843021869659424,0.9541558027267456,6.128727912902832,-0.26875585317611694,-0.041855573654174805,16.58513641357422,-20.720958709716797,31.628019332885742,-48.034027099609375,20.0,2.438176393508911,-2.7969601154327393,0.0750374048948288,0.21235814690589905,-1.9898144006729126,-0.11675385385751724,-0.050614193081855774,2.64894700050354,0.3018410801887512,-0.11179111152887344,-1.6790661811828613,-0.9467453360557556,-0.18118827044963837
186,4.223155975341797,0.7591457366943359,-0.3088838458061218,1.6818370819091797,-0.08997383713722229,0.05425870418548584,-0.0018062591552734375,-16.56364631652832,12.515218734741211,-36.36472702026367,20.0,7.036886692047119,-1.4877301454544067,-0.07456275075674057,0.04478207975625992,-4.3724260330200195,0.08086325973272324,0.7998477220535278,3.195852279663086,0.3001081943511963,-0.20023854076862335,-2.131093740463257,-0.8423317670822144,-0.3177078664302826
187,9.582737922668457,5.160741806030273,-4.372198104858398,2.693492889404297,-0.23171532154083252,0.0192108154296875,-14.231276512145996,-10.091392517089844,2.5437419414520264,-14.867192268371582,20.0,5.274167060852051,-0.5117194652557373,0.16908453404903412,-0.5731136202812195,-6.959706783294678,-0.8178389072418213,1.306850552558899,2.4061269760131836,0.36830151081085205,-0.22053290903568268,-1.2724990844726562,-0.46717238426208496,1.059425950050354
188,33.11698913574219,8.412503242492676,-7.035806179046631,10.99673843383789,0.27304863929748535,0.035689353942871094,-29.981822967529297,-4.38120174407959,-6.383299350738525,-3.216825485229492,15.383405685424805,3.9502782821655273,1.6024839878082275,0.2403346449136734,-1.350615382194519,-8.86485767364502,-1.2118018865585327,2.281721830368042,-0.11616215854883194,-0.19862337410449982,-0.5212414264678955,3.3780486583709717,2.4659647941589355,2.8821585178375244
189,46.58796310424805,7.904536247253418,-12.620094299316406,-12.232696533203125,-16.908157348632812,8.481428146362305,-48.888492584228516,0.9393589496612549,-5.09858512878418,-3.6863632202148438,-0.667365550994873,-0.118408203125,2.173679828643799,0.4024064838886261,0.15556024014949799,-1.4948716163635254,7.8650078773498535,-2.526850938796997,-3.157927989959717,-0.44698554277420044,-0.062273893505334854,9.48394775390625,2.3893964290618896,4.321854114532471
190,39.26676559448242,17.380643844604492,-27.14127540588379,-64.03752136230469,1.4026718139648438,7.968886375427246,-34.834651947021484,4.822453498840332,-2.4746344089508057,-17.797439575195312,-0.9895541667938232,-0.4876837730407715,1.181453824043274,-0.08079251646995544,0.09855560958385468,0.9673466086387634,-2.2731146812438965,0.19902895390987396,-3.885946273803711,0.38047274947166443,0.9619421362876892,5.2298479080200195,2.187169075012207,2.4237170219421387
191,37.35328674316406,20.537017822265625,-24.04073715209961,-48.529991149902344,-1.3790688514709473,7.897873401641846,-28.9044246673584,0.6756935119628906,-3.3234009742736816,-7.554689407348633,-0.593529224395752,-0.28019535541534424,1.4611274003982544,-0.2264321893453598,0.32900065183639526,0.58799809217453,-2.1026065349578857,0.09775421023368835,-4.904551982879639,0.29988372325897217,1.1854249238967896,4.090747356414795,3.146838903427124,0.6230972409248352
192,13.158585548400879,17.37751579284668,-23.454282760620117,-55.068328857421875,0.17963051795959473,8.261781692504883,-8.17254638671875,0.8020279407501221,-4.0170979499816895,-9.384395599365234,-0.8316144943237305,-0.025064617395401,1.8358474969863892,-0.029745064675807953,0.1991710513830185,0.12888674437999725,-1.992308497428894,0.02815304696559906,-4.2416839599609375,0.3197186589241028,0.3330220580101013,-0.48464474081993103,2.2686002254486084,0.1736190766096115
193,-13.094581604003906,17.476337432861328,-17.813180923461914,-66.96646881103516,-0.4018423557281494,6.482429504394531,11.671735763549805,-4.64053201675415,1.783055067062378,2.444666862487793,-0.42984890937805176,-0.11476278305053711,2.254516363143921,-0.21312043070793152,0.40886422991752625,-0.6587181091308594,-1.818992257118225,0.03959697484970093,-2.926800012588501,-0.2974987328052521,0.33178842067718506,-2.950376033782959,0.4007602334022522,-1.5973924398422241
194,-24.830093383789062,12.653035163879395,-15.296860694885254,-81.79106903076172,0.002492666244506836,3.594231128692627,16.291297912597656,7.684636116027832,-5.467027187347412,10.220041275024414,0.09558509290218353,0.16529512405395508,2.441835641860962,-0.23170503973960876,0.35053497552871704,-1.447667121887207,-1.4909024238586426,0.10295575857162476,-1.5322575569152832,-0.1899077147245407,-0.4298093914985657,-4.129236698150635,-0.12270262837409973,-2.311678171157837
195,-9.507305145263672,11.270352363586426,-12.057257652282715,-48.30815124511719,0.27979207038879395,1.9506425857543945,6.6087727546691895,3.8499903678894043,-3.2858333587646484,13.371304512023926,0.346901535987854,0.2230091094970703,2.5506935119628906,-0.3752307891845703,0.3783619701862335,-1.4044914245605469,-1.428006649017334,0.35949236154556274,-0.9745328426361084,-0.5756672620773315,-1.1825140714645386,-2.217707872390747,0.2924201190471649,-2.8260674476623535
196,-27.4628963470459,1.2132973670959473,-5.162728309631348,-38.96573257446289,0.3933844566345215,0.3707751929759979,15.389609336853027,0.507848858833313,3.5496113300323486,4.104703903198242,-0.013773679733276367,0.12319469451904297,2.2859365940093994,-0.466796875,0.6163910031318665,-1.6454260349273682,-1.3525714874267578,0.21591836214065552,-0.12912660837173462,-0.20330709218978882,-0.12261214852333069,-4.216912269592285,-0.13794611394405365,-3.6483802795410156
197,-25.8614501953125,-2.717460870742798,2.4890623092651367,2.43343448638916,-0.004520893096923828,-0.0958322286605835,31.873058319091797,-5.026329040527344,6.34933614730835,6.3165130615234375,0.218594491481781,0.2269878387451172,0.8882154226303101,-0.5829999446868896,0.5285451412200928,1.5623034238815308,-0.4019691050052643,-0.8514804840087891,2.0141587257385254,-0.3982006013393402,0.02770422212779522,-6.831535339355469,-0.3682132959365845,-3.8528292179107666
198,-23.90682601928711,-1.3556687831878662,1.8913602828979492,10.182540893554688,0.09590637683868408,0.0038022994995117188,37.9840202331543,-12.513405799865723,22.72995376586914,-36.686038970947266,-19.756155014038086,-9.898303985595703,-1.5936152935028076,0.13336721062660217,0.20072311162948608,11.491830825805664,0.7020821571350098,-1.5950548648834229,1.2448453903198242,0.6861875653266907,0.717435896396637,1.412921667098999,-3.231792449951172,6.094476699829102
199,-33.29237365722656,3.248131513595581,-2.5109567642211914,-13.359973907470703,-0.4871788024902344,0.19606637954711914,48.59653854370117,-26.898622512817383,43.69190979003906,-53.562835693359375,12.4245023727417,-9.16914176940918,-2.1796679496765137,-0.012134235352277756,-0.34257158637046814,10.122920989990234,3.51851487159729,-1.1366358995437622,1.079012155532837,0.194761261343956,-0.15754103660583496,1.5455880165100098,-2.7955105304718018,0.32478439807891846
200,-28.21234703063965,4.210737228393555,-1.3682515621185303,-18.66275405883789,-1.1899137496948242,0.14307713508605957,43.764198303222656,-24.75063133239746,43.51228332519531,-55.15571212768555,16.90896224975586,-6.331156253814697,-2.119278907775879,0.013484863564372063,-0.37856221199035645,5.181580543518066,2.513193368911743,-0.5717220902442932,1.699934482574463,0.1033572256565094,-0.1383638083934784,0.6537020206451416,-2.3601038455963135,-0.012116089463233948
201,-21.580888748168945,7.876156330108643,-3.2216925621032715,-11.734273910522461,-0.8719964027404785,0.07124936580657959,30.871692657470703,-26.02720069885254,36.54587173461914,-48.97669982910156,19.215028762817383,-3.0352096557617188,-2.482172727584839,0.5927038788795471,-0.581277072429657,1.474312424659729,1.9048266410827637,-0.6390486359596252,2.042797088623047,0.19589608907699585,-0.2516181170940399,-0.06412509083747864,-1.990894079208374,-0.21319326758384705
202,-20.343441009521484,1.5128893852233887,-0.11808991432189941,-6.621834754943848,-0.9066363573074341,0.0828315019607544,35.92088317871094,-24.638004302978516,36.39019012451172,-53.79899978637695,20.0,-1.5443824529647827,-2.1872339248657227,0.8205332159996033,-0.5290417075157166,-2.1859846115112305,0.031834881752729416,-0.12953820824623108,2.7679011821746826,0.333685040473938,-0.21809744834899902,-0.8979602456092834,-1.605565071105957,-0.14933420717716217
203,-14.375868797302246,-4.910726547241211,3.7025418281555176,4.512947082519531,-0.2641139328479767,-0.01459646224975586,20.921384811401367,-24.815073013305664,26.943225860595703,-47.51456069946289,20.0,2.3462886810302734,-2.33430552482605,0.4396182894706726,-0.08746541291475296,-2.9931256771087646,-0.17485295236110687,0.21950514614582062,2.9001564979553223,0.2833474278450012,-0.049779027700424194,-1.21724534034729,-1.354265809059143,-0.06583447754383087
204,-9.873418807983398,-6.977035999298096,4.373021602630615,9.913064002990723,-0.024273812770843506,-0.06843817234039307,10.023690223693848,-14.272686004638672,20.47674560546875,-44.345252990722656,20.0,4.804182052612305,-2.786669969558716,0.09789714962244034,-0.037873536348342896,-1.7261805534362793,-0.3701268136501312,0.1719498634338379,2.8758747577667236,0.32033318281173706,-0.19832181930541992,-1.4686877727508545,-1.1840128898620605,-0.32224273681640625
205,14.953285217285156,0.059898242354393005,0.38315701484680176,6.553958892822266,0.2148464024066925,-0.012959599494934082,-14.980916023254395,-17.066020965576172,13.772356986999512,-41.130699157714844,20.0,5.372079372406006,-1.4134231805801392,-0.040805377066135406,0.19116032123565674,-2.83587908744812,-0.1448531597852707,0.4240262508392334,3.13478684425354,0.24085165560245514,-0.0979711189866066,-1.780327320098877,-1.1715244054794312,-0.2039087414741516
206,12.870817184448242,2.6287600994110107,-2.725956916809082,0.4130668640136719,-0.16138792037963867,0.04671978950500488,-18.611509323120117,-11.168208122253418,6.482333183288574,-17.433307647705078,20.0,5.649398326873779,-0.17195011675357819,-0.04936821013689041,0.13451950252056122,-6.253741264343262,-0.8189069032669067,1.252292513847351,2.162492275238037,0.13231241703033447,0.11734621226787567,-0.7980904579162598,-0.4659709334373474,0.06111752986907959
207,34.046688079833984,4.855373382568359,-4.321181774139404,10.957498550415039,0.37227749824523926,-0.029021501541137695,-34.839725494384766,1.4985222816467285,-5.920562744140625,-12.365556716918945,13.12663459777832,4.439009666442871,1.878811001777649,0.16105884313583374,-0.39859163761138916,-8.051467895507812,-0.8265316486358643,1.6527416706085205,0.580169141292572,-0.12958823144435883,-0.1557067632675171,1.866791844367981,0.9167822599411011,1.932878017425537
208,39.60622787475586,13.119406700134277,-9.985259056091309,15.36355209350586,0.5188183784484863,0.0494847297668457,-41.050437927246094,2.6735100746154785,-6.207411766052246,0.82061767578125,-0.24652576446533203,0.036037445068359375,3.2560231685638428,1.2080495357513428,-0.1842414140701294,-4.2185378074646,6.722117900848389,-0.8817789554595947,-2.5065948963165283,0.06772251427173615,-0.4569454491138458,9.08015251159668,2.1217041015625,4.317555904388428
209,36.929874420166016,19.543960571289062,-31.207324981689453,-41.57034683227539,-13.797792434692383,9.38803768157959,-36.921817779541016,-4.4090166091918945,2.573347568511963,-16.619476318359375,-0.970982551574707,-0.5006561279296875,0.7772881984710693,0.19351904094219208,0.27713823318481445,1.861994743347168,-2.6799182891845703,0.18737326562404633,-3.5545666217803955,-0.08028514683246613,0.46674641966819763,7.134335994720459,1.3707211017608643,2.7238800525665283
210,34.2427864074707,16.877880096435547,-30.053497314453125,-67.33180236816406,-0.007144451141357422,6.895942211151123,-25.559894561767578,4.16375207901001,-3.5593109130859375,-13.435546875,-0.7183105945587158,-0.2828197479248047,1.4360287189483643,0.033826589584350586,0.19158276915550232,0.8609004020690918,-2.2798924446105957,0.2558233141899109,-3.4359567165374756,0.2736157476902008,0.5903416275978088,2.837214708328247,1.562765121459961,1.5165339708328247
211,7.448955535888672,19.4913272857666,-25.67088508605957,-57.90010452270508,-0.7314739227294922,6.818734169006348,-10.720008850097656,-4.574465274810791,0.8311347961425781,-5.228860855102539,-0.40473270416259766,-0.21066993474960327,1.366264820098877,0.02082090824842453,0.37833172082901,0.3700527846813202,-2.0326645374298096,0.08056560158729553,-3.8308916091918945,-0.002611003816127777,0.7653950452804565,0.26654568314552307,2.4713187217712402,0.13796888291835785
212,1.912130355834961,15.365612983703613,-23.093318939208984,-70.36101531982422,-2.059720993041992,6.181353569030762,-0.9602117538452148,1.5671892166137695,-1.7025355100631714,0.8296575546264648,-0.6164025068283081,-0.09055495262145996,1.7962560653686523,-0.2274845689535141,0.3358473777770996,-0.35644233226776123,-1.7417117357254028,0.1494598090648651,-2.920145034790039,-0.20119886100292206,0.6252488493919373,-1.871496558189392,0.018065599724650383,-1.5947234630584717
213,-1.1874446868896484,8.686854362487793,-15.804903984069824,-62.97034454345703,-0.030283689498901367,4.011728286743164,-0.896946907043457,3.483567714691162,-4.962637901306152,4.957028388977051,0.08002161979675293,0.1668386459350586,2.1489017009735107,-0.15970534086227417,0.6480803489685059,-0.9082309007644653,-1.5740041732788086,0.17903989553451538,-2.3629703521728516,-0.4045484960079193,-0.032082125544548035,-3.0664186477661133,1.6303108930587769,-2.314877510070801
214,-12.336410522460938,12.512024879455566,-17.485960006713867,-50.612274169921875,-1.3873324394226074,2.4789481163024902,11.458749771118164,-0.8433563709259033,1.278662919998169,7.045514106750488,-0.3130723237991333,0.12535476684570312,2.4190878868103027,-0.35832643508911133,0.47974893450737,-1.2149916887283325,-1.480129599571228,0.16157597303390503,-0.923828125,-0.5865086913108826,-0.12999700009822845,-4.241878032684326,-0.9075568318367004,-3.3076183795928955
215,-30.396896362304688,3.5182127952575684,-2.544760227203369,-5.389362812042236,-1.0450236797332764,0.3832237720489502,30.263586044311523,-8.891525268554688,9.174127578735352,6.768405914306641,0.4314284324645996,0.1761484146118164,1.188462734222412,-0.5796244740486145,-0.09632406383752823,-0.03607118874788284,-1.70894455909729,0.5241804718971252,0.7746326923370361,-0.5925582647323608,0.7316072583198547,-6.603119850158691,0.6843876242637634,-3.049532890319824
216,-18.40216064453125,-7.687376499176025,7.843963146209717,7.631935119628906,0.35728710889816284,-0.24103403091430664,27.440828323364258,0.06557416915893555,6.6479315757751465,-12.27186393737793,-13.624141693115234,-6.123487949371338,-0.54315185546875,-0.32051846385002136,0.6527156233787537,7.295164108276367,-0.026027442887425423,-1.286633849143982,1.7542409896850586,-0.7197362780570984,-0.1660180687904358,-1.0040420293807983,8.16673755645752,0.7692352533340454
217,-12.089385986328125,-5.760578155517578,2.461667537689209,-2.1244544982910156,0.034659385681152344,0.10611522197723389,18.12406349182129,-16.387807846069336,23.896448135375977,-59.863746643066406,4.669346809387207,-14.372983932495117,-1.1498136520385742,-0.27608346939086914,0.522099494934082,8.889280319213867,2.5594894886016846,-0.9061148762702942,0.9195775985717773,0.10655660927295685,0.01810527592897415,2.032104253768921,-3.1867711544036865,0.853495717048645
218,-27.352569580078125,6.305211067199707,-5.012077331542969,-13.207328796386719,-0.8901543617248535,0.174532949924469,37.36150360107422,-33.01049041748047,41.00861740112305,-72.32555389404297,11.661614418029785,-8.891130447387695,-1.2079787254333496,-0.3150126338005066,-0.5749295949935913,5.778298854827881,2.193641424179077,-0.47687697410583496,1.6256256103515625,0.1649101823568344,-0.36104774475097656,0.9082818031311035,-2.6112523078918457,0.2976706027984619
219,-18.66830825805664,4.497530937194824,-0.6705402135848999,-7.264496803283691,-0.7002444267272949,0.042072832584381104,24.984304428100586,-31.076099395751953,41.969783782958984,-62.98945999145508,13.157756805419922,-6.098785400390625,-1.3044871091842651,-0.1646714061498642,-0.06413410604000092,3.6260416507720947,1.142152190208435,-0.2537587285041809,1.8956608772277832,0.06339188665151596,-0.19323071837425232,0.3389217257499695,-2.2864558696746826,0.05677308142185211
220,-24.55023956298828,6.101925849914551,-2.4617016315460205,-5.345033645629883,-0.5348727703094482,0.019443392753601074,29.074554443359375,-31.319169998168945,38.209571838378906,-57.0170783996582,17.690462112426758,-4.5609636306762695,-2.0812978744506836,0.20399440824985504,-0.1554412692785263,2.0184123516082764,1.2238720655441284,-0.6023644208908081,2.0165302753448486,0.1435236781835556,-0.230655699968338,-0.19308410584926605,-1.887824296951294,-0.020536288619041443
221,-22.343402862548828,4.5999603271484375,-1.8293101787567139,-3.8957271575927734,-0.570650577545166,0.0794937014579773,26.368623733520508,-27.70096206665039,33.805137634277344,-55.44232177734375,20.0,-2.0248219966888428,-2.8799214363098145,0.44353196024894714,-0.455035001039505,0.18612916767597198,0.993222713470459,-0.382356733083725,2.074674606323242,0.17462173104286194,-0.39298397302627563,-0.7140121459960938,-1.4530529975891113,-0.022288300096988678
222,-9.763832092285156,0.2257070541381836,0.7654534578323364,-1.5327033996582031,-0.5292313694953918,0.031032949686050415,17.844467163085938,-23.550973892211914,28.113800048828125,-59.59340286254883,20.0,-0.6936865448951721,-2.214202642440796,0.47823628783226013,-0.4106804132461548,-2.3736846446990967,-0.39078134298324585,-0.19946688413619995,2.7297089099884033,0.24288347363471985,-0.4238383173942566,-1.454125165939331,-1.188965082168579,0.1459438055753708
223,7.267070770263672,1.043914556503296,-1.0413479804992676,1.7383670806884766,-0.050761908292770386,0.07539570331573486,-8.907830238342285,-16.234764099121094,16.716312408447266,-50.61023712158203,20.0,2.992431163787842,-0.8699032068252563,0.6373893022537231,-0.553758978843689,-5.323506832122803,-0.0910446047782898,0.5275048613548279,3.048326015472412,0.44031959772109985,-0.4366905987262726,-2.212186336517334,-0.8657727837562561,-0.08330485224723816
224,2.8099827766418457,-2.347160816192627,2.0275228023529053,8.520709991455078,-0.08934259414672852,-0.029456615447998047,-8.80273723602295,-16.710020065307617,11.099645614624023,-28.51082420349121,20.0,7.402388095855713,-0.38236695528030396,0.30747994780540466,-0.12753400206565857,-6.015460968017578,-0.78532475233078,1.2878186702728271,2.7232625484466553,0.2850251793861389,-0.2916018068790436,-2.037686586380005,-0.876285970211029,0.12884582579135895
225,21.915725708007812,0.8050951361656189,-2.148953676223755,8.220054626464844,0.1456606388092041,-0.03285646438598633,-23.510711669921875,-0.7895002961158752,-2.8480215072631836,-7.213647842407227,17.432310104370117,4.679047584533691,1.1146636009216309,0.07718745619058609,-0.571803867816925,-7.868150234222412,-1.203674077987671,1.8689311742782593,0.9391934871673584,-0.061889953911304474,-0.33764541149139404,1.0472654104232788,0.68513023853302,2.206268548965454
226,39.438602447509766,3.497912883758545,-2.671679735183716,16.944120407104492,0.5447704792022705,-0.078857421875,-41.83129119873047,3.151477336883545,-6.291131019592285,-2.976388931274414,1.367469310760498,0.3483877182006836,2.5685133934020996,0.3113386034965515,-0.23437267541885376,-4.274942398071289,4.557547092437744,-0.22058367729187012,-1.784942626953125,-0.31014418601989746,-0.5395727157592773,5.778899192810059,3.810292959213257,3.651615619659424
227,49.63405990600586,18.82697868347168,-22.220077514648438,-52.40921401977539,1.6991791725158691,6.178843021392822,-41.3486213684082,5.690145492553711,-4.124704360961914,-7.46295166015625,-1.193450689315796,-0.33994102478027344,1.370054841041565,-0.12525101006031036,0.21484413743019104,0.9851250648498535,-2.2997589111328125,0.07845205068588257,-3.211050271987915,-0.09802285581827164,0.14570413529872894,7.172428607940674,0.5692079663276672,2.559252977371216
228,38.44537353515625,17.935394287109375,-29.1112003326416,-51.56633758544922,2.165707588195801,7.848838806152344,-38.674285888671875,3.942995071411133,-4.29436731338501,-12.685260772705078,-0.6348767280578613,-0.2468256950378418,1.218477487564087,-0.04343631863594055,0.27024906873703003,0.6199617981910706,-2.046926736831665,0.10036171972751617,-4.749135971069336,0.4656756520271301,0.3945893943309784,5.1798906326293945,1.6269779205322266,1.5598646402359009
229,4.320980072021484,19.333038330078125,-30.68532943725586,-72.6966781616211,0.8602678775787354,6.304865837097168,-3.9253196716308594,-1.9038598537445068,1.026909589767456,-10.574773788452148,-0.5076005458831787,-0.23510003089904785,1.777130126953125,-0.0196702778339386,0.12468855828046799,-0.302085280418396,-1.7965567111968994,0.13602164387702942,-3.676879405975342,0.7817195653915405,0.6121252179145813,-0.2579043507575989,2.1064095497131348,0.3126124143600464
230,2.307758331298828,16.348058700561523,-20.7281551361084,-62.11647033691406,0.49884772300720215,4.589500904083252,-3.193235397338867,-1.5133559703826904,-2.154877185821533,1.382720947265625,-0.44532084465026855,-0.05872058868408203,2.1131489276885986,-0.07746011763811111,0.3316492438316345,-0.7943847179412842,-1.583749532699585,0.2701571583747864,-3.0758566856384277,0.25774186849594116,0.08500485867261887,-1.975340485572815,1.1701858043670654,-1.1608843803405762
231,-13.555943489074707,11.257375717163086,-15.378734588623047,-56.4369010925293,-0.3990809917449951,3.923910140991211,7.677802085876465,-0.038024842739105225,-1.1032410860061646,6.750088691711426,-0.10589873790740967,0.0629110336303711,2.173445701599121,-0.24065260589122772,0.4296262860298157,-1.183274507522583,-1.4545891284942627,0.1310340315103531,-2.396301031112671,-0.1863606721162796,-0.2736327648162842,-2.5240070819854736,0.4724292755126953,-2.361483097076416
232,-14.588494300842285,5.457342147827148,-9.645125389099121,-49.75049591064453,1.0915536880493164,0.9172876477241516,12.110687255859375,4.117519378662109,-2.4376089572906494,5.887978553771973,0.013669908046722412,0.18480634689331055,2.40779447555542,-0.3821127116680145,0.3790736198425293,-1.5342215299606323,-1.3032623529434204,0.21958230435848236,-0.9707900285720825,-0.37519365549087524,-0.766086220741272,-4.088468551635742,0.25676751136779785,-3.2149109840393066
233,-32.536460876464844,7.933650970458984,-3.5869927406311035,-15.735398292541504,-0.8777735233306885,-0.15776102244853973,31.990049362182617,-11.000821113586426,11.782444953918457,8.949798583984375,0.23356682062149048,0.15419626235961914,1.9712375402450562,-0.508986234664917,0.4481736421585083,-1.0084956884384155,-1.2009128332138062,0.10236626863479614,0.7952168583869934,-0.6322743892669678,0.5996867418289185,-5.339418888092041,-0.29958102107048035,-2.659404993057251
234,-29.22646141052246,-5.488812446594238,4.693586349487305,2.8562088012695312,0.0046346187591552734,-0.14017558097839355,30.460124969482422,-2.6717801094055176,4.373362064361572,8.866710662841797,0.3059770464897156,0.09726810455322266,-0.3543775677680969,-0.6441502571105957,0.7257393598556519,4.2019453048706055,-0.19581566751003265,-1.2236934900283813,1.9065265655517578,-1.3728034496307373,-0.32388460636138916,-2.6260147094726562,7.859986782073975,-0.5857727527618408
235,-17.386552810668945,-5.782135009765625,2.3126418590545654,6.551189422607422,0.15771913528442383,0.048052072525024414,32.560550689697266,-14.027633666992188,29.760589599609375,-53.95598602294922,5.548739910125732,-12.202890396118164,-2.223573923110962,-0.1628808230161667,0.5743547081947327,11.202373504638672,2.460489511489868,-1.7329115867614746,0.2862771451473236,-0.04543911665678024,0.08884860575199127,2.237149715423584,-3.3524317741394043,0.7705442309379578
236,-22.694215774536133,3.909611225128174,-3.752890110015869,-12.754409790039062,-0.7082176208496094,0.23279047012329102,40.70460510253906,-22.708969116210938,44.75861740112305,-63.51142883300781,10.952598571777344,-7.254002571105957,-1.7567758560180664,-0.28360629081726074,-0.1383906602859497,8.784427642822266,3.2222719192504883,-1.0635321140289307,1.2613049745559692,-0.03525002300739288,-0.1348259449005127,1.5153793096542358,-2.8446481227874756,0.18651491403579712
237,-26.69179344177246,3.896296977996826,-2.4651222229003906,-14.095619201660156,-1.0056180953979492,0.1502152681350708,34.904788970947266,-21.829833984375,39.05487823486328,-59.383235931396484,14.946659088134766,-4.473364353179932,-2.2673001289367676,-0.20191554725170135,-0.6871267557144165,5.603951930999756,2.5007569789886475,-0.7471089363098145,1.5662474632263184,0.14236150681972504,-0.2290477752685547,0.6819263100624084,-2.3652727603912354,0.006453335285186768
238,-22.922502517700195,5.030961990356445,-0.32637596130371094,-13.124602317810059,-0.9896233081817627,0.08350828289985657,32.762428283691406,-26.31070327758789,36.50031661987305,-49.74119567871094,18.551706314086914,-3.3985793590545654,-2.4891183376312256,0.22279423475265503,-0.10250268131494522,1.4490669965744019,1.2767475843429565,-0.10185306519269943,1.8876230716705322,0.17643526196479797,-0.05386104807257652,0.11616215109825134,-2.0290400981903076,-0.052327290177345276
239,-19.86238670349121,-2.4640495777130127,2.752723455429077,-1.3336421251296997,-0.5180343389511108,-0.0491904616355896,31.814756393432617,-21.86095428466797,31.216190338134766,-56.50102996826172,20.0,1.4155571460723877,-2.8253724575042725,0.25022417306900024,0.18645359575748444,-0.0032624597661197186,0.6826695203781128,-0.43985727429389954,2.320277690887451,0.20580148696899414,-0.11275985836982727,-0.41654810309410095,-1.7190042734146118,0.09789891541004181
240,-12.605770111083984,5.489053726196289,-2.0702853202819824,-1.9292430877685547,-0.4045877456665039,0.07070611417293549,19.68272590637207,-29.69700813293457,27.129718780517578,-49.8023681640625,20.0,3.1401031017303467,-2.611933469772339,0.6977705955505371,0.15941551327705383,-2.4758589267730713,0.8747451305389404,0.09010381251573563,2.8020756244659424,0.3021623492240906,-0.197506844997406,-1.0365320444107056,-1.4561314582824707,-0.06439891457557678
241,-4.617359161376953,0.5821104049682617,-1.017465591430664,2.5218029022216797,-0.45648622512817383,0.04286074638366699,6.883462905883789,-23.42115020751953,21.709659576416016,-52.87358093261719,20.0,3.7352561950683594,-1.8856064081192017,0.8662484288215637,-0.11386297643184662,-4.508837699890137,-0.6130625009536743,0.7329094409942627,3.159038782119751,0.5319514274597168,-0.24508711695671082,-1.7304342985153198,-1.1330411434173584,-0.19733108580112457
242,-0.6317815780639648,-1.589617371559143,-0.031472206115722656,10.083396911621094,0.04098033905029297,-0.04650986194610596,-4.915863037109375,-22.93647003173828,18.62156105041504,-38.66047668457031,20.0,6.095945358276367,-1.7515684366226196,0.1416277438402176,-0.44900959730148315,-4.347353458404541,-0.7346878051757812,0.7891876697540283,2.9545953273773193,0.30010274052619934,-0.2121371477842331,-1.7685585021972656,-1.0673496723175049,-0.3542737364768982
243,12.182364463806152,-1.7114135026931763,1.4549669027328491,9.012176513671875,0.19778668880462646,-0.07301616668701172,-19.4399471282959,-9.27820110321045,8.344865798950195,-26.17132568359375,20.0,6.70009708404541,-1.0062283277511597,-0.0062042102217674255,-0.07426653802394867,-4.909152984619141,-0.49978339672088623,1.0618715286254883,2.52588152885437,0.134147047996521,-0.0747138112783432,-1.4854671955108643,-1.2886039018630981,0.5694142580032349
244,33.51319122314453,5.04126501083374,-5.731039524078369,8.691307067871094,0.2674267292022705,0.03150439262390137,-30.716842651367188,-2.601099729537964,-6.77530574798584,-12.834651947021484,20.0,5.628247261047363,1.1488019227981567,0.19245603680610657,-1.0255056619644165,-6.890443325042725,-1.1497210264205933,1.700299620628357,0.8169152140617371,0.057605210691690445,-0.4646236300468445,1.3145384788513184,0.6554444432258606,1.2770298719406128
245,44.07154083251953,9.774741172790527,-6.165591716766357,12.26919937133789,0.45592713356018066,-0.012270927429199219,-47.85523986816406,3.6182596683502197,-6.560103893280029,0.18476486206054688,0.032562255859375,0.15823650360107422,2.8789761066436768,0.9475167989730835,0.16159215569496155,-3.2740414142608643,8.056251525878906,-1.5211238861083984,-2.601095199584961,-0.3191416263580322,-0.7394189238548279,8.429248809814453,4.499032974243164,4.647735118865967
246,44.229347229003906,19.111679077148438,-31.51008415222168,-65.99347686767578,2.881572961807251,7.2016520500183105,-39.06016159057617,2.4673657417297363,-0.26687538623809814,-13.766267776489258,-1.3817105293273926,-0.5307221412658691,1.0863099098205566,-0.1306905895471573,0.16478444635868073,1.086739182472229,-2.4132518768310547,0.16577595472335815,-3.62792706489563,0.18603244423866272,0.510012149810791,6.540771961212158,1.637777328491211,2.762794017791748
247,23.823509216308594,27.663164138793945,-36.08133316040039,-60.419403076171875,-0.22930431365966797,7.281275749206543,-18.441265106201172,-4.6295671463012695,2.0153470039367676,-9.872572898864746,-0.49629688262939453,-0.3504018783569336,1.3532148599624634,0.13632409274578094,0.2707117795944214,0.6314658522605896,-2.22794508934021,0.2712547779083252,-3.97609543800354,0.7505425214767456,1.4065860509872437,3.625135660171509,2.8462629318237305,1.5098927021026611
248,28.632465362548828,27.95249366760254,-32.130855560302734,-56.0488166809082,-1.9154284000396729,8.493834495544434,-18.463258743286133,-8.20643138885498,0.9216732978820801,-6.055733680725098,-0.7851200103759766,-0.18693464994430542,1.9381630420684814,-0.05063335597515106,0.31660616397857666,0.0847197026014328,-1.9863611459732056,0.0355599969625473,-3.8241167068481445,-0.052079953253269196,1.0846517086029053,1.3882007598876953,1.6896077394485474,0.2536655068397522
249,-5.604097366333008,17.9246826171875,-25.409202575683594,-68.22406005859375,0.23361444473266602,6.94356632232666,1.3232030868530273,-0.8014065027236938,-1.738374948501587,-2.5923500061035156,-0.40683770179748535,-0.0454028844833374,2.0186307430267334,0.013272952288389206,0.20071257650852203,-0.5821254849433899,-1.775418758392334,-0.01945098489522934,-3.1382458209991455,-0.26838579773902893,0.42784568667411804,-2.0560760498046875,1.543993353843689,-0.7604604363441467
250,-4.790969371795654,9.739601135253906,-16.862079620361328,-74.89112091064453,-0.09016132354736328,4.289297103881836,2.451146125793457,7.203158378601074,-6.907249450683594,7.149570465087891,-0.1626262664794922,0.08057451248168945,2.4123778343200684,-0.08049605786800385,0.36555856466293335,-1.2923372983932495,-1.4845026731491089,0.13588391244411469,-2.301879405975342,-0.5967639088630676,-0.6346205472946167,-2.8260765075683594,1.009493350982666,-2.316070556640625
251,-16.12518310546875,15.318768501281738,-20.925636291503906,-47.67250061035156,-0.2877078056335449,4.98248291015625,8.649930000305176,-5.420544147491455,5.369147777557373,6.640771865844727,-0.06088387966156006,0.14248895645141602,2.21594500541687,-0.2615123689174652,0.3008274435997009,-1.441131353378296,-1.319361925125122,0.02302311360836029,-1.6014866828918457,-0.8643983006477356,-0.16367124021053314,-3.6128203868865967,0.6772848963737488,-2.1155736446380615
252,-15.7025785446167,-2.654107093811035,-4.625335693359375,-36.38882827758789,0.2624945640563965,0.40225401520729065,13.333090782165527,6.0761332511901855,-2.9028871059417725,7.707004547119141,0.012308569625020027,0.1602778434753418,2.4075021743774414,-0.1606113165616989,0.5104773640632629,-1.4596052169799805,-1.4446760416030884,0.1164834052324295,-0.4383919835090637,-0.5763577818870544,-0.37628793716430664,-4.403884410858154,-0.06457141786813736,-2.9023935794830322
253,-33.49251174926758,-2.0344972610473633,1.6168007850646973,-16.010066986083984,0.13628649711608887,0.50383460521698,27.46539306640625,0.6671485900878906,4.063627243041992,10.966959953308105,0.3494833707809448,0.1558976173400879,1.3743016719818115,-0.7042043209075928,0.20799706876277924,-0.7021900415420532,-1.1892340183258057,0.02640232816338539,0.49753883481025696,-0.5402987599372864,0.45465314388275146,-4.38211727142334,-0.2916186451911926,-3.1059775352478027
254,-21.718544006347656,-5.7736077308654785,4.707736015319824,6.203363418579102,0.1840420365333557,-0.13764190673828125,30.951446533203125,-5.346787452697754,5.770893573760986,4.773113250732422,0.1355310082435608,0.17286157608032227,-0.15897861123085022,-0.4961909353733063,0.27437925338745117,5.440273284912109,0.2808067798614502,-1.5349985361099243,2.5935256481170654,-0.8170331120491028,-0.47786766290664673,-0.6489748954772949,6.15716552734375,0.4031672477722168
255,-17.928775787353516,-4.885411739349365,2.5634994506835938,5.123542785644531,0.051844120025634766,0.12027335166931152,30.563125610351562,-17.943933486938477,30.953868865966797,-58.1370735168457,7.520137786865234,-13.964883804321289,-2.052555561065674,-0.10039874166250229,-0.062029946595430374,11.4454984664917,2.8912463188171387,-1.2146210670471191,0.7490938305854797,0.10127051174640656,-0.34997448325157166,1.7884200811386108,-3.0650746822357178,0.7471283078193665
256,-22.79702377319336,4.690310478210449,-1.9493749141693115,-14.214630126953125,-0.8644309043884277,0.14895355701446533,41.949974060058594,-29.131086349487305,45.11654281616211,-56.43019485473633,11.438916206359863,-8.546958923339844,-1.3443105220794678,-0.18310870230197906,-0.003867128863930702,8.447227478027344,2.9330334663391113,-0.5579012632369995,1.6129668951034546,-0.043211743235588074,-0.3437308371067047,1.1775087118148804,-2.797414779663086,0.2393837571144104
257,-30.7823543548584,2.38399600982666,-1.1749742031097412,-16.14020538330078,-1.1092469692230225,0.06032681465148926,34.566009521484375,-18.89706039428711,40.621036529541016,-53.16679763793945,16.410688400268555,-3.885455846786499,-2.3143656253814697,-0.2758197784423828,-0.00888412818312645,4.602810382843018,2.1558609008789062,-0.6901384592056274,1.4750328063964844,-0.024933621287345886,-0.2609677314758301,0.5039980411529541,-2.2335057258605957,-0.05965949594974518
258,-25.80585479736328,4.216427326202393,-1.9472036361694336,-10.88976001739502,-0.9150737524032593,0.0975031852722168,40.017852783203125,-25.167804718017578,36.238319396972656,-55.474220275878906,20.0,-2.362835645675659,-2.5841619968414307,0.14998656511306763,-0.3785492181777954,1.005001187324524,1.275983214378357,-0.4891907870769501,2.103510856628418,0.3154715299606323,-0.3675137758255005,-0.3819003403186798,-1.7592300176620483,-0.11417092382907867
259,-11.725130081176758,2.271328926086426,-0.2159501314163208,-4.178278923034668,-0.5643197298049927,0.07015222311019897,19.31409454345703,-24.747474670410156,29.269390106201172,-53.72337341308594,20.0,-0.8764294981956482,-2.4128870964050293,0.30579373240470886,-0.26646021008491516,-2.0132462978363037,0.6604264974594116,0.08614035695791245,2.412799119949341,0.37654179334640503,-0.28481799364089966,-0.976249098777771,-1.4620360136032104,0.10283419489860535
260,-15.897122383117676,-0.6884870529174805,2.5659618377685547,3.012939453125,-0.45091956853866577,-0.05189388990402222,27.828311920166016,-26.77326011657715,29.347436904907227,-46.48136520385742,20.0,3.3232200145721436,-2.1091113090515137,0.21371830999851227,0.29191040992736816,-3.261077404022217,-0.37814855575561523,0.2181359976530075,3.0381312370300293,0.23710651695728302,-0.25153180956840515,-1.3961260318756104,-1.2984693050384521,-0.14641574025154114
261,-2.9192447662353516,0.40642476081848145,-0.514802098274231,4.411481857299805,-0.07780054211616516,0.010662198066711426,2.1396484375,-15.981793403625488,17.591903686523438,-46.632476806640625,20.0,6.356712341308594,-1.5928303003311157,0.354278564453125,0.03327717259526253,-4.837231159210205,0.1946524679660797,0.631199836730957,3.209923267364502,0.42213118076324463,-0.3921409845352173,-2.0025429725646973,-0.9894914031028748,-0.4016897678375244
262,3.0889639854431152,0.11436164379119873,-0.603736162185669,9.79636287689209,-0.07203388214111328,-0.053159475326538086,-6.1816558837890625,-13.837251663208008,14.584853172302246,-30.808427810668945,20.0,8.444047927856445,-1.1018027067184448,0.2834455072879791,-0.22421562671661377,-4.636995792388916,-0.8338693976402283,0.49435868859291077,3.1429619789123535,0.5213117599487305,-0.42580917477607727,-2.0952086448669434,-0.8888473510742188,-0.6959713697433472
263,14.170668601989746,2.5776751041412354,-3.049586296081543,9.400054931640625,0.16692805290222168,0.04205799102783203,-17.15644073486328,-15.988463401794434,8.792315483093262,-14.976738929748535,20.0,4.7234039306640625,-0.22142839431762695,0.06830049306154251,-0.44560399651527405,-4.933346271514893,-1.4426318407058716,1.261376142501831,2.001800060272217,0.3380023241043091,-0.029470738023519516,-0.32009434700012207,-0.3171442747116089,0.7263893485069275
264,25.2191219329834,8.259465217590332,-5.539124965667725,6.222251892089844,0.2882390022277832,-0.0038785934448242188,-25.07416534423828,-2.657377243041992,-3.973738670349121,-0.32988929748535156,13.472804069519043,3.2155203819274902,1.2094608545303345,0.05224652588367462,-0.8364747166633606,-7.538045406341553,-0.8978108763694763,1.9744200706481934,-0.7411249876022339,-0.44432586431503296,-0.36054909229278564,4.46211576461792,2.7385106086730957,2.237203598022461
265,43.94778823852539,9.590644836425781,-14.588837623596191,-17.204179763793945,-11.581432342529297,-5.605882167816162,-42.64796447753906,3.7775561809539795,-5.383421897888184,-2.6109619140625,-0.6833617687225342,-0.049798011779785156,1.191365122795105,-0.060898080468177795,0.4077426493167877,0.015767455101013184,-3.324502944946289,0.09895265102386475,-3.0686631202697754,-0.5349187254905701,0.15660525858402252,10.132514953613281,2.1336658000946045,4.023148536682129
266,49.56733322143555,24.567445755004883,-31.75409698486328,-54.041847229003906,2.026120185852051,7.166858673095703,-45.32622528076172,3.119485378265381,-3.9071388244628906,-19.48404312133789,-1.1542625427246094,-0.43455982208251953,1.222574234008789,-0.07904507219791412,0.14562804996967316,1.2001982927322388,-2.4642231464385986,0.07717157900333405,-4.391796588897705,0.41175517439842224,0.830986738204956,6.293285846710205,1.7030190229415894,2.1103410720825195
267,13.714367866516113,25.765026092529297,-31.900001525878906,-53.93750762939453,0.9117035865783691,8.282115936279297,-11.725963592529297,-8.000040054321289,3.452805519104004,-12.538684844970703,-0.5424442291259766,-0.2892618179321289,1.4052865505218506,0.053562063723802567,0.16744208335876465,0.7304182052612305,-2.3144447803497314,0.10354852676391602,-4.300783157348633,0.4086923599243164,1.2495554685592651,1.7923355102539062,2.7856814861297607,1.026784062385559
268,9.12671947479248,19.333084106445312,-25.400306701660156,-72.82247924804688,1.790470838546753,5.993527412414551,-7.529703140258789,-0.08024394512176514,-3.695357322692871,-3.085725784301758,-0.7147300243377686,-0.06245291233062744,1.8410875797271729,-0.0843370258808136,0.17597731947898865,-0.0659981444478035,-2.0375754833221436,0.2565746307373047,-3.7236838340759277,-0.16666381061077118,0.3434578776359558,-1.2001619338989258,1.2495254278182983,0.2669156491756439
269,0.7527379989624023,18.795486450195312,-19.94631576538086,-71.72171783447266,2.2258050441741943,4.444510459899902,3.3744001388549805,1.7094699144363403,-2.960994243621826,5.452629089355469,-0.1419391632080078,-0.041513919830322266,2.5473859310150146,-0.20323725044727325,0.2881569564342499,-0.8292047381401062,-1.793250560760498,0.28072962164878845,-2.5235049724578857,-0.5418978333473206,-0.25161638855934143,-2.486454725265503,1.001310110092163,-1.1176598072052002
270,-3.2224225997924805,8.624269485473633,-15.233583450317383,-61.966400146484375,2.517906904220581,4.474833965301514,-5.6009111404418945,10.42791748046875,-6.7897210121154785,7.115207672119141,-0.218921959400177,0.1311190128326416,2.3901925086975098,-0.21209394931793213,0.3482218086719513,-1.1445724964141846,-1.5035251379013062,0.10949913412332535,-2.628683567047119,-0.15759554505348206,-0.6478835344314575,-2.483130693435669,0.24131354689598083,-1.7697640657424927
271,-22.30289077758789,7.8450927734375,-14.473700523376465,-51.4992790222168,1.4776816368103027,2.4936749935150146,16.946685791015625,-2.3642492294311523,3.547286033630371,8.55200481414795,0.17131449282169342,0.1006162166595459,2.5631043910980225,-0.5643221735954285,0.38953274488449097,-1.577623963356018,-1.4369423389434814,0.1033513993024826,-1.4530125856399536,-0.5156413912773132,-0.17226655781269073,-2.7710962295532227,-0.12944461405277252,-1.8829370737075806
272,-28.042537689208984,-5.3090314865112305,0.8296114206314087,-13.895631790161133,2.4580366611480713,-2.1805174350738525,24.10991668701172,3.2598862648010254,0.329683780670166,1.907318115234375,0.023922443389892578,0.034534454345703125,1.9331605434417725,-0.6360371708869934,-0.012537290342152119,-1.0745350122451782,-1.3182623386383057,0.07780835777521133,0.3226568400859833,-0.06548936665058136,-0.30214908719062805,-6.703359127044678,-0.0907316580414772,-3.8857078552246094
273,-22.09017562866211,-8.550678253173828,7.269520282745361,6.774580001831055,0.19225269556045532,-0.20549345016479492,32.74116516113281,-3.3900649547576904,5.706378936767578,10.980976104736328,0.4287533760070801,0.22058773040771484,0.2901187241077423,-0.7795878648757935,0.8543481826782227,4.8228864669799805,0.5646644234657288,-2.132704257965088,2.296760320663452,-0.16119325160980225,0.2085050344467163,-8.118509292602539,1.0679454803466797,-4.4134955406188965
274,-26.112207412719727,-0.6777626872062683,-0.38603687286376953,0.50152587890625,-0.16362619400024414,0.19190025329589844,40.880104064941406,-13.719671249389648,14.073813438415527,-38.342552185058594,6.268828392028809,-14.58845043182373,-1.319291114807129,0.3570638597011566,0.5923624038696289,10.13026237487793,2.2205729484558105,-1.9378302097320557,0.726795494556427,0.3909890651702881,-0.21297740936279297,2.4411416053771973,-3.2147295475006104,0.6874432563781738
275,-37.776309967041016,0.6411613821983337,-0.9395220875740051,-16.042848587036133,-0.8859472274780273,0.24643898010253906,50.65403747558594,-25.85841178894043,46.00408172607422,-60.42118453979492,13.228415489196777,-12.380741119384766,-2.242199182510376,-0.39053937792778015,-0.09735678881406784,6.937286376953125,3.184978723526001,-0.9553171992301941,1.1269441843032837,0.05346576124429703,-0.27244022488594055,1.508644461631775,-2.959825277328491,0.6476801633834839
276,-35.907691955566406,12.15079116821289,-5.935186862945557,-10.80666732788086,-1.0288915634155273,0.15995824337005615,55.619529724121094,-39.89577865600586,55.26482009887695,-56.03084945678711,19.550235748291016,-9.659948348999023,-3.143458843231201,0.2749374508857727,-0.5785103440284729,4.798926830291748,2.3455607891082764,-0.574988603591919,1.732826590538025,0.1891455203294754,-0.4476330280303955,0.6634019613265991,-2.5055902004241943,0.26364296674728394
277,-19.242332458496094,8.486617088317871,-4.358870506286621,-8.875843048095703,-0.7842538356781006,0.10167598724365234,35.527156829833984,-34.20396423339844,46.89447021484375,-55.28980255126953,20.0,-7.670383930206299,-3.1036064624786377,0.6378172039985657,-0.9959905743598938,1.4518494606018066,1.504809021949768,-0.548302173614502,2.3476266860961914,0.31085965037345886,-0.3711993396282196,-0.09297873079776764,-2.1848227977752686,0.017518222332000732
278,-9.679240226745605,4.340012550354004,-0.601245641708374,-1.9714741706848145,-0.47336339950561523,0.05061978101730347,23.09314727783203,-32.90061569213867,41.23452377319336,-53.604671478271484,20.0,-4.015255451202393,-2.600982904434204,0.666015088558197,-0.5752877593040466,-1.0588276386260986,0.9080300331115723,-0.26943710446357727,2.8432130813598633,0.10572882741689682,-0.13501359522342682,-0.4771895408630371,-1.9473060369491577,-0.06499353051185608
279,-8.458745956420898,-1.8039233684539795,0.6708564758300781,2.2072553634643555,-0.38455021381378174,0.04680784046649933,14.968622207641602,-20.09758758544922,31.01481819152832,-61.247276306152344,20.0,-0.0781356692314148,-2.1186256408691406,0.7566714882850647,-0.7202031016349792,-2.804516315460205,0.021482916548848152,0.11326589435338974,3.251680374145508,0.33933815360069275,-0.11344989389181137,-1.2209351062774658,-1.5817521810531616,0.2024730145931244
280,-9.76250171661377,-3.3889708518981934,4.612972736358643,6.473519325256348,-0.15646615624427795,-0.05756533145904541,9.219348907470703,-21.63442611694336,20.730844497680664,-44.4559326171875,20.0,5.129042148590088,-2.307401180267334,0.5690360069274902,0.12110200524330139,-3.112358808517456,-0.00782291404902935,0.6663995981216431,3.2562625408172607,0.1268281191587448,-0.15954917669296265,-1.435543179512024,-1.383963704109192,-0.11451524496078491
281,10.542488098144531,-1.2784706354141235,-0.05117398500442505,8.531234741210938,0.04713785648345947,-0.04192972183227539,-13.157581329345703,-17.083433151245117,10.810905456542969,-43.03325653076172,20.0,5.067276954650879,-1.3174864053726196,0.5858463644981384,-0.08047071844339371,-3.468170166015625,-0.8522675037384033,0.8158767819404602,3.4376230239868164,0.33207982778549194,-0.24891428649425507,-1.889319896697998,-1.2419344186782837,-0.17357081174850464
282,19.896900177001953,2.8471360206604004,-4.8580756187438965,0.06380462646484375,-0.021251678466796875,0.06351304054260254,-22.39560317993164,-4.182486057281494,3.1800708770751953,-9.589394569396973,20.0,6.089753150939941,0.4542769491672516,0.27130305767059326,-0.70622318983078,-7.656948566436768,-0.9729507565498352,1.621565818786621,1.5704240798950195,0.05908600613474846,-0.1357608288526535,0.7487900257110596,1.2216286659240723,-0.6639066934585571
283,37.27965545654297,2.5250487327575684,-1.8616409301757812,14.831302642822266,0.449352502822876,-0.04605817794799805,-36.81386947631836,2.241323232650757,-7.285733222961426,-4.83012580871582,7.075903415679932,2.583446979522705,2.5300023555755615,-0.16882218420505524,-0.8423756957054138,-8.79971694946289,-0.9817806482315063,2.6898136138916016,-0.7317940592765808,-0.6573376059532166,0.011163542047142982,4.83008337020874,3.1999261379241943,3.246788740158081
284,42.455692291259766,9.17735481262207,-15.792314529418945,-32.59567642211914,-17.043209075927734,4.1630353927612305,-45.318817138671875,2.814666748046875,-5.334227561950684,-8.74716567993164,-0.9503152370452881,-0.18973112106323242,1.6601349115371704,-0.3869006037712097,0.4498958885669708,1.2249528169631958,-2.840052366256714,0.44760948419570923,-2.607999324798584,-1.0023078918457031,0.03621390461921692,6.710125923156738,1.8995084762573242,3.7644293308258057
285,37.191139221191406,19.822540283203125,-29.817842483520508,-49.45317459106445,2.291707992553711,7.596473217010498,-36.36315155029297,5.6542205810546875,-4.305537700653076,-11.81241512298584,-0.7906079292297363,-0.409590482711792,1.356066346168518,-0.14311838150024414,0.30751633644104004,1.0865339040756226,-2.3921287059783936,0.150666743516922,-4.220823287963867,0.37186864018440247,0.9940878748893738,4.646735668182373,2.3539528846740723,1.9595614671707153
286,17.709596633911133,22.906869888305664,-29.227554321289062,-67.06144714355469,0.5614316463470459,6.86586332321167,-12.061227798461914,-1.7357405424118042,-0.9348335266113281,-8.11721420288086,-0.7282853126525879,-0.2129824161529541,1.9509512186050415,-0.21466344594955444,0.2985401153564453,0.3299746513366699,-2.215951681137085,0.3050270676612854,-3.6875996589660645,0.3623695969581604,0.9839047193527222,0.998490035533905,1.3554381132125854,1.0321122407913208
287,-2.869795799255371,19.318416595458984,-23.546844482421875,-73.06067657470703,0.5491251945495605,5.840860843658447,-2.852975845336914,3.5788872241973877,-5.183143615722656,1.3781940937042236,-0.24657154083251953,-0.08678990602493286,1.9096617698669434,-0.08081158995628357,0.24024352431297302,-0.21585288643836975,-1.969909906387329,0.08018189668655396,-3.596877098083496,0.43695852160453796,0.18964733183383942,-0.779576301574707,1.668966293334961,-0.3131188154220581
288,1.3751955032348633,17.46845054626465,-17.8481502532959,-64.6857681274414,-0.10607194900512695,5.872413635253906,-1.7144412994384766,0.2181972861289978,-1.4081789255142212,4.3984375,-0.2938007116317749,0.01897597312927246,2.303950071334839,-0.3205229341983795,0.46220463514328003,-0.7195817232131958,-1.7264670133590698,0.2364545315504074,-3.0157594680786133,0.11893288046121597,0.22328944504261017,-1.404310941696167,0.7026232481002808,-0.890943706035614
289,-28.466156005859375,17.273303985595703,-19.171398162841797,-70.8897933959961,-0.8488614559173584,4.343397617340088,17.676616668701172,-3.2589025497436523,1.7801735401153564,7.092141151428223,0.009568750858306885,-0.0041961669921875,2.2746195793151855,-0.4855007231235504,0.40262818336486816,-1.3524556159973145,-1.4711666107177734,0.12127980589866638,-1.8105031251907349,-0.38643085956573486,-0.03876090422272682,-2.74505877494812,-0.2450382113456726,-2.290719985961914
290,-25.249191284179688,10.87204360961914,-9.990612030029297,-50.196903228759766,0.8749179840087891,0.31891340017318726,21.882049560546875,-1.9007089138031006,1.1773320436477661,6.955686569213867,0.19133174419403076,0.1642627716064453,2.6165173053741455,-0.3812224864959717,0.4860098361968994,-1.6799262762069702,-1.393836498260498,0.23138850927352905,0.15358690917491913,-0.6126448512077332,-0.48262742161750793,-4.774942874908447,-0.3816959261894226,-2.8666107654571533
291,-35.36204528808594,2.7568297386169434,0.7780342102050781,-14.28293228149414,-1.658649206161499,-1.6482479572296143,29.464488983154297,-3.0769472122192383,6.737551689147949,9.862113952636719,0.3267320394515991,0.12336301803588867,1.4710099697113037,-0.27171590924263,0.5482063293457031,-0.858718991279602,-1.0070618391036987,0.26083964109420776,1.5099235773086548,-0.41489818692207336,0.4561918079853058,-6.037425994873047,-0.4039885699748993,-3.1304941177368164
292,-20.751956939697266,-5.2216796875,5.912651538848877,10.901626586914062,0.2041882425546646,-0.1888740062713623,27.832740783691406,-4.392871856689453,13.752687454223633,-23.933887481689453,-18.060142517089844,-8.446081161499023,-0.9890837073326111,-0.4407644271850586,0.5012309551239014,8.0907621383667,0.0489918515086174,-1.641888976097107,1.9433633089065552,-1.1368414163589478,-0.38646629452705383,-1.0243768692016602,8.498430252075195,1.02102530002594
293,-20.348079681396484,-0.5112344026565552,-0.43117594718933105,-4.579616546630859,-0.019557952880859375,0.17988669872283936,34.25960159301758,-19.709028244018555,33.865203857421875,-63.87408447265625,6.870706558227539,-8.44474983215332,-1.419986367225647,0.0950234979391098,0.2618606984615326,9.072330474853516,3.4981985092163086,-0.9744583964347839,1.0476971864700317,-0.03132931888103485,-0.2053523063659668,1.5093549489974976,-2.919586181640625,0.44515055418014526
294,-23.835834503173828,2.136244773864746,-2.660792827606201,-13.241168975830078,-1.0027318000793457,0.13000524044036865,31.226482391357422,-20.564136505126953,40.6705322265625,-59.166709899902344,11.93701171875,-7.78800106048584,-1.7001051902770996,-0.2831425666809082,-0.437002032995224,6.100757122039795,2.452806234359741,-1.0035756826400757,1.1928290128707886,-0.010481387376785278,-0.20614978671073914,0.8111850619316101,-2.370616912841797,0.15576113760471344
295,-34.65986633300781,5.1462602615356445,-0.9361437559127808,-10.8152437210083,-0.9803588390350342,0.10298645496368408,47.94992446899414,-25.634132385253906,41.13803482055664,-48.314910888671875,17.703996658325195,-4.284128189086914,-2.646413564682007,0.28211256861686707,-0.27068209648132324,3.921903133392334,1.4181921482086182,-0.6024548411369324,1.4893277883529663,0.18286427855491638,-0.2868072986602783,0.2167438119649887,-1.91492760181427,-0.011391013860702515
296,-16.605335235595703,5.14803409576416,-2.7403368949890137,-10.964698791503906,-0.7425270080566406,0.10636276006698608,30.86795997619629,-24.811931610107422,35.98989486694336,-48.34644317626953,17.87049102783203,-4.751051902770996,-2.151822328567505,0.510715663433075,-0.5028024315834045,-0.3847748935222626,0.6547037363052368,-0.2363108992576599,2.1852216720581055,0.2928134500980377,-0.1993345022201538,-0.4668956398963928,-1.6999822854995728,-0.06138688325881958
297,-10.8006591796875,-4.500394821166992,2.179108142852783,0.43873119354248047,-0.3062093257904053,0.014396607875823975,18.09709930419922,-14.961771011352539,23.509159088134766,-55.10405349731445,20.0,-0.04758918285369873,-2.044217109680176,0.36720141768455505,-0.8194620013237,-2.1139657497406006,0.6347470283508301,-0.2978985011577606,2.4566309452056885,0.5344699621200562,-0.23705068230628967,-1.1002672910690308,-1.3210508823394775,0.24365712702274323
298,-7.870943069458008,-4.1626434326171875,5.275903701782227,5.848654747009277,-0.22313639521598816,-0.0423172228038311,13.820777893066406,-20.00296974182129,20.21431541442871,-45.297576904296875,20.0,1.8089427947998047,-1.9706355333328247,0.2624109089374542,-0.05275044962763786,-2.3672049045562744,-0.10186504572629929,-0.005566725041717291,2.674830675125122,0.40319374203681946,-0.27895134687423706,-1.36675226688385,-1.1717157363891602,0.024978071451187134
299,1.9821910858154297,3.3927180767059326,-1.9838223457336426,4.9074201583862305,-0.09863197803497314,0.020058482885360718,1.752471923828125,-27.65879249572754,23.138568878173828,-39.44788360595703,20.0,-0.7259858846664429,-0.9806294441223145,0.24013422429561615,0.016515955328941345,-3.5715928077697754,-0.8748577237129211,0.1210627481341362,2.9436607360839844,0.330380380153656,-0.05497150123119354,-1.545721173286438,-1.1461609601974487,0.2511340081691742
300,1.5326645374298096,5.921144485473633,-4.826178550720215,0.7394027709960938,-0.11826586723327637,0.09481632709503174,-3.237765312194824,-14.804299354553223,11.058364868164062,-19.688552856445312,20.0,2.543712615966797,-0.0994439348578453,0.5677212476730347,-0.6373593211174011,-6.356495380401611,-0.7067391872406006,0.863891065120697,2.906888008117676,0.49798545241355896,-0.19709748029708862,-1.7063008546829224,-0.9863167405128479,-0.20368963479995728
301,18.6916561126709,4.74860954284668,-3.24995756149292,6.316497802734375,-0.0018618106842041016,0.014591455459594727,-21.37490463256836,-5.6620965003967285,-2.434338331222534,-1.0461015701293945,13.51078987121582,3.1763837337493896,1.2762281894683838,0.36316433548927307,-0.727989137172699,-9.13347053527832,-1.1190801858901978,1.7061421871185303,0.6225014328956604,-0.1556410938501358,-0.3040250539779663,1.8611918687820435,0.7944456934928894,1.9069175720214844
302,37.42939758300781,2.995138645172119,-7.461796760559082,-14.46951675415039,-16.82207679748535,1.3568015098571777,-40.00656509399414,5.258602619171143,-7.768394470214844,0.33458709716796875,-0.22881221771240234,0.012166500091552734,1.833404779434204,0.36127468943595886,0.29608049988746643,-0.6505265831947327,8.78044605255127,-0.08597610145807266,-1.9818570613861084,-0.33935293555259705,-0.5713351368904114,8.646810531616211,1.5645601749420166,3.5787246227264404
303,20.150955200195312,22.64756202697754,-28.72734260559082,-75.12120056152344,0.45623302459716797,6.9575653076171875,-25.583492279052734,-1.159933090209961,2.233088254928589,-13.890853881835938,-0.8263417482376099,-0.4379234313964844,1.241162657737732,-0.24250151216983795,0.28731709718704224,0.799136221408844,-2.1945013999938965,0.4509546160697937,-2.617347478866577,0.13665473461151123,0.8672725558280945,5.404385089874268,0.8833404779434204,2.170801877975464
304,26.289653778076172,26.042022705078125,-30.56720542907715,-65.70487213134766,-1.7299880981445312,7.384891033172607,-27.783370971679688,0.2075408697128296,-2.7639756202697754,-6.4039459228515625,-0.40999627113342285,-0.20639276504516602,1.1822013854980469,-0.2681310474872589,0.3637852370738983,0.3457346260547638,-1.826084017753601,0.3449699878692627,-3.7408454418182373,0.1976342648267746,0.903426468372345,4.539867877960205,2.1519453525543213,1.3110190629959106
305,17.32334327697754,15.177602767944336,-20.891714096069336,-70.11502075195312,-1.2291314601898193,5.708226680755615,-15.478303909301758,7.033278465270996,-7.4203314781188965,-9.840937614440918,-0.7672278881072998,-0.08016598224639893,1.7150579690933228,-0.19723114371299744,0.21749621629714966,-0.42671650648117065,-1.5300493240356445,0.29009124636650085,-3.1524362564086914,0.45922428369522095,-0.013439686968922615,0.23499536514282227,1.2939543724060059,0.394092321395874
306,-7.664117813110352,16.234582901000977,-20.734710693359375,-67.724609375,-1.7006075382232666,5.814363956451416,1.4313106536865234,-0.8508411645889282,-0.5024257302284241,0.9947137832641602,-0.2124490737915039,-0.0803985595703125,1.8569518327713013,-0.16871264576911926,0.33159497380256653,-1.0252411365509033,-1.3484355211257935,0.11811802536249161,-2.642552375793457,0.3782452642917633,-0.07567936927080154,-1.8263707160949707,1.4868437051773071,-0.7122559547424316
307,-7.775938510894775,14.329666137695312,-14.81338882446289,-55.87885284423828,-3.229172468185425,4.214595794677734,4.4184956550598145,-2.597367525100708,0.30580073595046997,6.286320686340332,-0.14558172225952148,0.042922258377075195,2.0852510929107666,-0.389644056558609,0.5947687029838562,-1.3420500755310059,-1.2087494134902954,0.23591692745685577,-1.988439679145813,-0.20630976557731628,-0.1444699913263321,-1.9801137447357178,0.6051923632621765,-1.3447366952896118
308,-20.857990264892578,12.697969436645508,-15.090662956237793,-55.05018615722656,-2.2335872650146484,1.5130836963653564,12.393926620483398,-0.601387619972229,0.5883854627609253,5.837791442871094,-0.05958294868469238,0.022725582122802734,2.060478687286377,-0.41348567605018616,0.5840150117874146,-1.6638292074203491,-1.1028553247451782,0.31463050842285156,-0.956653356552124,-0.35038021206855774,-0.3518320918083191,-3.3030927181243896,-0.4315990209579468,-3.0240352153778076
309,-12.173440933227539,7.6198625564575195,-8.694025039672852,-21.779664993286133,-0.09762263298034668,-1.0375425815582275,10.125004768371582,-1.4630610942840576,1.5657579898834229,4.606775283813477,0.11434365063905716,0.2124171257019043,1.8643770217895508,-0.4351707994937897,0.36977729201316833,-1.28926420211792,-1.2163633108139038,0.2890772819519043,0.14751990139484406,-0.5838091969490051,-0.7422174215316772,-4.870888710021973,-0.006026452872902155,-3.5805249214172363
310,-20.61690330505371,1.0739126205444336,-0.05012226104736328,2.3924155235290527,0.003172159194946289,-0.08979380130767822,26.38629913330078,-8.680450439453125,10.052742004394531,5.161521911621094,0.02680802345275879,0.19311809539794922,0.9166775345802307,-0.3094557523727417,0.35685792565345764,1.402526617050171,-0.9636449217796326,-0.9503052830696106,2.197523832321167,-0.29468122124671936,0.38279181718826294,-8.057527542114258,-0.6795517206192017,-3.219557046890259
311,-19.11154556274414,-4.076409816741943,3.5396921634674072,6.238887786865234,0.18564480543136597,-0.010910511016845703,29.358766555786133,-3.4370222091674805,10.985932350158691,-28.37978172302246,-18.47022247314453,-9.979598999023438,-0.9889628887176514,0.32937127351760864,0.3305657207965851,8.86899471282959,0.31818556785583496,-1.7859963178634644,0.6703407168388367,0.7574477195739746,0.40274137258529663,1.5866751670837402,-3.5221080780029297,-1.5262638330459595
312,-27.743986129760742,1.1069118976593018,-1.2126822471618652,-8.006507873535156,-0.317629337310791,0.2048642635345459,39.04487609863281,-31.89670181274414,41.08039474487305,-60.33306884765625,11.199382781982422,-9.263568878173828,-1.7862718105316162,-0.14787214994430542,-0.47262871265411377,8.828137397766113,2.6482784748077393,-1.2067437171936035,0.9448881149291992,0.1036510169506073,-0.22407150268554688,1.5206246376037598,-2.710855484008789,0.35296380519866943
313,-20.282569885253906,10.314763069152832,-4.958215236663818,-12.15371322631836,-0.7811040878295898,0.18427681922912598,26.860267639160156,-36.065895080566406,48.1957893371582,-54.97987365722656,9.96934700012207,-7.991794109344482,-1.8457313776016235,0.053059518337249756,-0.4593724310398102,6.017904758453369,2.3463613986968994,-0.4070987105369568,1.1658518314361572,-0.1068987026810646,-0.10548979043960571,1.0718371868133545,-2.5034799575805664,0.17542508244514465
314,-30.469707489013672,-0.17001527547836304,0.6199671030044556,-8.943623542785645,-0.8662455081939697,0.014110803604125977,42.26405715942383,-25.30828857421875,44.7697639465332,-59.613250732421875,18.521615982055664,-4.06069803237915,-2.4581258296966553,0.0889977291226387,-0.3592371344566345,3.826223850250244,1.4551886320114136,-0.720114529132843,1.511190414428711,0.05430746078491211,0.0336461141705513,0.3620648682117462,-1.9920026063919067,0.09094995260238647
315,-21.096420288085938,-0.44131261110305786,2.101630210876465,-6.147027969360352,-0.5048613548278809,0.021832823753356934,31.97624397277832,-22.395421981811523,35.812232971191406,-54.188785552978516,20.0,-0.4358086585998535,-2.79852557182312,0.16367706656455994,0.14539247751235962,1.4218717813491821,2.099839687347412,-0.7302892208099365,1.8854155540466309,-0.007102072238922119,0.08787994086742401,-0.1735227406024933,-1.6757090091705322,0.0812920406460762
316,-25.71578025817871,-2.8487496376037598,2.686281681060791,-3.897482395172119,-0.8102184534072876,0.04030454158782959,36.33125305175781,-15.629705429077148,32.79159927368164,-52.40217208862305,20.0,1.4390630722045898,-3.252150535583496,0.31111669540405273,0.3895948827266693,-0.7069671750068665,0.9436318874359131,-0.39538928866386414,2.402879238128662,0.11260107159614563,-0.05537528544664383,-0.8814582228660583,-1.3687649965286255,0.00183800607919693
317,-1.0144767761230469,-0.22499847412109375,-1.2844946384429932,-1.1200675964355469,-0.43889814615249634,0.10225379467010498,5.848499298095703,-15.752853393554688,22.911760330200195,-49.48615264892578,20.0,3.9620165824890137,-2.1952733993530273,0.28986260294914246,-0.018929373472929,-3.7050843238830566,-0.08188895136117935,0.3196775019168854,2.8675408363342285,0.3620533347129822,0.045631326735019684,-1.5908538103103638,-1.0576246976852417,-0.1324446201324463
318,6.956821441650391,0.5941116809844971,-0.46620917320251465,3.2941818237304688,-0.20703351497650146,0.013126850128173828,-6.646064758300781,-10.64918327331543,6.404767990112305,-34.081382751464844,20.0,7.9679341316223145,-0.943936288356781,0.45274919271469116,-0.4383510649204254,-6.078759670257568,-0.9195919632911682,0.8851870894432068,3.2028684616088867,0.5551949143409729,-0.22898398339748383,-2.106144428253174,-0.8347572088241577,-0.4300300180912018
319,9.135553359985352,2.5685830116271973,-0.8910837173461914,7.772495269775391,-0.04128599166870117,-0.014490604400634766,-16.311220169067383,-21.326961517333984,4.47562313079834,-18.312538146972656,20.0,4.788142204284668,-0.07806838303804398,0.36632630228996277,-0.010377834551036358,-7.85671329498291,-1.3499659299850464,2.030703544616699,2.3253495693206787,0.14283917844295502,-0.04968918114900589,-1.0111099481582642,-0.7557135224342346,1.7880460023880005
320,32.041893005371094,5.192544937133789,-5.2180023193359375,14.6690673828125,0.46261072158813477,-0.10379290580749512,-30.16353416442871,-0.92885422706604,-8.210683822631836,-1.064833641052246,12.606679916381836,3.2250399589538574,1.5783578157424927,0.1968296617269516,-0.7494426965713501,-8.343024253845215,-1.0567458868026733,1.9037939310073853,-0.25987836718559265,-0.47920849919319153,-0.5546168684959412,3.7600276470184326,2.0131192207336426,3.136335849761963
321,41.55162048339844,8.586433410644531,-11.723099708557129,-3.8994369506835938,-8.091904640197754,4.039838790893555,-43.34830093383789,3.178776264190674,-5.219026565551758,-2.661754608154297,-0.5008625984191895,-0.2298431396484375,2.0042622089385986,0.4316544234752655,0.5286696553230286,-1.1191847324371338,6.267258644104004,-0.2203829288482666,-3.064314842224121,-0.38439977169036865,-0.18495407700538635,9.865035057067871,2.4667861461639404,2.828151226043701
322,33.244239807128906,22.427955627441406,-29.40962791442871,-57.805477142333984,-0.7427048683166504,8.67963695526123,-28.734745025634766,-3.586421489715576,3.524653434753418,-18.416276931762695,-1.003481388092041,-0.3671269416809082,1.3647959232330322,-0.05553944408893585,0.28759288787841797,1.9439074993133545,-1.12282133102417,0.20987632870674133,-3.290623903274536,0.1623157411813736,1.5480313301086426,5.43778657913208,1.895419955253601,2.0596141815185547
323,24.114795684814453,23.446962356567383,-29.30947494506836,-66.634765625,0.21806859970092773,7.237857818603516,-23.174697875976562,1.482884168624878,-4.976966857910156,-10.208641052246094,-0.7246716022491455,-0.16974425315856934,1.468471646308899,-0.11123912036418915,0.13442069292068481,0.5694785714149475,-2.07165265083313,0.24074476957321167,-3.639103412628174,-0.020416755229234695,0.7188239097595215,1.9236193895339966,1.9013781547546387,1.0191330909729004
324,1.764509677886963,23.640745162963867,-25.028362274169922,-70.07373809814453,-1.6523537635803223,6.773155212402344,-3.954805374145508,1.6086525917053223,-2.859154224395752,-1.0447998046875,-0.4035177230834961,-0.12384533882141113,1.67374587059021,0.016957949846982956,0.08042464405298233,0.011914718896150589,-1.8972729444503784,0.018486905843019485,-3.3361592292785645,0.11856972426176071,0.34697702527046204,-0.2811942398548126,1.5517007112503052,-0.3521305024623871
325,3.1246414184570312,20.78582191467285,-20.3154354095459,-68.18098449707031,-0.042656898498535156,5.127472400665283,-3.568340301513672,-4.831140518188477,0.43793219327926636,1.1807146072387695,-0.4398652911186218,-0.0253143310546875,2.091517925262451,-0.2270285189151764,0.3131265640258789,-0.7238060832023621,-1.548882246017456,0.13817384839057922,-2.656806230545044,-0.8498712778091431,-0.11266887187957764,-2.1524505615234375,0.3347203731536865,-1.8090951442718506
326,-25.173614501953125,9.227727890014648,-14.93693733215332,-68.15110778808594,-1.5360605716705322,5.531621932983398,15.994924545288086,3.580524444580078,-0.7133951783180237,8.432507514953613,0.19262099266052246,0.1639719009399414,2.2095649242401123,-0.26866233348846436,0.440023809671402,-1.2949459552764893,-1.400245189666748,0.03441351652145386,-1.6017359495162964,-0.6989667415618896,0.0532529279589653,-3.0051984786987305,0.669452965259552,-1.5567982196807861
327,-8.668333053588867,6.357585906982422,-11.350117683410645,-44.03887939453125,-1.220564365386963,-0.2983367443084717,4.7347798347473145,3.8844292163848877,-2.682720184326172,6.840452194213867,-0.11350369453430176,0.0388646125793457,2.308032274246216,-0.22585171461105347,0.5849828720092773,-1.3218011856079102,-1.392415165901184,0.3834179639816284,-0.8737831115722656,-0.6158957481384277,-0.3282415270805359,-3.433886766433716,-0.452446311712265,-3.781545400619507
328,-24.398548126220703,-3.2657456398010254,-3.5808019638061523,-35.52358627319336,0.568300724029541,-0.9093239307403564,16.367511749267578,7.526656150817871,-2.6652908325195312,6.201189041137695,0.11803531646728516,0.3728952407836914,2.1096484661102295,-0.22432580590248108,0.42819246649742126,-1.3019673824310303,-1.4125306606292725,0.09332132339477539,0.40920764207839966,-0.20096713304519653,-0.5383285284042358,-5.4044952392578125,-0.6474563479423523,-3.0171501636505127
329,-27.242151260375977,-4.783238887786865,4.384617328643799,3.976856231689453,0.06473982334136963,-0.13688874244689941,29.72593879699707,-7.281092166900635,8.883064270019531,8.672250747680664,0.3984316289424896,0.13973283767700195,-0.2189370095729828,-0.6439104080200195,0.49261295795440674,3.9697299003601074,-0.4019988775253296,-1.3788626194000244,1.7544978857040405,-0.4373787045478821,0.32613900303840637,-6.83581018447876,0.23459705710411072,-3.044929265975952
330,-19.422252655029297,-4.533322334289551,1.5829253196716309,2.1531333923339844,0.047560691833496094,0.09231734275817871,32.61408233642578,-4.863239288330078,11.309377670288086,-44.499366760253906,2.343231678009033,-13.757780075073242,-1.365031123161316,0.36334192752838135,0.27711519598960876,9.223352432250977,1.0398613214492798,-1.5567375421524048,0.7535920143127441,0.3944593071937561,-0.023102786391973495,1.6273829936981201,-2.4286632537841797,2.679304361343384
331,-21.045997619628906,-4.242918014526367,2.142765998840332,-9.275310516357422,-0.36965417861938477,0.152654767036438,33.73138427734375,-19.622617721557617,38.03923797607422,-63.52338409423828,8.506757736206055,-7.531841278076172,-1.4226990938186646,-0.6018801927566528,-0.17977288365364075,7.674006462097168,2.9740636348724365,-0.9933831095695496,1.1383401155471802,0.047233566641807556,-0.2370009869337082,1.3680411577224731,-2.6962878704071045,0.23177453875541687
332,-28.837154388427734,6.2041215896606445,-3.2432198524475098,-12.25971794128418,-0.9615700244903564,0.15472030639648438,36.19245529174805,-28.25236701965332,45.11942672729492,-56.4224853515625,15.957038879394531,-7.731075286865234,-2.0997395515441895,-0.4255823493003845,-0.265642374753952,5.0156636238098145,2.1783692836761475,-0.36383479833602905,1.2426116466522217,0.12670843303203583,-0.1887328028678894,0.7085322737693787,-2.249605417251587,0.05435208976268768
333,-25.055419921875,6.111173152923584,-2.8068885803222656,-8.149688720703125,-0.7677090167999268,0.04040694236755371,37.52485275268555,-28.705259323120117,40.027565002441406,-51.75432205200195,20.0,-4.1362080574035645,-2.4821012020111084,0.05049755424261093,-0.40439319610595703,2.8235747814178467,1.4168459177017212,-0.6967980861663818,1.6526178121566772,0.39266473054885864,-0.16674701869487762,0.09025471657514572,-1.8435341119766235,-0.1479087471961975
334,-9.431474685668945,2.959611415863037,0.09061762690544128,-4.067625045776367,-0.46781885623931885,0.06619283556938171,16.294437408447266,-26.92725944519043,33.88911437988281,-61.126102447509766,20.0,-1.4332720041275024,-2.2869873046875,0.23730842769145966,-0.01146633829921484,0.286226749420166,0.8345390558242798,-0.21148163080215454,1.9682996273040771,0.2687298357486725,-0.06386218219995499,-0.45809072256088257,-1.6188974380493164,0.2840767204761505
335,-15.989822387695312,4.302950859069824,-2.071510076522827,0.1118011474609375,-0.393341064453125,0.050316546112298965,22.106216430664062,-31.28812599182129,31.92230796813965,-58.85203170776367,20.0,-0.1518934965133667,-2.532238006591797,0.585582971572876,-0.4304601550102234,-1.1055710315704346,0.5690582990646362,0.0390525683760643,2.3092639446258545,0.42140647768974304,-0.25527456402778625,-1.120144009590149,-1.2168588638305664,0.14469566941261292
336,-8.770824432373047,0.7126960754394531,0.19509565830230713,0.27339649200439453,-0.43300294876098633,0.009618043899536133,15.124428749084473,-22.314538955688477,27.236019134521484,-48.49021911621094,20.0,0.14168323576450348,-1.9609708786010742,0.6552790999412537,-0.2603641748428345,-3.313584089279175,-0.5185180902481079,0.3997620642185211,2.6976165771484375,0.42777326703071594,-0.18034608662128448,-1.6437174081802368,-0.9663028120994568,0.025133445858955383
337,-4.50477409362793,-4.578315734863281,3.67940092086792,4.478815078735352,-0.13104653358459473,-0.050096750259399414,5.915557861328125,-15.930326461791992,14.604925155639648,-38.7166748046875,20.0,6.206203460693359,-1.4465835094451904,0.31230640411376953,0.10912004858255386,-4.721828460693359,-0.5700542330741882,0.9181172251701355,2.891035556793213,0.3170900046825409,-0.2024003118276596,-1.9443596601486206,-0.7978819012641907,-0.27088600397109985
338,13.617361068725586,-0.3653801679611206,-0.7816990613937378,8.757755279541016,0.10825967788696289,-0.04960131645202637,-17.134021759033203,-11.627049446105957,6.366510391235352,-26.52044677734375,20.0,7.173254489898682,-0.26853734254837036,0.2495640516281128,-0.0798228308558464,-5.5808234214782715,-1.0983097553253174,1.1469744443893433,2.865147590637207,0.3980305790901184,-0.14615748822689056,-2.013932466506958,-0.9082668423652649,-0.06889504194259644
339,26.391881942749023,4.839198112487793,-4.466211795806885,6.873435974121094,0.1854414939880371,0.01275014877319336,-26.81881332397461,-1.2166780233383179,-7.8465094566345215,2.06363582611084,14.530198097229004,3.785240650177002,1.2369016408920288,0.019885646179318428,-0.5763978362083435,-7.9786810874938965,-1.4364213943481445,2.008828639984131,-0.14960573613643646,-0.33500993251800537,-0.41869470477104187,3.0892956256866455,1.9911918640136719,2.213779926300049
340,42.275054931640625,11.692588806152344,-11.208285331726074,-2.864788055419922,-9.666903495788574,4.746281623840332,-41.23808670043945,3.208505868911743,-6.382704734802246,-0.18902587890625,-0.4862961769104004,-0.03658485412597656,1.9767043590545654,0.5361993312835693,0.5229107141494751,-1.9482827186584473,9.404926300048828,1.8661048412322998,-2.658702850341797,-0.5242924690246582,-0.5070924758911133,9.87524700164795,1.9830491542816162,3.7165262699127197
341,23.899242401123047,21.44895362854004,-30.445396423339844,-67.8982162475586,0.3465743064880371,7.816188335418701,-23.67984390258789,-4.620600700378418,4.470653533935547,-18.660945892333984,-0.8853347301483154,-0.4536705017089844,1.6823720932006836,-0.0903397649526596,0.4174440801143646,0.6028112173080444,-2.287569284439087,0.4267570972442627,-2.590031385421753,-0.09736151993274689,1.2341073751449585,4.701571464538574,1.7863397598266602,2.7259678840637207
342,28.316898345947266,18.412185668945312,-25.192766189575195,-48.11395263671875,0.05973243713378906,7.763028621673584,-30.998783111572266,4.533995628356934,-5.67919397354126,-9.046003341674805,-0.7092692852020264,-0.24323558807373047,1.2302796840667725,-0.2353576421737671,0.19535890221595764,0.39398202300071716,-1.8742702007293701,0.10461390018463135,-3.9296188354492188,0.0962560698390007,0.8552647233009338,2.920261859893799,1.8768469095230103,1.5249801874160767
343,0.8696990013122559,17.84393310546875,-27.467586517333984,-76.0591812133789,0.275296688079834,5.902520179748535,-5.007978439331055,4.753089904785156,-4.598213195800781,-4.629951000213623,-0.46009063720703125,-0.1669730246067047,1.407676100730896,-0.025202840566635132,0.04406334459781647,-0.37488052248954773,-1.6616268157958984,0.11201803386211395,-3.5047707557678223,0.546299159526825,0.3108244240283966,-0.7470330595970154,2.0180933475494385,0.0010347090428695083
344,6.3639326095581055,16.095111846923828,-18.122255325317383,-56.58524703979492,-0.9986658096313477,5.671667098999023,-3.3065662384033203,0.23204398155212402,-1.4966975450515747,5.389774322509766,-0.24509525299072266,0.0004354715347290039,1.7061376571655273,-0.4476615786552429,0.2227081060409546,-0.6997119188308716,-1.4109760522842407,0.20917059481143951,-3.2116270065307617,-0.07153276354074478,0.28100016713142395,-0.39577817916870117,1.2892916202545166,-0.5286156535148621
345,-4.896076679229736,15.122882843017578,-19.157867431640625,-55.38964080810547,0.3990626335144043,3.9475159645080566,2.63040828704834,1.7692289352416992,-3.594088315963745,1.4265718460083008,-0.3767542839050293,0.043984413146972656,1.9246788024902344,-0.1048240214586258,0.19042639434337616,-1.0442076921463013,-1.400593876838684,0.05643129348754883,-2.327237129211426,0.003955486696213484,-0.6828411817550659,-2.6429953575134277,-0.1326226443052292,-1.7432057857513428
346,-6.373490333557129,6.739969730377197,-14.105670928955078,-56.03919982910156,-0.2372276782989502,1.428096890449524,5.52794885635376,3.1576991081237793,-1.1951565742492676,7.9811248779296875,0.12967270612716675,0.09852838516235352,2.2855138778686523,-0.5056609511375427,0.3161699175834656,-1.50020432472229,-1.1952015161514282,0.4062409996986389,-1.4084019660949707,-0.40686142444610596,-0.6563079953193665,-2.5716943740844727,-0.24771898984909058,-2.852318048477173
347,-23.049762725830078,8.427369117736816,-11.58780288696289,-42.921470642089844,-0.611823558807373,0.6332243084907532,16.187789916992188,0.6715774536132812,1.7064987421035767,8.527587890625,0.23324567079544067,0.16142034530639648,2.3242108821868896,-0.516667902469635,0.35921964049339294,-1.643888235092163,-1.2493782043457031,0.17037135362625122,-0.46131592988967896,-0.1606149673461914,-0.24088917672634125,-2.861611843109131,-0.3969494104385376,-3.6966238021850586
348,-21.395715713500977,-2.93337082862854,2.865379810333252,4.301407814025879,0.00037097930908203125,-0.10765981674194336,24.735692977905273,-10.738495826721191,9.728476524353027,0.008670806884765625,0.17918086051940918,0.20517683029174805,0.6433315277099609,-0.8693422675132751,0.4303663372993469,2.1823337078094482,-0.9714198708534241,-0.9967275857925415,1.2280340194702148,-0.645103394985199,0.41971299052238464,-6.729994297027588,0.9536226391792297,-3.678424835205078
349,-17.093481063842773,-2.1580753326416016,2.9472227096557617,8.529212951660156,0.21259140968322754,0.0013146400451660156,26.58226776123047,-9.423086166381836,9.170551300048828,10.103321075439453,0.02341681718826294,0.2245020866394043,-1.603206753730774,-0.7600874304771423,0.6453106999397278,11.583744049072266,0.5898867845535278,-1.678756833076477,2.3565027713775635,-1.19331955909729,-0.15229931473731995,-1.4484617710113525,7.371912002563477,0.2570061683654785
350,-20.464618682861328,6.17701530456543,-5.575287818908691,-13.635833740234375,-0.24333667755126953,0.24100542068481445,28.86709213256836,-17.901206970214844,32.01956558227539,-54.94917297363281,5.99814510345459,-15.841001510620117,-1.684342622756958,0.2201637327671051,-0.07047374546527863,9.827735900878906,4.285412311553955,-1.0921398401260376,0.5674613118171692,0.027763664722442627,-0.15646402537822723,2.102220058441162,-3.1302638053894043,0.7462916970252991
351,-32.803104400634766,4.0904717445373535,-1.774292230606079,-16.70028305053711,-1.3628063201904297,0.13559889793395996,50.73827362060547,-26.73633575439453,44.745113372802734,-56.408485412597656,15.997045516967773,-8.709803581237793,-1.8142818212509155,0.3390633165836334,-0.3363064229488373,5.963285446166992,2.3363654613494873,-0.7079020738601685,1.253130316734314,0.08514587581157684,-0.23877426981925964,1.1582577228546143,-2.627619981765747,0.29813528060913086
352,-37.886695861816406,5.345961093902588,-1.6239912509918213,-12.84569263458252,-1.1281373500823975,0.0848846435546875,54.98318099975586,-28.874740600585938,48.16773223876953,-47.020381927490234,20.0,-7.799662113189697,-2.780843496322632,0.551992654800415,-0.3462062478065491,2.645078420639038,1.091019868850708,-0.5118972063064575,1.6606775522232056,0.10102950036525726,-0.16601020097732544,0.5055438876152039,-2.19566011428833,0.0708676278591156
353,-25.030548095703125,1.6033422946929932,0.6301038265228271,-5.2453107833862305,-0.5737500190734863,0.027299880981445312,41.514915466308594,-25.624326705932617,39.70514678955078,-54.514869689941406,20.0,-1.585911512374878,-3.169745922088623,0.5938137769699097,-0.24991385638713837,0.09247834980487823,1.4864754676818848,-0.5589595437049866,2.2930166721343994,0.10594548285007477,-0.12831901013851166,-0.14838653802871704,-1.8987140655517578,-0.009393153712153435
354,-2.0876312255859375,-1.03253972530365,0.6393959522247314,0.986790657043457,-0.38660573959350586,0.06779837608337402,8.420233726501465,-20.75788116455078,25.335182189941406,-57.06363296508789,20.0,0.7202609181404114,-2.6417362689971924,0.4577855169773102,-0.2919992506504059,-1.8523868322372437,0.42502593994140625,-0.10875952243804932,2.673006772994995,0.10890619456768036,-0.13059648871421814,-0.7885777354240417,-1.7194007635116577,0.10305407643318176
355,-15.226308822631836,-1.1576623916625977,2.0984792709350586,5.118417739868164,-0.3139021694660187,-0.01861216127872467,22.758207321166992,-26.45699691772461,30.49924659729004,-50.079830169677734,20.0,0.7961958646774292,-2.6905534267425537,0.35131388902664185,0.07510454952716827,-2.2802224159240723,-0.2844156324863434,0.11113015562295914,3.017200231552124,0.04910343140363693,-0.12084902077913284,-1.1168173551559448,-1.488018274307251,0.03788455203175545
356,-1.144174575805664,-5.47044038772583,2.512681484222412,3.4677953720092773,-0.06721478700637817,0.006358742713928223,0.9038410186767578,-6.403861999511719,13.17283821105957,-46.24284744262695,20.0,4.844923973083496,-2.064887046813965,0.2519802153110504,-0.05054544657468796,-3.8502235412597656,0.14934243261814117,0.6338313817977905,3.178313732147217,0.3413470983505249,-0.1730113923549652,-1.7242889404296875,-1.1545406579971313,-0.2314959615468979
357,4.780128479003906,-0.7518188953399658,0.2770693898200989,3.960674285888672,-0.27037811279296875,-0.029422283172607422,-7.52613639831543,-11.855137825012207,8.87649154663086,-28.00875473022461,20.0,5.785348892211914,-1.1104910373687744,0.037062741816043854,-0.14671769738197327,-5.907040596008301,-1.056199550628662,1.0532947778701782,3.1480941772460938,0.3380168676376343,-0.16759856045246124,-1.88921058177948,-1.047966480255127,-0.35501813888549805
358,19.075361251831055,4.782745361328125,-4.176077842712402,8.85223388671875,0.21212518215179443,-0.010037660598754883,-20.88517189025879,-9.670048713684082,0.43861502408981323,-10.903775215148926,20.0,4.854776382446289,0.21148928999900818,0.0073587242513895035,-0.6114214658737183,-7.355077266693115,-0.7823135852813721,1.5032929182052612,1.4861795902252197,0.046806082129478455,-0.2448684424161911,0.6434999704360962,0.10775923728942871,1.226082682609558
359,43.74158477783203,13.477360725402832,-9.830886840820312,12.469432830810547,0.33390045166015625,0.053919315338134766,-39.874122619628906,-0.22685503959655762,-5.949542045593262,0.050811767578125,4.242469310760498,1.2028183937072754,2.9209682941436768,0.2767885625362396,-1.3190091848373413,-10.030214309692383,-1.4566129446029663,2.7132184505462646,-1.173354983329773,-0.6393101215362549,-0.7813132405281067,6.211036682128906,4.269514083862305,3.421255111694336
360,52.09809875488281,7.7981390953063965,-14.9614896774292,-25.846839904785156,-16.62267303466797,13.115884780883789,-51.975807189941406,7.549927711486816,-6.235376834869385,-11.142696380615234,-1.3118960857391357,-0.2198009490966797,2.2026944160461426,-0.430416077375412,0.19793808460235596,-0.9366051554679871,6.719587802886963,1.4535412788391113,-3.4536008834838867,-0.4383760988712311,-0.08378597348928452,8.407448768615723,1.411023736000061,3.7972984313964844
361,25.577835083007812,22.122257232666016,-31.951072692871094,-61.62400817871094,-0.6852712631225586,9.379265785217285,-21.00565528869629,-0.48013925552368164,2.2873449325561523,-15.816370010375977,-0.708967924118042,-0.5024147033691406,1.3577313423156738,0.040742967277765274,0.3375876843929291,1.324957013130188,-2.6262667179107666,0.19653171300888062,-3.765131711959839,0.7790603041648865,1.5689970254898071,3.5072543621063232,1.913200855255127,2.009709119796753
362,22.083518981933594,21.26270866394043,-28.06648826599121,-64.6214599609375,-0.9465093612670898,7.783348083496094,-18.359439849853516,4.459417819976807,-6.459550380706787,-2.900676727294922,-0.4821457862854004,-0.16781580448150635,1.4513847827911377,-0.038502007722854614,0.2251172959804535,0.8065144419670105,-2.3325929641723633,0.15673696994781494,-4.351227283477783,0.828913688659668,0.8161570429801941,2.2029685974121094,2.1321346759796143,0.6537578701972961
363,6.29420280456543,23.22629737854004,-25.721391677856445,-59.7060661315918,-0.6621618270874023,9.091723442077637,-2.8651466369628906,-7.679186820983887,2.390599012374878,-2.849416732788086,-0.4534108638763428,-0.11848592758178711,1.8008376359939575,-0.24762211740016937,0.3546336889266968,0.23981550335884094,-2.1130850315093994,0.06361810117959976,-3.8142781257629395,0.045921243727207184,0.7493549585342407,-0.2805456817150116,1.8261524438858032,-0.29906725883483887
364,-5.8825836181640625,19.362163543701172,-24.426372528076172,-72.39920806884766,-0.2681608200073242,7.037566184997559,4.51542854309082,0.3478546738624573,-2.6869044303894043,3.342656135559082,-0.26203179359436035,0.02021193504333496,2.1343283653259277,-0.05699113756418228,0.3311804533004761,-0.40371063351631165,-1.949157953262329,0.008071079850196838,-2.8746700286865234,-0.026918645948171616,0.0029195239767432213,-2.33886981010437,1.4773468971252441,-1.3426352739334106
365,-19.44744300842285,16.87372398376465,-18.693042755126953,-68.50839233398438,-0.6070246696472168,5.615848064422607,14.656329154968262,-2.110743761062622,1.3193929195404053,8.564247131347656,-0.09328985214233398,0.05132913589477539,2.3472352027893066,-0.3120247423648834,0.3467898666858673,-1.0365581512451172,-1.6699635982513428,0.03187441825866699,-1.5998154878616333,-0.531086802482605,-0.11348352581262589,-3.123781442642212,0.027658559381961823,-2.424586534500122
366,-22.38978385925293,8.758785247802734,-13.987930297851562,-58.51253890991211,-0.38152241706848145,2.545363426208496,15.9171724319458,-2.148069381713867,1.9031624794006348,7.102447509765625,0.1035681664943695,0.14078474044799805,2.525888681411743,-0.4489472508430481,0.5498344302177429,-1.568337321281433,-1.428279995918274,0.21285247802734375,-0.1776527613401413,-0.9913280010223389,-0.15605439245700836,-4.767539978027344,-0.1608772575855255,-3.262152671813965
367,-23.045669555664062,0.9619853496551514,-1.4465291500091553,-22.15235710144043,0.37038230895996094,0.725540280342102,17.06668472290039,5.599604606628418,-1.9680507183074951,10.056341171264648,0.27275407314300537,0.31929540634155273,2.1742587089538574,-0.38527584075927734,0.3717203736305237,-1.080737829208374,-1.5358624458312988,-0.17131048440933228,0.7580568790435791,-0.6331971883773804,-0.46282896399497986,-5.197322845458984,0.22073841094970703,-2.624195098876953
368,-16.23172950744629,-8.185165405273438,6.031223297119141,6.202579498291016,0.1691875457763672,-0.13113188743591309,20.396963119506836,-0.6358097791671753,3.994529962539673,6.850593566894531,0.012196063995361328,0.07955551147460938,0.8387182950973511,-0.8225725889205933,0.7048954963684082,3.831841230392456,-0.9505958557128906,-1.515920639038086,1.6801340579986572,-0.9275592565536499,-0.41889864206314087,-1.241080641746521,6.675276756286621,-0.6979598999023438
369,-21.94318389892578,-4.007823944091797,1.6845414638519287,4.7852325439453125,0.16872763633728027,0.1358482837677002,31.510366439819336,-13.552271842956543,24.37060546875,-57.63341522216797,4.7106733322143555,-12.650344848632812,-1.077324390411377,-0.15505342185497284,0.40394940972328186,9.679009437561035,1.7560795545578003,-1.0146466493606567,0.7399415373802185,0.17613708972930908,0.003697335720062256,1.9277865886688232,-3.1308376789093018,0.9021011590957642
370,-27.004798889160156,1.8404616117477417,-1.8692760467529297,-7.348594665527344,-0.5582427978515625,0.10630369186401367,44.35563659667969,-22.734516143798828,43.537139892578125,-64.49288177490234,10.443809509277344,-8.483816146850586,-1.3839737176895142,-0.45558634400367737,-0.47492513060569763,9.817974090576172,2.8988442420959473,-1.2310681343078613,1.4510809183120728,0.062415897846221924,-0.41204994916915894,1.2357542514801025,-2.835536241531372,0.3779139518737793
371,-31.91234016418457,8.563006401062012,-2.6475133895874023,-19.67119598388672,-1.1838159561157227,0.1879073977470398,38.85664367675781,-33.19499588012695,45.96186447143555,-59.03791427612305,16.051855087280273,-5.423839092254639,-1.7666374444961548,-0.19445495307445526,-0.009491882286965847,4.613978385925293,2.318376064300537,0.035863395780324936,1.652947187423706,-0.004986867308616638,-0.20025315880775452,0.43937551975250244,-2.2791781425476074,0.04349429905414581
372,-23.44915199279785,5.174698352813721,-2.0410008430480957,-8.135771751403809,-0.830886721611023,-0.002241969108581543,34.72321319580078,-25.803010940551758,40.39046859741211,-55.26154708862305,18.109464645385742,-1.0834426879882812,-2.0605666637420654,0.11188634485006332,0.009383062832057476,2.0627238750457764,1.0856784582138062,-0.2605515718460083,2.075971841812134,0.071217380464077,-0.18365885317325592,-0.16628023982048035,-1.9410688877105713,-0.12329229712486267
373,-24.40240478515625,7.414212703704834,-4.095494747161865,-6.411509990692139,-0.6940629482269287,0.082627072930336,32.75621795654297,-28.70911407470703,39.08601760864258,-52.68845748901367,20.0,-1.5831800699234009,-2.597217082977295,0.5877918004989624,-0.4150703549385071,-0.7663513422012329,0.6455596685409546,-0.05293577164411545,2.2859954833984375,0.2892152965068817,-0.15171247720718384,-0.7585136294364929,-1.485265851020813,0.1138019859790802
374,-8.161518096923828,-1.598501205444336,2.431913137435913,-0.2579059600830078,-0.33866405487060547,-0.023759007453918457,15.166045188903809,-18.646442413330078,24.4333553314209,-51.70857238769531,20.0,2.6076247692108154,-2.145469903945923,0.4377439618110657,-0.07340788841247559,-3.2007970809936523,0.6684225797653198,0.07699050009250641,2.7505509853363037,0.13470374047756195,-0.19258645176887512,-1.3171119689941406,-1.3080259561538696,-0.06118175387382507
375,-13.711557388305664,-0.5522403717041016,1.6785786151885986,8.397883415222168,-0.20706039667129517,-0.04776714742183685,15.660310745239258,-24.79901695251465,24.435531616210938,-53.627052307128906,20.0,3.989227771759033,-2.4568910598754883,0.7339584231376648,0.15221545100212097,-2.644564628601074,0.2883841395378113,0.02940043807029724,2.8845040798187256,0.3614760935306549,-0.30342742800712585,-1.7588320970535278,-0.9803455471992493,-0.1892230361700058
376,0.7079620361328125,1.2440736293792725,-2.681218147277832,6.189574241638184,-0.12494522333145142,0.07358860969543457,-3.3022384643554688,-20.238964080810547,17.643966674804688,-46.51097869873047,20.0,3.944797992706299,-1.9927185773849487,0.7180505394935608,-0.6226612329483032,-3.216257333755493,-0.48979488015174866,0.5515656471252441,2.9469549655914307,0.6392285227775574,-0.33751025795936584,-2.230128765106201,-0.7302740812301636,-0.22961129248142242
377,10.263879776000977,-1.6925030946731567,1.057300090789795,6.12177848815918,-0.013529062271118164,-0.03564012050628662,-8.411989212036133,-11.577777862548828,11.192343711853027,-16.52893829345703,20.0,5.2837419509887695,-0.840217649936676,0.1987752765417099,-0.3807133138179779,-4.174779891967773,-1.7351173162460327,0.9245805740356445,2.94998836517334,0.3090918958187103,-0.22445157170295715,-1.8975869417190552,-0.7737525105476379,-0.6429174542427063
378,21.731801986694336,2.1033401489257812,-2.6201179027557373,3.702289581298828,0.25336623191833496,0.00209808349609375,-26.445953369140625,-1.991636872291565,-6.601004600524902,-9.344025611877441,19.46233367919922,5.494709491729736,0.3876301944255829,0.10974787175655365,-0.7773591876029968,-7.157978057861328,-0.9965535998344421,1.5495144128799438,0.6025626063346863,-0.05423283949494362,-0.40474653244018555,1.4087523221969604,1.2776727676391602,1.0518516302108765
379,46.852882385253906,11.110969543457031,-7.848927021026611,12.436260223388672,0.4182772636413574,0.026057720184326172,-43.388343811035156,2.31231689453125,-5.42178201675415,0.6862030029296875,0.0044116973876953125,0.17235660552978516,3.1858084201812744,0.19562071561813354,-1.0350768566131592,-9.872604370117188,-1.5895662307739258,2.8101911544799805,-2.179043769836426,-0.6304507851600647,-0.6954520344734192,8.208279609680176,4.4317803382873535,4.4939775466918945
380,41.16813659667969,11.15787410736084,-19.95465660095215,-26.634130477905273,-15.78708267211914,13.755359649658203,-40.63812255859375,-1.406891942024231,0.9131712913513184,-14.386112213134766,-1.3937668800354004,-0.4756956100463867,1.9178266525268555,-0.27142396569252014,0.20277787744998932,-0.8763934969902039,6.288642406463623,-1.20220947265625,-3.8185720443725586,-0.11848568171262741,1.125055193901062,8.531112670898438,1.020466685295105,3.5303425788879395
381,28.656005859375,26.74305534362793,-34.47898864746094,-56.57822799682617,-0.7054038047790527,9.667991638183594,-19.54184341430664,-4.2281928062438965,0.613579273223877,-19.294597625732422,-0.7803255319595337,-0.36748838424682617,1.4098031520843506,0.02611922100186348,0.19405736029148102,1.1553860902786255,-2.4653589725494385,0.11966428905725479,-3.0399820804595947,0.010429595597088337,0.8675445914268494,1.8957685232162476,1.2786885499954224,2.5647802352905273
382,22.672916412353516,13.084790229797363,-20.399587631225586,-58.89085388183594,0.5221714973449707,7.99149227142334,-23.198322296142578,8.833446502685547,-8.123189926147461,-3.4422872066497803,-0.5514593124389648,-0.23591625690460205,1.273341178894043,-0.07117920368909836,0.22308099269866943,0.6442165970802307,-2.0890953540802,0.05970962718129158,-4.045663833618164,0.20892775058746338,0.3257688283920288,0.2993670403957367,1.2204599380493164,0.5918899774551392
383,2.273423194885254,25.211530685424805,-30.27724838256836,-72.1783447265625,0.947089433670044,8.128800392150879,-2.880739212036133,-2.3594064712524414,0.5648908615112305,2.8889055252075195,-0.26744580268859863,-0.16669893264770508,1.486358642578125,-0.06480111926794052,0.25034910440444946,-0.017920248210430145,-1.871063232421875,0.012697253376245499,-3.8090293407440186,0.17687559127807617,0.38681915402412415,-1.149522066116333,1.0188319683074951,-1.5422337055206299
384,-10.021648406982422,17.07718276977539,-24.52381134033203,-72.15471649169922,-2.251232862472534,6.233653545379639,14.059738159179688,-3.7204103469848633,1.9864835739135742,7.850367546081543,0.09730815887451172,0.12685227394104004,2.296586036682129,-0.1571372002363205,0.40442371368408203,-0.8888749480247498,-2.0551741123199463,0.1549810767173767,-2.141169309616089,-0.16792692244052887,0.5392261743545532,-1.8530597686767578,0.9272963404655457,-1.3457958698272705
385,-7.6302266120910645,6.3548736572265625,-13.003889083862305,-55.32476043701172,0.0009109973907470703,3.226274013519287,-0.670222282409668,7.722738742828369,-6.782690525054932,3.937957763671875,-0.2663152813911438,0.13779640197753906,2.1334168910980225,-0.16643831133842468,0.3326551914215088,-0.969420850276947,-1.5561002492904663,0.038974422961473465,-1.7667678594589233,-0.16988903284072876,-0.4809657633304596,-3.1234915256500244,-0.07001184672117233,-2.4857070446014404
386,-21.025714874267578,2.0602293014526367,-7.678056716918945,-48.90343475341797,0.00531768798828125,1.2806117534637451,18.588884353637695,2.616330862045288,-0.14400029182434082,8.011012077331543,0.20112647116184235,0.1530008316040039,2.4464128017425537,-0.42959892749786377,0.35506221652030945,-1.3939847946166992,-1.4528075456619263,0.013679683208465576,-0.14951519668102264,-0.35164445638656616,-0.4427189826965332,-4.300854206085205,-0.15280084311962128,-3.399747133255005
387,-29.35537338256836,1.0066921710968018,0.6997928619384766,0.4098491668701172,-0.16277456283569336,-0.028316177427768707,31.89256477355957,-10.071253776550293,10.323110580444336,6.313577651977539,0.3179110288619995,0.152618408203125,0.93583744764328,-0.4646857678890228,0.3948863446712494,1.0489238500595093,-1.8729305267333984,0.0696316808462143,1.7044949531555176,-0.46540915966033936,0.5536299347877502,-6.8346943855285645,0.7211678624153137,-3.4662365913391113
388,-19.61699676513672,-7.746583461761475,6.132227897644043,9.771293640136719,0.4695098400115967,-0.14466261863708496,31.5692138671875,-8.273935317993164,12.759766578674316,-61.123504638671875,-0.3610055446624756,-9.75235366821289,-1.3235588073730469,0.06880833208560944,0.6057844161987305,9.902764320373535,1.1469355821609497,-1.092307448387146,1.1647924184799194,0.18406936526298523,0.2073015719652176,1.8299691677093506,-3.6096339225769043,1.9201676845550537
389,-25.981796264648438,2.183375358581543,-2.995034694671631,-8.84225082397461,-0.4982900619506836,0.1499476432800293,40.58622360229492,-31.582059860229492,43.71311950683594,-67.19149780273438,12.128443717956543,-11.859169960021973,-1.6480417251586914,-0.3597789406776428,-0.4726443290710449,9.397990226745605,2.4962637424468994,-0.9714574217796326,1.489396333694458,0.06346423178911209,-0.2188829481601715,1.2914286851882935,-2.9509832859039307,0.5913287997245789
390,-16.632198333740234,3.1389923095703125,-1.137397289276123,-13.207735061645508,-0.676969051361084,0.10369384288787842,21.314720153808594,-18.68521499633789,37.58043670654297,-67.26823425292969,14.796960830688477,-6.916149139404297,-1.5243737697601318,-0.2315651774406433,-0.4566303789615631,5.8713579177856445,3.0313713550567627,-0.8187615871429443,1.7690706253051758,0.07172782719135284,-0.32054227590560913,0.40988898277282715,-2.4276044368743896,0.02767224609851837
391,-25.03468894958496,4.482087135314941,0.06784528493881226,-11.247347831726074,-0.9864187240600586,0.08015385270118713,33.28916931152344,-27.607894897460938,37.71766662597656,-54.803367614746094,17.43562126159668,-4.001076698303223,-1.885564923286438,0.20800602436065674,0.23968003690242767,2.645829200744629,1.6987413167953491,-0.09911081194877625,2.0240228176116943,0.10978613048791885,-0.21028396487236023,-0.1470039039850235,-1.9702081680297852,-0.09895536303520203
392,-18.04471778869629,-1.0998698472976685,0.15802013874053955,-4.108235836029053,-0.5616190433502197,-0.0066797733306884766,25.117103576660156,-21.404130935668945,31.39160919189453,-64.0517578125,20.0,-0.12959277629852295,-2.1177377700805664,0.311350017786026,-0.04159248620271683,0.5692225098609924,1.2495036125183105,-0.5549725890159607,2.3607473373413086,0.3746025264263153,-0.3071519732475281,-0.9246296286582947,-1.456498384475708,-0.10246976464986801
393,-20.867849349975586,2.739025592803955,0.3590658903121948,-1.409308910369873,-0.5914303064346313,0.044686511158943176,28.052635192871094,-30.37251091003418,30.354990005493164,-49.05851364135742,20.0,0.503049910068512,-2.609241247177124,0.42906513810157776,0.24294359982013702,-0.9660983085632324,0.31490060687065125,-0.09560521692037582,2.6328115463256836,0.2953704297542572,-0.33337709307670593,-1.3468577861785889,-1.2188040018081665,-0.029701709747314453
394,-5.412174224853516,1.8738760948181152,-1.5812410116195679,-0.8032073974609375,-0.31586918234825134,0.05321770906448364,10.084338188171387,-21.685895919799805,20.856164932250977,-47.534507751464844,20.0,3.7977285385131836,-1.903014898300171,0.4191298484802246,-0.14468641579151154,-3.5528199672698975,0.1533290445804596,0.27255958318710327,3.115049362182617,0.3948500156402588,-0.4280000925064087,-2.0117990970611572,-0.9543353915214539,-0.27027708292007446
395,-4.5279541015625,-0.7987300157546997,1.1728968620300293,3.681896209716797,-0.33016180992126465,-0.009756803512573242,2.519589424133301,-18.550891876220703,14.4796781539917,-33.837825775146484,20.0,7.883914947509766,-1.5051277875900269,0.32635498046875,0.10527010262012482,-5.147366523742676,-0.8875674605369568,0.8859284520149231,3.0748465061187744,0.3829408288002014,-0.41943123936653137,-2.2462410926818848,-0.7295516729354858,-0.5965014696121216
396,11.843624114990234,-4.247071743011475,0.7608411908149719,10.827699661254883,0.22268474102020264,-0.030959367752075195,-18.480945587158203,-8.499263763427734,7.357156276702881,-24.520652770996094,20.0,6.112276077270508,-0.8456931710243225,-0.22957129776477814,-0.17889715731143951,-5.100700378417969,-0.9326921105384827,1.476183295249939,2.527651786804199,0.2477976381778717,-0.18486028909683228,-1.6909987926483154,-1.1185508966445923,1.6363879442214966
397,25.751441955566406,1.597947359085083,-1.4875683784484863,9.13278579711914,0.29873085021972656,-0.10028290748596191,-27.722259521484375,-4.065508842468262,0.6474319696426392,-14.042320251464844,20.0,5.072833061218262,0.7863649129867554,-0.20940382778644562,-0.08982425183057785,-6.695532321929932,-0.9507574439048767,1.646047592163086,0.8930157423019409,-0.059927791357040405,-0.1571524739265442,1.0531162023544312,0.5682071447372437,2.3531806468963623
398,47.54422378540039,11.12113094329834,-8.853046417236328,14.85395622253418,0.5692369937896729,-0.007713794708251953,-46.55049514770508,4.121281147003174,-7.859304428100586,-1.5270118713378906,1.858128547668457,0.39797306060791016,2.8526787757873535,0.11093693971633911,-0.8618318438529968,-7.676026821136475,-1.3435947895050049,2.1839840412139893,-2.227586507797241,-0.32322192192077637,-0.9283196330070496,6.954827785491943,5.130062580108643,3.6969316005706787
399,41.126808166503906,18.607646942138672,-19.862192153930664,-27.432327270507812,-19.368783950805664,17.666391372680664,-34.917999267578125,-7.506962776184082,3.9865407943725586,-11.146617889404297,-1.4014503955841064,-0.39040231704711914,1.926286220550537,-0.15352852642536163,-0.024034284055233,-1.1966450214385986,6.707372188568115,-2.5207173824310303,-3.5414316654205322,-0.531830370426178,0.45525652170181274,8.225896835327148,0.7760141491889954,3.2019989490509033
400,39.129661560058594,26.666780471801758,-34.663448333740234,-48.83787536621094,2.2236452102661133,9.457639694213867,-32.375579833984375,-6.408838272094727,2.206631660461426,-18.684192657470703,-0.8696954250335693,-0.41086435317993164,1.1735727787017822,-0.03400757163763046,0.302727073431015,1.0670456886291504,-2.35849928855896,0.07382483035326004,-3.939387321472168,-0.4238464832305908,1.167568325996399,3.1013453006744385,0.8222634792327881,1.5083732604980469
401,26.485013961791992,25.55205535888672,-32.800453186035156,-47.89019775390625,1.4752073287963867,8.356155395507812,-19.39646339416504,-0.5323523283004761,-2.0131916999816895,-3.632600784301758,-0.310452938079834,-0.20492522418498993,1.4264991283416748,0.17159181833267212,0.24087288975715637,0.8952669501304626,-2.380585193634033,-0.03313281759619713,-4.406820297241211,-0.01028621755540371,1.2585986852645874,1.6605042219161987,2.0866873264312744,-0.16724793612957
402,-1.4970579147338867,15.862833976745605,-24.466215133666992,-60.070648193359375,2.3763062953948975,8.01522159576416,-0.4614086151123047,2.7579967975616455,-3.528162956237793,-2.0976791381835938,-0.4471399784088135,0.019998908042907715,1.3935980796813965,0.18433591723442078,0.03325207158923149,0.4866464138031006,-2.172449827194214,0.0023207589983940125,-3.887077569961548,0.025374574586749077,0.5595957040786743,-1.2963941097259521,1.7167905569076538,-0.7845546007156372
403,-5.320239543914795,13.215703964233398,-21.256023406982422,-74.87894439697266,1.256777286529541,5.2049736976623535,4.69697380065918,0.8198778629302979,-1.4460939168930054,5.89504337310791,-0.2980446517467499,0.025349140167236328,1.9428865909576416,-0.19629546999931335,0.1917344331741333,-0.41778314113616943,-1.887691617012024,0.07281036674976349,-2.8612782955169678,-0.619516134262085,0.32007092237472534,-2.2840049266815186,0.08954361826181412,-2.004929304122925
404,-10.580818176269531,6.271927833557129,-16.340723037719727,-63.5123405456543,1.7877936363220215,3.2492189407348633,7.988651275634766,4.537216663360596,-2.6438121795654297,6.321022033691406,-0.04739177227020264,0.1106710433959961,2.3663296699523926,-0.2964632511138916,0.35603147745132446,-1.0598574876785278,-1.6483768224716187,0.09409153461456299,-1.6792556047439575,-0.6099307537078857,0.20304371416568756,-3.564769744873047,-0.7047334909439087,-3.4328086376190186
405,-27.589603424072266,-2.259589433670044,-2.5901176929473877,-19.689178466796875,2.923792600631714,0.6202247142791748,24.407819747924805,1.3380258083343506,0.4051540195941925,6.794477462768555,0.32979416847229004,0.2454671859741211,1.955099105834961,-0.3889985680580139,0.0046951621770858765,-0.7002314925193787,-1.7596673965454102,0.001621800009161234,-0.2068178951740265,-0.4171210825443268,-0.013586077839136124,-5.575613498687744,0.3290978670120239,-3.9822795391082764
406,-23.88079833984375,-6.481640338897705,5.971406936645508,7.930927276611328,0.2863926291465759,-0.11333847045898438,34.89518356323242,-9.061442375183105,9.126542091369629,7.1433563232421875,0.2692067623138428,0.25065040588378906,0.06084771454334259,-0.6042680740356445,0.23698650300502777,6.339400291442871,0.4510733187198639,-0.7540267705917358,2.022003173828125,-1.0342789888381958,-0.2626210153102875,-2.5387117862701416,7.913322448730469,-0.7082406282424927
407,-23.15766143798828,-6.955121040344238,4.395109176635742,0.585784912109375,-0.09142875671386719,0.0011348724365234375,31.06363296508789,-16.289997100830078,27.456958770751953,-59.725868225097656,8.540542602539062,-15.625345230102539,-1.6134601831436157,-0.025739606469869614,0.7070922255516052,10.290630340576172,3.075782299041748,-0.8795826435089111,0.751924455165863,0.14029960334300995,-0.19768431782722473,1.991639494895935,-3.027595281600952,0.48761141300201416
408,-34.377498626708984,0.3241147994995117,-1.8825433254241943,-16.399620056152344,-1.1220786571502686,0.11928117275238037,53.02151870727539,-20.223793029785156,41.84976577758789,-68.19363403320312,15.105670928955078,-13.949666976928711,-1.6745259761810303,-0.5067711472511292,-0.24969477951526642,6.615720272064209,2.240469217300415,-0.9599675536155701,1.6865469217300415,0.09974533319473267,-0.46996042132377625,0.8428176045417786,-2.7592785358428955,0.842465877532959
409,-38.454345703125,4.40608024597168,-0.9390504360198975,-8.423145294189453,-0.8527112007141113,0.07495236396789551,55.758033752441406,-28.928178787231445,48.65668869018555,-52.5837287902832,20.0,-6.273765563964844,-2.9038796424865723,-0.458922803401947,-0.11956211924552917,5.545790672302246,2.010690689086914,-1.1181566715240479,2.015634298324585,0.08274702727794647,-0.5094302892684937,0.35523948073387146,-2.2489514350891113,-0.008037343621253967
410,-20.896373748779297,10.916519165039062,-4.300455093383789,-10.807719230651855,-0.8073444366455078,0.16620901226997375,32.733070373535156,-34.90806198120117,43.30526351928711,-52.96445083618164,20.0,-5.3604936599731445,-3.1774401664733887,0.10104501992464066,0.0760841816663742,2.0127899646759033,1.3148659467697144,-0.21519312262535095,2.4519197940826416,0.07109679281711578,-0.4245537221431732,-0.2646820843219757,-2.047529697418213,-0.020808354020118713
411,-13.38652229309082,8.244502067565918,-4.971752643585205,-6.642576217651367,-0.6146218776702881,0.08752458542585373,23.929567337036133,-29.217275619506836,38.855125427246094,-61.5778923034668,20.0,-3.95767879486084,-2.644092321395874,0.6704524159431458,-0.40328162908554077,-1.769254207611084,0.9564387202262878,-0.030857503414154053,3.037706136703491,0.3446950912475586,-0.3993684947490692,-1.0768142938613892,-1.5691821575164795,-0.056549422442913055
412,-7.863716125488281,1.6731846332550049,-0.18749713897705078,2.1274967193603516,-0.44848620891571045,0.005991905927658081,10.663866996765137,-24.31597900390625,27.28160858154297,-53.30412673950195,20.0,-0.8702490329742432,-2.361032485961914,0.5994029641151428,-0.33260950446128845,-3.6874802112579346,-0.10703938454389572,0.13046084344387054,3.217311143875122,0.2766627073287964,-0.32308223843574524,-1.5470638275146484,-1.3498584032058716,0.14370569586753845
413,5.732105731964111,-1.0067989826202393,1.0382602214813232,7.74876594543457,0.016356676816940308,-0.014070212841033936,-6.353633880615234,-16.940250396728516,20.89832305908203,-53.691558837890625,20.0,1.324046015739441,-1.2419471740722656,0.6081966757774353,-0.02570836991071701,-4.822070598602295,-0.22017374634742737,0.479221373796463,3.476076126098633,0.265651673078537,-0.2993968725204468,-2.084549903869629,-1.1142380237579346,0.06084302067756653
414,1.0618095397949219,-3.277717113494873,2.237405300140381,7.49052619934082,-0.05568891763687134,-0.02869868278503418,-9.806228637695312,-10.1756591796875,5.83855676651001,-30.00741195678711,20.0,7.708593368530273,-1.0784887075424194,0.4815390408039093,0.1016152948141098,-5.4338274002075195,-0.3092491328716278,1.182057499885559,3.1210644245147705,0.3459262549877167,-0.43841058015823364,-2.17509126663208,-0.9023470282554626,-0.4585821032524109
415,19.0585880279541,1.1877098083496094,-3.0141043663024902,6.3007354736328125,0.005793452262878418,-0.009335994720458984,-20.518695831298828,-2.227893352508545,-2.718364715576172,-6.886636734008789,20.0,5.067333221435547,0.3111482262611389,0.05272204801440239,-0.45926791429519653,-7.648313045501709,-0.8505838513374329,1.8258247375488281,1.1518841981887817,-0.04616106301546097,-0.30266907811164856,1.0554494857788086,1.1191374063491821,1.8502262830734253
416,44.250579833984375,9.056976318359375,-7.526910305023193,14.196277618408203,0.4672222137451172,-0.016894817352294922,-42.207725524902344,4.248584747314453,-8.12466049194336,-1.2587699890136719,2.276185989379883,0.7059688568115234,2.803792715072632,0.30256494879722595,-1.091387152671814,-9.548996925354004,-0.916230320930481,2.609598398208618,-1.347156286239624,-0.30422747135162354,-0.8607166409492493,5.856227397918701,4.5349440574646,3.6359994411468506
417,56.41616439819336,8.196207046508789,-18.569673538208008,-39.8759880065918,4.159687519073486,6.580631256103516,-50.737709045410156,4.74763298034668,-3.3798487186431885,-8.792327880859375,-1.3375803232192993,-0.27489471435546875,1.255216360092163,-0.3888629078865051,0.26557672023773193,1.5515574216842651,-3.5492353439331055,0.7233704328536987,-3.7367513179779053,-0.41711872816085815,0.2991594076156616,8.588189125061035,1.3604543209075928,3.8385446071624756
418,42.53459548950195,15.448614120483398,-30.36132049560547,-51.81740951538086,1.6579923629760742,7.920586585998535,-34.74810791015625,8.245285034179688,-6.066763877868652,-17.936094284057617,-0.8727242946624756,-0.4129211902618408,1.541957974433899,0.049030762165784836,0.1646149903535843,0.9259691834449768,-2.4358479976654053,0.044175609946250916,-4.425209999084473,1.1899596452713013,0.9520904421806335,3.7055153846740723,1.8222872018814087,1.9719794988632202
419,7.68137264251709,25.70854377746582,-36.516605377197266,-63.673797607421875,0.35117197036743164,7.869826316833496,-5.206138610839844,-8.537803649902344,3.6086931228637695,-6.783906936645508,-0.4675760269165039,-0.3021238446235657,1.8152744770050049,0.07899004966020584,0.11378565430641174,0.31235960125923157,-2.283644676208496,0.12466321885585785,-3.9720754623413086,0.9955360293388367,1.0540494918823242,-0.1124727874994278,2.2627956867218018,0.32382339239120483
420,4.359931945800781,12.614453315734863,-19.069869995117188,-62.684043884277344,1.0843636989593506,6.742927074432373,-3.4320621490478516,4.923054218292236,-6.051528453826904,4.775176048278809,-0.23692035675048828,0.011700272560119629,1.9199926853179932,-0.2804470658302307,0.04495961219072342,-0.09821236878633499,-1.970160961151123,-0.07138530910015106,-3.7810094356536865,0.48240599036216736,0.14202624559402466,-0.3133232295513153,2.2351460456848145,-0.6164860129356384
421,-9.911221504211426,19.195417404174805,-24.24174690246582,-69.94176483154297,0.20653629302978516,6.0919880867004395,8.739113807678223,-7.129584789276123,3.108910083770752,2.318842887878418,-0.3664515018463135,-0.03195309638977051,2.407834529876709,-0.35630133748054504,0.25711408257484436,-0.9023317098617554,-1.7557638883590698,0.12457435578107834,-2.4724130630493164,-0.1914082020521164,0.1358192414045334,-2.705425500869751,1.0246350765228271,-1.8825960159301758
422,-22.482006072998047,12.762311935424805,-14.709693908691406,-68.07322692871094,-1.3351478576660156,2.6273605823516846,16.610139846801758,1.514041543006897,-0.9267277121543884,6.641622543334961,-0.20038044452667236,0.08136510848999023,2.67439603805542,-0.4207914471626282,0.2310878038406372,-1.5816571712493896,-1.4567434787750244,0.12736466526985168,-0.7786041498184204,-0.2882097661495209,-0.13622191548347473,-4.829604625701904,-0.9997228980064392,-3.5310099124908447
423,-32.78077697753906,8.776782035827637,-7.812137603759766,-45.23340606689453,-2.0256764888763428,-0.14177989959716797,27.166656494140625,-3.079627513885498,2.9708194732666016,11.917747497558594,0.538196861743927,0.29204511642456055,2.877978563308716,-0.48365283012390137,0.3344147801399231,-1.8126176595687866,-1.461215853691101,0.2842708230018616,1.0784627199172974,-0.6330769062042236,-0.16955730319023132,-5.838473796844482,0.19909338653087616,-3.091416835784912
424,-17.301992416381836,-7.096831321716309,5.2546586990356445,4.308895111083984,-0.049161434173583984,-0.12934398651123047,14.611503601074219,2.3058626651763916,0.660827100276947,8.50285530090332,0.15116721391677856,0.1616506576538086,1.3347678184509277,-0.6346296668052673,0.8040105104446411,1.5392757654190063,-0.5698908567428589,-1.6536946296691895,1.5740400552749634,-0.5603631138801575,-0.1259889006614685,-6.259029865264893,0.44129619002342224,-4.409124374389648
425,-20.503252029418945,-3.594804525375366,2.0872244834899902,6.923423767089844,0.14748501777648926,0.1220698356628418,29.85731315612793,-2.8761582374572754,9.775256156921387,-34.563724517822266,-6.076048851013184,-11.353635787963867,-0.7162842750549316,-0.11881647258996964,0.257355272769928,9.000208854675293,1.024159550666809,-1.5812968015670776,0.8089134693145752,0.13446754217147827,-0.16640858352184296,2.128225803375244,-3.0293257236480713,0.23016619682312012
426,-25.927207946777344,1.271116018295288,-1.2451732158660889,-9.36370849609375,-0.444913387298584,0.20047223567962646,31.662742614746094,-23.506179809570312,36.81428909301758,-58.96495056152344,11.77336311340332,-10.634279251098633,-1.5853240489959717,-0.2944914996623993,-0.18839290738105774,8.250895500183105,2.833773136138916,-0.7378830909729004,0.8970231413841248,0.05733693391084671,-0.35266053676605225,1.3803445100784302,-2.7842681407928467,0.3842114210128784
427,-32.388973236083984,3.6032443046569824,-0.6436082720756531,-11.58365249633789,-0.9994487762451172,0.05417191982269287,47.86985397338867,-31.61756706237793,49.1849479675293,-59.664276123046875,15.723918914794922,-7.568008899688721,-1.9832780361175537,-0.2319902777671814,0.09699009358882904,5.913712978363037,1.780198097229004,-0.829502522945404,1.4163072109222412,-0.0024411827325820923,-0.2670361399650574,0.678250789642334,-2.3920094966888428,0.21663275361061096
428,-29.254737854003906,8.563763618469238,-4.818307876586914,-7.440526962280273,-0.6923987865447998,0.13843703269958496,44.6393928527832,-35.02873229980469,51.659542083740234,-56.5570068359375,20.0,-6.055340766906738,-2.655412197113037,0.038834404200315475,-0.2327272593975067,4.2222900390625,1.6479029655456543,-0.4986155033111572,1.855953574180603,0.07240082323551178,-0.1915324628353119,0.015024229884147644,-2.005732297897339,0.06478700041770935
429,-28.009410858154297,5.55219841003418,-1.400221347808838,-9.872488975524902,-0.8216447830200195,0.06058269739151001,42.628456115722656,-24.77078628540039,38.014190673828125,-43.94208526611328,20.0,-3.6671955585479736,-3.165093183517456,0.5457410216331482,-0.08378350734710693,1.0895377397537231,1.2080376148223877,-0.21447035670280457,2.2793068885803223,0.20957393944263458,-0.14091862738132477,-0.49314969778060913,-1.656543493270874,0.07083369791507721
430,-14.003744125366211,3.9226176738739014,-2.1909596920013428,-7.721836090087891,-0.7031509876251221,0.046455323696136475,24.004863739013672,-21.431747436523438,31.020919799804688,-49.97557830810547,20.0,-2.0699098110198975,-2.7237565517425537,0.6277741193771362,-0.5084183216094971,-3.3143465518951416,0.8808815479278564,-0.3231576383113861,2.8469390869140625,0.18215200304985046,-0.22562114894390106,-1.238972544670105,-1.3606115579605103,0.06114770472049713
431,-6.614858627319336,1.4875154495239258,0.3278481364250183,3.655017852783203,-0.46207693219184875,0.06880700588226318,9.560186386108398,-24.563100814819336,22.988750457763672,-45.263389587402344,20.0,1.095635175704956,-2.183009147644043,0.8780895471572876,-0.19572699069976807,-5.184140682220459,-0.27634888887405396,0.8116061091423035,3.082247018814087,0.27050644159317017,-0.19860400259494781,-1.7155519723892212,-1.13532555103302,0.031371377408504486
432,8.622291564941406,-1.3483039140701294,-1.392399787902832,8.174524307250977,-0.050969719886779785,0.006013154983520508,-10.570938110351562,-12.597878456115723,9.190245628356934,-33.42000198364258,20.0,4.890734672546387,-1.0845998525619507,0.5472216010093689,-0.9630204439163208,-6.415609359741211,-0.7824227213859558,1.3661366701126099,3.2054221630096436,0.39201006293296814,-0.3512447476387024,-2.0761232376098633,-1.0157177448272705,-0.2717908024787903
433,25.717571258544922,-0.04222559928894043,-0.035475730895996094,11.542930603027344,0.30478841066360474,-0.10921859741210938,-29.475425720214844,-5.170925617218018,-0.5490401983261108,-19.323516845703125,20.0,5.709853172302246,0.6434703469276428,0.4978770315647125,-0.7042022943496704,-7.83089017868042,-0.4414432942867279,1.4182844161987305,2.0368072986602783,0.15084467828273773,-0.21803678572177887,-0.21812574565410614,-0.05978313460946083,1.278971552848816
434,32.83595275878906,3.637768030166626,-2.6211814880371094,14.733394622802734,0.29427266120910645,-0.020716190338134766,-35.02875518798828,3.08318829536438,-5.485943794250488,2.383838653564453,3.6314334869384766,0.8397040367126465,2.0646462440490723,0.3534899950027466,-0.5860781073570251,-8.199633598327637,-1.2777701616287231,2.602449655532837,-1.0160953998565674,-0.3627878725528717,-0.36635905504226685,6.22250509262085,3.8701987266540527,3.6705334186553955
435,42.93572998046875,15.38385009765625,-19.670398712158203,-29.218441009521484,-15.907327651977539,6.430375099182129,-44.19289016723633,-0.20437562465667725,-2.2675256729125977,-8.791954040527344,-1.177457332611084,-0.3287062644958496,1.131156086921692,-0.19534003734588623,0.4319405257701874,1.6051771640777588,-2.7003016471862793,-0.06474107503890991,-3.1827664375305176,-0.5070096254348755,0.44544005393981934,9.109054565429688,1.07216215133667,2.9611170291900635
436,42.75843811035156,19.696691513061523,-31.273290634155273,-66.76791381835938,1.7802839279174805,6.8275465965271,-39.574256896972656,7.353546619415283,-6.743635177612305,-17.151657104492188,-0.8855044841766357,-0.2867465019226074,1.283043384552002,-0.11014607548713684,0.35317063331604004,0.8018064498901367,-2.2488300800323486,0.2827257215976715,-4.141117572784424,0.29090654850006104,0.37968164682388306,4.969637870788574,1.57437264919281,1.3838531970977783
437,3.171171188354492,24.08942985534668,-32.45414352416992,-71.4133529663086,-0.5585451126098633,7.468407154083252,-3.8771018981933594,-2.815485954284668,1.4573829174041748,-8.776898384094238,-0.45610785484313965,-0.19911330938339233,1.5462100505828857,0.054278843104839325,0.19855022430419922,0.04964284971356392,-2.015129327774048,0.12229052186012268,-3.5874528884887695,0.7115718722343445,0.5819931626319885,0.45813554525375366,2.11789608001709,0.4938906133174896
438,8.562986373901367,20.818008422851562,-24.660520553588867,-66.48885345458984,-1.0479412078857422,5.163435935974121,-1.835479736328125,-2.8153223991394043,-0.10465598106384277,0.3431582450866699,-0.419588565826416,-0.049474164843559265,2.2680411338806152,-0.2604566812515259,0.2253706306219101,-0.6496251225471497,-1.739569067955017,0.3420664668083191,-2.4045145511627197,0.07705333828926086,0.297463059425354,-1.6101044416427612,1.1712042093276978,0.05439186841249466
439,-7.418034076690674,14.170149803161621,-20.146772384643555,-65.94219970703125,-0.38284993171691895,5.049705505371094,-1.1362180709838867,4.70244026184082,-4.743834972381592,6.279997825622559,-0.12203454971313477,-0.016307353973388672,2.1475062370300293,-0.0753680169582367,0.32030385732650757,-1.0690072774887085,-1.546754240989685,0.10839341580867767,-2.417182683944702,0.24818383157253265,-0.2673007845878601,-2.0800559520721436,1.1760629415512085,-1.4130616188049316
440,-0.85296630859375,7.593625068664551,-12.286965370178223,-51.08905029296875,0.8148910999298096,2.4756486415863037,-3.1818313598632812,2.3697423934936523,-3.1121737957000732,4.7511444091796875,-0.23269391059875488,0.14745545387268066,2.1691408157348633,-0.39674830436706543,0.49153125286102295,-1.3492878675460815,-1.291213035583496,0.34012213349342346,-2.1432130336761475,-0.33832305669784546,-0.775740385055542,-2.4337007999420166,0.41749218106269836,-1.8904597759246826
441,-19.337072372436523,16.55852508544922,-17.88030433654785,-42.973228454589844,0.10475873947143555,2.2922327518463135,18.836755752563477,-7.927483558654785,7.435667037963867,6.060629844665527,0.05423291027545929,0.035607337951660156,2.4863555431365967,-0.49160221219062805,0.3929719626903534,-1.6444827318191528,-1.2908520698547363,0.2241123467683792,-0.400911808013916,-0.5723286271095276,-0.2551547586917877,-4.134605407714844,-0.15812300145626068,-2.6486847400665283
442,-21.595754623413086,7.151149749755859,-6.5830793380737305,-10.516036987304688,1.4358453750610352,-0.8908674716949463,16.233108520507812,-5.435845851898193,5.62192964553833,5.988183975219727,0.09174172580242157,0.1264348030090332,1.9403749704360962,-0.41998472809791565,0.19819706678390503,-1.0068705081939697,-1.4132555723190308,-0.050999611616134644,0.5898907780647278,-0.5892813205718994,-0.03403928875923157,-5.764780044555664,-0.1352291852235794,-3.1839663982391357
443,-25.904987335205078,-4.392775535583496,3.743903636932373,3.395387649536133,0.06890356540679932,-0.11386966705322266,30.932741165161133,-2.206876516342163,5.043183326721191,11.14767074584961,0.426924467086792,0.16711664199829102,0.05545533820986748,-0.29519790410995483,0.3901890814304352,4.205463886260986,-0.5565484166145325,-1.5506478548049927,2.141916036605835,-0.31779563426971436,0.30337390303611755,-6.734921455383301,0.6775758266448975,-3.7395899295806885
444,-20.62255859375,-6.364830493927002,3.839545249938965,2.226032257080078,0.04307389259338379,0.07149267196655273,33.43524932861328,-14.948702812194824,19.605344772338867,-50.463260650634766,2.9428207874298096,-8.221990585327148,-1.6730777025222778,-0.08625759184360504,0.3906799256801605,9.621936798095703,1.3423516750335693,-1.8803348541259766,0.4773936867713928,0.08784301578998566,-0.024866370484232903,2.2569642066955566,-3.2092602252960205,1.2082178592681885
445,-28.924360275268555,1.011573314666748,-1.9471220970153809,-10.479961395263672,-0.6030256748199463,0.2276456356048584,48.15182876586914,-23.743013381958008,46.60822296142578,-67.7235336303711,9.973405838012695,-14.576000213623047,-1.8095228672027588,-0.31949275732040405,-0.464501291513443,8.16493034362793,2.2535111904144287,-1.3354676961898804,1.2164618968963623,0.14549793303012848,-0.32358965277671814,1.4049683809280396,-2.9139208793640137,0.842189371585846
446,-27.555164337158203,5.934686660766602,-1.8018381595611572,-9.96535873413086,-0.7068796157836914,0.1565152406692505,38.592262268066406,-31.06937599182129,49.828121185302734,-58.52214050292969,18.829362869262695,-6.051490783691406,-2.612833023071289,-0.10630800575017929,-0.1795351505279541,6.353245258331299,2.693233013153076,-0.6014223098754883,1.3571155071258545,0.07600723206996918,-0.29127615690231323,0.7854213118553162,-2.37074613571167,-0.02180539071559906
447,-23.123722076416016,5.6426239013671875,-2.7976489067077637,-12.13332462310791,-0.9267170429229736,0.08437967300415039,38.714263916015625,-25.124746322631836,42.345542907714844,-51.45233917236328,20.0,-4.075575828552246,-2.5905842781066895,0.2683921456336975,-0.3274275064468384,2.719914674758911,1.5949958562850952,-0.5658422708511353,1.9785062074661255,0.2631559371948242,-0.2297627031803131,0.04100443050265312,-2.0106985569000244,-0.05323028564453125
448,-7.191967010498047,7.703799247741699,-4.145455360412598,-6.944306373596191,-0.5976797342300415,0.12106341123580933,15.86739730834961,-31.868375778198242,36.994937896728516,-51.343223571777344,20.0,-3.2684273719787598,-1.9789069890975952,0.4414239525794983,-0.4948520064353943,-0.9573412537574768,0.562223494052887,-0.031163210049271584,2.371300458908081,0.20494261384010315,0.020355775952339172,-0.41741180419921875,-1.8020250797271729,0.29836326837539673
449,-10.059545516967773,2.1725306510925293,-0.2068936824798584,-0.9000034332275391,-0.4082971513271332,0.007487207651138306,14.987682342529297,-20.965274810791016,23.59421157836914,-47.13971710205078,20.0,-1.9373372793197632,-1.8598146438598633,0.9728976488113403,-0.4888104498386383,-3.2177274227142334,0.07380163669586182,0.1670023500919342,2.609269142150879,0.38549602031707764,-0.16919922828674316,-1.015641689300537,-1.484619379043579,0.2632918059825897
450,-11.890176773071289,-1.0185956954956055,1.3920570611953735,3.8791637420654297,-0.3668450117111206,-0.005331158638000488,15.152667999267578,-27.63549041748047,23.701547622680664,-42.73761749267578,20.0,0.05783189833164215,-1.7502774000167847,0.8496887683868408,-0.17547032237052917,-4.565165042877197,-0.7836873531341553,0.7598711848258972,2.7557735443115234,0.3063002824783325,-0.13358546793460846,-1.3033785820007324,-1.288920521736145,0.1378813087940216
451,4.092483043670654,-3.72993803024292,0.42316102981567383,9.972724914550781,0.12367105484008789,-0.05493056774139404,-5.948478698730469,-14.977055549621582,15.687360763549805,-36.211669921875,20.0,0.6570172309875488,-1.1682603359222412,0.33913278579711914,-0.5686618685722351,-4.509696006774902,-0.7593933939933777,0.6063870787620544,2.7395544052124023,0.29548555612564087,-0.07767382264137268,-1.4511492252349854,-1.2848763465881348,0.07482877373695374
452,7.258175849914551,0.37385624647140503,-0.7172896862030029,7.560018539428711,0.09555709362030029,-0.006655454635620117,-10.533401489257812,-15.155502319335938,11.29677963256836,-17.888565063476562,20.0,4.625611782073975,-0.43380075693130493,0.0326814129948616,-0.6705291271209717,-5.212769985198975,-0.7299602627754211,1.099319338798523,2.4147541522979736,0.18315662443637848,0.07066947966814041,-1.0330979824066162,-1.209804892539978,-0.43685752153396606
453,31.9932804107666,3.599766254425049,-2.1842904090881348,9.766593933105469,0.34643757343292236,-0.014657258987426758,-32.2691650390625,3.1980743408203125,-8.113971710205078,-4.0950775146484375,15.892512321472168,4.52974271774292,1.1220836639404297,-0.027879884466528893,-0.8500527739524841,-6.693446636199951,-0.7396162152290344,1.9252738952636719,-0.44894567131996155,-0.44776517152786255,-0.10987575352191925,3.7616167068481445,1.8059163093566895,1.1469812393188477
454,49.767024993896484,12.315210342407227,-15.438065528869629,-35.135963439941406,-11.257906913757324,8.09061050415039,-44.586212158203125,7.2978715896606445,-8.256102561950684,-2.719329833984375,-0.49807214736938477,0.0936279296875,1.0549304485321045,-0.2363867163658142,0.2503002882003784,1.6559621095657349,-2.628849983215332,0.10141721367835999,-2.843395709991455,-0.4714744985103607,-0.2179640829563141,8.918069839477539,2.45434832572937,3.2707290649414062
455,45.39665603637695,16.433837890625,-28.112783432006836,-71.13340759277344,3.455460786819458,6.945618152618408,-44.080596923828125,8.272406578063965,-6.440542221069336,-14.218721389770508,-0.981874942779541,-0.29386281967163086,1.2568097114562988,-0.2240309864282608,0.5022445917129517,0.7997843623161316,-2.258495569229126,0.27994978427886963,-4.400156497955322,0.31537914276123047,0.38032835721969604,6.835986614227295,2.535048723220825,2.2760119438171387
456,38.846012115478516,18.632753372192383,-28.176307678222656,-60.655914306640625,3.4979991912841797,7.5501909255981445,-30.923229217529297,1.391911268234253,-3.697530746459961,-13.649380683898926,-0.9082579612731934,-0.22922158241271973,1.8952302932739258,-0.16701766848564148,0.6323246955871582,0.09231884032487869,-2.0660288333892822,0.21128925681114197,-4.799648284912109,0.6540324091911316,0.408639520406723,3.0100715160369873,2.541337251663208,1.1165766716003418
457,7.0764265060424805,19.15760040283203,-28.437198638916016,-60.60512161254883,3.9526257514953613,7.276786804199219,-8.576961517333984,-3.9814555644989014,0.930901050567627,-9.53268814086914,-0.8708863258361816,-0.19126611948013306,1.8911534547805786,-0.20421171188354492,0.3904946744441986,-0.4657898545265198,-1.7152056694030762,0.1931208372116089,-4.344172477722168,0.6299387216567993,0.2528514266014099,-2.098677158355713,1.3906100988388062,-0.44684499502182007
458,-1.1421403884887695,22.948820114135742,-24.757102966308594,-66.39827728271484,2.387843370437622,4.8363142013549805,5.868425369262695,-5.963527679443359,1.6626534461975098,7.581238746643066,-0.18885338306427002,-0.03979158401489258,2.5858376026153564,-0.5020592212677002,0.44888877868652344,-1.0925129652023315,-1.5828865766525269,0.4188366234302521,-2.9793968200683594,-0.21733009815216064,0.028790060430765152,-2.7539472579956055,0.307559609413147,-2.099994421005249
459,-21.722431182861328,16.19856834411621,-18.98647689819336,-59.67763137817383,3.560854434967041,2.969484329223633,14.736906051635742,-4.471962928771973,1.7472131252288818,7.007661819458008,0.009481459856033325,0.15454673767089844,2.7621982097625732,-0.3529435396194458,0.5174917578697205,-1.6535460948944092,-1.4891496896743774,0.27999597787857056,-1.6147572994232178,-0.5753750801086426,-0.4015398621559143,-4.6306562423706055,0.12737157940864563,-2.653390407562256
460,-20.468502044677734,-0.3032660484313965,-2.7704336643218994,-26.220233917236328,3.7078664302825928,-0.7875186204910278,14.667195320129395,4.322556495666504,-1.6889607906341553,10.503522872924805,0.28147363662719727,0.22861862182617188,1.9308857917785645,-0.8659913539886475,0.34772273898124695,-0.9338223934173584,-0.38133132457733154,-0.8652664422988892,-0.9402093291282654,-1.0393521785736084,-0.6923722624778748,-4.439210414886475,1.0473930835723877,-2.889429807662964
461,-29.571128845214844,-1.4355225563049316,1.984074354171753,0.3084287643432617,-0.9484000205993652,0.048254966735839844,44.47456741333008,-7.3580708503723145,10.765569686889648,7.314174652099609,0.036195944994688034,0.04243659973144531,0.48801419138908386,-0.20532014966011047,0.8006529211997986,2.346144914627075,0.21069394052028656,-1.4975061416625977,2.3334765434265137,-0.18479317426681519,0.5534363389015198,-8.742050170898438,-0.1662190854549408,-4.14968729019165
462,-26.25843048095703,-3.8569719791412354,1.2719930410385132,5.740550994873047,0.015536785125732422,0.1332097053527832,39.28540802001953,-17.144210815429688,13.448803901672363,-43.85824966430664,9.750420570373535,-3.5416300296783447,-1.9551000595092773,0.6547329425811768,0.3134590983390808,9.973929405212402,2.246199369430542,-1.1902111768722534,1.1087273359298706,0.5531595945358276,0.08101429045200348,1.8233507871627808,-2.997326135635376,1.2769269943237305
463,-26.156938552856445,2.3030335903167725,-1.8863835334777832,-13.146743774414062,-0.6853437423706055,0.1501450538635254,41.698020935058594,-29.765384674072266,39.88401412963867,-62.11845016479492,13.80931282043457,-6.2465128898620605,-2.3328256607055664,0.2167438119649887,-0.740533173084259,7.359951019287109,3.3101582527160645,-0.9541558623313904,1.6671595573425293,0.21576598286628723,-0.34281113743782043,1.0092483758926392,-2.7286694049835205,0.0766783207654953
464,-23.900009155273438,3.6890368461608887,-0.5983381271362305,-9.84381103515625,-0.918255090713501,0.09055471420288086,42.40298843383789,-30.692136764526367,46.02479934692383,-55.22918701171875,17.44784927368164,-6.603062629699707,-2.4163148403167725,0.32139086723327637,-0.6215019226074219,4.9534478187561035,1.9950801134109497,-0.7290399670600891,2.302563190460205,0.1686132401227951,-0.2668377161026001,0.3475048840045929,-2.4907383918762207,0.11714033782482147
465,-9.2947998046875,0.33524107933044434,-0.4707679748535156,-9.98688793182373,-0.598243236541748,0.10632163286209106,15.297734260559082,-25.4349308013916,34.656700134277344,-60.757659912109375,20.0,-1.890442967414856,-2.0762076377868652,0.2464790791273117,-0.5716069936752319,0.756030261516571,1.7817189693450928,-0.2883911430835724,2.431523561477661,0.35003387928009033,0.0637635886669159,-0.37586915493011475,-1.94535231590271,0.2328552007675171
466,-15.809922218322754,-3.1221861839294434,4.338329792022705,-0.9502747058868408,-0.5229606628417969,-0.05264681577682495,22.67705726623535,-23.131200790405273,26.50949478149414,-53.20332717895508,20.0,2.3576107025146484,-2.4885218143463135,0.24565280973911285,0.10070841014385223,-0.8562821745872498,1.2339955568313599,-0.42543160915374756,2.6066977977752686,0.2240018993616104,-0.017041247338056564,-0.895015299320221,-1.60808527469635,0.07269243896007538
467,-4.674444198608398,-1.6035380363464355,1.785144329071045,3.9194231033325195,-0.2672821879386902,0.025072410702705383,12.070294380187988,-22.803056716918945,23.890073776245117,-46.13262176513672,20.0,3.407241106033325,-2.089289903640747,0.22556860744953156,0.547929048538208,-1.5652309656143188,0.37108922004699707,0.06275396794080734,2.915858507156372,0.1882888227701187,0.024566955864429474,-1.256047010421753,-1.4509624242782593,-0.034107476472854614
468,-10.372313499450684,2.2047529220581055,-2.1455750465393066,1.940572738647461,-0.3700655698776245,0.03742814064025879,14.805290222167969,-25.589845657348633,22.412809371948242,-37.440887451171875,20.0,0.3021162450313568,-1.9545985460281372,0.40488553047180176,0.15908248722553253,-2.668264865875244,-0.7573758363723755,0.39202940464019775,3.061830520629883,0.3765265941619873,-0.025556780397892,-1.5475144386291504,-1.2230415344238281,0.06675785779953003
469,4.196694374084473,1.1320713758468628,-2.369206666946411,2.731790542602539,-0.031119108200073242,0.05106616020202637,-3.0883970260620117,-20.862628936767578,17.138992309570312,-33.68272399902344,20.0,5.018170356750488,-0.8122217655181885,0.00727470638230443,-0.3827482759952545,-4.899698257446289,-0.6526041626930237,1.0650999546051025,3.304426670074463,0.3129601776599884,0.03232710808515549,-1.8811322450637817,-1.0997568368911743,-0.28237688541412354
470,19.60427474975586,1.7777535915374756,-1.3893064260482788,6.084178924560547,0.0741117000579834,-0.04966092109680176,-21.616905212402344,-4.117324352264404,0.32023102045059204,-13.82964038848877,20.0,5.842493057250977,0.74602872133255,0.0862618237733841,-0.31191182136535645,-7.155025005340576,-1.1886476278305054,1.472912311553955,2.0596985816955566,0.0026812702417373657,0.005372753366827965,0.08676157146692276,-0.03370005264878273,1.1819212436676025
471,29.71294593811035,6.4648284912109375,-4.505115985870361,11.602039337158203,0.4012336730957031,-0.009221076965332031,-33.569610595703125,-0.6957356929779053,-6.645759105682373,-2.611186981201172,9.5483980178833,2.811861515045166,2.116088390350342,-0.004257232882082462,-0.6782974600791931,-8.718338012695312,-0.4509160816669464,2.558821201324463,-0.862805187702179,-0.7520018219947815,-0.3423224091529846,4.870598316192627,2.866678476333618,3.9039862155914307
472,36.27091979980469,9.694973945617676,-14.509087562561035,-22.535478591918945,-16.973270416259766,11.259767532348633,-35.65338897705078,-2.66343355178833,-0.7612272500991821,-7.204471588134766,-0.8465375900268555,-0.3441200256347656,2.031519889831543,0.25078052282333374,0.5320372581481934,-0.7037345767021179,6.350635051727295,-1.7561285495758057,-2.5814878940582275,-0.8179274201393127,0.5276824831962585,7.6678972244262695,0.9328766465187073,3.6139838695526123
473,34.763179779052734,22.523786544799805,-27.023040771484375,-62.205318450927734,0.17470884323120117,7.812228202819824,-33.96343231201172,7.49131441116333,-5.589332103729248,-13.243597030639648,-0.6923270225524902,-0.39525914192199707,1.130929708480835,-0.18731197714805603,0.2648302912712097,1.171385407447815,-2.362236261367798,0.07795121520757675,-3.759880542755127,-0.01804519258439541,0.919953465461731,5.027834415435791,1.444395899772644,1.4436663389205933
474,22.91421127319336,20.887407302856445,-27.198360443115234,-61.30718994140625,0.7416610717773438,7.797609806060791,-21.050029754638672,1.6373131275177002,-4.007174491882324,-8.795483589172363,-0.5700869560241699,-0.12312567234039307,1.2871066331863403,-0.14072109758853912,0.2983379364013672,0.598452627658844,-2.100717782974243,0.16087810695171356,-4.169997215270996,-0.03664948418736458,0.5066913366317749,2.094045639038086,1.9217419624328613,0.6193126440048218
475,3.495062828063965,22.284141540527344,-24.914318084716797,-62.49024963378906,-0.3157174587249756,8.27136516571045,-1.3100471496582031,-4.444699287414551,2.29508638381958,-2.50496506690979,-0.4575561285018921,-0.13446581363677979,1.6999485492706299,-0.31227490305900574,0.3816782236099243,-0.023606427013874054,-1.921293020248413,0.1359512060880661,-3.4754559993743896,-0.30654969811439514,0.8917528986930847,-0.44711750745773315,1.0656930208206177,-0.3352728486061096
476,-3.158240795135498,7.651320934295654,-15.805750846862793,-65.2969741821289,0.3501267433166504,5.851768970489502,-0.3267097473144531,10.637750625610352,-8.736310005187988,2.6205835342407227,-0.15491414070129395,0.08240151405334473,1.7920806407928467,-0.2069224715232849,0.24589362740516663,-0.5005354881286621,-1.7096487283706665,-0.029218055307865143,-2.8978383541107178,0.005738579668104649,-0.16747558116912842,-2.2746987342834473,1.5337188243865967,-1.2187711000442505
477,-3.4459543228149414,12.293981552124023,-14.06149673461914,-55.7293586730957,-1.1882867813110352,2.8404603004455566,7.725440979003906,0.6963893175125122,-0.6239460706710815,6.503984451293945,-0.20685574412345886,0.03854227066040039,2.4426841735839844,-0.49840477108955383,0.36151769757270813,-0.960371196269989,-1.6050182580947876,0.3277527689933777,-1.4703295230865479,-0.3813701272010803,-0.23091468214988708,-2.9726321697235107,-0.08124933391809464,-2.6202285289764404
478,-21.07910919189453,10.415871620178223,-12.186776161193848,-36.25768280029297,-0.32729148864746094,2.415083885192871,16.59683609008789,-5.212950229644775,3.7490546703338623,5.116634368896484,0.031913161277770996,0.17533493041992188,2.459773540496826,-0.24347583949565887,0.44279345870018005,-1.0384678840637207,-1.6641350984573364,-0.012874878942966461,-0.07935799658298492,-0.4187402129173279,-0.25844648480415344,-5.268805980682373,-0.3126032054424286,-2.851954221725464
479,-28.156631469726562,-2.7617154121398926,2.5147831439971924,4.904285430908203,0.05333542823791504,-0.06569254398345947,32.42066192626953,-6.168400287628174,7.5687174797058105,6.701751708984375,0.25785887241363525,0.11060237884521484,0.12952426075935364,-0.11867459118366241,0.31684818863868713,4.822662353515625,-1.1104648113250732,-0.7416879534721375,1.883200764656067,-0.25445887446403503,0.10161223262548447,-8.258194923400879,0.30455833673477173,-3.555680513381958
480,-18.27294158935547,-6.977695465087891,3.7544872760772705,-1.617828369140625,0.1485142707824707,0.018491744995117188,26.148067474365234,-13.646822929382324,11.048322677612305,-55.47716522216797,4.984317779541016,-8.192571640014648,-0.7862464785575867,0.1169571653008461,0.23828531801700592,7.63386869430542,1.4196792840957642,-0.9290522933006287,1.0217140913009644,0.24816685914993286,-0.06105582416057587,1.7924166917800903,-2.9526596069335938,1.644193172454834
481,-31.920394897460938,-1.7299634218215942,1.321709394454956,-7.9554443359375,-0.6038386821746826,0.0759652853012085,45.75479507446289,-29.725078582763672,42.85860061645508,-62.949764251708984,14.477249145507812,-11.023956298828125,-1.6574199199676514,-0.44854333996772766,-0.09775770455598831,7.0309157371521,2.1090409755706787,-0.8323727250099182,1.3167486190795898,0.012270182371139526,-0.2683500647544861,1.3125845193862915,-2.8240749835968018,0.4520760178565979
482,-15.148317337036133,9.13880729675293,-5.593091011047363,-7.17009162902832,-0.5020990371704102,0.15054476261138916,22.2003231048584,-34.68675231933594,45.28364944458008,-61.742095947265625,13.956826210021973,-7.523561954498291,-1.7043800354003906,-0.12347153574228287,-0.41545382142066956,5.3960957527160645,2.335052490234375,-0.40486907958984375,1.619371771812439,0.1307619959115982,-0.24750608205795288,0.6796483993530273,-2.530320167541504,0.04096542298793793
483,-23.88831329345703,1.6969261169433594,0.9383876323699951,-8.030166625976562,-0.7463059425354004,0.01841697096824646,34.21467208862305,-29.259124755859375,42.2243537902832,-67.2701416015625,18.555532455444336,-1.421916127204895,-1.984129786491394,-0.005584090482443571,0.09025263786315918,2.7668426036834717,1.8436081409454346,-0.23815138638019562,2.0190083980560303,0.10681546479463577,-0.14593152701854706,-0.041311394423246384,-2.00781512260437,-0.16849228739738464
484,-22.24936294555664,3.1530938148498535,-1.4668943881988525,-3.913217067718506,-0.6161272525787354,0.017099499702453613,31.44078826904297,-25.45445442199707,36.752567291259766,-60.67278289794922,20.0,-0.3045327663421631,-2.446458101272583,0.3442838490009308,-0.17886732518672943,1.0443471670150757,1.333160638809204,-0.5572770833969116,2.3712995052337646,0.2795369029045105,-0.2872333526611328,-0.7237207293510437,-1.5592029094696045,0.04452482610940933
485,-2.507460594177246,1.5090534687042236,-0.47505414485931396,-3.5665836334228516,-0.44291651248931885,0.06769528985023499,4.841672897338867,-21.916982650756836,26.642993927001953,-57.872406005859375,20.0,1.8801203966140747,-1.7986140251159668,0.3361755311489105,-0.058128125965595245,-2.2159109115600586,0.6943508982658386,-0.2242560237646103,2.647568702697754,0.2680806517601013,-0.1607360541820526,-1.4199128150939941,-1.2818480730056763,0.05120328068733215
486,-13.690535545349121,1.048985481262207,0.08520907163619995,1.4372272491455078,-0.5091383457183838,0.048972129821777344,15.743764877319336,-23.663270950317383,25.077869415283203,-45.55387878417969,20.0,2.9871602058410645,-1.7910255193710327,0.5229500532150269,0.020869212225079536,-3.8741543292999268,-0.5967082977294922,0.5188015103340149,2.745462417602539,0.36142268776893616,-0.23164966702461243,-1.8208732604980469,-0.8894786834716797,-0.18803702294826508
487,-0.024331092834472656,-3.004267454147339,1.347848892211914,6.909517288208008,-0.017134547233581543,-0.03547191619873047,-2.477433204650879,-14.457822799682617,10.648200988769531,-42.412261962890625,20.0,6.8502702713012695,-1.3765757083892822,0.5183655023574829,-0.28385549783706665,-4.4999847412109375,-0.7985110282897949,0.7774491906166077,2.8283851146698,0.6119321584701538,-0.4425584375858307,-2.3022348880767822,-0.6506787538528442,-0.44927316904067993
488,17.13850212097168,-0.6141341924667358,-0.14499711990356445,7.389825820922852,0.11992430686950684,-0.04352879524230957,-15.432876586914062,-9.134285926818848,6.057282447814941,-17.639589309692383,20.0,5.292364120483398,0.270240843296051,0.16095156967639923,-0.1656569540500641,-6.033753395080566,-1.4830538034439087,1.07719087600708,2.6331088542938232,0.3027608096599579,-0.2631022036075592,-1.558785080909729,-0.753633439540863,1.130210280418396
489,27.10999298095703,2.421238899230957,-2.3913824558258057,10.340923309326172,0.4217102527618408,-0.01682567596435547,-32.77827072143555,-3.867493152618408,-1.9632494449615479,-10.352067947387695,13.86388874053955,3.725334644317627,1.6279714107513428,-0.1121181771159172,-0.246282160282135,-7.663370132446289,-0.778853178024292,1.8509113788604736,0.4637732207775116,-0.331483393907547,-0.31078848242759705,1.9048361778259277,0.9941489696502686,2.882133722305298
490,30.879201889038086,11.475224494934082,-9.066009521484375,13.787883758544922,0.41248321533203125,0.0037245750427246094,-34.595787048339844,-0.5721473693847656,-3.8462271690368652,0.18125534057617188,-0.1109614372253418,-0.15304994583129883,2.6145238876342773,0.7299075722694397,-0.24315357208251953,-3.201950788497925,6.137323379516602,-0.7299537658691406,-2.158102512359619,-0.25654226541519165,-0.5086320638656616,7.798934459686279,3.41209077835083,3.5434465408325195
491,45.08696746826172,18.40040397644043,-24.884033203125,-46.36149978637695,5.361262321472168,6.889517784118652,-40.83546829223633,-0.7927231788635254,0.6058781147003174,-14.65464973449707,-1.2079203128814697,-0.3861675262451172,1.1948723793029785,-0.3071494996547699,0.15373507142066956,0.9998406171798706,-3.6122374534606934,0.37513166666030884,-3.3661184310913086,-0.3561134338378906,0.7883262634277344,6.533032417297363,1.337417721748352,2.690004348754883
492,52.036964416503906,16.647964477539062,-28.7155818939209,-48.267330169677734,1.9426493644714355,7.76107120513916,-43.78620529174805,8.717761039733887,-8.702000617980957,-12.505824089050293,-0.861889123916626,-0.23735308647155762,1.2091745138168335,-0.014791399240493774,0.21425330638885498,0.7485255002975464,-2.1118199825286865,0.05359828844666481,-4.656656265258789,0.44924530386924744,0.7110873460769653,4.4202880859375,1.3283662796020508,1.2573310136795044
493,10.82010269165039,15.956424713134766,-26.016807556152344,-54.17535400390625,0.7879016399383545,8.099005699157715,-9.095769882202148,-2.450833320617676,-0.3047802448272705,-9.633164405822754,-0.4931759834289551,-0.15269654989242554,1.4325335025787354,0.009041078388690948,0.22280153632164001,0.29453662037849426,-1.9479625225067139,0.04559319466352463,-4.314347267150879,0.41733819246292114,0.6667484641075134,0.2148398905992508,2.015310525894165,0.5033483505249023
494,-5.961594581604004,14.969143867492676,-19.90753936767578,-71.73368835449219,0.19667363166809082,5.421128273010254,5.315032958984375,1.9162274599075317,-2.420610189437866,2.077972412109375,-0.3916884660720825,-0.1382601261138916,1.917982578277588,-0.1669156551361084,0.2648389935493469,-0.5045672059059143,-1.7539453506469727,0.07656903564929962,-3.216486692428589,0.2287483513355255,0.4146423935890198,-1.9410821199417114,0.5852454304695129,-1.8148581981658936
495,-18.523765563964844,16.307239532470703,-20.27663230895996,-65.21300506591797,-0.24158024787902832,4.907230377197266,11.209457397460938,-3.629351854324341,1.2241613864898682,6.087562561035156,0.00667881965637207,0.1358480453491211,1.9590709209442139,-0.25407925248146057,0.37958279252052307,-1.0328863859176636,-1.5193840265274048,0.12501777708530426,-2.2479426860809326,-0.24521544575691223,0.2688829302787781,-3.4240784645080566,0.7086715698242188,-2.1428256034851074
496,-24.600122451782227,8.316047668457031,-10.437255859375,-48.11946487426758,-0.8571007251739502,1.4932361841201782,22.961406707763672,-2.7345001697540283,2.4686942100524902,8.045921325683594,0.07305654138326645,0.06934976577758789,2.2720911502838135,-0.46735191345214844,0.3693641424179077,-1.3714524507522583,-1.4329373836517334,0.21062509715557098,-0.27427536249160767,-0.7428839802742004,0.17995098233222961,-5.018033981323242,-0.08201649785041809,-3.7478504180908203
497,-23.757434844970703,0.2568085491657257,0.7889710664749146,-12.594870567321777,1.8478446006774902,-1.573124885559082,23.495376586914062,1.8516819477081299,-1.0474987030029297,9.007915496826172,0.16783303022384644,0.3327178955078125,2.114781141281128,-0.004358702339231968,0.33343687653541565,-0.7051924467086792,-1.8745111227035522,-0.7955157160758972,1.4129002094268799,-0.5250933170318604,-0.6666988730430603,-6.8134284019470215,-0.3335539400577545,-3.8454465866088867
498,-20.646150588989258,-7.974274635314941,7.119839668273926,10.4031982421875,0.3577832281589508,-0.0825812816619873,27.81032943725586,-5.756755828857422,11.875127792358398,-19.050134658813477,-12.243940353393555,-4.521158695220947,-0.23453843593597412,0.1482650637626648,0.5608935952186584,7.882087230682373,0.31194689869880676,-1.8595393896102905,1.0356509685516357,0.7388190031051636,0.29411575198173523,1.852941632270813,-3.086329460144043,-0.48553967475891113
499,-28.062637329101562,-2.490762233734131,0.47372201085090637,-3.3009986877441406,-0.24329614639282227,0.21847522258758545,34.72624969482422,-27.512794494628906,39.29025650024414,-67.37240600585938,12.000310897827148,-5.214256763458252,-1.922670602798462,-0.5002344846725464,-0.14900793135166168,10.067460060119629,2.9105496406555176,-0.8026854991912842,0.7364110350608826,-0.014846168458461761,-0.2468629777431488,1.5206000804901123,-2.706652879714966,0.03170067071914673
500,-29.55060577392578,5.476716995239258,-1.5467675924301147,-13.54425048828125,-0.9302310943603516,0.06789565086364746,48.76922607421875,-30.086572647094727,50.706581115722656,-58.838836669921875,13.336139678955078,-6.6723527908325195,-1.7255748510360718,-0.4325115382671356,0.2129843831062317,7.198521137237549,2.6827640533447266,-0.7886459231376648,1.5449727773666382,-0.22746965289115906,-0.17904463410377502,0.8651200532913208,-2.512794256210327,0.22742211818695068
501,-36.703338623046875,7.272830486297607,-4.60279655456543,-12.861764907836914,-1.0242986679077148,0.12931859493255615,45.65184783935547,-28.014556884765625,47.2259521484375,-52.534278869628906,18.942291259765625,-5.814828395843506,-3.0574445724487305,-0.05403541773557663,-0.33105888962745667,4.604495525360107,2.177790641784668,-0.7336122989654541,1.5892950296401978,0.046004801988601685,-0.2578831613063812,0.14580845832824707,-1.9345463514328003,-0.06020951271057129
502,-27.718524932861328,1.5562301874160767,-0.3221055269241333,-9.013968467712402,-0.8487989902496338,0.08511936664581299,43.202247619628906,-20.83497428894043,44.096920013427734,-54.07542037963867,20.0,-2.98651123046875,-3.4665567874908447,-0.0660376101732254,-0.31561294198036194,1.5129165649414062,1.611162543296814,-0.5226884484291077,2.080706834793091,0.1950587034225464,-0.03637436777353287,-0.46529337763786316,-1.5705952644348145,0.01068083941936493
503,-5.021845817565918,4.715791702270508,-1.302328109741211,-4.81747579574585,-0.5388301610946655,0.06467851996421814,15.310110092163086,-20.542428970336914,27.003841400146484,-52.16283416748047,20.0,0.6021774411201477,-2.6617136001586914,0.4951910376548767,-0.2977096140384674,-1.8239679336547852,0.8548837900161743,-0.17392480373382568,2.7472705841064453,0.3366243839263916,-0.13485264778137207,-1.2141780853271484,-1.3685204982757568,0.00926235318183899
504,-11.183698654174805,0.39570140838623047,1.2406522035598755,-3.3209152221679688,-0.6397368311882019,0.03133976459503174,17.66516876220703,-17.403902053833008,19.014177322387695,-41.74493408203125,20.0,4.763598442077637,-2.0095579624176025,0.6973093152046204,-0.0053845737129449844,-5.5018310546875,0.18710966408252716,0.5931265354156494,3.197923421859741,0.38632068037986755,-0.2212386131286621,-1.812151551246643,-1.0201483964920044,-0.3322219252586365
505,3.3424572944641113,-4.543879508972168,3.433881998062134,11.532154083251953,-0.08575022220611572,-0.08517158031463623,-7.75090217590332,-17.946670532226562,14.24514102935791,-41.04084777832031,20.0,6.538455486297607,-1.4878437519073486,0.35338765382766724,0.531245768070221,-5.5235419273376465,-0.7672705054283142,0.9395502209663391,3.095798969268799,0.21383795142173767,-0.19843578338623047,-1.9983222484588623,-0.9845345616340637,-0.350849449634552
506,7.549558639526367,-3.2076051235198975,-0.4278492331504822,14.553659439086914,0.29502761363983154,-0.04380321502685547,-10.556205749511719,-14.58224105834961,12.385333061218262,-30.20153045654297,20.0,7.097869396209717,-1.0203665494918823,-0.07906314730644226,-0.10508818179368973,-3.803126573562622,-0.8755629062652588,1.1456660032272339,2.9635560512542725,0.35007765889167786,-0.15180134773254395,-1.8937568664550781,-0.9480102062225342,-0.49806779623031616
507,19.948909759521484,7.420045375823975,-6.759659767150879,4.132587432861328,0.16228997707366943,0.048891544342041016,-21.473108291625977,-9.314192771911621,0.7711443901062012,-11.267183303833008,20.0,5.19463586807251,0.3898107409477234,0.017126265913248062,-1.0726302862167358,-6.310474395751953,-0.6170361042022705,2.052388906478882,1.361741304397583,0.1943366825580597,-0.11153417080640793,0.7058181762695312,0.25914108753204346,2.3528668880462646
508,45.99006652832031,15.05943489074707,-9.126904487609863,10.626846313476562,0.3110666275024414,-0.07247495651245117,-46.10283279418945,2.0002450942993164,-6.277525424957275,2.1499710083007812,0.4769744873046875,0.027655601501464844,2.7765681743621826,0.3914809226989746,-1.3000274896621704,-9.380847930908203,-1.4428144693374634,2.2385547161102295,-2.04079008102417,-0.626325786113739,-1.0416117906570435,8.389554023742676,5.163374900817871,3.954871892929077
509,48.28693771362305,10.553084373474121,-19.56446647644043,-27.14703369140625,-16.303512573242188,5.344144344329834,-46.99020004272461,3.5838303565979004,-1.8633975982666016,-14.49761962890625,-1.5483415126800537,-0.37695837020874023,0.8213778734207153,-0.4026392996311188,-0.04671876132488251,1.6632931232452393,-2.6644487380981445,0.8383990526199341,-3.936816453933716,0.11011761426925659,0.8005134463310242,9.022167205810547,1.5009686946868896,3.600206136703491
510,46.78434753417969,20.63591957092285,-33.34608459472656,-47.47472381591797,1.0352463722229004,9.36713695526123,-35.92296600341797,-2.7650864124298096,-0.9684486389160156,-19.76331329345703,-0.9795374870300293,-0.41880345344543457,1.349238634109497,0.012919329106807709,0.3430299758911133,1.1698508262634277,-2.4345710277557373,0.14286604523658752,-4.313356399536133,0.36942771077156067,1.0046406984329224,3.8771684169769287,1.7950353622436523,1.7241766452789307
511,10.499176025390625,21.668222427368164,-28.064815521240234,-54.72004318237305,-0.4050469398498535,8.500288963317871,-6.792360305786133,-4.114773750305176,0.537968635559082,-8.463974952697754,-0.5293750762939453,-0.2457510232925415,1.5881398916244507,0.04803415387868881,0.2815397381782532,0.6729130744934082,-2.2838294506073,0.10968736559152603,-3.9140069484710693,0.29379934072494507,0.9461696743965149,-0.2668379843235016,2.2778830528259277,0.10516930371522903
512,7.508527755737305,20.079435348510742,-23.79326057434082,-73.7406005859375,-0.5571913719177246,6.825867652893066,-5.806243896484375,-1.591421365737915,-2.1306076049804688,3.3963136672973633,-0.5081557035446167,-0.049866676330566406,2.0013315677642822,-0.2721163332462311,0.4945378303527832,-0.11476347595453262,-1.9861348867416382,0.3415948748588562,-3.568580389022827,-0.5438050627708435,0.4209757149219513,-1.2964032888412476,0.6575685739517212,-1.5934202671051025
513,-16.377750396728516,17.14215850830078,-25.394725799560547,-75.29056549072266,0.1403040885925293,5.925839900970459,12.049782752990723,2.023615837097168,-2.0891270637512207,6.63407039642334,0.03556227684020996,0.14025259017944336,2.3258681297302246,-0.04723160341382027,0.4061186909675598,-0.7879089117050171,-1.825211524963379,0.05878947675228119,-2.288970947265625,-0.35870227217674255,-0.1528516560792923,-3.0419223308563232,0.8342844843864441,-2.115347385406494
514,-24.080238342285156,11.214472770690918,-16.111156463623047,-64.98754119873047,0.043318748474121094,3.5467512607574463,15.832432746887207,-0.6484379768371582,1.6871817111968994,8.953734397888184,-0.011342048645019531,0.16428327560424805,2.41916561126709,-0.28339070081710815,0.47063982486724854,-1.3347519636154175,-1.5507607460021973,0.0955391526222229,-1.0652344226837158,-0.5864207744598389,0.05272538214921951,-3.892874240875244,-0.36436906456947327,-1.967231035232544
515,-15.253551483154297,4.434443473815918,-9.150298118591309,-37.616825103759766,-0.12032961845397949,-0.59227055311203,14.566558837890625,0.02057170867919922,1.0448702573776245,7.995933532714844,0.1826341152191162,0.05032682418823242,2.656219244003296,-0.5195566415786743,0.4798136055469513,-1.422939419746399,-1.507551670074463,0.34223029017448425,0.4071778655052185,-0.9740347862243652,-0.09461679309606552,-4.760693073272705,-0.5483212471008301,-3.7979583740234375
516,-24.977357864379883,-7.573342800140381,4.293905258178711,1.0862727165222168,-0.038628339767456055,-0.1250239610671997,22.14466094970703,3.2115232944488525,0.7213231325149536,5.306392669677734,0.13697078824043274,0.31496429443359375,0.9696086645126343,-0.6531993746757507,0.2586577534675598,1.1509275436401367,-1.2114722728729248,-0.8506119251251221,1.651505947113037,-0.35144245624542236,-0.06442368030548096,-7.679018497467041,-0.1530320942401886,-3.428054094314575
517,-22.165321350097656,-6.773222923278809,4.863621711730957,5.509983062744141,0.23258912563323975,0.0008647441864013672,33.33478546142578,-9.377750396728516,9.808825492858887,-40.918548583984375,6.231606960296631,-15.024568557739258,-0.8450937867164612,-0.059471532702445984,0.5181103944778442,7.7217912673950195,0.8509412407875061,-1.1620032787322998,1.004172444343567,0.15335242450237274,0.08063605427742004,1.7007853984832764,-2.6751606464385986,2.6051411628723145
518,-23.421249389648438,0.17435979843139648,-0.8348326683044434,-2.3461227416992188,-0.2765927314758301,0.11931157112121582,37.79922103881836,-28.8949031829834,40.28483963012695,-65.17140197753906,12.511903762817383,-9.067987442016602,-1.823882818222046,-0.42191246151924133,-0.30657386779785156,9.788046836853027,2.585401773452759,-1.145597219467163,1.2663230895996094,0.1384364515542984,-0.36599963903427124,1.3896105289459229,-2.8376801013946533,0.35453155636787415
519,-32.32756042480469,6.152867794036865,-2.270930290222168,-14.654537200927734,-0.9190587997436523,0.1290055513381958,44.620704650878906,-28.314830780029297,43.39876174926758,-51.45433807373047,16.203937530517578,-7.369195938110352,-2.2577145099639893,-0.03669704496860504,-0.1148163303732872,7.129171848297119,2.6580135822296143,-0.8376396894454956,1.6021015644073486,0.2543596923351288,-0.3486706614494324,0.7798676490783691,-2.434119462966919,0.19903481006622314
520,-22.22371482849121,6.3530707359313965,-3.2363338470458984,-13.89876937866211,-0.8971483707427979,0.1200869083404541,33.69646453857422,-26.393165588378906,40.36820983886719,-55.08052062988281,20.0,-4.971728324890137,-2.3035824298858643,0.09119195491075516,-0.3948797285556793,2.985703945159912,2.221613883972168,-0.6647763848304749,2.0985679626464844,0.24845468997955322,-0.3331297039985657,0.01552630215883255,-2.0556652545928955,-0.10890144109725952
521,-20.394166946411133,4.6182146072387695,-0.7213490009307861,-8.285575866699219,-0.9213227033615112,0.0866956114768982,26.319774627685547,-30.884225845336914,36.1595573425293,-55.556121826171875,20.0,-3.136796712875366,-2.703630208969116,0.33046218752861023,-0.15602676570415497,-0.5456756353378296,0.5570828318595886,0.00706488499417901,2.265141248703003,0.19289466738700867,-0.279552161693573,-0.5999051332473755,-1.6208503246307373,-0.07796896994113922
522,-1.4607534408569336,2.4034576416015625,-1.2892441749572754,1.4960699081420898,-0.18807768821716309,0.019192039966583252,7.446895599365234,-27.855159759521484,28.767911911010742,-59.32670211791992,20.0,-1.0999478101730347,-1.832220435142517,0.5621394515037537,-0.12276998907327652,-2.605742931365967,0.4498274028301239,0.19145040214061737,2.6829617023468018,0.3309328556060791,-0.11100288480520248,-1.2118735313415527,-1.4033160209655762,0.3703180253505707
523,-9.650409698486328,0.4399843215942383,-0.5149655342102051,4.212373733520508,-0.3416769504547119,0.015378713607788086,10.574101448059082,-22.647729873657227,22.116233825683594,-45.88575744628906,20.0,1.679783582687378,-1.7992401123046875,0.5920836329460144,-0.48664775490760803,-3.4201173782348633,-0.6967116594314575,0.5523321032524109,2.777864694595337,0.4490547180175781,-0.2600037157535553,-1.6057766675949097,-1.0685381889343262,-0.047230809926986694
524,-3.4362454414367676,1.317347764968872,0.011100053787231445,1.4206295013427734,-0.20129913091659546,-0.022125959396362305,1.3507966995239258,-19.84120750427246,16.322261810302734,-35.976688385009766,20.0,3.962616443634033,-1.1069364547729492,0.6035570502281189,-0.30693623423576355,-6.174482822418213,-0.45276516675949097,1.0759440660476685,2.840759515762329,0.3708803355693817,-0.2930007576942444,-1.9248356819152832,-0.8799635171890259,-0.2503102719783783
525,18.877626419067383,-0.03318822383880615,-0.6198664903640747,11.961597442626953,0.18898868560791016,-0.052660465240478516,-18.613216400146484,-9.240859031677246,3.2628543376922607,-15.033927917480469,20.0,5.250008583068848,0.18276312947273254,0.35005927085876465,-0.23385006189346313,-6.470830917358398,-0.9440567493438721,1.5953493118286133,1.896482229232788,0.01663801446557045,-0.23986086249351501,-0.10027109086513519,-0.25243639945983887,1.4029275178909302
526,27.46963119506836,5.564014434814453,-5.671970844268799,11.808483123779297,0.36235928535461426,-0.052121639251708984,-28.747087478637695,-1.539023995399475,-3.4445338249206543,-9.139237403869629,12.344222068786621,3.22001576423645,1.6533857583999634,0.47690942883491516,-1.0573704242706299,-7.349670886993408,-0.8324423432350159,1.5725655555725098,0.1796685755252838,-0.09005892276763916,-0.4242579936981201,2.7364675998687744,1.666070580482483,1.6565436124801636
527,41.46937942504883,7.661077499389648,-13.08502197265625,-34.898887634277344,-19.534440994262695,7.332489967346191,-42.884063720703125,6.9003682136535645,-7.745776653289795,-1.2262229919433594,-0.4376351833343506,0.030226707458496094,1.319938063621521,-0.2592219412326813,0.10179100185632706,1.477236032485962,-4.477288246154785,1.5472502708435059,-2.393913984298706,-0.5185177326202393,-0.4826310873031616,8.326871871948242,2.1775734424591064,3.348370313644409
528,44.58440017700195,22.451854705810547,-33.005592346191406,-64.99947357177734,0.4148063659667969,6.62871789932251,-40.80188751220703,0.6379985213279724,-0.5803430080413818,-13.573040008544922,-0.951042890548706,-0.39598727226257324,1.4708027839660645,-0.24783681333065033,0.399064302444458,0.6230327486991882,-2.149897575378418,0.3409048914909363,-3.6388299465179443,0.03806604444980621,0.9291288256645203,6.369613170623779,1.8957698345184326,1.8704324960708618
529,26.44221305847168,21.748016357421875,-30.346830368041992,-56.00141143798828,0.5046310424804688,6.8043107986450195,-24.61423683166504,3.1696226596832275,-4.523544788360596,-13.280718803405762,-0.7710375785827637,-0.16784048080444336,1.594857096672058,0.028646312654018402,0.08367544412612915,0.22561265528202057,-1.9471714496612549,0.07105319947004318,-3.907885789871216,0.8315949440002441,0.6111159324645996,2.075366735458374,2.129378080368042,1.1087286472320557
530,-1.6493377685546875,20.41183090209961,-25.8195858001709,-67.27037048339844,-0.5099606513977051,7.21400785446167,-1.0405864715576172,-6.716709613800049,2.4525716304779053,-2.644125461578369,-0.4701211452484131,-0.179714635014534,1.8048220872879028,-0.13657967746257782,0.2695169448852539,-0.48793044686317444,-1.69297194480896,0.08502237498760223,-3.471893787384033,0.19014403223991394,0.6969134211540222,-0.5361915826797485,1.4532908201217651,-0.16254058480262756
531,-1.2935948371887207,16.02505874633789,-20.24102783203125,-65.81544494628906,-0.6605691909790039,4.316701889038086,-3.886575698852539,0.0046356916427612305,-3.1702516078948975,2.9510679244995117,-0.38477522134780884,-0.032549381256103516,1.8251748085021973,-0.2655029594898224,0.39631369709968567,-0.9640189409255981,-1.421451449394226,0.2406749725341797,-3.294058084487915,-0.417805939912796,-0.09670465439558029,-1.6292158365249634,0.21888215839862823,-2.1793015003204346
532,-8.261301040649414,8.130772590637207,-17.98381233215332,-71.03468322753906,0.4210953712463379,2.266202449798584,7.842527866363525,7.236412525177002,-5.2078857421875,4.3316240310668945,0.022063493728637695,0.22293853759765625,2.505769968032837,-0.13831859827041626,0.417525053024292,-1.7584768533706665,-1.2098066806793213,0.195509672164917,-1.6256871223449707,-0.16545844078063965,-0.782794177532196,-4.052252292633057,0.8076435923576355,-2.606536388397217
533,-28.322973251342773,13.197979927062988,-14.605056762695312,-39.80267333984375,-1.2344529628753662,3.310351848602295,22.094539642333984,-7.249706745147705,8.151185989379883,10.735184669494629,0.1468409150838852,0.15653181076049805,2.415149450302124,-0.4973532557487488,0.25665396451950073,-1.8036930561065674,-1.1821287870407104,0.07178850471973419,-0.3283173441886902,-0.48369336128234863,0.12492503225803375,-4.18009090423584,0.02251546084880829,-1.8955415487289429
534,-30.800065994262695,0.5443814992904663,-1.1158123016357422,-30.482650756835938,0.08668351173400879,-1.9035407304763794,23.11114501953125,3.1478617191314697,-0.649830162525177,9.486396789550781,0.21536874771118164,0.0903477668762207,2.2771358489990234,-0.3459089994430542,0.3642914295196533,-1.6480517387390137,-1.3358814716339111,0.18297237157821655,1.0203255414962769,-0.2695513069629669,-0.0794747918844223,-5.456060886383057,-0.17579656839370728,-3.256193161010742
535,-17.989831924438477,-2.9335899353027344,3.324204921722412,7.909053802490234,0.27274441719055176,-0.15467119216918945,18.816486358642578,-4.420304298400879,5.006385803222656,8.572574615478516,0.3817329406738281,0.2075200080871582,-0.18912389874458313,-0.31837159395217896,0.6564633250236511,5.347188472747803,0.3643505573272705,-1.5787500143051147,1.5593339204788208,-0.5601277351379395,0.014277158305048943,-5.6584577560424805,1.3328031301498413,-3.3463971614837646
536,-13.268718719482422,-6.468733787536621,2.1429123878479004,-0.17342376708984375,-0.08491063117980957,0.11874222755432129,30.046123504638672,-3.809246778488159,13.58988094329834,-50.52767562866211,3.324237823486328,-15.186920166015625,-0.5798307061195374,-0.048237066715955734,-0.004574758931994438,8.547174453735352,1.3991093635559082,-1.6791936159133911,0.90009605884552,-0.0695270448923111,-0.2390398383140564,1.6140726804733276,-2.6125106811523438,2.07002329826355
537,-35.348663330078125,2.1422390937805176,-1.1533262729644775,-10.45071029663086,-0.6896088123321533,0.19903087615966797,48.92275619506836,-31.41445541381836,49.76887130737305,-61.93210220336914,11.241044998168945,-12.627412796020508,-1.3825544118881226,-0.23288241028785706,-0.3300381004810333,7.349264144897461,2.2449164390563965,-0.9179661870002747,1.1767222881317139,0.10785312950611115,-0.2482515573501587,1.0263638496398926,-2.6212239265441895,0.6493068337440491
538,-37.01322937011719,2.4386649131774902,0.3532005548477173,-6.42840576171875,-0.7749166488647461,0.052193403244018555,51.42780303955078,-29.83197021484375,51.37406921386719,-47.356666564941406,16.726119995117188,-7.187555313110352,-2.776865243911743,-0.2621612548828125,0.1703301966190338,7.684351444244385,2.1300039291381836,-0.9216411709785461,1.2126061916351318,-0.033011674880981445,-0.11815853416919708,0.7888127565383911,-2.2604551315307617,0.16191209852695465
539,-26.492557525634766,8.29457950592041,-4.829838752746582,-15.612548828125,-0.8734354972839355,0.14481067657470703,35.872005462646484,-23.4832820892334,39.405784606933594,-42.871517181396484,20.0,-4.019607067108154,-3.4833767414093018,0.29205483198165894,-0.2625071704387665,3.758466958999634,2.411273717880249,-0.729658842086792,1.3935374021530151,0.17352762818336487,-0.21331334114074707,0.125959575176239,-1.8449876308441162,-0.1800227165222168
540,-21.829185485839844,6.178995132446289,-1.5443589687347412,-10.656852722167969,-0.9976540803909302,0.0898871123790741,40.01103210449219,-31.612611770629883,39.774932861328125,-45.43756103515625,20.0,-2.847336530685425,-3.2185537815093994,0.6493067741394043,0.11930756270885468,-0.4542139172554016,0.9449129700660706,-0.14260371029376984,2.1768734455108643,0.12407665699720383,-0.028447657823562622,-0.4155186414718628,-1.6916182041168213,0.05106006935238838
541,-15.792243957519531,-3.5824320316314697,2.071842908859253,-0.21884536743164062,-0.4835379123687744,0.03215759992599487,28.399511337280273,-19.619163513183594,28.78193473815918,-58.66484069824219,20.0,3.219219207763672,-2.9610869884490967,0.44398272037506104,-0.12744444608688354,-2.703345537185669,0.7056720852851868,0.4402276277542114,2.9600486755371094,0.22404730319976807,-0.2045385092496872,-1.2929338216781616,-1.3676228523254395,-0.1157790794968605
542,-6.300281524658203,-4.14762020111084,2.975308656692505,3.2039642333984375,-0.37448856234550476,-0.06628096103668213,8.234152793884277,-10.711575508117676,18.477962493896484,-40.682701110839844,20.0,6.2307891845703125,-2.58833909034729,0.29239514470100403,0.11769332736730576,-4.37190580368042,0.05132020637392998,0.5423052310943604,3.0847315788269043,0.29037854075431824,-0.22927960753440857,-1.7157015800476074,-1.0999064445495605,-0.43403559923171997
543,3.977428913116455,-3.616389274597168,1.178740382194519,9.752793312072754,-0.02306222915649414,-0.03523707389831543,-5.2104339599609375,-14.452458381652832,15.365593910217285,-38.10231018066406,20.0,7.403802871704102,-1.815818428993225,-0.15229067206382751,-0.16081874072551727,-4.514590740203857,-0.5746639966964722,0.7709131836891174,3.1850337982177734,0.3632458448410034,-0.14982055127620697,-1.9351294040679932,-1.0027929544448853,-0.4312835931777954
544,7.3256964683532715,3.9200174808502197,-2.155167579650879,7.059610366821289,0.03132319450378418,-0.018381834030151367,-8.821685791015625,-14.808333396911621,7.0695905685424805,-15.27731704711914,20.0,4.884390830993652,-1.0048643350601196,0.10863081365823746,-0.15660186111927032,-5.274792671203613,-0.8075505495071411,1.3518952131271362,2.7440268993377686,0.33705586194992065,0.06556988507509232,-1.1740444898605347,-1.2061495780944824,1.6713488101959229
545,38.75996398925781,9.351243019104004,-8.088959693908691,8.210746765136719,0.2860034704208374,0.010362863540649414,-37.89466094970703,-1.7624201774597168,-6.4216108322143555,-7.570033073425293,16.30402946472168,4.224267959594727,1.3377586603164673,0.2515292763710022,-1.004808783531189,-8.317753791809082,-1.099915623664856,1.7566713094711304,0.07844719290733337,-0.1713978797197342,-0.3515968918800354,3.274726390838623,2.151298761367798,1.7698167562484741
546,51.860923767089844,7.803443908691406,-5.305777072906494,21.352161407470703,0.7749871015548706,-0.011308670043945312,-52.53506088256836,2.42166805267334,-5.982419013977051,-4.461082458496094,-0.5333118438720703,0.05026817321777344,2.841355562210083,0.9483400583267212,0.1374378502368927,-2.6796913146972656,7.276483535766602,-1.0323086977005005,-3.2796428203582764,-0.34708383679389954,-0.216200053691864,9.885721206665039,3.4222660064697266,4.293055057525635
547,48.28681182861328,17.468042373657227,-29.65911865234375,-51.894203186035156,0.05577230453491211,7.833918571472168,-37.96453094482422,1.3478668928146362,-1.2794641256332397,-18.67317008972168,-1.3036003112792969,-0.4451770782470703,1.300776720046997,0.011274896562099457,0.18437202274799347,1.8685325384140015,-3.150700807571411,0.19445571303367615,-3.81632399559021,0.026912633329629898,0.4241883456707001,6.642910957336426,1.0903574228286743,3.0052342414855957
548,38.6563720703125,20.2380313873291,-30.608684539794922,-65.52717590332031,2.2196903228759766,7.822990417480469,-34.094383239746094,1.5006121397018433,-3.010634183883667,-13.254921913146973,-0.7996218204498291,-0.3880125880241394,1.3352675437927246,-0.22344970703125,0.35284459590911865,1.0142379999160767,-2.363878011703491,0.22156578302383423,-5.014162063598633,0.04574903845787048,0.7793219089508057,3.0762035846710205,1.3755942583084106,0.418357789516449
549,6.648560523986816,28.158994674682617,-31.380334854125977,-65.23279571533203,-0.6238651275634766,8.09597396850586,1.4147224426269531,-4.538558006286621,2.8654422760009766,-4.304892539978027,-0.3309810161590576,-0.13604849576950073,1.9497754573822021,-0.2108931839466095,0.21198467910289764,0.33934396505355835,-2.23152494430542,0.030090902000665665,-3.920879602432251,0.3210137188434601,1.3870083093643188,-0.7206505537033081,1.7949333190917969,-0.40704095363616943
550,-22.422687530517578,22.388992309570312,-24.946352005004883,-72.71470642089844,-0.8844232559204102,7.810094833374023,15.687894821166992,-6.158062934875488,1.3976564407348633,6.773287773132324,-0.011006355285644531,0.005758762359619141,1.9559823274612427,-0.1636975258588791,0.29654252529144287,-0.2259557843208313,-2.0744121074676514,-0.014880910515785217,-3.023204803466797,-0.3025623857975006,0.9614419937133789,-1.9808881282806396,2.0258948802948,-1.1495330333709717
551,-3.7417140007019043,12.702848434448242,-15.691970825195312,-59.83643341064453,0.17629337310791016,5.204855442047119,5.040835380554199,5.20650577545166,-5.68533992767334,7.373956680297852,-0.2285294532775879,0.17927193641662598,2.3074560165405273,-0.2002413123846054,0.23881416022777557,-0.5044001936912537,-1.893694281578064,-0.023388538509607315,-1.9750447273254395,-0.5434830784797668,-0.09186570346355438,-2.317159414291382,0.5996373295783997,-1.2085506916046143
552,-2.0923309326171875,-2.0860815048217773,-6.646180152893066,-42.34627914428711,2.618788719177246,2.598884344100952,-0.3303256034851074,9.469986915588379,-6.90087366104126,3.3862009048461914,-0.1609731912612915,0.1250152587890625,2.3657145500183105,-0.1921044886112213,0.3737795948982239,-0.661713182926178,-1.8186308145523071,0.12214464694261551,-1.3656593561172485,-0.4954889416694641,-0.9133813977241516,-3.6471681594848633,0.41473808884620667,-2.2911808490753174
553,-34.78206253051758,2.5531318187713623,-10.368792533874512,-45.022525787353516,2.093120813369751,1.7679476737976074,24.701997756958008,-2.9964890480041504,6.475261211395264,7.82158088684082,0.03475379943847656,-0.010588645935058594,2.1781773567199707,-0.5766779780387878,0.4119209349155426,-1.0733197927474976,-1.708343744277954,0.06237471103668213,0.08171190321445465,-0.5843420624732971,0.18151001632213593,-5.541819095611572,-0.6843031644821167,-4.1513671875
554,-37.0245246887207,-1.3243286609649658,1.946781873703003,-7.604735851287842,1.380094289779663,-0.6833329200744629,39.703575134277344,-0.6161240339279175,2.6180458068847656,14.070457458496094,0.7069532871246338,0.34987306594848633,1.0501817464828491,-0.19123610854148865,0.25461146235466003,0.2418345957994461,-1.4403066635131836,-0.6975340247154236,2.213750123977661,-0.3362883925437927,-0.19771817326545715,-6.650675296783447,1.055145025253296,-3.6379640102386475
555,-15.227048873901367,-11.11878490447998,6.156453609466553,9.85211181640625,0.39936792850494385,-0.03910422325134277,29.469715118408203,-4.91995096206665,6.922674179077148,-48.6210823059082,6.5592193603515625,-13.748833656311035,-0.6291088461875916,0.5123301148414612,0.21416696906089783,7.5848708152771,1.1223076581954956,-1.5032318830490112,0.9441309571266174,0.496086061000824,-0.39073285460472107,2.0211527347564697,-2.834596633911133,-0.031437523663043976
556,-22.242504119873047,-4.734432220458984,2.8454952239990234,-3.27557373046875,-0.3363070487976074,0.14343178272247314,32.76959228515625,-24.676651000976562,41.31279373168945,-69.0947494506836,9.912790298461914,-8.114121437072754,-1.5718865394592285,-0.5602704882621765,-0.1877882182598114,8.568399429321289,2.6634938716888428,-0.7770659923553467,1.222865343093872,-0.03383433073759079,-0.4002578556537628,1.4578498601913452,-2.91351056098938,0.233430877327919
557,-25.71895408630371,7.175715446472168,-4.064321517944336,-11.329517364501953,-0.819462776184082,0.12571042776107788,36.59709930419922,-31.19902801513672,50.08164596557617,-67.26634216308594,14.326300621032715,-9.73532772064209,-1.7699116468429565,-0.15820752084255219,-0.27440837025642395,6.0900115966796875,2.3832242488861084,-0.4348663091659546,1.6189074516296387,0.1909811794757843,-0.36861830949783325,0.5695469975471497,-2.440232992172241,0.2399449497461319
558,-24.51003646850586,5.598142147064209,-1.4174516201019287,-10.661784172058105,-0.847980260848999,0.025933384895324707,36.901920318603516,-29.68853759765625,45.47755432128906,-56.5454216003418,17.449066162109375,-9.151235580444336,-1.9350426197052002,0.06526380777359009,0.1193884015083313,2.9442498683929443,1.5234864950180054,-0.5722995400428772,2.051673412322998,0.09920641034841537,-0.21613162755966187,-0.015514489263296127,-2.1308882236480713,0.26394933462142944
559,-23.213144302368164,6.452729225158691,-4.251873016357422,-5.805638313293457,-0.6654173135757446,0.11941009759902954,31.015830993652344,-32.04347229003906,39.981727600097656,-52.731895446777344,20.0,-4.537152290344238,-2.6399030685424805,0.2922983765602112,-0.5928907990455627,0.8432060480117798,0.901305615901947,-0.30622613430023193,2.209676504135132,0.2603845000267029,-0.32741302251815796,-0.5972620844841003,-1.6964324712753296,-0.12334147095680237
560,-3.1557493209838867,0.7411419153213501,0.8314715623855591,0.7750284671783447,-0.23300588130950928,-0.011575698852539062,13.91760540008545,-23.530553817749023,32.509368896484375,-58.52982711791992,20.0,-2.3060359954833984,-1.7210972309112549,0.33204105496406555,-0.15873141586780548,-0.9437020421028137,0.3948322534561157,-0.5739682912826538,2.784729480743408,0.19346317648887634,-0.13746508955955505,-1.0909669399261475,-1.4956834316253662,0.2984686493873596
561,-15.565837860107422,-2.0361790657043457,2.7263448238372803,1.8345928192138672,-0.28639650344848633,0.039789095520973206,18.23178482055664,-18.682945251464844,27.075557708740234,-50.54949188232422,20.0,3.0380210876464844,-1.9734739065170288,0.36036571860313416,0.32318609952926636,-2.0322844982147217,0.48316648602485657,0.12863421440124512,2.9255237579345703,0.18503083288669586,-0.17581260204315186,-1.5522276163101196,-1.1353826522827148,-0.11346788704395294
562,-1.1405134201049805,1.4102871417999268,-1.953265905380249,-0.8218574523925781,-0.3735596835613251,0.04934370517730713,0.4107093811035156,-14.023735046386719,15.900534629821777,-39.165977478027344,20.0,4.697725772857666,-1.132049322128296,0.5244768857955933,-0.0596839115023613,-5.000269412994385,-0.25011342763900757,0.6353686451911926,3.06417179107666,0.42997682094573975,-0.18665271997451782,-2.0954971313476562,-0.8414392471313477,-0.27871596813201904
563,1.4360103607177734,-2.7718615531921387,1.077203631401062,8.802907943725586,-0.04476606845855713,-0.0561143159866333,-6.495247840881348,-12.262899398803711,10.207938194274902,-23.90777015686035,20.0,5.578413486480713,-0.9005861878395081,0.2962683439254761,-0.12756364047527313,-5.011847019195557,-0.8586521148681641,0.6992618441581726,2.69396710395813,0.47285592555999756,-0.10291998088359833,-1.937502145767212,-0.8048994541168213,-0.40449827909469604
564,10.542862892150879,3.647557258605957,-3.352377414703369,6.099328994750977,0.08095777034759521,0.04538083076477051,-9.49881649017334,-12.155451774597168,3.8783986568450928,-7.182671546936035,20.0,4.4409284591674805,0.16719666123390198,-0.004198296926915646,-0.5819164514541626,-6.583672523498535,-0.7256152629852295,1.722699522972107,1.5030561685562134,0.10949943959712982,-0.00693330354988575,0.35338497161865234,0.03392206132411957,1.5669324398040771
565,39.48111343383789,10.377269744873047,-7.555533409118652,12.922325134277344,0.45714354515075684,-0.02492809295654297,-36.506378173828125,0.9894061088562012,-7.149381637573242,-0.5834827423095703,5.9562668800354,1.6382241249084473,2.2454872131347656,0.2050710916519165,-1.3961901664733887,-7.91510534286499,-0.6565768122673035,2.1998138427734375,-0.9818636178970337,-0.3136090636253357,-0.4953119456768036,5.141897201538086,3.282252311706543,3.0670671463012695
566,45.166072845458984,11.697359085083008,-20.58999252319336,-64.03370666503906,-1.5206494331359863,6.564466953277588,-43.006980895996094,7.4389801025390625,-5.89882755279541,-5.048362731933594,-0.9970502853393555,-0.1978778839111328,1.3256083726882935,-0.2629488408565521,0.19080476462841034,1.2232744693756104,-2.8996214866638184,1.0474730730056763,-3.1489779949188232,-0.24120578169822693,0.09043845534324646,8.634570121765137,0.8925395011901855,3.329022169113159
567,30.511157989501953,20.721933364868164,-28.782564163208008,-59.493019104003906,0.6143169403076172,6.536113739013672,-27.484224319458008,3.5955634117126465,-2.936715841293335,-14.80732250213623,-0.5418353080749512,-0.3345208168029785,1.360572099685669,0.043700963258743286,0.16508542001247406,0.8499757647514343,-2.2734994888305664,0.23341768980026245,-3.7618937492370605,0.8677364587783813,0.8801079988479614,4.859914779663086,2.6904687881469727,2.43888258934021
568,14.66537094116211,21.702186584472656,-27.203407287597656,-61.83697509765625,0.09282779693603516,6.671267509460449,-13.795520782470703,-3.926520347595215,-0.08010149002075195,-9.117576599121094,-0.6764669418334961,-0.2751448154449463,1.5917819738388062,-0.004377957433462143,0.1903226226568222,0.2463814616203308,-2.030052423477173,0.23093050718307495,-3.712329387664795,0.6295593976974487,0.7141129970550537,1.3771543502807617,2.6879568099975586,1.1716362237930298
569,9.857329368591309,18.45281410217285,-20.655838012695312,-64.20018005371094,0.3918466567993164,5.736759185791016,-10.58469009399414,1.0367110967636108,-3.4232800006866455,-0.7431764602661133,-0.5750432014465332,-0.1308346390724182,1.7420567274093628,-0.1795157492160797,0.3343566060066223,-0.26560068130493164,-1.7642533779144287,0.27015796303749084,-3.8159117698669434,0.24971967935562134,0.2884403467178345,-0.018062805756926537,1.7668046951293945,-0.3718578517436981
570,-5.8372650146484375,20.49791145324707,-25.0322208404541,-78.13260650634766,-0.24495577812194824,5.536818981170654,5.539974212646484,-1.7015970945358276,-0.7450246214866638,3.026611328125,-0.27729594707489014,-0.0028352737426757812,2.3964242935180664,-0.1905079483985901,0.4016851782798767,-1.1488851308822632,-1.5333987474441528,0.2604502737522125,-2.4922525882720947,-0.12153597176074982,-0.16626018285751343,-2.1196401119232178,0.9220177531242371,-1.5398731231689453
571,-5.337106704711914,6.582952976226807,-12.177136421203613,-56.152252197265625,0.8424489498138428,4.075777053833008,-0.4796323776245117,7.361558437347412,-5.859364986419678,5.877724647521973,-0.07233405113220215,0.18736577033996582,2.366283655166626,-0.3210119903087616,0.4361429214477539,-1.3960411548614502,-1.269944429397583,0.20955365896224976,-2.107382297515869,-0.21387147903442383,-0.8581744432449341,-2.5601930618286133,1.0615273714065552,-1.9004935026168823
572,-15.824786186218262,12.940631866455078,-15.615433692932129,-42.01572036743164,0.3352673053741455,1.4045345783233643,10.137371063232422,-5.004298210144043,4.606306552886963,3.184823989868164,-0.35197746753692627,0.04153251647949219,2.351579189300537,-0.387235164642334,0.3986729383468628,-1.6431596279144287,-1.2151665687561035,0.26953381299972534,-0.8846847414970398,-0.3972107172012329,-0.5927262306213379,-4.9289069175720215,-0.8916405439376831,-3.1754212379455566
573,-18.306915283203125,4.652511119842529,-5.420210838317871,-18.88524055480957,1.5605545043945312,-2.107454776763916,18.442350387573242,-2.3815345764160156,3.6488542556762695,9.708183288574219,0.25890564918518066,0.21490716934204102,2.4578781127929688,-0.4472074806690216,0.42447492480278015,-1.3444781303405762,-1.4981156587600708,0.33862215280532837,0.5075327157974243,-0.4892931580543518,-0.3718096613883972,-5.402802467346191,-1.2211966514587402,-3.317068338394165
574,-30.14851188659668,-4.504072666168213,3.695986747741699,2.8221893310546875,0.05749773979187012,-0.14717578887939453,31.44699478149414,-5.726280212402344,8.145575523376465,9.547897338867188,0.5485619306564331,0.11968040466308594,0.05899513140320778,-0.7904189825057983,0.42608022689819336,3.439969301223755,-0.05308942496776581,-1.2826732397079468,1.8055729866027832,-0.583626389503479,0.3067813515663147,-6.973734378814697,0.5681226253509521,-4.315381050109863
575,-25.43193817138672,0.09956866502761841,0.7964205741882324,1.8325843811035156,-0.06357264518737793,0.0688619613647461,38.665287017822266,-9.424064636230469,17.80573081970215,-26.535907745361328,-16.218820571899414,-9.439772605895996,-1.4836400747299194,0.32308539748191833,0.5134062170982361,9.254654884338379,1.1538978815078735,-1.6793841123580933,0.7726830244064331,0.4333079159259796,0.3120034635066986,2.020460605621338,-2.865736961364746,3.180359363555908
576,-29.32699966430664,3.052733898162842,-3.184347629547119,-9.351173400878906,-0.48686933517456055,0.2162795066833496,47.76749038696289,-35.79599380493164,49.60417938232422,-64.29228973388672,13.577835083007812,-11.797179222106934,-2.0990102291107178,-0.17102915048599243,-0.5282537937164307,8.277665138244629,2.9439871311187744,-1.2950284481048584,1.1053036451339722,0.15975481271743774,-0.13532865047454834,1.6058838367462158,-2.887763261795044,0.5629159808158875
577,-21.304195404052734,7.3827667236328125,-3.303082227706909,-10.106149673461914,-0.7962489128112793,0.16008687019348145,34.493717193603516,-33.808834075927734,47.047996520996094,-51.919517517089844,16.888078689575195,-7.634905815124512,-2.4439377784729004,-0.1998080462217331,-0.7300134897232056,6.2087016105651855,2.4026987552642822,-0.9368728995323181,1.3851854801177979,-0.07021039724349976,-0.10548126697540283,1.16189444065094,-2.560389280319214,0.02082410454750061
578,-12.2046537399292,9.415877342224121,-4.315251350402832,-10.191741943359375,-0.7387951612472534,0.1285640001296997,24.094213485717773,-29.507963180541992,44.44526290893555,-60.05531692504883,13.97132682800293,-7.70789098739624,-1.8664225339889526,0.5629381537437439,-0.7579529881477356,2.6330339908599854,1.1758629083633423,-0.6637650728225708,2.0456674098968506,0.09802056849002838,-0.03078582137823105,0.3469976782798767,-2.303131103515625,0.1732436716556549
579,-15.19003963470459,3.323307991027832,-0.1729423999786377,-6.49896240234375,-0.5254113674163818,0.06324103474617004,17.55712890625,-28.400043487548828,34.64753723144531,-54.061767578125,17.497180938720703,-2.730036735534668,-2.242481231689453,0.8853846192359924,-0.26595547795295715,-0.4625190794467926,1.2404366731643677,-0.2539312541484833,1.9846396446228027,0.11345349252223969,0.16709911823272705,-0.11437293142080307,-1.9075241088867188,0.03738155961036682
580,-13.241976737976074,-2.006700277328491,1.2571033239364624,0.8774080276489258,-0.439616322517395,0.01619511842727661,22.513809204101562,-20.83435821533203,31.827878952026367,-55.79785919189453,20.0,-1.1126759052276611,-2.065256118774414,0.9144024848937988,-0.15356378257274628,-2.1251907348632812,0.6013106107711792,-0.07537312060594559,2.3923680782318115,0.10207339376211166,0.09331317245960236,-0.6271105408668518,-1.5458550453186035,0.11520461738109589
581,-6.083980560302734,-7.242316246032715,3.847465991973877,5.082836151123047,-0.24004682898521423,0.002251565456390381,7.306127548217773,-14.49299430847168,15.845590591430664,-54.650047302246094,20.0,1.8791402578353882,-2.0194759368896484,0.8493884205818176,-0.2064327448606491,-2.765256881713867,-0.18078835308551788,0.4325231909751892,2.524371385574341,0.39613592624664307,-0.06571336090564728,-1.2592710256576538,-1.2292457818984985,0.13612934947013855
582,-8.455533981323242,-4.225010871887207,2.5432114601135254,0.8399753570556641,-0.3540992736816406,-0.03281247615814209,14.82060432434082,-14.458295822143555,15.221189498901367,-34.340965270996094,20.0,3.1282219886779785,-1.2699387073516846,0.4290914535522461,-0.21937032043933868,-5.115123748779297,-0.7799864411354065,0.8316317200660706,3.01194429397583,0.28441038727760315,-0.2229095697402954,-1.5906040668487549,-1.0734344720840454,-0.1664159744977951
583,0.9493765830993652,0.3421667814254761,-1.3235394954681396,5.818717956542969,-0.07725119590759277,-0.023201465606689453,-5.185996055603027,-18.16191864013672,13.763912200927734,-22.620731353759766,20.0,4.297175407409668,-0.6041785478591919,0.10408038645982742,-0.37166890501976013,-6.751505374908447,-0.6602767109870911,1.1840230226516724,2.7182366847991943,0.2326367050409317,-0.003480948507785797,-1.481888771057129,-1.0931611061096191,-0.21381324529647827
584,19.399700164794922,2.111624002456665,-2.630505084991455,13.434209823608398,0.22671723365783691,-0.05578804016113281,-19.56005859375,-5.144524574279785,0.19130203127861023,-8.9630765914917,17.855934143066406,4.7696027755737305,0.41018956899642944,-0.13867764174938202,-1.089604139328003,-6.254639148712158,-1.2742061614990234,1.0876573324203491,1.1956926584243774,0.00841672345995903,-0.13343968987464905,1.121635913848877,0.3722681403160095,0.37426236271858215
585,42.61245346069336,9.803414344787598,-9.446188926696777,-16.52280616760254,-16.700986862182617,8.137411117553711,-41.07386779785156,0.2461024522781372,-5.519951343536377,-0.9011554718017578,-0.11491537094116211,0.20521926879882812,2.441122531890869,0.42505738139152527,0.3343126177787781,-1.9052891731262207,7.9783501625061035,-3.1652185916900635,-0.9757074117660522,-0.4975273609161377,-0.22900590300559998,6.33001184463501,2.2260496616363525,3.7722880840301514
586,39.87815475463867,24.92633056640625,-28.87035369873047,-68.80314636230469,0.33458566665649414,5.760289192199707,-38.991912841796875,2.884012460708618,-2.8195223808288574,-8.413150787353516,-0.9358433485031128,-0.38620901107788086,1.5828418731689453,-0.3154420256614685,0.38416698575019836,0.9489004611968994,-2.3704147338867188,0.48748451471328735,-2.433089256286621,-0.2604357600212097,0.2813138961791992,6.4170098304748535,0.6491431593894958,2.2920639514923096
587,17.594263076782227,30.324331283569336,-33.853912353515625,-65.71727752685547,-2.018315315246582,7.906935214996338,-20.28115463256836,-4.797318935394287,2.609398365020752,-7.71345329284668,-0.34331369400024414,-0.27753162384033203,1.5350559949874878,-0.08516198396682739,0.5271030068397522,0.5002661347389221,-2.082425117492676,0.4127417206764221,-3.3072750568389893,0.32477709650993347,1.4019392728805542,4.804196834564209,2.0677685737609863,1.7347902059555054
588,22.340438842773438,15.791845321655273,-24.850284576416016,-67.74168395996094,-0.42197513580322266,7.593362808227539,-25.11762237548828,5.93524694442749,-7.54056453704834,-9.103541374206543,-0.7304830551147461,-0.11183536052703857,1.5308008193969727,-0.11873482912778854,0.36745065450668335,-0.10556000471115112,-1.651455283164978,0.23484671115875244,-3.869277000427246,0.4103572964668274,0.46224716305732727,1.8028712272644043,2.0010924339294434,0.8268597722053528
589,5.790854454040527,19.377418518066406,-24.092620849609375,-58.0118408203125,-1.595637559890747,6.96983528137207,-6.270879745483398,-2.921361207962036,-0.7632688879966736,-2.681563377380371,-0.41461944580078125,-0.09036702662706375,1.7192859649658203,0.0012628883123397827,0.40600818395614624,-0.4535490870475769,-1.5043959617614746,0.08096041530370712,-3.553535223007202,0.21283039450645447,0.041885823011398315,-0.6148598194122314,2.2406857013702393,-0.05635436251759529
590,-10.051026344299316,12.723923683166504,-18.891626358032227,-69.0078125,-2.6576216220855713,5.0068206787109375,7.42492151260376,0.2303849309682846,-0.9449864625930786,2.2978639602661133,-0.3773688077926636,-0.03663921356201172,2.275211811065674,-0.0789325013756752,0.5274447202682495,-1.199463963508606,-1.4088364839553833,0.19069217145442963,-2.1936943531036377,-0.00010152114555239677,-0.1611325591802597,-2.937479019165039,0.9257529973983765,-1.2085498571395874
591,-26.880203247070312,15.25371265411377,-20.123809814453125,-65.9569091796875,-2.7690882682800293,2.8819165229797363,16.169185638427734,-6.568037509918213,5.312071800231934,6.539560317993164,-0.18555843830108643,-0.07550716400146484,2.2636430263519287,-0.37697187066078186,0.5208321213722229,-1.8242483139038086,-1.0870332717895508,0.2835957109928131,-0.8026387691497803,-0.5785306096076965,0.15275070071220398,-4.883089542388916,-0.9255498051643372,-3.4533369541168213
592,-33.177772521972656,8.689531326293945,-7.94931173324585,-44.8939094543457,-3.379971981048584,0.514947235584259,25.92116355895996,-0.6791715621948242,2.178999900817871,12.53963851928711,0.4568525552749634,0.2542867660522461,2.3602168560028076,-0.44195815920829773,0.5418401956558228,-1.8962739706039429,-1.1073789596557617,0.22853538393974304,0.8226014971733093,-0.5983527302742004,0.3486116826534271,-5.4383111000061035,-0.5784401893615723,-3.49147629737854
593,-15.869161605834961,-5.524064540863037,4.215773582458496,10.945110321044922,0.16754364967346191,-0.14511418342590332,18.71207618713379,-5.842920780181885,4.874977111816406,5.521888732910156,0.3490138053894043,0.33317089080810547,-0.15065854787826538,-0.527794361114502,0.6666434407234192,6.256840705871582,-1.1136616468429565,-1.0761187076568604,1.7569875717163086,-0.9660684466362,0.13328292965888977,-7.222339153289795,1.4607877731323242,-1.9082696437835693
594,-19.569854736328125,-2.853022813796997,1.4745635986328125,-4.100986480712891,0.05998110771179199,0.06987142562866211,26.62073516845703,-8.55221176147461,9.159399032592773,-42.83313751220703,3.760840654373169,-3.0032267570495605,-1.2773030996322632,0.25757333636283875,0.49587830901145935,9.03000259399414,1.3535243272781372,-1.0846664905548096,0.4557715654373169,0.11891361325979233,-0.15483319759368896,1.4876664876937866,-2.4351940155029297,0.5920783281326294
595,-21.518465042114258,-1.771708369255066,-0.08534759283065796,-11.560663223266602,-0.5283432006835938,0.11976385116577148,36.475311279296875,-19.40770721435547,35.71623611450195,-59.20560836791992,10.363876342773438,-8.635865211486816,-0.7598020434379578,-0.35850486159324646,-0.1318638026714325,6.261846542358398,2.36102032661438,-0.9011611342430115,1.2294590473175049,0.019315481185913086,-0.2514861822128296,0.8453625440597534,-2.413391351699829,0.33243805170059204
596,-30.894439697265625,2.162696123123169,-0.18681782484054565,-8.32960319519043,-0.7983675003051758,0.089180588722229,38.9177131652832,-23.575969696044922,41.02661895751953,-50.37680435180664,12.698890686035156,-5.204919815063477,-1.6503642797470093,-0.3159602880477905,-0.009378060698509216,5.053299427032471,1.8535701036453247,-0.5713953375816345,1.3478047847747803,0.023944050073623657,-0.25886571407318115,0.42924684286117554,-2.0663411617279053,0.06751905381679535
597,-28.654338836669922,4.906447410583496,-2.4259798526763916,-11.99722671508789,-0.8579108715057373,0.1180797591805458,34.35546875,-29.280136108398438,37.119361877441406,-54.18637466430664,19.659067153930664,-1.5898897647857666,-2.462278366088867,-0.12309303134679794,-0.31982746720314026,1.4455089569091797,1.5944185256958008,0.060240600258111954,1.5093194246292114,0.19010311365127563,-0.28564879298210144,-0.3585948646068573,-1.5372005701065063,-0.21243895590305328
598,-18.312175750732422,2.634873867034912,-0.565463662147522,0.6590332984924316,-0.5286256074905396,-0.02287459373474121,34.31873321533203,-32.45599365234375,39.270484924316406,-52.68084716796875,20.0,-2.471461057662964,-2.469451665878296,-0.16748490929603577,-0.3185507357120514,0.7168046832084656,0.17710581421852112,-0.2557432949542999,2.16310453414917,0.16504278779029846,-0.1917913556098938,-0.8452098965644836,-1.3954167366027832,-0.10024100542068481
599,-16.537296295166016,3.852353096008301,-0.627821683883667,-0.6481590270996094,-0.27560925483703613,0.02472277544438839,21.381994247436523,-27.93310546875,35.28904724121094,-50.79588317871094,20.0,-1.1905510425567627,-2.874432325363159,0.12140442430973053,-0.03896545618772507,-0.7963815331459045,0.7196524143218994,0.006614253390580416,2.2382655143737793,0.1177755743265152,-0.1686592549085617,-1.2364296913146973,-1.107215404510498,0.09687093645334244
600,-10.704099655151367,-0.3350154161453247,1.9211394786834717,-0.7092924118041992,-0.3913462162017822,-0.02335149049758911,17.34709930419922,-17.61573028564453,23.16012954711914,-41.28917694091797,20.0,5.643192768096924,-2.4478864669799805,0.2653590440750122,0.457770437002182,-3.0396387577056885,0.5784845352172852,0.325212687253952,2.6774673461914062,0.11467115581035614,-0.21835210919380188,-1.722152829170227,-0.8547794818878174,-0.38589251041412354
601,1.2858095169067383,0.09760290384292603,-1.6114922761917114,5.145597457885742,-0.2228056788444519,0.016761064529418945,-0.39673805236816406,-16.4235782623291,15.654424667358398,-32.71674728393555,20.0,6.0007123947143555,-1.802413821220398,0.09435360878705978,-0.06754637509584427,-4.042229175567627,-0.44757360219955444,0.5748888850212097,2.7556347846984863,0.2842300534248352,-0.17423012852668762,-1.969381332397461,-0.7575256824493408,-0.4525183439254761
602,14.479832649230957,6.405850887298584,-4.699440002441406,3.1560745239257812,-0.017988264560699463,0.06066012382507324,-15.844425201416016,-12.345763206481934,6.0263471603393555,-18.803125381469727,20.0,5.303337097167969,-0.250483900308609,0.39407750964164734,-0.47788459062576294,-6.919649124145508,-0.4208143949508667,1.5723347663879395,2.5942916870117188,0.30281898379325867,-0.14823994040489197,-1.6616077423095703,-0.9149089455604553,1.3267276287078857
603,31.93057632446289,7.120363235473633,-6.007753372192383,9.767467498779297,0.1416611671447754,-0.024604320526123047,-29.392011642456055,-5.174155235290527,-5.679808616638184,-0.27845001220703125,13.403314590454102,3.1309733390808105,1.910577416419983,0.31079214811325073,-0.8618080615997314,-9.385575294494629,-1.2514655590057373,2.171692132949829,-0.04176647961139679,-0.40152451395988464,-0.4038435220718384,3.2430717945098877,1.7642256021499634,3.3832249641418457
604,40.38206100463867,12.162956237792969,-7.742811679840088,20.256324768066406,0.5537247657775879,-0.0445103645324707,-39.68684005737305,0.014768838882446289,-2.468564510345459,-1.1923828125,-0.4503757953643799,-0.26938343048095703,3.0247652530670166,1.3744598627090454,0.6872367858886719,-1.872173547744751,8.436375617980957,-1.900593638420105,-2.871107339859009,-0.3077695667743683,0.22165939211845398,10.546797752380371,1.7219347953796387,3.265965461730957
605,35.98771667480469,24.083362579345703,-31.45429039001465,-56.343017578125,0.5245256423950195,5.085328102111816,-35.647979736328125,-0.04085412621498108,-0.027989864349365234,-19.648136138916016,-0.9646275043487549,-0.38672637939453125,0.8851441144943237,-0.006253213621675968,0.18440717458724976,1.5290818214416504,-2.4440524578094482,0.170180544257164,-3.7870383262634277,-0.00045366038102656603,1.062690019607544,6.865468978881836,1.6100132465362549,1.8360260725021362
606,34.71407699584961,19.206096649169922,-27.290250778198242,-51.97306442260742,-1.047109603881836,8.706891059875488,-31.143068313598633,2.2777762413024902,-4.360544204711914,-13.522960662841797,-0.8300895690917969,-0.18647170066833496,0.945731520652771,-0.2201690971851349,0.13949552178382874,0.9443214535713196,-2.0607337951660156,0.05012868344783783,-4.641059398651123,-0.17195504903793335,0.7298818826675415,3.5916051864624023,1.5032029151916504,0.5385856628417969
607,19.59648895263672,11.56978988647461,-18.547271728515625,-56.49726867675781,0.0675356388092041,6.526728630065918,-11.547779083251953,6.732008934020996,-7.078616142272949,-8.748320579528809,-0.5649638175964355,0.006276309490203857,1.5990482568740845,-0.016165554523468018,0.1794615238904953,0.32733994722366333,-1.9487192630767822,0.040424443781375885,-3.9650001525878906,0.1331663876771927,-0.029544712975621223,-0.8370801210403442,1.8738422393798828,0.043005164712667465
608,-15.725252151489258,18.962833404541016,-25.71935272216797,-72.64312744140625,-1.5835986137390137,6.186036109924316,11.756338119506836,-2.5995497703552246,2.6380863189697266,4.207188606262207,-0.2907456159591675,-0.16009283065795898,1.9188610315322876,-0.02058703452348709,0.20685122907161713,-0.460006445646286,-1.795798659324646,-0.04119362682104111,-2.7506027221679688,0.24603240191936493,0.39281919598579407,-3.1285204887390137,0.6800643801689148,-2.1543092727661133
609,-16.672752380371094,11.384561538696289,-14.080678939819336,-56.42683792114258,-1.3039977550506592,6.178478240966797,12.202838897705078,0.24331092834472656,-1.3949906826019287,10.238846778869629,0.17188692092895508,0.24389958381652832,1.9262590408325195,-0.2718054950237274,0.1830620914697647,-0.7023346424102783,-1.5887551307678223,-0.1310058832168579,-1.85617995262146,-0.3567137122154236,-0.13114193081855774,-2.9951958656311035,0.9820451736450195,-1.628846287727356
610,-7.278561115264893,2.2619690895080566,-4.548764705657959,-34.27176284790039,-0.09612822532653809,3.346081256866455,7.034289836883545,2.221497058868408,-1.7417452335357666,6.746823310852051,0.017681121826171875,0.1259770393371582,2.0328657627105713,-0.41342681646347046,0.4372762143611908,-0.6300168633460999,-1.6069997549057007,-0.06359975039958954,-1.1500355005264282,-0.6488649249076843,-0.30281317234039307,-3.1005167961120605,1.0133628845214844,-2.2650647163391113
611,-31.38711166381836,2.228667974472046,-0.9665297865867615,-4.925198078155518,-0.816723108291626,-0.007560819387435913,31.953022003173828,-7.701315879821777,8.55234146118164,1.5918235778808594,-0.20051199197769165,0.008187294006347656,0.7451387047767639,-0.20966054499149323,0.10148505121469498,0.20808687806129456,-1.1499959230422974,-0.11272773891687393,1.1377919912338257,-0.44367730617523193,0.22956860065460205,-7.879029273986816,-0.25340113043785095,-3.7148492336273193
612,-17.173542022705078,-4.677372932434082,6.2242751121521,8.757560729980469,0.2690015435218811,-0.13881325721740723,32.71285629272461,-5.920773029327393,15.556641578674316,-30.99051284790039,-20.0,-9.037153244018555,-0.509502112865448,0.4320145547389984,0.5946623086929321,7.8187408447265625,-0.21304340660572052,-1.1629196405410767,1.6113028526306152,0.25513267517089844,0.22870349884033203,1.624567985534668,-3.1437034606933594,3.576230049133301
613,-15.793425559997559,-4.044027328491211,0.4598430395126343,-3.1638717651367188,-0.020145416259765625,0.14389920234680176,25.105342864990234,-24.71782112121582,38.41798400878906,-74.93309020996094,7.687668800354004,-11.074576377868652,-0.9832301735877991,-0.5513936877250671,-0.4618936777114868,8.420605659484863,2.530508041381836,-0.6612162590026855,1.4471133947372437,-0.0963549092411995,-0.237295001745224,1.7581197023391724,-3.15081524848938,0.5059368014335632
614,-24.27264404296875,1.6140854358673096,0.9699252843856812,-10.065025329589844,-0.7767958641052246,0.06537584960460663,26.662734985351562,-26.810810089111328,39.72011184692383,-61.46590805053711,12.856419563293457,-7.379668235778809,-1.747469425201416,-0.4896168112754822,0.22434456646442413,6.715205192565918,2.2406961917877197,0.027757177129387856,1.2675988674163818,-0.1672496199607849,-0.12193814665079117,1.2211108207702637,-2.6291990280151367,0.18393677473068237
615,-16.302078247070312,7.509267807006836,-4.357781410217285,-10.162052154541016,-0.7238559722900391,0.023406416177749634,27.329219818115234,-28.78164291381836,41.041160583496094,-63.88838577270508,13.020153045654297,-6.820173263549805,-1.3328334093093872,-0.09731224924325943,0.0622740313410759,3.5856735706329346,1.3672224283218384,-0.25879934430122375,1.895339846611023,-0.056373193860054016,-0.1470678150653839,0.4367152750492096,-2.3080673217773438,0.18624098598957062
616,-23.473217010498047,4.679529190063477,-2.2386462688446045,-6.699231147766113,-0.6658722162246704,0.0364079475402832,27.06412124633789,-27.10211753845215,39.93384552001953,-64.48615264892578,17.766706466674805,-3.485187292098999,-1.9887261390686035,0.1964655965566635,-0.004073372110724449,1.112427830696106,0.8015931248664856,-0.3526880443096161,1.98504638671875,0.06226344406604767,-0.15736190974712372,-0.2920459806919098,-1.7603362798690796,-0.026657044887542725
617,-22.515838623046875,2.5759763717651367,-0.29442840814590454,-0.9361107349395752,-0.41199660301208496,0.01644819974899292,32.82292938232422,-24.781890869140625,34.617340087890625,-53.80891036987305,20.0,-1.119695782661438,-2.4496819972991943,0.38611459732055664,-0.03241878002882004,0.04422378912568092,0.8925601243972778,-0.4465063810348511,2.379556655883789,0.06402838230133057,-0.2993370294570923,-0.7202083468437195,-1.470849871635437,0.12245497852563858
618,-3.3661460876464844,-0.35487520694732666,-0.3711226284503937,1.872128963470459,-0.23363828659057617,0.06857143342494965,5.169430732727051,-19.89565086364746,27.06163787841797,-56.759552001953125,20.0,0.662577748298645,-2.0354833602905273,0.2879335582256317,-0.09369208663702011,-1.337686538696289,0.34396716952323914,-0.049935150891542435,2.55739688873291,0.19157658517360687,-0.14024636149406433,-1.2675862312316895,-1.245784044265747,0.12295028567314148
619,-5.537803649902344,1.8249454498291016,-0.6142805814743042,0.3101329803466797,-0.3149453401565552,0.04463040828704834,2.6676864624023438,-20.706998825073242,19.991056442260742,-51.86775207519531,20.0,1.6824021339416504,-1.8211888074874878,0.504700779914856,-0.259708970785141,-3.592237710952759,-0.008527933619916439,0.6062429547309875,2.547558069229126,0.33851295709609985,-0.2902240455150604,-1.8062753677368164,-0.8321507573127747,0.0525483712553978
620,3.5847995281219482,3.176847219467163,-2.37442946434021,-0.6981925964355469,-0.3751569986343384,0.0033724308013916016,-1.0892868041992188,-13.098470687866211,11.298898696899414,-22.194332122802734,20.0,3.7222394943237305,-0.3619440197944641,0.48578590154647827,-0.4218901991844177,-7.32928991317749,-0.9152279496192932,1.0132930278778076,2.7795159816741943,0.2954815626144409,-0.2952762246131897,-2.006558418273926,-0.7506599426269531,-0.26545989513397217
621,26.49917221069336,3.447772741317749,-2.6382522583007812,12.493484497070312,0.24704933166503906,-0.015289306640625,-28.08420181274414,-8.109148025512695,-3.308332920074463,-12.779153823852539,17.012178421020508,4.460310935974121,1.3990427255630493,0.5210320353507996,-0.33846476674079895,-8.529295921325684,-1.4351710081100464,1.8119597434997559,1.372365117073059,-0.014905106276273727,-0.23064756393432617,0.5731387734413147,0.42883092164993286,1.688509464263916
622,26.674087524414062,10.291609764099121,-8.724279403686523,11.92215347290039,0.26967692375183105,-0.007465839385986328,-31.06150245666504,1.4969115257263184,-4.063497543334961,2.063966751098633,0.0034399032592773438,-0.012789726257324219,2.5572140216827393,1.3629696369171143,-0.12958472967147827,-3.75911545753479,7.920644760131836,-2.0774588584899902,-0.863368570804596,0.1732269674539566,-0.4665672481060028,5.9536824226379395,2.699103832244873,3.096776247024536
623,43.75056076049805,16.264963150024414,-23.205896377563477,-55.11160659790039,-0.012646675109863281,7.702159881591797,-40.67936325073242,1.983566164970398,-2.8223636150360107,-9.49435806274414,-1.035128116607666,-0.22132158279418945,1.3302295207977295,-0.16468453407287598,0.18893647193908691,0.8958104848861694,-2.1388256549835205,0.12018178403377533,-2.245361804962158,-0.6158943772315979,-0.3896418809890747,6.460962772369385,0.5131414532661438,3.1950385570526123
624,26.855934143066406,20.950517654418945,-36.084529876708984,-66.8153076171875,-0.5974195003509521,8.422738075256348,-30.785356521606445,2.8891990184783936,-0.5778279304504395,-8.374813079833984,-0.4959878921508789,-0.42272090911865234,1.130732774734497,0.013981282711029053,0.35777178406715393,0.35752201080322266,-1.8322689533233643,0.3129652142524719,-3.8668947219848633,0.6088204979896545,1.1396217346191406,5.353790760040283,1.3808104991912842,1.1124991178512573
625,18.67337989807129,17.877464294433594,-28.94588851928711,-52.63716125488281,-2.45831036567688,8.373495101928711,-17.3922119140625,-1.1182234287261963,-1.598036766052246,-9.448084831237793,-0.44885730743408203,-0.1402142345905304,1.244997262954712,0.019255131483078003,0.28168243169784546,0.04902759939432144,-1.6486892700195312,0.06971666216850281,-4.058595657348633,0.7357462048530579,1.0363802909851074,2.4320476055145264,2.5435893535614014,0.19042456150054932
626,9.827112197875977,19.59519386291504,-28.59437370300293,-64.32325744628906,-0.8350741863250732,7.477476596832275,-5.493383407592773,-3.0871262550354004,-1.2435433864593506,-7.290618419647217,-0.7421431541442871,-0.06874203681945801,1.8437141180038452,-0.004540018737316132,0.1569364070892334,-0.6986311674118042,-1.402019739151001,0.17805999517440796,-2.840254545211792,0.2973465919494629,0.2048421949148178,-2.120628833770752,1.2747540473937988,-1.305161476135254
627,-12.041786193847656,9.724507331848145,-17.487977981567383,-62.40859603881836,-2.4443538188934326,5.587173938751221,5.963408946990967,1.5038729906082153,-1.7908780574798584,5.241266250610352,-0.19653582572937012,0.10739517211914062,1.905182123184204,-0.19054239988327026,0.16817748546600342,-1.2245985269546509,-1.2188200950622559,0.046776436269283295,-2.066645860671997,-0.047444723546504974,-0.14454734325408936,-3.455641984939575,0.49997514486312866,-1.8881728649139404
628,-25.83238410949707,8.635791778564453,-13.99705982208252,-63.64012145996094,-2.5147337913513184,3.3764734268188477,18.44701385498047,-2.9673798084259033,2.6308584213256836,9.949223518371582,0.10637974739074707,0.06543874740600586,2.176276445388794,-0.5041313767433167,0.4323047399520874,-1.8343756198883057,-1.0223543643951416,0.21620668470859528,-0.7298710942268372,-0.637897253036499,0.14545756578445435,-4.0292744636535645,-0.35308802127838135,-3.114975690841675
629,-15.839027404785156,-0.5974817276000977,-0.7400778532028198,-11.426406860351562,-1.3483593463897705,0.051406264305114746,16.350860595703125,1.3130087852478027,-0.20282196998596191,5.586803436279297,0.24628019332885742,0.2582511901855469,2.044290781021118,-0.4242682158946991,0.2660025358200073,-1.2521871328353882,-1.2677736282348633,0.020506590604782104,0.690552830696106,-0.5798348784446716,-0.22277937829494476,-5.830967903137207,0.803266704082489,-3.204332113265991
630,-27.285905838012695,-5.010826110839844,4.652433395385742,3.9969615936279297,0.010320901870727539,-0.1103677749633789,28.500547409057617,-5.067821979522705,6.113457202911377,9.589786529541016,0.20387625694274902,0.20971441268920898,-0.37225961685180664,-0.3202773630619049,0.8268674612045288,4.607185363769531,-1.0340560674667358,-0.7819857001304626,1.8719879388809204,-0.631782054901123,0.16763626039028168,-6.990414619445801,0.9446300268173218,-2.9011902809143066
631,-7.634801864624023,-7.093040466308594,3.2157974243164062,3.1823196411132812,0.31440258026123047,-0.008026599884033203,19.548667907714844,-5.1930251121521,7.701973915100098,-43.44423294067383,8.086267471313477,-12.552871704101562,-1.2073572874069214,0.17748959362506866,0.6087899804115295,9.303927421569824,1.5082303285598755,-1.4404011964797974,0.6887595057487488,0.11302007734775543,-0.07750099897384644,1.666367769241333,-2.5261027812957764,1.8804351091384888
632,-23.070907592773438,-1.2596096992492676,-0.8036007881164551,-9.989631652832031,-0.5219850540161133,0.17408013343811035,31.062488555908203,-20.361324310302734,38.154151916503906,-65.29519653320312,14.386491775512695,-10.05533218383789,-1.5151903629302979,-0.597133219242096,-0.3098546266555786,7.699194431304932,2.812279224395752,-1.0174630880355835,0.9373018145561218,-0.03332918882369995,-0.34098753333091736,1.1340683698654175,-2.5478897094726562,0.37276798486709595
633,-29.48761749267578,1.8733859062194824,0.3507132828235626,-9.814496994018555,-0.937427282333374,0.0799102783203125,44.78617858886719,-26.279544830322266,43.47529983520508,-50.99735641479492,16.164796829223633,-8.507965087890625,-1.7380777597427368,-0.6136863827705383,0.09327155351638794,6.107508659362793,1.467981219291687,-0.8678584098815918,1.4079670906066895,0.0029240548610687256,-0.17522016167640686,0.7289208173751831,-2.269955635070801,0.3487030565738678
634,-24.701459884643555,6.634585380554199,-4.62087345123291,-12.286186218261719,-0.7244725227355957,0.1706135869026184,32.010929107666016,-22.148113250732422,38.20427322387695,-58.78972625732422,20.0,-5.2928290367126465,-2.106595039367676,-0.11623823642730713,-0.6688611507415771,2.6164400577545166,1.6112020015716553,-0.38211295008659363,1.8075001239776611,0.38457152247428894,-0.3864646852016449,-0.2461899071931839,-1.7393189668655396,-0.03456205129623413
635,-14.398930549621582,3.5860989093780518,0.7351083159446716,-4.750880241394043,-0.5674049854278564,0.02250470221042633,20.252559661865234,-26.218647003173828,30.77497673034668,-48.414581298828125,20.0,0.3521033227443695,-2.273074150085449,0.0914759561419487,-0.06192870810627937,0.3373723328113556,0.8913045525550842,0.05008480325341225,1.9684795141220093,0.2756705582141876,-0.26592978835105896,-0.5653036236763,-1.4829946756362915,-0.062074750661849976
636,-24.519920349121094,2.394070625305176,0.2943524122238159,-3.2451252937316895,-0.6530932784080505,-0.023467525839805603,31.729511260986328,-25.65567398071289,31.83519172668457,-47.9859619140625,20.0,-0.6584851741790771,-2.785041093826294,0.30713239312171936,0.11662378162145615,-1.8474681377410889,0.21936684846878052,0.02545306645333767,2.2723143100738525,0.28261739015579224,-0.3228116035461426,-1.0780889987945557,-1.2509945631027222,0.00371464341878891
637,-6.761821746826172,-0.03306412696838379,0.049342989921569824,2.828472137451172,-0.25138452649116516,0.026230335235595703,12.333754539489746,-18.080047607421875,20.926498413085938,-47.969844818115234,20.0,2.8640873432159424,-2.2115957736968994,0.4276619553565979,-0.15946632623672485,-3.255161762237549,-0.23097975552082062,0.5351568460464478,2.7847280502319336,0.525877833366394,-0.4354865252971649,-1.6840850114822388,-0.9874235987663269,-0.2456001192331314
638,-1.057478904724121,2.275242805480957,-1.5713460445404053,4.459682464599609,-0.18701744079589844,-0.007090926170349121,1.8925704956054688,-22.4699764251709,20.70698356628418,-34.871864318847656,20.0,5.108834266662598,-1.4196786880493164,0.3198215067386627,-0.2867468297481537,-4.721433639526367,-0.9743932485580444,0.9067243337631226,2.9615731239318848,0.5099444389343262,-0.3031400144100189,-1.909611701965332,-0.8761741518974304,-0.41599011421203613
639,8.028843879699707,3.361527919769287,-2.0342042446136475,6.129016876220703,0.05217587947845459,-0.025090456008911133,-11.305669784545898,-15.777225494384766,6.698688507080078,-13.099212646484375,20.0,5.320274829864502,-0.7024012207984924,0.3063041567802429,-0.26735445857048035,-6.082046985626221,-0.874991238117218,1.4949499368667603,2.101252317428589,0.33435600996017456,-0.24843403697013855,-0.6838210821151733,-0.34322085976600647,-0.21620820462703705
640,31.975387573242188,7.329354286193848,-6.693431854248047,8.431880950927734,0.21030759811401367,0.019241809844970703,-30.429365158081055,-3.5769922733306885,-1.576553225517273,-4.827089309692383,13.73024845123291,3.4569263458251953,1.4990874528884888,0.10225144773721695,-0.9350823760032654,-8.952998161315918,-1.213643193244934,2.492048740386963,-0.1406475007534027,-0.339837908744812,-0.31417086720466614,3.494028329849243,1.930532455444336,2.155501127243042
641,44.172691345214844,11.95393180847168,-16.98090362548828,-23.624324798583984,-18.36008644104004,5.991044521331787,-46.42200469970703,0.7040069103240967,-5.282329559326172,-1.2468681335449219,-0.4714388847351074,-0.030752182006835938,1.734588861465454,0.13004574179649353,0.5935155749320984,-0.7718918919563293,6.882371425628662,0.0023909807205200195,-3.204814910888672,-0.7854667901992798,-0.12842145562171936,10.651549339294434,2.88635516166687,3.8765785694122314
642,41.382080078125,22.484636306762695,-34.10977554321289,-63.55435562133789,2.807342529296875,8.196770668029785,-39.02800369262695,4.955204010009766,-2.7470178604125977,-21.127782821655273,-1.2256901264190674,-0.4347109794616699,1.1074997186660767,-0.039486609399318695,0.07722224295139313,1.0597169399261475,-2.3486359119415283,0.07487878203392029,-3.957073926925659,0.4591209888458252,0.7850949168205261,5.186730861663818,2.0900027751922607,2.200914144515991
643,31.51848030090332,23.05867576599121,-30.56981658935547,-62.5081787109375,1.5878357887268066,7.645478248596191,-25.35150146484375,2.0301032066345215,-3.933471918106079,-8.49947738647461,-0.6107654571533203,-0.2179253101348877,1.441333532333374,0.024030137807130814,0.10067316144704819,0.4584430754184723,-2.108502149581909,-0.005797199904918671,-4.563451766967773,0.7308407425880432,0.6768757700920105,2.5700814723968506,3.0241451263427734,1.0287184715270996
644,29.197696685791016,18.066015243530273,-23.88751983642578,-59.887916564941406,1.8141827583312988,7.083324909210205,-21.057209014892578,0.03724271059036255,-3.4468488693237305,-4.647295951843262,-0.8109586238861084,-0.0903826355934143,1.9996280670166016,-0.27976924180984497,0.3222644627094269,-0.18954871594905853,-1.868822455406189,0.04744518920779228,-4.712841510772705,0.10844167321920395,0.3015953302383423,0.5324608087539673,2.0152342319488525,0.04014509171247482
645,1.6568098068237305,13.616888046264648,-22.949888229370117,-61.6171875,2.2743022441864014,6.8583526611328125,-1.2680377960205078,1.2488168478012085,-2.5092387199401855,-0.23027610778808594,-0.5443041324615479,-0.009597063064575195,2.281052350997925,-0.3249291181564331,0.3163560926914215,-0.7115681767463684,-1.6945486068725586,0.11400138586759567,-3.9832866191864014,-0.08912231028079987,-0.16322027146816254,-1.996584177017212,0.5855840444564819,-0.8482595682144165
646,-27.51485824584961,11.346795082092285,-18.234020233154297,-63.5026969909668,1.9414138793945312,4.712157726287842,22.065410614013672,-2.0295305252075195,1.9858832359313965,4.857547760009766,0.02409946918487549,-0.003136157989501953,2.5328257083892822,-0.2741173505783081,0.3271932005882263,-1.452516794204712,-1.5606809854507446,0.02034716308116913,-2.083513021469116,-0.13563822209835052,-0.11429829150438309,-5.165457725524902,0.8924624919891357,-1.9198341369628906
647,-16.723745346069336,5.360208988189697,-7.072267055511475,-33.51115417480469,2.9009194374084473,-0.024480074644088745,18.251869201660156,1.1334587335586548,-1.3094186782836914,12.065906524658203,0.1226491928100586,0.11574363708496094,2.8104629516601562,-0.288777619600296,0.352186918258667,-1.3623946905136108,-1.661660075187683,0.1380033791065216,-0.5001431107521057,-0.4759506285190582,-0.8534428477287292,-5.156443119049072,0.30681538581848145,-3.4588441848754883
648,-26.028478622436523,-8.095333099365234,6.708728313446045,2.6299219131469727,0.7112575769424438,-0.3342866897583008,26.355731964111328,-4.087696075439453,6.948713302612305,5.8586578369140625,0.029713228344917297,0.16443634033203125,0.9322806596755981,-0.6473442316055298,1.0381442308425903,1.8705769777297974,0.007306383457034826,-1.0870075225830078,0.8817901611328125,-0.5371275544166565,0.057465583086013794,-7.622499465942383,0.0035064034163951874,-3.9644017219543457
649,-30.180660247802734,-0.20309734344482422,0.6271185874938965,3.9211578369140625,-0.07189655303955078,0.050531864166259766,44.25709915161133,-8.764687538146973,17.915599822998047,-28.142879486083984,-17.976173400878906,-7.784496307373047,-0.8825104236602783,0.040409233421087265,0.4215528666973114,8.543163299560547,1.272649884223938,-1.7426124811172485,0.8938889503479004,0.7201297283172607,0.21663346886634827,2.419239044189453,-2.8962464332580566,-0.23935085535049438
650,-28.210289001464844,-0.09352123737335205,-0.13019144535064697,-10.403148651123047,-0.5143661499023438,0.21635890007019043,39.68680953979492,-24.378681182861328,39.95212173461914,-66.01692199707031,11.170426368713379,-11.888814926147461,-1.7266781330108643,-0.38126444816589355,-0.07118979096412659,6.81028938293457,2.8650190830230713,-0.6943284273147583,1.3331873416900635,0.08449463546276093,-0.14907167851924896,1.4719642400741577,-3.0584716796875,0.7192199230194092
651,-31.477771759033203,8.398282051086426,-4.434920787811279,-6.046272277832031,-0.8034310340881348,0.10646545886993408,46.60447311401367,-36.517112731933594,50.40518569946289,-52.79357147216797,16.521156311035156,-7.5273308753967285,-2.9735326766967773,-0.17689508199691772,-0.5785748958587646,6.925426006317139,2.2711966037750244,-0.707280695438385,1.5126959085464478,0.07703559845685959,-0.32075434923171997,0.9895899295806885,-2.5903053283691406,0.11756056547164917
652,-20.071542739868164,12.3550386428833,-5.566727638244629,-12.099334716796875,-0.7900044918060303,0.1062847375869751,43.32410430908203,-37.628116607666016,51.014991760253906,-52.199893951416016,20.0,-9.75601577758789,-2.2850146293640137,0.5727928280830383,-0.6026492118835449,3.0851500034332275,1.5891087055206299,-0.656749427318573,2.558924913406372,0.18044179677963257,-0.192704439163208,0.24009673297405243,-2.4557735919952393,0.17052479088306427
653,-13.81760025024414,3.298015594482422,-1.1209874153137207,-6.484414577484131,-0.5780718326568604,0.08373278379440308,21.787113189697266,-27.967370986938477,39.08081817626953,-53.941680908203125,20.0,-3.3813838958740234,-2.2886135578155518,0.5166404247283936,-0.41789373755455017,-0.21056470274925232,1.264754295349121,-0.3235751986503601,2.6930363178253174,0.0534532368183136,0.07607554644346237,-0.22643153369426727,-2.034409284591675,0.12927193939685822
654,-5.751653671264648,1.4801158905029297,-0.6332359313964844,-1.0475759506225586,-0.4201488494873047,0.06516870856285095,7.880705833435059,-23.072378158569336,28.105255126953125,-59.74848937988281,20.0,-1.091848373413086,-1.9618511199951172,0.6827864050865173,-0.5123714208602905,-2.9293253421783447,0.838629961013794,0.19881229102611542,2.884469509124756,0.11410734057426453,0.04633210226893425,-0.9575860500335693,-1.7019933462142944,0.3392803966999054
655,-7.594825744628906,-3.195798873901367,2.60105037689209,9.783797264099121,-0.1473362296819687,-0.05701056122779846,9.658597946166992,-24.690195083618164,21.06441307067871,-55.34197998046875,20.0,1.884913444519043,-2.0391738414764404,0.8899335861206055,-0.39140933752059937,-1.952401876449585,-0.09200190752744675,0.12211428582668304,3.031604290008545,0.40089675784111023,-0.08738341182470322,-1.4209645986557007,-1.3227357864379883,0.1275305300951004
656,-3.398923873901367,-5.32791805267334,3.8704113960266113,3.658076286315918,-0.09959593415260315,-0.03661024570465088,4.875812530517578,-14.521665573120117,17.35330581665039,-45.84213638305664,20.0,5.273982048034668,-1.438341498374939,0.5701030492782593,-0.054131731390953064,-3.284989595413208,0.009298496879637241,0.4202553629875183,3.3483927249908447,0.2771729528903961,-0.19855459034442902,-1.8730651140213013,-1.1023324728012085,-0.2558867335319519
657,5.537943363189697,-1.3538517951965332,0.7029110193252563,3.723207473754883,-0.15384793281555176,-0.02503502368927002,-11.487955093383789,-14.602043151855469,12.3325834274292,-29.86943817138672,20.0,6.788026809692383,-0.5645893812179565,0.21968410909175873,0.23477862775325775,-5.404299259185791,-0.5949421525001526,0.7516900897026062,3.1777191162109375,0.0786316767334938,-0.08380818367004395,-1.9676331281661987,-1.0366450548171997,-0.3650910556316376
