Timestep,left_hip_pitch_joint_Torque,left_hip_roll_joint_Torque,left_hip_yaw_joint_Torque,left_knee_joint_Torque,left_ankle_pitch_joint_Torque,left_ankle_roll_joint_Torque,right_hip_pitch_joint_Torque,right_hip_roll_joint_Torque,right_hip_yaw_joint_Torque,right_knee_joint_Torque,right_ankle_pitch_joint_Torque,right_ankle_roll_joint_Torque,left_hip_pitch_joint_Vel,left_hip_roll_joint_Vel,left_hip_yaw_joint_Vel,left_knee_joint_Vel,left_ankle_pitch_joint_Vel,left_ankle_roll_joint_Vel,right_hip_pitch_joint_Vel,right_hip_roll_joint_Vel,right_hip_yaw_joint_Vel,right_knee_joint_Vel,right_ankle_pitch_joint_Vel,right_ankle_roll_joint_Vel
50,-10.221452713012695,10.227872848510742,-8.838093757629395,-9.264008522033691,4.359681129455566,-1.4278560876846313,6.356196403503418,-3.3027708530426025,3.848268508911133,3.1643524169921875,0.04643237590789795,-0.04877495765686035,-0.15292687714099884,-0.03055112436413765,0.13073234260082245,-0.17336401343345642,0.007739931344985962,-0.365174800157547,1.7446256875991821,0.09321354329586029,0.9212737083435059,-7.53044319152832,-0.554060161113739,-1.8320413827896118
51,-3.744706392288208,4.859079360961914,-3.912421703338623,0.5397930145263672,-1.204010009765625,0.9615890979766846,27.49410629272461,-7.093687534332275,4.114208221435547,-23.665565490722656,-18.723634719848633,-17.109962463378906,0.8549143075942993,0.6372959613800049,0.060564614832401276,2.211671829223633,-5.1966552734375,0.8673531413078308,2.002833366394043,-0.0022036731243133545,-0.16826394200325012,-1.2244186401367188,1.9646213054656982,7.002452373504639
52,0.37589263916015625,-14.123600006103516,9.069570541381836,4.137641906738281,0.6408786773681641,-0.2080404907464981,-7.215348243713379,-3.3145365715026855,3.176410675048828,-57.497066497802734,-17.933208465576172,-4.711264610290527,1.0272250175476074,0.2461932897567749,0.4298308193683624,4.0446953773498535,-4.236948013305664,0.13859429955482483,1.863835334777832,-0.09652198851108551,-0.6561493873596191,0.12560626864433289,-1.3107755184173584,0.8801930546760559
53,-9.616835594177246,-2.294813394546509,1.7854690551757812,-1.7583236694335938,0.6288496255874634,-0.09245848655700684,-7.862709999084473,-9.644768714904785,12.620267868041992,-68.1351547241211,-20.0,0.620040774345398,0.5425803065299988,0.6475032567977905,0.6937671899795532,4.483755588531494,-0.2491643875837326,-0.8017421960830688,1.5798362493515015,0.3810500204563141,-0.2562209963798523,0.4069257378578186,0.26279518008232117,0.08229605853557587
54,-7.991549491882324,-4.630929946899414,2.1060237884521484,-7.2735443115234375,-0.3846595287322998,0.055513620376586914,-6.436824798583984,-6.191939353942871,12.047281265258789,-50.94987106323242,-16.02375030517578,-0.7034738063812256,1.0710309743881226,0.04560691863298416,0.557127833366394,1.4305698871612549,-1.6406642198562622,-0.6100335717201233,1.1621321439743042,-0.0053882896900177,-0.7792630791664124,0.45416098833084106,-1.3267154693603516,0.2185586839914322
55,-7.846944332122803,9.854089736938477,-6.962018013000488,-5.244351387023926,-0.25609254837036133,0.16464386880397797,-11.302907943725586,-11.669088363647461,18.03325080871582,-51.90540313720703,-16.066757202148438,2.357172966003418,1.1844007968902588,0.18298396468162537,-0.4815666079521179,-1.4651933908462524,-3.1337876319885254,-0.04064164310693741,0.8097090125083923,0.11167639493942261,-1.0384166240692139,0.3806142807006836,-0.9807558655738831,-0.22963576018810272
56,2.7781457901000977,9.786831855773926,-6.37460994720459,-2.614398956298828,-9.298945426940918,0.1373589038848877,-12.613073348999023,-8.015057563781738,11.666853904724121,-20.81525230407715,-6.50736141204834,2.023493528366089,1.3988295793533325,0.5943024754524231,-0.11709742248058319,-0.44958728551864624,3.6714465618133545,5.889835834503174,0.5318064093589783,0.36969316005706787,-0.4199060797691345,1.3856533765792847,-2.5532751083374023,0.6116185784339905
57,-1.8513002395629883,20.616680145263672,-21.605575561523438,-83.12091064453125,-20.0,-0.01266789436340332,-9.900711059570312,-5.060647010803223,1.48456871509552,5.791328430175781,0.3914799690246582,-0.016794204711914062,1.9976017475128174,0.4041205048561096,0.47890356183052063,-0.259074330329895,3.0279898643493652,2.1569485664367676,0.21187686920166016,-0.6385321617126465,-0.11319409310817719,5.156425476074219,-1.2714136838912964,1.2283778190612793
58,-6.308281898498535,15.114514350891113,-25.38047218322754,-79.66874694824219,-20.0,8.799178123474121,-16.18256950378418,6.529745578765869,-3.9021689891815186,-0.03372955322265625,-0.09925103187561035,-0.06225752830505371,1.1130472421646118,-0.4288196563720703,-0.1619269698858261,0.47802165150642395,-1.3831382989883423,0.09026670455932617,-0.6768914461135864,-0.7277828454971313,-0.19482538104057312,7.542133808135986,-1.5086771249771118,1.002820372581482
59,-13.727819442749023,18.4343318939209,-29.418472290039062,-91.46107482910156,-20.0,11.848858833312988,-13.610549926757812,2.9806416034698486,-1.5473908185958862,-8.084705352783203,-0.1004173755645752,-0.08006632328033447,1.2842365503311157,-0.37494730949401855,0.17826582491397858,-0.08212073147296906,-1.0499085187911987,0.16149961948394775,-0.550273060798645,-0.38772323727607727,0.23572635650634766,5.466072082519531,-0.4907097816467285,0.9333156943321228
60,-17.784093856811523,19.2007999420166,-28.679075241088867,-85.32039642333984,-20.0,12.908137321472168,-11.191628456115723,0.4519602060317993,-0.39083078503608704,-10.081720352172852,-0.370908260345459,-0.06229996681213379,1.3532079458236694,-0.30490103363990784,0.20300322771072388,-0.7740906476974487,0.1502823531627655,0.2088003158569336,0.03884138911962509,-0.25835803151130676,0.06831265985965729,1.4235119819641113,-1.2682139873504639,1.3206570148468018
61,-15.869024276733398,14.997681617736816,-26.261951446533203,-78.51354217529297,-20.0,10.124568939208984,-12.68986701965332,4.94981050491333,-4.757630825042725,-4.134296417236328,-0.28176355361938477,-0.08650970458984375,1.209879994392395,-0.015357792377471924,0.2736302316188812,-0.6355072855949402,-1.1854294538497925,0.18095003068447113,0.09719346463680267,0.17119768261909485,-0.5966706871986389,-1.3654086589813232,-1.881636142730713,0.7251024842262268
62,-8.038413047790527,20.69525909423828,-33.504005432128906,-81.80558013916016,-16.237993240356445,6.862660884857178,-14.488534927368164,0.9731788039207458,-1.6039934158325195,6.150528907775879,0.12291491031646729,-0.01967012882232666,1.3160295486450195,-0.0794624462723732,0.2772543728351593,-1.0265247821807861,-0.49928468465805054,0.38008877635002136,-0.24459943175315857,0.04410841315984726,-0.9308962821960449,-0.5901008248329163,0.6310622692108154,0.6691114902496338
63,-7.195937156677246,18.501731872558594,-27.18458366394043,-61.03958511352539,-13.625919342041016,5.773542404174805,-11.456708908081055,-3.1571731567382812,1.921705961227417,1.4122796058654785,-0.8058582544326782,-0.05572044849395752,1.351770043373108,-0.15798358619213104,0.3361619710922241,-1.111733317375183,-0.47800955176353455,0.2619158625602722,-0.33862000703811646,-0.05467652529478073,-0.7274760007858276,-1.1812304258346558,-0.00010458455653861165,0.8311792612075806
64,-14.478808403015137,15.335002899169922,-26.73946762084961,-49.46739196777344,-7.7992262840271,7.757877349853516,-1.0747225284576416,-1.2776143550872803,3.4589266777038574,1.8080129623413086,-2.585202932357788,-0.1408633589744568,1.3627073764801025,-0.1054684966802597,-0.011085204780101776,-1.0210522413253784,-0.55906081199646,-0.19610708951950073,0.4510614573955536,0.3618357181549072,-0.30154868960380554,-2.852220058441162,-0.00010349282092647627,0.4668342173099518
65,-18.210025787353516,11.626684188842773,-11.775333404541016,-13.746238708496094,-1.3797208070755005,2.620140314102173,8.061216354370117,-10.104656219482422,7.745581150054932,-0.8025436401367188,-6.831413269042969,-0.14040297269821167,0.8915691375732422,-0.11747786402702332,-0.035354483872652054,-0.18130168318748474,-1.0315353870391846,0.9087619781494141,1.4385669231414795,0.3776298761367798,0.34372255206108093,-6.372649192810059,-7.85931697464548e-05,0.4468056559562683
66,-30.528181076049805,1.0655553340911865,2.2926249504089355,0.057041168212890625,1.0149075984954834,0.021474599838256836,34.565826416015625,-5.4734578132629395,14.830601692199707,-47.28447723388672,-19.674579620361328,10.175809860229492,-0.40841856598854065,0.4898480772972107,-0.0591789074242115,3.461386203765869,1.0944145917892456,0.3925933837890625,1.593522548675537,0.473906934261322,-0.5198020339012146,-1.3369593620300293,4.9501543045043945,-3.3486175537109375
67,-28.049837112426758,-4.388971328735352,4.478781700134277,-0.16917800903320312,-0.33595919609069824,-0.10477131605148315,15.661197662353516,-15.991379737854004,28.805784225463867,-89.605224609375,-15.24905776977539,12.04632568359375,-1.74666428565979,0.5657888054847717,-0.04712642729282379,6.568728446960449,1.7273595333099365,-0.30322185158729553,1.7706631422042847,0.49665218591690063,-0.8315629363059998,-0.35231444239616394,-1.2740983963012695,-3.9075522422790527
68,-24.600154876708984,-3.185401439666748,2.614823818206787,-4.926036834716797,-0.4025154113769531,-0.023693084716796875,-0.28165531158447266,-12.452853202819824,39.68941879272461,-96.81884765625,-20.0,11.787510871887207,-3.1141679286956787,0.3108447194099426,-0.22910282015800476,7.340567111968994,2.998399019241333,-0.9024429321289062,1.405387043952942,0.41915813088417053,-0.9254618883132935,-0.6631350517272949,-0.8969802856445312,-3.6343133449554443
69,-26.87800407409668,3.912046194076538,-0.7603116631507874,-14.067234992980957,-0.9220423698425293,0.07656729221343994,6.833139419555664,-18.142200469970703,38.48077392578125,-75.53499603271484,-15.427285194396973,10.84457778930664,-3.416217803955078,0.3575149476528168,-0.09208467602729797,3.785482406616211,2.4532623291015625,-0.877072811126709,1.3894792795181274,0.45031267404556274,-0.5891196727752686,-0.8800207376480103,-0.7761636972427368,-2.060546398162842
70,-11.254585266113281,-0.3308264911174774,0.3618077039718628,-6.674386024475098,-0.8257274627685547,0.15528321266174316,-9.081966400146484,-11.683867454528809,31.681346893310547,-73.202880859375,-9.432623863220215,7.695642471313477,-3.4148340225219727,0.12505722045898438,-0.3294658660888672,1.1427595615386963,-0.17600853741168976,0.5438627600669861,1.3466570377349854,0.4116021394729614,-0.48230403661727905,-0.9340062141418457,-0.7468158602714539,-0.07330190390348434
71,-2.866471290588379,-2.6962008476257324,2.637821912765503,-0.4181535243988037,-0.20417308807373047,-0.05490756034851074,-11.379317283630371,-7.387738227844238,25.906763076782227,-60.51589584350586,-1.470829725265503,9.842413902282715,-2.734940767288208,0.1507706642150879,-0.17407208681106567,-0.4791087210178375,-1.0797935724258423,0.9102079272270203,1.8727970123291016,0.5435587167739868,-0.6098203659057617,-1.4292606115341187,-0.6463770270347595,-0.24066315591335297
72,0.07408905029296875,-2.998424530029297,1.4270503520965576,-2.764272689819336,-0.19276785850524902,-0.08201837539672852,-14.93281364440918,-2.3750555515289307,16.280385971069336,-37.681331634521484,6.985922336578369,7.167787551879883,-2.1086792945861816,-0.23930837213993073,-0.3274683654308319,-3.568908929824829,-1.6696513891220093,0.8802321553230286,1.6875660419464111,0.498015820980072,-0.5258312821388245,-1.30561363697052,-0.7542241215705872,0.7856777906417847
73,24.16790008544922,13.117932319641113,-9.726786613464355,0.5355453491210938,-0.07132530212402344,0.050221920013427734,-29.347026824951172,-12.513035774230957,8.953022956848145,-13.89745044708252,15.169441223144531,3.2631096839904785,0.15224313735961914,0.18490128219127655,-0.7867671251296997,-8.374615669250488,-3.3066649436950684,1.3980716466903687,0.49990296363830566,0.38222941756248474,-0.06008683890104294,0.8691771626472473,0.16215355694293976,2.3885653018951416
74,40.33722686767578,21.22587776184082,-27.698837280273438,-39.816322326660156,-18.221033096313477,7.582674026489258,-44.052101135253906,-9.286598205566406,-0.5666912794113159,1.1163864135742188,6.547654151916504,0.9519181251525879,2.1761012077331543,0.6282614469528198,-0.13821005821228027,-2.5461483001708984,8.447468757629395,-4.847596168518066,-2.700859546661377,-0.6287388801574707,0.1757069081068039,7.982417106628418,6.452410697937012,2.8536322116851807
75,26.697237014770508,22.78977394104004,-44.045169830322266,-88.25778198242188,-20.0,13.111124038696289,-34.001564025878906,-4.228158950805664,1.9405221939086914,-6.0771942138671875,-1.481400489807129,-0.3500063419342041,1.5444563627243042,-0.09831006824970245,0.49728620052337646,0.08460018783807755,-1.7796097993850708,0.24368183314800262,-4.035938262939453,-0.6687453985214233,1.9371509552001953,9.677934646606445,2.4714293479919434,1.7391839027404785
76,2.2443981170654297,28.765445709228516,-45.197303771972656,-95.30452728271484,-20.0,9.147432327270508,-25.049030303955078,0.07520139217376709,-3.601961135864258,-12.823066711425781,-0.7455215454101562,-0.1476609706878662,1.202705979347229,-0.04662518948316574,0.10868944227695465,-0.3308776319026947,-1.550132155418396,0.7518306970596313,-4.839294910430908,-0.25146299600601196,1.5751619338989258,6.686431884765625,3.2809059619903564,1.1747721433639526
77,-8.407644271850586,10.986367225646973,-31.496261596679688,-83.19319915771484,-20.0,7.532564640045166,-7.668880462646484,4.080233097076416,-6.165957927703857,-10.178428649902344,-0.8318400382995605,-0.05088305473327637,1.771344780921936,0.14342224597930908,0.20475143194198608,-0.9771789312362671,-1.2011626958847046,0.8219431638717651,-4.142723083496094,-0.249050572514534,0.6713804006576538,2.8769001960754395,1.702863097190857,0.6519685387611389
78,-7.004488945007324,12.244255065917969,-27.14265251159668,-76.00804138183594,-16.492033004760742,4.926155090332031,-9.228824615478516,2.4155075550079346,-5.325303077697754,-5.222239971160889,-0.6108434200286865,0.03254377841949463,2.110834836959839,0.21909919381141663,0.2021154910326004,-1.3880209922790527,-1.2399182319641113,0.46207094192504883,-3.754146099090576,-0.5111867785453796,-0.5611391067504883,0.035300642251968384,0.48217853903770447,0.5511876940727234
79,-21.945528030395508,-3.545586109161377,-20.981914520263672,-71.37213897705078,-9.527177810668945,1.8511632680892944,3.2290000915527344,8.518710136413574,-4.974400043487549,2.514331340789795,-0.1986299753189087,-0.02726691961288452,2.2509055137634277,0.21788594126701355,0.40058091282844543,-1.8395966291427612,-1.1281360387802124,0.5888922214508057,-3.1846892833709717,-0.2938331067562103,-1.109713077545166,-1.1990283727645874,-0.8972553014755249,-0.26619166135787964
80,-23.00171661376953,2.9654297828674316,-18.254430770874023,-53.659629821777344,-0.904414176940918,-0.13731366395950317,9.310039520263672,2.0097029209136963,2.460739850997925,2.090578079223633,0.006230354309082031,-0.054749488830566406,2.290614366531372,-0.2922303080558777,0.060072191059589386,-2.1734941005706787,-0.7591445446014404,0.14651325345039368,-1.9803659915924072,-0.31404346227645874,-0.6401519775390625,-3.115251064300537,-1.5534412860870361,-0.7745274305343628
81,-15.429789543151855,4.0487260818481445,-7.675098419189453,-29.677337646484375,10.709247589111328,-0.8403922319412231,7.894285678863525,1.0944550037384033,-0.3327903747558594,2.5969676971435547,-0.002586841583251953,0.032472848892211914,2.1460630893707275,-0.36198052763938904,0.35352614521980286,-2.192244529724121,0.18970675766468048,-0.5447851419448853,-0.9197894334793091,-0.13711269199848175,-0.43891164660453796,-5.951972961425781,-1.7227778434753418,-1.4055688381195068
82,-11.568009376525879,10.180368423461914,-6.820143222808838,-13.709312438964844,20.0,-5.001659393310547,9.739483833312988,1.5656492710113525,-0.028132915496826172,11.013694763183594,0.2662208080291748,0.14144015312194824,1.7892489433288574,-0.1286112517118454,0.03547713905572891,-1.451779842376709,-0.22468747198581696,-0.7322967052459717,0.14950446784496307,0.1544039249420166,-0.8347572088241577,-6.255963325500488,-1.5673035383224487,-1.2264264822006226
83,-22.481792449951172,-1.7723935842514038,1.7220691442489624,-5.345042705535889,20.0,-4.43635368347168,30.970802307128906,-5.1309356689453125,6.373620986938477,13.439697265625,0.6141656637191772,0.02144789695739746,0.4051336944103241,-0.11539790034294128,0.35535937547683716,2.6670985221862793,2.6229984760284424,-0.9026806354522705,2.08035945892334,-0.14249621331691742,-0.7237295508384705,-6.7570271492004395,-0.2552253305912018,-1.7269049882888794
84,-57.316383361816406,-3.758119583129883,6.265551567077637,-7.13665771484375,0.05286979675292969,-0.1680440902709961,59.428367614746094,-12.666685104370117,18.062850952148438,17.351608276367188,0.5621254444122314,-0.08495903015136719,-3.364114999771118,-0.22889801859855652,0.5411277413368225,8.369893074035645,7.113539218902588,-2.4332525730133057,2.989807605743408,-0.9002096056938171,-1.1829900741577148,-2.6021924018859863,7.256573677062988,-5.041470527648926
85,-45.222896575927734,-5.985391616821289,4.328760623931885,-9.70412826538086,-1.77589750289917,0.29151594638824463,49.02381896972656,-10.065862655639648,38.77906036376953,-52.94306945800781,-20.0,-10.241375923156738,-5.627594947814941,-0.10324878990650177,0.290026992559433,10.391748428344727,2.2438392639160156,-0.11389506608247757,0.5832585096359253,0.40966320037841797,0.46695035696029663,1.265739917755127,-2.515550374984741,0.6599014401435852
86,-30.60800552368164,-2.3838486671447754,1.3845354318618774,-20.633399963378906,-1.048107624053955,0.023223668336868286,39.21037292480469,-6.828241348266602,38.934364318847656,-63.64356994628906,-6.925002098083496,2.008678436279297,-4.958738327026367,-0.355171799659729,-0.14029543101787567,4.284617900848389,2.626457929611206,-0.13812977075576782,1.983902096748352,0.10298526287078857,-0.1583821028470993,0.2951992154121399,-2.116783618927002,0.021340802311897278
87,-5.105335235595703,2.1282248497009277,0.12283578515052795,-8.513665199279785,-0.8743051290512085,0.03701812028884888,-2.999347686767578,-10.845565795898438,28.405738830566406,-57.798587799072266,-4.582076549530029,4.023884296417236,-4.7995405197143555,-0.21398578584194183,0.004741232842206955,0.4842432141304016,0.522059440612793,0.48329460620880127,2.0966434478759766,0.061967939138412476,-0.30549052357673645,-0.17749589681625366,-1.9002290964126587,-0.0864965170621872
88,19.222579956054688,2.2578282356262207,-1.6422622203826904,-0.25700950622558594,-0.26590824127197266,-0.02888345718383789,-31.148527145385742,-14.818153381347656,21.19407844543457,-55.983150482177734,7.126245021820068,3.3008246421813965,-3.194693088531494,-0.36574605107307434,0.24113599956035614,-3.2534902095794678,-0.9857718348503113,0.550966739654541,2.175126791000366,-0.07051981985569,-0.06119856238365173,-0.5467150807380676,-1.941123604774475,0.30517297983169556
89,7.836612224578857,2.552130699157715,-1.6869053840637207,4.060949325561523,-0.30826330184936523,0.07754850387573242,-11.831581115722656,-14.56280517578125,12.482179641723633,-33.579803466796875,20.0,5.412613868713379,-1.9456614255905151,-0.1807204782962799,0.29350972175598145,-5.55765962600708,-3.578925848007202,2.5993361473083496,2.2438430786132812,0.09117729961872101,0.054220713675022125,-0.7693182826042175,-1.6883662939071655,-0.12049722671508789
90,10.333158493041992,-0.7775617241859436,0.9927814602851868,14.964465141296387,0.7582311630249023,-0.2658686637878418,-12.001160621643066,-10.402009963989258,7.558341979980469,-31.080928802490234,20.0,7.639804840087891,-1.3331724405288696,-0.11475923657417297,0.17477606236934662,-3.9287168979644775,-1.3045945167541504,1.9242078065872192,2.5887398719787598,0.15104375779628754,-0.29741477966308594,-0.8676884174346924,-1.7183586359024048,-0.3970077633857727
91,13.801813125610352,1.9452831745147705,-2.801461935043335,9.357598304748535,0.23981380462646484,-0.09547090530395508,-17.59935760498047,-12.161149024963379,9.888023376464844,-16.966745376586914,20.0,5.529921054840088,-0.6643592119216919,-0.25870728492736816,0.12303970754146576,-3.9205493927001953,-1.4890965223312378,2.387960433959961,1.4060542583465576,-0.018450923264026642,0.20028358697891235,0.8033201694488525,-0.9804708957672119,-0.4535887837409973
92,41.03293991088867,20.367887496948242,-16.227859497070312,4.268115997314453,0.2817552089691162,-0.04260540008544922,-35.571205139160156,3.1412787437438965,-6.445146560668945,-4.822345733642578,20.0,6.193848609924316,1.8626848459243774,0.9034968614578247,-0.040155768394470215,-2.095867156982422,7.472731590270996,-1.5561299324035645,-1.4145749807357788,-0.07408303022384644,0.2964237332344055,5.881378173828125,3.764087677001953,-0.714336633682251
93,52.82762145996094,26.26466941833496,-49.70175552368164,-59.00075149536133,-20.0,5.827865123748779,-50.259765625,4.3126020431518555,-5.850179672241211,-2.2883262634277344,-0.7084922790527344,0.193098783493042,1.018778681755066,-0.40840819478034973,-0.1646956354379654,1.6615594625473022,-2.808342695236206,0.3805542290210724,-4.133331775665283,-0.19752629101276398,0.7837538123130798,11.006609916687012,4.931346893310547,1.2618305683135986
94,16.461345672607422,33.356407165527344,-48.92875671386719,-77.2843017578125,-13.156160354614258,2.857023239135742,-22.332853317260742,-9.035913467407227,4.627901077270508,-20.555309295654297,-1.4876961708068848,-0.1838688850402832,1.5544170141220093,0.26068776845932007,0.11618345975875854,0.8399918675422668,-2.7230849266052246,0.8113910555839539,-3.97056245803833,0.813000500202179,2.0894808769226074,4.794425964355469,3.001558303833008,1.3719435930252075
95,6.845969200134277,21.61713409423828,-39.50860595703125,-80.69998168945312,-13.306727409362793,3.351865768432617,-12.632858276367188,-4.929234027862549,-0.8469338417053223,-8.510251998901367,-0.9226064682006836,-0.1397387981414795,2.1522836685180664,-0.02471292018890381,0.005330175161361694,-0.07429824024438858,-2.3094472885131836,0.720788300037384,-3.1960439682006836,-0.06489068269729614,1.2022761106491089,1.0390454530715942,1.0184919834136963,0.37720370292663574
96,-11.194082260131836,14.699676513671875,-28.695592880249023,-73.78011322021484,-7.5769500732421875,-0.4364895820617676,1.6193571090698242,0.04915928840637207,-3.451831817626953,2.7187535762786865,-0.13382291793823242,0.03031328320503235,2.4613230228424072,0.11528144776821136,0.17324388027191162,-0.6232050657272339,-2.2022385597229004,0.5576145648956299,-2.7724108695983887,-0.4059164524078369,0.32704460620880127,-0.005114940460771322,0.7473433613777161,0.2191784381866455
97,0.035640716552734375,8.493250846862793,-21.647172927856445,-62.17013931274414,2.280524969100952,-2.017300605773926,-5.373011589050293,8.723089218139648,-8.06473159790039,4.698301792144775,-0.335798978805542,0.08520075678825378,2.775487184524536,0.1050717905163765,0.02668403834104538,-0.9594044089317322,-1.9764245748519897,0.49279510974884033,-2.2826988697052,-0.5136256814002991,-1.1942691802978516,-0.012596707791090012,-2.0242409706115723,-0.11418834328651428
98,-7.250860214233398,6.278990268707275,-17.741153717041016,-48.62034606933594,12.07070255279541,-3.8671650886535645,-0.06296634674072266,-0.14735960960388184,2.1107912063598633,-0.6961889266967773,0.05291390419006348,-0.03155273199081421,3.0653204917907715,-0.07634823769330978,0.2428775429725647,-1.592439889907837,-1.7107083797454834,0.48989933729171753,-1.58686363697052,-0.4942440986633301,-0.7055274844169617,-2.2836461067199707,-1.5473464727401733,-0.2717629373073578
99,-6.74028205871582,7.7628631591796875,-23.270158767700195,-50.80572509765625,20.0,-6.3870086669921875,-3.568181037902832,6.455390930175781,-3.6113128662109375,5.854278564453125,0.08377313613891602,0.024245738983154297,3.1388652324676514,-0.012155033648014069,0.04670540243387222,-2.038506269454956,-1.4280691146850586,0.20401039719581604,-1.0581673383712769,-0.19410377740859985,-1.337721824645996,-3.029999256134033,-1.6493384838104248,-1.0735844373703003
100,-5.690537929534912,7.518894672393799,-9.197461128234863,-16.594402313232422,20.0,-5.600024223327637,0.13628387451171875,1.319455862045288,0.0744938850402832,4.060007095336914,-0.0035991668701171875,0.09342360496520996,2.606518268585205,0.31859689950942993,-0.07426232099533081,-1.204911231994629,-1.554154872894287,-2.926212787628174,-0.7445493340492249,0.2690443694591522,-1.3512272834777832,-4.1233625411987305,-2.1983330249786377,-1.0402384996414185
101,-10.48714828491211,-5.960299968719482,-0.5992489457130432,-6.854550361633301,20.0,-4.1730756759643555,14.85136890411377,-0.23772013187408447,3.3593530654907227,8.856778144836426,0.44470739364624023,0.042333126068115234,1.838934063911438,0.03236168250441551,0.1690826565027237,0.7050069570541382,-0.1778888702392578,-1.5862126350402832,0.14323551952838898,0.20049253106117249,-0.7105914950370789,-3.863982915878296,-1.6187458038330078,-1.0288856029510498
102,-31.560630798339844,-5.9404449462890625,5.967752456665039,-9.769951820373535,20.0,-4.636927127838135,37.664573669433594,-10.241006851196289,11.79609203338623,7.804012298583984,0.694528341293335,-0.05527853965759277,-0.42590072751045227,-0.41431039571762085,0.22109977900981903,4.692270278930664,3.485844850540161,-0.572904109954834,2.2930779457092285,-0.6484410166740417,-0.05622405558824539,-6.405470848083496,0.9005963206291199,-1.3948713541030884
103,-59.63823318481445,-3.6622257232666016,7.162370681762695,-7.672504425048828,-0.7676515579223633,-0.11638975143432617,58.602996826171875,-12.235845565795898,26.926475524902344,-5.590534210205078,-9.80450439453125,-7.200984954833984,-4.389578819274902,-0.09425666183233261,0.6067149639129639,10.47364616394043,5.249197959899902,-1.8373606204986572,1.6521034240722656,-0.9539375901222229,-0.17954674363136292,-1.4392709732055664,8.888235092163086,1.5524346828460693
104,-37.949745178222656,-4.328024387359619,1.1058125495910645,-17.031450271606445,-1.6987271308898926,0.2809091806411743,49.25321960449219,-12.395350456237793,42.39553451538086,-67.14208984375,-12.989255905151367,-2.770526885986328,-4.752370834350586,-0.2206302434206009,0.37689435482025146,7.370058536529541,0.9090831279754639,0.29327189922332764,0.8338587284088135,-0.13506865501403809,0.2630558907985687,2.071241855621338,-2.874744415283203,0.28596577048301697
105,-16.957382202148438,2.453871726989746,-1.2247897386550903,-15.627174377441406,-0.6961917877197266,-0.014692828059196472,21.37639617919922,-10.47827434539795,38.0399055480957,-71.88121795654297,-4.588927268981934,0.5439170598983765,-4.2155256271362305,-0.07448781281709671,-0.14529772102832794,1.6274504661560059,1.4521009922027588,-0.09754399210214615,1.8730359077453613,-0.06304630637168884,-0.15700654685497284,0.8000220060348511,-2.4475579261779785,-0.027770191431045532
106,4.552859306335449,6.383792400360107,-3.29486083984375,-4.0269575119018555,-0.4977966547012329,0.07056635618209839,-7.773134708404541,-15.839550018310547,27.880016326904297,-70.86314392089844,7.609438896179199,2.256446123123169,-3.1462340354919434,0.2360929548740387,-0.5639937520027161,-2.5882139205932617,0.6294695734977722,0.4864429533481598,2.4905035495758057,0.012167096138000488,-0.413759708404541,-0.19156047701835632,-2.1750006675720215,0.24352195858955383
107,4.6103692054748535,-2.653263568878174,2.461346387863159,6.5922393798828125,-0.3913249969482422,-0.02038288116455078,-10.36855697631836,-19.681198120117188,21.88149642944336,-52.98579406738281,14.473530769348145,2.8012053966522217,-2.383291006088257,-0.006058908998966217,0.14421552419662476,-3.8203630447387695,-2.2258853912353516,1.5394840240478516,2.326463460922241,0.008796855807304382,0.03992868959903717,-0.38091158866882324,-1.9872533082962036,0.39491069316864014
108,17.600645065307617,-0.786108136177063,-1.351048469543457,9.328632354736328,0.3262495994567871,-0.07532787322998047,-21.89400863647461,-8.145612716674805,13.855628967285156,-47.50733947753906,20.0,1.9304546117782593,-0.8251451849937439,-0.0752720832824707,-0.16690726578235626,-5.230560302734375,-2.121063709259033,2.055042266845703,2.5842020511627197,0.11106105148792267,-0.0011385083198547363,-0.8634766340255737,-1.7925113439559937,0.23300784826278687
109,26.07195281982422,4.859439373016357,-4.272387981414795,11.616151809692383,0.6211633086204529,-0.13021564483642578,-27.87862777709961,-3.57511305809021,2.794280767440796,-17.819765090942383,20.0,3.6882143020629883,0.41368722915649414,0.10632669180631638,-0.39481303095817566,-5.912635803222656,-0.2718144655227661,2.0024561882019043,0.9858818054199219,0.020384352654218674,0.178314670920372,1.088464379310608,-0.3675483465194702,-0.4104546904563904
110,29.64099884033203,12.253947257995605,-8.94184684753418,10.995233535766602,0.21153151988983154,-0.04863739013671875,-23.05055046081543,0.7520752549171448,-6.215342998504639,-1.7745323181152344,12.005355834960938,3.445159435272217,1.764488935470581,1.004825234413147,-0.04946988821029663,-1.5403246879577637,6.55358362197876,-1.0365619659423828,-0.8057984113693237,-0.11525538563728333,0.12782235443592072,4.939359664916992,2.7411763668060303,0.46756047010421753
111,24.710010528564453,15.076129913330078,-29.3407039642334,-56.272403717041016,-20.0,12.861822128295898,-28.953617095947266,2.9046106338500977,-3.1681766510009766,-2.430511474609375,-0.6609981060028076,-0.022455573081970215,2.0691919326782227,0.1107294112443924,0.3017851412296295,-0.11332058906555176,4.203971862792969,-0.8234840631484985,-2.467592239379883,-0.2599511742591858,1.0182654857635498,8.180402755737305,1.1692509651184082,0.7598254084587097
112,9.000537872314453,16.800416946411133,-36.993534088134766,-77.98301696777344,-12.52682876586914,7.506993293762207,-17.429176330566406,2.346107006072998,-2.8692846298217773,-10.456716537475586,-0.5451936721801758,-0.062032341957092285,1.6251418590545654,0.08301757276058197,0.29801297187805176,1.013824224472046,-2.720125913619995,0.39277034997940063,-2.5278499126434326,0.28524109721183777,1.1224290132522583,5.46579647064209,1.4942137002944946,0.5279431939125061
113,1.1072673797607422,25.578195571899414,-41.359169006347656,-84.70851135253906,-15.0131196975708,5.139054298400879,-12.137418746948242,-6.001222133636475,2.229743480682373,-7.711877822875977,-0.6199923753738403,-0.03073740005493164,2.0553488731384277,-0.19852060079574585,0.22719381749629974,0.14821657538414001,-2.3736724853515625,0.7444657683372498,-2.019031047821045,-0.158908873796463,1.0904815196990967,2.5669963359832764,0.42692795395851135,1.1766211986541748
114,-21.66667938232422,16.046207427978516,-30.604284286499023,-81.4349365234375,-14.837549209594727,5.436919212341309,4.032471656799316,-0.29633772373199463,-1.0682823657989502,-2.4498181343078613,-0.24601829051971436,-0.11494123935699463,2.095189094543457,-0.14477486908435822,-0.017252910882234573,-0.4379463791847229,-2.0578482151031494,0.26101237535476685,-1.1155585050582886,-0.2449456751346588,0.35234883427619934,-0.18066181242465973,-0.5200518369674683,0.37942060828208923
115,-6.051612854003906,18.44507598876953,-24.338529586791992,-67.42190551757812,-5.359816551208496,3.3782620429992676,-5.843720436096191,-0.022301673889160156,-2.475429058074951,0.2392730712890625,-0.24545812606811523,0.00785420835018158,2.415276050567627,0.02460733987390995,0.08392960578203201,-0.8892531991004944,-1.825483798980713,0.31432226300239563,-0.5364505648612976,-0.34964802861213684,-0.43152081966400146,-2.124274969100952,-1.6669249534606934,0.10434145480394363
116,5.568811416625977,9.441056251525879,-21.240352630615234,-56.79066848754883,6.024196624755859,0.09443104267120361,-16.62887191772461,6.432343006134033,-5.159421443939209,5.582554817199707,0.16217857599258423,0.01156461238861084,2.4360995292663574,0.003414638340473175,0.33538416028022766,-1.2121515274047852,-1.5810490846633911,0.28841331601142883,-1.1622029542922974,-0.21603742241859436,-0.7132590413093567,-1.529649019241333,-0.3427805006504059,-0.6341843605041504
117,-2.4807748794555664,9.166033744812012,-22.01059341430664,-47.410526275634766,14.365864753723145,-2.409369945526123,-5.634233474731445,3.9075706005096436,-1.2323811054229736,4.193829536437988,-0.126617431640625,0.07275915145874023,2.5623767375946045,-0.15030965209007263,0.23394763469696045,-1.5575264692306519,-1.426355004310608,0.25542837381362915,-0.8441137671470642,-0.015757067129015923,-0.6662093997001648,-1.8878607749938965,-1.416578769683838,-0.3632517457008362
118,6.2992753982543945,9.292677879333496,-18.0067081451416,-28.55998992919922,20.0,-6.132126331329346,-12.040787696838379,3.0361578464508057,-2.076927661895752,-0.2296772003173828,-0.15816712379455566,0.04595094919204712,2.6173253059387207,-0.04289734363555908,0.13777223229408264,-1.6911168098449707,-1.2179876565933228,0.16205710172653198,-0.5128791332244873,0.48378986120224,-0.724365234375,-3.9320759773254395,-1.5125386714935303,-0.41141048073768616
119,-0.9525260925292969,1.8249261379241943,-11.253057479858398,-15.318876266479492,20.0,-5.568286418914795,-3.454019784927368,1.1665997505187988,-0.8432693481445312,6.394199371337891,0.08208370208740234,0.03536093235015869,2.4397387504577637,-0.13778434693813324,0.13718564808368683,-1.4089274406433105,-1.2829035520553589,-0.20887339115142822,-0.41355234384536743,0.3481738567352295,-0.8039981126785278,-3.7059683799743652,-1.7120815515518188,-0.6492608785629272
120,-21.081615447998047,2.905118227005005,0.12343528866767883,1.5729494094848633,20.0,-3.7586381435394287,30.432756423950195,-14.083487510681152,11.961200714111328,4.664543151855469,0.3467068672180176,-0.09932851791381836,-0.018608111888170242,0.13386403024196625,0.11872933804988861,3.7818009853363037,1.979880690574646,-1.6486363410949707,1.8211299180984497,0.15378764271736145,-0.25901830196380615,-7.356933116912842,-0.9893055558204651,-1.3287746906280518
121,-65.31388854980469,-7.671148777008057,8.621033668518066,-4.070198059082031,-0.3551311492919922,0.05179238319396973,78.32917785644531,-16.95261001586914,25.714677810668945,-30.57884979248047,-17.357332229614258,-5.32948637008667,-3.905945301055908,0.5270166397094727,0.6178486347198486,11.364276885986328,6.380797863006592,-1.4854036569595337,1.6579352617263794,-0.38041582703590393,-0.34840795397758484,-0.9827970266342163,7.535642147064209,0.6608371734619141
122,-38.5615234375,-7.550594806671143,4.039994716644287,-19.142589569091797,-1.854499340057373,0.18531566858291626,41.88779830932617,-16.11981773376465,35.556373596191406,-73.61259460449219,-4.957564353942871,-3.2892653942108154,-4.571426868438721,-0.23438799381256104,-0.09014807641506195,7.664710998535156,2.2510673999786377,-0.1830836832523346,1.7302004098892212,0.24224640429019928,0.40534642338752747,1.6590981483459473,-2.193955898284912,0.20255187153816223
123,-23.39484977722168,-3.094836711883545,2.9216716289520264,-11.763803482055664,-0.8087913990020752,0.012975580990314484,25.787376403808594,-12.194685935974121,42.35545349121094,-74.99793243408203,-3.9328513145446777,3.426926612854004,-4.610833168029785,-0.567894697189331,0.036498963832855225,3.979672908782959,2.0985798835754395,0.06819058954715729,2.2337405681610107,0.008315324783325195,-0.33636754751205444,0.19950661063194275,-2.228304147720337,-0.07934530079364777
124,-6.116817474365234,-0.24623656272888184,1.3479312658309937,-7.880857944488525,-0.8321563005447388,0.0013524293899536133,-0.6681461334228516,-7.2558417320251465,28.728710174560547,-67.26362609863281,3.487093448638916,3.906968593597412,-4.210525035858154,-0.37180188298225403,0.3125145733356476,0.008730396628379822,-0.15254858136177063,0.5662547945976257,2.5071260929107666,0.1905195116996765,-0.38238099217414856,-0.5606448650360107,-1.835468053817749,-0.2134079933166504
125,8.58871841430664,5.157739639282227,-3.9865784645080566,-2.1559314727783203,-0.42603015899658203,0.030722379684448242,-16.42203712463379,-18.25743293762207,22.082355499267578,-50.086631774902344,17.493043899536133,5.081516265869141,-3.0139670372009277,-0.2180659919977188,-0.06366998702287674,-3.80566143989563,-2.165205955505371,1.2101670503616333,2.5871105194091797,0.40780359506607056,-0.18160924315452576,-1.0986889600753784,-1.6096100807189941,-0.06626302003860474
126,21.644886016845703,7.38258171081543,-4.708188056945801,7.526863098144531,0.2775263786315918,-0.040014028549194336,-26.8515625,-22.185949325561523,15.511214256286621,-38.425682067871094,20.0,5.959085464477539,-1.0793670415878296,-0.13556165993213654,-0.07842777669429779,-6.144164085388184,-2.0720534324645996,1.7591534852981567,2.794778823852539,0.2130497843027115,-0.11294673383235931,-1.350273609161377,-1.544377088546753,-0.1902240514755249
127,24.425045013427734,8.010924339294434,-6.095016956329346,12.913705825805664,0.5530797243118286,-0.03836488723754883,-24.92123794555664,-9.675981521606445,4.2214813232421875,-17.20064926147461,20.0,5.026606559753418,0.37852123379707336,0.2800617516040802,-0.23886288702487946,-6.477638244628906,-0.8053178191184998,2.686720371246338,1.6907285451889038,0.06280136108398438,0.011488785967230797,0.5741908550262451,-0.4873194396495819,0.7470008730888367
128,34.430667877197266,15.718477249145508,-12.650915145874023,11.0494384765625,0.1834278106689453,-0.08465003967285156,-32.784217834472656,-6.052220344543457,-1.1956655979156494,-5.637784957885742,14.620087623596191,3.2739760875701904,2.1546263694763184,0.5613510012626648,-1.2283899784088135,-8.771891593933105,-1.7435382604599,2.689934253692627,-1.2356338500976562,-0.43473243713378906,0.05196903273463249,4.999693870544434,3.181821584701538,1.318419337272644
129,54.30852127075195,17.541149139404297,-42.680633544921875,-47.236488342285156,-20.0,14.750809669494629,-50.22907257080078,-2.4731006622314453,-0.8637475967407227,-6.813728332519531,-0.7149991989135742,-0.08642292022705078,2.4076287746429443,0.46377885341644287,0.3951078951358795,-1.6887694597244263,6.459975719451904,-2.7315614223480225,-3.2117578983306885,-0.5044116377830505,1.304258942604065,8.001726150512695,4.174699783325195,2.276078224182129
130,1.4195899963378906,28.686227798461914,-48.607017517089844,-71.78636932373047,-12.903173446655273,9.172552108764648,-10.27297592163086,-8.368183135986328,5.4548797607421875,-10.798667907714844,-1.0863897800445557,-0.3536325693130493,1.3969128131866455,-0.07308457791805267,0.19437995553016663,1.049379587173462,-2.677868127822876,0.4054025709629059,-3.377803325653076,-0.01492101140320301,2.536043405532837,4.990522384643555,1.6004225015640259,0.9416905045509338
131,2.3050079345703125,21.06258773803711,-38.98939895629883,-83.3772201538086,-18.108383178710938,7.885521411895752,-9.279160499572754,4.076701641082764,-7.787722587585449,-5.429874420166016,-0.5860462188720703,0.0102120041847229,1.96839439868927,0.15466448664665222,-0.10476977378129959,0.42118775844573975,-2.4747238159179688,0.339219868183136,-2.442925453186035,-0.12144314497709274,0.7454485893249512,2.044825553894043,0.14029155671596527,0.4411778151988983
132,-1.730764389038086,10.563704490661621,-28.2031307220459,-81.83807373046875,-13.281614303588867,5.039784908294678,-8.723174095153809,2.199436664581299,-4.438547134399414,-0.09113788604736328,-0.26719164848327637,0.006579965353012085,2.510497570037842,-0.07563430070877075,0.20011833310127258,-0.43744611740112305,-2.1532809734344482,0.45229896903038025,-2.1706411838531494,-0.9083186984062195,-0.11224548518657684,0.9797971844673157,-0.9310476183891296,-0.20078955590724945
133,-15.446772575378418,8.400732040405273,-22.83831214904785,-69.84354400634766,-8.242006301879883,2.822636604309082,1.2025012969970703,7.0506486892700195,-4.00502872467041,-0.2337493896484375,0.002305150032043457,0.10191488265991211,2.624614715576172,-0.020216748118400574,0.11282076686620712,-0.9644259214401245,-1.942190408706665,0.4468842148780823,-1.489842176437378,-0.4783553183078766,-0.5974848866462708,-1.224493384361267,-0.6721190214157104,0.5750727653503418
134,-13.349649429321289,7.052577972412109,-16.8847599029541,-54.89720153808594,3.322155475616455,1.1018439531326294,0.18801593780517578,7.090324878692627,-3.568141460418701,2.6200075149536133,-0.13988709449768066,-0.042193394154310226,2.5052943229675293,0.04814113676548004,-0.057858750224113464,-1.244002342224121,-1.6524312496185303,-0.0970228835940361,-0.9503508806228638,-0.0042452337220311165,-1.0381405353546143,-2.788787603378296,-1.882385492324829,-0.018930530175566673
135,-1.8114986419677734,12.050522804260254,-14.333577156066895,-36.42207336425781,16.03756332397461,-1.408969521522522,-3.113227128982544,-1.8511947393417358,1.8149523735046387,3.2265567779541016,0.039923667907714844,-0.039185404777526855,2.7940306663513184,-0.17406423389911652,-0.021511908620595932,-1.5644621849060059,-1.446378231048584,-0.17548103630542755,-0.1907140612602234,-0.27586397528648376,-0.9839406609535217,-4.176663875579834,-1.9257391691207886,-0.5212067365646362
136,0.3341026306152344,5.417757511138916,-9.044000625610352,-9.203775405883789,20.0,-4.347219944000244,-5.921347618103027,1.5541343688964844,-0.33391284942626953,3.920442581176758,0.06694674491882324,0.016064167022705078,2.277273416519165,0.034918103367090225,0.05203622952103615,-0.9447076916694641,-1.3926714658737183,-0.33226287364959717,-0.23578236997127533,0.15566864609718323,-0.851908802986145,-5.153177738189697,-1.2879512310028076,-1.0285871028900146
137,-25.876483917236328,-1.902834177017212,0.5056068897247314,-8.543643951416016,20.0,-4.57228422164917,31.111562728881836,-5.432753086090088,7.062407493591309,13.72785758972168,0.6230634450912476,-0.003767251968383789,0.40079763531684875,0.025427330285310745,0.05372416600584984,2.669048547744751,0.9672536253929138,-0.27101433277130127,1.115683674812317,-0.10840854793787003,-0.48191773891448975,-4.707633018493652,-0.0790262520313263,-1.3625065088272095
138,-52.0357666015625,-6.426516056060791,8.727900505065918,-4.377540588378906,2.560586929321289,-0.8289248943328857,56.71570587158203,-14.449462890625,24.68316650390625,-17.00689697265625,-11.13053035736084,3.079474925994873,-2.54648756980896,0.07698532193899155,0.5733420848846436,7.8952178955078125,5.983654975891113,-1.6322542428970337,2.3541066646575928,-0.6813732385635376,-0.850655198097229,-2.0094807147979736,9.019206047058105,-5.783290863037109
139,-38.42835998535156,-3.7902321815490723,2.86041259765625,-11.351806640625,-1.5914349555969238,0.18964529037475586,41.878517150878906,-20.516366958618164,34.16850662231445,-73.00520324707031,-4.114731311798096,-2.3687796592712402,-4.058255672454834,-0.019025735557079315,-0.119404636323452,7.708281517028809,1.9046238660812378,-0.6073618531227112,1.4335023164749146,0.02320873737335205,-0.18465179204940796,1.2310535907745361,-3.200741767883301,0.5897797346115112
140,-24.0703067779541,-0.3972662687301636,0.6274871826171875,-14.94057846069336,-0.943375825881958,0.0774734616279602,23.08055877685547,-11.599571228027344,39.88330078125,-75.7935791015625,2.8008999824523926,0.5414383411407471,-3.9247021675109863,-0.2068648338317871,-0.3871769905090332,2.8890421390533447,1.0093955993652344,-0.3247794806957245,1.8300336599349976,0.05472218990325928,-0.3839244842529297,0.38290756940841675,-2.217343330383301,-0.06643357872962952
141,-6.557943344116211,-2.6432528495788574,2.7870278358459473,-4.97361421585083,-0.5963369607925415,0.05354881286621094,4.412876129150391,-9.048169136047363,28.548067092895508,-62.641414642333984,8.99677562713623,1.7363390922546387,-3.3577277660369873,-0.3024904131889343,-0.0776505097746849,-0.30513402819633484,-0.8125385642051697,0.7108580470085144,2.136629581451416,0.1647965908050537,-0.2746092677116394,-0.1915530264377594,-1.8592778444290161,0.02536006271839142
142,3.2242355346679688,1.2404556274414062,0.3911585807800293,3.050936698913574,-0.0703895092010498,-0.059430837631225586,-8.122660636901855,-12.232479095458984,20.633522033691406,-53.39662551879883,14.704338073730469,2.4998645782470703,-2.8066904544830322,-0.0022334009408950806,0.12177208811044693,-1.5784372091293335,-1.6259112358093262,1.017684817314148,2.3026621341705322,0.322054922580719,-0.28387215733528137,-0.6225102543830872,-1.7648977041244507,0.2308816909790039
143,16.24420928955078,7.279831409454346,-5.63238000869751,2.6336212158203125,0.1057443618774414,-0.028470516204833984,-21.758779525756836,-17.764846801757812,18.342891693115234,-42.71283721923828,20.0,3.5215678215026855,-1.0484809875488281,0.1157219409942627,-0.236311674118042,-4.680736064910889,-1.9065972566604614,1.0441224575042725,2.5588767528533936,0.35764142870903015,-0.15965814888477325,-1.0227360725402832,-1.6029220819473267,0.03435105085372925
144,20.458425521850586,10.129484176635742,-6.800788879394531,5.54290771484375,0.4058903455734253,-0.0058100223541259766,-20.263710021972656,-9.280678749084473,3.8606150150299072,-14.712552070617676,20.0,5.812658309936523,0.669058084487915,0.4105871617794037,-0.5721765160560608,-7.7224507331848145,0.23779664933681488,1.4330393075942993,1.6098098754882812,0.17583999037742615,-0.233775332570076,0.6069816946983337,-0.12077154219150543,-0.6974398493766785
145,37.679447174072266,20.562429428100586,-22.935504913330078,-17.120256423950195,-12.337701797485352,5.548671722412109,-38.13893508911133,-6.6917924880981445,-1.9751863479614258,1.3161468505859375,6.762346267700195,1.6146438121795654,2.534963846206665,1.5159753561019897,0.7288414239883423,-1.5091078281402588,6.927482604980469,-1.7839150428771973,-1.501936435699463,-0.25838619470596313,0.34168490767478943,6.235325813293457,4.105992794036865,2.0789170265197754
146,32.425872802734375,19.59163475036621,-39.41020202636719,-73.5218505859375,-11.504854202270508,9.894503593444824,-36.43168640136719,5.415405750274658,-5.0593461990356445,-5.556983947753906,-1.0629065036773682,-0.20818495750427246,1.3573012351989746,0.06540876626968384,0.22765830159187317,1.1291552782058716,-2.593250036239624,0.31796038150787354,-3.330379009246826,0.10053439438343048,1.233258605003357,7.954830646514893,1.830769658088684,1.073936104774475
147,7.225462913513184,22.846532821655273,-40.453590393066406,-83.09191131591797,-15.834246635437012,7.375577926635742,-15.446584701538086,-2.565972328186035,-0.4134964942932129,-11.918025970458984,-0.7840298414230347,-0.1397256851196289,2.0080406665802,0.11489053070545197,0.3056833744049072,0.25833508372306824,-2.3746583461761475,0.534866452217102,-2.7803549766540527,0.33100736141204834,1.330356478691101,4.163757801055908,0.6564186215400696,0.2703675627708435
148,2.8249359130859375,14.500900268554688,-38.17679214477539,-83.72633361816406,-11.085704803466797,5.110908031463623,-15.049955368041992,3.09540057182312,-5.338102340698242,-6.839936256408691,-0.445806622505188,0.050670623779296875,2.3093247413635254,0.16832633316516876,0.07268421351909637,-0.4993315637111664,-2.0263476371765137,0.5877682566642761,-2.319791078567505,0.25433778762817383,0.06896111369132996,0.8662742376327515,0.7508484125137329,0.2274477332830429
149,-12.7186918258667,6.3658318519592285,-28.581981658935547,-75.5164794921875,-6.4040374755859375,1.9713940620422363,-5.496707916259766,4.299982070922852,-2.5399022102355957,1.7519545555114746,-0.1854715347290039,-0.015525199472904205,2.1040310859680176,0.03697356581687927,0.11615592986345291,-0.9780002236366272,-1.7254711389541626,0.35437047481536865,-2.5906660556793213,0.416831374168396,0.07004901766777039,0.15482154488563538,0.4784044325351715,-0.07025406509637833
150,2.570920944213867,8.265135765075684,-25.529714584350586,-52.43088912963867,3.312086343765259,2.143420934677124,-4.647566795349121,1.9532732963562012,-3.294175386428833,2.112654209136963,-0.2347654104232788,0.06485459208488464,2.684426784515381,0.05153350532054901,0.03095194697380066,-1.2749801874160767,-1.5534895658493042,0.17466703057289124,-1.643257737159729,0.19555406272411346,-0.8571252226829529,-0.6930732131004333,-0.9147561192512512,-0.14472031593322754
151,5.624997138977051,1.5940693616867065,-15.882580757141113,-41.99271011352539,11.492834091186523,0.4375154674053192,-13.779993057250977,0.017279863357543945,-0.6492204666137695,-2.0693740844726562,-0.30435681343078613,-0.0012748241424560547,2.7835497856140137,-0.42377969622612,0.29857566952705383,-1.7317439317703247,-1.199684739112854,0.12686985731124878,-1.7040841579437256,-0.40358734130859375,-0.686547040939331,-2.3576200008392334,-1.567915439605713,-0.5942445397377014
152,-15.571533203125,16.06446075439453,-12.420275688171387,-24.804885864257812,18.638994216918945,-3.213801622390747,9.157572746276855,-4.569543838500977,4.463003635406494,2.855255126953125,0.07329463958740234,0.0345822274684906,2.704479455947876,-0.4221016466617584,0.020479675382375717,-1.8143088817596436,-1.2799017429351807,-0.08552516251802444,-0.6754859089851379,-0.21897968649864197,-0.5151719450950623,-4.565151691436768,-1.6510461568832397,-0.06848318129777908
153,-25.539466857910156,3.998593807220459,-5.435285568237305,-19.875133514404297,20.0,-4.981776714324951,19.242191314697266,-0.2358400821685791,1.6670022010803223,11.430456161499023,0.45431578159332275,-0.055295705795288086,2.0757882595062256,-0.2228574901819229,0.22105082869529724,-0.8314677476882935,-0.8199527859687805,-0.17439037561416626,0.19265252351760864,-0.2690572440624237,-0.7494730353355408,-4.431191444396973,-1.0683188438415527,-1.138725996017456
154,-18.523935317993164,2.207019805908203,3.7945821285247803,0.38895225524902344,20.0,-4.156787872314453,26.196468353271484,-10.267373085021973,10.335948944091797,5.507106781005859,0.22663545608520508,0.016288161277770996,-0.41612687706947327,-0.03652198985219002,0.1759720742702484,4.150479316711426,2.375204086303711,-1.2292242050170898,2.090951681137085,-0.4509476125240326,-0.2475135177373886,-7.470046043395996,-0.820227861404419,-0.5855129361152649
155,-54.51457214355469,-0.45319175720214844,4.232006072998047,-6.509838104248047,0.20351028442382812,-0.11139774322509766,69.9036865234375,-12.646230697631836,33.90550994873047,-29.035472869873047,-19.177152633666992,9.746339797973633,-2.7526822090148926,0.7623167037963867,0.5709859132766724,8.557989120483398,6.862131595611572,-2.2732276916503906,2.148895740509033,-0.29310980439186096,-0.0461449921131134,-1.8019453287124634,8.528975486755371,4.2118353843688965
156,-37.09288787841797,-5.9580464363098145,2.543194532394409,-10.928844451904297,-1.7475519180297852,0.27216386795043945,39.135963439941406,-12.800684928894043,41.49396896362305,-67.98397064208984,-7.903977394104004,-3.2269320487976074,-4.587604522705078,-0.022863594815135002,-0.3144851326942444,8.726188659667969,1.8513273000717163,-0.7764527201652527,1.1284446716308594,-0.12118851393461227,-0.1487056314945221,1.6375199556350708,-2.943201780319214,0.530262291431427
157,-20.412124633789062,-5.8992228507995605,4.0104660987854,-14.438308715820312,-0.7403955459594727,0.07126942276954651,20.657236099243164,-4.934652805328369,40.58476257324219,-85.582763671875,-6.7490553855896,2.4985415935516357,-4.121635913848877,-0.006292767822742462,0.03883513808250427,3.8000235557556152,2.469269037246704,-0.1664663702249527,1.861789584159851,0.17386388778686523,-0.21616362035274506,0.41134941577911377,-2.134615898132324,0.009769193828105927
158,0.8111171722412109,-2.148064374923706,1.5470595359802246,-8.753567695617676,-0.9361858367919922,0.06309974193572998,-6.807990074157715,-6.6709089279174805,24.478614807128906,-71.76347351074219,-4.001628398895264,4.551197528839111,-2.956451416015625,-0.17906945943832397,0.005603602156043053,-1.0605244636535645,-0.8295862078666687,0.9318627715110779,2.4892795085906982,0.2696409225463867,-0.2628791630268097,-0.48047685623168945,-1.8535730838775635,-0.03858983516693115
159,13.652521133422852,9.464415550231934,-5.275205612182617,-0.8665695190429688,-0.09598338603973389,-0.08350476622581482,-25.276926040649414,-17.20685386657715,15.066758155822754,-43.36548614501953,8.362688064575195,2.322706460952759,-1.9404795169830322,0.21208104491233826,-0.2131769210100174,-4.576859951019287,-0.9627281427383423,0.15560880303382874,2.3272013664245605,0.24498577415943146,-0.3211228549480438,-0.7118207216262817,-1.7878042459487915,0.16703051328659058
160,13.057912826538086,-2.1791858673095703,0.22644808888435364,9.452781677246094,-0.03064107894897461,0.09328460693359375,-20.286361694335938,-13.369122505187988,7.071033000946045,-28.817729949951172,15.559097290039062,3.980477809906006,-1.0737431049346924,-0.15016117691993713,-0.07656287401914597,-5.0449419021606445,-3.1211652755737305,2.0266871452331543,1.857306718826294,0.23369243741035461,0.07406895607709885,-0.33709609508514404,-1.810433268547058,0.15822190046310425
161,23.587812423706055,7.803432464599609,-6.0851287841796875,8.986827850341797,0.44362926483154297,-0.08430910110473633,-24.328567504882812,-7.949115753173828,2.066192865371704,-18.898130416870117,17.694400787353516,5.159884452819824,0.5277081727981567,0.11323712021112442,-0.5203263163566589,-6.696022987365723,-2.8994104862213135,2.394646406173706,1.1754037141799927,0.11716407537460327,-0.015790406614542007,0.8932652473449707,-0.939254879951477,-0.282285213470459
162,25.213085174560547,6.9224371910095215,-14.820938110351562,-24.382099151611328,-19.549076080322266,8.931482315063477,-21.99024200439453,-5.969715595245361,-3.109416961669922,-6.810998916625977,14.805991172790527,3.706617832183838,1.8044337034225464,0.8113351464271545,0.4363619387149811,-0.6984790563583374,5.623622417449951,-0.22651731967926025,-0.3980619013309479,-0.13502584397792816,0.24272382259368896,3.9796664714813232,1.1909695863723755,0.7780739665031433
163,19.373132705688477,19.241268157958984,-32.54608917236328,-83.23249053955078,-11.487897872924805,18.526199340820312,-26.361736297607422,11.901518821716309,-7.925352573394775,3.2293014526367188,-0.11586523056030273,-0.03376781940460205,1.663171410560608,-0.14439356327056885,0.16546830534934998,0.8880454301834106,-3.212387800216675,1.036646842956543,-2.0996861457824707,0.24561139941215515,0.6866098046302795,8.346296310424805,2.5341386795043945,0.5685147047042847
164,28.295209884643555,24.308914184570312,-44.54032516479492,-92.00484466552734,-10.897966384887695,6.4601335525512695,-41.683013916015625,1.7487828731536865,-4.221662998199463,-13.696968078613281,-1.114379644393921,-0.005507826805114746,1.6267927885055542,-0.19598056375980377,0.20037955045700073,0.18822835385799408,-2.1246540546417236,0.5695644021034241,-3.0552237033843994,0.4699658155441284,0.7833750247955322,5.897969722747803,1.4436593055725098,0.9482157230377197
165,15.409269332885742,18.056180953979492,-40.034400939941406,-79.24097442626953,-8.573589324951172,3.0095064640045166,-25.59683609008789,-0.662243127822876,-3.622994899749756,-10.316049575805664,-0.7354789972305298,-0.035103559494018555,2.1643240451812744,-0.044848546385765076,0.3037695288658142,-0.6350696086883545,-2.0939102172851562,1.167443037033081,-3.1919164657592773,0.5304672718048096,0.2527465224266052,2.886141538619995,1.0644824504852295,0.9037767052650452
166,-0.8033294677734375,21.489173889160156,-35.23938751220703,-68.59791564941406,0.8312926292419434,-0.4695103168487549,-10.115843772888184,-8.569357872009277,4.05979585647583,-6.991344928741455,-0.628661036491394,-0.12705683708190918,2.345073938369751,-0.27332767844200134,0.21803906559944153,-1.2634087800979614,-1.5347801446914673,0.7830561399459839,-2.7266814708709717,0.03451007232069969,0.3980996906757355,-0.5643370747566223,-0.09228160977363586,0.6028019189834595
167,-14.919110298156738,23.267723083496094,-28.51021385192871,-54.84077072143555,9.718683242797852,-3.3940505981445312,4.619859218597412,-3.8232994079589844,0.6983299255371094,0.5800952911376953,-0.2452099323272705,-0.04503226280212402,2.466024875640869,0.0304378904402256,-0.12698087096214294,-1.6424015760421753,-1.4241359233856201,0.3087775707244873,-1.5446619987487793,0.03142758458852768,-0.5103186964988708,-3.4573569297790527,-1.2084760665893555,0.2339945137500763
168,0.2505149841308594,14.219002723693848,-21.27911376953125,-45.222862243652344,19.656505584716797,-6.309671401977539,-3.0645713806152344,-1.9368115663528442,0.16484594345092773,7.3032732009887695,0.06065082550048828,-0.057169318199157715,3.1366515159606934,0.05043479800224304,0.1354154646396637,-2.124163866043091,-1.1511151790618896,0.5182083249092102,-0.6207953691482544,-0.2495211660861969,-0.7714648842811584,-3.7764995098114014,-1.494909405708313,-0.8084263205528259
169,-14.770206451416016,2.2247681617736816,-8.95958137512207,-21.19626235961914,20.0,-5.267449855804443,6.674134254455566,1.5450074672698975,0.9486786127090454,9.785029411315918,0.2151179313659668,0.05066192150115967,2.8516852855682373,-0.26379266381263733,0.1183650866150856,-2.0188863277435303,-1.1793854236602783,-0.1764684021472931,-0.5291264057159424,-0.45454663038253784,-0.5081743597984314,-2.535684585571289,-2.3583173751831055,-0.8628717660903931
170,-10.504864692687988,7.089427947998047,-5.977475166320801,-7.771568775177002,20.0,-3.9567675590515137,9.458377838134766,-5.391901016235352,4.696901321411133,3.728809356689453,0.38529860973358154,0.012648820877075195,1.900267243385315,0.04263079911470413,0.11752260476350784,-0.20664644241333008,-0.5478925108909607,-1.4966845512390137,0.22890682518482208,-0.30701589584350586,-0.33407095074653625,-4.0100507736206055,-0.7623363733291626,-1.124083161354065
171,-44.6988525390625,-10.45954418182373,13.269075393676758,0.7360877990722656,15.177986145019531,-3.622030735015869,55.966880798339844,-12.870221138000488,14.487457275390625,9.851343154907227,0.5363373756408691,-0.08893942832946777,-2.143005847930908,-0.1046094298362732,0.7154133319854736,7.2220587730407715,5.677570343017578,-1.218409776687622,2.835047721862793,-0.9408645033836365,0.40562495589256287,-7.05985689163208,-0.6139538288116455,-1.7583045959472656
172,-53.55787658691406,-6.14553165435791,5.228786945343018,-10.630847930908203,-1.346818447113037,0.07223391532897949,64.3499984741211,-9.521143913269043,32.063621520996094,-47.38133239746094,-20.0,-3.291496515274048,-4.556484699249268,0.315591961145401,0.35342955589294434,10.017461776733398,4.168137073516846,-0.9291822910308838,1.8990119695663452,-0.13611602783203125,-0.1983097642660141,-1.7129045724868774,8.732427597045898,1.2191448211669922
173,-21.324649810791016,2.1233670711517334,-2.056857109069824,-17.416200637817383,-1.281468391418457,0.13819646835327148,24.032901763916016,-16.906143188476562,42.41735076904297,-75.11949920654297,-7.127915382385254,-2.2109556198120117,-4.225571632385254,0.0058243125677108765,-0.32808926701545715,4.9260711669921875,1.9798328876495361,-0.5957509279251099,1.7779979705810547,-0.1173926591873169,-0.2984587252140045,0.8457428216934204,-2.5759024620056152,0.22706188261508942
174,-13.672317504882812,-5.7994890213012695,4.917030334472656,-4.713070869445801,-0.5325591564178467,0.029381833970546722,8.301959991455078,-13.27942180633545,36.42441177368164,-73.24805450439453,-3.913262367248535,2.687774658203125,-4.744151592254639,-0.41253238916397095,0.2898555397987366,2.9698305130004883,1.7708367109298706,-0.012734169140458107,1.6405093669891357,-0.12552499771118164,-0.029701679944992065,0.37680840492248535,-2.152622699737549,0.013241127133369446
175,5.142077445983887,0.09187459945678711,-1.3138338327407837,-4.520225524902344,-0.5387278199195862,0.059476256370544434,-11.338623046875,-9.44769287109375,27.424711227416992,-66.39358520507812,2.9349751472473145,2.1631956100463867,-3.7040085792541504,-0.4097262918949127,0.08611030876636505,-0.6627852916717529,0.13797077536582947,0.5740435719490051,1.9406824111938477,0.07172703742980957,0.057107120752334595,-0.281630277633667,-1.8774436712265015,-0.07258471846580505
176,19.163890838623047,1.8462204933166504,-1.1216156482696533,2.980945587158203,-0.15878939628601074,0.0005788803100585938,-25.336374282836914,-11.58747673034668,13.052131652832031,-61.733463287353516,10.485511779785156,4.377084255218506,-1.9214529991149902,-0.11961323022842407,-0.015370197594165802,-3.265042304992676,-1.9718037843704224,1.4469166994094849,2.461196184158325,0.21387147903442383,-0.14120420813560486,-1.128449559211731,-1.8917430639266968,0.28041085600852966
177,9.345046997070312,3.004673719406128,-1.243377923965454,5.394628524780273,0.06500387191772461,-0.09141159057617188,-13.921882629394531,-20.224769592285156,9.934967041015625,-35.93431854248047,20.0,5.388068675994873,-0.8203613758087158,0.04873790219426155,0.3226345181465149,-5.055222988128662,-2.825425624847412,2.031460762023926,2.4090006351470947,0.25178495049476624,0.07016482204198837,-1.1311392784118652,-1.4686734676361084,0.016573309898376465
178,17.34117317199707,4.765461444854736,-4.812356472015381,7.3834381103515625,0.49332737922668457,-0.07842206954956055,-16.502222061157227,-2.5721025466918945,-1.4808149337768555,-13.503158569335938,20.0,5.8309526443481445,0.5240542888641357,0.17537134885787964,-0.49224454164505005,-6.71754789352417,-1.1364234685897827,2.5682871341705322,1.8489972352981567,0.2344755381345749,-0.3085691034793854,-0.003935253247618675,-0.441560298204422,-0.6793373227119446
179,27.52260398864746,7.342134952545166,-6.552622318267822,12.907146453857422,0.3980826139450073,-0.12957286834716797,-25.06235694885254,-4.845252990722656,-1.796527624130249,-9.360177993774414,20.0,5.559686660766602,2.0474045276641846,0.4193950295448303,-0.9560250043869019,-7.689002513885498,-0.5985146164894104,2.649367094039917,-0.3585628569126129,-0.033940333873033524,-0.12596291303634644,3.538799285888672,2.00308895111084,0.23715071380138397
180,47.76042938232422,19.782320022583008,-36.29450607299805,-45.02938461303711,-18.716794967651367,11.676122665405273,-46.247562408447266,-2.871860980987549,-1.7188005447387695,-2.7634849548339844,-0.27584362030029297,0.10945606231689453,2.5515003204345703,0.36516979336738586,0.1386629045009613,-1.8803999423980713,7.503844738006592,-3.3162450790405273,-2.630533218383789,-0.6627064943313599,0.4763171672821045,8.241133689880371,4.758782863616943,2.6026620864868164
181,15.982465744018555,23.66092300415039,-40.444705963134766,-60.2117919921875,-10.045961380004883,8.337446212768555,-20.567232131958008,-5.118732452392578,3.8275842666625977,-12.4189453125,-1.3517711162567139,-0.4101756811141968,1.5064185857772827,-0.08220618963241577,0.31177186965942383,1.1192351579666138,-3.4842283725738525,0.4849807620048523,-3.2233479022979736,0.023500757291913033,2.229917287826538,5.917229652404785,1.1049840450286865,0.6637661457061768
182,14.383097648620605,27.799638748168945,-44.764854431152344,-82.62085723876953,-12.313716888427734,5.450742244720459,-20.936681747436523,-0.4099966287612915,-4.971592426300049,-8.18908977508545,-0.6811977028846741,0.029116392135620117,1.916536569595337,0.06231038272380829,0.06971962004899979,0.2905154228210449,-2.329447031021118,0.6464599370956421,-2.9039547443389893,-0.24869641661643982,0.820228099822998,2.949887990951538,0.12392865121364594,0.7303138375282288
183,-12.77244758605957,14.571008682250977,-33.773414611816406,-82.48126983642578,-9.389299392700195,1.3411571979522705,-0.35532379150390625,2.738701581954956,-3.1506810188293457,-1.3086800575256348,-0.06147360801696777,-0.030870497226715088,2.2070229053497314,0.18631938099861145,0.06041482836008072,-0.49695998430252075,-2.079141616821289,0.48301735520362854,-2.321683883666992,-0.14731626212596893,0.21860705316066742,0.7122021913528442,0.87135910987854,0.4583529531955719
184,-3.5817670822143555,1.5863837003707886,-18.69269561767578,-55.0758056640625,-0.9968757629394531,1.9877946376800537,-3.885676383972168,6.179160118103027,-4.590574264526367,-1.5272765159606934,-0.4970865249633789,-0.023495733737945557,2.4647586345672607,0.019171595573425293,0.061007216572761536,-0.8859035968780518,-1.7614667415618896,0.25973135232925415,-1.5767760276794434,-0.30786678194999695,-0.45990484952926636,-1.3317574262619019,-1.5430238246917725,-0.32021236419677734
185,3.0297040939331055,6.29525089263916,-17.545991897583008,-49.666622161865234,8.674295425415039,-1.1656094789505005,-12.658885955810547,5.096342086791992,-4.795860767364502,1.6882619857788086,-0.13730406761169434,0.07028114795684814,2.4988319873809814,0.008464083075523376,0.2650143504142761,-1.2382158041000366,-1.5395451784133911,0.2875726521015167,-1.7709811925888062,-0.23769879341125488,-0.9587554931640625,-2.34722638130188,-1.9597574472427368,-0.7285788655281067
186,-12.81839370727539,11.773948669433594,-19.386255264282227,-46.00724411010742,17.344196319580078,-2.7540605068206787,7.584188461303711,-0.43850141763687134,2.8072001934051514,6.367170333862305,0.3551146984100342,0.049867212772369385,2.948132276535034,-0.201095849275589,0.14641156792640686,-1.812442421913147,-1.3902807235717773,0.006302259862422943,-0.5499110221862793,-0.17515169084072113,-0.6228266954421997,-3.3488099575042725,-0.8858829736709595,-0.23448266088962555
187,-18.308433532714844,6.56859827041626,-12.258155822753906,-24.82695770263672,20.0,-3.996748924255371,10.69577693939209,3.953096389770508,-0.32559895515441895,9.293900489807129,0.18223023414611816,-0.0470278263092041,2.5717625617980957,-0.04385388270020485,-0.1496109664440155,-1.4335287809371948,-1.3612596988677979,-0.12137942761182785,0.11766833066940308,0.3422708809375763,-0.7487466931343079,-3.211893320083618,-1.6623051166534424,-1.4395207166671753
188,-11.11552619934082,6.846667766571045,-3.901029109954834,-8.847052574157715,20.0,-4.342892646789551,10.138960838317871,-6.454225063323975,4.412081718444824,4.891023635864258,0.23589396476745605,0.14287644624710083,1.7657082080841064,0.07588469982147217,-0.056569527834653854,0.2007535696029663,-0.6088895797729492,-0.8327857255935669,1.0009657144546509,0.04430224001407623,-0.8266420960426331,-4.487680435180664,-1.2237942218780518,-0.49924179911613464
189,-16.45815086364746,4.803926467895508,5.761725902557373,-4.287337303161621,20.0,-4.439907073974609,19.469038009643555,-12.568269729614258,11.27022933959961,5.246728897094727,0.17214274406433105,-0.09527242183685303,-0.3527791202068329,0.024248123168945312,0.17356523871421814,4.195849418640137,2.2227413654327393,-0.8689180016517639,2.1690330505371094,-0.19973622262477875,0.39226967096328735,-6.999528884887695,-0.9985669255256653,-0.6371535062789917
190,-60.88906478881836,-7.64180850982666,7.597116470336914,-9.116336822509766,-0.2171192169189453,-0.11783289909362793,71.83679962158203,-13.93319034576416,26.59922218322754,-27.181840896606445,-15.94851303100586,-9.396682739257812,-3.2473649978637695,0.2865626811981201,0.5656206011772156,8.0512113571167,6.041164398193359,-1.8872219324111938,2.01066255569458,-0.08431071043014526,0.17701475322246552,-1.0533162355422974,8.639753341674805,0.16979187726974487
191,-32.082576751708984,-10.540460586547852,6.003353118896484,-7.15789794921875,-1.4998100996017456,0.2289733737707138,38.255435943603516,-10.263050079345703,40.054222106933594,-72.77337646484375,-7.5783371925354,-1.7988293170928955,-4.577076435089111,-0.5959869027137756,0.17040704190731049,8.719625473022461,1.4698001146316528,0.1629834622144699,1.1222561597824097,-0.35059410333633423,-0.1656319499015808,1.6352555751800537,-2.71950101852417,0.3338005244731903
192,-18.414905548095703,4.058260440826416,-1.2680584192276,-14.432769775390625,-0.7653384208679199,0.02616572380065918,17.21470069885254,-18.038837432861328,40.75791549682617,-81.90140533447266,-1.4090242385864258,3.5942633152008057,-4.3909478187561035,-0.23031091690063477,0.27259504795074463,4.091400146484375,1.4089516401290894,0.694305419921875,1.8250566720962524,-0.17844340205192566,-0.42467358708381653,0.43740636110305786,-2.178846836090088,-0.12368787825107574
193,1.8873653411865234,-2.119588851928711,0.5347335338592529,-4.791110038757324,-0.5250393748283386,-0.04514205455780029,-6.173447608947754,-10.675545692443848,28.939849853515625,-74.85140228271484,0.631645917892456,3.970409631729126,-3.232778310775757,-0.35914430022239685,0.34209445118904114,0.7012494206428528,-0.5284662842750549,0.8914945125579834,2.4171338081359863,0.05648815631866455,-0.2788282334804535,-0.3897690773010254,-1.8935648202896118,-0.12505030632019043
194,5.628584861755371,10.545241355895996,-6.893096923828125,-7.508371353149414,-0.5838518142700195,0.008898258209228516,-14.483996391296387,-16.33118438720703,22.251558303833008,-56.405242919921875,11.278556823730469,4.6732025146484375,-1.7036675214767456,0.24041318893432617,-0.14470115303993225,-4.852416038513184,-2.808701515197754,1.23748779296875,2.7637314796447754,0.29795509576797485,-0.3333076536655426,-1.2237478494644165,-1.530585527420044,0.05971786379814148
195,7.996312618255615,0.8288228511810303,-0.2754729986190796,10.419412612915039,0.6213611364364624,-0.11325836181640625,-11.48108959197998,-9.94475269317627,7.63223934173584,-28.10184097290039,20.0,7.162382125854492,-1.1787084341049194,0.30789655447006226,-0.29068538546562195,-4.730180740356445,0.11270587891340256,1.0281100273132324,2.7338430881500244,0.414057195186615,-0.4742526113986969,-1.267523169517517,-1.4422671794891357,-0.3929590582847595
196,19.704883575439453,-0.4008616805076599,-1.6783413887023926,7.558940887451172,-0.08190059661865234,-0.0028710365295410156,-22.907161712646484,-4.029253959655762,6.105257987976074,-11.702513694763184,20.0,4.796115875244141,0.08486899733543396,-0.14046701788902283,-0.2606254518032074,-6.543279647827148,-1.4573709964752197,2.076979875564575,0.652977705001831,0.07673440873622894,0.10208727419376373,1.7387306690216064,0.7830767631530762,-0.7301274538040161
197,34.81063461303711,18.57689094543457,-13.651751518249512,9.045230865478516,0.032907962799072266,0.04259157180786133,-29.44405746459961,-0.29299092292785645,-3.7828521728515625,-3.381570816040039,10.041067123413086,2.8409066200256348,2.2696502208709717,0.8909175395965576,-0.007433652877807617,-2.200572967529297,6.629570007324219,-0.9555468559265137,-1.2347716093063354,-0.07200935482978821,0.5854828953742981,5.202839374542236,3.379117965698242,1.2675470113754272
198,23.449731826782227,23.02455711364746,-36.14234161376953,-58.55768966674805,-20.0,13.324776649475098,-28.796457290649414,3.3193602561950684,-3.9022090435028076,-1.6638641357421875,-0.7548034191131592,-0.08253002166748047,1.915580153465271,0.42768627405166626,-0.1417335867881775,-1.0544750690460205,5.144172191619873,-2.8388543128967285,-2.783156633377075,-0.10542832314968109,0.7246749401092529,8.276857376098633,1.4992289543151855,1.2845240831375122
199,11.230637550354004,21.75800132751465,-39.272674560546875,-78.84027099609375,-17.274280548095703,9.254487037658691,-20.310930252075195,-1.6250877380371094,-0.7020330429077148,-10.949066162109375,-0.6745176315307617,-0.13472938537597656,1.604745626449585,0.17575792968273163,0.1407812088727951,0.8572180271148682,-2.531991720199585,0.3512760400772095,-3.0626604557037354,0.18609531223773956,1.2659488916397095,5.817461967468262,1.220409631729126,0.9509776830673218
200,5.149176597595215,11.702710151672363,-31.55692481994629,-78.72238159179688,-16.054288864135742,7.6003923416137695,-15.29987907409668,4.103604316711426,-5.1605658531188965,-9.341597557067871,-0.5846731662750244,-0.060155272483825684,2.027815341949463,0.05048119276762009,0.08984243869781494,0.10188814997673035,-2.2058005332946777,0.33853867650032043,-2.6611127853393555,0.09066427499055862,0.5521663427352905,2.5777034759521484,0.7756944894790649,0.25333502888679504
201,-8.288727760314941,18.658184051513672,-32.78250503540039,-75.32089233398438,-9.155126571655273,3.8505353927612305,-6.529352188110352,-1.4429631233215332,-1.425862431526184,-5.610444068908691,-0.5293211340904236,0.012107819318771362,2.20857572555542,0.20512345433235168,-0.03643485903739929,-0.5343397855758667,-1.9933274984359741,0.40574878454208374,-2.1233508586883545,0.08787206560373306,-0.21084485948085785,-0.924267590045929,-0.3848283290863037,0.18381884694099426
202,-10.520759582519531,6.344335556030273,-22.779294967651367,-69.18743133544922,-3.0120067596435547,-0.07847404479980469,-1.931849479675293,4.906497955322266,-3.147599935531616,5.79879093170166,0.13554731011390686,0.020315170288085938,2.4023544788360596,0.09016421437263489,0.08751090615987778,-1.0204499959945679,-1.7854931354522705,0.5145933628082275,-1.8329592943191528,0.12714128196239471,-0.402628630399704,-0.9444179534912109,0.14042289555072784,0.16556689143180847
203,-4.815361499786377,4.823749542236328,-22.252836227416992,-56.72254180908203,8.2005615234375,-2.477841854095459,-7.2828521728515625,2.906306505203247,-2.3069405555725098,1.2184534072875977,-0.22516673803329468,0.02416151762008667,2.531816244125366,-0.09792152047157288,0.21873946487903595,-1.5477838516235352,-1.4628102779388428,0.5456179976463318,-1.56177818775177,0.0024851039052009583,-0.5641664862632751,-2.3943684101104736,-0.27421697974205017,0.2926824986934662
204,3.852996826171875,5.0200982093811035,-13.506184577941895,-26.190799713134766,20.0,-3.30680775642395,-7.561516761779785,3.151963710784912,-1.6799283027648926,1.1009178161621094,-0.39604759216308594,-0.057138681411743164,2.596996784210205,-0.23565831780433655,0.06954682618379593,-1.646041750907898,-1.226785659790039,-0.07925115525722504,-1.0505585670471191,0.16571123898029327,-0.5837708115577698,-4.028412342071533,-2.2770304679870605,-0.5621523857116699
205,-18.712703704833984,5.5983500480651855,-2.5479965209960938,-12.61202621459961,20.0,-4.616050720214844,20.721355438232422,-5.216250419616699,4.660418510437012,6.915454864501953,0.32582664489746094,0.000514984130859375,1.9429036378860474,-0.11326221376657486,0.13506552577018738,-0.06197917088866234,-0.34449607133865356,-0.9161372184753418,0.5715075731277466,0.03506634384393692,-0.5564481616020203,-5.7777581214904785,-2.304276943206787,-0.775768518447876
206,-30.532760620117188,-1.7812509536743164,8.5470609664917,-7.361543655395508,18.369897842407227,-4.690646171569824,31.537105560302734,-10.09866714477539,9.161397933959961,10.44679069519043,0.5066125392913818,-0.07893109321594238,-0.6984561681747437,-0.1341080218553543,0.5563145279884338,4.359273433685303,2.9765408039093018,-1.2022761106491089,1.8892288208007812,-0.5871071219444275,-0.1712946742773056,-7.357816696166992,-1.4936312437057495,-1.7969950437545776
207,-55.06608581542969,-6.054430961608887,6.464400291442871,-4.833309173583984,-0.6103429794311523,0.027226686477661133,65.15580749511719,-7.696845054626465,27.441070556640625,-41.69517135620117,-20.0,10.546623229980469,-3.575410842895508,0.7562969923019409,0.5303718447685242,9.907485961914062,4.880539417266846,-1.222831130027771,2.062285900115967,0.2251749038696289,0.0023927539587020874,-1.5869743824005127,6.873082637786865,3.0546367168426514
208,-35.646812438964844,-8.652910232543945,4.234841823577881,-16.45660972595215,-1.4898123741149902,0.14459127187728882,42.288387298583984,-15.080878257751465,37.34550094604492,-74.29603576660156,-5.943466663360596,-1.4382455348968506,-3.934415817260742,-0.07569757103919983,0.09595142304897308,6.582850933074951,1.9335870742797852,-0.19811484217643738,1.6692943572998047,0.2158757448196411,0.012289591133594513,1.016746997833252,-2.7661499977111816,0.5216670036315918
209,-27.039840698242188,-4.263857841491699,4.288196563720703,-12.752408981323242,-0.8816585540771484,-0.012443646788597107,28.186677932739258,-8.824150085449219,36.84135818481445,-67.93363952636719,0.3639187812805176,2.3542466163635254,-4.286768436431885,-0.4234864413738251,0.20242686569690704,2.5953896045684814,1.5991342067718506,-0.07098723948001862,2.193902015686035,0.03366976976394653,-0.25979506969451904,0.17626553773880005,-2.165173292160034,-0.056411609053611755
210,11.471506118774414,6.54032039642334,-6.017090797424316,-4.609710693359375,-0.5786616802215576,0.13215112686157227,-22.335771560668945,-16.45153045654297,29.25118637084961,-71.52784729003906,4.5679168701171875,3.243278980255127,-3.0592634677886963,-0.3399326205253601,-0.6712960004806519,-1.626725196838379,-0.8145405650138855,0.7543662190437317,2.4824604988098145,0.21889108419418335,-0.2986753582954407,-0.6626440286636353,-1.9316761493682861,0.3093971014022827
211,2.9015445709228516,4.228426933288574,0.4159005582332611,3.2420082092285156,-0.07520651817321777,-0.11531507968902588,-5.834952354431152,-22.294160842895508,21.406742095947266,-45.173583984375,16.93169403076172,4.588666915893555,-2.245102643966675,-0.03476838767528534,0.19931209087371826,-3.5426127910614014,-1.0855742692947388,0.5392585396766663,2.4932010173797607,0.1548585146665573,-0.04025410860776901,-0.8553572297096252,-1.6749210357666016,0.11377620697021484
212,14.604658126831055,-1.5074999332427979,0.060913264751434326,9.803483009338379,0.04058218002319336,0.04425382614135742,-21.002328872680664,-10.2871675491333,7.832793712615967,-36.712646484375,17.986860275268555,4.6190996170043945,-1.4042571783065796,-0.0690348744392395,0.08967383205890656,-3.5612027645111084,-3.257281541824341,2.1361966133117676,2.422633171081543,0.21894076466560364,-0.11561422795057297,-0.929443895816803,-1.6488277912139893,0.009184300899505615
213,17.313335418701172,3.9192609786987305,-3.6276423931121826,8.182013511657715,0.7413586378097534,-0.18291997909545898,-20.13719367980957,-10.920469284057617,6.896833896636963,-19.818435668945312,20.0,5.332237720489502,-0.4093940854072571,0.0018974272534251213,-0.015862679108977318,-4.366507053375244,-0.30696403980255127,1.3690860271453857,1.5294493436813354,0.12397371232509613,0.08245926350355148,0.2675895392894745,-0.7895427942276001,-0.6099798679351807
214,23.663330078125,5.852747917175293,-5.852628707885742,7.833473205566406,0.17111527919769287,0.00016880035400390625,-18.40119171142578,2.226468801498413,-2.755711078643799,-7.467044830322266,20.0,4.785199165344238,1.071829080581665,0.3189607560634613,-0.7956975102424622,-5.750953197479248,-0.7725980281829834,2.1315486431121826,-0.06023707240819931,0.14946135878562927,0.00978410616517067,2.9228029251098633,1.3487745523452759,-0.6715086698532104
215,44.62047576904297,12.692355155944824,-29.10671043395996,-40.13241195678711,-19.710636138916016,11.252891540527344,-39.13351058959961,-4.15535831451416,-1.424649715423584,-3.373401641845703,2.7616357803344727,0.8097562789916992,1.9086424112319946,0.900359570980072,0.5452061891555786,-0.8865317702293396,6.201224327087402,-1.569474697113037,-2.0229198932647705,-0.4408935606479645,0.47614753246307373,6.504810333251953,4.5582451820373535,2.0959503650665283
216,17.390785217285156,21.95757293701172,-41.103580474853516,-63.012054443359375,-20.0,14.040644645690918,-24.484891891479492,-0.06311741471290588,-0.5467462539672852,-6.109340667724609,-1.1593698263168335,-0.2696751356124878,1.58414888381958,-0.07227291911840439,-0.10838685929775238,0.8426037430763245,-2.468018054962158,-4.407439708709717,-3.1875157356262207,-0.13536225259304047,1.4040570259094238,7.0587077140808105,0.874412477016449,0.8109390735626221
217,10.792425155639648,24.1733455657959,-41.11552047729492,-84.12945556640625,-12.73358154296875,5.831396102905273,-17.480344772338867,-1.3701659440994263,-1.477046012878418,-9.386775016784668,-0.4719836711883545,-0.06668281555175781,1.7331196069717407,-0.0818127989768982,0.2747728228569031,0.6714636087417603,-2.5205280780792236,0.6505458354949951,-2.937342643737793,-0.1770191490650177,1.2378076314926147,4.0297393798828125,1.5835859775543213,0.6126682162284851
218,-11.00314712524414,28.780336380004883,-40.1716423034668,-84.27094268798828,-15.193495750427246,3.671098232269287,-2.1949729919433594,-5.3777055740356445,0.7105696201324463,-4.43612003326416,-0.45511460304260254,-0.008066415786743164,2.0360796451568604,0.21886807680130005,0.04984843358397484,0.05785459280014038,-2.346363067626953,0.4503701329231262,-2.1975038051605225,-0.10621107369661331,0.6246932148933411,0.9894687533378601,0.830436110496521,1.1059930324554443
219,-17.761775970458984,14.565555572509766,-27.77103614807129,-83.09662628173828,-11.415643692016602,3.083780527114868,1.7908711433410645,0.8822841644287109,-1.265087604522705,0.7908821105957031,-0.2808140516281128,-0.11014461517333984,2.325047492980957,0.11691327393054962,0.10310260951519012,-0.6816743612289429,-1.9917353391647339,0.3543321192264557,-1.3702744245529175,-0.36333268880844116,0.20440781116485596,-0.9044309258460999,-0.5853018164634705,0.3533003628253937
220,-5.304099082946777,13.593036651611328,-26.07611846923828,-78.20210266113281,-2.1457607746124268,0.9718738794326782,-8.022873878479004,4.662946701049805,-5.634685039520264,5.384669303894043,-0.0930476188659668,0.021550416946411133,2.6739087104797363,0.10391842573881149,0.18329913914203644,-1.3118351697921753,-1.652817726135254,0.4830731153488159,-1.0759037733078003,-0.6319966912269592,-0.9550274014472961,-1.0618332624435425,-1.7577087879180908,-0.4648112952709198
221,-7.309108257293701,11.59493350982666,-21.91468048095703,-55.05788040161133,8.845149993896484,-2.9069337844848633,-6.7421064376831055,4.804599761962891,-2.657534599304199,3.335860252380371,0.09443497657775879,0.07866054773330688,2.4962289333343506,0.14266274869441986,0.08591148257255554,-1.586239218711853,-1.4256401062011719,0.3799867630004883,-1.0644623041152954,-0.37510988116264343,-1.4262058734893799,-1.7700666189193726,-1.3881235122680664,-0.40627339482307434
222,-5.404855728149414,7.226210117340088,-17.77311897277832,-37.33651351928711,12.791977882385254,-1.4266607761383057,-2.1598153114318848,1.5374394655227661,2.347714900970459,4.963157653808594,0.03477668762207031,0.014370530843734741,2.4593567848205566,-0.08337733149528503,0.0010362863540649414,-1.63845694065094,-1.2456690073013306,-0.008934877812862396,-0.8191404938697815,-0.15316517651081085,-0.6611109375953674,-1.5518437623977661,-2.4075300693511963,0.09817413985729218
223,-12.669281959533691,-1.3934236764907837,-4.936459064483643,-14.627391815185547,20.0,-2.011516571044922,8.468854904174805,2.337458610534668,0.5903830528259277,0.7709236145019531,0.1430196762084961,-0.0680009126663208,2.0812370777130127,-0.020767711102962494,-0.08735796809196472,-1.1816223859786987,-0.9323103427886963,-0.5174102783203125,0.10949969291687012,0.20844146609306335,-0.5609605312347412,-3.9220945835113525,-2.721072196960449,-0.7369864583015442
224,-7.642543792724609,1.2076730728149414,0.4221700429916382,-2.3175907135009766,20.0,-4.315647125244141,10.361282348632812,-6.656431198120117,4.740030765533447,2.1286544799804688,0.39490175247192383,0.02319180965423584,0.73043292760849,0.04378683492541313,0.10156715661287308,1.5055124759674072,0.6821919083595276,-0.36770832538604736,1.2666791677474976,-0.045727312564849854,-0.5196972489356995,-6.900333404541016,-0.5329995155334473,-0.7352504730224609
225,-38.51107406616211,-7.612710475921631,9.387493133544922,-2.409526824951172,10.84200668334961,-2.844829559326172,49.90580749511719,-11.374895095825195,14.33834457397461,15.720666885375977,0.681114673614502,-0.15350794792175293,-1.928025484085083,-0.0213739275932312,0.27574700117111206,6.617367744445801,5.019951343536377,-0.8966647386550903,3.656825304031372,-0.6322972774505615,-0.34568119049072266,-4.78778076171875,5.295208930969238,-2.531066656112671
226,-50.7017707824707,-14.303632736206055,10.497406005859375,-3.0584869384765625,-1.1139931678771973,-0.004677772521972656,58.17686462402344,-7.980288982391357,29.19220542907715,-49.92348861694336,-20.0,-0.8280491828918457,-4.910618305206299,0.12247344106435776,0.3925590515136719,12.485119819641113,3.555692434310913,-0.6586428880691528,0.995688796043396,0.35065749287605286,0.12274204194545746,1.7497267723083496,-2.7495787143707275,0.06305718421936035
227,-29.063297271728516,-6.958870887756348,4.344648361206055,-23.269161224365234,-1.4564487934112549,0.07776740193367004,27.998825073242188,-8.951955795288086,40.8177375793457,-91.31100463867188,-6.854287624359131,2.4241034984588623,-4.226920127868652,-0.4110625088214874,0.5487244725227356,5.2431559562683105,1.7196011543273926,0.26485344767570496,2.1000590324401855,0.11949554085731506,-0.18602195382118225,0.2890530228614807,-2.136348009109497,0.03808550536632538
228,-10.761680603027344,-1.3014764785766602,0.6174503564834595,-10.691412925720215,-0.8555777668952942,-0.011577427387237549,3.4344186782836914,-6.742526531219482,28.970932006835938,-68.36925506591797,2.3599557876586914,3.876889228820801,-4.168595790863037,-0.6470068097114563,0.153127059340477,0.9782858490943909,-0.18211354315280914,0.29611313343048096,2.4276061058044434,0.21734505891799927,-0.3896254301071167,-0.5701776742935181,-1.7430275678634644,-0.19828011095523834
229,3.0026702880859375,7.049413681030273,-4.048332214355469,-6.972103118896484,-0.5327677726745605,0.043280720710754395,-11.748136520385742,-15.529631614685059,19.339784622192383,-46.65060043334961,13.316827774047852,4.756030082702637,-3.202167272567749,-0.2205764800310135,-0.17702749371528625,-3.8536808490753174,-1.5398383140563965,0.8793920874595642,2.4978463649749756,0.4953010082244873,-0.3095785975456238,-1.1397557258605957,-1.4856959581375122,-0.03296631574630737
230,20.764745712280273,7.537590980529785,-4.9399542808532715,6.544429779052734,0.06254768371582031,-0.01318812370300293,-26.693161010742188,-22.08632469177246,14.774823188781738,-36.25962829589844,18.39762306213379,5.315609931945801,-1.2921724319458008,-0.11512076109647751,-0.19886532425880432,-6.400272846221924,-2.5678696632385254,1.3304146528244019,2.5626213550567627,0.3825937807559967,-0.0657116174697876,-1.2630959749221802,-1.4729689359664917,-0.15326380729675293
231,27.82204818725586,6.2534308433532715,-5.388957977294922,14.0408935546875,0.7079057693481445,-0.010753631591796875,-25.259204864501953,-7.549161911010742,1.1133449077606201,-15.02738094329834,20.0,5.728454113006592,0.4011997878551483,0.010813172906637192,-0.6411457061767578,-6.600584506988525,-0.6876608729362488,2.0944273471832275,1.4216821193695068,0.18898309767246246,-0.018788186833262444,0.969517171382904,0.011989153921604156,-0.2645738422870636
232,30.984907150268555,14.690726280212402,-9.705546379089355,10.100250244140625,0.20786690711975098,-0.08233165740966797,-29.420726776123047,-5.259021759033203,-5.527573108673096,-6.394100189208984,15.867277145385742,4.131937026977539,2.0638670921325684,0.37128934264183044,-1.3897762298583984,-9.268133163452148,-0.5693356394767761,2.0307860374450684,-1.1085323095321655,-0.4908301830291748,-0.4841887950897217,4.913642406463623,3.2210440635681152,0.5351911783218384
233,44.96798324584961,21.81150245666504,-35.37055206298828,-48.323482513427734,-20.0,13.512208938598633,-44.43434143066406,-7.387195110321045,2.0786938667297363,-7.518009185791016,-0.8622732162475586,0.02749156951904297,2.8325419425964355,0.076242595911026,0.43199458718299866,-1.5098515748977661,6.021693706512451,-2.97151780128479,-2.9202685356140137,-0.9704940319061279,1.3354768753051758,7.499949932098389,2.5597760677337646,2.8202261924743652
234,-2.7014904022216797,28.971134185791016,-43.86019515991211,-75.33707427978516,-16.148223876953125,9.485223770141602,-9.166244506835938,-0.6202173233032227,0.8454399108886719,-6.968017578125,-0.6356759071350098,-0.3678574562072754,1.384909749031067,0.10428612679243088,0.11078198999166489,1.0970537662506104,-2.7036099433898926,0.326989084482193,-3.2443602085113525,0.18362072110176086,2.1429760456085205,5.582108497619629,1.7382320165634155,1.1891165971755981
235,15.091682434082031,17.01667022705078,-35.697608947753906,-82.07574462890625,-14.143806457519531,6.07521390914917,-23.135711669921875,5.5580010414123535,-8.63796615600586,-9.769177436828613,-0.8552753925323486,-0.04368758201599121,1.9302215576171875,0.05984831973910332,-0.01901797205209732,0.25249382853507996,-2.2813267707824707,0.44178715348243713,-2.8932433128356934,-0.12628988921642303,0.6297823190689087,2.1175901889801025,0.18771864473819733,0.10546250641345978
236,-7.164702892303467,18.607995986938477,-30.01104736328125,-72.66202545166016,-9.900277137756348,3.1333556175231934,-3.033618927001953,-3.167468547821045,0.0834726095199585,-2.1098439693450928,-0.30520105361938477,0.008801490068435669,2.4008660316467285,0.06522185355424881,0.14116308093070984,-0.4429071843624115,-2.1423394680023193,0.5199421048164368,-2.2870991230010986,-0.43104615807533264,0.3139236867427826,-0.14144843816757202,-0.741231381893158,0.12588563561439514
237,-4.541364669799805,5.036426067352295,-24.837642669677734,-72.29167938232422,-1.290329933166504,1.8689528703689575,-4.593661308288574,10.17680835723877,-7.778721809387207,3.249826431274414,-0.03582620620727539,0.048039913177490234,2.9516079425811768,0.23393398523330688,0.13046859204769135,-1.0999397039413452,-1.8838732242584229,0.3038327097892761,-1.449094295501709,-0.11893679201602936,-0.8249475359916687,-1.3381850719451904,-1.1513522863388062,-0.5981386303901672
238,-19.379444122314453,7.53347635269165,-18.500577926635742,-54.48662185668945,6.154024124145508,-0.17096492648124695,2.5886635780334473,2.4953246116638184,-0.2590928077697754,4.808040618896484,0.09019994735717773,0.08226972818374634,2.5885205268859863,-0.07859820127487183,0.03667214885354042,-1.4137790203094482,-1.601832389831543,0.007756941020488739,-1.3464162349700928,-0.2604714632034302,-0.86678147315979,-1.8149137496948242,-1.43681800365448,-0.08324728906154633
239,-5.939760208129883,5.682461738586426,-12.948678016662598,-24.972084045410156,18.191396713256836,-1.6577084064483643,2.433941125869751,1.1892731189727783,1.0242722034454346,1.2956600189208984,-0.024198293685913086,-0.020601391792297363,2.6121468544006348,-0.005636736750602722,-0.025341875851154327,-1.2960104942321777,-1.45243239402771,-0.003127075731754303,-0.37155842781066895,0.12138201296329498,-0.706716775894165,-3.888153553009033,-1.947190761566162,-0.2530043423175812
240,-16.797218322753906,3.821383476257324,-4.90318489074707,-13.642666816711426,20.0,-3.869256019592285,14.524085998535156,-4.4453229904174805,3.9223289489746094,6.005283355712891,0.2092452049255371,-0.049373626708984375,1.8220325708389282,0.032420121133327484,0.0037380456924438477,0.09499550610780716,-0.549884557723999,-0.22017258405685425,0.8139522671699524,-0.2016277015209198,-0.9432029128074646,-5.49859619140625,-2.2405662536621094,-1.0718762874603271
241,-29.23537826538086,4.488142013549805,1.5769383907318115,-12.261919975280762,17.998538970947266,-4.197607517242432,30.545547485351562,-7.181969165802002,9.14915943145752,12.31216049194336,0.8094569444656372,-0.021526813507080078,0.17297491431236267,0.2546088993549347,0.10841246694326401,3.116743803024292,1.4140278100967407,-0.48643893003463745,2.2789485454559326,0.25745537877082825,0.16875243186950684,-6.534360885620117,0.9001266956329346,-1.0628501176834106
242,-51.04742431640625,-7.016613960266113,8.217382431030273,-4.606113433837891,0.5187101364135742,-0.32375526428222656,58.48506546020508,-15.888904571533203,25.5329532623291,-30.499160766601562,-16.819183349609375,-12.99245834350586,-2.6501433849334717,0.5131731033325195,0.948810875415802,7.8380351066589355,5.858426094055176,-2.1876578330993652,1.8714990615844727,-0.30474892258644104,-0.08434078097343445,-1.2213894128799438,7.345469951629639,2.1953084468841553
243,-38.38374328613281,-10.266833305358887,5.947908878326416,-10.233386993408203,-1.6237705945968628,0.23598355054855347,39.809043884277344,-7.441293716430664,35.378604888916016,-74.3572998046875,-6.664701461791992,-2.615218162536621,-4.31386137008667,-0.2404279261827469,0.4672602713108063,7.749228477478027,1.2267186641693115,-0.39527568221092224,1.096636176109314,-0.19011414051055908,-0.2949989140033722,1.4566518068313599,-2.6342179775238037,0.3519397974014282
244,-17.05113410949707,4.7684712409973145,-3.9316749572753906,-14.351140975952148,-0.6533710956573486,0.0975344181060791,14.28486442565918,-14.576836585998535,41.220699310302734,-80.1174545288086,-4.109866619110107,1.919903039932251,-3.789428472518921,-0.15875303745269775,-0.17305511236190796,2.6814615726470947,1.8425602912902832,-0.32056766748428345,1.8764145374298096,0.08211728930473328,-0.48297572135925293,0.24036265909671783,-2.047234535217285,-0.13313016295433044
245,-11.831857681274414,-2.3100051879882812,2.964198589324951,-4.904967308044434,-0.8093104362487793,0.03038555383682251,7.190786361694336,-8.352417945861816,28.587247848510742,-58.747684478759766,2.322556972503662,2.0084471702575684,-3.7085154056549072,-0.20457959175109863,0.11366339772939682,0.17779965698719025,-0.9726207852363586,0.38805824518203735,2.0986745357513428,0.14490506052970886,-0.5253262519836426,-0.24267487227916718,-1.821760654449463,-0.1250682920217514
246,4.227052688598633,6.567264556884766,-5.042738914489746,-3.157470703125,-0.30485105514526367,0.047852396965026855,-8.01650619506836,-14.004664421081543,22.675100326538086,-44.88018798828125,12.796913146972656,2.665515422821045,-2.503999710083008,-0.051744431257247925,-0.55781090259552,-3.561375617980957,-2.2552545070648193,0.7098020315170288,2.416060209274292,0.3751884698867798,-0.47950321435928345,-0.7473762631416321,-1.7028555870056152,0.04492074251174927
247,25.729583740234375,10.066365242004395,-7.261569976806641,4.803920745849609,0.19677305221557617,0.03514289855957031,-35.12812805175781,-15.086596488952637,14.138360977172852,-33.649898529052734,16.638097763061523,3.281338930130005,-0.4118335247039795,0.22730067372322083,-0.7569329142570496,-7.147958278656006,-2.612344741821289,1.1908481121063232,2.2907400131225586,0.3474963307380676,-0.2562215328216553,-0.8765293955802917,-1.5489524602890015,-0.13466447591781616
248,27.17340660095215,0.7912694215774536,-1.0693027973175049,17.14055061340332,0.6878619194030762,0.01383829116821289,-29.68801498413086,-4.785130977630615,0.9644964337348938,-18.33465576171875,19.737524032592773,4.138587951660156,0.5938953757286072,0.16653916239738464,-0.7122061848640442,-6.245975971221924,-1.254920482635498,2.9643044471740723,0.5902066826820374,0.23200204968452454,0.06731431186199188,1.4261598587036133,-0.35632631182670593,-0.33514225482940674
249,42.07622528076172,20.55478858947754,-32.206260681152344,-51.010520935058594,-20.0,5.154506683349609,-42.48316955566406,0.17923641204833984,-5.574939250946045,3.5615806579589844,2.987898826599121,0.751710057258606,2.4918010234832764,0.33830487728118896,0.45060843229293823,-1.8609654903411865,8.819613456726074,0.21676337718963623,-1.9194726943969727,-0.5578677654266357,0.04345395043492317,7.983392238616943,5.68654203414917,1.1616859436035156
250,22.108055114746094,27.773475646972656,-43.85956573486328,-79.46286010742188,-10.545727729797363,5.452173709869385,-30.045455932617188,-0.1345212459564209,-0.3318443298339844,-9.062431335449219,-1.4654760360717773,-0.1472405195236206,1.6296710968017578,0.025378994643688202,0.3792859613895416,0.6941500306129456,-2.5232760906219482,0.6552658081054688,-3.035310983657837,0.3167048692703247,1.454639196395874,7.414127826690674,1.6361083984375,0.8938463926315308
251,7.678325653076172,25.200803756713867,-43.71746826171875,-80.75167083740234,-9.48930549621582,3.4682610034942627,-21.097482681274414,-4.7276291847229,-0.44678354263305664,-13.59314250946045,-0.8010067939758301,-0.05115079879760742,1.7339153289794922,0.11754931509494781,0.25346723198890686,-0.04999271780252457,-2.1616480350494385,0.7610028386116028,-3.0266242027282715,0.31153926253318787,0.9931477904319763,3.138911008834839,1.5347198247909546,1.1179312467575073
252,9.821608543395996,13.538413047790527,-35.84034729003906,-75.11177825927734,-5.172091484069824,2.1062469482421875,-17.501708984375,0.2380070835351944,-3.7310938835144043,-3.4790658950805664,-0.5721094608306885,-0.08214321732521057,2.256714105606079,0.10776224732398987,0.43620365858078003,-0.7167363166809082,-1.9051707983016968,0.762565016746521,-2.985413074493408,-0.006929291412234306,0.3150898516178131,1.6130025386810303,0.3703019320964813,0.18736553192138672
253,-12.459583282470703,5.302704811096191,-22.541500091552734,-61.903865814208984,-1.0395729541778564,0.9481836557388306,1.6531553268432617,4.297301292419434,-2.9142966270446777,-0.4518861770629883,-0.19687461853027344,0.02397674322128296,2.4286582469940186,-0.08295786380767822,0.3279809057712555,-1.212859034538269,-1.7071123123168945,0.29718369245529175,-2.276141405105591,-0.05453164130449295,-0.17256379127502441,-0.05366886034607887,-0.5774650573730469,0.2673426866531372
254,-7.6901044845581055,10.500301361083984,-21.989734649658203,-59.12403106689453,6.615821361541748,-1.7424548864364624,-1.7183518409729004,2.9150006771087646,-4.067048072814941,0.553654670715332,-0.17290306091308594,0.017671048641204834,2.8022990226745605,0.12155061960220337,0.37982460856437683,-1.6836192607879639,-1.4899983406066895,0.4398178458213806,-1.3590428829193115,0.012699555605649948,-1.2662407159805298,-2.1941709518432617,-1.433495283126831,-0.4055051803588867
255,-9.942056655883789,10.230475425720215,-20.82138442993164,-44.11176300048828,19.631372451782227,-4.521365642547607,-2.5224523544311523,1.1478674411773682,1.6806151866912842,4.539463996887207,-0.008306026458740234,-0.02252495288848877,2.536595582962036,-0.213322713971138,0.10176976025104523,-1.9764306545257568,-1.2109594345092773,0.11562644690275192,-1.1598098278045654,0.04178953915834427,-0.9242843389511108,-2.8498058319091797,-2.1791880130767822,-0.8938207626342773
256,-7.9249587059021,10.223751068115234,-13.49620246887207,-16.506988525390625,20.0,-5.337539196014404,7.751010417938232,-5.4397196769714355,5.045045852661133,2.3692684173583984,0.051320552825927734,0.045385122299194336,2.726998805999756,-0.12677785754203796,-0.018438447266817093,-1.8253378868103027,-1.1352906227111816,-0.5835954546928406,0.3290787935256958,0.0002716612070798874,-0.7684100866317749,-5.234442710876465,-2.946680784225464,-0.5363068580627441
257,-8.591012954711914,3.8463006019592285,0.24657529592514038,-0.17012643814086914,20.0,-4.006455421447754,12.239920616149902,-5.377400875091553,4.087689399719238,8.148687362670898,0.4819786548614502,-0.01969456672668457,1.1463576555252075,0.20909641683101654,0.1992679089307785,1.5386793613433838,0.38341590762138367,-2.2605068683624268,1.132682204246521,-0.15017305314540863,-0.8191720247268677,-5.892784118652344,-1.5273960828781128,-1.2206367254257202
258,-50.8687744140625,-7.307802200317383,8.990909576416016,-3.2974510192871094,10.385534286499023,-2.2982430458068848,61.4520263671875,-13.702186584472656,17.294780731201172,16.693191528320312,0.9594059586524963,-0.10453987121582031,-2.6831350326538086,-0.04636012390255928,0.23267407715320587,8.078322410583496,6.58675479888916,-1.458601713180542,3.6787986755371094,-0.5270974040031433,0.4291486144065857,-7.2323808670043945,0.49603861570358276,-1.4856469631195068
259,-46.93138885498047,-1.7741961479187012,2.2844700813293457,-11.51791000366211,-1.547156810760498,0.1831875443458557,52.06279754638672,-14.260929107666016,35.57529067993164,-47.140682220458984,-20.0,-2.3169591426849365,-4.813350677490234,0.1617468148469925,-0.25464683771133423,9.579687118530273,3.82826566696167,-0.18373838067054749,1.746931552886963,0.0727539137005806,0.32860642671585083,-0.5043095946311951,6.158576011657715,0.41474857926368713
260,-21.285377502441406,-4.550042629241943,3.512924909591675,-16.624237060546875,-1.2848795652389526,-0.011555582284927368,26.137985229492188,-14.567720413208008,40.39578628540039,-78.88619232177734,-6.446001052856445,0.006128430366516113,-3.955972194671631,-0.1409197747707367,0.03367048129439354,4.057569980621338,1.2763679027557373,-0.20627234876155853,1.9648932218551636,-0.06000003218650818,0.0856161117553711,0.8645815253257751,-2.5791428089141846,0.28456592559814453
261,-6.834226608276367,0.38478466868400574,1.1560510396957397,-5.789928913116455,-0.4941728115081787,0.017345130443572998,-2.530466079711914,-13.175437927246094,33.68882369995117,-79.38321685791016,-0.03605461120605469,3.461451530456543,-3.959587335586548,-0.06265424191951752,0.1888684630393982,0.8261817693710327,0.9628540873527527,0.18543922901153564,2.1960153579711914,-0.10609306395053864,-0.12450399994850159,-0.007419286295771599,-2.125728130340576,-0.02477601170539856
262,0.4882659912109375,0.5733792781829834,-0.25053733587265015,-1.1082653999328613,-0.49886107444763184,-0.0005445480346679688,-4.173159599304199,-9.462279319763184,23.075519561767578,-62.21178436279297,10.360061645507812,4.8489460945129395,-3.08931827545166,0.3862472474575043,0.07628519833087921,-1.7875789403915405,-1.1434510946273804,0.46715304255485535,2.6202080249786377,0.30055463314056396,-0.28113728761672974,-0.895952582359314,-1.8852218389511108,0.28648027777671814
263,16.17974853515625,-0.4306609630584717,-2.7763590812683105,0.3280906677246094,-0.23195743560791016,0.08507871627807617,-25.93952178955078,-12.155668258666992,10.914474487304688,-39.399654388427734,17.519805908203125,3.3385987281799316,-1.5015324354171753,-0.37432408332824707,-0.6634202599525452,-5.754940509796143,-3.116161346435547,1.656738042831421,2.6020889282226562,0.22783607244491577,-0.058483146131038666,-1.115217924118042,-1.6419228315353394,0.20724350214004517
264,13.359540939331055,4.072675704956055,-0.293595552444458,10.495893478393555,0.5078375339508057,-0.13610601425170898,-14.185737609863281,-12.327203750610352,4.996373176574707,-19.381567001342773,20.0,5.347790241241455,-0.2824462950229645,0.022933006286621094,0.051492784172296524,-6.52022123336792,-1.4691880941390991,2.1356723308563232,2.4445409774780273,0.10232637822628021,-4.2770960135385394e-05,-0.6317472457885742,-1.5743398666381836,0.3878619968891144
265,28.521350860595703,9.133248329162598,-8.256447792053223,11.090431213378906,0.27918505668640137,-0.03958702087402344,-21.025876998901367,-1.9444167613983154,-4.402192115783691,0.9899272918701172,20.0,4.313875198364258,1.4947794675827026,0.08139190077781677,-0.7237329483032227,-8.071464538574219,-1.807026982307434,2.8230559825897217,-0.3156560957431793,-0.27746644616127014,0.3418411314487457,4.353396892547607,2.022099018096924,0.7639469504356384
266,50.75757598876953,21.581571578979492,-36.701385498046875,-48.24210739135742,-18.286678314208984,12.129032135009766,-57.09749984741211,2.6552491188049316,-6.814887523651123,-7.55950927734375,-0.3894844055175781,0.056272268295288086,2.6869261264801025,0.18903852999210358,-0.031754035502672195,-1.5714434385299683,7.108928203582764,-2.906384229660034,-2.808751106262207,-0.2662559747695923,0.44710665941238403,7.307063102722168,5.031109809875488,1.5663541555404663
267,4.081989288330078,30.515748977661133,-43.491905212402344,-71.91596221923828,-11.153493881225586,7.876646041870117,-12.689874649047852,-10.44221305847168,7.001239776611328,-8.5772705078125,-1.2243422269821167,-0.27731072902679443,1.4820798635482788,-0.02307925373315811,0.32351207733154297,1.0241585969924927,-2.7401909828186035,0.45028024911880493,-3.303924798965454,0.041054755449295044,1.9706223011016846,5.63985538482666,1.298940896987915,0.810808539390564
268,7.949951171875,27.3646183013916,-45.421241760253906,-93.36199951171875,-16.487577438354492,4.623875141143799,-18.0858211517334,0.3298473656177521,-4.090022087097168,-4.968393325805664,-0.5055505037307739,-0.019951224327087402,1.8445472717285156,-0.04813399910926819,0.06367143243551254,0.282143235206604,-2.43135142326355,0.8534872531890869,-3.2168760299682617,-0.03882542997598648,1.0904141664505005,3.8408753871917725,0.9125341176986694,0.6652792692184448
269,-1.4690141677856445,17.751388549804688,-33.62622833251953,-81.13475799560547,-10.844478607177734,1.3370407819747925,-6.89288330078125,-0.2569000720977783,-2.9792370796203613,-4.084949493408203,-0.38809317350387573,-0.02281588315963745,2.4936015605926514,-0.03461962193250656,0.07280716300010681,-0.5063523650169373,-2.1928021907806396,0.8522015810012817,-2.397963047027588,-0.45106104016304016,0.15274514257907867,1.3247010707855225,0.24587774276733398,0.18539826571941376
270,-2.369474411010742,6.39400053024292,-27.35367202758789,-71.60566711425781,-4.342459678649902,2.2832140922546387,-11.188932418823242,7.865588665008545,-6.938863277435303,1.2979464530944824,-0.1896279752254486,0.06441570818424225,2.6150944232940674,0.2346511334180832,0.2548685669898987,-0.9550262093544006,-1.9317564964294434,0.40800464153289795,-2.652195453643799,-0.04590708762407303,-0.5841113924980164,0.7338034510612488,-0.03595324233174324,-0.007436489686369896
271,-7.962316989898682,3.210850954055786,-20.940414428710938,-59.314796447753906,2.065849542617798,0.8759635090827942,-2.3973073959350586,2.560042381286621,-1.083150863647461,-1.6835217475891113,-0.33364081382751465,0.006417363882064819,2.8761098384857178,-0.08838638663291931,0.19548194110393524,-1.567823052406311,-1.5821001529693604,0.3036819100379944,-1.8402018547058105,-0.30819329619407654,-0.8738077878952026,-1.5057135820388794,-1.5932780504226685,-0.19919148087501526
272,-10.769012451171875,1.504637598991394,-16.844459533691406,-46.26404571533203,11.592523574829102,-0.633220911026001,-0.1755070686340332,8.601903915405273,-3.6589365005493164,3.5371694564819336,0.05377912521362305,0.01696324348449707,2.803478956222534,-0.24653156101703644,-0.10462922602891922,-1.9784462451934814,-1.5188686847686768,-0.18779818713665009,-1.2937984466552734,0.19073982536792755,-1.029627799987793,-2.64489483833313,-2.026402711868286,-0.704093337059021
273,1.364546775817871,2.8598062992095947,-9.191425323486328,-27.238006591796875,20.0,-4.4646759033203125,-4.873021125793457,4.897297382354736,-2.9381961822509766,2.808818817138672,0.10950803756713867,0.07083284854888916,3.0524613857269287,-0.18151861429214478,0.11609136313199997,-2.025820255279541,-1.1503729820251465,-0.14263448119163513,-0.7357366681098938,0.6172304749488831,-0.9423383474349976,-4.0601325035095215,-1.2999521493911743,-0.9847532510757446
274,-11.544039726257324,8.1874361038208,-8.99885082244873,-13.32491397857666,20.0,-4.314708709716797,6.904571056365967,-4.268118858337402,3.7539162635803223,5.974346160888672,0.05501151084899902,0.043821096420288086,2.445612907409668,-0.11741912364959717,-0.05834982544183731,-1.1017546653747559,-1.0707911252975464,-1.7441059350967407,-0.04767579585313797,0.4794188439846039,-0.7722246646881104,-5.098858833312988,-1.834167242050171,-1.086677074432373
275,-24.562585830688477,-1.7438654899597168,4.044983863830566,-5.596903324127197,20.0,-4.193943023681641,28.673259735107422,-8.64935302734375,7.509644508361816,10.081756591796875,0.532884955406189,0.003545522689819336,0.4619629681110382,-0.2282143235206604,0.2750841975212097,2.9116644859313965,1.6107004880905151,-1.7962335348129272,1.412245273590088,-0.11932863295078278,-0.5951424837112427,-6.316908836364746,-0.479026198387146,-1.5874521732330322
276,-63.64971923828125,-0.03328990936279297,6.313488960266113,-7.9291534423828125,3.3483238220214844,-0.724215030670166,71.6046142578125,-17.788969039916992,21.683494567871094,20.511573791503906,0.9382264614105225,-0.1133115291595459,-3.614382266998291,0.4170478880405426,0.9798819422721863,9.044661521911621,7.819464683532715,-2.1160945892333984,1.9704657793045044,-0.8567630648612976,-0.796227753162384,-1.9753482341766357,8.82972240447998,-7.679280757904053
277,-42.231285095214844,-5.277763843536377,3.82110857963562,-12.325862884521484,-1.8885750770568848,0.2279607057571411,50.00340270996094,-12.94215202331543,39.639644622802734,-49.20597457885742,-20.0,-7.112041473388672,-5.28062105178833,-0.17051458358764648,-0.14770841598510742,9.306066513061523,2.9427061080932617,-0.7970171570777893,2.055922031402588,-0.3873361051082611,0.24021032452583313,-1.2229108810424805,8.634127616882324,0.7704447507858276
278,-11.312664031982422,-1.2812901735305786,-0.3688812851905823,-15.687541007995605,-1.0096216201782227,0.12185525894165039,14.14639949798584,-11.192815780639648,43.24425506591797,-88.08029174804688,-11.30237865447998,-0.10992245376110077,-3.98466420173645,-0.1939886212348938,0.020670123398303986,3.0984880924224854,1.5479882955551147,-0.29544156789779663,1.7767287492752075,-0.2377009391784668,-0.057201534509658813,1.0428680181503296,-2.711534023284912,0.11017590761184692
279,-2.4403152465820312,-1.062756061553955,0.6555646657943726,-2.1754751205444336,-0.5422460436820984,0.08555805683135986,0.6109886169433594,-11.48370361328125,31.632213592529297,-81.29019165039062,-4.409121990203857,5.1637115478515625,-3.380807638168335,0.08562220633029938,-0.1291339099407196,0.7385668158531189,-0.5127466320991516,0.8403856754302979,2.4390671253204346,0.15381449460983276,-0.21808376908302307,-0.028358832001686096,-2.2006425857543945,-0.1281193047761917
280,-2.427288055419922,-0.5645112991333008,2.9389774799346924,-0.7541084289550781,-0.20865345001220703,-0.0878458023071289,-3.04135799407959,-16.417200088500977,22.410449981689453,-57.24958801269531,8.064241409301758,6.691195011138916,-3.147704839706421,-0.011754987761378288,0.5334569811820984,-1.681290864944458,-0.6882519125938416,1.5255521535873413,2.4762260913848877,-0.03980650007724762,-0.17909660935401917,-0.41620874404907227,-1.991926908493042,0.20785129070281982
281,14.315946578979492,1.9130433797836304,-3.212005138397217,4.213010787963867,0.03241753578186035,-0.1091923713684082,-21.2563419342041,-10.111021041870117,13.782098770141602,-42.16012954711914,14.714822769165039,6.563710689544678,-2.0506935119628906,-0.051296915858983994,0.061054330319166183,-3.5230231285095215,-1.259068489074707,1.0594474077224731,2.465348482131958,0.08973367512226105,-0.21358540654182434,-0.7253373861312866,-1.8276299238204956,-0.06615108251571655
282,20.575210571289062,5.050205707550049,-6.26507568359375,2.052082061767578,-0.06666326522827148,0.03867197036743164,-22.193695068359375,-5.00453519821167,4.376018047332764,-16.247119903564453,17.973003387451172,4.868441581726074,-0.09448252618312836,-0.15691328048706055,-0.5875499248504639,-7.2474188804626465,-2.482280969619751,1.8650574684143066,1.5805637836456299,0.057501450181007385,0.015148118138313293,0.5084708333015442,-0.6584362983703613,-0.5825306177139282
283,25.071807861328125,8.452116012573242,-5.9184088706970215,13.812389373779297,0.439974308013916,-0.009381771087646484,-23.95621109008789,-8.384881973266602,1.5075652599334717,-14.558239936828613,17.50185775756836,4.561493873596191,1.401541829109192,0.1526837795972824,-0.8162441253662109,-7.855557441711426,-2.3140175342559814,3.424565553665161,0.2170853465795517,-0.18608789145946503,0.1278572827577591,2.826107978820801,0.6318031549453735,0.7410740852355957
284,41.43459701538086,17.737276077270508,-34.12556838989258,-40.272274017333984,-19.944597244262695,11.026439666748047,-40.39165115356445,-9.953365325927734,2.706843376159668,-8.105936050415039,4.5080885887146,0.9060020446777344,2.4167890548706055,0.6014177799224854,0.45709946751594543,-1.865986704826355,7.930600643157959,-2.6793315410614014,-1.3704062700271606,-0.8780018091201782,0.48150473833084106,5.5640668869018555,3.308425188064575,2.448458194732666
285,18.258502960205078,25.767688751220703,-40.650856018066406,-65.46937561035156,-7.358924388885498,7.383566856384277,-22.691789627075195,1.602881669998169,-1.662367343902588,-3.3977928161621094,-0.7951366901397705,-0.29704761505126953,1.188286304473877,-0.02729245275259018,0.17340363562107086,1.5373411178588867,-2.7080254554748535,0.3161798417568207,-2.9149560928344727,-0.04984422028064728,1.5479059219360352,7.115200519561768,1.2134730815887451,1.04281747341156
286,8.148754119873047,21.22092056274414,-38.79851531982422,-80.37206268310547,-13.059975624084473,7.328464508056641,-15.126246452331543,-1.8908815383911133,-1.406083106994629,-10.225131034851074,-0.7409923076629639,-0.09522843360900879,1.8729770183563232,-0.04314516484737396,0.2319374829530716,0.587778627872467,-2.462616443634033,0.3925442695617676,-2.2815840244293213,-0.1791590303182602,1.2916938066482544,3.7910587787628174,-0.44562846422195435,0.6233431696891785
287,-7.4763922691345215,16.356046676635742,-32.654170989990234,-78.82511138916016,-10.076841354370117,3.2715811729431152,-8.527360916137695,4.429656505584717,-5.648990631103516,-4.94505500793457,-0.16937553882598877,-0.007645785808563232,1.8766062259674072,0.1979706585407257,0.07311640679836273,-0.00570293515920639,-2.230679988861084,0.27753883600234985,-2.1387996673583984,0.21349763870239258,0.3981631100177765,0.9679471850395203,0.4662006199359894,0.10619247704744339
288,4.711518287658691,8.710113525390625,-27.021087646484375,-71.09481811523438,-6.70235538482666,4.742897987365723,-12.859522819519043,3.5693140029907227,-4.35830545425415,-0.4956057667732239,-0.39357447624206543,0.056996554136276245,2.4560744762420654,0.017722398042678833,0.2742108702659607,-0.6818711757659912,-1.8671272993087769,0.31654566526412964,-1.7232520580291748,-0.10867743194103241,-0.1262884885072708,-0.29142308235168457,-0.9710429310798645,0.2169639766216278
289,-20.727624893188477,10.647525787353516,-23.182140350341797,-60.421226501464844,-1.523388385772705,3.514611005783081,4.867292881011963,2.2862753868103027,-0.6896438598632812,2.466279983520508,0.025667667388916016,-0.013415917754173279,2.2974720001220703,-0.04099306836724281,0.018350614234805107,-1.0124374628067017,-1.6819796562194824,-0.15810135006904602,-1.0650204420089722,0.008855758234858513,-0.489926815032959,-1.7934354543685913,-1.5159721374511719,0.10286709666252136
290,-17.75238037109375,16.263303756713867,-20.048063278198242,-50.590431213378906,7.463807582855225,-0.17009469866752625,5.898719310760498,-6.3502655029296875,3.8842952251434326,4.311761856079102,0.06969976425170898,-0.028466463088989258,2.4527084827423096,-0.1818612515926361,0.10691333562135696,-1.3591668605804443,-1.544520616531372,-0.05222187936306,-0.2097301185131073,-0.5337839722633362,-0.6337253451347351,-2.9570398330688477,-2.349088668823242,0.08499277383089066
291,-15.124078750610352,6.176358699798584,-3.6951704025268555,-16.018400192260742,14.679184913635254,-0.7143771648406982,7.87085485458374,-1.6486268043518066,3.03507661819458,2.6135215759277344,0.06139421463012695,-0.07396197319030762,2.130129814147949,-0.14847956597805023,0.15788516402244568,-1.0232384204864502,-1.5322233438491821,-0.2387746423482895,0.5026155710220337,-0.27043792605400085,-0.2789863348007202,-4.96111536026001,-3.2851786613464355,-0.40747442841529846
292,-21.590850830078125,-0.1709606647491455,3.7201054096221924,-4.173778533935547,17.662242889404297,-1.4067515134811401,24.318363189697266,-4.415617942810059,6.0570878982543945,6.973106384277344,0.7959150075912476,-0.04632103443145752,-0.11032011359930038,0.033614300191402435,-0.019860491156578064,2.7004714012145996,1.0446507930755615,-0.4139934778213501,2.1215803623199463,-0.29500478506088257,-0.144794300198555,-7.608895301818848,0.34663209319114685,-0.608974277973175
293,-44.85893630981445,-7.608602046966553,7.2833733558654785,-1.289520263671875,0.5061531066894531,-0.20572423934936523,58.20451736450195,-8.348329544067383,26.016538619995117,-33.792266845703125,-17.317420959472656,11.141412734985352,-1.9552853107452393,0.49747970700263977,0.5119997262954712,7.875960350036621,5.263227462768555,-1.239180326461792,2.854719400405884,0.2010844349861145,-0.4443280100822449,-2.22589111328125,8.502453804016113,-4.634716033935547
294,-26.061870574951172,-9.395657539367676,5.877371788024902,-7.143314361572266,-1.257371187210083,0.09254693984985352,20.4984073638916,-10.62860107421875,33.887718200683594,-85.76290130615234,-10.022014617919922,-1.2475355863571167,-3.1204469203948975,-0.1988981068134308,0.01707175374031067,7.885157585144043,2.0295913219451904,-0.6492422223091125,1.634732723236084,-0.02653646469116211,-0.4710119962692261,0.8592720031738281,-2.594104528427124,0.47524985671043396
295,-39.90904235839844,-5.475905418395996,5.659147262573242,-16.613868713378906,-1.1850427389144897,0.06844782829284668,37.34619140625,-10.277676582336426,34.47824478149414,-68.08598327636719,2.8124547004699707,3.23028826713562,-3.9460909366607666,-0.41898784041404724,0.2645566165447235,4.056724548339844,0.5723538994789124,0.5264174342155457,2.0227410793304443,0.1338154673576355,-0.6738564968109131,-0.029923081398010254,-1.917041540145874,0.032623812556266785
296,-9.692323684692383,3.042733669281006,-2.130979061126709,-9.490911483764648,-0.6401159763336182,-0.013668656349182129,2.609395980834961,-9.304624557495117,31.5543212890625,-57.269798278808594,3.4268295764923096,3.683136224746704,-3.4794819355010986,-0.31961989402770996,0.22008180618286133,0.0029341652989387512,-0.792414128780365,0.5534918904304504,2.1309943199157715,0.3492116332054138,-0.48031413555145264,-0.5138486623764038,-1.619436502456665,0.003934994339942932
297,8.404600143432617,3.22748064994812,-2.7921547889709473,1.2812719345092773,0.04855608940124512,0.010024070739746094,-17.472434997558594,-12.931092262268066,25.309093475341797,-55.4442138671875,12.143654823303223,4.897921085357666,-2.4995739459991455,-0.32938554883003235,-0.07447762787342072,-2.323528528213501,-0.45800119638442993,1.0052571296691895,2.2682011127471924,0.46422529220581055,-0.32886892557144165,-0.972133219242096,-1.5210860967636108,0.032646358013153076
298,4.174317359924316,-2.445037364959717,2.3962011337280273,4.3134918212890625,-0.06524074077606201,-0.05507707595825195,-8.068035125732422,-10.56357192993164,14.009485244750977,-43.818050384521484,20.0,5.097928524017334,-1.4701571464538574,-0.5479649305343628,-0.05887047201395035,-4.013960838317871,-0.9112658500671387,2.0261521339416504,2.643237829208374,0.49334466457366943,-0.38874146342277527,-1.380259394645691,-1.3271119594573975,-0.08927905559539795
299,18.461233139038086,11.634105682373047,-7.356267929077148,6.360315322875977,0.07762932777404785,-0.17320871353149414,-21.87128257751465,-20.55520248413086,12.501701354980469,-20.90196418762207,20.0,5.424188613891602,0.06991786509752274,-0.15641286969184875,-0.1859254390001297,-6.150455951690674,-1.5621309280395508,0.8818341493606567,1.9412370920181274,0.3937910795211792,-0.12062793970108032,-0.34127289056777954,-0.4680534601211548,-0.7431471347808838
300,33.714141845703125,22.406757354736328,-16.472763061523438,5.964256286621094,0.027866363525390625,0.17824554443359375,-29.25876235961914,-4.882812976837158,-2.0119621753692627,5.017692565917969,14.060297012329102,3.4903225898742676,1.9229053258895874,1.2888293266296387,-0.1845625638961792,-2.9398465156555176,8.147552490234375,-2.7128515243530273,-1.401412010192871,0.3049524426460266,0.2523450255393982,5.86264181137085,4.349591255187988,0.37695592641830444
301,33.479103088378906,27.982467651367188,-46.675567626953125,-62.8467903137207,-20.0,7.176333427429199,-37.893882751464844,-6.420137405395508,2.893589973449707,-3.9434280395507812,-0.9273843765258789,-0.03432440757751465,1.2203658819198608,-0.2725089490413666,-0.057225972414016724,1.0989630222320557,-2.4245572090148926,0.30523166060447693,-3.388766288757324,-0.37184005975723267,1.5431623458862305,9.111425399780273,3.2706549167633057,1.6205500364303589
302,26.165916442871094,26.55605697631836,-44.47492599487305,-86.15252685546875,-14.380271911621094,3.8679912090301514,-32.8667106628418,1.8885339498519897,-5.622322082519531,-13.48147201538086,-1.1377689838409424,-0.09834885597229004,1.8548563718795776,-0.03416652977466583,0.1289886087179184,0.19107148051261902,-2.263545036315918,0.8021093606948853,-3.7903244495391846,-0.06925012171268463,1.3722678422927856,6.00943660736084,1.8946316242218018,1.3263245820999146
303,-4.859148979187012,20.08245849609375,-39.24076843261719,-78.1943130493164,-17.192184448242188,3.777998447418213,-7.281379699707031,-3.881716728210449,0.7598662376403809,-9.915125846862793,-0.5965075492858887,-0.11927533149719238,2.205462694168091,0.025249671190977097,0.018531009554862976,-0.4651910960674286,-2.0586001873016357,0.8122681975364685,-3.1260294914245605,-0.10702447593212128,1.2264128923416138,1.9813573360443115,1.7214584350585938,1.3279955387115479
304,-11.406503677368164,13.698311805725098,-30.279644012451172,-79.64323425292969,-11.659448623657227,1.9413981437683105,-3.5285730361938477,4.3161516189575195,-6.167845249176025,-1.2430751323699951,-0.47394347190856934,-0.04469561576843262,2.3866779804229736,0.17927385866641998,-0.13467031717300415,-1.012960433959961,-1.8014633655548096,0.6484421491622925,-2.5534839630126953,-0.21138061583042145,-0.2129402756690979,-0.2224666327238083,0.20534013211727142,0.6941134333610535
305,-4.807399749755859,2.999495506286621,-20.54338264465332,-64.88524627685547,-2.3477425575256348,-1.3832921981811523,-6.042771339416504,8.648255348205566,-6.965278148651123,3.752746820449829,-0.2011570930480957,-0.015076100826263428,2.606788158416748,0.22634896636009216,0.0014948025345802307,-1.433618426322937,-1.5744941234588623,0.5776072144508362,-2.3219614028930664,-0.1467350572347641,-1.15584135055542,-0.5718522667884827,-1.197510004043579,-0.310795396566391
306,-14.33011245727539,-1.2713087797164917,-16.244848251342773,-51.99146270751953,6.598083019256592,-4.207790851593018,2.377017021179199,7.55613899230957,-3.0642433166503906,4.684462547302246,0.18431508541107178,0.02744424343109131,2.599710464477539,0.08834096789360046,0.09834462404251099,-1.8020703792572021,-1.4375247955322266,0.3939213752746582,-2.053260564804077,0.17542600631713867,-1.196977972984314,-0.8313354253768921,-1.0346510410308838,-0.7850887775421143
307,-2.1282615661621094,4.605600833892822,-11.483970642089844,-27.538524627685547,18.764005661010742,-5.955018997192383,-1.2687616348266602,-2.8283677101135254,2.3082520961761475,-1.0429000854492188,-0.1860637664794922,0.05842232704162598,2.7732231616973877,-0.26355066895484924,0.1711321622133255,-2.0903549194335938,-1.156039834022522,0.23618200421333313,-1.3362609148025513,-0.2583698332309723,-1.0201442241668701,-2.8540408611297607,-1.9824975728988647,-0.5874308943748474
308,-4.026339530944824,9.927078247070312,-10.129371643066406,-17.8645076751709,20.0,-6.032222270965576,0.6710231304168701,-1.1686688661575317,2.0463826656341553,0.4276924133300781,0.003674030303955078,0.002909064292907715,2.477379322052002,0.09996137022972107,0.01999775692820549,-1.5091276168823242,-1.2188442945480347,-2.2785394191741943,-0.43168726563453674,0.30926889181137085,-0.8446357250213623,-5.797265529632568,-1.5029323101043701,-0.9295271039009094
309,-19.86309051513672,6.574983596801758,-5.212582111358643,-11.191173553466797,20.0,-3.889552593231201,21.867277145385742,-4.564667701721191,5.063828468322754,12.998477935791016,0.3302788734436035,0.0069980621337890625,1.566163182258606,0.13981300592422485,-0.1539677083492279,0.43357235193252563,-0.35881078243255615,-2.986398220062256,1.0720595121383667,-0.23849043250083923,-1.2161729335784912,-5.444050312042236,-2.408052921295166,-1.6595278978347778
310,-34.38301086425781,-0.6582310199737549,6.931319236755371,-3.648273468017578,18.644737243652344,-3.538135528564453,44.286521911621094,-13.748689651489258,16.13425064086914,11.119413375854492,0.8470346927642822,-0.0318148136138916,-1.522683024406433,0.497316837310791,0.49255669116973877,6.208111763000488,4.665128231048584,-1.8220595121383667,3.355282783508301,-0.20694895088672638,0.178750678896904,-8.05936050415039,0.4921473562717438,-1.4711533784866333
311,-48.25898742675781,1.258284330368042,0.9677048325538635,-10.95302963256836,-0.9601564407348633,0.1269540786743164,51.06621170043945,-6.002830505371094,50.77149963378906,-24.562376022338867,-20.0,-1.566429853439331,-4.176644802093506,0.5148136615753174,0.1475546956062317,8.832172393798828,5.112491607666016,-1.7811048030853271,1.2462289333343506,-0.5021499395370483,-0.0767853856086731,-0.8166730403900146,8.252321243286133,2.6203088760375977
312,-32.29138946533203,-3.203242301940918,2.32071852684021,-15.90914535522461,-1.621324062347412,0.25866153836250305,37.86833190917969,-13.716705322265625,38.310916900634766,-47.58613967895508,-19.819705963134766,-3.3715078830718994,-4.683752536773682,-0.13048122823238373,-0.5770021080970764,5.88414192199707,0.6428050994873047,0.22850735485553741,1.7971551418304443,0.12235928326845169,0.8197840452194214,-0.509911835193634,5.41771936416626,1.748801350593567
313,-3.3079605102539062,-0.4239702522754669,0.5797567963600159,-9.262730598449707,-0.4281313419342041,-0.012464642524719238,1.404808521270752,-12.05090618133545,31.499065399169922,-73.54513549804688,-10.105852127075195,-0.7319101095199585,-3.760819911956787,0.0018218234181404114,-0.06571036577224731,1.4271851778030396,0.5819244980812073,0.3327241837978363,1.3329010009765625,-0.23854300379753113,0.2421746551990509,1.4191588163375854,-2.699740409851074,0.2893189787864685
314,-1.8094978332519531,-4.663435459136963,3.5120232105255127,0.7196937203407288,-0.37769246101379395,-0.0089569091796875,-0.17148876190185547,-8.769760131835938,23.638717651367188,-73.71942901611328,3.4977407455444336,3.2521326541900635,-3.2365407943725586,0.16188575327396393,-0.05363873392343521,-0.3584005534648895,-1.2155256271362305,1.327504277229309,2.0036919116973877,-0.0034810900688171387,-0.09759438037872314,0.4041414260864258,-2.2690627574920654,0.028932183980941772
315,6.517446994781494,-2.90134596824646,2.113828659057617,3.0162229537963867,0.17507997155189514,-0.14750003814697266,-11.318052291870117,-10.6918363571167,17.65840721130371,-53.77096939086914,11.658134460449219,2.2244837284088135,-2.47477650642395,-0.026370123028755188,0.22493703663349152,-2.1514699459075928,-0.17857101559638977,1.1161484718322754,2.0406289100646973,-0.016426295042037964,0.03018660843372345,0.09624172002077103,-1.896404504776001,0.3770146071910858
316,10.12753677368164,-0.06657363474369049,-0.49229514598846436,4.162120819091797,-0.11310911178588867,-0.05346512794494629,-12.169112205505371,-10.133045196533203,11.169532775878906,-35.030216217041016,20.0,2.721381664276123,-1.3132818937301636,-0.017371978610754013,0.30669400095939636,-4.041184902191162,-1.3397644758224487,1.7723515033721924,2.163273572921753,0.08925843238830566,0.14933811128139496,-0.17333103716373444,-1.9941085577011108,0.17679238319396973
317,22.2782039642334,8.130304336547852,-7.525520324707031,3.9886627197265625,0.015325069427490234,-0.04291725158691406,-23.21709632873535,-6.915368556976318,2.1677236557006836,-18.632110595703125,20.0,4.1118268966674805,0.6606281399726868,0.14323082566261292,-0.3695049285888672,-7.657571792602539,-2.3532817363739014,2.108769178390503,1.2018917798995972,0.10143402963876724,0.30655771493911743,1.2454649209976196,-0.5614184141159058,-0.2867524027824402
318,37.95943832397461,17.316295623779297,-30.679174423217773,-44.56901931762695,-20.0,8.549156188964844,-34.2337760925293,-1.0825085639953613,-6.112476825714111,3.819194793701172,6.583406448364258,1.5547904968261719,2.736550807952881,0.8083968758583069,0.474825918674469,-1.916697382926941,8.760772705078125,-0.4939614534378052,-0.9981039762496948,-0.16012631356716156,0.2688666582107544,7.030002117156982,4.172550201416016,1.3370754718780518
319,15.091242790222168,26.203411102294922,-45.43887710571289,-85.62569427490234,-12.368240356445312,7.22970724105835,-27.421188354492188,-3.855297088623047,1.6267046928405762,-5.891014099121094,-1.0783071517944336,-0.17328143119812012,1.4815118312835693,-0.05235940217971802,0.3511693477630615,1.189780354499817,-2.7809183597564697,0.7052813768386841,-2.6435234546661377,-0.2089201658964157,1.218727946281433,8.10783576965332,1.462959885597229,0.9134881496429443
320,14.314043045043945,27.25840187072754,-42.72722625732422,-86.51591491699219,-14.024637222290039,3.186690092086792,-24.971078872680664,-0.9608259201049805,-2.3988778591156006,-13.192770004272461,-0.8187081813812256,-0.04721343517303467,1.7975811958312988,-0.1298455148935318,0.17006036639213562,0.33521127700805664,-2.3810181617736816,0.9832185506820679,-2.5804636478424072,-0.1363658905029297,0.8437488079071045,4.364154815673828,1.089930772781372,0.9617275595664978
321,-1.1357955932617188,15.394935607910156,-33.24103927612305,-86.51630401611328,-8.871408462524414,-0.9735406637191772,-13.06270980834961,6.172307014465332,-5.993499279022217,-6.491467475891113,-0.5338535308837891,-0.08678978681564331,2.0626463890075684,0.14705100655555725,0.09424154460430145,-0.46675780415534973,-2.1053316593170166,1.0361764430999756,-2.3521764278411865,0.4652155935764313,0.13450054824352264,1.182457447052002,0.632056713104248,-0.3609941005706787
322,0.7456989288330078,7.1864333152771,-23.334705352783203,-67.05709075927734,-3.359394073486328,-0.6098026037216187,-6.820844650268555,4.615288257598877,-4.456376075744629,1.039029598236084,-0.2878091335296631,0.11207358539104462,2.606783628463745,0.0325031578540802,0.21473780274391174,-1.0129488706588745,-1.8255856037139893,0.7023435831069946,-1.7844910621643066,0.34738656878471375,-0.3938102722167969,0.3734242916107178,-0.8462445735931396,0.05107998102903366
323,-2.165215492248535,5.579740524291992,-22.382173538208008,-59.410369873046875,3.8281126022338867,-4.3807196617126465,-9.559286117553711,3.842135190963745,-3.8401975631713867,0.41865110397338867,-0.11654281616210938,0.04786837100982666,2.663670301437378,-0.09021411836147308,0.2248833328485489,-1.4713551998138428,-1.5209518671035767,0.9130556583404541,-1.6911340951919556,0.19071955978870392,-1.0776723623275757,-0.7819862365722656,-1.0518492460250854,-0.08180367201566696
324,-14.859939575195312,12.035243034362793,-19.908430099487305,-44.208213806152344,10.076250076293945,-4.233933448791504,5.7431640625,-2.5252456665039062,2.632314443588257,1.9362783432006836,-0.009686470031738281,-0.014167308807373047,2.804152250289917,-0.03303517401218414,0.1349644809961319,-1.7514252662658691,-1.4760674238204956,0.31650370359420776,-0.7281174659729004,0.287560373544693,-1.116700291633606,-2.5840976238250732,-1.76416015625,-0.1467292159795761
325,-8.911731719970703,13.29822063446045,-15.456388473510742,-23.43524932861328,20.0,-5.453636169433594,0.6370849013328552,-10.118602752685547,7.119719505310059,-0.8364696502685547,-0.14075326919555664,-0.054067373275756836,2.6035025119781494,-0.185226708650589,0.058905236423015594,-1.829085350036621,-1.233289361000061,-0.042551472783088684,0.08556778728961945,-0.2184065729379654,-0.8642244935035706,-5.664703369140625,-2.2108161449432373,-0.20398852229118347
326,-16.069103240966797,1.0726118087768555,-3.1641459465026855,-11.695303916931152,20.0,-5.021000385284424,13.065242767333984,-0.01258552074432373,1.800917625427246,12.630446434020996,0.4521927833557129,-0.045089006423950195,1.5797332525253296,0.029782555997371674,0.22682859003543854,0.06530299782752991,-0.7134972810745239,-1.8970024585723877,0.453228235244751,-0.18159012496471405,-0.7609850764274597,-4.555847644805908,-1.857009768486023,-1.1514278650283813
327,-21.113908767700195,-0.5629647374153137,1.3056117296218872,-5.0602216720581055,20.0,-4.117639541625977,29.678285598754883,-7.269028186798096,9.995975494384766,8.631122589111328,0.5920196771621704,-0.08685064315795898,-0.24084492027759552,-0.04744310304522514,0.21411846578121185,4.031492710113525,2.32773494720459,-1.5332046747207642,2.4208998680114746,-0.16750727593898773,0.15521857142448425,-6.4828572273254395,-0.11501839756965637,-2.2945971488952637
328,-43.05308532714844,-2.8915915489196777,5.822920799255371,-9.07748794555664,2.557631492614746,-0.7760870456695557,43.405967712402344,-5.891218185424805,19.852203369140625,-9.764345169067383,-12.433573722839355,4.134566307067871,-2.5903799533843994,0.11202127486467361,0.16543418169021606,6.855147838592529,5.552209854125977,-1.4855495691299438,2.183485984802246,-0.43231308460235596,-0.07679945230484009,-2.0177881717681885,8.23263931274414,1.3557813167572021
329,-38.015647888183594,-8.960127830505371,5.781273365020752,-11.096879959106445,-1.5786700248718262,0.1306777000427246,40.61931228637695,-6.615410327911377,32.16777038574219,-61.199913024902344,-2.060210704803467,-4.645729064941406,-4.227819442749023,-0.157295823097229,-0.11899485439062119,6.428172588348389,1.00826096534729,-0.5869354009628296,0.760745108127594,-0.04143539071083069,0.03856116533279419,1.706607699394226,-2.8421988487243652,0.7346001863479614
330,-21.39919662475586,-5.258079528808594,4.040100574493408,-8.867513656616211,-0.517441987991333,0.048265598714351654,24.956371307373047,-6.6054158210754395,34.21579360961914,-72.8840560913086,-2.8300514221191406,1.0815211534500122,-4.154871463775635,-0.04961996152997017,0.08476704359054565,3.802794933319092,1.3732444047927856,0.012617391534149647,1.50749933719635,0.1547846496105194,-0.23506851494312286,0.776637852191925,-2.238353729248047,0.06869404762983322
331,-5.833900451660156,-1.841127634048462,2.312607526779175,-6.762937068939209,-0.6924608945846558,0.011281132698059082,3.810196876525879,-14.946317672729492,32.56974792480469,-74.06103515625,4.479499340057373,3.233283758163452,-3.2227227687835693,-0.2631916105747223,0.28745171427726746,-0.3522852957248688,-0.6586266160011292,0.7562260031700134,2.3239569664001465,0.10496559739112854,-0.31961220502853394,-0.21847690641880035,-1.9449520111083984,-0.11466698348522186
332,9.85782241821289,7.361289024353027,-6.417034149169922,-1.6015377044677734,-0.16488516330718994,0.043538570404052734,-20.371633529663086,-17.393712997436523,23.571866989135742,-52.46260070800781,14.024834632873535,2.6237292289733887,-2.0594418048858643,-0.14729660749435425,-0.40198084712028503,-4.262398719787598,-1.0243229866027832,1.23111891746521,2.2534830570220947,0.286496102809906,-0.1611710488796234,-0.7275583744049072,-1.7106482982635498,0.19142580032348633
333,12.074721336364746,2.8082480430603027,-1.9631552696228027,8.672603607177734,0.24091672897338867,-0.0933687686920166,-14.576569557189941,-14.268199920654297,13.537002563476562,-22.07953453063965,20.0,4.080655574798584,-1.1104710102081299,-0.3212057650089264,-0.5737396478652954,-4.9467644691467285,-0.24068816006183624,0.9945327639579773,1.9941802024841309,0.21528840065002441,0.04408252239227295,-0.33746063709259033,-1.589612364768982,-0.3240865468978882
334,23.724767684936523,6.4797563552856445,-3.1777045726776123,10.98658561706543,0.1418691873550415,0.016844749450683594,-26.673545837402344,-10.25753402709961,4.228105545043945,-21.982032775878906,20.0,5.269584655761719,0.019598236307501793,0.14793360233306885,-0.2534041106700897,-5.630067825317383,-1.0965485572814941,2.5380423069000244,0.7918214797973633,0.0027555525302886963,0.05005768686532974,1.4033836126327515,-0.39430028200149536,-0.5261303782463074
335,32.23048400878906,15.763663291931152,-22.894779205322266,-36.40141296386719,-17.7833309173584,3.5420665740966797,-30.76149559020996,-7.7902984619140625,-5.4735331535339355,-4.231040954589844,12.928516387939453,4.081239223480225,1.8323639631271362,0.5672575235366821,0.2934974431991577,-0.6257228255271912,4.726907730102539,-0.6501327753067017,-1.1693669557571411,-0.6209954023361206,-0.19523759186267853,5.181054592132568,2.964325189590454,0.13935473561286926
336,27.962383270263672,26.8439998626709,-41.069969177246094,-88.11913299560547,-9.615081787109375,4.744651794433594,-32.271148681640625,5.757691383361816,-4.931939125061035,-0.7539329528808594,-0.5992269515991211,0.01894700527191162,1.5154787302017212,0.05352964252233505,0.4500201344490051,0.8751540780067444,-2.5667076110839844,0.6647424101829529,-3.0341646671295166,0.02395876869559288,1.0407195091247559,7.961073875427246,3.0379910469055176,0.47826576232910156
337,23.856090545654297,23.74248695373535,-46.844051361083984,-88.55272674560547,-11.295879364013672,3.587597370147705,-31.784765243530273,-2.0557241439819336,-0.7366652488708496,-11.683830261230469,-1.0345606803894043,-0.03786468505859375,2.0313210487365723,-0.3002605438232422,0.418009877204895,-0.08622567355632782,-2.1705729961395264,0.9926810264587402,-3.2715206146240234,-0.060099124908447266,1.3524448871612549,5.535098552703857,1.6634105443954468,0.8097525238990784
338,-8.250608444213867,18.660690307617188,-40.17926025390625,-82.202880859375,-10.342994689941406,1.278057336807251,-5.09181022644043,-0.29913032054901123,-1.9014363288879395,-9.052153587341309,-0.5684804916381836,-0.030401945114135742,2.39919376373291,-0.01446879655122757,0.14868959784507751,-0.7757567167282104,-1.9831163883209229,0.9849422574043274,-2.2861502170562744,0.30290332436561584,0.6820698976516724,1.1668051481246948,1.2269619703292847,0.95106041431427
339,-9.715009689331055,15.106765747070312,-28.842199325561523,-75.13671875,-2.641054153442383,0.2583651542663574,-5.334107398986816,1.265076756477356,-3.3412322998046875,0.30703529715538025,-0.37497809529304504,-0.04091286659240723,2.4457356929779053,-0.06634748727083206,0.07093997299671173,-1.3075569868087769,-1.5969977378845215,0.6825602054595947,-2.0026073455810547,0.009737841784954071,-0.19115674495697021,-0.2923646569252014,-0.05975620821118355,0.5255194902420044
340,-1.5118474960327148,11.645430564880371,-24.313831329345703,-63.58538055419922,5.146458625793457,-3.588465690612793,-7.394012451171875,2.1998236179351807,-3.1347436904907227,0.4990215301513672,-0.3215632438659668,-0.011386416852474213,2.944615602493286,-0.1526513248682022,0.12389031052589417,-1.947757363319397,-1.2488138675689697,0.8499224185943604,-1.2110916376113892,-0.3415606617927551,-0.9873777627944946,-2.051115036010742,-1.5304031372070312,0.03771889582276344
341,-9.809682846069336,15.424166679382324,-20.088449478149414,-46.177574157714844,12.828659057617188,-7.230682849884033,-2.235287666320801,-2.423943519592285,2.3600711822509766,5.010897636413574,0.08486557006835938,-0.016719132661819458,2.9046578407287598,-0.23424501717090607,0.2056536078453064,-2.2661187648773193,-1.0001407861709595,0.9484281539916992,-1.0935602188110352,-0.3133431077003479,-0.6876887083053589,-2.411937713623047,-1.6426355838775635,0.17019787430763245
342,-6.382925510406494,1.7467243671417236,-9.212220191955566,-19.10199546813965,20.0,-5.269392967224121,-0.7682151794433594,3.3415350914001465,-1.4929850101470947,4.926656723022461,0.09239864349365234,-0.04582631587982178,2.5181150436401367,-0.25791141390800476,0.22053304314613342,-2.0021326541900635,-1.0432049036026,0.11459298431873322,-1.1688529253005981,-0.18876895308494568,-0.7577258348464966,-2.380131244659424,-2.0738627910614014,-0.7379278540611267
343,-6.000403881072998,10.81209945678711,-13.113263130187988,-23.772310256958008,20.0,-6.558017730712891,1.3379969596862793,3.7810611724853516,-1.8155665397644043,5.209686279296875,0.2369375228881836,0.07675778865814209,2.288102149963379,0.13598716259002686,-0.07702827453613281,-1.4344466924667358,-1.2296388149261475,-1.8451449871063232,-0.5301162600517273,0.3883216679096222,-1.1856118440628052,-3.1723971366882324,-1.5374847650527954,-0.9141101837158203
344,-0.7445087432861328,-1.5139915943145752,-3.3208351135253906,-8.731659889221191,20.0,-5.847869873046875,5.030988693237305,-4.738193511962891,5.210652828216553,3.181753158569336,0.20681679248809814,-0.020757436752319336,1.6257119178771973,-0.31004583835601807,0.19282035529613495,0.2436637133359909,0.15539035201072693,-2.284306526184082,0.3588353991508484,0.17935319244861603,-0.009120452217757702,-4.646759510040283,-0.5249132513999939,-1.3419771194458008
345,-29.30616569519043,7.4874677658081055,-1.4146701097488403,-7.707115173339844,20.0,-3.626861095428467,37.22073745727539,-10.34819221496582,9.006383895874023,12.39422607421875,0.47940200567245483,0.04421377182006836,-0.8827072381973267,0.3060270845890045,0.3782910108566284,5.192402362823486,3.6192760467529297,-2.885802745819092,2.4438016414642334,-0.43551623821258545,-0.7095263004302979,-5.842894077301025,0.06079060956835747,-1.4537583589553833
346,-65.34933471679688,0.040274620056152344,2.3617677688598633,-11.170204162597656,-0.7976713180541992,0.26029253005981445,81.42672729492188,-14.89851188659668,31.635269165039062,-15.875164031982422,-17.072660446166992,1.3697469234466553,-4.066510200500488,0.570068895816803,0.32402852177619934,9.10368824005127,6.184187412261963,-2.0105159282684326,1.5302153825759888,-0.594731867313385,-0.28643372654914856,-0.6230971217155457,6.288833141326904,0.5992331504821777
347,-37.76339340209961,-4.5035176277160645,3.3527138233184814,-15.28363037109375,-1.7422409057617188,0.28221195936203003,46.164772033691406,-10.601049423217773,39.22563171386719,-50.970218658447266,-20.0,-4.135036468505859,-4.738349914550781,0.10538133978843689,-0.3731597065925598,6.779879093170166,1.6832996606826782,0.23463822901248932,1.481122374534607,-0.1310005486011505,-0.12898938357830048,1.6497762203216553,-3.0045485496520996,0.7700765132904053
348,-15.597721099853516,-2.1617965698242188,3.790752410888672,-10.653051376342773,-0.7211277484893799,-0.06379884481430054,11.663516998291016,-14.965702056884766,39.976051330566406,-72.9333724975586,-4.048619747161865,2.7088828086853027,-5.048586845397949,0.006708856672048569,0.20800718665122986,2.906897783279419,1.2894235849380493,0.32577547430992126,1.6572357416152954,-0.2755219340324402,-0.06931839883327484,0.9312933683395386,-2.4704411029815674,0.025939375162124634
349,-0.17837905883789062,-4.045715808868408,2.8432130813598633,-3.292405128479004,-0.5163986086845398,-0.04059886932373047,-0.9546022415161133,-5.957980632781982,23.76210594177246,-64.47401428222656,2.1837563514709473,3.4407906532287598,-4.298555374145508,0.0232854001224041,0.37035393714904785,-0.07656317204236984,-0.3371061086654663,0.641211211681366,2.185603380203247,-0.08373935520648956,-0.15250343084335327,0.24927198886871338,-2.2391293048858643,0.015132293105125427
350,10.15600872039795,0.3398033380508423,-2.808608293533325,-0.47760868072509766,-0.22062015533447266,0.01547694206237793,-17.485380172729492,-8.440801620483398,17.525876998901367,-48.947181701660156,10.88577651977539,2.201848030090332,-3.165860414505005,-0.08571352064609528,-0.3286866843700409,-3.235659122467041,-1.3498669862747192,0.9079686403274536,2.2201972007751465,0.21038219332695007,-0.009495347738265991,-0.16105258464813232,-2.1115806102752686,0.3704347014427185
351,19.47399139404297,6.979083061218262,-5.0834126472473145,5.760307312011719,0.10370016098022461,-0.0003840923309326172,-23.425806045532227,-16.070173263549805,14.277365684509277,-43.973114013671875,20.0,4.469146251678467,-1.2374638319015503,0.31646284461021423,-0.7133326530456543,-5.973183631896973,-1.6701847314834595,1.3719356060028076,2.582003355026245,0.42194023728370667,-0.055634960532188416,-0.7519378662109375,-1.8581651449203491,-0.008141100406646729
352,19.256929397583008,4.771166801452637,-2.898559808731079,9.810554504394531,0.2934037446975708,-0.05971670150756836,-14.133827209472656,-6.6425676345825195,1.9094929695129395,-3.3749780654907227,20.0,5.097349166870117,0.1435605138540268,0.16959790885448456,-0.6140375137329102,-7.164013862609863,-1.1123498678207397,1.9215270280838013,0.6619110703468323,-0.19820141792297363,0.0818546861410141,2.7934091091156006,0.6366013288497925,-0.5130454301834106
353,45.20355987548828,18.093006134033203,-25.1344051361084,-24.52094268798828,-18.72487449645996,6.274438858032227,-42.5485954284668,-8.778986930847168,0.044200897216796875,-8.966110229492188,9.624452590942383,2.2922301292419434,2.5019562244415283,1.3244202136993408,1.1169154644012451,-1.0539937019348145,7.310256481170654,-0.776488184928894,-1.6609926223754883,-0.5707868933677673,0.6129034757614136,6.596550464630127,4.402139663696289,1.2847580909729004
354,13.110231399536133,21.53895378112793,-39.70765686035156,-83.22930145263672,-10.624977111816406,6.2764129638671875,-19.620683670043945,2.0912625789642334,0.14796066284179688,-4.784305572509766,-0.984137773513794,-0.21635454893112183,1.5529663562774658,-0.30824780464172363,0.3078191578388214,1.3740854263305664,-2.9733495712280273,0.6492084264755249,-2.673628807067871,-0.058268025517463684,2.043811082839966,6.951582908630371,1.8074876070022583,0.3833274245262146
355,23.78642463684082,25.43574333190918,-43.295433044433594,-90.7527847290039,-10.109259605407715,3.4023842811584473,-31.45697784423828,2.287419557571411,-6.727384090423584,-11.773092269897461,-0.9194034337997437,0.03672802448272705,1.962650179862976,-0.16012656688690186,0.22336480021476746,0.3853996992111206,-2.4795379638671875,0.797446608543396,-2.9797074794769287,0.1715777963399887,1.2776633501052856,3.467881441116333,1.085506558418274,0.2740504741668701
356,-1.5900659561157227,19.81371307373047,-32.90070724487305,-79.85675048828125,-8.297903060913086,1.8950121402740479,-6.988743782043457,-1.1423656940460205,-2.0113461017608643,-2.975339889526367,-0.31681203842163086,0.020895838737487793,2.412534475326538,-0.10324060171842575,0.3881673216819763,-0.36679401993751526,-2.2418625354766846,0.49443763494491577,-2.6821491718292236,0.08001846075057983,1.0243209600448608,1.458977222442627,1.1269557476043701,0.5137485265731812
357,-9.208044052124023,15.013051986694336,-28.779573440551758,-76.98272705078125,-5.090656280517578,0.838080644607544,-3.9996557235717773,2.3866143226623535,-3.9239583015441895,-1.5051355361938477,-0.40056949853897095,0.02718353271484375,2.547767400741577,-0.13301582634449005,0.208353191614151,-0.9828127026557922,-1.9071307182312012,0.41823503375053406,-2.0392260551452637,-0.11929214000701904,-0.038073234260082245,-0.9736862778663635,0.11599605530500412,0.5938512682914734
358,-8.538050651550293,18.17582893371582,-26.538684844970703,-63.83592987060547,5.091327667236328,-2.2225074768066406,-1.35756254196167,-1.8774809837341309,-0.7040748596191406,4.16680908203125,-0.15867209434509277,-0.010585665702819824,2.7492623329162598,-0.10885743796825409,0.17388659715652466,-1.4556206464767456,-1.678354263305664,0.39383256435394287,-1.450827956199646,-0.46127450466156006,-0.8408962488174438,-1.891066312789917,-1.0003933906555176,0.5250232815742493
359,-17.735145568847656,10.214744567871094,-21.145627975463867,-58.6950798034668,8.857381820678711,-3.463951587677002,6.926396369934082,3.3407516479492188,-0.42225170135498047,8.937211990356445,0.24338364601135254,-0.06410770118236542,2.9330193996429443,-0.056729137897491455,0.13742107152938843,-1.8368849754333496,-1.5091111660003662,0.2029682993888855,-0.7152575850486755,-0.10359369218349457,-0.8656558990478516,-1.5178649425506592,-1.4989145994186401,0.061545949429273605
360,-1.8503999710083008,8.585846900939941,-17.77025604248047,-33.525718688964844,16.65412139892578,-1.9221057891845703,-6.864681720733643,2.26165509223938,-1.292895793914795,2.8481550216674805,0.10147035121917725,0.01337868720293045,2.6670427322387695,-0.119205541908741,-0.009961768984794617,-1.727462887763977,-1.273936152458191,-0.017057081684470177,-0.6188962459564209,-0.18657182157039642,-1.2582327127456665,-2.0144803524017334,-0.9359287619590759,-0.04262194782495499
361,-13.489871978759766,4.045345783233643,-7.9056782722473145,-18.426958084106445,20.0,-3.454326629638672,6.2372002601623535,-1.5260827541351318,3.453583240509033,2.0193958282470703,-0.1791825294494629,-0.07544565200805664,2.3949620723724365,-0.30392512679100037,-0.041807666420936584,-1.603930950164795,-1.1324642896652222,-0.1566496193408966,0.06820462644100189,-0.20586232841014862,-0.8656647801399231,-3.704434633255005,-3.0759174823760986,-0.7253130674362183
362,-12.529780387878418,0.2951585352420807,-2.197622299194336,-8.576923370361328,20.0,-4.684549331665039,12.930584907531738,1.0990163087844849,1.6795179843902588,6.297994613647461,0.6496282815933228,0.014897823333740234,1.4714796543121338,0.06323185563087463,0.028525160625576973,0.32154518365859985,-0.22163648903369904,-0.7220727205276489,1.101072907447815,0.33592522144317627,-0.6751129031181335,-5.179413795471191,-0.2429628223180771,-1.1541351079940796
363,-42.32994079589844,-4.969019412994385,13.393033027648926,-1.9908790588378906,15.9733304977417,-4.424709320068359,52.67397689819336,-17.996580123901367,17.82659149169922,11.575855255126953,0.6145765781402588,-0.09065580368041992,-2.1879563331604004,0.014959072694182396,0.42807117104530334,6.565717697143555,5.1013054847717285,-1.1560596227645874,3.5787899494171143,-0.5117048025131226,0.5875087976455688,-7.911879539489746,1.3339505195617676,-1.081432580947876
364,-55.95967483520508,-5.877843856811523,4.955209732055664,-8.569297790527344,-1.1955986022949219,0.0522613525390625,70.97466278076172,-3.6076254844665527,30.91522979736328,-34.95531463623047,-20.0,-5.220159530639648,-4.568841934204102,0.7840360999107361,-0.07106106728315353,10.490418434143066,4.107934474945068,-1.446152925491333,1.1159183979034424,0.5452254414558411,0.13594400882720947,1.774669885635376,-2.8499763011932373,0.45253026485443115
365,-25.82978057861328,-4.103127479553223,3.2244787216186523,-19.439678192138672,-1.3826565742492676,0.15624123811721802,24.5743408203125,-12.438934326171875,41.80121994018555,-71.22834014892578,-3.678098201751709,0.48543259501457214,-4.541399002075195,-0.03177216276526451,-0.12265381962060928,4.658062934875488,1.9748843908309937,-0.41276299953460693,1.5727815628051758,-0.09251877665519714,-0.10987913608551025,0.9389341473579407,-2.4872710704803467,0.02398686110973358
366,-12.305259704589844,0.3988766670227051,1.0304317474365234,-10.576090812683105,-0.9366422891616821,0.07278430461883545,9.377340316772461,-17.422304153442383,37.405452728271484,-74.25196838378906,3.9025073051452637,3.856747627258301,-4.0355987548828125,-0.15843713283538818,0.1183064803481102,-0.42403414845466614,0.0047309184446930885,0.5444062948226929,2.0469424724578857,-0.07839703559875488,-0.014633715152740479,-0.025425797328352928,-1.9830290079116821,-0.14567293226718903
367,6.106698989868164,-0.6435843706130981,-0.4030799865722656,4.109001159667969,-0.19559693336486816,-0.005370140075683594,-9.617619514465332,-9.104398727416992,25.97001838684082,-64.38080596923828,17.321001052856445,3.285097122192383,-3.127737522125244,-0.05483768880367279,-0.21892088651657104,-2.0431480407714844,-1.5187290906906128,1.0405950546264648,2.4848899841308594,0.12959539890289307,-0.19697794318199158,-0.816179096698761,-1.7485917806625366,0.09733742475509644
368,12.0944242477417,-5.83238410949707,3.272064447402954,4.855878829956055,0.0648488998413086,-0.05419158935546875,-14.712820053100586,-6.250831127166748,12.657849311828613,-42.009071350097656,20.0,3.9868292808532715,-1.6172631978988647,-0.5404941439628601,0.033624984323978424,-4.21166467666626,-2.229469060897827,2.1676433086395264,2.7001287937164307,0.12665972113609314,0.048113077878952026,-1.0822890996932983,-1.582887887954712,0.11394953727722168
369,19.2298583984375,5.382911682128906,-2.485201358795166,7.9016265869140625,0.500374436378479,-0.19193696975708008,-18.47893714904785,-6.411190509796143,1.7300004959106445,-18.379985809326172,20.0,6.3843817710876465,-0.15189532935619354,-0.029594438150525093,0.27748867869377136,-5.705160617828369,-0.36849623918533325,1.896199345588684,2.359161615371704,0.12066607922315598,-0.08094196021556854,-0.37381014227867126,-0.8831201791763306,-0.6209897994995117
370,27.261005401611328,10.127293586730957,-8.604463577270508,11.78038215637207,0.2204606533050537,-0.021941661834716797,-27.740821838378906,-5.934745788574219,1.0016438961029053,-13.280669212341309,17.978071212768555,5.664612770080566,1.211469054222107,0.4197009205818176,-0.35527992248535156,-6.456284046173096,-0.8952682018280029,2.607192039489746,0.6138368844985962,0.07663531601428986,0.0580364465713501,2.2413525581359863,0.9200583100318909,-0.16591861844062805
371,36.122894287109375,19.96141815185547,-38.392520904541016,-58.38768768310547,-20.0,11.424052238464355,-40.46979904174805,-3.7799904346466064,-2.3652830123901367,1.7102394104003906,0.24196624755859375,0.2207174301147461,2.2105729579925537,0.7466930747032166,0.5487525463104248,-1.4724994897842407,7.716780662536621,-2.578895330429077,-2.2233364582061768,-0.6776931881904602,0.3689609169960022,8.544538497924805,4.759783744812012,2.6436269283294678
372,14.201911926269531,30.685213088989258,-48.39138412475586,-57.33787155151367,-20.0,13.856952667236328,-26.2879695892334,-9.692943572998047,6.421195983886719,-13.298360824584961,-1.4135856628417969,-0.3896009922027588,0.9151331782341003,-0.12571585178375244,0.15135908126831055,1.1621208190917969,-2.0786638259887695,-0.43917012214660645,-3.230151891708374,-0.11023510247468948,2.235783338546753,6.709238052368164,1.1849654912948608,1.608323574066162
373,13.383182525634766,21.2436580657959,-39.819271087646484,-79.5839614868164,-20.0,7.479259490966797,-17.598487854003906,2.6808700561523438,-5.477933883666992,-8.775127410888672,-0.5324347019195557,-0.15030118823051453,1.5994094610214233,0.023202426731586456,0.04524131119251251,0.5175345540046692,-2.277066230773926,0.5324357151985168,-2.6697471141815186,0.05866019055247307,1.394834280014038,3.769059181213379,1.3171366453170776,0.18257325887680054
374,-9.760833740234375,16.973983764648438,-32.8597297668457,-78.63268280029297,-20.0,6.913182735443115,-3.2217836380004883,-2.158222198486328,-1.7441742420196533,-5.443141460418701,-0.5275885462760925,0.03727298974990845,1.9494045972824097,0.08917897194623947,0.136246919631958,-0.17497342824935913,-2.0904760360717773,0.4771586060523987,-1.9909776449203491,-0.35742276906967163,0.626710057258606,0.7618268728256226,-0.13159127533435822,0.3594907522201538
375,2.028108596801758,12.43298053741455,-28.42533302307129,-70.70891571044922,-10.43073844909668,4.272861957550049,-10.936013221740723,1.961591124534607,-4.5872650146484375,-0.49884986877441406,-0.3536043167114258,0.0375143364071846,2.356172800064087,0.1282016634941101,0.18750843405723572,-0.7399896383285522,-1.815548062324524,0.3886508047580719,-1.6205859184265137,-0.7453195452690125,-0.5465701222419739,-0.8494638204574585,-1.5595734119415283,-0.0022343387827277184
376,-11.85184097290039,8.355360984802246,-27.707778930664062,-70.12310791015625,-6.138324737548828,2.8749027252197266,-2.955280303955078,8.597667694091797,-4.627387046813965,6.613142013549805,0.19347238540649414,0.03320878744125366,2.351377487182617,0.2507197856903076,0.08591359853744507,-1.0985859632492065,-1.6914509534835815,0.3624582588672638,-1.4774855375289917,-0.18380697071552277,-1.0930196046829224,-0.614482581615448,-1.6172631978988647,-0.35064443945884705
377,-2.701218605041504,-2.1844794750213623,-18.601776123046875,-47.85466766357422,3.351163864135742,0.8273347020149231,-5.1938629150390625,7.0986762046813965,-1.9771676063537598,1.6728277206420898,0.08365225791931152,0.017091870307922363,2.487912893295288,-0.032225728034973145,0.1215285137295723,-1.43245530128479,-1.3859269618988037,0.1508127897977829,-1.1177362203598022,0.09470286965370178,-0.6875654458999634,-1.5291434526443481,-1.3087043762207031,-0.5258384346961975
378,-11.628604888916016,5.975840091705322,-14.94130802154541,-31.07030487060547,13.353398323059082,-1.692652940750122,2.9461116790771484,2.2718358039855957,-0.006553173065185547,1.7271976470947266,0.07341408729553223,0.06371229887008667,2.261702299118042,-0.07997305691242218,-0.18486759066581726,-1.4419230222702026,-1.329763650894165,-0.25559544563293457,-0.49127402901649475,0.4341803193092346,-0.7153610587120056,-3.3401424884796143,-1.077710509300232,-0.07537835091352463
379,-5.261467456817627,4.925712585449219,-6.843269348144531,-11.108604431152344,20.0,-2.092404842376709,6.1561994552612305,-5.555250644683838,4.153686046600342,3.9278812408447266,-0.05354499816894531,-0.06148064136505127,2.2919113636016846,-0.19716432690620422,-0.0966217890381813,-1.061269998550415,-1.1116468906402588,-0.4613915681838989,0.5497140884399414,0.08297054469585419,-0.47942396998405457,-4.678382873535156,-2.4386699199676514,-0.6684823632240295
380,-8.18237018585205,2.662520408630371,-3.6642208099365234,-8.952109336853027,20.0,-2.8343300819396973,7.877784252166748,-2.444023609161377,2.9118614196777344,7.6922760009765625,0.47576189041137695,-0.011124372482299805,1.4553191661834717,-0.22098910808563232,-0.010807694867253304,0.46758291125297546,-0.4502333402633667,-0.3804924786090851,1.0617828369140625,0.043935734778642654,-0.10072236508131027,-5.099325180053711,-0.5113254189491272,-1.2588081359863281
381,-34.807830810546875,-1.3955987691879272,6.937314510345459,1.9657402038574219,9.416274070739746,-2.2121496200561523,39.600059509277344,-18.01774024963379,14.895256042480469,6.543525695800781,0.18011927604675293,0.0014434456825256348,-2.1418614387512207,0.3061234652996063,0.7433397769927979,7.645217418670654,4.8438873291015625,-1.201168179512024,2.9677178859710693,-0.8376148343086243,-0.019087374210357666,-4.343313217163086,6.186155319213867,-2.8746352195739746
382,-47.822235107421875,-7.967742443084717,5.855243682861328,-6.346488952636719,-1.2471747398376465,0.08915650844573975,54.30851364135742,-16.988279342651367,32.255428314208984,-52.672576904296875,-20.0,-3.716383695602417,-4.652346134185791,0.24068082869052887,0.2611062526702881,12.13920783996582,2.5078883171081543,-0.6244024038314819,1.209389090538025,-0.1479494273662567,0.009053163230419159,0.3930816650390625,3.0845398902893066,1.5514581203460693
383,-29.1387939453125,0.08933466672897339,0.08694148063659668,-24.375173568725586,-1.2880432605743408,0.07405519485473633,28.2150821685791,-12.429450988769531,40.60884475708008,-82.69725036621094,-4.069032669067383,-0.1645488440990448,-4.0804290771484375,0.07028067857027054,-0.0419679619371891,4.70009183883667,1.6196048259735107,-0.5024523735046387,1.5841915607452393,-0.1218419075012207,-0.4170467257499695,0.6951451301574707,-2.2896363735198975,0.008909791707992554
384,-10.058597564697266,-4.018299102783203,1.9651166200637817,-7.690052032470703,-0.747555673122406,0.10536980628967285,7.133576393127441,-10.498001098632812,34.309627532958984,-76.62075805664062,0.6102738380432129,4.422592639923096,-3.4637694358825684,-0.3870638310909271,-0.1617313027381897,0.9398689866065979,-0.40330082178115845,0.6618085503578186,2.150681972503662,0.07487943768501282,-0.26541465520858765,-0.2185060977935791,-1.8329671621322632,-0.20259130001068115
385,-4.175363540649414,-2.0571095943450928,2.7346420288085938,-1.6840076446533203,-0.29297852516174316,-0.08216774463653564,-3.7402634620666504,-3.8755714893341064,23.790578842163086,-62.551517486572266,10.215367317199707,3.5752370357513428,-3.1171576976776123,-0.1662224382162094,0.10047519207000732,-1.5665308237075806,-1.189084529876709,0.8349757790565491,2.3680930137634277,0.21350345015525818,-0.44997936487197876,-0.8661091327667236,-1.5757761001586914,0.19965335726737976
386,11.987449645996094,5.481134414672852,-4.528905868530273,0.12096977233886719,-0.11838197708129883,0.0009112358093261719,-16.445545196533203,-12.494577407836914,17.944927215576172,-36.032958984375,19.480993270874023,4.5544023513793945,-1.505993127822876,-0.24841195344924927,-0.3732758164405823,-5.137141704559326,-2.0861189365386963,1.1762179136276245,2.5944435596466064,0.29343849420547485,-0.30818402767181396,-1.2285287380218506,-1.4247180223464966,-0.1431732177734375
387,20.429712295532227,3.18393611907959,-1.3001997470855713,10.67660140991211,0.33065271377563477,-0.030624866485595703,-24.755409240722656,-9.54193115234375,8.168209075927734,-25.266399383544922,20.0,5.173494338989258,-0.03222643956542015,-0.1735161393880844,0.1257867068052292,-6.184156894683838,-2.187969446182251,2.497204303741455,2.250779867172241,0.0670427680015564,-0.051974162459373474,-0.6609662175178528,-1.4137078523635864,0.6842769384384155
388,25.581554412841797,15.550164222717285,-11.097942352294922,8.692134857177734,0.3619723320007324,-0.09374761581420898,-24.588611602783203,-7.426474571228027,-1.0849210023880005,-6.857295989990234,20.0,4.208399295806885,1.5000532865524292,0.3636476397514343,-0.6967681646347046,-8.640435218811035,-1.3905398845672607,2.527808904647827,-0.02677607722580433,-0.08443380147218704,-0.06733503937721252,2.8721985816955566,1.2648563385009766,0.7503842115402222
389,46.45071029663086,16.796937942504883,-35.72314453125,-54.165897369384766,-20.0,12.922157287597656,-44.65763473510742,-0.51761794090271,-3.854094982147217,0.06422805786132812,-0.06053733825683594,0.0362701416015625,2.7081849575042725,0.08938032388687134,-0.03559989109635353,-2.0254342555999756,7.6120285987854,-3.7120532989501953,-2.375267505645752,-0.6961591243743896,0.21845105290412903,8.83398723602295,4.706875324249268,1.8364248275756836
390,20.876060485839844,26.532018661499023,-43.3680419921875,-65.88760375976562,-10.61819076538086,6.759339809417725,-31.13501739501953,-4.315321445465088,3.5085315704345703,-15.9027099609375,-1.5593085289001465,-0.31771236658096313,1.6627304553985596,-0.12691259384155273,0.23504415154457092,0.6548528075218201,-3.9136486053466797,0.3816593289375305,-3.3212881088256836,0.18107621371746063,2.078538417816162,5.965358257293701,0.7487620115280151,0.5046539306640625
391,-1.3047542572021484,19.486339569091797,-39.09735107421875,-82.32575225830078,-16.175912857055664,8.150385856628418,-7.911620140075684,5.870823860168457,-7.285813331604004,-5.305023193359375,-0.2816736698150635,0.06485152244567871,1.881696343421936,0.18501438200473785,-0.002570338547229767,0.10753057897090912,-2.2169721126556396,0.0832456424832344,-2.603719711303711,0.5423541069030762,0.7594560980796814,3.3953912258148193,1.139237642288208,0.8086602687835693
392,5.056778907775879,11.60519790649414,-31.833818435668945,-71.80224609375,-14.46577262878418,7.283894062042236,-14.367570877075195,1.6186391115188599,-4.157393932342529,-6.394056797027588,-0.6055679321289062,-0.03485777974128723,2.3874378204345703,0.24224749207496643,0.1196528747677803,-0.4847826361656189,-1.91079580783844,0.2755213975906372,-2.0852816104888916,0.24591994285583496,-0.16958129405975342,0.5121036767959595,-0.09121079742908478,0.18180975317955017
393,-15.99063491821289,14.362289428710938,-30.121723175048828,-70.6274185180664,-6.220107078552246,1.7786626815795898,-2.721734046936035,-1.543238639831543,0.0569157600402832,0.630131721496582,-0.12532277405261993,0.02789473533630371,2.2106170654296875,0.1446342170238495,0.06332969665527344,-1.0214693546295166,-1.7083299160003662,0.2869327962398529,-2.0283520221710205,-0.021822486072778702,-0.5989298224449158,-1.0851002931594849,-0.04565972089767456,0.6176875233650208
394,-8.497163772583008,7.797749042510986,-20.749155044555664,-56.43711853027344,2.0391414165496826,-1.4442907571792603,-1.221301555633545,2.445296287536621,-1.3177099227905273,3.945004463195801,-0.10353267192840576,-0.08229857683181763,2.4399802684783936,-0.010271623730659485,0.09761463850736618,-1.3677383661270142,-1.5138943195343018,0.5400508046150208,-1.4589897394180298,-0.10846156626939774,-0.8120189905166626,-1.777099609375,-0.9218400716781616,-0.36940133571624756
395,-4.728716850280762,7.084219455718994,-18.315580368041992,-43.36481475830078,10.500266075134277,-1.2133793830871582,-2.9410195350646973,2.1858038902282715,-1.3101253509521484,6.587961196899414,0.06412696838378906,0.030606508255004883,2.5692336559295654,-0.11590343713760376,0.21292442083358765,-1.5637247562408447,-1.350563883781433,0.152561217546463,-1.3180930614471436,-0.1963818371295929,-0.9136680364608765,-1.0891039371490479,-1.6494754552841187,-0.8234086632728577
396,-4.961411476135254,2.8622398376464844,-10.551852226257324,-25.06317138671875,19.142372131347656,-2.2995152473449707,-3.206296920776367,2.4994657039642334,-0.1046895980834961,0.3738975524902344,-0.0470728874206543,0.05494403839111328,2.264739990234375,-0.2605138123035431,0.15121150016784668,-1.4941902160644531,-1.162185788154602,-0.14071956276893616,-1.196825385093689,0.1085028275847435,-0.5232146382331848,-2.536018133163452,-2.0842084884643555,-0.8348144888877869
397,-4.169905662536621,6.836644172668457,-4.738443851470947,-5.47698450088501,20.0,-2.5162668228149414,5.755507469177246,-6.330742835998535,5.662169456481934,-1.0014991760253906,0.0080718994140625,0.03335446119308472,1.4970881938934326,-0.39399856328964233,-0.004625911824405193,-0.09367555379867554,-0.2904946208000183,-0.35139164328575134,-0.043869152665138245,-0.07933288812637329,-0.03214910253882408,-5.758129596710205,-2.1255557537078857,-0.27589982748031616
398,-34.37457275390625,-2.6704354286193848,7.585488319396973,2.380268096923828,14.475912094116211,-3.32869291305542,49.698184967041016,-14.350351333618164,13.170134544372559,11.484783172607422,0.7338151931762695,-0.18372011184692383,-1.5171819925308228,0.25070658326148987,0.7195118069648743,6.564247131347656,4.628905296325684,-0.9679096341133118,2.923395872116089,-0.2961201071739197,0.48176509141921997,-8.869583129882812,-0.4114823639392853,-1.6759785413742065
399,-53.54770278930664,-4.821566104888916,4.825998306274414,-6.957542419433594,-1.03432035446167,0.008265256881713867,64.33528900146484,-13.8792142868042,33.3440055847168,-43.72698974609375,-20.0,11.308106422424316,-4.278261661529541,0.7269431352615356,0.5792666077613831,11.551230430603027,4.345853805541992,-1.2837461233139038,2.074894666671753,-0.021122008562088013,-0.08386773616075516,-1.4679592847824097,7.696521282196045,2.390801191329956
400,-29.40210723876953,-11.623652458190918,6.136248588562012,-16.712493896484375,-1.3539328575134277,0.11937707662582397,30.904863357543945,-12.154202461242676,39.28523635864258,-85.489013671875,-8.906092643737793,-1.396520972251892,-4.628995895385742,-0.5205097794532776,0.3425091505050659,7.535740375518799,2.387754201889038,-0.4599405527114868,1.4411966800689697,-0.14476825296878815,0.09516915678977966,1.259939193725586,-2.6762635707855225,0.38726717233657837
401,-16.54869270324707,-2.4154932498931885,2.217487335205078,-13.045821189880371,-0.9390233755111694,0.06385689973831177,14.993268013000488,-7.931545257568359,35.72087097167969,-83.26263427734375,-4.450550079345703,3.760364055633545,-4.330045223236084,-0.4831543266773224,0.423372745513916,2.866337776184082,1.1937682628631592,0.28189027309417725,2.2552988529205322,-0.014422774314880371,-0.20031224191188812,0.036858536303043365,-2.1342885494232178,-0.02577938139438629
402,8.84743881225586,9.282111167907715,-6.8985819816589355,-8.341024398803711,-0.6860082149505615,0.06473511457443237,-20.573640823364258,-18.83211326599121,28.181367874145508,-70.28166961669922,6.067953586578369,3.8737640380859375,-3.1156604290008545,-0.2419285774230957,-0.27215245366096497,-2.5246217250823975,-0.8598014712333679,0.47393226623535156,2.4827535152435303,0.10854202508926392,-0.2178715616464615,-0.8259034752845764,-1.7996494770050049,0.34811413288116455
403,7.487906455993652,-2.021367311477661,2.362610101699829,5.693643569946289,-0.05916285514831543,-0.012874126434326172,-17.798786163330078,-11.677963256835938,10.7767333984375,-54.18896484375,13.99293041229248,5.043341636657715,-2.459613561630249,-0.0942288190126419,0.06608501076698303,-3.8932695388793945,-1.92998206615448,1.661099910736084,2.3702056407928467,0.285888671875,-0.23812717199325562,-1.228894829750061,-1.453809142112732,0.16155746579170227
404,14.93896770477295,3.2304768562316895,-2.0399646759033203,7.291603088378906,0.1920766830444336,-0.13602328300476074,-14.275857925415039,-17.432537078857422,9.459552764892578,-29.85193634033203,20.0,6.98055362701416,-0.660454273223877,-0.07846064865589142,0.2362784445285797,-5.636432647705078,-2.3079042434692383,1.565303921699524,2.7737741470336914,0.2206701934337616,-0.15066784620285034,-1.4210041761398315,-1.3739112615585327,-0.29844236373901367
405,14.973215103149414,7.110499858856201,-5.183472633361816,9.713300704956055,0.3862574100494385,-0.07599854469299316,-14.94407844543457,-13.094237327575684,3.0167131423950195,-11.399571418762207,20.0,4.510354995727539,0.31535688042640686,0.04366747662425041,-0.01557393092662096,-6.344830513000488,-1.3982915878295898,1.6628377437591553,1.6104576587677002,-0.06659219413995743,-0.09666357934474945,0.6332537531852722,-0.5097329616546631,1.117119312286377
406,28.878562927246094,10.013059616088867,-9.481691360473633,13.636028289794922,0.35477757453918457,0.05571603775024414,-25.38779640197754,-3.9442660808563232,-0.7318406701087952,-7.6581878662109375,17.69140625,3.9432199001312256,1.5665794610977173,0.20610496401786804,-1.1141964197158813,-6.360095024108887,-2.0430908203125,2.9949331283569336,-0.5589913725852966,-0.30181747674942017,-0.1123964861035347,4.196324825286865,2.082303762435913,1.312147855758667
407,53.378868103027344,13.209527969360352,-31.47351837158203,-39.562564849853516,-19.4156551361084,12.615785598754883,-49.65629196166992,2.964402198791504,-5.7018232345581055,-6.07855224609375,-0.41275787353515625,-0.020334243774414062,2.0441901683807373,0.7657696008682251,0.24114888906478882,-1.534543514251709,7.622214317321777,-2.7697224617004395,-2.8443851470947266,-0.4023546874523163,0.21393847465515137,7.816408634185791,4.662901401519775,2.173020362854004
408,5.649755477905273,24.88872718811035,-43.93059539794922,-58.111759185791016,-20.0,14.800934791564941,-14.769298553466797,-8.143784523010254,6.866930961608887,-11.576204299926758,-1.2388112545013428,-0.38388359546661377,1.1838219165802002,0.2679609954357147,-0.04324309527873993,1.1657289266586304,-2.415652275085449,-3.587466239929199,-3.5014967918395996,0.5461374521255493,2.398818016052246,5.502498626708984,1.3942985534667969,0.7497982382774353
409,20.894824981689453,21.72928237915039,-36.57553482055664,-69.3340835571289,-13.370048522949219,9.394794464111328,-18.88775634765625,-1.126836895942688,-4.531290531158447,-8.505481719970703,-0.6864892840385437,-0.015364348888397217,1.7474223375320435,-0.07553413510322571,0.054824985563755035,0.9143072962760925,-2.4776833057403564,0.16218210756778717,-2.7407734394073486,-0.34140580892562866,1.0545796155929565,2.6109583377838135,0.29644346237182617,0.2400112897157669
410,-6.030889987945557,18.888578414916992,-36.32883071899414,-84.39815521240234,-10.75283432006836,5.058727741241455,-7.143304824829102,2.4246060848236084,-4.184054851531982,-1.2010231018066406,-0.31184911727905273,0.036960892379283905,1.9984441995620728,-0.03646238148212433,-0.07357028126716614,0.09827713668346405,-2.2557692527770996,0.2501659691333771,-2.4870429039001465,-0.4844513535499573,0.0807456374168396,0.6615312099456787,-0.5145918130874634,0.0339856818318367
411,-12.633591651916504,12.341704368591309,-25.412160873413086,-71.73794555664062,-7.295044422149658,2.7614500522613525,3.972576141357422,2.698920249938965,-2.8267464637756348,3.9239137172698975,0.06921923160552979,0.048570916056632996,2.499351978302002,0.12227673828601837,0.04923158511519432,-0.4497426748275757,-2.127612829208374,0.126793771982193,-1.6614227294921875,-0.37027573585510254,-0.4679598808288574,-0.17062261700630188,-0.8861503005027771,0.0711209699511528
412,-13.895469665527344,7.844719886779785,-18.32863998413086,-61.4721794128418,-0.8975069522857666,3.3583295345306396,-0.8010239601135254,3.8755245208740234,-1.4142136573791504,1.0792303085327148,-0.10420727729797363,-0.012912869453430176,2.3952531814575195,-0.16421723365783691,-0.03340158984065056,-0.9023193717002869,-1.7208199501037598,-0.1482526659965515,-1.2091270685195923,-0.5474969148635864,-0.6945343613624573,-1.7196370363235474,-1.738089919090271,-0.30720993876457214
413,-18.680721282958984,7.017067909240723,-7.931823253631592,-40.39875411987305,9.385215759277344,0.4949033558368683,9.03650951385498,0.8507001399993896,1.8262379169464111,2.573441505432129,0.05879545211791992,-0.03125715255737305,2.4311044216156006,-0.2586134970188141,0.044868260622024536,-1.150418996810913,-1.548427700996399,-0.29628482460975647,-0.28161221742630005,-0.20447085797786713,-0.1587238907814026,-3.703266143798828,-2.4931302070617676,-0.6839618682861328
414,-14.63498592376709,6.156251907348633,-5.726004600524902,-19.793848037719727,20.0,-0.19537585973739624,10.652039527893066,0.4191749095916748,0.8156578540802002,7.429098129272461,0.5037704706192017,0.059921979904174805,2.3003880977630615,-0.3486674427986145,-0.13207052648067474,-0.9274323582649231,-1.5614869594573975,-0.38550305366516113,0.684407651424408,-0.36197131872177124,-0.44313180446624756,-4.339844703674316,-0.9102625846862793,-0.5496662259101868
415,-10.465073585510254,3.432150363922119,4.102586269378662,-3.343888759613037,20.0,-1.7800902128219604,11.535308837890625,-1.5287680625915527,1.9707577228546143,5.766899108886719,0.17674827575683594,0.032262444496154785,0.5366315841674805,-0.09460735321044922,0.03845010697841644,2.2203891277313232,0.46957796812057495,-0.6518459916114807,1.4217711687088013,-0.308405339717865,-0.5037665367126465,-5.801655292510986,-0.35985079407691956,-0.5102288126945496
416,-42.59388732910156,-4.117866516113281,9.161108016967773,-3.5074119567871094,6.793304443359375,-1.9389793872833252,52.96895980834961,-10.643417358398438,18.230056762695312,-26.91452980041504,-17.89177703857422,8.410762786865234,-1.9501228332519531,0.5829662680625916,0.4372097849845886,7.077942371368408,4.776209831237793,-0.815160870552063,2.699084758758545,-0.016963519155979156,-0.38978949189186096,-1.6543288230895996,7.890180587768555,-4.5420823097229
417,-39.579341888427734,-12.975141525268555,9.298343658447266,-6.763389587402344,-1.3085153102874756,0.05342698097229004,43.516170501708984,-14.002577781677246,30.716205596923828,-86.10331726074219,-2.857539176940918,-0.2209683656692505,-3.368821859359741,0.3832562267780304,0.37066972255706787,8.173529624938965,1.5186944007873535,0.44845882058143616,1.9573662281036377,0.07002805173397064,-0.5793861746788025,0.9602900743484497,-2.6787586212158203,0.19606336951255798
418,-29.000164031982422,-8.350788116455078,4.3470540046691895,-11.020278930664062,-0.7956995964050293,-0.062262892723083496,24.548542022705078,-6.994946479797363,40.104007720947266,-81.52814483642578,-3.8980040550231934,1.9807710647583008,-3.7730770111083984,-0.3499665856361389,0.22179453074932098,5.766611576080322,0.6746041178703308,0.2515104413032532,2.2719454765319824,0.18611714243888855,-0.5024367570877075,0.17498981952667236,-2.0944337844848633,-0.06075192987918854
419,-15.407720565795898,3.84999942779541,-0.9117391109466553,-15.062575340270996,-0.7470499873161316,-0.008166313171386719,5.301464080810547,-11.323637962341309,32.7733154296875,-76.5161361694336,2.0215392112731934,5.583292484283447,-3.2443089485168457,-0.11062035709619522,0.2841993272304535,-0.24090690910816193,0.3798573613166809,0.47780677676200867,2.7716174125671387,0.3475293517112732,-0.6149787306785583,-0.8958042860031128,-1.5806320905685425,-0.09827463328838348
420,5.706789493560791,1.5582493543624878,-2.1833691596984863,-2.0088748931884766,-0.49746012687683105,0.029430150985717773,-18.774810791015625,-13.041481971740723,19.78582191467285,-52.225440979003906,16.67374038696289,3.8568196296691895,-2.416564702987671,-0.5696718692779541,-0.2601028084754944,-3.9632670879364014,-1.8588037490844727,1.110834002494812,2.658552646636963,0.37041175365448,-0.4543530344963074,-1.3909051418304443,-1.3943490982055664,0.07554453611373901
421,14.150520324707031,3.0408365726470947,-1.2988431453704834,7.628534317016602,0.2575063705444336,-0.07388567924499512,-22.44854736328125,-10.701714515686035,12.44097900390625,-32.65315628051758,20.0,6.33697509765625,-1.30044424533844,-0.5175172090530396,-0.2235545814037323,-5.458246231079102,-1.283877968788147,1.4078458547592163,2.5281262397766113,0.3386352062225342,-0.4190359115600586,-1.4683961868286133,-1.283484697341919,-0.34242844581604004
422,21.999853134155273,10.809890747070312,-7.104400157928467,10.000802993774414,0.18882536888122559,-0.04299783706665039,-21.62103271484375,-8.038289070129395,7.265356063842773,-14.824349403381348,20.0,5.055817127227783,0.2688729465007782,0.23074239492416382,-0.42909303307533264,-6.535000324249268,-2.0253946781158447,1.617519497871399,1.4577549695968628,0.3905715346336365,-0.20054179430007935,0.4486791789531708,-0.13442610204219818,0.45586875081062317
423,37.016334533691406,13.465558052062988,-20.430200576782227,-33.365116119384766,-20.0,9.389251708984375,-35.53225326538086,-8.138096809387207,-3.9934544563293457,-4.569606781005859,12.351275444030762,2.962209701538086,2.018420696258545,0.8919490575790405,0.19052952527999878,-1.007747769355774,6.473379135131836,-1.317681074142456,-1.0276230573654175,-0.26442861557006836,0.1518380045890808,4.9445719718933105,3.4016518592834473,1.8506630659103394
424,38.922359466552734,17.842222213745117,-40.78419494628906,-66.23236846923828,-20.0,14.291156768798828,-43.11956787109375,8.04825496673584,-7.113553047180176,-1.8590583801269531,-0.7616462707519531,-0.19088119268417358,2.3579399585723877,0.11422570049762726,-0.04828653484582901,-1.6963446140289307,7.183928966522217,-1.151868224143982,-3.348480701446533,-0.0428047776222229,0.8722563982009888,9.002264022827148,2.8874311447143555,0.41615480184555054
425,8.116724014282227,24.124462127685547,-40.55591583251953,-65.61304473876953,-20.0,11.749838829040527,-16.262672424316406,-8.36479377746582,5.06495475769043,-14.53573989868164,-0.9068803787231445,-0.07837057113647461,1.7283170223236084,0.013037599623203278,0.24054406583309174,0.452273964881897,-2.277043104171753,0.32400384545326233,-3.278836965560913,0.2820097804069519,2.0573651790618896,5.308194160461426,2.044330358505249,1.2238320112228394
426,-9.131616592407227,20.184722900390625,-34.87699890136719,-78.70349884033203,-17.984806060791016,6.564947605133057,-5.671878814697266,1.049934983253479,-4.636870384216309,-7.8396806716918945,-0.6293919086456299,-0.06648612022399902,1.8187288045883179,0.10621553659439087,-0.16027551889419556,-0.08694744110107422,-2.080573558807373,0.2511078715324402,-2.628204345703125,0.16529378294944763,0.6166823506355286,1.7326785326004028,0.8552531003952026,0.513831377029419
427,4.325437545776367,11.685568809509277,-28.803466796875,-74.8351058959961,-12.20470142364502,5.64885139465332,-13.176187515258789,3.115145444869995,-5.418717861175537,0.24202632904052734,-0.3761494755744934,0.054993271827697754,2.4052469730377197,0.09991839528083801,0.13741855323314667,-0.7001407742500305,-1.851586937904358,0.4061964452266693,-2.477863073348999,-0.22898368537425995,-0.21817493438720703,0.9957992434501648,-0.3889524042606354,0.6878066658973694
428,-8.075475692749023,5.762521743774414,-22.525249481201172,-62.75852584838867,-4.033492565155029,2.438680648803711,-3.5999011993408203,5.2993574142456055,-4.011605262756348,0.15131378173828125,-0.13529109954833984,-0.05569419264793396,2.698436737060547,0.10765308886766434,0.243430495262146,-1.2368698120117188,-1.7054635286331177,0.3715091347694397,-2.0495543479919434,-0.07603675872087479,-0.7337539196014404,-0.46848064661026,-0.9189030528068542,-0.25967293977737427
429,-9.373419761657715,5.708157539367676,-21.093517303466797,-47.59724807739258,6.060004234313965,-0.013318337500095367,-3.457185745239258,5.421473026275635,-2.401392936706543,0.6142425537109375,-0.016436100006103516,0.06111782044172287,2.4777767658233643,0.052682239562273026,0.05947338789701462,-1.4452052116394043,-1.4882432222366333,0.022808514535427094,-1.7910205125808716,0.24055355787277222,-0.9908095598220825,-2.1251978874206543,-0.4387148320674896,0.06724104285240173
430,-8.927461624145508,5.509005546569824,-12.06262493133545,-34.51787185668945,16.034473419189453,-3.1032989025115967,1.515859603881836,0.06268072128295898,0.9502241611480713,2.8432483673095703,-0.20769309997558594,-0.04935634136199951,2.535112142562866,-0.24427634477615356,0.12684378027915955,-1.7014529705047607,-1.3226653337478638,-0.012175992131233215,-1.1647101640701294,0.03567636013031006,-0.8125906586647034,-3.406346321105957,-2.133726119995117,-0.5873807668685913
431,-12.463489532470703,7.385249137878418,-12.925739288330078,-26.197280883789062,20.0,-5.300472259521484,4.036603927612305,-0.21496224403381348,1.8261902332305908,5.015146255493164,0.23113584518432617,0.038165390491485596,2.408445119857788,-0.31668537855148315,0.06121065095067024,-1.7413825988769531,-1.2636626958847046,-0.012473315000534058,-0.5190581679344177,0.2530747056007385,-0.44862276315689087,-4.723030090332031,-1.3108423948287964,-0.3110749125480652
432,-20.744192123413086,5.639237403869629,-7.963292598724365,-12.205321311950684,20.0,-4.487192153930664,20.546560287475586,-2.420118808746338,2.8702032566070557,11.260007858276367,0.3765230178833008,-0.00577998161315918,1.2763972282409668,0.07261938601732254,-0.03375355526804924,0.5467357039451599,-0.3489021062850952,-0.9538086652755737,0.7233746647834778,0.1616826057434082,-0.95754474401474,-4.835751056671143,-1.2590312957763672,-0.7664403915405273
433,-31.62648582458496,-0.11776471138000488,6.723392486572266,-2.533794403076172,17.884489059448242,-4.127691268920898,40.754825592041016,-17.892702102661133,16.915542602539062,6.9215240478515625,0.34753942489624023,-0.1869215965270996,-1.6736944913864136,0.17819653451442719,0.3755700886249542,6.217404842376709,4.146904468536377,-1.426133155822754,3.229926109313965,-0.30239138007164,0.2764814794063568,-8.953067779541016,-0.9378511309623718,-1.954038381576538
434,-52.60236358642578,-4.905488014221191,4.549787521362305,-5.3556365966796875,-0.9029445648193359,0.07433223724365234,67.01136779785156,-15.596723556518555,35.43037796020508,-40.67268753051758,-20.0,7.376567840576172,-4.333195209503174,0.5715183019638062,0.4426622688770294,11.684414863586426,4.382133960723877,-1.4350513219833374,1.6035451889038086,-0.2517395615577698,-0.22085940837860107,-0.7520275712013245,6.345025539398193,0.949914813041687
435,-35.94223403930664,-5.825702667236328,3.6433253288269043,-20.4146728515625,-1.4331064224243164,0.1274482011795044,41.49047088623047,-12.850263595581055,40.953643798828125,-72.4280776977539,-9.34859848022461,-0.127079576253891,-4.540282726287842,0.052991706877946854,0.33742889761924744,6.993649005889893,2.832538366317749,-0.9132863283157349,1.4677925109863281,0.007029235363006592,0.12938006222248077,1.2897324562072754,-2.784604549407959,0.8647968173027039
436,-14.755033493041992,2.0518641471862793,-0.9311326742172241,-14.583891868591309,-1.0852659940719604,0.17115294933319092,10.961414337158203,-11.377992630004883,38.15769958496094,-74.57917022705078,-6.910143852233887,3.4514074325561523,-4.227206707000732,-0.08045341074466705,-0.08735162019729614,1.6810321807861328,0.9815060496330261,0.4208920896053314,2.1498653888702393,-0.12873157858848572,-0.2509708106517792,0.3081851303577423,-2.300626516342163,0.01708918809890747
437,3.0131912231445312,0.6726434230804443,-0.5561109781265259,-4.058417320251465,-0.6695742607116699,0.015855073928833008,-13.01417350769043,-8.656210899353027,26.097627639770508,-72.1146240234375,2.62290096282959,5.043072700500488,-3.317023754119873,0.14134959876537323,-0.2579621970653534,-2.1679866313934326,-1.934810757637024,1.1713639497756958,2.447509765625,0.1448330283164978,-0.33515119552612305,-0.5554227828979492,-1.887292742729187,0.23193950951099396
438,23.446584701538086,4.034231662750244,-3.2301793098449707,6.92188835144043,0.33815908432006836,-0.06294870376586914,-35.03339767456055,-20.769956588745117,19.331867218017578,-56.07032775878906,8.389120101928711,6.16733455657959,-1.6781293153762817,-0.03653164952993393,-0.2333529144525528,-4.178352355957031,-1.8473231792449951,1.3424345254898071,2.4845964908599854,0.0139559805393219,-0.11947222054004669,-0.837333083152771,-1.847466230392456,0.29625317454338074
439,16.466785430908203,5.514980316162109,-4.95986270904541,4.841657638549805,0.12083625793457031,-0.030229568481445312,-18.125904083251953,-6.337949752807617,6.4864420890808105,-18.187328338623047,20.0,6.090569019317627,-0.1420876681804657,0.26664018630981445,-0.4094637930393219,-6.593866348266602,-2.279186964035034,1.8521963357925415,1.82294762134552,0.11225707828998566,0.06568720936775208,-0.009137976914644241,-0.9252688884735107,-0.6522583961486816
440,20.10455322265625,7.116220474243164,-4.424888610839844,13.272907257080078,0.604543149471283,-0.07434844970703125,-18.680734634399414,-12.817842483520508,2.6436641216278076,-15.509081840515137,20.0,4.777285575866699,1.0049675703048706,0.3547804653644562,-0.4065976142883301,-6.791985988616943,-0.19107772409915924,2.5765182971954346,0.7340944409370422,-0.28491586446762085,0.13093465566635132,2.113409996032715,-0.043675657361745834,1.0531302690505981
441,30.658126831054688,13.645587921142578,-22.824417114257812,-23.46133041381836,-17.661104202270508,8.076135635375977,-31.01969337463379,-7.29974365234375,0.4119555950164795,-7.489826202392578,11.251449584960938,2.3350701332092285,2.0933666229248047,1.2486921548843384,0.8459641933441162,-1.2664234638214111,6.191795825958252,-1.008784532546997,-1.3857675790786743,-0.5361151695251465,0.44175904989242554,5.61975622177124,3.119849920272827,1.5733742713928223
442,23.164464950561523,30.103151321411133,-38.21343231201172,-63.01171112060547,-9.213342666625977,17.00701141357422,-30.167924880981445,-2.026637315750122,-1.230419635772705,-6.504968643188477,-0.8694865703582764,-0.16620659828186035,1.385116696357727,0.11477652937173843,0.0034171417355537415,0.8605705499649048,-2.3577277660369873,-4.310561656951904,-3.0267598628997803,-0.39933109283447266,1.1269418001174927,6.506650447845459,1.7199397087097168,1.024989366531372
443,8.482616424560547,26.521587371826172,-48.82844543457031,-100.33841705322266,-12.296112060546875,7.055818557739258,-14.52414608001709,5.301519870758057,-4.213039398193359,-3.104503631591797,-0.48352980613708496,-0.08829796314239502,1.8037676811218262,0.2065334916114807,0.06045246869325638,0.5359330773353577,-2.544874906539917,0.5515771508216858,-2.60983943939209,0.4868732690811157,1.0624275207519531,5.233067512512207,0.9284780621528625,0.49544891715049744
444,6.162031173706055,11.465211868286133,-38.275203704833984,-88.65130615234375,-12.158018112182617,6.20461893081665,-21.790538787841797,1.4588183164596558,-3.922300338745117,-9.145587921142578,-0.6769005060195923,-0.012488603591918945,2.0457565784454346,-0.0009221136569976807,0.196129709482193,-0.4343908727169037,-1.9564480781555176,0.5248745083808899,-2.7186694145202637,0.010109925642609596,0.4402075409889221,2.2134411334991455,0.06726449728012085,0.11304342746734619
445,-3.7147579193115234,8.938516616821289,-28.649169921875,-72.0283203125,-5.830284118652344,2.9891090393066406,-4.847583770751953,6.444079399108887,-5.4316558837890625,-1.1093530654907227,-0.2279430627822876,0.035709887742996216,2.6260814666748047,0.17365393042564392,0.15624333918094635,-1.0479443073272705,-1.7907321453094482,0.32896023988723755,-1.9251561164855957,0.4825552701950073,-0.24647094309329987,0.31522199511528015,-0.7760066390037537,-0.2414020150899887
446,-2.404360771179199,12.586003303527832,-22.12332534790039,-46.63886642456055,2.1890852451324463,2.9724135398864746,-8.479704856872559,-5.4334516525268555,1.6823686361312866,-3.4749069213867188,-0.2637064456939697,0.06981134414672852,2.5550477504730225,-0.06570269167423248,0.19691944122314453,-1.332762598991394,-1.4833087921142578,0.017963754013180733,-1.772569179534912,-0.19335941970348358,-0.4952246844768524,-2.048762798309326,-1.0341609716415405,0.5750204920768738
447,-7.839014053344727,4.268343925476074,-13.794596672058105,-28.955425262451172,12.155017852783203,0.9884634017944336,4.53748083114624,0.8714488744735718,1.1990675926208496,3.2221860885620117,0.11001622676849365,-0.10208099335432053,2.6549124717712402,-0.11064733564853668,0.10093751549720764,-1.3200067281723022,-1.4609198570251465,-0.04461056739091873,-0.869590163230896,0.025772172957658768,-0.264266699552536,-3.354645013809204,-0.6897692680358887,-0.03078223206102848
448,-17.1812744140625,3.827528238296509,-5.028325080871582,-16.280364990234375,19.32616424560547,-1.6388206481933594,12.586058616638184,-3.2245190143585205,2.3669357299804688,5.739589691162109,-0.12212419509887695,-0.04102766513824463,2.2552683353424072,-0.2620455324649811,0.05806722491979599,-0.7704982757568359,-1.1939961910247803,-0.3125014007091522,0.0432480163872242,-0.5179663300514221,-0.6244885921478271,-4.2720417976379395,-3.3050122261047363,-0.7499974370002747
449,-28.391860961914062,0.960839569568634,3.579739570617676,-10.715510368347168,20.0,-3.527966022491455,27.42401885986328,-1.9008164405822754,4.731845855712891,7.387992858886719,0.7524458169937134,-0.03903841972351074,0.13035522401332855,0.02184600755572319,0.0003823526203632355,2.6644351482391357,1.1354241371154785,-0.34345322847366333,1.5216377973556519,-0.15409226715564728,-0.42584431171417236,-6.753981113433838,-0.4774755835533142,-1.6251097917556763
450,-45.92670440673828,-5.1198601722717285,10.04288387298584,-12.570959091186523,8.909011840820312,-3.4906768798828125,48.290348052978516,-11.16926383972168,17.456382751464844,-7.907644271850586,-10.093022346496582,3.6677517890930176,-1.7109860181808472,0.10516180098056793,0.2179524451494217,6.100986957550049,4.516727447509766,-0.7041478157043457,1.821403980255127,-0.7297166585922241,-0.1411922574043274,-1.9783011674880981,10.756393432617188,0.7865562438964844
451,-36.56711959838867,-11.626083374023438,8.379868507385254,-6.491832733154297,-1.1511473655700684,-0.04044675827026367,38.07191848754883,-8.896764755249023,31.042598724365234,-77.15322875976562,-2.3791675567626953,-5.712291717529297,-3.5772716999053955,-0.12245973944664001,-0.0329316183924675,7.322437763214111,2.2544946670532227,-1.130452275276184,1.2781903743743896,-0.265456885099411,-0.2060764729976654,1.1969592571258545,-2.7911171913146973,0.9272433519363403
452,-38.572940826416016,-2.58927845954895,3.201256275177002,-12.587697982788086,-1.0212417840957642,0.13677635788917542,41.521087646484375,-18.6613826751709,43.83222198486328,-76.77975463867188,3.3880181312561035,0.9709435701370239,-4.313009738922119,-0.07989127933979034,0.11580978333950043,4.694042205810547,1.2125147581100464,0.16811712086200714,1.906870722770691,-0.01959317922592163,-0.4295942783355713,0.15811915695667267,-2.079221725463867,0.043610766530036926
453,-17.95064353942871,-3.669262409210205,2.5602352619171143,-8.137040138244629,-0.6509500741958618,0.025648832321166992,14.49612808227539,-8.997794151306152,38.723121643066406,-70.5402603149414,8.748376846313477,3.231445789337158,-4.321096897125244,-0.5250070691108704,0.19765089452266693,1.2938122749328613,0.5869843363761902,1.1538498401641846,2.2630677223205566,-0.0556941032409668,-0.42822107672691345,-0.6238800287246704,-1.695390224456787,-0.07941882312297821
454,5.34440803527832,4.548383712768555,-3.2333781719207764,-3.76580810546875,-0.36240434646606445,-0.08497798442840576,-12.813321113586426,-6.868581771850586,25.69064712524414,-55.9365119934082,16.138227462768555,1.9693405628204346,-3.2676172256469727,-0.16547563672065735,-0.15760016441345215,-2.61518931388855,-0.11855600774288177,0.7190263867378235,2.510938882827759,0.28416821360588074,-0.4557453989982605,-1.3590773344039917,-1.4290493726730347,0.07450303435325623
455,9.662191390991211,0.7188457250595093,-0.24817931652069092,3.475597381591797,-0.1259530782699585,-0.030452728271484375,-10.297918319702148,-8.504228591918945,11.293764114379883,-24.64964485168457,20.0,4.0818328857421875,-1.9703588485717773,-0.39118385314941406,-0.19221732020378113,-4.874419689178467,-0.7180860042572021,1.2502862215042114,2.631054639816284,0.29674631357192993,-0.3025842308998108,-1.3971641063690186,-1.3879830837249756,-0.1273553967475891
456,19.850574493408203,3.560722827911377,-1.1347991228103638,9.002803802490234,0.10040044784545898,-0.037062644958496094,-14.170475006103516,-7.372999668121338,3.9374141693115234,-10.17784309387207,20.0,5.346080780029297,-0.1876148134469986,-0.3634650409221649,0.22505605220794678,-6.25473165512085,-1.5230547189712524,2.6134469509124756,1.9740136861801147,-0.07437309622764587,-0.2415565550327301,0.4263894855976105,-0.23096005618572235,-0.4707988202571869
457,39.89961242675781,13.055521965026855,-10.718452453613281,12.979736328125,0.6674665212631226,-0.10828638076782227,-39.44318389892578,2.812919855117798,-5.386602878570557,-11.778091430664062,18.884679794311523,6.073868751525879,1.3579922914505005,0.9982895851135254,0.08556979894638062,-2.830723285675049,8.879338264465332,-0.8834059238433838,-0.8029913902282715,0.26726484298706055,0.21317312121391296,4.459935188293457,3.40427303314209,-0.5418404936790466
458,39.173519134521484,17.907455444335938,-34.042327880859375,-66.44606018066406,-4.6624040603637695,18.516822814941406,-39.71886444091797,0.22937726974487305,-2.9835736751556396,-2.4646682739257812,-0.6472620964050293,0.1739790439605713,1.8193966150283813,0.02089567482471466,-0.16757799685001373,0.5529464483261108,-2.3257250785827637,-4.553760528564453,-2.9219226837158203,-0.6291850805282593,0.5290403366088867,8.274514198303223,3.717275857925415,1.480184555053711
459,30.74929428100586,33.157257080078125,-49.880157470703125,-80.23512268066406,-11.461767196655273,6.836627006530762,-34.94872283935547,0.31789106130599976,-2.937673807144165,-11.364618301391602,-1.2056407928466797,-0.11302804946899414,1.6953234672546387,0.1773662567138672,0.14473463594913483,0.51023930311203,-2.3874614238739014,0.4687889516353607,-3.9292759895324707,0.22251273691654205,1.0408132076263428,6.279874324798584,1.7191604375839233,1.4554059505462646
460,14.558935165405273,14.762648582458496,-39.625850677490234,-77.65806579589844,-7.785318374633789,3.520338296890259,-19.62367057800293,2.2816035747528076,-2.622661590576172,-10.262300491333008,-0.7584210634231567,-0.20966044068336487,2.2817671298980713,0.07771322876214981,0.09850495308637619,-0.4080563485622406,-2.061763286590576,0.6594420671463013,-3.667221784591675,0.5055567026138306,1.0402082204818726,2.732710123062134,0.8904485702514648,-0.2778095602989197
461,-10.991313934326172,19.27971839904785,-32.97210693359375,-70.2591781616211,-6.518501281738281,1.5561147928237915,1.8338727951049805,-4.58723258972168,1.225785732269287,-4.9987406730651855,-0.3703974485397339,0.054123520851135254,2.7837491035461426,0.23274357616901398,0.010858342051506042,-1.119505763053894,-1.8663963079452515,0.326160728931427,-2.4923007488250732,0.5341560244560242,0.7381976246833801,-1.0946177244186401,0.5741294026374817,0.36291372776031494
462,-15.5826416015625,12.380477905273438,-19.90460968017578,-62.362823486328125,0.8993837833404541,0.2427760809659958,2.712827682495117,1.2407963275909424,-4.666891574859619,6.694252014160156,-0.11360883712768555,0.03174710273742676,2.718592405319214,0.20053225755691528,0.05197042599320412,-1.462450385093689,-1.6190404891967773,0.07937586307525635,-2.1847481727600098,-0.09852584451436996,-0.6913014054298401,-1.040207028388977,-0.9647229313850403,-0.34087812900543213
463,-11.947603225708008,7.290426731109619,-16.27892303466797,-43.079368591308594,7.303899765014648,-0.8506950736045837,4.224881649017334,-0.19729948043823242,0.6966428756713867,4.809601306915283,0.06120705604553223,0.039623767137527466,2.758458137512207,-0.022737856954336166,0.051974546164274216,-1.6334360837936401,-1.4629473686218262,-0.018287360668182373,-1.5749262571334839,-0.5100614428520203,-0.9131469130516052,-1.2137278318405151,-1.939056396484375,-0.23596355319023132
464,-8.700450897216797,7.31735897064209,-14.436565399169922,-30.418262481689453,16.862539291381836,-2.8572440147399902,2.26222562789917,3.445444107055664,-0.0436863899230957,1.5147161483764648,0.1399679183959961,-0.023593425750732422,2.714061737060547,0.07023921608924866,-0.16966612637043,-1.6899895668029785,-1.3612250089645386,-0.21729528903961182,-0.7633545398712158,-0.003635154105722904,-0.9111998081207275,-3.0672571659088135,-1.4938838481903076,-0.847257673740387
465,-14.422422409057617,1.0051251649856567,-1.123816967010498,-11.97407341003418,20.0,-3.9339890480041504,11.868905067443848,-4.636368274688721,4.479527473449707,2.4043827056884766,0.05458498001098633,0.014499425888061523,2.1841020584106445,0.05773456394672394,0.1947847306728363,-0.7997053265571594,-0.6694579124450684,-0.2983442544937134,0.2467595487833023,-0.11092480272054672,-0.4773804545402527,-5.398985385894775,-1.8836246728897095,-1.0707590579986572
466,-23.97376823425293,-1.5478557348251343,8.144441604614258,-0.5852565765380859,20.0,-4.6292405128479,32.357749938964844,-11.761802673339844,11.145977020263672,7.291027069091797,0.45411932468414307,-0.03247809410095215,-0.38818925619125366,-0.05242275819182396,0.2999681532382965,4.29041862487793,2.8644649982452393,-0.7648550868034363,2.4149110317230225,-0.8254311680793762,-0.13772176206111908,-8.365482330322266,-0.7442213296890259,-1.2918304204940796
467,-53.35271453857422,-6.824635028839111,8.532696723937988,-7.32037353515625,-0.4972419738769531,-0.1019432544708252,58.76513671875,-7.878561019897461,16.81486701965332,11.950923919677734,-5.551940441131592,-3.1818366050720215,-3.2391722202301025,0.38700252771377563,1.102097749710083,9.650666236877441,5.553905963897705,-1.8692119121551514,1.6797986030578613,-0.9373555183410645,-0.36842361092567444,-0.8451098799705505,7.551628112792969,1.703620195388794
468,-42.77832794189453,-3.370007038116455,1.0931543111801147,-19.46729278564453,-1.9224212169647217,0.2510504722595215,44.5611572265625,-13.442876815795898,36.74388122558594,-40.22320556640625,-17.124298095703125,-6.553699493408203,-4.583803653717041,-0.5784368515014648,-0.2617708742618561,6.871293544769287,0.2511919438838959,-0.6082833409309387,1.8294326066970825,0.03757409006357193,0.5466651320457458,-0.5783659815788269,6.2408952713012695,1.1450626850128174
469,-9.588212966918945,3.355619430541992,-2.1793768405914307,-11.144536018371582,-0.47683221101760864,0.1217661201953888,12.54316520690918,-17.513511657714844,38.66976547241211,-81.17903900146484,3.560312271118164,-0.5346571207046509,-3.706188201904297,-0.26959162950515747,-0.11507658660411835,2.084512233734131,0.39942559599876404,0.15091514587402344,1.680063247680664,-0.16118255257606506,-0.11380413174629211,0.9546607732772827,-2.5498433113098145,-0.021564781665802002
470,-1.7531194686889648,-1.8225303888320923,2.1418445110321045,-0.23476624488830566,-0.37750911712646484,0.004515409469604492,1.1986150741577148,-11.138404846191406,28.322288513183594,-73.20947265625,6.264275550842285,2.5645618438720703,-2.9822826385498047,-0.07733142375946045,0.19774968922138214,0.03280026465654373,-1.504033088684082,1.0102884769439697,2.2466650009155273,0.011227577924728394,-0.20632201433181763,0.11281460523605347,-2.0920653343200684,-0.0012723207473754883
471,5.2184295654296875,4.789579391479492,-3.2570853233337402,-2.280721664428711,-0.06034660339355469,-0.03707146644592285,-9.671098709106445,-13.919431686401367,18.891016006469727,-45.68424987792969,17.354978561401367,2.834855556488037,-1.9290920495986938,0.16346609592437744,-0.06517026573419571,-3.5958266258239746,-1.3119570016860962,1.2802236080169678,2.44171404838562,0.17985744774341583,-0.1978948414325714,-0.43251103162765503,-1.9155325889587402,0.14455807209014893
472,15.656014442443848,1.7469693422317505,-1.9486318826675415,5.59046745300293,-0.004675865173339844,-0.05541706085205078,-22.46718978881836,-12.775952339172363,10.980084419250488,-33.08523941040039,20.0,3.6233644485473633,-0.5159101486206055,-0.12029270827770233,-0.05901187285780907,-6.1764984130859375,-2.387483835220337,1.8660386800765991,2.2819132804870605,0.043575070798397064,0.030480578541755676,-0.48223114013671875,-1.8624752759933472,0.06306356191635132
473,26.564380645751953,8.087368965148926,-7.24150276184082,11.058588027954102,0.6312106847763062,-0.06304550170898438,-23.029930114746094,0.7903993129730225,-2.0152902603149414,-7.384692192077637,20.0,4.118746757507324,0.987525999546051,0.1699868142604828,-0.9196690917015076,-7.334624290466309,-0.14827102422714233,1.9689692258834839,0.2553856670856476,0.09868595749139786,0.21369892358779907,2.661792516708374,0.7418467402458191,-0.36302560567855835
474,36.444969177246094,16.44550323486328,-28.744821548461914,-42.584922790527344,-18.79241371154785,8.55004596710205,-38.88621139526367,0.4707646369934082,-5.214816570281982,-0.3564872741699219,1.1835479736328125,0.44813013076782227,2.4221689701080322,0.4859754145145416,0.2759194076061249,-1.4258860349655151,7.234621047973633,-2.5459372997283936,-1.8831276893615723,-0.723709762096405,-0.19020193815231323,7.697751998901367,4.832489013671875,1.7122304439544678
475,13.519827842712402,23.606287002563477,-37.24871063232422,-76.03680419921875,-12.364678382873535,8.352148056030273,-22.679723739624023,-0.3935905992984772,2.155938148498535,-10.593189239501953,-1.4344027042388916,-0.2724844217300415,1.5483566522598267,-0.1741589903831482,0.32356536388397217,1.0627427101135254,-2.621396541595459,0.4752553701400757,-2.4789154529571533,0.15178945660591125,1.7270970344543457,5.955496788024902,0.11153358966112137,0.7340558171272278
476,9.290355682373047,11.091809272766113,-32.51969909667969,-85.56480407714844,-10.168649673461914,3.906750202178955,-21.116374969482422,15.108521461486816,-12.595508575439453,-6.50311279296875,-0.3475837707519531,-0.014046549797058105,1.6947599649429321,0.03367549926042557,0.06327185779809952,0.3781893849372864,-2.338932991027832,0.616823673248291,-2.65049409866333,1.0681008100509644,0.5196614265441895,3.861485004425049,0.7421842217445374,-0.7140281200408936
477,10.314504623413086,16.957714080810547,-33.650474548339844,-75.47151184082031,-5.078675746917725,2.600170135498047,-16.11510467529297,-3.1014373302459717,-1.465559482574463,-5.890002250671387,-0.5884484052658081,0.15628096461296082,2.4578592777252197,-0.27183735370635986,0.22759684920310974,-0.5270398855209351,-1.9679805040359497,0.6741125583648682,-2.096867084503174,0.13961942493915558,-0.24646314978599548,1.5387765169143677,-0.8226286172866821,0.2404615432024002
478,-2.458852767944336,14.294994354248047,-30.20298194885254,-59.8996467590332,0.8650505542755127,0.8936694860458374,-9.525152206420898,0.8181850910186768,-2.256472110748291,-2.583146095275879,-0.17593050003051758,0.014434278011322021,2.5892696380615234,0.12969397008419037,0.2978667616844177,-0.9090503454208374,-1.8560986518859863,0.4319021701812744,-1.9493640661239624,0.5665969848632812,-0.7797655463218689,-0.7240719795227051,-0.544480562210083,0.10421513020992279
479,-13.735514640808105,15.253894805908203,-22.331005096435547,-53.79158020019531,12.422865867614746,-2.026799440383911,4.808021068572998,-1.0712858438491821,1.983860731124878,3.3860387802124023,-0.19407033920288086,-0.0617748498916626,2.80708646774292,-0.1929720640182495,-0.059655193239450455,-1.4124417304992676,-1.613501787185669,0.0779629796743393,-0.8655158281326294,0.3546435534954071,-0.8887205719947815,-2.038222312927246,-3.059828519821167,-0.5624589920043945
480,-12.773924827575684,10.47978687286377,-17.949169158935547,-47.79237747192383,18.033451080322266,-3.560946464538574,-1.7637619972229004,-0.9729762673377991,0.7436025142669678,2.855083465576172,0.2669243812561035,0.0550386905670166,2.704768180847168,-0.24715687334537506,0.12054818123579025,-1.8165630102157593,-1.3075177669525146,0.04791627079248428,-0.5689486265182495,0.33093613386154175,-0.7119373083114624,-3.7114906311035156,-1.8327486515045166,-0.35511070489883423
481,-6.866462230682373,11.752700805664062,-17.648576736450195,-32.914024353027344,20.0,-6.683714389801025,-0.8426892757415771,-3.6486804485321045,2.682317018508911,8.261783599853516,0.3680511713027954,-0.020588159561157227,2.667659282684326,-0.39731311798095703,0.2228643149137497,-1.8518162965774536,-1.1199926137924194,0.349336177110672,-0.380703330039978,0.12685154378414154,-0.33281582593917847,-3.226443290710449,-0.13714221119880676,-0.7948961853981018
482,-29.19757843017578,7.207216262817383,-0.6638929843902588,-3.763216972351074,20.0,-4.215895175933838,33.744606018066406,-13.999738693237305,10.438499450683594,5.166019439697266,-0.0004291534423828125,-0.030001401901245117,0.1455135941505432,0.12736941874027252,0.32442787289619446,3.1687967777252197,1.975972056388855,-2.0696804523468018,1.8454753160476685,-0.4219992756843567,-0.6730422377586365,-6.458364009857178,-2.153670072555542,-1.190364956855774
483,-48.71202850341797,2.3980088233947754,4.7221198081970215,-4.808864593505859,1.5917510986328125,-0.2390422821044922,54.672706604003906,-14.510087966918945,24.79181480407715,-25.006118774414062,-20.0,7.45340633392334,-2.29298734664917,0.6254090070724487,0.9664815068244934,7.955575466156006,7.324352741241455,-2.0797033309936523,2.4723169803619385,-1.179307222366333,-1.2978041172027588,-2.6656484603881836,9.41812801361084,-6.856634140014648
484,-38.55379867553711,-4.50249719619751,1.9150445461273193,-10.957622528076172,-1.8682940006256104,0.30522236227989197,42.43858337402344,-12.709320068359375,38.39783477783203,-69.52640533447266,-7.7592315673828125,-0.7884318828582764,-4.147892475128174,0.4386194944381714,-0.36882972717285156,8.479635238647461,1.549845576286316,0.2351270467042923,1.597859263420105,0.3746820092201233,0.4495764374732971,1.6932852268218994,-2.0963966846466064,0.28173667192459106
485,-16.94445037841797,-2.261748790740967,2.4753665924072266,-12.831042289733887,-0.5934648513793945,-0.06325292587280273,10.488122940063477,-15.873382568359375,41.05757141113281,-83.61652374267578,-11.064188003540039,3.9581685066223145,-4.055169105529785,0.1261231005191803,-0.010749660432338715,4.2430949211120605,2.56260085105896,-0.18080969154834747,1.7117520570755005,0.04092726111412048,-0.07453314960002899,0.2559310793876648,-2.1008248329162598,0.03456355631351471
486,-4.726642608642578,-5.263376235961914,2.794477939605713,-8.54701042175293,-0.914080023765564,0.04885721206665039,-1.736861228942871,-9.14494514465332,26.851011276245117,-68.4280014038086,-2.752833366394043,3.218118190765381,-3.335174083709717,-0.48228001594543457,-0.2071298211812973,0.03734578937292099,-0.29522988200187683,0.5949285626411438,2.1667232513427734,0.00707775354385376,-0.0778450071811676,-0.4739404022693634,-1.8129018545150757,0.05880670249462128
487,2.4019460678100586,0.5156608819961548,0.6942782402038574,-0.11538505554199219,-0.20135021209716797,-0.0581974983215332,-10.949653625488281,-6.947174549102783,17.03571128845215,-55.989341735839844,9.27094554901123,4.360853672027588,-2.865086793899536,-0.06581270694732666,-0.22671586275100708,-2.1585936546325684,-0.968590497970581,0.6916663646697998,2.2509708404541016,0.25817662477493286,-0.30720779299736023,-1.0370783805847168,-1.532135248184204,0.25095272064208984
488,9.551862716674805,2.3360671997070312,-0.8915489912033081,2.589160919189453,-0.14349031448364258,-0.028296232223510742,-9.797987937927246,-12.895323753356934,13.143693923950195,-34.831607818603516,19.430784225463867,6.078438758850098,-1.2443394660949707,0.0993448793888092,-0.04575728625059128,-4.698294639587402,-2.5207197666168213,1.2729356288909912,2.7183709144592285,0.35275858640670776,-0.27139484882354736,-1.4241750240325928,-1.362739086151123,-0.11937767267227173
489,17.018430709838867,2.246689796447754,-1.1062257289886475,12.863053321838379,0.5845577716827393,-0.07217168807983398,-24.88421630859375,-21.0833797454834,11.295848846435547,-32.975181579589844,20.0,6.5229363441467285,-0.4509977400302887,0.008135704323649406,0.3976871371269226,-4.3830790519714355,-1.2720134258270264,1.9481735229492188,2.415095567703247,0.12048205733299255,-0.08020810782909393,-1.206325650215149,-1.499452829360962,0.14618796110153198
490,16.87911605834961,9.987351417541504,-8.981494903564453,5.606189727783203,0.233270525932312,-0.06969022750854492,-13.505229949951172,-8.407576560974121,0.8163833022117615,-4.997033596038818,20.0,4.386030197143555,0.8044916987419128,0.1643182337284088,-0.7184427976608276,-6.271053314208984,-0.6827859282493591,1.626257061958313,0.8146655559539795,-0.028254322707653046,-0.05986734479665756,1.567845106124878,0.34202539920806885,1.2037917375564575
491,31.157676696777344,13.196669578552246,-10.315196990966797,11.481399536132812,0.29660654067993164,0.05086469650268555,-24.746912002563477,-4.061738014221191,-1.0932812690734863,-0.8977813720703125,12.719237327575684,2.5089938640594482,2.301079273223877,0.9906975030899048,0.1832268238067627,-1.7533750534057617,7.604203224182129,-1.1484875679016113,-1.8569759130477905,-0.34147581458091736,0.4477011263370514,6.078639030456543,3.891383171081543,1.6002548933029175
492,36.126136779785156,18.354366302490234,-35.50579833984375,-54.50418472290039,-20.0,13.509410858154297,-39.450504302978516,5.602291584014893,-5.731480598449707,-4.4944305419921875,-0.9297194480895996,-0.14935219287872314,1.5672029256820679,-0.2790629267692566,-0.3324120044708252,0.7123522162437439,-2.3428313732147217,-4.991576194763184,-3.8333704471588135,-0.41936397552490234,0.8745680451393127,9.351554870605469,2.1167314052581787,0.8281102776527405
493,21.020978927612305,26.65300750732422,-42.449344635009766,-66.78894805908203,-11.985566139221191,6.828591823577881,-26.34807014465332,-4.503570556640625,0.9261322021484375,-16.65920066833496,-0.9982056617736816,-0.0895843505859375,1.475987434387207,0.017677679657936096,0.19352872669696808,0.957909107208252,-2.510779857635498,0.4524115324020386,-3.9816267490386963,0.1387837529182434,1.5501387119293213,5.042253494262695,1.4568185806274414,1.0875957012176514
494,-3.772273540496826,14.166655540466309,-32.99494934082031,-81.19047546386719,-11.435647964477539,4.26133918762207,-4.971427917480469,4.581233501434326,-5.207589149475098,-6.254105567932129,-0.48603391647338867,-0.07900965213775635,2.062896251678467,0.1744566708803177,0.02002400904893875,0.14679332077503204,-2.356292724609375,0.5072205662727356,-3.069749593734741,0.5261343717575073,0.8011676073074341,1.576223611831665,0.8306381702423096,0.24881240725517273
495,-15.268921852111816,15.50078296661377,-24.50980567932129,-70.81951141357422,-5.429504871368408,1.540828824043274,0.9076509475708008,-2.1535096168518066,-1.3418164253234863,-2.489529609680176,-0.36107251048088074,0.008750610053539276,2.1377696990966797,-0.00018736720085144043,0.00030810385942459106,-0.4781467914581299,-2.0074422359466553,0.31323105096817017,-2.370784044265747,-0.220197856426239,-0.13076795637607574,-1.2321468591690063,-0.055497363209724426,-0.05838388949632645
496,-19.02606201171875,8.258528709411621,-16.59808349609375,-66.39788818359375,0.17469000816345215,0.02543085813522339,8.429595947265625,3.0071828365325928,-1.6927969455718994,5.9866180419921875,0.005998134613037109,0.04063917696475983,2.5440402030944824,-0.14393973350524902,0.10272529721260071,-1.0758099555969238,-1.786583662033081,0.23398447036743164,-1.3017703294754028,-0.3505556285381317,-0.3685344159603119,-1.9870848655700684,-1.2178882360458374,0.10534487664699554
497,-5.646547317504883,15.709264755249023,-19.064558029174805,-52.263465881347656,9.610736846923828,-3.2004692554473877,-4.260569095611572,2.40159273147583,-2.6262688636779785,4.396496772766113,-0.044615983963012695,0.0035201311111450195,2.8093442916870117,0.055103931576013565,0.1450149565935135,-1.3769710063934326,-1.633371353149414,0.4296713173389435,-0.7194004654884338,-0.08383725583553314,-0.9253821969032288,-2.9789628982543945,-1.919654130935669,-0.49775928258895874
498,-5.036660194396973,13.364218711853027,-14.113456726074219,-34.804229736328125,20.0,-5.106695175170898,-2.4875288009643555,-3.9415347576141357,3.376943588256836,4.756105422973633,0.09793734550476074,-0.012128949165344238,2.9577219486236572,-0.23976609110832214,0.23187266290187836,-1.7553331851959229,-1.3988553285598755,0.023551251739263535,-0.3020935356616974,-0.4305109977722168,-0.5441416501998901,-3.639972448348999,-1.9021422863006592,-0.8213537335395813
499,-14.589879035949707,9.952475547790527,-5.19074821472168,-11.008172035217285,20.0,-4.04832124710083,10.321089744567871,-3.902381658554077,4.112522602081299,6.660932540893555,0.2646353244781494,0.04388117790222168,1.6711186170578003,-0.07732222974300385,0.062442585825920105,0.21973517537117004,-0.5179149508476257,-0.7741769552230835,0.21252687275409698,-0.39298519492149353,-0.4798634350299835,-4.233078956604004,-1.6304292678833008,-0.5415894389152527
500,-28.062400817871094,0.17255471646785736,3.8008997440338135,-10.671849250793457,18.98406219482422,-4.571707248687744,31.64992904663086,-9.278009414672852,10.30781078338623,7.859859466552734,0.4503600597381592,-0.13938450813293457,-0.08210145682096481,-0.1488427370786667,0.28105682134628296,3.42807936668396,2.091278553009033,-0.2089919000864029,2.0949292182922363,-0.562920868396759,0.40190306305885315,-6.781991481781006,-0.6773582100868225,-1.741725206375122
501,-62.089393615722656,-7.578790664672852,6.886937141418457,-5.552913665771484,-0.46471500396728516,-0.10235095024108887,77.48129272460938,-9.56271743774414,23.814739227294922,-32.54656219482422,-19.53607177734375,-7.606271266937256,-3.484935760498047,0.8621453642845154,0.8061804175376892,9.448161125183105,5.284361839294434,-1.0684292316436768,1.6360582113265991,-0.17619654536247253,-0.4418950378894806,-1.2681324481964111,8.540040969848633,0.0032776594161987305
502,-37.049468994140625,-11.728330612182617,6.892370223999023,-11.67239761352539,-1.4509563446044922,0.06420040130615234,42.87564468383789,-15.351557731628418,40.7870979309082,-72.05219268798828,-5.565999507904053,-4.275691509246826,-4.749511241912842,-0.37407833337783813,0.3383365273475647,8.529520034790039,2.2454237937927246,-0.6982465982437134,1.1937774419784546,-0.07862222194671631,-0.1734577864408493,1.4240559339523315,-2.63527774810791,0.041402459144592285
503,-15.283973693847656,0.980736494064331,-1.0231990814208984,-15.861638069152832,-0.8662490844726562,0.09392321109771729,13.62027645111084,-7.51400089263916,38.19749450683594,-77.2874755859375,-7.398807525634766,1.06905996799469,-4.211331367492676,-0.4421032965183258,0.009166695177555084,3.069068193435669,1.9228612184524536,-0.5491498112678528,1.9377609491348267,0.04862359166145325,-0.35812753438949585,0.3717188537120819,-2.2013139724731445,-0.043897852301597595
504,-9.257369995117188,3.069962978363037,-0.5232659578323364,-9.173425674438477,-0.9338153004646301,0.0933043360710144,5.861258506774902,-13.631500244140625,29.516504287719727,-63.25508117675781,3.471370220184326,3.3894264698028564,-3.4889261722564697,-0.14789098501205444,0.18217861652374268,-1.6339428424835205,-0.4859529137611389,0.37198156118392944,2.3833000659942627,0.2976369559764862,-0.26396262645721436,-0.4063263237476349,-1.794181227684021,-0.11416852474212646
505,11.881303787231445,0.701301097869873,-0.01965200901031494,5.8296051025390625,-0.09096860885620117,0.010253190994262695,-21.15362548828125,-17.854307174682617,20.453582763671875,-60.4310302734375,9.736252784729004,3.311223268508911,-2.5638437271118164,-0.4205016493797302,0.2828356921672821,-3.227748155593872,-2.0487828254699707,1.360560417175293,2.4591550827026367,0.08106836676597595,-0.22619560360908508,-0.7538905143737793,-1.824420690536499,0.4494234323501587
506,13.881213188171387,4.811062335968018,-3.664374828338623,10.817869186401367,0.46898841857910156,-0.08770227432250977,-19.681623458862305,-21.766944885253906,19.595497131347656,-49.40357971191406,20.0,4.511839866638184,-1.5655649900436401,-0.09535443037748337,0.17536957561969757,-3.247199535369873,-1.0659968852996826,1.2627917528152466,2.504225254058838,0.2618004083633423,-0.10754729062318802,-1.0951977968215942,-1.5525885820388794,0.051738858222961426
507,25.76752471923828,13.848920822143555,-12.058882713317871,4.365055084228516,0.1506669521331787,0.07174253463745117,-27.128082275390625,-16.461650848388672,7.385548114776611,-19.65119743347168,20.0,4.808868408203125,0.3494988679885864,0.2535003423690796,-1.011843204498291,-6.155616283416748,-1.5225480794906616,1.987791657447815,1.443748116493225,0.30592629313468933,0.06739147007465363,0.5506471395492554,-0.1956089586019516,0.41957026720046997
508,38.76142501831055,26.880830764770508,-18.404537200927734,5.901653289794922,0.16313505172729492,0.057352542877197266,-34.677818298339844,-7.951677322387695,-0.3402059078216553,2.5012149810791016,9.89990234375,1.9549493789672852,2.7091338634490967,1.6986286640167236,-0.5130632519721985,-5.874415397644043,6.9510955810546875,-1.5440821647644043,-1.6542894840240479,-0.16671432554721832,0.39216333627700806,6.202150821685791,4.2970290184021,1.9684566259384155
509,27.955398559570312,15.259716033935547,-41.267051696777344,-52.61792755126953,-20.0,6.810490608215332,-32.66359329223633,6.042759895324707,-3.8597230911254883,-4.178035736083984,-0.9160242080688477,-0.20410466194152832,1.3762493133544922,0.013078510761260986,0.1565427929162979,1.1820175647735596,-2.552987813949585,0.4961042106151581,-3.083275079727173,-0.06807216256856918,1.2262797355651855,8.787699699401855,2.403470993041992,1.238468885421753
510,8.737664222717285,17.110679626464844,-34.83152389526367,-73.45706939697266,-16.354921340942383,8.690022468566895,-16.962398529052734,-1.0535670518875122,-2.14459228515625,-13.619220733642578,-0.9453014135360718,-0.10746026039123535,1.8649749755859375,0.052538685500621796,0.2859451174736023,0.46865466237068176,-2.3727762699127197,0.38647013902664185,-2.817873001098633,0.0428391769528389,1.1916775703430176,5.065581321716309,0.7834507822990417,0.7840797901153564
511,-9.071100234985352,16.330448150634766,-27.435922622680664,-70.14878845214844,-15.795763969421387,4.848081111907959,-3.1196117401123047,1.3610320091247559,-3.091359853744507,-7.819134712219238,-0.4456463158130646,-0.03665268421173096,2.0111167430877686,0.07785667479038239,0.028224529698491096,-0.005335170775651932,-2.1994521617889404,0.2607569992542267,-2.0857925415039062,0.07520323246717453,0.34176674485206604,1.6364449262619019,0.04588868096470833,0.47742611169815063
512,-2.7495927810668945,14.072003364562988,-26.46793556213379,-74.58313751220703,-8.597067832946777,2.778228521347046,-10.395574569702148,1.3967854976654053,-3.584531307220459,-2.673367500305176,-0.39218854904174805,0.001779608428478241,2.2621748447418213,0.04736126959323883,0.16878056526184082,-0.672804057598114,-1.8883113861083984,0.5045512914657593,-1.7989964485168457,-0.3345497250556946,-0.5650749206542969,-0.5537199974060059,-1.0754011869430542,0.030604185536503792
513,-15.680427551269531,11.753437042236328,-26.93793487548828,-74.4122085571289,-1.738856315612793,-1.615753173828125,1.4211344718933105,5.677126884460449,-2.7557196617126465,6.587048530578613,0.30665725469589233,-0.0012711882591247559,2.4950075149536133,0.18304729461669922,0.17097574472427368,-1.253760814666748,-1.767861247062683,0.5109027028083801,-1.3868334293365479,0.2536431849002838,-0.7366140484809875,-0.7261715531349182,0.012028598226606846,-0.4709034860134125
514,-8.402960777282715,4.458136558532715,-16.84136962890625,-55.03792953491211,6.206812858581543,-1.0229544639587402,-5.582314968109131,2.4749913215637207,-1.6900129318237305,-0.0939788818359375,-0.43072938919067383,0.06992948055267334,2.458676338195801,-0.06683994829654694,0.30744901299476624,-1.7466943264007568,-1.2903423309326172,0.14232540130615234,-1.0895615816116333,0.04679715260863304,-0.8861224055290222,-2.562605142593384,-2.320712089538574,-0.3446826934814453
515,0.5843935012817383,12.253573417663574,-14.717785835266113,-27.733020782470703,16.935285568237305,-3.408977746963501,-1.329882264137268,-3.880537748336792,3.814375877380371,4.813562393188477,0.266768217086792,-0.032004714012145996,2.7126102447509766,-0.5049035549163818,0.11930246651172638,-1.8393992185592651,-1.1617902517318726,0.21288451552391052,-0.36666834354400635,-0.3891774117946625,-0.5249775052070618,-2.833489418029785,-1.6261669397354126,-0.665881872177124
516,-4.062880516052246,5.036889553070068,-8.979837417602539,-11.345057487487793,20.0,-4.231235027313232,-1.923563003540039,4.535601615905762,-2.367476463317871,4.2093400955200195,0.10374069213867188,0.06427347660064697,2.204244375228882,-0.12026946991682053,0.09932355582714081,-1.1940739154815674,-1.1659096479415894,-0.2746829390525818,-0.3664659559726715,0.39199066162109375,-0.5753831267356873,-3.462017297744751,-1.428696632385254,-0.8814715147018433
517,-8.691900253295898,-4.09223747253418,-3.6393613815307617,-9.161598205566406,20.0,-5.079678058624268,8.834979057312012,-1.6982301473617554,2.1354355812072754,5.902190208435059,0.29640841484069824,0.05375516414642334,1.5562679767608643,-0.27530550956726074,0.34677162766456604,0.04061279445886612,-0.6305726170539856,-0.31922608613967896,0.19853146374225616,0.0050070579163730145,-0.35632243752479553,-3.871281862258911,-0.541912853717804,-0.8881804347038269
518,-32.740699768066406,-2.8125815391540527,5.963545799255371,3.7606239318847656,14.256911277770996,-3.045539140701294,46.086273193359375,-16.479995727539062,15.820915222167969,5.3326416015625,0.30370259284973145,-0.0906376838684082,-1.919819712638855,-0.11989259719848633,0.5466527342796326,7.3769025802612305,5.073549747467041,-1.2679251432418823,3.1691482067108154,-0.5228935480117798,0.2296246886253357,-8.464338302612305,-0.5899937152862549,-1.0116010904312134
519,-61.3135986328125,-4.152704238891602,3.766575574874878,-10.529167175292969,-1.2814393043518066,0.09255480766296387,81.38611602783203,-11.070744514465332,29.289758682250977,-36.071353912353516,-20.0,-3.0256965160369873,-4.5249552726745605,0.4532206058502197,0.041672125458717346,11.637066841125488,4.007008075714111,-1.1855138540267944,2.054561138153076,0.15076251327991486,-0.027352556586265564,-0.21151691675186157,6.924455642700195,0.43129241466522217
520,-28.105438232421875,-1.3196487426757812,0.6491037607192993,-19.853904724121094,-1.3499140739440918,0.1927872598171234,29.565799713134766,-14.465361595153809,44.12229537963867,-81.86181640625,-8.233152389526367,-1.0854307413101196,-4.2169413566589355,-0.006720740348100662,-0.2849188446998596,6.1189751625061035,2.424807548522949,0.20597414672374725,1.935143232345581,-0.02339881658554077,-0.10409410297870636,1.138949990272522,-2.781846523284912,0.06884843111038208
521,-11.806095123291016,-3.1483490467071533,3.365493059158325,-13.682969093322754,-1.0902221202850342,-0.01981377601623535,-1.3066539764404297,-10.071847915649414,30.573928833007812,-75.69361877441406,-1.8424057960510254,3.1087443828582764,-4.302931785583496,-0.30487802624702454,-0.16420863568782806,0.7733533382415771,0.009589241817593575,0.7352027893066406,1.968079924583435,-0.11895574629306793,-0.24648554623126984,0.31321656703948975,-2.2012834548950195,-0.12279990315437317
522,10.076297760009766,-1.0982681512832642,1.3231725692749023,0.05918598175048828,-0.24159550666809082,-0.07851862907409668,-21.504474639892578,-10.84970474243164,20.727733612060547,-78.8664321899414,2.1231021881103516,4.7826080322265625,-3.0656816959381104,-0.04451441019773483,0.17839831113815308,-2.4316718578338623,-1.2961188554763794,0.9158049821853638,2.269765853881836,0.10368703305721283,-0.24163798987865448,-0.5099816918373108,-1.845123291015625,0.2270432710647583
523,9.291147232055664,0.1960652768611908,-0.7422862648963928,7.189605712890625,0.07138395309448242,-0.05826568603515625,-16.2344913482666,-15.048358917236328,14.738067626953125,-51.55445098876953,14.211296081542969,5.239948272705078,-2.2538366317749023,0.07141899317502975,-0.09822438657283783,-3.1257970333099365,-2.3084940910339355,1.0232468843460083,2.3831188678741455,0.3738296627998352,-0.2882906198501587,-0.9118634462356567,-1.6431728601455688,0.14217442274093628
524,16.470752716064453,8.613762855529785,-6.316991806030273,1.8819923400878906,0.11821794509887695,-0.013630390167236328,-18.69887924194336,-17.33190155029297,10.159014701843262,-20.808202743530273,20.0,4.632004737854004,-0.5410309433937073,0.16680049896240234,-0.23755650222301483,-6.793253421783447,-2.2465944290161133,1.3195759057998657,1.7655633687973022,0.20221900939941406,0.02210521325469017,-0.030237453058362007,-1.0721168518066406,0.6242160201072693
525,35.34528732299805,8.267560005187988,-6.6054792404174805,14.509666442871094,0.7062838077545166,0.005155086517333984,-31.854745864868164,-7.244170188903809,0.2509288787841797,-13.400345802307129,20.0,4.524613380432129,1.4744434356689453,0.13930244743824005,-0.4898521304130554,-7.977680683135986,-0.31510570645332336,2.2636587619781494,-0.06464137136936188,-0.45079532265663147,-0.062317151576280594,3.2792410850524902,1.4332858324050903,0.5429295301437378
526,41.25595474243164,18.682079315185547,-34.25798797607422,-42.496795654296875,-20.0,10.788509368896484,-38.96644592285156,-1.411208987236023,-3.476660966873169,-2.416400909423828,1.771524429321289,0.48463964462280273,2.4130847454071045,0.5641950964927673,0.17609940469264984,-1.7484114170074463,6.046130657196045,-2.8786461353302,-1.9631139039993286,-0.45869818329811096,0.33432480692863464,6.925870895385742,5.368875026702881,2.3344004154205322
527,19.66299057006836,26.812463760375977,-45.474334716796875,-74.11125183105469,-10.391883850097656,4.612154483795166,-25.463233947753906,0.8227155208587646,-0.5400323867797852,-6.310985565185547,-1.3200520277023315,-0.3053649663925171,1.572516918182373,0.12293490767478943,0.22861075401306152,1.1331689357757568,-2.903778553009033,0.586458683013916,-3.1589205265045166,0.3932962417602539,1.6864479780197144,7.241917610168457,1.1334238052368164,1.0137567520141602
528,9.180445671081543,26.005680084228516,-42.24061965942383,-87.1050033569336,-14.805479049682617,5.102087020874023,-18.32357406616211,-7.014901161193848,1.0232133865356445,-11.153008460998535,-0.7164623141288757,-0.12322503328323364,2.1165659427642822,-0.17776264250278473,0.2796096205711365,0.1600385308265686,-2.358447313308716,0.7521114349365234,-2.79685378074646,-0.23446905612945557,1.5450372695922852,3.8169491291046143,0.32398781180381775,0.433310866355896
529,1.422593116760254,22.862625122070312,-34.725711822509766,-70.96438598632812,-10.025026321411133,3.7861757278442383,-11.885087013244629,1.8351516723632812,-4.713529586791992,-5.838129043579102,-0.40255969762802124,0.029430687427520752,2.1912424564361572,0.09145615249872208,-0.13262662291526794,-0.20316585898399353,-2.1259124279022217,0.4276348352432251,-2.4879188537597656,0.018287792801856995,0.3752845525741577,0.9149234294891357,0.16637182235717773,0.3478194773197174
530,-20.453752517700195,9.088111877441406,-24.361555099487305,-74.86186218261719,-7.221124649047852,2.7205512523651123,4.53898811340332,2.1938536167144775,-2.325176477432251,0.38839197158813477,-0.11917275190353394,0.0019130408763885498,2.3954503536224365,0.1926768273115158,-0.03961097449064255,-0.8716654181480408,-1.904518961906433,0.1314529925584793,-1.7112432718276978,0.013330774381756783,-0.1426721066236496,-1.2493081092834473,-0.2598032057285309,0.21811829507350922
531,-12.738845825195312,7.489698886871338,-20.74432945251465,-60.53004455566406,2.490147113800049,1.762887716293335,-1.1397705078125,0.129103422164917,-1.3472228050231934,2.0378618240356445,-0.217529296875,0.0027707815170288086,2.5009732246398926,-0.0029730424284934998,0.17458555102348328,-1.3839682340621948,-1.5586349964141846,0.031108461320400238,-1.160420298576355,-0.6164496541023254,-0.7380693554878235,-2.800133228302002,-1.5881905555725098,-0.13126274943351746
532,-9.310018539428711,9.731690406799316,-18.55962562561035,-56.76675033569336,12.192319869995117,-3.3114755153656006,0.12350940704345703,8.15347671508789,-5.172485828399658,10.463994026184082,0.33501505851745605,0.05812716484069824,2.8666021823883057,0.13512420654296875,0.2447836995124817,-1.7487095594406128,-1.4820138216018677,0.3713599145412445,-0.629792332649231,-0.12392694503068924,-1.3478378057479858,-1.9025626182556152,-1.276986837387085,-0.5186235904693604
533,-8.20813274383545,7.344851493835449,-9.787580490112305,-22.51339340209961,19.161251068115234,-2.486041307449341,-0.3726840019226074,0.4610125720500946,2.794882297515869,2.008981704711914,-0.05248260498046875,0.03454509377479553,2.2975263595581055,-0.13856805860996246,-0.09474993497133255,-1.473803997039795,-1.2173153162002563,-0.127294659614563,-0.4307250380516052,0.036978580057621,-0.7702702283859253,-3.0254220962524414,-2.0511367321014404,0.20955435931682587
534,-11.584188461303711,2.838433027267456,-5.061037063598633,-19.606731414794922,20.0,-4.1248860359191895,5.275216102600098,2.2486891746520996,-0.7969753742218018,6.543269157409668,0.30837082862854004,-0.06349670886993408,2.270447015762329,-0.009010424837470055,0.1253192126750946,-1.3863335847854614,-1.3487330675125122,-0.2539454996585846,-0.04887360334396362,0.38351860642433167,-0.7198203206062317,-3.2949092388153076,-1.4249505996704102,-0.8673028349876404
535,-7.864646911621094,3.210968017578125,-1.9400321245193481,-4.108223915100098,20.0,-4.1645708084106445,9.791574478149414,-7.357987403869629,6.034266471862793,2.3993167877197266,0.17889249324798584,0.006255626678466797,1.1587700843811035,-0.003758072853088379,0.14364323019981384,0.9650484919548035,-0.12508288025856018,-1.3808666467666626,1.058672547340393,0.03477916866540909,-0.42844608426094055,-5.653807163238525,-0.6018106937408447,-0.9760305881500244
536,-40.742889404296875,-6.871420860290527,10.47803783416748,-1.2746696472167969,12.047502517700195,-2.818166732788086,53.19996643066406,-9.35289478302002,15.891334533691406,-0.8732566833496094,-8.383553504943848,3.2326698303222656,-1.903510570526123,-0.15613263845443726,0.037717193365097046,7.084664821624756,5.236519813537598,-0.7840762734413147,2.275324583053589,-0.5727431178092957,-0.5970758199691772,-1.7234909534454346,8.073014259338379,-6.426043510437012
537,-44.67102813720703,-4.118706703186035,3.95607590675354,-6.8097991943359375,-1.1851229667663574,0.008179903030395508,47.992835998535156,-18.162811279296875,40.24544143676758,-53.72936248779297,-20.0,-4.605124473571777,-4.315762996673584,0.4121083915233612,0.19697153568267822,10.301750183105469,3.7642364501953125,-1.0932190418243408,0.9128270745277405,0.4539632797241211,0.2520252466201782,1.6407513618469238,-2.8502421379089355,-0.007303297519683838
538,-42.97080993652344,-8.079385757446289,6.279821395874023,-18.739646911621094,-1.4621570110321045,0.10241038352251053,49.31561279296875,-12.57586669921875,43.796844482421875,-78.31441497802734,-3.4312949180603027,1.810356616973877,-4.743278980255127,-0.11168268322944641,0.39844590425491333,5.755571365356445,1.7840765714645386,0.05583668127655983,1.74329674243927,0.1645459532737732,0.028425008058547974,0.6300475001335144,-2.234262228012085,0.11329899728298187
539,-9.244831085205078,0.08985012769699097,0.7275750637054443,-9.008163452148438,-0.5266714096069336,-0.01650533825159073,2.2581443786621094,-10.143643379211426,34.01900100708008,-75.57231140136719,-2.853095531463623,3.917766571044922,-4.768905162811279,-0.1977650225162506,0.2143181413412094,1.995866060256958,2.3984408378601074,-0.04542652517557144,2.1716177463531494,0.053210288286209106,-0.31576311588287354,-0.21976858377456665,-1.9594178199768066,-0.1618369221687317
540,-1.037405014038086,4.058362007141113,-2.6037449836730957,-6.674131393432617,-0.9566068649291992,0.08247148990631104,-3.6387739181518555,-19.60687828063965,25.98926544189453,-58.96022033691406,9.820905685424805,4.579540729522705,-3.7465760707855225,-0.1243530660867691,0.028527412563562393,-2.5670058727264404,-0.8079466819763184,0.8639221787452698,2.500298023223877,0.239891916513443,-0.16269326210021973,-0.8836113810539246,-1.6606782674789429,0.15416377782821655
541,22.302154541015625,3.8531899452209473,-3.8374133110046387,8.506854057312012,0.18078875541687012,0.011342763900756836,-29.711181640625,-18.555255889892578,17.316329956054688,-52.638851165771484,20.0,7.156041622161865,-2.0795671939849854,-0.14010456204414368,-0.3224211037158966,-4.0551958084106445,-1.4961295127868652,1.6263586282730103,2.7495925426483154,0.278100848197937,-0.13846197724342346,-1.401484489440918,-1.5179191827774048,-0.09164416790008545
542,23.097627639770508,1.7468109130859375,-1.2675364017486572,8.110321044921875,0.33791041374206543,-0.13417553901672363,-26.53888702392578,-8.926843643188477,4.310422897338867,-22.54446792602539,20.0,5.685482501983643,-0.4871981739997864,-0.21869857609272003,0.06378734856843948,-5.807737827301025,-0.9877492189407349,1.6555404663085938,1.9415355920791626,-0.006843091920018196,0.11198519170284271,-0.21696831285953522,-0.8273428678512573,0.24026809632778168
543,24.63472557067871,4.062849998474121,-4.22713041305542,12.368911743164062,0.24101805686950684,-0.014395713806152344,-24.577531814575195,-5.643044471740723,-0.9581767320632935,-16.69710922241211,20.0,5.385222434997559,0.8546659350395203,-0.18753398954868317,-0.4379742443561554,-6.18781042098999,-1.997423529624939,2.926901340484619,0.7197397947311401,-0.17052341997623444,0.05243963003158569,1.9911936521530151,0.7293450832366943,0.11316554248332977
544,36.550697326660156,23.445110321044922,-18.686140060424805,4.750579833984375,-2.4197237491607666,1.2456092834472656,-31.332233428955078,-5.606863021850586,-3.531144857406616,0.27419281005859375,11.209626197814941,2.531996726989746,2.903028726577759,0.8556370735168457,-0.5431795120239258,-4.873008728027344,3.5508174896240234,0.5822839736938477,-2.318686008453369,-0.5693709850311279,0.23759832978248596,6.877691745758057,5.151853084564209,2.524191379547119
545,27.791690826416016,28.618398666381836,-46.332942962646484,-56.0157470703125,-20.0,15.009489059448242,-32.36924743652344,-5.445910930633545,2.8031387329101562,-7.573650360107422,-1.2888743877410889,-0.321613073348999,1.6835588216781616,0.053751423954963684,-0.15301400423049927,0.5285724997520447,-2.183056116104126,-5.477653980255127,-3.7166237831115723,-0.3951845169067383,1.852866530418396,7.915499687194824,1.645368218421936,1.8201627731323242
546,22.852121353149414,20.51751136779785,-41.915626525878906,-67.64446258544922,-12.545553207397461,9.098868370056152,-23.441701889038086,-0.9701184630393982,-2.1091761589050293,-14.546911239624023,-0.8325533866882324,-0.21848857402801514,1.8757981061935425,0.10474449396133423,0.15098297595977783,0.6721516847610474,-2.436800718307495,0.278415322303772,-3.2737083435058594,-0.12384217977523804,1.7830052375793457,3.458512544631958,1.3923271894454956,0.45750346779823303
547,-4.597618579864502,12.315407752990723,-30.1342716217041,-78.71973419189453,-10.393219947814941,4.632416725158691,-3.8555612564086914,7.899338245391846,-9.323002815246582,-3.624678611755371,-0.5122653841972351,0.08972692489624023,2.3770248889923096,0.3549225330352783,-0.06703166663646698,-0.06628112494945526,-2.259822368621826,0.07840056717395782,-2.282504081726074,-0.04767570272088051,-0.10789293050765991,0.39252713322639465,-0.2548965811729431,0.32663241028785706
548,-14.603973388671875,6.340601444244385,-23.11048698425293,-68.2626724243164,-6.3148908615112305,4.691142559051514,0.7250680923461914,2.2036123275756836,-1.2531559467315674,2.6315975189208984,-0.028104543685913086,-0.021212413907051086,2.384732484817505,0.06840595602989197,0.04022783041000366,-0.585245668888092,-1.9468815326690674,-0.044356122612953186,-2.0169363021850586,-0.4186868965625763,-0.3033072054386139,-0.411640465259552,-0.6043822765350342,0.07318781316280365
549,-20.057899475097656,6.658943176269531,-15.227107048034668,-59.198604583740234,0.27315592765808105,3.164989709854126,6.631762981414795,3.9155662059783936,-0.5596339106559753,2.2386398315429688,-0.0654749870300293,-0.05063152313232422,2.417823553085327,-0.09762969613075256,-0.03730952739715576,-1.007651686668396,-1.6904263496398926,-0.21818161010742188,-1.2089134454727173,-0.10747794806957245,-0.10632247477769852,-2.090453624725342,-1.7122665643692017,-0.5724647045135498
550,-18.424100875854492,11.403341293334961,-12.978352546691895,-48.6297492980957,8.670639038085938,2.4696829319000244,6.014069080352783,0.03383976221084595,-0.22264087200164795,4.709195137023926,0.28359925746917725,0.08534377813339233,2.2787299156188965,-0.10512807965278625,0.0529157891869545,-1.1774473190307617,-1.4471698999404907,-0.20802435278892517,-0.6280620098114014,-0.12628835439682007,-0.2955021262168884,-3.3684194087982178,-0.5161904692649841,-0.1018671989440918
551,-3.132295608520508,5.110871315002441,-5.968194007873535,-20.988285064697266,19.410808563232422,-0.7242854833602905,-0.13323381543159485,0.9329754710197449,-1.236983060836792,4.7748260498046875,-0.1654520034790039,0.002536296844482422,2.3709354400634766,-0.12188640981912613,0.1586637943983078,-1.1325993537902832,-1.466683030128479,-0.27531418204307556,-0.016505179926753044,-0.30932366847991943,-0.7378532290458679,-4.1158013343811035,-2.1844356060028076,-0.7233984470367432
552,-14.564632415771484,-6.499049186706543,7.28987455368042,2.250502586364746,20.0,-1.6610422134399414,23.750993728637695,-1.0348519086837769,3.765244245529175,6.760778427124023,0.6600849628448486,0.002288341522216797,0.15597933530807495,-0.11277556419372559,0.09064501523971558,3.2309441566467285,1.593727707862854,-0.5117521286010742,1.5581468343734741,-0.3203745186328888,-0.5900477766990662,-5.855715274810791,0.518355667591095,-0.981248676776886
553,-48.601844787597656,-3.6848108768463135,8.423526763916016,-14.409937858581543,4.159937858581543,-1.9169964790344238,49.0185546875,-9.564203262329102,14.391695022583008,-2.6176109313964844,-10.477293968200684,4.098672866821289,-1.7673529386520386,-0.023794841021299362,0.44230711460113525,5.449925422668457,3.7788219451904297,-0.43545886874198914,1.978665828704834,-0.7318383455276489,-0.45975202322006226,-1.431875467300415,8.347264289855957,-4.457481861114502
554,-36.40154266357422,-4.68848991394043,3.53311824798584,-7.808893203735352,-1.1858582496643066,0.041380345821380615,41.4248161315918,-12.121773719787598,28.298627853393555,-73.85555267333984,1.081982135772705,-2.0183515548706055,-3.0241198539733887,0.5212770104408264,0.03955131024122238,5.888807773590088,0.554975688457489,0.11696144938468933,1.6065447330474854,0.00035972893238067627,-0.36457306146621704,1.2119481563568115,-2.771243095397949,0.3827977776527405
555,-34.697479248046875,-10.754576683044434,7.7414069175720215,-7.500253677368164,-0.570385217666626,-0.05108070373535156,38.76911163330078,-9.250421524047852,35.5280876159668,-73.83699798583984,6.111911773681641,2.376321792602539,-3.842637777328491,0.14423228800296783,0.14181140065193176,4.886850833892822,0.7113170027732849,0.5525766611099243,2.219294548034668,0.21734824776649475,-0.5548707246780396,0.3045448064804077,-2.1813225746154785,-0.11064213514328003
556,-8.967771530151367,-0.776168167591095,1.6876344680786133,-6.523036003112793,-0.3747079372406006,-0.08591210842132568,1.2764301300048828,-12.449070930480957,33.90940856933594,-70.35377502441406,2.7591512203216553,3.6481900215148926,-3.6871230602264404,-0.19127041101455688,0.48540186882019043,1.8442282676696777,0.9104358553886414,0.3324373960494995,2.4126908779144287,0.06060308218002319,-0.49714332818984985,-0.267924427986145,-1.9129897356033325,-0.13605214655399323
557,11.36160945892334,2.9708690643310547,-4.911376953125,-2.3939151763916016,-0.33154618740081787,0.04894381761550903,-25.371200561523438,-11.717130661010742,22.646230697631836,-59.275665283203125,9.191641807556152,0.9198509454727173,-2.66343355178833,-0.37109261751174927,-0.16764964163303375,-1.48212730884552,-0.6397749185562134,0.4166763722896576,2.1660916805267334,0.33091261982917786,-0.13780488073825836,-0.6690787076950073,-1.737910270690918,0.42749708890914917
558,9.690420150756836,1.2543442249298096,-0.39224326610565186,-1.4405536651611328,-0.304720401763916,0.015047311782836914,-15.766278266906738,-7.377590179443359,8.938915252685547,-32.30187225341797,19.257583618164062,1.3839715719223022,-1.2003263235092163,-0.5732347965240479,-0.18326912820339203,-5.536406993865967,-2.3527016639709473,1.3885328769683838,2.2561419010162354,0.2352057695388794,-0.13194121420383453,-0.8765968084335327,-1.5835351943969727,0.1948869824409485
559,24.373981475830078,10.53369140625,-6.908384323120117,8.883428573608398,0.40902090072631836,0.005530834197998047,-26.38470458984375,-13.516148567199707,1.895645260810852,-18.110502243041992,20.0,4.963416576385498,0.34658390283584595,-0.05994793027639389,-0.5427765846252441,-7.619288444519043,-1.3530831336975098,2.464862823486328,0.8698195219039917,0.19013084471225739,-0.1573445200920105,0.9981077909469604,-0.31093454360961914,0.25863075256347656
560,37.261024475097656,13.185181617736816,-17.001842498779297,-22.481447219848633,-15.962048530578613,6.531576156616211,-32.55821228027344,-5.984537124633789,-1.0710442066192627,-7.788619041442871,13.455788612365723,2.9216463565826416,2.49076247215271,0.7302285432815552,0.36493462324142456,-1.7321678400039673,6.848195552825928,0.14074134826660156,-0.7105978727340698,-0.2771983742713928,0.1615786999464035,4.643816947937012,3.035569667816162,0.48826444149017334
561,31.313426971435547,26.065223693847656,-34.5211296081543,-59.010581970214844,-9.44025707244873,16.898405075073242,-35.70948791503906,-2.302448034286499,-1.436068058013916,-3.9014968872070312,-0.716339111328125,0.041257381439208984,1.5684953927993774,-0.02272987551987171,0.19217707216739655,0.7131161689758301,-2.2875266075134277,-3.262739896774292,-3.058278799057007,-0.6824024319648743,0.9695323705673218,7.531357288360596,2.717886447906494,1.9740468263626099
562,8.78840446472168,25.076894760131836,-44.93440628051758,-81.8661117553711,-16.316165924072266,8.229883193969727,-17.302452087402344,-0.03814047574996948,-0.41123533248901367,-10.138374328613281,-0.8249459266662598,-0.2509883642196655,1.6999105215072632,0.19635747373104095,0.34911203384399414,0.5530085563659668,-2.4461982250213623,0.5518194437026978,-2.907768964767456,0.25360944867134094,1.5269520282745361,4.464527130126953,1.5569343566894531,0.7793444991111755
563,10.727110862731934,11.497464179992676,-39.50897216796875,-85.9529037475586,-11.143451690673828,5.980751037597656,-21.37899398803711,4.648319244384766,-5.613711357116699,-7.46419620513916,-0.708722710609436,-0.05823624134063721,2.1528663635253906,0.02119964361190796,0.2197640836238861,-0.36723947525024414,-1.9981101751327515,0.5954626798629761,-2.6485743522644043,0.10276046395301819,0.6624898314476013,1.5244088172912598,0.4266083538532257,-0.2457176297903061
564,2.7170772552490234,13.887613296508789,-33.75069808959961,-71.89949798583984,-3.829608678817749,1.9472434520721436,-12.227729797363281,0.7877030968666077,-4.160252571105957,-0.4573373794555664,-0.2689628005027771,0.12769031524658203,2.499336004257202,0.02830636501312256,0.2783598303794861,-0.9387671947479248,-1.7950806617736816,0.6077799797058105,-2.5773885250091553,-0.2430981695652008,-0.36876586079597473,0.24738064408302307,0.26097631454467773,0.24459339678287506
565,-8.769220352172852,8.375589370727539,-25.01643943786621,-58.8261833190918,4.827777862548828,-0.7744069695472717,-0.9785785675048828,3.919253349304199,-2.1724348068237305,-0.3708162307739258,-0.31413745880126953,0.004796415567398071,2.7733469009399414,0.15948964655399323,0.1533667892217636,-1.471804141998291,-1.5664725303649902,0.09483719617128372,-1.6607520580291748,0.13396961987018585,-0.8483136296272278,-2.1955337524414062,-1.0525742769241333,0.1769741326570511
566,-17.060699462890625,6.211508750915527,-20.13273048400879,-53.52863311767578,7.927684783935547,-1.9650074243545532,2.9923458099365234,5.426967144012451,-1.9697375297546387,7.5301313400268555,0.19763970375061035,0.009482741355895996,2.610880136489868,0.019680984318256378,-0.027617357671260834,-1.6969690322875977,-1.4232563972473145,0.12804801762104034,-1.3176017999649048,0.4235464334487915,-0.9425621628761292,-2.1605942249298096,-0.9108662009239197,0.2557747960090637
567,-10.433186531066895,6.866495132446289,-14.20744800567627,-35.22474670410156,17.448444366455078,-3.4145052433013916,2.1858551502227783,0.2751271724700928,0.34183406829833984,4.441932678222656,0.011329412460327148,-0.033813126385211945,2.6478374004364014,-0.03680337965488434,0.02700204588472843,-1.8527367115020752,-1.2383309602737427,-0.19830970466136932,-0.7166424989700317,0.45466941595077515,-0.9281545281410217,-3.0602893829345703,-1.470147967338562,-0.058142635971307755
568,-16.235729217529297,5.210383415222168,-4.270732879638672,-13.302901268005371,20.0,-4.053072452545166,11.280691146850586,-6.307567596435547,5.674579620361328,3.3002357482910156,0.03762245178222656,-0.08974528312683105,1.7121607065200806,-0.11171923577785492,0.09563446789979935,-0.597961962223053,-0.40319499373435974,-0.34521472454071045,0.05011832341551781,0.25893718004226685,-0.4558827579021454,-4.9998779296875,-2.1865289211273193,-0.7300809621810913
569,-14.9547758102417,0.8913421034812927,4.934279441833496,-2.1901988983154297,20.0,-4.492649555206299,25.916275024414062,-9.816977500915527,8.72307300567627,8.578235626220703,0.6331254243850708,-0.06745171546936035,0.3730123043060303,-0.21067187190055847,0.3031722903251648,2.944222927093506,2.045524835586548,-0.4244862496852875,2.0082967281341553,-0.2575107216835022,0.07916402071714401,-6.695157527923584,0.10041042417287827,-1.421631932258606
570,-59.991512298583984,-0.6782751083374023,3.979687213897705,-4.858486175537109,-0.4101848602294922,-0.04927849769592285,70.25902557373047,-15.791601181030273,31.93277931213379,-33.082061767578125,-19.486452102661133,10.664353370666504,-2.809055805206299,0.37913158535957336,0.447051078081131,8.836251258850098,5.534453392028809,-1.1746073961257935,2.605936050415039,-0.6032243967056274,-0.8992829322814941,-2.162532091140747,7.813780784606934,-5.846226215362549
571,-35.66133499145508,-3.7518017292022705,2.8380305767059326,-11.459606170654297,-1.5012092590332031,0.1399320363998413,39.66781234741211,-18.81868553161621,43.0455207824707,-73.86360168457031,-5.709240436553955,-1.3178043365478516,-4.166843414306641,-0.0007721707224845886,-0.11945245414972305,8.153809547424316,2.010117530822754,-0.1701594740152359,1.4887586832046509,-0.19086575508117676,-0.22050197422504425,1.1153861284255981,-2.5910372734069824,0.17627674341201782
572,-27.32620620727539,-2.1518425941467285,3.190535306930542,-13.05951976776123,-0.8118393421173096,-0.0067095085978507996,24.21610450744629,-13.323736190795898,42.06330108642578,-80.02458953857422,-5.377064228057861,3.7905967235565186,-4.678282737731934,-0.03098197653889656,0.22566227614879608,4.601804733276367,2.2850635051727295,0.062383655458688736,1.8981118202209473,-0.08150868117809296,-0.2624567151069641,0.15105819702148438,-2.0851190090179443,-0.026860445737838745
573,-9.308319091796875,-3.987135648727417,2.570451498031616,-6.913445472717285,-0.7800267934799194,-0.030099861323833466,8.622954368591309,-3.688995122909546,30.729482650756836,-66.2292251586914,1.8407354354858398,4.54353141784668,-4.128180503845215,-0.15313169360160828,0.2535378336906433,1.4083068370819092,0.20613516867160797,-0.04594961553812027,2.524977684020996,0.09759506583213806,-0.3545105457305908,-0.5976950526237488,-1.7603485584259033,-0.15044012665748596
574,5.134039878845215,-0.9650920629501343,-0.6607099175453186,-5.084623336791992,-0.5273113250732422,0.10626769065856934,-13.766766548156738,-5.924747943878174,17.76422882080078,-54.65750503540039,12.698399543762207,4.515571594238281,-3.097433567047119,-0.2443942129611969,-0.07128819823265076,-2.7841694355010986,-1.8760571479797363,1.4377063512802124,2.6629998683929443,0.38406530022621155,-0.26723533868789673,-1.293328881263733,-1.4687974452972412,0.07187408208847046
575,17.26608657836914,4.872473239898682,-3.2525434494018555,2.142597198486328,0.06665849685668945,-0.08811712265014648,-19.445819854736328,-14.442571640014648,12.078154563903809,-34.16889572143555,20.0,6.8922319412231445,-0.9143141508102417,-0.26263701915740967,-0.13761715590953827,-6.62244987487793,-1.9348052740097046,1.5886504650115967,3.0792531967163086,0.33741992712020874,-0.1686367690563202,-1.7295085191726685,-1.2809288501739502,-0.2769935131072998
576,26.057281494140625,8.733089447021484,-5.694468975067139,14.400733947753906,0.5812922716140747,-0.07198619842529297,-31.652240753173828,-17.08222007751465,7.773324012756348,-24.05567169189453,20.0,5.041187286376953,0.5388427972793579,0.16807083785533905,0.07070450484752655,-7.018784523010254,-0.4668193757534027,1.9647278785705566,2.003488302230835,0.0725032389163971,0.08022689074277878,-0.10956770926713943,-0.6447035670280457,1.252869963645935
577,16.887325286865234,3.5113909244537354,-3.1843628883361816,16.067302703857422,0.27764976024627686,-0.07768678665161133,-18.710037231445312,-9.597487449645996,0.1887238621711731,-12.869226455688477,20.0,4.2986531257629395,0.6640523672103882,0.07808590680360794,-0.3353690505027771,-5.045962810516357,-0.8474530577659607,2.6234002113342285,0.2444014549255371,-0.27033156156539917,-0.04310322552919388,2.640373706817627,0.8497966527938843,1.482875108718872
578,38.18389129638672,12.44112491607666,-21.17989158630371,-19.880897521972656,-17.10646629333496,7.776638031005859,-32.41682434082031,0.41592347621917725,-6.438755989074707,-2.7825393676757812,7.106766700744629,1.610248327255249,1.7262355089187622,1.1608459949493408,0.33499789237976074,-0.7405698299407959,4.500321388244629,-1.6951466798782349,-1.8983864784240723,-0.06352357566356659,0.2930762767791748,6.166503429412842,4.698324680328369,0.9717758893966675
579,35.28184127807617,30.009763717651367,-46.71663284301758,-63.51737976074219,-20.0,16.365230560302734,-40.810787200927734,-4.484158039093018,0.04814720153808594,-7.543403625488281,-1.3876398801803589,-0.09410548210144043,2.0162365436553955,-0.0009657666087150574,-0.20581364631652832,-1.1650006771087646,4.858773708343506,-4.057066440582275,-3.912081480026245,-0.5295509099960327,1.1215258836746216,7.85383415222168,0.5599409937858582,1.1328556537628174
580,5.501937389373779,21.45651626586914,-41.743896484375,-69.50303649902344,-14.919442176818848,6.188529014587402,-11.176712036132812,-3.2525393962860107,2.3872509002685547,-11.467011451721191,-0.4352142810821533,-0.20006930828094482,1.317237138748169,0.15587100386619568,0.08055620640516281,0.9647482633590698,-2.613814353942871,0.27396416664123535,-3.6478564739227295,0.15956246852874756,1.9391882419586182,4.262347221374512,1.281611442565918,0.3037872016429901
581,-2.9754638671875,12.778639793395996,-32.27360153198242,-75.61444854736328,-14.495990753173828,7.958895683288574,-3.128774642944336,2.5925841331481934,-5.134552478790283,-4.880517959594727,-0.43757832050323486,0.03721918165683746,1.906881332397461,0.2296539843082428,0.02881132811307907,0.3485661447048187,-2.3558385372161865,0.2209697663784027,-2.5720815658569336,0.008760027587413788,0.8603947162628174,1.2714133262634277,0.285559743642807,0.10577558726072311
582,-14.661345481872559,11.78884506225586,-25.257829666137695,-72.60050201416016,-11.878276824951172,6.716140270233154,2.478705406188965,2.2554545402526855,-3.0008461475372314,2.519284248352051,0.0009944438934326172,0.046424299478530884,1.986755609512329,0.11595486849546432,-0.1255032867193222,-0.06655292212963104,-2.0992188453674316,-0.0998837947845459,-2.047417402267456,-0.22562234103679657,0.10228970646858215,0.41452252864837646,0.26787200570106506,0.22292877733707428
583,-13.51204776763916,4.936088562011719,-17.566404342651367,-66.03474426269531,-3.4910378456115723,3.4203126430511475,-0.38106346130371094,4.717732906341553,-4.340536117553711,0.8032135963439941,-0.17698615789413452,0.02169889211654663,2.0290184020996094,0.07183092832565308,-0.00827966257929802,-0.5822267532348633,-1.8348808288574219,-0.11084625124931335,-1.645586609840393,-0.3966337740421295,-0.6626166701316833,-1.1801203489303589,-0.39813128113746643,-0.24585264921188354
584,1.2996864318847656,3.575066566467285,-14.99112606048584,-53.584739685058594,9.975902557373047,-1.4019503593444824,-5.267029285430908,8.94966983795166,-6.636043548583984,2.826870918273926,-0.16811394691467285,0.08507740497589111,2.717118501663208,0.15127763152122498,0.22390858829021454,-1.173883080482483,-1.6772361993789673,0.14453911781311035,-0.7713317275047302,-0.10998786985874176,-1.4093093872070312,-2.466465473175049,-1.4908535480499268,-0.6359057426452637
585,-11.812397003173828,8.801668167114258,-11.901947975158691,-38.97038650512695,12.450237274169922,-0.8832746744155884,0.020619630813598633,-1.4306598901748657,4.214595317840576,2.27325439453125,-0.06073474884033203,0.011553436517715454,2.487739086151123,-0.34694749116897583,0.05312301218509674,-1.566162347793579,-1.5447149276733398,-0.22093872725963593,-0.34427642822265625,-0.18898449838161469,-0.5334022045135498,-4.073858261108398,-2.1682209968566895,-0.15543316304683685
586,-16.35375213623047,5.815921306610107,-6.025791168212891,-12.258853912353516,20.0,-2.154721736907959,15.440596580505371,-4.3382954597473145,5.194877624511719,5.606481552124023,0.3233757019042969,-0.07309627532958984,1.5795844793319702,-0.19601045548915863,-0.09237633645534515,0.21284891664981842,-0.3594958484172821,-0.3522382378578186,1.0278421640396118,-0.0999719649553299,-0.3442193865776062,-6.115966320037842,-1.4256054162979126,-0.7209165692329407
587,-31.00678062438965,-4.87632417678833,10.128708839416504,0.5217456817626953,11.728479385375977,-2.382667064666748,34.168418884277344,-12.324989318847656,11.710693359375,7.079494476318359,0.2583286762237549,-0.07635986804962158,-1.2293813228607178,-0.28805023431777954,0.09767663478851318,5.288232803344727,3.5524418354034424,-0.15519699454307556,2.612394094467163,-0.6796382665634155,0.4431614875793457,-3.9551987648010254,8.861510276794434,-4.663384437561035
588,-47.73328399658203,-12.372629165649414,9.374688148498535,-4.580322265625,-0.9052333831787109,-0.09107387065887451,55.168968200683594,-10.440958023071289,27.78755760192871,-47.33489227294922,-20.0,-3.434368133544922,-3.6248373985290527,0.18776676058769226,0.5692675113677979,9.724018096923828,2.608508348464966,-0.3917187750339508,1.0198767185211182,0.28930696845054626,0.21593479812145233,1.6232919692993164,-2.851325511932373,0.23432987928390503
589,-31.679906845092773,-3.728945732116699,1.7608296871185303,-16.069129943847656,-0.9674787521362305,0.045654118061065674,32.6216926574707,-10.887401580810547,37.43019485473633,-73.032958984375,1.199911117553711,1.4120701551437378,-4.176422119140625,-0.3333946466445923,-0.18049854040145874,6.079378604888916,2.6721181869506836,-0.3420388698577881,1.534928798675537,0.03536465764045715,-0.3743574023246765,0.6658841371536255,-2.2257063388824463,-0.12782637774944305
590,-11.077219009399414,-0.2993605136871338,1.3378803730010986,-11.904301643371582,-0.8994454145431519,-0.0019963979721069336,10.54681396484375,-11.220624923706055,33.1038703918457,-62.30330276489258,1.7517211437225342,1.76890230178833,-3.3853180408477783,-0.5692086815834045,0.16685843467712402,1.3939499855041504,1.0528796911239624,-0.586902379989624,2.107576847076416,-0.01781606674194336,-0.25010445713996887,-0.010148763656616211,-1.9937865734100342,-0.12571820616722107
591,-2.218168258666992,-0.2170504331588745,1.050586462020874,-4.324880123138428,-0.6557865142822266,0.08656424283981323,-4.59086799621582,-4.904029846191406,18.677249908447266,-56.464359283447266,8.142791748046875,2.4616432189941406,-2.795776844024658,-0.2519684433937073,0.35569122433662415,-1.8927134275436401,-1.5017520189285278,0.4800550043582916,2.265974760055542,0.22638952732086182,-0.33707666397094727,-0.6039453148841858,-1.7107962369918823,0.1716274917125702
592,9.382816314697266,2.8555896282196045,-1.4812556505203247,5.362621307373047,0.035323143005371094,0.003679037094116211,-16.964853286743164,-13.46458625793457,17.638166427612305,-53.13037872314453,14.4065523147583,5.070279121398926,-1.8073744773864746,0.05054096877574921,0.5233974456787109,-3.3216676712036133,-2.6094117164611816,1.295474886894226,2.3994548320770264,0.3672015368938446,-0.3089137077331543,-1.0475735664367676,-1.5247899293899536,0.056502461433410645
593,15.032756805419922,0.042284369468688965,-1.371273398399353,10.307527542114258,0.6420490145683289,-0.056749820709228516,-24.144472122192383,-15.291778564453125,11.37094783782959,-43.16838073730469,19.798282623291016,6.261609077453613,-1.1028549671173096,-0.27692902088165283,0.22695352137088776,-3.4404304027557373,-0.38199618458747864,1.8857555389404297,2.2359023094177246,0.3110756278038025,-0.2768818736076355,-1.1368374824523926,-1.4302735328674316,-0.08693969249725342
594,16.376056671142578,8.025197982788086,-6.368772983551025,5.547275543212891,0.08783912658691406,-0.10870718955993652,-18.550264358520508,-12.008221626281738,6.80082368850708,-19.823476791381836,20.0,5.542791366577148,0.27261000871658325,-0.029941916465759277,-0.22332879900932312,-5.373589515686035,-0.5939182639122009,1.580373764038086,1.820239543914795,0.41549503803253174,-0.1055746003985405,-0.5000073909759521,-1.005005955696106,-0.05463080108165741
595,26.40869903564453,12.233332633972168,-9.503252029418945,10.334392547607422,0.23771953582763672,-0.005548954010009766,-19.133224487304688,-9.159279823303223,1.975309133529663,-4.853344917297363,20.0,4.172878265380859,1.9866853952407837,0.26802000403404236,-0.857471227645874,-6.639406681060791,-1.0680276155471802,2.022118330001831,-0.18838068842887878,0.035556431859731674,0.1459663361310959,3.469099998474121,1.5093704462051392,0.9867919683456421
596,49.22367858886719,21.174509048461914,-39.328338623046875,-51.78205108642578,-20.0,14.844382286071777,-42.79962921142578,-1.9020328521728516,-2.369170665740967,0.1099090576171875,-0.15589237213134766,0.02917957305908203,2.4666945934295654,0.56538987159729,0.11382079124450684,-1.3546712398529053,5.62237548828125,-2.658857822418213,-2.2368533611297607,-0.5037821531295776,0.3429499864578247,9.077380180358887,4.678362846374512,2.7206575870513916
597,16.26842498779297,23.163124084472656,-44.3537483215332,-71.16057586669922,-15.748590469360352,8.262330055236816,-26.940095901489258,-6.918625831604004,3.316610813140869,-12.981767654418945,-1.4069740772247314,-0.36809229850769043,1.3041934967041016,-0.004462018609046936,0.3315609097480774,1.0743802785873413,-2.5938847064971924,0.6103662252426147,-3.308727979660034,-0.4783092141151428,1.4064874649047852,7.336559295654297,1.096131443977356,1.0725327730178833
598,8.45021915435791,14.977338790893555,-42.2272834777832,-90.692138671875,-15.650263786315918,5.100772857666016,-17.159076690673828,6.987189292907715,-6.498085975646973,-10.527546882629395,-0.6102094650268555,-0.08427327871322632,1.9628822803497314,0.10184787958860397,0.15180157124996185,0.08383400738239288,-2.2481637001037598,0.6988152861595154,-2.6994926929473877,0.022101305425167084,0.7350742816925049,3.382814884185791,0.8861473798751831,0.03025098517537117
599,1.0979738235473633,13.500054359436035,-33.959678649902344,-77.97982788085938,-9.103151321411133,0.9672529697418213,-15.060405731201172,4.443591594696045,-5.680948257446289,-4.879903316497803,-0.5550761222839355,0.06699490547180176,1.956605315208435,0.004757553339004517,-0.006735473871231079,-0.5368294715881348,-1.8795864582061768,0.7933366298675537,-2.851442813873291,-0.16162142157554626,-0.3929978907108307,1.0413604974746704,-0.2982012927532196,-0.20819027721881866
600,-5.650273323059082,8.094300270080566,-27.49200439453125,-56.42805099487305,-4.677847862243652,0.6002887487411499,-3.241291046142578,-0.6420682668685913,1.3464587926864624,-4.260771751403809,-0.2851356863975525,0.028224289417266846,2.188732385635376,-0.00011670589447021484,0.021436072885990143,-0.9775906205177307,-1.6530089378356934,0.5735101699829102,-2.1172478199005127,-0.07359494268894196,-0.18565276265144348,-2.172556161880493,-0.5009006857872009,0.41623926162719727
601,-5.591905117034912,4.232653617858887,-22.80840492248535,-58.90827941894531,7.0730180740356445,-1.9381988048553467,-3.1399145126342773,6.782680988311768,-5.221648693084717,4.696495056152344,-0.13220977783203125,-0.036705613136291504,2.572288990020752,0.06079988181591034,0.06994202733039856,-1.5377719402313232,-1.4072673320770264,0.1476219892501831,-1.3862098455429077,0.10329806804656982,-0.9205719828605652,-3.428316831588745,-1.4419357776641846,-0.926336407661438
602,-12.66030216217041,6.524438381195068,-17.210693359375,-42.62020492553711,14.405998229980469,-3.7128686904907227,3.9376583099365234,4.132941722869873,-0.843376636505127,9.321446418762207,0.24442434310913086,0.1081840991973877,2.5033035278320312,-0.14185144007205963,-0.14858326315879822,-1.6980454921722412,-1.3147473335266113,0.04527948051691055,-0.9400999546051025,0.32711490988731384,-0.8145018219947815,-3.0719141960144043,-1.3907675743103027,-0.45059487223625183
603,-13.557927131652832,12.269594192504883,-12.244742393493652,-25.187475204467773,20.0,-5.143767833709717,9.327263832092285,-6.9065752029418945,4.90155029296875,4.644338607788086,0.1152799129486084,0.01974552869796753,2.7587168216705322,-0.2008151262998581,-0.04454047977924347,-1.8844354152679443,-1.2423969507217407,-0.13113102316856384,0.28001919388771057,0.01389291975647211,-0.7218992710113525,-4.828524112701416,-1.5013964176177979,-0.1374640315771103
604,-14.306989669799805,-0.22443316876888275,5.406970500946045,2.1861419677734375,20.0,-4.554386138916016,20.385009765625,-7.255627632141113,7.617145538330078,7.339071273803711,0.1575932502746582,-0.1421825885772705,0.4714692533016205,-0.10685844719409943,0.14333714544773102,2.4722466468811035,1.3835182189941406,-0.91109299659729,1.480521559715271,-0.2840905487537384,-0.13050083816051483,-6.05122184753418,-2.578974962234497,-1.4233505725860596
605,-47.66416931152344,-4.252272605895996,7.867065906524658,-3.0196685791015625,3.0580568313598633,-0.7816357612609863,53.68234634399414,-12.172098159790039,17.58424949645996,-4.1026153564453125,-9.978050231933594,3.8153676986694336,-2.6408164501190186,0.3603469133377075,0.802455484867096,8.890690803527832,7.129174709320068,-2.7989115715026855,2.33478045463562,-0.5613804459571838,-0.8186138868331909,-1.9214403629302979,7.966729164123535,-6.591570854187012
606,-43.892601013183594,-7.775270938873291,6.2241902351379395,-10.798690795898438,-1.8313980102539062,0.3061401844024658,46.59101867675781,-13.44654369354248,35.56349563598633,-56.65895080566406,-20.0,-2.3158411979675293,-4.579601287841797,-0.13936305046081543,0.18212421238422394,10.30446720123291,1.9194157123565674,-0.5431705713272095,2.1762208938598633,-0.03226412832736969,0.19132684171199799,-1.4071344137191772,6.912198543548584,1.5680145025253296
607,-12.979570388793945,2.308163642883301,-2.803165912628174,-17.041034698486328,-0.8152241706848145,0.11079806089401245,10.441255569458008,-15.466689109802246,37.95552444458008,-76.51375579833984,-9.128618240356445,-0.48791855573654175,-3.7187693119049072,-0.34132057428359985,-0.2640939950942993,4.816247940063477,1.8014614582061768,-0.3798102140426636,1.9507218599319458,-0.07665228843688965,-0.19722990691661835,0.6218887567520142,-2.4235382080078125,0.13700272142887115
608,-15.251995086669922,1.4359657764434814,0.8280525207519531,-14.094799041748047,-1.1352641582489014,0.0639389157295227,9.861241340637207,-10.384000778198242,28.043718338012695,-63.73271560668945,1.6492745876312256,2.62309193611145,-3.1402974128723145,0.12394091486930847,0.04551251232624054,-0.6849333643913269,-1.0615575313568115,0.4419998228549957,2.4302279949188232,0.2514699399471283,-0.193132683634758,-0.37456998229026794,-1.8547872304916382,-0.06933137774467468
609,9.856178283691406,-3.250882148742676,1.2080082893371582,2.91229248046875,-0.10668706893920898,0.0380251407623291,-25.4980411529541,-8.158121109008789,16.65919303894043,-58.34645462036133,13.835700988769531,4.440393447875977,-2.788369655609131,-0.24963267147541046,-0.24720802903175354,-2.5685272216796875,-2.652649164199829,1.8424949645996094,2.1620771884918213,0.21945509314537048,-0.29813510179519653,-0.8432183861732483,-1.6908361911773682,0.11314111948013306
610,13.416833877563477,2.253763437271118,-1.1020913124084473,4.480907440185547,0.39954495429992676,-0.13370227813720703,-16.55994987487793,-14.814205169677734,15.004838943481445,-37.488731384277344,20.0,5.579287052154541,-1.2338212728500366,-0.36280107498168945,-0.11571334302425385,-5.023809432983398,-0.9916229248046875,2.1347525119781494,2.3790056705474854,0.13920167088508606,-0.16248548030853271,-1.08574640750885,-1.5222536325454712,-0.17039871215820312
611,16.92002296447754,8.702342987060547,-5.467479705810547,8.538270950317383,0.1499640941619873,-0.13526153564453125,-22.316864013671875,-12.551974296569824,4.773831367492676,-22.11758804321289,20.0,5.476114749908447,-0.1580798625946045,0.3463476598262787,-0.26513051986694336,-6.154202938079834,-1.2858102321624756,2.0725924968719482,1.791709303855896,0.3078016936779022,-0.11759946495294571,-0.41092604398727417,-1.2213091850280762,0.5619289875030518
