Timestep,left_hip_pitch_joint_Torque,left_hip_roll_joint_Torque,left_hip_yaw_joint_Torque,left_knee_joint_Torque,left_ankle_pitch_joint_Torque,left_ankle_roll_joint_Torque,right_hip_pitch_joint_Torque,right_hip_roll_joint_Torque,right_hip_yaw_joint_Torque,right_knee_joint_Torque,right_ankle_pitch_joint_Torque,right_ankle_roll_joint_Torque,left_hip_pitch_joint_Vel,left_hip_roll_joint_Vel,left_hip_yaw_joint_Vel,left_knee_joint_Vel,left_ankle_pitch_joint_Vel,left_ankle_roll_joint_Vel,right_hip_pitch_joint_Vel,right_hip_roll_joint_Vel,right_hip_yaw_joint_Vel,right_knee_joint_Vel,right_ankle_pitch_joint_Vel,right_ankle_roll_joint_Vel
50,5.657368183135986,4.646488189697266,-3.8584494590759277,2.9295082092285156,0.06746278703212738,0.03233766555786133,-10.301589965820312,-5.519782066345215,11.435478210449219,-28.799175262451172,6.871126651763916,-1.2547712326049805,1.0029138326644897,0.33496764302253723,-0.7712583541870117,-2.957407236099243,0.0711079016327858,1.712118148803711,0.2284892201423645,0.37473317980766296,-0.5929082632064819,-0.5587657690048218,0.36758726835250854,-0.29982852935791016
51,14.201146125793457,8.092744827270508,-7.5311784744262695,-63.37675857543945,-20.0,14.433250427246094,-0.9834030866622925,9.227521896362305,-4.914055347442627,12.70805549621582,0.034900665283203125,0.09263229370117188,2.557694435119629,-0.11375710368156433,-0.05464905872941017,-2.047337055206299,5.046555519104004,-2.1886000633239746,0.5448575615882874,0.28458312153816223,0.09231768548488617,6.174627304077148,-3.536494731903076,0.2881487309932709
52,-10.867383003234863,18.805294036865234,-13.70411491394043,-88.39967346191406,-20.0,11.761063575744629,-8.442978858947754,3.6811957359313965,-2.9344472885131836,0.9932060241699219,0.38043832778930664,0.09110569953918457,1.8041374683380127,-0.34948888421058655,0.5373179912567139,-1.0259485244750977,-0.30229005217552185,0.05146646499633789,-0.1953200399875641,0.04508696496486664,0.3613690137863159,8.61991024017334,-1.7481493949890137,1.8306677341461182
53,-19.83287811279297,20.720256805419922,-17.319461822509766,-79.44922637939453,-20.0,10.787586212158203,-6.4112868309021,3.9945085048675537,-4.326163291931152,-9.342618942260742,-0.07170301675796509,-0.06865549087524414,1.6500779390335083,-0.23799501359462738,0.5429518818855286,-1.616638422012329,0.05633920431137085,-0.06872344017028809,0.25010064244270325,0.02760007046163082,-0.5790904760360718,5.388233661651611,-0.20247085392475128,2.0825908184051514
54,-12.52927303314209,16.909221649169922,-16.458044052124023,-65.47135925292969,-20.0,9.83930778503418,-10.1588134765625,0.21157199144363403,0.8656148910522461,-8.405667304992676,-0.4261772632598877,-0.2416384220123291,1.6630594730377197,-0.4694134593009949,0.5234227180480957,-2.2581777572631836,0.8453665375709534,0.11542987823486328,0.7261452078819275,-0.1529092639684677,-0.5633195638656616,2.325003147125244,-1.170199990272522,1.0625289678573608
55,-25.011249542236328,13.49039363861084,-19.04451560974121,-62.95302200317383,-20.0,5.002399444580078,-1.5071473121643066,-0.09808628261089325,1.3726167678833008,-5.566005229949951,-0.32124996185302734,-0.14347386360168457,1.3929316997528076,-0.4533337354660034,0.4839076101779938,-2.405195474624634,0.293714314699173,0.3111211061477661,1.3378700017929077,0.015475291758775711,-0.4173680543899536,-1.4031845331192017,-3.02571177482605,0.5495890974998474
56,-6.959665298461914,12.677440643310547,-19.305099487304688,-46.3458137512207,-19.40760612487793,1.9510786533355713,-4.504711151123047,-3.072352647781372,2.4180145263671875,3.1786880493164062,0.17699193954467773,-0.08406049013137817,1.0463151931762695,-0.3974584639072418,0.8138949275016785,-0.7126227021217346,-3.8472044467926025,0.7117125391960144,1.6214234828948975,-0.09610351175069809,0.016484886407852173,-2.0734479427337646,-3.2674267292022705,0.32239270210266113
57,-5.796725273132324,17.893096923828125,-16.10312843322754,-26.6955509185791,-8.909173965454102,-2.266580581665039,-5.120505332946777,-6.6658196449279785,3.232861042022705,0.8007755279541016,0.057305335998535156,-0.09814023971557617,0.610281765460968,-0.6234397292137146,0.14889758825302124,-0.5073734521865845,-3.379074811935425,0.5411405563354492,1.640832543373108,-0.40402674674987793,0.03231918066740036,-3.735704183578491,-9.634127491153777e-05,-0.48066505789756775
58,4.7074055671691895,3.402327537536621,-2.0192782878875732,6.454868316650391,0.6398048400878906,-0.14252710342407227,-1.5677804946899414,-6.6682586669921875,3.519935369491577,-1.8237686157226562,-16.03682518005371,-0.020984649658203125,0.1812184900045395,-0.1173500195145607,0.3183235824108124,3.5681869983673096,-2.518449068069458,-1.4763026237487793,2.623887777328491,-0.4212513267993927,0.14118751883506775,-7.382487773895264,3.2284093322232366e-05,-0.763455867767334
59,-4.297573089599609,-6.150906562805176,3.6360607147216797,-1.382049560546875,0.42487794160842896,0.0026540756225585938,-2.1647520065307617,-1.663999319076538,2.201108932495117,4.205997467041016,-19.961029052734375,-0.02897500991821289,-1.0206139087677002,-0.38703352212905884,1.063228726387024,6.235988140106201,-0.20678070187568665,-2.574747323989868,2.5629308223724365,-0.6781333088874817,0.7423846125602722,-9.635968208312988,5.3824380302103236e-05,-1.5784540176391602
60,-2.329225540161133,-2.5163826942443848,2.758946657180786,-2.021991729736328,0.01934957504272461,0.15085077285766602,3.2554585933685303,-5.109539985656738,1.8034743070602417,-59.42824172973633,-20.0,11.770231246948242,-0.48452281951904297,0.009053900837898254,0.5408700108528137,7.629449844360352,0.7230047583580017,-2.836026430130005,0.8536780476570129,-0.0051298364996910095,-0.3106454014778137,0.02497422695159912,0.79777592420578,-5.849617004394531
61,-12.707225799560547,-6.306347370147705,3.6378655433654785,-8.950252532958984,-0.41740238666534424,0.280930757522583,-11.312414169311523,-1.3213629722595215,12.489805221557617,-72.1141586303711,-20.0,-1.5620771646499634,-0.3668958246707916,0.1958322376012802,0.7947655916213989,5.875649452209473,0.5916756987571716,-1.2599817514419556,0.015193141996860504,0.12472699582576752,-0.016843736171722412,1.311924934387207,-2.06132435798645,1.0412561893463135
62,-25.708290100097656,1.7746423482894897,-0.4061305522918701,-15.617259979248047,-0.7665882110595703,0.3065369129180908,-0.15031814575195312,-9.66465950012207,14.63534927368164,-64.79554748535156,-16.741870880126953,2.278258800506592,-0.17751401662826538,0.38831788301467896,0.46501362323760986,1.1279114484786987,-0.40875735878944397,1.7969841957092285,-0.3821181058883667,0.6481143832206726,-0.24047066271305084,0.4954116642475128,2.9997293949127197,-1.0715545415878296
63,-8.970200538635254,0.340620756149292,-1.2264479398727417,-0.3366040587425232,-0.14816761016845703,-0.03675556182861328,-11.448331832885742,-18.16586685180664,26.226825714111328,-74.84353637695312,-9.457947731018066,8.201411247253418,0.17856714129447937,-0.24082981050014496,-0.2548680007457733,-0.3510439991950989,-0.6127411127090454,3.208810567855835,0.5568913221359253,0.35352349281311035,-0.3211888372898102,0.10115105658769608,-0.7799546122550964,-0.1885395646095276
64,-8.924025535583496,-2.1302647590637207,2.737760543823242,2.1853795051574707,-0.11363959312438965,-0.2474994659423828,-7.210906982421875,-10.746577262878418,15.58129596710205,-56.61536407470703,-1.109328269958496,8.809614181518555,0.010411275550723076,-0.21550776064395905,-0.3383181691169739,-0.5334759950637817,-1.1819807291030884,3.9880008697509766,0.7201361656188965,0.4893079102039337,-0.5838172435760498,-0.16523393988609314,-0.7260963320732117,-0.21114115417003632
65,-3.568434238433838,-0.603355884552002,0.289941668510437,0.4143409729003906,-0.11178922653198242,-0.3066701889038086,-9.792936325073242,-11.774504661560059,14.552998542785645,-40.18712615966797,3.098536729812622,7.3040971755981445,0.5920713543891907,-0.4416220188140869,-0.2154483199119568,-2.311673879623413,-2.1934971809387207,4.256326675415039,0.5742067694664001,0.4755070209503174,-0.19835475087165833,0.13644705712795258,-0.9158481955528259,0.4535098373889923
66,5.275106430053711,7.559351921081543,-3.572683334350586,0.31320762634277344,0.027887344360351562,-0.35551977157592773,-8.358501434326172,-8.343511581420898,4.492664337158203,-5.224470615386963,10.704961776733398,2.2980237007141113,1.2900265455245972,-0.11140529066324234,-0.18496254086494446,-4.648386001586914,-3.2122209072113037,3.7656023502349854,-0.1831054985523224,0.29505154490470886,-0.21520182490348816,1.8094120025634766,-1.1772167682647705,2.5489139556884766
67,32.437652587890625,23.129867553710938,-16.17662239074707,-0.7874717712402344,-8.36325740814209,-0.1577281951904297,-40.185035705566406,2.8387746810913086,-5.4640960693359375,0.574462890625,2.650284767150879,0.390902042388916,3.001546859741211,0.7066366672515869,-0.1354650855064392,-2.7548699378967285,10.483942031860352,-3.136190414428711,-3.7671029567718506,0.13676919043064117,-1.5317258834838867,9.25776481628418,4.558597564697266,2.937771797180176
68,25.85338020324707,19.05990982055664,-21.311595916748047,-81.211669921875,-17.73664093017578,18.340091705322266,-33.130836486816406,-0.710463285446167,2.3939805030822754,-12.272689819335938,-1.1680970191955566,-0.38282132148742676,0.8159260153770447,-0.1397421956062317,-0.18668042123317719,0.20781877636909485,-1.4097100496292114,-4.8603515625,-3.9809696674346924,-0.2617482841014862,0.8070675730705261,7.9696784019470215,2.7890818119049072,1.7565085887908936
69,0.7990646362304688,29.4243221282959,-28.83722496032715,-79.2092056274414,-15.080265998840332,13.203590393066406,-23.341411590576172,8.36823558807373,-4.6814985275268555,-9.870336532592773,-0.8940162658691406,-0.15293335914611816,0.17090384662151337,-1.7665977478027344,-0.6121218204498291,-1.2770776748657227,1.776382327079773,-4.453423976898193,-4.423860549926758,-1.6479129791259766,0.8384594321250916,4.162432670593262,1.9138637781143188,1.2405809164047241
70,-6.838788032531738,27.602275848388672,-16.539085388183594,-44.336280822753906,-13.817314147949219,5.001601696014404,3.551028251647949,6.654965877532959,-6.0110321044921875,-4.770030498504639,-0.4683539867401123,-0.10677570104598999,1.390682578086853,-0.90794837474823,0.4608195126056671,-2.1947834491729736,0.338180273771286,-0.17793217301368713,-3.4473631381988525,0.009147904813289642,1.3392384052276611,0.5967772603034973,0.9305189251899719,0.21749654412269592
71,-9.48071575164795,21.162765502929688,-14.243315696716309,-28.15835952758789,-5.158561706542969,-0.07041454315185547,7.428338050842285,-1.664442539215088,-2.3013787269592285,-2.4555063247680664,-0.4539210796356201,0.0056264400482177734,2.0571799278259277,-0.2274779975414276,0.37869715690612793,-2.1080172061920166,0.04091949015855789,0.6561017036437988,-1.5364714860916138,0.2847233712673187,0.10414423048496246,-2.7063724994659424,-1.6619813442230225,-0.28547269105911255
72,-31.279178619384766,14.514204025268555,-6.6445088386535645,-25.85599136352539,-0.35041290521621704,-3.151771306991577,18.303802490234375,-6.36798620223999,4.362913608551025,3.976102828979492,0.06368780136108398,-0.0801243782043457,1.5539236068725586,-0.39984944462776184,-0.07018585503101349,-1.540670394897461,-0.3839360177516937,-0.6034280061721802,-0.37542569637298584,-0.22406546771526337,-0.020969217643141747,-4.699636936187744,-3.1954052448272705,-1.4337438344955444
73,-28.093381881713867,9.635272026062012,-0.2705475091934204,-8.41331958770752,3.415736436843872,-1.720731258392334,25.776371002197266,-8.120136260986328,6.0880656242370605,7.067102432250977,0.4251985549926758,0.048890113830566406,0.10392802953720093,0.15255866944789886,0.2877874970436096,1.1046384572982788,0.08678717166185379,-2.1838629245758057,1.1765066385269165,-0.4397258460521698,0.19769082963466644,-7.114089012145996,-3.1063058376312256,-1.52815580368042
74,-40.17668151855469,1.0120587348937988,2.4233531951904297,0.016559600830078125,0.08241987228393555,-0.018888473510742188,48.78153991699219,-23.44817543029785,28.03522300720215,-71.17140197753906,-3.963038682937622,14.066186904907227,-1.6890907287597656,1.4926693439483643,1.4804980754852295,6.816954135894775,3.149975538253784,-4.0663228034973145,2.3534529209136963,0.34835702180862427,-0.7474167346954346,-1.2177178859710693,-1.9715051651000977,-8.021235466003418
75,-34.698707580566406,-9.656904220581055,5.561831951141357,-1.5209159851074219,-0.743598461151123,0.3445625305175781,31.042518615722656,-19.921749114990234,38.351783752441406,-91.486572265625,-20.0,1.8683465719223022,-3.74572491645813,0.7753649353981018,0.9021748304367065,11.6104736328125,2.920241355895996,-2.276634931564331,1.611736536026001,0.2043921798467636,-0.19928020238876343,0.13808673620224,-1.5389255285263062,0.09085534512996674
76,-35.978458404541016,-2.5613136291503906,2.336961269378662,-19.576961517333984,-1.046642780303955,0.23554539680480957,18.14898109436035,-11.77876091003418,38.49740982055664,-95.02641296386719,-20.0,1.1807661056518555,-4.079226016998291,0.29961323738098145,0.54112708568573,6.965764045715332,3.176217794418335,-1.39154851436615,2.072603464126587,0.11311967670917511,-0.3220287561416626,-0.8378204703330994,-1.1290837526321411,0.324189692735672
77,-20.05998420715332,-4.888978958129883,2.601261854171753,-11.725549697875977,-0.8794622421264648,0.235276460647583,1.9994525909423828,-5.3400139808654785,28.890254974365234,-82.94644927978516,-16.32488250732422,1.9917774200439453,-4.28695821762085,-0.13068388402462006,0.3420897126197815,3.3633649349212646,2.3603577613830566,0.6692069172859192,2.2534542083740234,0.31026047468185425,-0.21386735141277313,-1.4401907920837402,-0.8694784045219421,0.2902147173881531
78,-11.538307189941406,-1.553537130355835,2.1842570304870605,-10.03266716003418,-0.792971134185791,0.0556793212890625,-5.274735927581787,-4.974884033203125,20.011516571044922,-71.20051574707031,-2.9235141277313232,7.475674152374268,-3.895941734313965,-0.0486232154071331,0.18671847879886627,-1.303257942199707,1.7696819305419922,2.712749719619751,2.6624510288238525,0.5317187309265137,-0.49433770775794983,-2.257859945297241,-0.41720467805862427,-0.23428861796855927
79,9.021836280822754,-2.6152496337890625,0.775067150592804,3.2078561782836914,-0.4575246572494507,-0.12720012664794922,-24.342302322387695,-8.036564826965332,13.857794761657715,-49.764862060546875,9.064970016479492,9.437975883483887,-3.115386962890625,-0.3245120644569397,-0.03694077581167221,-3.169001817703247,-0.6697142124176025,4.502101421356201,2.6304776668548584,0.6435079574584961,-0.44932782649993896,-2.5933446884155273,-0.27505287528038025,-0.5436590909957886
80,17.897319793701172,-0.4926795959472656,-0.051548004150390625,6.751064300537109,0.013259649276733398,-0.34467315673828125,-28.389598846435547,-11.033830642700195,10.153833389282227,-38.91636657714844,17.759490966796875,10.753850936889648,-1.5087405443191528,-0.2508118450641632,0.22591038048267365,-5.42031717300415,-1.5728007555007935,5.237250804901123,2.379138469696045,0.6253612041473389,-0.39414268732070923,-2.3260648250579834,0.397423654794693,-0.46321403980255127
81,27.427492141723633,2.6584980487823486,-3.000115394592285,14.526725769042969,0.3760495185852051,-0.4139518737792969,-35.15523147583008,-13.905149459838867,7.524486541748047,-25.532516479492188,20.0,6.351465702056885,-0.1558569073677063,-0.2703389823436737,0.21999743580818176,-5.312042236328125,-2.4489026069641113,5.18412446975708,1.803142786026001,0.30417943000793457,-0.35058027505874634,-1.0379633903503418,0.17947018146514893,2.6819725036621094
82,49.18747329711914,20.3479061126709,-18.018810272216797,10.130912780761719,0.4959249496459961,-0.32584095001220703,-42.32670593261719,-9.169008255004883,-2.87372088432312,-2.8432273864746094,18.14046859741211,3.7164692878723145,2.635408401489258,0.4270681142807007,-1.0348364114761353,-9.015331268310547,-2.7825043201446533,3.8959789276123047,-2.086090564727783,-0.20721744000911713,-0.8756014704704285,6.117537975311279,5.233918190002441,3.4314653873443604
83,88.78141021728516,21.94628143310547,-33.95798110961914,-22.69186782836914,-17.68846321105957,14.300426483154297,-77.75276947021484,-3.1757054328918457,-1.3197499513626099,-12.765865325927734,-1.2701873779296875,-0.2579188346862793,2.762488603591919,0.8429972529411316,-0.31125497817993164,-1.5805628299713135,4.554520606994629,-4.176287651062012,-5.5354766845703125,-0.3673054873943329,-0.24097169935703278,10.732172012329102,5.770949840545654,3.8293018341064453
84,26.595455169677734,21.665424346923828,-36.01641845703125,-49.45451736450195,-20.0,13.600593566894531,-30.249372482299805,-8.14643669128418,6.568251609802246,-22.58506965637207,-1.663069248199463,-0.5484223365783691,2.19638991355896,0.36011338233947754,-0.7961711883544922,0.4771438241004944,-0.9315229654312134,-2.1471314430236816,-5.515036106109619,0.3382120132446289,1.8960288763046265,4.699204444885254,3.2267472743988037,1.96650230884552
85,-8.61829948425293,13.409263610839844,-23.981887817382812,-60.91774368286133,-14.597965240478516,10.59203052520752,-3.022909164428711,-5.152253150939941,0.9627695083618164,-11.15819263458252,-0.9779987335205078,-0.2367476224899292,2.2722904682159424,0.06670214235782623,-0.2529884874820709,-0.8130990266799927,-1.431130290031433,-2.0548880100250244,-4.506213188171387,-0.6342156529426575,1.5429285764694214,-0.6782727837562561,1.3073992729187012,0.8642653226852417
86,-30.211658477783203,3.7343530654907227,-15.437417030334473,-62.07056427001953,-5.169210433959961,9.593713760375977,17.312448501586914,6.771559238433838,-5.221781253814697,6.065487861633301,-0.18618059158325195,-0.11065638065338135,2.4750750064849854,0.0063674114644527435,-0.04016171395778656,-1.287161111831665,-1.2803223133087158,-1.951974868774414,-3.318513870239258,-0.7068296670913696,1.1108585596084595,-2.213698387145996,-0.37483271956443787,-0.8828334808349609
87,-46.870296478271484,1.6130555868148804,-6.548018455505371,-52.292381286621094,0.08466434478759766,-1.844184398651123,31.242753982543945,6.141105651855469,-4.425747871398926,7.085052490234375,0.10171723365783691,0.07325148582458496,2.378514528274536,-0.22506295144557953,-0.20887479186058044,-1.5463979244232178,-1.6880478858947754,-0.26127415895462036,-1.2385839223861694,-0.7818074226379395,0.23260727524757385,-4.976927757263184,-1.588819980621338,-1.7810544967651367
88,-33.646339416503906,-6.199088096618652,6.167983531951904,-20.013486862182617,9.835636138916016,-3.856569290161133,25.968585968017578,2.747119426727295,-1.7426925897598267,9.936845779418945,0.2627854347229004,0.15907692909240723,1.973447561264038,-0.07699479907751083,0.02725747972726822,-0.697355329990387,-1.6996698379516602,-2.270775556564331,0.07647797465324402,-0.870912492275238,-0.09273400157690048,-6.3762969970703125,-2.1610050201416016,-1.9543075561523438
89,-35.663578033447266,-9.043456077575684,9.275623321533203,-10.221323013305664,9.52877140045166,-3.1528124809265137,34.25083923339844,1.9614393711090088,1.3061505556106567,14.35028076171875,0.8106541633605957,0.0471644401550293,0.2762496769428253,-0.04888179153203964,-0.04531775414943695,2.4108643531799316,-0.41079050302505493,-2.6846556663513184,1.222395658493042,-0.684238851070404,-0.0589601993560791,-2.0567562580108643,6.980982780456543,-5.314067840576172
90,-42.172489166259766,-7.618668556213379,8.415355682373047,0.4215087890625,-0.1484215259552002,0.07929372787475586,54.76872634887695,-20.329776763916016,27.508249282836914,-73.57344818115234,-2.8352694511413574,-5.948728561401367,-2.1763105392456055,0.9255584478378296,0.895455002784729,8.800899505615234,1.4671294689178467,-2.841625452041626,1.3908838033676147,-0.0576757937669754,-0.4234703481197357,1.1980360746383667,-2.668074607849121,0.3513849675655365
91,-46.52298355102539,-7.757105350494385,6.149155139923096,-12.908611297607422,-0.8977015018463135,0.2705652713775635,45.559085845947266,-19.956710815429688,42.75581741333008,-74.9614486694336,-6.539524078369141,-3.0769100189208984,-3.5422463417053223,-0.09949372708797455,0.6554918885231018,8.034951210021973,1.2813856601715088,-1.0159927606582642,1.6254291534423828,-0.2147933840751648,-0.27776625752449036,0.432062566280365,-2.215812921524048,0.34229347109794617
92,-27.015796661376953,5.124293804168701,-3.2710464000701904,-17.09125518798828,-0.7869706153869629,0.25446295738220215,20.717674255371094,-12.33118724822998,34.93564987182617,-70.10173797607422,-4.678069114685059,-1.2421069145202637,-3.4099841117858887,-0.3032884895801544,-0.28256475925445557,2.8787245750427246,1.4443734884262085,0.6954200863838196,2.2285237312316895,-0.05410197377204895,-0.5167273283004761,-0.602257251739502,-1.7372604608535767,0.15290123224258423
93,-19.54344367980957,-1.801883339881897,4.026896953582764,-5.370791435241699,-0.515749454498291,-0.008681774139404297,18.824527740478516,-6.494547367095947,24.394933700561523,-53.25643539428711,5.292929649353027,1.5725998878479004,-3.5668911933898926,0.015260372310876846,0.13548870384693146,0.9595692157745361,1.4478685855865479,2.424668073654175,2.6403963565826416,0.20662851631641388,-0.6829586029052734,-1.179044246673584,-1.3975508213043213,-0.16275058686733246
94,-3.0480613708496094,0.5622826218605042,-0.5813400149345398,-5.227540016174316,-0.7575991153717041,-0.11837196350097656,-4.049857139587402,-5.404319763183594,21.63302993774414,-54.4662971496582,15.053679466247559,1.9371647834777832,-2.316739559173584,-0.05302075296640396,-0.20592448115348816,-3.608851194381714,-1.131184458732605,3.49977970123291,3.212223529815674,0.4213191866874695,-0.7346276640892029,-2.1110634803771973,-1.0522226095199585,-0.08179853856563568
95,10.530795097351074,-4.796107292175293,2.641453504562378,10.488014221191406,0.3242102265357971,-0.2804069519042969,-16.209598541259766,-8.136646270751953,14.442237854003906,-36.08053970336914,20.0,5.655930995941162,-1.5429458618164062,-0.38395845890045166,-0.07049643993377686,-3.589967966079712,-0.08834128081798553,4.118823051452637,3.2394707202911377,0.5303509831428528,-0.46433866024017334,-2.2866125106811523,-0.9421078562736511,-0.40910911560058594
96,24.449769973754883,6.41518497467041,-3.689910888671875,6.382270812988281,0.020128488540649414,-0.3431549072265625,-24.11795425415039,-8.039222717285156,3.711819648742676,-7.88411808013916,20.0,4.451610565185547,0.18583182990550995,-0.14766080677509308,0.39589923620224,-6.115104675292969,-0.9402396082878113,3.877946376800537,1.48590886592865,0.15796317160129547,-0.3355303108692169,0.9838075637817383,0.6749165654182434,0.9898688197135925
97,41.66751480102539,11.915815353393555,-11.267690658569336,14.549142837524414,0.4783743619918823,-0.26291894912719727,-33.154624938964844,0.6914291381835938,-5.483853340148926,-3.379680633544922,12.826457977294922,3.2687783241271973,2.1633613109588623,0.22307617962360382,-0.8770801424980164,-6.905126571655273,-0.9837237000465393,2.568046808242798,-1.1090744733810425,0.15362194180488586,-0.4469830393791199,5.592533111572266,4.179189205169678,2.0786399841308594
98,69.24160766601562,12.41336441040039,-20.267854690551758,-26.844911575317383,-15.540417671203613,10.576337814331055,-68.513916015625,2.994553804397583,-4.261771202087402,-14.450199127197266,-1.4186806678771973,-0.12437868118286133,2.561375379562378,0.4383533298969269,-0.13431920111179352,-1.3576923608779907,5.754243850708008,-3.5421197414398193,-4.239069938659668,-0.09892928600311279,0.2011788785457611,8.103164672851562,2.1023943424224854,2.360022783279419
99,25.17719268798828,21.106122970581055,-33.86323547363281,-71.79837036132812,-5.033303737640381,6.35197639465332,-31.66828155517578,3.871364116668701,-0.6966381072998047,-15.473465919494629,-1.095894694328308,-0.29680705070495605,1.5415623188018799,0.06553134322166443,-0.17465056478977203,0.6990131139755249,-2.199416160583496,-0.21187171339988708,-4.905322074890137,0.3913237750530243,0.8334648609161377,4.060444355010986,0.5788091421127319,1.0615975856781006
100,-7.538483619689941,15.637807846069336,-21.480831146240234,-60.143428802490234,-2.953770160675049,0.23449644446372986,0.7796688079833984,0.4316680431365967,-1.9468194246292114,-8.046098709106445,-0.34835267066955566,-0.06611514091491699,2.099785804748535,0.05940296873450279,-0.14974510669708252,-0.15030980110168457,-2.10329270362854,0.13604126870632172,-3.6956779956817627,0.305147647857666,0.4160069525241852,-1.067134141921997,1.3738625049591064,1.031443476676941
101,-33.15690231323242,2.6588962078094482,-12.1094970703125,-61.499576568603516,-2.0313403606414795,-0.1463836431503296,21.626205444335938,3.4110424518585205,-1.4209485054016113,6.211633682250977,-0.09533414244651794,-0.1851261854171753,2.458308219909668,-0.2047082483768463,-0.018353687599301338,-0.8360127806663513,-1.8882088661193848,-0.04002028703689575,-2.1229960918426514,0.1512851119041443,0.5508894920349121,-2.865410804748535,0.11547227203845978,-0.9030525088310242
102,-17.80877685546875,-1.6359169483184814,-7.2241621017456055,-45.24803161621094,8.191164016723633,-7.139200210571289,8.370077133178711,8.250332832336426,-6.398284912109375,8.688088417053223,-0.029845714569091797,0.09725809097290039,2.6020455360412598,-0.4505857527256012,0.15897266566753387,-1.1401127576828003,-1.8009490966796875,0.37679535150527954,-1.49567449092865,-0.09183871001005173,-0.012018365785479546,-2.6509406566619873,-1.3422218561172485,-1.8944745063781738
103,-35.69854736328125,-2.5167722702026367,1.862310767173767,-20.9281005859375,13.703296661376953,-4.219400882720947,25.570661544799805,-1.388965129852295,1.5214427709579468,2.799154281616211,0.23746074736118317,0.11406421661376953,1.7180392742156982,-0.3393745422363281,0.021468253806233406,-0.16770368814468384,-1.6747524738311768,-2.9180033206939697,0.1997380554676056,-0.26057660579681396,-0.11842114478349686,-6.95341157913208,-0.06277169287204742,-2.3949503898620605
104,-47.18027114868164,-5.282578468322754,8.914388656616211,-2.2212772369384766,1.314899206161499,-0.26334667205810547,54.42806625366211,-11.031574249267578,15.583650588989258,-18.38040542602539,-17.068862915039062,-7.888160705566406,-0.5173657536506653,-0.013229414820671082,1.108292818069458,4.9921650886535645,1.4011836051940918,-4.1097731590271,2.164975166320801,-0.9353722333908081,-0.03134245425462723,-2.0936484336853027,10.541770935058594,1.5432227849960327
105,-38.7353515625,1.5720951557159424,-1.0683996677398682,-6.62799072265625,-0.7334532141685486,0.4776499271392822,39.18365478515625,-21.64483642578125,29.170522689819336,-67.78568267822266,-7.004176139831543,-11.038117408752441,-2.5428466796875,0.4057275056838989,-0.048015035688877106,7.371646404266357,0.31438934803009033,-1.9678764343261719,1.226614236831665,0.050353772938251495,-0.18675056099891663,1.301785945892334,-2.925248861312866,1.1558924913406372
106,-38.10066223144531,1.4576783180236816,1.96878981590271,-13.50716781616211,-0.5852217674255371,0.24311816692352295,39.17949295043945,-25.764373779296875,36.9870491027832,-74.54747772216797,-4.313905239105225,-3.6857709884643555,-3.0902748107910156,0.44856882095336914,-0.22043074667453766,4.490454196929932,1.7062878608703613,-0.26071009039878845,1.9743174314498901,0.0502132773399353,-0.5425658226013184,0.08899510651826859,-2.1976301670074463,0.362615168094635
107,-24.247920989990234,-4.0258355140686035,4.649263381958008,-7.37677001953125,-0.7010228633880615,0.059946298599243164,22.49323081970215,-19.04920196533203,34.76057434082031,-61.727783203125,-2.8355801105499268,-0.5075645446777344,-3.2707583904266357,0.005164440721273422,0.27134332060813904,2.129439353942871,0.8442249894142151,1.3172266483306885,2.310051202774048,-0.07695259153842926,-0.3490392565727234,-0.4712221622467041,-1.86537504196167,0.13197705149650574
108,-3.655470848083496,-4.3268513679504395,1.8054602146148682,-3.9872889518737793,-0.37104344367980957,-0.026450157165527344,-4.873414039611816,-3.656484842300415,22.721960067749023,-63.89527130126953,4.0962371826171875,0.8343087434768677,-2.5718612670898438,-0.41760674118995667,-0.22004687786102295,-1.3070921897888184,0.5693574547767639,2.658268690109253,2.7628965377807617,-0.00022178888320922852,-0.5765464305877686,-1.369996428489685,-1.4642254114151,-0.19028349220752716
109,7.603468418121338,0.5789742469787598,0.15861710906028748,3.662661552429199,-0.16032008826732635,-0.16607427597045898,-14.484912872314453,-12.41421890258789,19.320268630981445,-42.45405197143555,17.160118103027344,2.5609989166259766,-1.5988962650299072,-0.3266960084438324,0.13089725375175476,-3.224752187728882,-0.13822460174560547,3.81003999710083,2.8114194869995117,0.13522601127624512,-0.34124910831451416,-1.6907522678375244,-1.29706871509552,-0.05845910310745239
110,14.365249633789062,6.536579608917236,-4.635952472686768,8.273869514465332,0.08922183513641357,-0.28012990951538086,-15.195483207702637,-12.77908992767334,12.16598129272461,-19.073137283325195,20.0,5.38446569442749,-0.5408925414085388,0.15357142686843872,-0.030397288501262665,-3.435209035873413,-0.8581611514091492,3.6517083644866943,2.8367154598236084,0.37081223726272583,-0.3309060335159302,-1.5305019617080688,-1.124761700630188,-0.7150452733039856
111,31.930234909057617,5.131532192230225,-5.784056663513184,8.695219039916992,0.33280885219573975,-0.2831258773803711,-32.66767120361328,-6.122383117675781,0.6045204401016235,-10.40266227722168,17.79484748840332,4.443329334259033,1.1592395305633545,0.1366165727376938,-0.27716371417045593,-5.380120277404785,-0.9026758074760437,2.943655252456665,0.6314067244529724,0.16784979403018951,-0.11856839805841446,2.0250043869018555,0.820993185043335,0.46347683668136597
112,54.63578414916992,15.635313034057617,-13.592903137207031,12.713569641113281,0.6824746131896973,-0.16384363174438477,-53.00291442871094,6.427597999572754,-7.9430999755859375,-3.0907020568847656,0.5750322341918945,0.31662988662719727,3.3724257946014404,1.2016688585281372,0.5155246257781982,-2.2071456909179688,8.292510986328125,-1.4962005615234375,-2.7188196182250977,0.23963521420955658,-1.006665825843811,8.770397186279297,5.370509147644043,2.985233783721924
113,38.330020904541016,23.05670738220215,-31.075876235961914,-51.21675109863281,-10.29246997833252,17.12713623046875,-41.983154296875,-7.888315677642822,7.140278339385986,-17.354442596435547,-1.840886116027832,-0.4363570213317871,1.655057430267334,-0.08434600383043289,-0.16043902933597565,0.4111204445362091,-2.0551486015319824,-4.801676273345947,-3.940030813217163,0.022502530366182327,1.0922030210494995,7.025065898895264,0.016701756045222282,1.796417474746704
114,-14.104585647583008,22.4365177154541,-30.1903018951416,-85.81666564941406,-12.902324676513672,5.204874038696289,-1.2974519729614258,-1.9754645824432373,0.43219947814941406,-12.086644172668457,-0.41681182384490967,-0.1968533992767334,1.8825958967208862,-0.2561744451522827,0.1428605318069458,-0.1492963433265686,-2.0626792907714844,0.3310505151748657,-2.586944580078125,-0.12889167666435242,1.023777961730957,1.0133990049362183,0.5440192818641663,1.1251226663589478
115,-14.417466163635254,20.946914672851562,-22.09422492980957,-70.95246887207031,-5.925283432006836,-3.0920794010162354,1.25213623046875,0.3388937711715698,-3.07092022895813,-1.2651166915893555,-0.43363213539123535,-0.10489067435264587,2.312075614929199,-0.21500571072101593,0.2201579213142395,-0.9773815870285034,-1.8394691944122314,0.7574495077133179,-1.6150795221328735,-0.4202572703361511,0.2000533491373062,-2.084775447845459,-1.275146484375,-0.12030404806137085
116,-8.443182945251465,9.502904891967773,-15.698086738586426,-49.54240417480469,4.3930745124816895,-8.04220962524414,-1.2216615676879883,7.699736595153809,-5.278173923492432,7.265133857727051,0.24421489238739014,0.016431331634521484,2.3108904361724854,-0.1708313673734665,0.3596978485584259,-1.2458012104034424,-1.575088620185852,0.9356070756912231,-1.668178915977478,-0.09874746203422546,-0.08250533789396286,-1.6103328466415405,-0.3030897378921509,-1.0283002853393555
117,-17.625404357910156,6.025381565093994,-14.937047004699707,-40.58261489868164,10.639394760131836,-10.206296920776367,7.703682899475098,2.1437807083129883,-0.6319645643234253,4.502382278442383,0.14728200435638428,0.034381866455078125,2.379702568054199,-0.36674898862838745,0.2822401523590088,-1.6001783609390259,-1.3050878047943115,0.6966347098350525,-0.8120501041412354,-0.23991037905216217,-0.1991269737482071,-2.9032750129699707,0.5312122702598572,-2.0126233100891113
118,-9.38732624053955,0.716537356376648,-8.791919708251953,-19.697185516357422,19.401185989379883,-6.646995544433594,3.967170000076294,5.6593403816223145,-2.613478660583496,4.037193298339844,-0.2699296474456787,0.15775251388549805,1.8038434982299805,-0.08255868405103683,0.04266287758946419,-0.6237730979919434,-1.6370849609375,-2.803689956665039,-0.1368982046842575,0.13107065856456757,-0.35863617062568665,-4.404212951660156,-1.1789331436157227,-2.5298779010772705
119,-18.702083587646484,-1.4777281284332275,-1.1359870433807373,-11.575559616088867,16.132640838623047,-3.9165024757385254,18.856517791748047,-1.7215391397476196,2.570194721221924,10.465130805969238,0.4229637384414673,0.18106365203857422,1.2665691375732422,-0.35621827840805054,-0.06583796441555023,0.38824400305747986,-1.4461705684661865,-3.529654026031494,0.7498937249183655,-0.2287127822637558,0.05528050288558006,-4.130788326263428,-0.5844135284423828,-2.35945463180542
120,-46.3800048828125,-6.013919830322266,7.457561492919922,2.1280670166015625,1.1560754776000977,-0.028618812561035156,64.9030990600586,-11.470033645629883,17.854318618774414,-53.42241287231445,-13.476357460021973,-17.32602882385254,-1.275761365890503,1.354907751083374,1.3391101360321045,8.131867408752441,3.7012155055999756,-4.27285099029541,1.4223201274871826,0.779181718826294,0.33960893750190735,1.2877497673034668,-2.6786229610443115,0.27359914779663086
121,-58.529579162597656,-7.9658589363098145,7.192846298217773,-14.746322631835938,-1.513789176940918,0.45244669914245605,55.80084228515625,-21.86836814880371,34.93684768676758,-57.13362503051758,-4.166659832000732,-4.8865966796875,-3.8801803588867188,0.30672022700309753,0.577320396900177,8.762168884277344,0.6074504852294922,-1.0579140186309814,1.2751600742340088,0.047379471361637115,-0.09526000916957855,0.8706229329109192,-2.4423675537109375,0.5120149850845337
122,-32.32217788696289,-5.661510467529297,4.1707611083984375,-16.839570999145508,-0.738147497177124,0.16653043031692505,28.334749221801758,-9.349221229553223,30.957210540771484,-66.96153259277344,-3.826158046722412,-3.9672279357910156,-4.137866973876953,-0.5507239103317261,-0.02094196155667305,4.221850395202637,1.0136561393737793,0.3573314845561981,1.8652163743972778,-0.07687824964523315,-0.26579684019088745,-0.09327458590269089,-2.0578200817108154,0.4826265573501587
123,-20.182445526123047,-6.005437850952148,5.31594705581665,-6.919146537780762,-0.4175567626953125,0.018053054809570312,18.16074562072754,-6.618017196655273,27.097864151000977,-62.55926513671875,2.4140572547912598,-0.3494757115840912,-4.132828235626221,-0.639995813369751,0.23558421432971954,1.5469392538070679,1.9814534187316895,1.9035001993179321,2.3740482330322266,0.1808100789785385,-0.28419142961502075,-0.8707636594772339,-1.6008495092391968,0.07772467285394669
124,-5.872655868530273,1.3170208930969238,0.17535322904586792,-6.500205993652344,-0.7375514507293701,-0.03874063491821289,2.9557504653930664,-5.467446327209473,19.165813446044922,-47.0531120300293,14.280508041381836,2.0505244731903076,-3.0805232524871826,-0.5766252875328064,-0.14579984545707703,-2.8202381134033203,0.45472896099090576,3.8362038135528564,3.080972671508789,0.34857743978500366,-0.5303993225097656,-1.7354097366333008,-1.2936017513275146,-0.04351307451725006
125,10.908658981323242,10.372405052185059,-6.092662811279297,3.1043128967285156,-0.3064696788787842,-0.20485496520996094,-15.844663619995117,-18.93329429626465,16.177854537963867,-20.344894409179688,20.0,5.538111209869385,-1.7347397804260254,-0.1536964327096939,-0.29699793457984924,-5.492990970611572,-0.9407205581665039,4.930931091308594,3.0792229175567627,0.5235105752944946,-0.2909379005432129,-1.8593575954437256,-1.1655045747756958,-0.6862305998802185
126,28.764484405517578,10.775965690612793,-7.566565990447998,11.819890975952148,0.28411412239074707,-0.3874654769897461,-28.28888702392578,-18.473962783813477,7.857658386230469,-14.155281066894531,20.0,4.516805171966553,0.16364890336990356,0.13562767207622528,-0.4575883746147156,-6.960724353790283,-0.8055189847946167,4.129642009735107,1.8674519062042236,0.23981331288814545,-0.31128954887390137,0.6334182620048523,0.025162477046251297,0.40557408332824707
127,53.930992126464844,16.082353591918945,-13.249032974243164,19.348596572875977,0.7615625858306885,-0.3190937042236328,-47.02805709838867,-6.065197944641113,-2.1951653957366943,-8.630989074707031,16.66299057006836,3.934509515762329,2.164001703262329,1.2816931009292603,-0.5343577265739441,-4.919255256652832,4.546413898468018,0.3892906904220581,-1.4895967245101929,-0.001036219298839569,-0.7079948782920837,6.240998268127441,4.450509548187256,1.686583161354065
128,67.3917236328125,14.077284812927246,-19.92228126525879,-27.90282440185547,-18.22547721862793,12.025736808776855,-67.25004577636719,4.836484432220459,-3.6953325271606445,-15.258100509643555,-1.510340690612793,-0.07774162292480469,1.8848193883895874,-0.48687130212783813,-0.597627580165863,0.6225900650024414,-2.286543130874634,-5.526160717010498,-4.367441177368164,-0.49306967854499817,0.35064736008644104,8.338784217834473,1.8451652526855469,2.8409323692321777
129,27.418514251708984,34.24643325805664,-38.14672088623047,-61.45500564575195,-5.296159267425537,4.21773624420166,-30.035449981689453,-5.2369065284729,1.322530746459961,-15.818102836608887,-0.9148964881896973,-0.31789183616638184,1.9722107648849487,0.09089871495962143,0.21220384538173676,0.713209331035614,-2.5692813396453857,0.31579405069351196,-4.763643741607666,0.0808240994811058,1.0533338785171509,3.7770285606384277,2.0799453258514404,1.787291407585144
130,-14.665343284606934,22.932313919067383,-32.68809509277344,-73.30081176757812,-4.451045513153076,1.0477476119995117,1.992441177368164,-2.861922025680542,1.702702522277832,-4.905612945556641,-0.5311892032623291,-0.22757887840270996,2.0908610820770264,-0.16392995417118073,-0.14458811283111572,-0.1505955159664154,-2.1950793266296387,0.25283360481262207,-3.873699903488159,-0.21836723387241364,0.8239313364028931,-0.3080287277698517,1.4655215740203857,0.7395662069320679
131,-16.72122573852539,10.13158130645752,-18.81972312927246,-69.37496948242188,0.10328292846679688,-3.2780489921569824,9.20967960357666,6.57777214050293,-5.533444404602051,3.7944374084472656,-0.39979350566864014,-0.038195520639419556,2.853029489517212,-0.21689337491989136,-0.013038285076618195,-1.0346171855926514,-1.9556268453598022,0.38172388076782227,-2.318207025527954,-0.3255058228969574,0.20678548514842987,-2.554190158843994,-0.9475712776184082,-0.10583830624818802
132,-18.698732376098633,-0.2339315414428711,-7.262048244476318,-47.590087890625,10.596467971801758,-8.648564338684082,9.326449394226074,7.118772506713867,-4.219149589538574,7.512038230895996,0.009941577911376953,-0.020003557205200195,3.1005148887634277,-0.546789824962616,0.2647790312767029,-1.5953269004821777,-1.6916917562484741,0.5224976539611816,-1.5352654457092285,-0.517902135848999,0.1515464335680008,-3.0182337760925293,-2.4245667457580566,-1.3832097053527832
133,-31.459449768066406,5.570110321044922,-10.622702598571777,-37.326393127441406,11.8370943069458,-6.911186218261719,19.82529067993164,2.0285239219665527,-0.4034005403518677,9.228538513183594,0.6998942494392395,0.06889057159423828,2.5744221210479736,-0.40545958280563354,0.060458954423666,-1.077057957649231,-1.7116286754608154,-2.4967174530029297,-0.5609660744667053,-0.45544418692588806,-0.0005530479829758406,-3.906527280807495,0.4956861734390259,-2.237955331802368
134,-38.52602767944336,0.09107118844985962,1.6997127532958984,-10.812763214111328,10.761297225952148,-3.0831942558288574,35.04680252075195,-6.438089370727539,5.551044940948486,5.626800537109375,-0.007562607526779175,0.06671524047851562,0.5728408694267273,0.07571177929639816,0.2002776861190796,2.0990233421325684,-0.07790108025074005,-3.744966983795166,1.6999926567077637,-0.3672742545604706,0.21956466138362885,-8.732390403747559,0.05937768518924713,-3.2947797775268555
135,-50.53063201904297,4.108942031860352,1.9166631698608398,-4.591592788696289,-0.32213759422302246,0.2698345184326172,61.116065979003906,-22.781593322753906,27.17684555053711,-37.54439926147461,-20.0,-5.694483757019043,-1.569051742553711,1.077497124671936,0.5311530232429504,7.041688442230225,1.1050186157226562,-3.6486220359802246,2.707329034805298,-0.3506435453891754,-0.3983110189437866,-1.8859800100326538,8.329571723937988,0.4840989112854004
136,-34.72902297973633,-4.953836441040039,3.190225124359131,-8.710159301757812,-0.6191062927246094,0.4058871269226074,33.34314727783203,-17.200950622558594,35.85121536254883,-66.70397186279297,-8.945301055908203,-7.388211250305176,-3.0453732013702393,0.3463522791862488,-0.30478575825691223,7.143810272216797,1.3483749628067017,-1.4789140224456787,1.503045678138733,-0.12559832632541656,-0.19739188253879547,0.9612364768981934,-2.67771577835083,0.7452293634414673
137,-22.616764068603516,-2.057420253753662,3.1148416996002197,-12.902242660522461,-0.6545963287353516,0.2159995436668396,16.413066864013672,-11.3627290725708,28.334583282470703,-64.02659606933594,-7.847107410430908,-3.9658725261688232,-3.2544984817504883,0.2745587229728699,-0.3177392780780792,3.545931339263916,1.4927520751953125,0.5300809741020203,1.8155505657196045,-0.06972372531890869,-0.37571945786476135,0.12279842793941498,-2.177065849304199,0.38503047823905945
138,-11.515522956848145,-1.7942993640899658,2.1024136543273926,-7.125320911407471,-0.5947015285491943,0.022039413452148438,9.5015869140625,-13.270526885986328,26.088024139404297,-66.33016967773438,1.2224617004394531,-1.9318405389785767,-2.462848424911499,0.20194995403289795,-0.3405364751815796,-0.28570908308029175,0.6947473883628845,1.8588651418685913,2.6100189685821533,0.064761221408844,-0.4724268317222595,-0.9300310015678406,-1.7419193983078003,0.08282703161239624
139,-3.4744110107421875,1.0730209350585938,0.22272884845733643,-1.178797721862793,-0.338875412940979,-0.07619333267211914,-2.984701156616211,-17.806781768798828,19.86765480041504,-45.64137268066406,9.396340370178223,1.5689303874969482,-1.8373485803604126,0.15575487911701202,-0.18196719884872437,-3.0897583961486816,0.3719174265861511,3.2863545417785645,2.7047507762908936,0.11305839568376541,-0.3189522624015808,-1.2823505401611328,-1.4905431270599365,0.2952019274234772
140,8.967942237854004,2.1496825218200684,-2.0665647983551025,5.73484992980957,-0.06273475289344788,-0.20161056518554688,-12.43696403503418,-10.371270179748535,12.655041694641113,-27.284263610839844,20.0,3.4687838554382324,-0.8646659851074219,0.25163277983665466,-0.4041465222835541,-4.464179992675781,0.08224211633205414,4.043031215667725,2.807485580444336,0.25110793113708496,-0.34627270698547363,-1.5049957036972046,-1.3853691816329956,-0.20256155729293823
141,24.83306121826172,3.052342176437378,-3.081286668777466,7.41046142578125,0.06975293159484863,-0.3350944519042969,-21.76178741455078,-1.0099446773529053,-3.539236545562744,-3.453261375427246,18.888484954833984,4.383418083190918,0.7451557517051697,0.2975585460662842,-0.6221324801445007,-6.609720706939697,-0.43097904324531555,3.4297618865966797,0.8327444791793823,0.1567109227180481,-0.45272937417030334,1.9462125301361084,0.9691717624664307,-0.6131196022033691
142,52.010986328125,10.209484100341797,-9.15532112121582,16.918193817138672,0.570611834526062,-0.26018428802490234,-49.29588317871094,4.492974281311035,-6.227800369262695,-5.23187255859375,2.4569149017333984,0.9041922092437744,2.8023033142089844,0.7279770374298096,0.011173725128173828,-1.8139991760253906,7.075399875640869,-1.4037587642669678,-2.116974353790283,0.08400187641382217,-0.5162303447723389,7.1454644203186035,4.635742664337158,1.8078635931015015
143,30.116539001464844,13.861760139465332,-14.640162467956543,-58.167320251464844,-2.5012340545654297,14.7069730758667,-39.288291931152344,7.890476703643799,-3.5175764560699463,-11.73870849609375,-1.6250545978546143,-0.16532111167907715,1.8485240936279297,-0.1492515355348587,-0.09456028044223785,0.16260898113250732,-1.9790955781936646,-5.225837230682373,-3.8547351360321045,0.30488601326942444,0.8186512589454651,7.484455585479736,-1.1403720378875732,1.7235983610153198
144,1.3419990539550781,23.44998550415039,-25.816415786743164,-72.08283233642578,-2.537736415863037,2.900052070617676,-12.080449104309082,1.1515538692474365,-2.185521125793457,-14.055028915405273,-0.2843888998031616,-0.1743457317352295,1.9303828477859497,-0.19806839525699615,0.12843605875968933,-0.08497501909732819,-2.0559794902801514,0.24059496819972992,-2.917186975479126,0.4982787072658539,0.40958172082901,1.614493727684021,1.026581883430481,0.7854190468788147
145,-8.234865188598633,23.414264678955078,-23.347728729248047,-61.99922180175781,-2.871136426925659,-1.4012830257415771,-2.7345170974731445,-3.687230348587036,0.9919893741607666,-1.5354291200637817,-0.3994752764701843,-0.10935872793197632,2.142261028289795,-0.24327577650547028,0.15625210106372833,-0.6332360506057739,-1.878044843673706,0.5397201776504517,-2.393399477005005,0.25752219557762146,0.26219502091407776,-0.5600286722183228,-0.06934370845556259,-0.00601221714168787
146,-7.259573936462402,8.327619552612305,-16.01942253112793,-53.57648468017578,6.69040584564209,-6.757000923156738,-3.145956039428711,3.8864688873291016,-4.35333776473999,1.7241039276123047,-0.26872849464416504,0.0022890567779541016,2.4554848670959473,-0.26170873641967773,0.42062515020370483,-1.24811589717865,-1.6742922067642212,0.7907502055168152,-1.9288336038589478,0.07580408453941345,-0.2981615662574768,-2.0193583965301514,-1.376831293106079,-1.1045712232589722
147,-27.34811782836914,1.4468157291412354,-6.824331283569336,-39.564842224121094,9.313678741455078,-7.939990997314453,19.40410804748535,-0.21039420366287231,1.323264718055725,5.010461807250977,0.10822248458862305,0.03450655937194824,2.562319755554199,-0.4383101463317871,0.41508185863494873,-1.3356966972351074,-1.4865344762802124,-1.4227375984191895,-0.24420078098773956,-0.20654156804084778,-0.14087699353694916,-4.253074645996094,-2.509906053543091,-1.8470323085784912
148,-35.6153564453125,2.7054646015167236,0.11475670337677002,-9.752540588378906,12.322164535522461,-3.3046960830688477,34.473663330078125,-7.166780471801758,5.990276336669922,7.3854217529296875,0.7171972990036011,-0.019965171813964844,0.6575813293457031,-0.06002410501241684,0.28016793727874756,1.9485690593719482,-0.2393999993801117,-4.336403846740723,1.8776479959487915,-0.44060203433036804,-0.2168409526348114,-8.030312538146973,0.7129214406013489,-4.002523422241211
149,-49.555030822753906,0.8570778369903564,4.067456245422363,-8.487358093261719,-0.29770922660827637,0.32807254791259766,53.407936096191406,-8.309418678283691,15.782468795776367,-26.244565963745117,-19.50785255432129,-8.863241195678711,-1.4516907930374146,0.6086103916168213,0.6566342711448669,4.746455192565918,1.5869550704956055,-3.7470099925994873,1.1552870273590088,-0.1980711817741394,0.4301871061325073,2.300905704498291,0.451171875,6.102516174316406
150,-44.15726089477539,-9.872527122497559,6.654363632202148,-5.286048889160156,-0.6618850231170654,0.4098724126815796,52.39748001098633,-18.482789993286133,29.18215560913086,-59.16439437866211,-2.0014052391052246,-8.360535621643066,-3.343595266342163,0.5981921553611755,0.33037182688713074,7.470376014709473,1.3538213968276978,-0.6306316256523132,1.4428842067718506,0.24703675508499146,-0.05731889605522156,1.034267783164978,-2.5840766429901123,0.7241737842559814
151,-33.420875549316406,-8.98337173461914,6.897012710571289,-13.578903198242188,-0.817333459854126,0.09202420711517334,30.277385711669922,-13.129940032958984,34.9228515625,-63.562747955322266,-1.6075387001037598,-3.7485785484313965,-3.8307175636291504,-0.4972643256187439,0.27599862217903137,4.016038417816162,1.0191553831100464,1.0006216764450073,1.8460859060287476,-0.17537355422973633,-0.08298082649707794,0.31488463282585144,-2.239776134490967,0.491008460521698
152,-10.096179962158203,-3.836210250854492,2.5175952911376953,-7.460822105407715,-0.4610915184020996,-0.005908966064453125,3.987325668334961,-5.900999546051025,28.5190486907959,-69.6677474975586,3.4260454177856445,-0.914322555065155,-3.0914413928985596,-0.7132934927940369,0.1184600442647934,-0.1501787304878235,1.1613258123397827,2.4641411304473877,2.561276912689209,-0.08598339557647705,-0.29487118124961853,-0.8080005645751953,-1.7662692070007324,0.05932663381099701
153,-2.947521209716797,3.4517974853515625,-0.8622542023658752,-1.2238407135009766,-0.5125365853309631,-0.18956518173217773,-2.218785285949707,-11.626896858215332,16.567947387695312,-39.07734298706055,12.08569622039795,-0.24474407732486725,-2.537513256072998,-0.23556780815124512,0.19210560619831085,-2.5219435691833496,-0.5537790060043335,2.705514669418335,2.6346936225891113,0.2586786448955536,-0.26012706756591797,-1.1056914329528809,-1.5020036697387695,0.1043442115187645
154,14.165425300598145,6.971994876861572,-4.930581092834473,6.269776344299316,0.10263466835021973,-0.11363506317138672,-17.956058502197266,-20.272891998291016,14.958955764770508,-28.06748390197754,19.163307189941406,4.60329532623291,-1.3423802852630615,-0.22304405272006989,-0.1486189216375351,-4.021374702453613,-0.42078784108161926,3.8334643840789795,2.792001724243164,0.22359931468963623,-0.2072940170764923,-1.2197678089141846,-1.5610674619674683,-0.13779938220977783
155,30.11590576171875,13.12868881225586,-9.761101722717285,7.795757293701172,0.2381342053413391,-0.26079511642456055,-29.649656295776367,-9.78885555267334,4.490198612213135,-13.251803398132324,20.0,5.652479648590088,0.6605592966079712,0.5576394200325012,-0.48692774772644043,-6.641770839691162,-0.02205151505768299,3.214599609375,1.2330148220062256,0.3457246422767639,-0.3387925624847412,1.1408289670944214,0.4598633050918579,-0.5474920868873596
156,52.396488189697266,13.617654800415039,-19.56129264831543,-12.193578720092773,-12.210525512695312,5.233148097991943,-50.23607635498047,-3.362712860107422,-3.98129940032959,-5.9683685302734375,6.908267021179199,2.120393753051758,2.2937171459198,0.6348061561584473,-0.047180671244859695,-1.5524812936782837,6.793551921844482,-2.9689667224884033,-1.6102873086929321,-0.4656033217906952,-0.6562478542327881,6.469677448272705,4.128425121307373,1.849352478981018
157,53.94698715209961,27.61982536315918,-32.62782669067383,-58.0476188659668,-4.170552730560303,1.8350589275360107,-52.72740173339844,-1.122260332107544,0.050635337829589844,-11.787302017211914,-1.4436465501785278,-0.1701512336730957,1.7126978635787964,-0.01831921562552452,0.28706562519073486,1.1107232570648193,-2.662498950958252,0.35669776797294617,-3.884038209915161,-0.35281872749328613,0.7765339016914368,7.598598480224609,0.8826591372489929,2.10382342338562
158,6.549455642700195,23.833036422729492,-36.458709716796875,-80.42510223388672,-8.630942344665527,2.670775890350342,-18.845199584960938,3.403061628341675,-2.5117297172546387,-12.668915748596191,-0.6996605396270752,-0.19788837432861328,2.046151638031006,0.007394030690193176,0.019831404089927673,0.11714691668748856,-2.2953450679779053,0.5803233981132507,-3.600250005722046,0.22249656915664673,0.780592679977417,2.9060897827148438,0.6532741189002991,1.4837379455566406
159,-3.8246750831604004,19.603748321533203,-30.13310432434082,-83.30908203125,-0.9381599426269531,-0.7239078283309937,-10.799489974975586,1.5977717638015747,-3.021742820739746,-4.63783597946167,-0.43864965438842773,-0.13242852687835693,2.4417757987976074,-0.14113524556159973,0.06135934963822365,-1.0479321479797363,-1.7159085273742676,0.4676016867160797,-3.2043275833129883,-0.13554958999156952,0.2108786553144455,-0.510692298412323,0.6805574297904968,0.5244730114936829
160,-4.750274658203125,6.76339864730835,-19.634349822998047,-52.377685546875,2.795104742050171,-5.321832180023193,-2.286378860473633,5.588006019592285,-3.617690086364746,3.763463020324707,-0.2548966407775879,-0.05458039045333862,2.7548277378082275,-0.31367775797843933,0.1790691763162613,-1.4916698932647705,-1.5655544996261597,0.7589995861053467,-2.7913215160369873,-0.12031774967908859,0.11347167193889618,-0.9988909959793091,-0.6638435125350952,-0.3511679768562317
161,-28.74740982055664,0.5565383434295654,-13.038914680480957,-46.970947265625,4.859495639801025,-8.487114906311035,17.41849136352539,6.424432754516602,-3.5089173316955566,4.975470542907715,0.24923375248908997,0.02293539047241211,2.890873908996582,-0.4045199751853943,0.04475502669811249,-1.8964098691940308,-1.4111264944076538,0.8077972531318665,-1.3748568296432495,-0.05119866132736206,-0.32173237204551697,-2.8645565509796143,0.05777647718787193,-1.1360602378845215
162,-32.942874908447266,-5.6340155601501465,-1.9334601163864136,-23.659692764282227,11.175617218017578,-5.055230617523193,24.71023941040039,2.4603164196014404,-0.6357600688934326,4.974588394165039,0.01727283000946045,0.03981733322143555,2.1867880821228027,-0.5707760453224182,-0.3772486448287964,-1.0720499753952026,-1.7277557849884033,-3.3363020420074463,0.2333962321281433,-0.042888280004262924,-0.4546992778778076,-5.732870578765869,-0.729994535446167,-2.2892837524414062
163,-41.299041748046875,-1.2222638130187988,3.3171849250793457,-14.95526123046875,8.203962326049805,-2.352365493774414,35.98127746582031,-0.20923614501953125,2.5446906089782715,14.029655456542969,0.35683202743530273,0.07017707824707031,0.8017958402633667,-0.3157912492752075,-0.06676069647073746,0.8139886260032654,-0.8922938108444214,-3.73417592048645,1.7703834772109985,0.1570001095533371,-0.12791074812412262,-6.659289360046387,-1.432334065437317,-3.798517942428589
164,-46.91340637207031,0.4754783511161804,5.854428291320801,-4.068244934082031,0.050202369689941406,0.19834280014038086,56.25535583496094,-13.769083976745605,20.11908531188965,-24.128189086914062,-17.607158660888672,-7.706457138061523,-1.7226295471191406,0.4500111937522888,1.0055756568908691,5.809929847717285,2.0830917358398438,-3.6576988697052,0.8448222279548645,-0.44752341508865356,0.17531847953796387,-2.3889970779418945,6.745884418487549,2.795680522918701
165,-42.985069274902344,4.844709396362305,-1.584228754043579,-10.00412368774414,-0.9661892652511597,0.43522167205810547,49.49431610107422,-24.902660369873047,35.49814987182617,-46.33216857910156,-1.9300622940063477,-18.940576553344727,-3.394036293029785,0.5975561738014221,0.259002685546875,7.2590460777282715,0.05900409817695618,-1.3621102571487427,0.8985855579376221,-0.06980489194393158,-0.19072343409061432,1.8960896730422974,-2.7672643661499023,0.05930522829294205
166,-32.75511169433594,-2.8011584281921387,2.8068857192993164,-11.982124328613281,-0.444927453994751,0.17481999099254608,36.03810501098633,-18.90894889831543,42.1268310546875,-72.82476043701172,-4.057096004486084,-4.474100589752197,-3.45866322517395,0.2499239146709442,0.14018912613391876,3.9246814250946045,1.8296781778335571,-0.035479411482810974,1.8345001935958862,-0.21470457315444946,-0.23844073712825775,0.6368762254714966,-2.3961408138275146,0.378452330827713
167,-16.692888259887695,7.39454460144043,-3.751668930053711,-9.707656860351562,-0.7498893737792969,0.13883733749389648,9.45323371887207,-16.069799423217773,31.209692001342773,-65.75121307373047,-4.799710750579834,-1.0802605152130127,-3.2799394130706787,0.6772369742393494,-0.6627070903778076,-0.07961566746234894,0.9454625844955444,1.3848689794540405,2.409061908721924,0.04461425542831421,-0.656718909740448,-0.44573691487312317,-1.8698264360427856,0.0054807960987091064
168,-0.66351318359375,-1.8595435619354248,0.8316895961761475,1.1157855987548828,-0.3071184754371643,-0.04073905944824219,-3.1092872619628906,-9.199910163879395,26.32485580444336,-48.89200210571289,4.4633893966674805,-0.9418556690216064,-2.3724584579467773,0.388908326625824,-0.8057831525802612,-2.210340738296509,0.23235224187374115,2.6240642070770264,2.7656047344207764,0.1516284942626953,-0.49877414107322693,-0.8387740850448608,-1.7070622444152832,-0.09966236352920532
169,18.648094177246094,-2.5689711570739746,0.6682348251342773,6.79890251159668,0.02323603630065918,-0.1472644805908203,-28.945499420166016,-7.627922534942627,13.96496868133545,-40.43012619018555,10.073494911193848,-0.00638347864151001,-1.0862476825714111,-0.03598202392458916,-0.8176129460334778,-3.967294692993164,-0.3366755247116089,3.838681697845459,2.6696603298187256,0.13096883893013,-0.21252626180648804,-0.8572361469268799,-1.8124784231185913,0.4092079997062683
170,31.000457763671875,6.4323859214782715,-4.288820743560791,5.324798583984375,0.21827316284179688,-0.33200550079345703,-32.60945129394531,-1.4397512674331665,-1.1459747552871704,-5.195425510406494,13.287178039550781,3.0697150230407715,0.9491579532623291,0.2940491735935211,-0.5332327485084534,-7.972169876098633,0.7208301424980164,2.9918713569641113,0.29281187057495117,-0.024388907477259636,-0.08224005997180939,2.793640375137329,0.6444987058639526,0.5285323858261108
171,45.192909240722656,8.352957725524902,-17.137508392333984,-29.94654083251953,-17.07548713684082,8.295487403869629,-48.6195068359375,3.9900760650634766,-5.715695381164551,-7.188304901123047,-0.17488574981689453,0.10285472869873047,1.6101053953170776,-0.0923185870051384,0.6718064546585083,2.506293773651123,-1.4570280313491821,0.1392223834991455,-1.858719825744629,-0.41948944330215454,-0.21405386924743652,6.212830066680908,2.9745471477508545,1.8246359825134277
172,28.54141616821289,35.61006546020508,-38.492027282714844,-80.97328186035156,-6.531955718994141,0.6160831451416016,-39.68628692626953,-0.1351640522480011,-0.409895658493042,-9.248430252075195,-1.3215447664260864,-0.17238831520080566,1.600205898284912,-0.29039716720581055,0.27228689193725586,0.553241491317749,-2.372812509536743,0.9846460819244385,-3.3377652168273926,0.0395558662712574,0.6424315571784973,5.778989315032959,-1.1384618282318115,1.7459790706634521
173,2.1889562606811523,20.80523109436035,-25.8710880279541,-79.5390853881836,-5.083698749542236,0.5663149356842041,-14.648187637329102,5.177274703979492,-4.162126541137695,-7.81342887878418,-0.12544000148773193,-0.15052580833435059,1.8650181293487549,-0.25684207677841187,0.23441238701343536,-0.3892528712749481,-1.8694744110107422,0.4627363383769989,-3.2868895530700684,0.498663067817688,0.6025810837745667,2.6810171604156494,0.8587049841880798,1.0815191268920898
174,-5.291576385498047,19.74567413330078,-25.341949462890625,-66.61587524414062,-0.44614720344543457,-3.676227331161499,-4.858651161193848,-6.645344257354736,2.400742530822754,-6.056111812591553,-0.47550684213638306,-0.16810393333435059,2.463641405105591,-0.47304025292396545,0.5001903772354126,-1.3888509273529053,-1.530304193496704,0.8294539451599121,-2.2740299701690674,-0.21669861674308777,0.5251237154006958,-1.2420624494552612,0.3307555019855499,-0.07078158110380173
175,-21.87468719482422,6.4878058433532715,-11.85446834564209,-50.51292419433594,5.021070957183838,-6.633840084075928,10.032559394836426,3.9671289920806885,-3.8762903213500977,4.697236061096191,-0.06318652629852295,0.0004715919494628906,2.5688750743865967,-0.46848538517951965,0.6314228177070618,-1.7890307903289795,-1.3820730447769165,0.6633345484733582,-1.4326107501983643,-0.2543054521083832,-0.0486527755856514,-2.6404614448547363,-0.3699674606323242,-1.1709190607070923
176,-28.270662307739258,6.344905376434326,-9.721015930175781,-32.58156204223633,4.559582233428955,-5.321064472198486,21.552589416503906,2.527043581008911,-0.18207192420959473,6.863155364990234,0.11099481582641602,0.07542610168457031,2.3460090160369873,-0.2865372896194458,0.14016953110694885,-1.185448408126831,-1.4160659313201904,-1.7207047939300537,0.4212154150009155,-0.0729253739118576,-0.4550706744194031,-4.60623836517334,-1.321631908416748,-1.584389567375183
177,-29.907503128051758,0.8187592029571533,0.245383620262146,-12.714673042297363,8.129846572875977,-2.464463233947754,22.922855377197266,-5.683144569396973,4.8763346672058105,9.310619354248047,0.45376837253570557,0.03422975540161133,1.3168796300888062,-0.34939295053482056,0.3215940594673157,0.1991700828075409,-1.3849172592163086,-2.7947213649749756,1.218357801437378,-0.4872708022594452,-0.0739499107003212,-5.4066667556762695,-0.1182350143790245,-2.3975939750671387
178,-41.70966339111328,0.984456479549408,4.405858993530273,-3.9692821502685547,1.9416637420654297,-0.3531937599182129,43.11756134033203,-4.967469215393066,11.24697494506836,-20.93105697631836,-17.375885009765625,-7.472115516662598,-1.1124786138534546,0.26730263233184814,0.31792759895324707,4.627945899963379,1.1775635480880737,-3.6715447902679443,1.6601120233535767,-0.5123595595359802,0.08260084688663483,-1.3884940147399902,8.03604793548584,0.9270339608192444
179,-26.32645034790039,-4.387668609619141,2.4638638496398926,-3.017833709716797,-0.44347095489501953,0.39125943183898926,30.033096313476562,-16.603797912597656,24.38620948791504,-68.21217346191406,-8.748310089111328,-8.852968215942383,-2.1136796474456787,0.42025667428970337,-0.42261818051338196,6.782576084136963,0.9209051132202148,-1.8280683755874634,1.1968058347702026,0.17068049311637878,-0.10281626880168915,1.168815016746521,-2.7224717140197754,1.204005479812622
180,-30.081100463867188,0.932260274887085,2.595977306365967,-11.834623336791992,-0.6351196765899658,0.1991538405418396,26.007160186767578,-24.818614959716797,33.37654113769531,-63.76950454711914,-5.668613433837891,-2.517608404159546,-2.510349988937378,0.5499618649482727,-0.11646679043769836,4.267366409301758,1.165885329246521,-0.3416363298892975,1.623757243156433,0.04369807243347168,-0.3557937741279602,0.42065924406051636,-2.2021119594573975,0.3648982048034668
181,-20.790573120117188,-7.0181074142456055,5.0221991539001465,-7.892414093017578,-0.5493366718292236,0.09742236137390137,14.922843933105469,-10.8357515335083,29.709962844848633,-62.198116302490234,-2.1034626960754395,-1.8774840831756592,-2.4922287464141846,-0.11200112849473953,-0.03424172103404999,1.3698064088821411,1.074189305305481,1.533504605293274,1.9782170057296753,-0.08532944321632385,-0.27601122856140137,-0.2218277007341385,-1.8962246179580688,0.341825008392334
182,-7.817363739013672,0.3407975435256958,0.048441410064697266,-2.1239757537841797,-0.42677173018455505,-0.05299186706542969,0.3701171875,-10.410184860229492,24.495004653930664,-61.32209014892578,5.399852752685547,0.6424024105072021,-2.0834362506866455,0.14619792997837067,-0.35657912492752075,-0.7239624857902527,0.11112964153289795,2.6942672729492188,2.460110664367676,0.23123788833618164,-0.5306008458137512,-1.0759364366531372,-1.460242748260498,-0.12181128561496735
183,3.990598440170288,6.450805187225342,-3.801553726196289,-2.574871063232422,-0.37552976608276367,-0.1549077033996582,-11.965638160705566,-15.284136772155762,18.423114776611328,-32.76316452026367,15.276265144348145,1.7744603157043457,-0.7725761532783508,0.16302266716957092,-0.4971742331981659,-4.882436275482178,-1.1235543489456177,3.173807382583618,2.606736660003662,0.24277645349502563,-0.37281501293182373,-1.3526301383972168,-1.3597208261489868,-0.04502218961715698
184,15.199920654296875,0.3601354956626892,-0.37022095918655396,11.492732048034668,0.30310070514678955,-0.27045631408691406,-18.75027847290039,-10.545120239257812,7.675753593444824,-13.78775405883789,16.77355194091797,3.860746145248413,-0.312944620847702,0.15552859008312225,-0.1289975345134735,-4.169271469116211,-0.9652441740036011,3.0019452571868896,1.5060902833938599,0.19201159477233887,-0.06584934890270233,0.2480359971523285,-0.907047688961029,-0.15466445684432983
185,33.87114334106445,8.545960426330566,-7.146757125854492,8.214632034301758,0.45254719257354736,-0.22782659530639648,-33.60993576049805,-0.6652632355690002,-3.244351863861084,-6.721380233764648,13.969989776611328,3.696917772293091,1.2197519540786743,0.6124955415725708,-0.18193382024765015,-3.052044153213501,5.730318069458008,-0.2301928997039795,-1.051073670387268,0.1046278104186058,-0.13277143239974976,4.416398525238037,1.9127026796340942,0.19421347975730896
186,53.54685592651367,23.972858428955078,-25.788442611694336,-71.0215835571289,3.7841217517852783,1.1743249893188477,-48.70355224609375,8.858293533325195,-7.100472450256348,-3.0580406188964844,-0.43766069412231445,0.167388916015625,1.8567947149276733,-0.33951765298843384,0.3052135407924652,0.5556343197822571,-2.3376190662384033,0.6125801205635071,-2.9143807888031006,-0.5073783993721008,-0.18584515154361725,8.55756950378418,3.81729793548584,2.5100104808807373
187,29.436193466186523,26.470020294189453,-41.012367248535156,-80.11904907226562,-1.097663402557373,0.47649073600769043,-44.77107238769531,4.766157150268555,-3.319450855255127,-15.806547164916992,-1.5336964130401611,-0.27203917503356934,1.8508586883544922,-0.03076750785112381,0.22593940794467926,-0.27202877402305603,-1.8961397409439087,0.7884531021118164,-4.189239978790283,0.7204841375350952,0.42375448346138,5.457462787628174,0.7959976196289062,1.2308319807052612
188,7.993457794189453,13.925331115722656,-28.17662811279297,-72.053466796875,-0.08869409561157227,-2.7254834175109863,-17.115917205810547,1.8485310077667236,-2.858017683029175,-9.856743812561035,-0.6007660627365112,-0.06912708282470703,2.539910078048706,-0.24236571788787842,0.35493433475494385,-1.3233362436294556,-1.4283617734909058,1.0251463651657104,-3.680549144744873,0.502221405506134,0.147903174161911,1.6478216648101807,0.5856570601463318,1.2749072313308716
189,-26.119308471679688,24.646400451660156,-25.537580490112305,-54.793304443359375,-1.0771217346191406,-5.0867438316345215,8.264678955078125,-10.82753849029541,6.6581711769104,-5.24592399597168,-0.3892355263233185,-0.2426193505525589,2.389137029647827,-0.30762770771980286,0.08622326701879501,-1.819894552230835,-1.2262383699417114,0.9306390881538391,-2.5524487495422363,0.08610619604587555,0.204515278339386,-2.9855189323425293,0.030894597992300987,-0.10754699259996414
190,-18.02326202392578,-0.22060787677764893,-12.451746940612793,-53.03501892089844,11.084734916687012,-10.175565719604492,5.928162574768066,8.675922393798828,-6.4388604164123535,8.942169189453125,0.021171927452087402,0.015969038009643555,2.7279393672943115,-0.44473931193351746,0.4344239830970764,-2.4328927993774414,-0.8572487235069275,1.1107686758041382,-1.8976805210113525,0.016842270269989967,-0.16893716156482697,-2.885776996612549,-0.7787737250328064,-1.3858826160430908
191,-19.5692138671875,-0.7763833999633789,-5.763875961303711,-17.148693084716797,19.15846824645996,-5.88071870803833,17.764822006225586,-0.7014915943145752,1.9271636009216309,5.1742095947265625,0.18938851356506348,0.021558284759521484,2.345101833343506,-0.4314257502555847,0.12067075073719025,-1.4501211643218994,-1.1752561330795288,-3.631308078765869,-0.36188051104545593,-0.21039947867393494,-0.02709396742284298,-4.826519012451172,-0.5087878704071045,-2.6194889545440674
192,-33.15248107910156,-1.8693490028381348,2.3785288333892822,-4.2555928230285645,11.814558029174805,-2.530160903930664,35.6086311340332,-5.71846342086792,5.111176013946533,8.706493377685547,0.35637879371643066,0.13413238525390625,-0.046369291841983795,-0.24210476875305176,0.2856904864311218,2.795220136642456,1.1570180654525757,-3.975008249282837,1.6007150411605835,-0.40052294731140137,0.13514159619808197,-7.904285430908203,0.5472398400306702,-3.2525036334991455
193,-44.29446029663086,-3.118056535720825,5.276566505432129,-4.469417572021484,-0.4206380844116211,0.2514810562133789,58.97716522216797,-14.721824645996094,15.38838005065918,-25.061025619506836,-20.0,-15.075189590454102,-1.8693392276763916,0.24619539082050323,0.9714091420173645,7.725739002227783,1.737200140953064,-3.7098145484924316,2.315952777862549,-1.006401777267456,-0.08338155597448349,-0.5281638503074646,6.983095645904541,2.2026238441467285
194,-43.360252380371094,5.581122398376465,-3.463845729827881,-16.22985076904297,-1.0029911994934082,0.525931715965271,40.31117248535156,-21.70775032043457,34.54949188232422,-63.9054069519043,-8.241809844970703,-8.924614906311035,-3.355546236038208,0.36641615629196167,-0.39424437284469604,5.585449695587158,0.8554033041000366,-0.8924729824066162,1.3126778602600098,-0.13942313194274902,-0.0509941428899765,1.014371395111084,-2.6446967124938965,1.0198307037353516
195,-27.762928009033203,-3.9003219604492188,4.89809513092041,-7.257036209106445,-0.38295412063598633,0.0964692234992981,31.484899520874023,-14.544886589050293,29.027523040771484,-54.51194381713867,-6.804570198059082,-4.714689254760742,-4.143860340118408,0.49863120913505554,-0.18059448897838593,4.781888008117676,2.208179473876953,0.4568852186203003,1.7344378232955933,-0.019144490361213684,-0.24237146973609924,0.43351930379867554,-2.298375368118286,0.684337854385376
196,-9.221031188964844,-9.103256225585938,5.349156856536865,-9.263127326965332,-0.7260056734085083,0.011879920959472656,4.849109649658203,-7.247178077697754,26.526445388793945,-63.82408905029297,-0.28060197830200195,-3.1873440742492676,-3.2273366451263428,-0.3446049988269806,-0.15636180341243744,-0.057301487773656845,1.01490318775177,1.7375379800796509,2.369117259979248,-0.1326046586036682,-0.16374793648719788,-0.4461803138256073,-1.919792890548706,0.2682878375053406
197,-0.6264533996582031,1.1240992546081543,0.6955804824829102,-0.37543392181396484,-0.3888399004936218,-0.08974027633666992,-2.7853031158447266,-13.349557876586914,20.54861068725586,-54.33883285522461,7.008045196533203,-0.4050966501235962,-2.20967435836792,-0.07554919272661209,-0.06308731436729431,-2.8852193355560303,0.13060230016708374,2.9448277950286865,3.0026679039001465,0.008206203579902649,-0.35744616389274597,-1.2225584983825684,-1.6205072402954102,0.0002444237470626831
198,13.048201560974121,2.660966396331787,-2.8137755393981934,6.922266006469727,0.02585921436548233,-0.14963626861572266,-23.95749282836914,-13.937678337097168,14.715546607971191,-41.58916473388672,11.600144386291504,3.4221949577331543,-1.3409764766693115,0.10668190568685532,-0.3508436679840088,-4.097629070281982,0.012649196200072765,4.001506328582764,2.8441321849823,0.26224425435066223,-0.26779893040657043,-1.428791880607605,-1.464157223701477,0.034581512212753296
199,14.076680183410645,4.992068290710449,-3.2354342937469482,6.9830169677734375,-0.038489580154418945,-0.32671165466308594,-14.639548301696777,-11.930338859558105,4.435946464538574,-5.840455532073975,17.851421356201172,3.7101433277130127,-0.5365976095199585,0.34229040145874023,-0.1826762855052948,-5.0191545486450195,-0.9053868055343628,3.5599300861358643,1.211602807044983,0.17369502782821655,-0.11174111068248749,1.171782374382019,-0.11575991660356522,-0.0913873165845871
200,41.23382568359375,8.85032844543457,-7.7171735763549805,10.689327239990234,0.4197095036506653,-0.2798290252685547,-35.87022018432617,0.8332639336585999,-4.6431050300598145,-5.623989105224609,11.347288131713867,3.094506025314331,1.95266854763031,0.35747581720352173,-0.7547834515571594,-8.052985191345215,-0.28479835391044617,2.410205841064453,-1.0538500547409058,-0.2487674355506897,-0.34602630138397217,5.3094916343688965,2.506930351257324,1.8882824182510376
201,53.08270263671875,22.62203598022461,-26.847028732299805,-47.95924758911133,-14.768184661865234,14.965965270996094,-59.526153564453125,3.5268754959106445,-4.229931354522705,-11.562255859375,-1.12968111038208,-0.09845876693725586,1.6271030902862549,-0.7632915377616882,0.05993913114070892,1.0282294750213623,-3.0241477489471436,2.518664598464966,-3.499677896499634,-0.6866562366485596,0.023405538871884346,7.598956108093262,0.6316894888877869,2.2938132286071777
202,12.972822189331055,26.173585891723633,-26.62179183959961,-66.90443420410156,-6.9695563316345215,3.8530213832855225,-20.564329147338867,5.522019863128662,-2.622251272201538,-12.106669425964355,-0.6014819145202637,-0.21542072296142578,1.7365186214447021,-0.08761770278215408,-0.04910966753959656,0.5415378212928772,-2.3020520210266113,0.33370816707611084,-3.5267386436462402,0.5979913473129272,0.687569797039032,3.788832664489746,0.9685269594192505,1.9147776365280151
203,-1.3696699142456055,19.855140686035156,-28.817874908447266,-78.38806915283203,-4.781599044799805,0.8578912019729614,-11.14112663269043,-0.9041123390197754,-1.4171226024627686,-5.546623229980469,-0.3886888027191162,-0.18436431884765625,2.1979427337646484,-0.1737777441740036,0.1734955608844757,-0.5232821702957153,-1.8952281475067139,0.4630945920944214,-3.199084997177124,0.17725655436515808,0.3807186186313629,0.7133771181106567,1.628745675086975,1.0369524955749512
204,-0.2684450149536133,11.097777366638184,-18.333765029907227,-53.52172088623047,1.7700549364089966,-5.652265548706055,-6.045249938964844,3.3173487186431885,-3.30206298828125,-1.2220096588134766,-0.5867514610290527,-0.14927184581756592,2.6266002655029297,-0.34152907133102417,0.2184889316558838,-1.0740467309951782,-1.6491293907165527,1.0722898244857788,-2.4661459922790527,-0.02092740312218666,-0.0391945019364357,-1.3919005393981934,-0.48737627267837524,-0.8809099793434143
205,-39.98668670654297,3.376953601837158,-7.006725788116455,-50.73464584350586,5.345064640045166,-8.206554412841797,26.440277099609375,1.284477949142456,-0.49588435888290405,5.689624786376953,0.16425561904907227,0.05559873580932617,2.903665781021118,-0.49755555391311646,0.2999686002731323,-1.7217822074890137,-1.5961705446243286,0.5433575510978699,-0.6409141421318054,-0.24362289905548096,-0.2049420177936554,-3.926778793334961,-0.9439730048179626,-1.4093135595321655
206,-36.36030578613281,0.7246226072311401,-2.653109073638916,-34.672462463378906,8.374505996704102,-5.919137001037598,20.864538192749023,2.4806807041168213,0.009403519332408905,10.126521110534668,0.2894287109375,0.0581212043762207,2.0931479930877686,-0.46777233481407166,0.33062657713890076,-1.0262640714645386,-1.5403501987457275,-1.8819836378097534,-0.01401774026453495,-0.21205109357833862,0.03411213308572769,-4.314416885375977,-1.1123749017715454,-2.3282344341278076
207,-36.06243896484375,-1.8725130558013916,5.639562129974365,-3.7841925621032715,5.76800537109375,-1.8395633697509766,36.2199821472168,-6.528895378112793,5.987105846405029,6.6099090576171875,0.156982421875,0.046111106872558594,-0.15921103954315186,-0.05952075123786926,0.3832511007785797,2.8537919521331787,0.16363799571990967,-3.638021469116211,2.295172691345215,-0.20934975147247314,0.3217402398586273,-8.668926239013672,-1.8380475044250488,-3.7900989055633545
208,-46.07024383544922,-1.9014554023742676,4.066269874572754,-5.235071182250977,-0.35241615772247314,0.2583932876586914,59.16271209716797,-14.104127883911133,18.74725914001465,-35.81623840332031,-20.0,-12.937450408935547,-1.6448532342910767,0.7763721942901611,0.6364057064056396,6.684412956237793,1.0368191003799438,-3.347426652908325,2.6162109375,-0.2383691370487213,0.0317855179309845,-1.6621317863464355,7.903482437133789,1.7052870988845825
209,-34.205406188964844,-6.4899396896362305,4.154114723205566,-10.509893417358398,-0.6433279514312744,0.33346986770629883,35.546424865722656,-15.170940399169922,27.22939109802246,-54.896400451660156,-7.687912464141846,-10.373372077941895,-2.5937044620513916,0.14171770215034485,-0.07671999931335449,5.7259111404418945,1.0735061168670654,-1.88670015335083,1.5831096172332764,-0.03185100108385086,-0.09680427610874176,1.141636848449707,-2.7722885608673096,1.1383366584777832
210,-13.924575805664062,0.32261067628860474,-0.8607921600341797,-9.491300582885742,-0.46730637550354004,0.3312004804611206,3.104763984680176,-14.277920722961426,27.745357513427734,-66.28010559082031,-10.602713584899902,-4.418636322021484,-2.5420594215393066,-0.09809097647666931,-0.8459615111351013,2.550088882446289,1.2618319988250732,0.523131787776947,1.8870199918746948,0.08547692000865936,-0.31432169675827026,0.2970890402793884,-2.35463285446167,0.5197138786315918
211,-16.581754684448242,-3.769298553466797,6.117939472198486,-4.262945652008057,-0.5593872666358948,-0.07898354530334473,12.060876846313477,-18.879413604736328,30.970458984375,-62.91240310668945,1.4444963932037354,-0.4807984530925751,-2.3848536014556885,-0.046228498220443726,0.30571773648262024,0.10474546998739243,0.3992684483528137,1.4079536199569702,2.2459654808044434,-0.04729452729225159,-0.2218196839094162,-0.33122995495796204,-1.9316025972366333,0.1286250203847885
212,-2.4842729568481445,-2.077631950378418,0.12970757484436035,-0.46521949768066406,-0.24311557412147522,0.026358604431152344,-9.346582412719727,-5.200405120849609,19.00177001953125,-53.710514068603516,1.808354139328003,1.032793641090393,-2.103391170501709,-0.239910289645195,-0.3508751690387726,-1.9237854480743408,0.10999495536088943,3.593625783920288,2.315992832183838,0.13167455792427063,-0.4364025592803955,-0.8346489667892456,-1.6272306442260742,-0.06596378982067108
213,0.7579059600830078,2.563736915588379,-0.6671228408813477,4.0557966232299805,-0.08229613304138184,-0.32907629013061523,-7.324708938598633,-15.89009952545166,20.710071563720703,-36.38871383666992,12.85150146484375,0.3230188488960266,-1.632898211479187,0.06212075054645538,0.019705818966031075,-2.9303553104400635,0.1251668781042099,3.035801887512207,2.1354403495788574,0.30453285574913025,-0.11080648750066757,-0.7979097962379456,-1.5475929975509644,0.20369745790958405
214,22.66351318359375,4.940607070922852,-4.930560111999512,5.713336944580078,-0.008678436279296875,-0.1973581314086914,-22.12340545654297,-4.21652889251709,4.822386264801025,-13.413146018981934,16.829742431640625,3.8358101844787598,0.07179354131221771,0.24140530824661255,-0.5163753628730774,-5.024362087249756,-1.1292588710784912,2.9628708362579346,1.5134637355804443,0.4163546860218048,-0.21104183793067932,0.526763916015625,-0.5864383578300476,-0.5910775661468506
215,43.452579498291016,10.92485237121582,-8.94848346710205,7.0587615966796875,-1.283977746963501,0.5426363945007324,-41.152320861816406,1.5471609830856323,-6.491158485412598,-1.5311470031738281,8.694622039794922,2.549759864807129,2.4911866188049316,0.4684561491012573,-0.4679368734359741,-5.036924362182617,2.566279411315918,1.2013230323791504,-1.5492419004440308,-0.09106671810150146,-0.39867979288101196,5.789746284484863,2.9016551971435547,1.6642241477966309
216,52.7453498840332,22.128576278686523,-25.786375045776367,-72.91624450683594,-2.5638675689697266,3.404683828353882,-53.45682144165039,7.807366371154785,-5.352387428283691,-8.361640930175781,-1.1628475189208984,-0.1128840446472168,1.6051965951919556,-0.2679463028907776,0.21024522185325623,0.8755708336830139,-2.3754730224609375,0.21851886808872223,-3.7186758518218994,-0.3170751631259918,0.11347545683383942,8.403473854064941,0.2728375494480133,1.6201667785644531
217,7.7883148193359375,25.724916458129883,-30.387035369873047,-71.45152282714844,-6.071737289428711,2.2608418464660645,-20.909175872802734,-2.1974921226501465,0.7347755432128906,-15.28036880493164,-0.5826857089996338,-0.13726043701171875,1.771781325340271,-0.23565757274627686,0.20335491001605988,0.07337721437215805,-2.0811619758605957,0.6961608529090881,-3.6793975830078125,-0.09125180542469025,0.41127315163612366,3.6071317195892334,1.2648977041244507,1.8523751497268677
218,-10.57596492767334,27.835201263427734,-30.272281646728516,-83.91998291015625,-3.029343366622925,-1.387033224105835,-3.93658447265625,-2.6701576709747314,0.15888750553131104,-5.881340026855469,-0.48103582859039307,-0.18219375610351562,2.475806474685669,-0.11944019794464111,0.25355207920074463,-1.0869628190994263,-1.745586633682251,0.7416864633560181,-2.560029983520508,-0.093878373503685,0.23591755330562592,-0.7483745813369751,1.0412846803665161,1.1899514198303223
219,-22.14299201965332,18.388748168945312,-21.77099609375,-71.35718536376953,0.10113263130187988,-5.7920756340026855,5.364013195037842,-0.7060426473617554,0.9887590408325195,5.019131660461426,-0.18014097213745117,-0.22233939170837402,2.7075724601745605,-0.3844743072986603,0.3858436644077301,-1.8472330570220947,-1.4275705814361572,1.0103150606155396,-1.8897589445114136,-0.2947356402873993,0.5499609112739563,-1.6631035804748535,-0.09535711258649826,-0.7835835814476013
220,-18.443227767944336,11.255965232849121,-18.083511352539062,-56.33296203613281,8.771198272705078,-12.725852966308594,4.763730049133301,5.829694747924805,-5.6158857345581055,5.997164726257324,-0.08754563331604004,0.09386157989501953,3.0307254791259766,-0.2795470058917999,0.4189114570617676,-2.482077121734619,-0.8775436878204346,1.5113251209259033,-0.9784893989562988,-0.3460218608379364,-0.5406069159507751,-2.6178228855133057,-1.3778239488601685,-1.7646793127059937
221,-21.246606826782227,4.7911200523376465,-12.455101013183594,-35.575504302978516,18.326404571533203,-9.061601638793945,9.949312210083008,4.055614948272705,-1.1755592823028564,5.925111770629883,0.262123167514801,0.11047649383544922,2.400475025177002,0.05263299494981766,0.1535986363887787,-1.6101511716842651,-1.2086080312728882,-3.650980234146118,-0.13684114813804626,-0.08466044068336487,-0.7288777828216553,-4.118267059326172,-0.4078436493873596,-2.5818092823028564
222,-28.186721801757812,-1.6984045505523682,-3.570429801940918,-15.051630020141602,15.236299514770508,-3.820040225982666,25.29302978515625,1.5910266637802124,2.1659250259399414,13.119800567626953,0.44567376375198364,0.18677759170532227,1.5455021858215332,-0.20409448444843292,-0.14403556287288666,-0.2918338179588318,-0.8102653622627258,-3.6482787132263184,0.6566982865333557,-0.08598639816045761,-0.25908163189888,-2.843731164932251,-0.4882901906967163,-2.367093086242676
223,-31.457988739013672,-1.1597381830215454,4.114761829376221,-2.0262222290039062,5.856964111328125,-1.0640597343444824,33.61747741699219,-11.560371398925781,9.990647315979004,4.820285797119141,0.05772829055786133,0.04195547103881836,-0.7458300590515137,-0.1806081086397171,0.12325498461723328,4.0664777755737305,1.7572308778762817,-3.3570218086242676,2.6626169681549072,-0.3815098702907562,0.5975304245948792,-6.585110187530518,-2.0404555797576904,-3.23667049407959
224,-51.79212188720703,3.634953498840332,1.5654127597808838,-9.058830261230469,-0.7309503555297852,0.28890085220336914,59.75071716308594,-19.666404724121094,29.553285598754883,-33.59751510620117,-17.949731826782227,-11.988075256347656,-2.745924472808838,0.7669691443443298,0.6044385433197021,6.984875679016113,1.6940933465957642,-2.3339765071868896,2.0355045795440674,-0.3773505687713623,0.13094836473464966,-1.551361083984375,6.439708232879639,3.794952869415283
225,-33.90501403808594,-6.755383014678955,3.6565468311309814,-10.377195358276367,-0.6523327827453613,0.3039034605026245,35.877647399902344,-13.16547966003418,32.46511459350586,-62.0029411315918,-7.33064079284668,-8.395724296569824,-3.7291626930236816,-0.018126200884580612,-0.3157653510570526,5.976763725280762,2.188734531402588,-0.1561823934316635,1.2248274087905884,-0.13120266795158386,0.08563532680273056,1.0328819751739502,-2.615133762359619,0.9911571741104126
226,-26.0635929107666,-7.39129114151001,6.708751678466797,-8.789443969726562,-0.6540923118591309,-0.014891862869262695,26.58124351501465,-8.709752082824707,27.2824764251709,-59.61547088623047,-9.182448387145996,-3.410247564315796,-4.072671890258789,-0.03787579387426376,0.23760120570659637,4.082557201385498,2.311480760574341,0.53509920835495,1.6654664278030396,0.016356289386749268,0.07145671546459198,0.4216112494468689,-2.220940113067627,0.6835206747055054
227,-6.403739929199219,-1.6797149181365967,0.6984047889709473,-8.280926704406738,-0.795263409614563,0.08126640319824219,-1.8606367111206055,-7.4893083572387695,25.962234497070312,-72.9762954711914,-0.04278683662414551,0.9229321479797363,-3.2081401348114014,-0.1631869524717331,-0.3400166928768158,-0.4715551733970642,0.4124390482902527,2.4333865642547607,2.4772675037384033,0.0931297242641449,-0.3390718698501587,-0.8455873727798462,-1.6741304397583008,0.039421629160642624
228,-2.9980716705322266,-0.36432069540023804,1.615082025527954,1.1799116134643555,-0.30292636156082153,-0.14478683471679688,-1.6298408508300781,-12.526756286621094,20.416378021240234,-46.000038146972656,15.148961067199707,0.026456832885742188,-2.7617759704589844,-0.00882503017783165,-0.23549988865852356,-2.2401347160339355,-0.3592716455459595,3.8258893489837646,2.693389892578125,0.2741788923740387,-0.3392419219017029,-1.3043348789215088,-1.4566086530685425,0.2797592580318451
229,11.313896179199219,9.7692232131958,-6.718629837036133,-0.6962490081787109,-0.23165011405944824,-0.21433162689208984,-15.24975872039795,-14.919894218444824,9.99299144744873,-15.993799209594727,20.0,4.380763053894043,-1.1274369955062866,0.3902900218963623,-0.7155622243881226,-6.387519836425781,-0.8958757519721985,4.330692291259766,2.6170740127563477,0.5285658836364746,-0.2779070734977722,-1.2356220483779907,-0.9998815655708313,-0.692805826663971
230,37.895599365234375,8.518133163452148,-6.739381790161133,13.333087921142578,0.39833343029022217,-0.3698577880859375,-35.385948181152344,-9.687538146972656,3.7141425609588623,-8.095647811889648,15.916069984436035,3.8089966773986816,1.1561022996902466,0.38790181279182434,-0.8576778769493103,-8.51664924621582,-0.2685406804084778,2.9124298095703125,0.28892752528190613,0.12235774099826813,-0.14265836775302887,2.8928585052490234,1.27515709400177,0.19292987883090973
231,65.20269012451172,15.279674530029297,-26.926136016845703,-34.65708923339844,-19.55133628845215,12.024805068969727,-63.39764404296875,4.540688514709473,-6.393137454986572,-6.473773956298828,-0.39594268798828125,0.15009546279907227,1.697655439376831,-0.4376208782196045,-0.02630746364593506,1.1417067050933838,-2.496870279312134,0.34413743019104004,-2.7697560787200928,-0.6597768068313599,-0.7368068099021912,8.62733268737793,3.717207193374634,1.9318374395370483
232,39.22357177734375,29.170074462890625,-32.90054702758789,-70.86302947998047,-2.4920783042907715,1.3073958158493042,-47.93174743652344,6.5844621658325195,-4.153484344482422,-15.109855651855469,-1.5756678581237793,-0.16055774688720703,1.7170571088790894,-0.17451804876327515,0.007482543587684631,0.41194161772727966,-2.235152006149292,0.6137593388557434,-4.413943290710449,0.4338960647583008,0.0354284942150116,6.750263690948486,0.08615751564502716,1.6889482736587524
233,3.7419519424438477,29.858919143676758,-33.648921966552734,-72.13566589355469,-6.37138557434082,0.7161424160003662,-12.843315124511719,-13.097517013549805,7.642924785614014,-13.424747467041016,-0.5399922132492065,-0.2425088882446289,2.5064444541931152,-0.2576228678226471,0.3840920925140381,-0.7899742126464844,-1.870862603187561,0.9018667936325073,-3.6632301807403564,0.08344931155443192,1.0419082641601562,1.4263784885406494,0.7815863490104675,1.482552170753479
234,-24.041034698486328,19.6008358001709,-22.176292419433594,-70.18852996826172,-2.8975772857666016,-2.039107084274292,7.360271453857422,1.3063198328018188,-1.5088672637939453,1.0088870525360107,-0.08665323257446289,-0.1827792227268219,2.4350478649139404,-0.4067801237106323,0.12899868190288544,-1.4271934032440186,-1.5356388092041016,0.6203901767730713,-2.951096534729004,-0.04493081569671631,0.6621375679969788,-0.9023705124855042,1.3143386840820312,0.07977448403835297
235,-5.9625959396362305,7.452563762664795,-16.0565128326416,-46.291500091552734,4.825834274291992,-9.434255599975586,0.9019899368286133,6.683967113494873,-6.399216651916504,3.968064308166504,-0.37409865856170654,0.024339914321899414,2.9255850315093994,-0.2684522569179535,0.2993079125881195,-1.8326280117034912,-1.2522543668746948,1.2272734642028809,-2.0883376598358154,-0.00020965375006198883,-0.1772972196340561,-1.7542868852615356,-0.9748499393463135,-0.937865674495697
236,-27.500301361083984,10.844467163085938,-11.769195556640625,-42.2407341003418,7.179792881011963,-8.30248737335205,15.661572456359863,-5.2917160987854,3.9948294162750244,4.417091369628906,0.03647351264953613,0.005950212478637695,2.758979082107544,-0.28189390897750854,0.270859032869339,-1.6967302560806274,-1.2399250268936157,-1.367875099182129,-0.8055502772331238,-0.24937483668327332,0.10738720744848251,-3.8164472579956055,-1.931917667388916,-1.5261300802230835
237,-25.998910903930664,-2.3687729835510254,-4.811567783355713,-20.969337463378906,17.179349899291992,-4.97839879989624,19.7403621673584,4.66177225112915,-2.0505638122558594,9.29506778717041,0.3988351821899414,0.019699573516845703,2.4359350204467773,-0.15318341553211212,-0.014012381434440613,-1.1863999366760254,-1.8214471340179443,-3.7328028678894043,0.4245627820491791,-0.09293294697999954,-0.18123272061347961,-4.675890922546387,-1.6805143356323242,-3.809239387512207
238,-41.752655029296875,0.6095987558364868,2.930361032485962,-10.815498352050781,10.442927360534668,-2.7375736236572266,38.846675872802734,-7.399012088775635,6.74875545501709,11.126384735107422,0.5970325469970703,0.24847698211669922,0.11219873279333115,0.06785191595554352,0.35470688343048096,2.67197322845459,0.283268541097641,-4.687066555023193,2.1643340587615967,-0.5674779415130615,0.06760355085134506,-6.933745861053467,-0.37980055809020996,-3.7588257789611816
239,-51.041351318359375,-4.416792392730713,6.9487457275390625,-4.239604949951172,-0.2397317886352539,0.3501925468444824,67.3546142578125,-10.460566520690918,21.18197250366211,-26.096372604370117,-19.326004028320312,-8.731721878051758,-2.3250510692596436,0.8629592657089233,1.3502788543701172,8.826172828674316,2.266805410385132,-3.278599262237549,1.5876541137695312,-0.8717415928840637,0.014275357127189636,-1.5280721187591553,6.966736793518066,3.1234731674194336
240,-44.02374267578125,2.4885053634643555,-1.2171889543533325,-20.326799392700195,-1.201142430305481,0.433931827545166,39.62800216674805,-16.475990295410156,30.176855087280273,-33.313072204589844,-19.269866943359375,-13.76057243347168,-3.6465697288513184,0.045157019048929214,-0.49762260913848877,5.964488983154297,0.5663743615150452,-1.24948251247406,1.6020026206970215,-0.3202257752418518,0.12349551916122437,0.24595990777015686,0.9589598178863525,2.9004411697387695
241,-16.101306915283203,-0.4783288836479187,0.1978893280029297,-9.996966361999512,-0.43531179428100586,0.24518227577209473,15.668420791625977,-12.864533424377441,30.198013305664062,-70.54085540771484,-10.576570510864258,-5.419395446777344,-3.0722668170928955,0.2563566565513611,-0.5226351618766785,2.229574680328369,1.0010557174682617,0.8516561388969421,1.5959608554840088,-0.05329759418964386,-0.12803661823272705,0.946017861366272,-2.63136625289917,0.686774492263794
242,-5.320032119750977,-2.7949395179748535,3.1978464126586914,-1.6608822345733643,-0.28353190422058105,-0.022590160369873047,-1.9579801559448242,-16.499149322509766,29.168581008911133,-71.8495101928711,-4.3553571701049805,-1.2047357559204102,-2.8128676414489746,0.05923383682966232,-0.4276190996170044,-0.09502476453781128,1.2812637090682983,2.2588276863098145,2.0031044483184814,-0.1550881564617157,-0.3137019872665405,0.11118164658546448,-2.1479973793029785,0.15133921802043915
243,-0.5810585021972656,-7.195816516876221,5.647253513336182,1.964634895324707,-0.3169976472854614,-0.20223188400268555,-7.27605676651001,-5.50987434387207,18.09347152709961,-59.75113296508789,4.1649065017700195,0.3680931329727173,-2.345391273498535,-0.033824704587459564,0.03555862605571747,-1.7893071174621582,0.4753483533859253,3.0960919857025146,2.235844373703003,-0.06367836892604828,-0.38587018847465515,-0.516196072101593,-1.8224024772644043,0.09812858700752258
244,11.513978004455566,5.534874439239502,-4.786168575286865,2.317026138305664,-0.1740245223045349,-0.18286514282226562,-14.091287612915039,-9.93686294555664,11.032360076904297,-30.869779586791992,12.740808486938477,0.42411643266677856,-0.8073023557662964,0.34469786286354065,-0.4503675401210785,-4.406771183013916,-0.4149983525276184,3.3222603797912598,2.5505104064941406,0.33417263627052307,-0.30252817273139954,-0.7895364761352539,-1.7440983057022095,0.17709168791770935
245,22.937711715698242,4.180172920227051,-3.0410420894622803,6.298744201660156,0.05426681041717529,-0.26208925247192383,-23.724369049072266,-3.1279873847961426,-1.3540499210357666,-3.3057069778442383,13.665634155273438,2.986076831817627,0.5737953186035156,0.37220528721809387,-0.41497230529785156,-6.868493556976318,-0.9075919985771179,3.059903860092163,0.43616971373558044,0.13873043656349182,-0.27605223655700684,2.5411598682403564,0.2701451778411865,0.11982031911611557
246,49.304222106933594,10.378220558166504,-22.26354217529297,-46.56157302856445,-20.0,5.7848052978515625,-51.20990753173828,9.489991188049316,-8.916594505310059,-2.9882278442382812,-0.15164709091186523,0.20523691177368164,1.4766484498977661,-0.08977946639060974,-0.13071775436401367,1.4294440746307373,-2.707897663116455,0.18993040919303894,-2.1819822788238525,-0.19629210233688354,-0.9056640267372131,8.394561767578125,2.4173407554626465,2.1491687297821045
247,22.042198181152344,27.269296646118164,-28.689712524414062,-84.38018798828125,-4.793616771697998,0.35132312774658203,-39.004486083984375,2.699418544769287,-1.356196403503418,-14.862480163574219,-1.3337554931640625,-0.2385246753692627,1.5587599277496338,-0.25350049138069153,0.1747729778289795,0.3319675922393799,-2.228947877883911,0.8615526556968689,-3.446477174758911,0.4545819163322449,0.26900580525398254,5.866417407989502,-0.6093113422393799,1.314235806465149
248,15.461384773254395,21.789947509765625,-27.54253578186035,-66.10844421386719,-3.910689353942871,-0.26533448696136475,-22.244722366333008,-1.268926739692688,-0.37418460845947266,-10.151910781860352,-0.4735022783279419,-0.1385486125946045,2.140726089477539,-0.2983631193637848,0.32574307918548584,-0.4592406749725342,-1.907730221748352,0.8223248720169067,-3.3177711963653564,0.5590784549713135,0.5451197028160095,2.923694372177124,-0.622168779373169,0.9254422783851624
249,-12.068150520324707,18.308082580566406,-26.666505813598633,-75.57688903808594,2.822812795639038,-5.133230209350586,-4.4117326736450195,-1.5441710948944092,-0.6032522916793823,-5.3811235427856445,-0.19508248567581177,-0.13517117500305176,2.4345345497131348,-0.38767507672309875,0.32135292887687683,-1.5345014333724976,-1.527241587638855,0.9076696038246155,-2.6004114151000977,0.29888153076171875,0.18030661344528198,-1.0251412391662598,0.23045127093791962,-0.35612285137176514
250,-14.816222190856934,7.022724151611328,-17.773496627807617,-52.02604675292969,12.834149360656738,-13.176067352294922,6.796387195587158,5.670365333557129,-4.730140686035156,2.3262767791748047,-0.07570463418960571,0.015744924545288086,3.0206964015960693,-0.31234025955200195,0.3197193741798401,-2.3497889041900635,-0.9689750671386719,1.0019302368164062,-1.0465402603149414,0.3906621038913727,-0.5382611751556396,-3.8685944080352783,0.4197874665260315,-1.7319668531417847
251,-21.675029754638672,5.9036030769348145,-11.165505409240723,-32.47060775756836,14.89162826538086,-7.557431221008301,8.61835765838623,-1.355348825454712,1.6086773872375488,8.678556442260742,0.07467818260192871,0.11975812911987305,2.036623477935791,-0.35478323698043823,0.17928652465343475,-1.3790900707244873,-1.2435251474380493,-3.095582962036133,-0.9635937809944153,0.04541245102882385,-0.387452095746994,-3.7742741107940674,0.5428128242492676,-1.9247450828552246
252,-9.728544235229492,2.8148159980773926,-5.655198574066162,-13.562690734863281,20.0,-5.2109174728393555,10.841325759887695,-0.5518121123313904,0.8997959494590759,8.122283935546875,0.057611823081970215,0.10159730911254883,2.1286542415618896,-0.2575438916683197,0.40163812041282654,-0.9125831127166748,-1.4292161464691162,-4.408679485321045,-0.0165463425219059,0.06999731808900833,-0.13696569204330444,-3.9898085594177246,0.22508955001831055,-2.7829031944274902
253,-31.976106643676758,3.1655874252319336,0.3808326721191406,-13.138574600219727,13.014200210571289,-2.63869571685791,30.50710678100586,-4.650658130645752,5.114614009857178,12.67204475402832,0.44143402576446533,0.15999364852905273,0.8423032760620117,-0.4884454011917114,0.5048182606697083,1.2111358642578125,-0.20249666273593903,-3.3594980239868164,1.0283855199813843,-0.375833660364151,0.3283405601978302,-3.454279899597168,0.5028623938560486,-2.946248769760132
254,-49.91115188598633,5.7022528648376465,1.9247515201568604,-8.160737991333008,0.6340477466583252,0.027171611785888672,53.88542938232422,-12.115814208984375,14.770633697509766,-15.173842430114746,-16.765655517578125,-6.805980682373047,-1.287459373474121,0.5237739086151123,0.8215386271476746,4.685418605804443,2.0780351161956787,-3.3802084922790527,1.453782320022583,-0.5530437231063843,0.3177400231361389,-1.4661533832550049,8.600608825683594,2.648996114730835
255,-46.416236877441406,-5.019798278808594,3.94146728515625,-7.810075759887695,-0.7478718757629395,0.3875011205673218,50.99609375,-19.1434383392334,30.84053611755371,-58.93513488769531,-6.178431510925293,-19.33568572998047,-3.7912933826446533,0.3906848728656769,-0.14220142364501953,7.018301010131836,2.2267470359802246,-0.7267876267433167,0.7025970220565796,-0.09940140694379807,0.06337565928697586,1.5524815320968628,-2.775831460952759,1.2295578718185425
256,-27.11031723022461,-4.217042446136475,4.859080791473389,-9.757375717163086,-0.7046022415161133,0.07947570085525513,35.212276458740234,-15.72750186920166,34.27053451538086,-57.358055114746094,-14.768449783325195,-1.978236436843872,-3.6773736476898193,0.0953831672668457,0.044856857508420944,4.990070819854736,2.0251314640045166,0.5176001787185669,1.6688008308410645,-0.3290630280971527,-0.1549559086561203,0.914860188961029,-2.5380163192749023,0.4615524411201477
257,-7.185544967651367,-6.826659202575684,3.3655638694763184,-3.989974021911621,-0.42195725440979004,0.017633438110351562,-0.2697896957397461,-3.935001850128174,30.252933502197266,-78.410400390625,-9.27631664276123,-1.1941311359405518,-3.5548861026763916,-0.18057051301002502,-0.2550373077392578,3.0186407566070557,1.8551547527313232,1.818505048751831,2.128772735595703,-0.15819671750068665,-0.3471084237098694,-0.10999374091625214,-2.106163740158081,0.26406824588775635
258,-6.011730194091797,-0.24783217906951904,0.7290198802947998,-8.816028594970703,-0.6530246734619141,-0.09313488006591797,0.9525766372680664,-6.505407333374023,18.76622772216797,-47.06698989868164,-1.7582354545593262,1.5607351064682007,-2.6089415550231934,-0.1288403570652008,-0.3648386597633362,-1.4555423259735107,0.9643393158912659,2.6108062267303467,2.5589208602905273,0.125702366232872,-0.3175022006034851,-0.6901667714118958,-1.8001608848571777,0.05101978778839111
259,10.896998405456543,3.6895861625671387,-2.487017869949341,0.5073738098144531,-0.3670348525047302,-0.11343860626220703,-24.255489349365234,-14.43539810180664,13.594710350036621,-43.998939514160156,9.41286849975586,3.5188212394714355,-1.4975552558898926,-0.10190055519342422,-0.5552694797515869,-4.969259262084961,-0.3069651126861572,3.892916440963745,2.439962387084961,0.2062178999185562,-0.22487951815128326,-1.0444235801696777,-1.6416447162628174,0.10180449485778809
260,18.192794799804688,5.5943379402160645,-2.453521490097046,11.297027587890625,0.09509396553039551,-0.32718706130981445,-18.20505142211914,-17.7713680267334,12.223660469055176,-19.423709869384766,20.0,4.205964088439941,-0.028740260750055313,0.29872357845306396,0.027200773358345032,-5.4159746170043945,-1.3656110763549805,3.7380878925323486,2.482820510864258,0.08587008714675903,-0.10784173756837845,-0.6012804508209229,-1.798117995262146,0.4798341691493988
261,27.330059051513672,9.089767456054688,-7.386770248413086,11.38494873046875,0.38603365421295166,-0.2870769500732422,-30.340240478515625,-11.26236343383789,2.4105918407440186,-14.020540237426758,18.536651611328125,4.1023359298706055,1.1230237483978271,0.550563395023346,-0.439226359128952,-6.570486068725586,-0.7906886339187622,2.6808526515960693,0.5101006031036377,-0.01196950115263462,-0.24276015162467957,2.3573551177978516,-0.1783197671175003,0.7948644161224365
262,63.827301025390625,29.16463851928711,-26.85646629333496,-53.76144790649414,6.4021453857421875,-1.958777666091919,-53.41100311279297,4.129056930541992,-5.571259498596191,-3.204204559326172,1.9352130889892578,0.5408501625061035,1.8278340101242065,-0.3276922106742859,0.0633930191397667,1.0997390747070312,-2.6509275436401367,0.5835980176925659,-2.0100910663604736,-0.7356459498405457,-0.5761157274246216,7.71207332611084,4.979918003082275,2.938477039337158
263,48.26819610595703,29.90426254272461,-41.894309997558594,-74.56168365478516,-2.353677749633789,0.7746372222900391,-57.586910247802734,4.2332377433776855,-3.434878349304199,-13.690042495727539,-1.9199060201644897,-0.34245872497558594,1.9760661125183105,-0.21503490209579468,0.20998772978782654,0.19167444109916687,-2.232818365097046,0.7867262959480286,-4.164076328277588,0.18788915872573853,0.48427173495292664,7.398289203643799,-0.7803753018379211,1.075875163078308
264,-0.31418800354003906,25.973674774169922,-36.725101470947266,-69.69998168945312,-3.381298542022705,0.5174112319946289,-14.544143676757812,-6.39129638671875,3.662684440612793,-14.973736763000488,-0.24628210067749023,-0.14874446392059326,2.0270416736602783,-0.19619843363761902,-0.0004566684365272522,-0.6218122243881226,-1.792078971862793,0.7703997492790222,-3.7992992401123047,0.31334787607192993,0.82136070728302,1.5412005186080933,2.439831018447876,0.9846854209899902
265,-8.584894180297852,10.763481140136719,-20.41228675842285,-57.4444465637207,-2.184788942337036,-2.2898941040039062,0.47679615020751953,1.743830680847168,-2.5330467224121094,-0.6624349355697632,-0.5632008910179138,-0.09194052219390869,2.422053575515747,-0.28965315222740173,0.16733390092849731,-1.1253622770309448,-1.6337101459503174,0.8182218074798584,-3.051215410232544,0.10681042075157166,0.6434108018875122,-0.3206714689731598,0.3014138638973236,0.2317686825990677
266,-13.280623435974121,4.635822296142578,-12.489039421081543,-49.88188934326172,8.230112075805664,-10.467100143432617,3.1330671310424805,3.945974111557007,-4.236366271972656,0.13731861114501953,-0.43052101135253906,-0.06387782096862793,2.897893190383911,-0.43489015102386475,0.3593374192714691,-1.9630687236785889,-1.1984211206436157,1.228625774383545,-1.9715392589569092,-0.13968992233276367,0.12086889892816544,-2.9171853065490723,-2.113276958465576,-1.6068768501281738
267,-39.644020080566406,6.781575679779053,-8.909695625305176,-36.603736877441406,11.608443260192871,-6.423850059509277,27.751354217529297,-3.337646484375,2.0825607776641846,7.136676788330078,0.5773093700408936,0.095367431640625,2.3464999198913574,-0.2429996281862259,0.15153561532497406,-1.3472719192504883,-1.3778769969940186,-2.6981232166290283,-0.28697583079338074,-0.4648398458957672,-0.3464869260787964,-5.616998195648193,0.20794951915740967,-2.2209155559539795
268,-26.539321899414062,2.072723627090454,-3.8665356636047363,-21.98647689819336,18.24161148071289,-4.497858047485352,21.527385711669922,3.802567481994629,-0.8843612670898438,15.158930778503418,0.19167184829711914,0.15079021453857422,2.188248634338379,-0.2514874339103699,0.04616813361644745,-0.9984215497970581,-1.9630866050720215,-3.822709083557129,0.6710831522941589,-0.4929199516773224,-0.49000391364097595,-4.281578540802002,-1.3816739320755005,-2.9058682918548584
269,-42.1669807434082,-1.1853463649749756,7.75533390045166,-0.5033893585205078,7.3578009605407715,-1.5272293090820312,49.616912841796875,-14.13523006439209,12.744329452514648,9.898380279541016,0.6845016479492188,0.10137748718261719,-0.6711359620094299,0.2852171063423157,0.9310646057128906,4.953369140625,2.090836524963379,-3.940840482711792,3.279231071472168,-0.9820319414138794,0.11145055294036865,-4.785832405090332,6.096051216125488,-0.721684455871582
270,-55.173622131347656,0.970613956451416,0.8205225467681885,-11.471200942993164,-0.9198207855224609,0.4215812683105469,61.52265930175781,-17.075794219970703,24.17977523803711,-41.68883514404297,0.0992889404296875,-19.277767181396484,-3.275343179702759,1.0112266540527344,0.10297556966543198,7.653618335723877,1.3770400285720825,-2.1092123985290527,1.0946847200393677,0.19762387871742249,0.09370553493499756,1.4658057689666748,-3.027620792388916,1.5568697452545166
271,-32.139617919921875,-6.740677356719971,4.635273456573486,-11.550817489624023,-0.7096209526062012,0.2652345299720764,33.58775329589844,-15.773377418518066,37.60504150390625,-58.89458084106445,-4.352320671081543,-7.060871124267578,-4.02533483505249,-0.04879069700837135,-0.5618745684623718,5.614104270935059,1.3008086681365967,-0.10152848809957504,1.3981919288635254,-0.15822231769561768,-0.06163197010755539,0.8833062648773193,-2.463545083999634,0.6939098834991455
272,-20.916522979736328,-1.2938439846038818,2.908167839050293,-11.872682571411133,-0.6297571659088135,0.0846102237701416,18.492855072021484,-9.879229545593262,26.868114471435547,-61.88005828857422,-2.811457633972168,-4.401324272155762,-3.8031389713287354,0.15709882974624634,-0.5716930627822876,1.4370291233062744,1.474133014678955,1.4832664728164673,2.122481107711792,0.016708165407180786,-0.3248891830444336,-0.13903173804283142,-2.0799832344055176,0.5518550276756287
273,-0.3384265899658203,-3.8448917865753174,3.0230913162231445,-2.9099225997924805,-0.42169904708862305,-0.0676107406616211,-0.8275737762451172,-6.906497478485107,21.836864471435547,-50.36616897583008,7.236423969268799,-1.2822376489639282,-2.4814982414245605,-0.051373861730098724,-0.3862302899360657,-2.1563847064971924,0.818320095539093,2.856085777282715,2.7941067218780518,0.052337631583213806,-0.33942776918411255,-0.7738826870918274,-1.8035989999771118,-0.02845098078250885
274,7.128906726837158,0.8764841556549072,0.7262640595436096,2.619710922241211,-0.28215232491493225,-0.21390247344970703,-9.189055442810059,-8.238509178161621,11.66204833984375,-24.023902893066406,18.549875259399414,0.16868087649345398,-1.380558967590332,0.1862449198961258,0.06184304878115654,-4.49869966506958,-0.20836253464221954,3.6344950199127197,2.9119927883148193,0.11148662120103836,-0.30507892370224,-0.8515613079071045,-1.8317675590515137,0.037289440631866455
275,21.138103485107422,3.0681374073028564,-4.393159866333008,7.844791412353516,0.017405033111572266,-0.2529411315917969,-23.571613311767578,-0.5965332388877869,1.7892483472824097,-12.068338394165039,19.202224731445312,2.1062984466552734,-0.16419771313667297,0.38870811462402344,-0.42806312441825867,-6.118297576904297,-1.0959244966506958,3.4014461040496826,1.1867519617080688,0.39854204654693604,-0.14013266563415527,1.3042216300964355,-0.39481857419013977,-0.3631938397884369
276,43.75513458251953,9.914800643920898,-15.637176513671875,-31.807201385498047,-18.881078720092773,7.592994689941406,-42.73609161376953,3.463632345199585,-8.959623336791992,-1.9941158294677734,6.603147029876709,2.10304594039917,2.755711317062378,0.6477536559104919,0.06811743974685669,-2.253263235092163,8.027120590209961,-1.0206533670425415,-1.342829704284668,-0.1807754933834076,-0.534308671951294,6.250570297241211,3.6568450927734375,1.5140002965927124
277,30.7475528717041,22.611103057861328,-24.31810760498047,-78.03782653808594,-4.917590141296387,2.3348135948181152,-42.4338493347168,6.463019371032715,-3.39947247505188,-9.140695571899414,-1.2513833045959473,-0.10139322280883789,1.779307246208191,-0.3147505521774292,0.14736387133598328,0.6731553673744202,-2.4191172122955322,0.5629642605781555,-3.2462005615234375,0.015307724475860596,0.5745911002159119,6.8664422035217285,0.6361970901489258,2.017315626144409
278,14.709882736206055,30.642467498779297,-31.566837310791016,-81.10149383544922,-4.093507766723633,0.26026010513305664,-26.880016326904297,-0.7239897847175598,-2.0197408199310303,-12.14144229888916,-0.7047525644302368,-0.1611793041229248,2.2628180980682373,-0.21194209158420563,0.32967787981033325,-0.38803088665008545,-1.9890589714050293,0.8193265199661255,-3.4308054447174072,0.1631959080696106,0.5506393909454346,3.16241717338562,0.6868645548820496,1.7409769296646118
279,-14.577363967895508,21.02275848388672,-26.319849014282227,-76.73287200927734,-3.309753656387329,-1.3607864379882812,-1.4600868225097656,-0.3281346559524536,-0.3461940288543701,-3.401458501815796,-0.31585693359375,-0.2331077754497528,2.527184009552002,-0.1900244951248169,0.3098081946372986,-1.2468594312667847,-1.6874722242355347,0.6242637634277344,-2.8033711910247803,0.2971774935722351,0.5331147909164429,0.14398112893104553,0.48234549164772034,0.13377222418785095
280,1.1514921188354492,17.93715476989746,-25.493303298950195,-56.92566680908203,6.174665451049805,-9.140978813171387,-11.040765762329102,-0.5190682411193848,-1.9893752336502075,0.9835100173950195,-0.29339784383773804,-0.010601043701171875,2.7330615520477295,-0.37575584650039673,0.31219708919525146,-1.7872507572174072,-1.0443289279937744,1.490617036819458,-2.587390661239624,-0.32453736662864685,-0.2521115243434906,-0.8427177667617798,-0.05067839473485947,-0.6872681379318237
281,-21.182296752929688,9.694635391235352,-18.47598648071289,-45.96463394165039,10.075326919555664,-10.776228904724121,10.707719802856445,2.9056990146636963,-0.866324782371521,3.847285270690918,0.024899721145629883,0.03155088424682617,3.027918577194214,-0.2812316417694092,0.11825654655694962,-2.2528066635131836,-1.0166041851043701,0.8208463788032532,-1.3007643222808838,0.024074412882328033,-0.34521421790122986,-2.7600042819976807,-0.16427364945411682,-1.2658694982528687
282,-24.618906021118164,-4.400990962982178,-11.530600547790527,-44.83017349243164,14.06108570098877,-11.00969123840332,8.660462379455566,8.603303909301758,-4.659321308135986,9.422021865844727,0.1939173936843872,0.054465293884277344,2.6996498107910156,-0.3143569827079773,0.3262166976928711,-2.1356606483459473,-0.9508588314056396,-0.888161301612854,-1.1070163249969482,0.2282434105873108,-0.29291078448295593,-2.0678787231445312,-0.23466677963733673,-2.935676336288452
283,-29.782562255859375,-4.890818119049072,-1.3139877319335938,-14.716516494750977,18.43024253845215,-4.9793806076049805,25.51447296142578,0.4946049451828003,1.2384867668151855,4.433389663696289,0.2014317810535431,0.27451181411743164,1.6087379455566406,-0.5563265681266785,0.05334415286779404,-0.35651975870132446,-0.6049332618713379,-4.127183437347412,0.4471074640750885,0.011237578466534615,-0.2486942559480667,-4.671398639678955,0.052402742207050323,-2.1796505451202393
284,-55.53687286376953,1.4845330715179443,5.66406774520874,-2.7933387756347656,2.567060947418213,-0.4098644256591797,65.40312957763672,-22.682514190673828,18.014892578125,10.449825286865234,0.41536426544189453,-0.04776573181152344,-1.6004213094711304,0.3441481590270996,1.4137279987335205,6.113757133483887,3.816899299621582,-4.870115280151367,4.564497947692871,-0.8364920020103455,0.499197781085968,-10.794732093811035,0.2008882313966751,-3.2664010524749756
285,-46.60442352294922,3.1418044567108154,-0.8863358497619629,-10.562198638916016,-1.156831979751587,0.5394883155822754,53.85089874267578,-15.399307250976562,23.171314239501953,-23.191450119018555,-20.0,-13.947257041931152,-4.013253211975098,0.6824272274971008,0.1963571310043335,9.612552642822266,1.359761118888855,-2.47997784614563,1.5342738628387451,-0.2813297510147095,-0.08795187622308731,-0.6581799387931824,5.440164566040039,0.023703813552856445
286,-15.785022735595703,-3.815267324447632,0.502833366394043,-13.616767883300781,-0.5603079795837402,0.3628244996070862,12.175630569458008,-11.054217338562012,36.63203430175781,-72.37846374511719,-18.045513153076172,-6.664106845855713,-3.5732085704803467,-0.4561406075954437,-0.7846909165382385,5.266679763793945,2.108964681625366,-0.45750224590301514,1.25697660446167,-0.44055837392807007,0.0342305451631546,1.1250483989715576,-2.7305006980895996,0.8360457420349121
287,-15.135242462158203,0.44832277297973633,2.513747453689575,-10.417150497436523,-0.7094016075134277,0.0696568489074707,11.734086990356445,-9.163753509521484,28.055892944335938,-67.3582992553711,-8.879701614379883,-2.617581367492676,-3.12428879737854,0.21698297560214996,-0.3494809865951538,1.2963719367980957,1.6377415657043457,0.542506992816925,1.929819941520691,-0.13349014520645142,-0.21787038445472717,0.04385880008339882,-2.124459743499756,0.32539498805999756
288,-8.302080154418945,-7.178820610046387,5.219053268432617,-2.4934029579162598,-0.5845696330070496,0.03992271423339844,1.1917152404785156,-4.282276630401611,24.754255294799805,-65.48655700683594,0.8148882389068604,1.705304503440857,-2.6897871494293213,-0.03569971024990082,-0.10312166810035706,-1.5085766315460205,0.23100407421588898,2.875244379043579,2.3294148445129395,-0.04133230447769165,-0.2843759059906006,-0.81782466173172,-1.6145236492156982,-0.10947655141353607
289,2.793062686920166,-2.8400256633758545,2.330047845840454,2.477677345275879,-0.22076356410980225,-0.20890283584594727,-7.219266891479492,-4.680137634277344,12.331169128417969,-39.40624237060547,8.58992862701416,2.316453456878662,-2.018662929534912,0.08369617164134979,0.0031227488070726395,-3.181652069091797,-0.6879794597625732,3.850534677505493,2.462512254714966,0.19556783139705658,-0.3509105443954468,-1.1955182552337646,-1.653907299041748,0.27133578062057495
290,8.58378791809082,5.300920486450195,-3.549069404602051,3.470409393310547,-0.05541431903839111,-0.3149857521057129,-12.48045825958252,-15.350992202758789,10.4092435836792,-19.765140533447266,14.069570541381836,4.396613597869873,-0.8464034795761108,0.1356603503227234,-0.047563616186380386,-5.586406230926514,-0.8436161875724792,3.287285089492798,2.385773181915283,0.21230275928974152,-0.09879648685455322,-0.9027823209762573,-1.6233280897140503,0.24548380076885223
291,27.801321029663086,3.284801959991455,-3.9892656803131104,14.801103591918945,0.29905271530151367,-0.22848272323608398,-28.27067756652832,-6.6000165939331055,4.122051239013672,-15.82386302947998,16.707508087158203,4.026191711425781,0.27731963992118835,0.39520978927612305,-0.14953604340553284,-4.76103401184082,-2.1305203437805176,3.2423388957977295,1.1800262928009033,0.25348833203315735,-0.007265878841280937,1.1408085823059082,-0.7290058135986328,0.321069598197937
292,40.264915466308594,15.15750503540039,-12.08089542388916,8.40823745727539,0.6005721092224121,-0.2005453109741211,-37.652610778808594,2.3035104274749756,-6.73938512802124,-1.4271793365478516,8.845563888549805,2.4198460578918457,2.1569700241088867,1.2014527320861816,-0.01155918836593628,-1.9656972885131836,8.572153091430664,-1.6649467945098877,-1.5704706907272339,0.18152791261672974,-0.3536452651023865,6.039482116699219,2.784364938735962,1.4734631776809692
293,54.111942291259766,21.940170288085938,-23.172779083251953,-50.06018829345703,0.77581787109375,12.120256423950195,-52.076351165771484,2.074158191680908,-2.067615270614624,-9.203598022460938,-0.9928374290466309,-0.07399415969848633,1.6896306276321411,-0.45460277795791626,0.28278085589408875,2.1913208961486816,-1.5877354145050049,1.1270065307617188,-4.012531280517578,-0.43347135186195374,0.5158337354660034,9.61945629119873,1.2062461376190186,2.409106731414795
294,19.538301467895508,22.807647705078125,-33.905677795410156,-70.50627899169922,-7.7072343826293945,2.0098719596862793,-29.2321834564209,-0.26298147439956665,-1.1680207252502441,-19.40669059753418,-1.1540625095367432,-0.25897860527038574,1.7621245384216309,-0.00945580005645752,0.25602683424949646,0.6271542906761169,-2.4709951877593994,0.7117903828620911,-3.8010170459747314,0.06815165281295776,0.6423419117927551,3.7006382942199707,-0.5061387419700623,1.3007216453552246
295,-2.043424606323242,18.17909049987793,-34.429969787597656,-72.6751708984375,-2.3911452293395996,-0.13047581911087036,-10.744096755981445,-1.4234122037887573,0.2114880084991455,-7.332145690917969,-0.2797203063964844,-0.1786152720451355,2.030679702758789,-0.021892748773097992,0.12558545172214508,-0.27071109414100647,-2.0981855392456055,0.7549296617507935,-3.2646100521087646,0.06398904323577881,0.49094855785369873,-0.4662305414676666,0.6855729818344116,0.12611599266529083
296,-22.74776840209961,6.9600419998168945,-17.43398666381836,-71.9568099975586,0.974738597869873,-4.077643394470215,10.042634963989258,5.57758903503418,-3.8806684017181396,5.490121364593506,-0.11130690574645996,-0.03810930252075195,2.479966163635254,-0.32894453406333923,0.2433997094631195,-1.1606981754302979,-1.764325737953186,0.546931266784668,-2.2440810203552246,-0.09572367370128632,0.32962852716445923,-1.6384328603744507,-0.518785834312439,-1.1217268705368042
297,-17.307981491088867,0.6325358152389526,-7.836151123046875,-35.194252014160156,10.819906234741211,-8.062228202819824,11.466911315917969,3.8153882026672363,-3.5731863975524902,2.4081668853759766,-0.04538249969482422,0.10464930534362793,2.5678226947784424,-0.1983838677406311,0.28859931230545044,-1.1444591283798218,-1.5455487966537476,-0.9267918467521667,-0.8140938878059387,-0.17205847799777985,-0.33548620343208313,-4.3350982666015625,-0.9929484128952026,-1.845813512802124
298,-31.334598541259766,-7.280529499053955,2.434643268585205,-12.854183197021484,15.160938262939453,-4.399971008300781,29.800329208374023,-1.601190447807312,3.1893205642700195,5.3852386474609375,0.2263546884059906,0.029541492462158203,1.3082894086837769,-0.5225420594215393,0.05847432464361191,1.0605335235595703,-0.6978602409362793,-3.7871897220611572,1.3723000288009644,-0.35517123341560364,-0.04729176312685013,-8.426370620727539,-0.25687289237976074,-3.340317487716675
299,-45.116764068603516,1.1423816680908203,5.223162651062012,-4.062503814697266,-0.13245415687561035,0.22043323516845703,49.484275817871094,-13.568761825561523,15.842744827270508,-28.212303161621094,-20.0,-8.168597221374512,-0.5302961468696594,0.3100077211856842,0.9621033668518066,5.259633541107178,1.2989119291305542,-4.0010576248168945,2.2067527770996094,-1.0665273666381836,-0.3518978953361511,-1.461344838142395,8.473365783691406,1.5784847736358643
300,-36.68402862548828,0.3004114627838135,-0.8394778966903687,-10.209285736083984,-0.8045129179954529,0.47475099563598633,32.20754623413086,-19.470048904418945,28.94399642944336,-60.018348693847656,-6.221776485443115,-10.614787101745605,-2.286010503768921,0.15490424633026123,-0.20680204033851624,5.385286331176758,-0.08530041575431824,-1.8463191986083984,1.3684155941009521,-0.17647305130958557,-0.12560983002185822,1.3099746704101562,-2.836803436279297,1.5375022888183594
301,-33.357322692871094,-4.954877853393555,5.426466941833496,-8.876548767089844,-0.43811118602752686,0.19960148632526398,32.533966064453125,-19.42129135131836,34.68008041381836,-76.6308364868164,-5.846639156341553,-4.710268020629883,-2.6519417762756348,0.22583416104316711,0.3613676428794861,3.2400753498077393,0.9045257568359375,0.038911137729883194,1.9619059562683105,-0.016849666833877563,-0.19902974367141724,0.2735547125339508,-2.2779016494750977,0.5884717702865601
302,-15.577670097351074,-1.9087101221084595,0.9793894290924072,-3.6006593704223633,-0.33754873275756836,0.0904395580291748,11.364543914794922,-13.456035614013672,28.15386962890625,-58.58241653442383,-1.017798900604248,-2.536278247833252,-3.0517890453338623,-0.16142112016677856,-0.32109951972961426,2.1084694862365723,1.197664737701416,1.5707601308822632,2.22347092628479,0.025807306170463562,-0.41448110342025757,-0.28304803371429443,-1.9245001077651978,0.14078420400619507
303,-4.5819292068481445,0.17657220363616943,0.9961593747138977,-5.709844589233398,-0.5454451441764832,-0.05968952178955078,0.06093597412109375,-11.181333541870117,22.804521560668945,-51.526710510253906,7.036020278930664,0.15810585021972656,-1.871977686882019,-0.25022539496421814,-0.19035828113555908,-2.021066188812256,-0.12348342686891556,2.8908817768096924,2.8367960453033447,0.02665252983570099,-0.4499259293079376,-0.9744278192520142,-1.648674488067627,-0.08772282302379608
304,9.014609336853027,3.3290042877197266,-1.4359946250915527,3.9631099700927734,-0.03046828880906105,-0.19538211822509766,-23.0378475189209,-12.245922088623047,15.078431129455566,-45.5421028137207,12.233556747436523,2.719794750213623,-1.2685282230377197,-0.05016499012708664,-0.20012597739696503,-3.966968059539795,-0.031460460275411606,3.5312530994415283,2.6706769466400146,0.08731234073638916,-0.5665012001991272,-1.2943780422210693,-1.5209382772445679,0.10510796308517456
305,19.465070724487305,4.225987434387207,-4.51584005355835,9.965794563293457,0.17106181383132935,-0.2659482955932617,-22.388763427734375,-9.771835327148438,7.715847969055176,-16.255786895751953,15.608460426330566,2.6749939918518066,-0.2167361080646515,0.33299720287323,-0.3921942412853241,-3.933271884918213,-0.506591796875,3.0088953971862793,2.042243003845215,0.48840364813804626,-0.20495912432670593,-0.38479161262512207,-1.1029396057128906,-0.426948606967926
306,32.43612289428711,7.273620128631592,-6.476925373077393,4.378871917724609,0.18790732324123383,-0.2463667392730713,-31.58412742614746,5.355979919433594,-7.56270170211792,3.458223342895508,8.845624923706055,2.228147268295288,1.3809313774108887,0.7694085836410522,-0.13107839226722717,-2.156114101409912,8.791330337524414,-1.9799885749816895,-1.1502751111984253,0.434546560049057,-0.2886273264884949,5.510648250579834,2.6096723079681396,0.9350211024284363
307,55.85497283935547,16.730945587158203,-20.700424194335938,-64.47581481933594,-1.8760910034179688,2.160301446914673,-54.21186065673828,7.276831150054932,-4.997528553009033,-8.220027923583984,-1.0040706396102905,-0.007504701614379883,1.5757511854171753,-0.20008516311645508,0.30155953764915466,1.0264708995819092,-2.449528694152832,0.24560631811618805,-3.28576397895813,-0.1012815460562706,0.26464226841926575,8.822883605957031,0.7888194918632507,1.8433949947357178
308,20.801990509033203,30.506277084350586,-35.93656539916992,-73.27909851074219,-5.635016441345215,1.3143160343170166,-35.010684967041016,-0.8432599306106567,-0.7409405708312988,-18.051530838012695,-0.9386541843414307,-0.17400074005126953,1.6345710754394531,-0.10987238585948944,0.15795180201530457,0.18873164057731628,-2.096693277359009,0.738770604133606,-3.8600833415985107,0.5469873547554016,0.5599955320358276,3.9359629154205322,0.7896091938018799,1.6035752296447754
309,-0.8524513244628906,17.477750778198242,-28.487470626831055,-80.0970230102539,-2.378347873687744,-3.579094409942627,-10.514055252075195,2.674237012863159,-3.0041298866271973,-5.341808795928955,-0.5140827894210815,-0.1434565782546997,2.1957833766937256,-0.3596349358558655,0.05411867797374725,-0.8909385800361633,-1.7127211093902588,0.8740783929824829,-3.192772626876831,0.2106669843196869,0.006957792676985264,0.8300569653511047,-0.23178471624851227,0.7500700354576111
310,-7.498932838439941,20.916589736938477,-24.413061141967773,-60.103065490722656,2.1833488941192627,-8.00578498840332,-1.7044410705566406,-5.338423728942871,1.9660948514938354,-2.4663333892822266,-0.20164820551872253,-0.15282750129699707,2.9434893131256104,-0.2743469774723053,0.37258732318878174,-1.805304765701294,-1.3105237483978271,1.205171823501587,-2.0736453533172607,0.12327993661165237,0.19871528446674347,-2.6048333644866943,0.19528810679912567,-0.6758582592010498
311,-29.631614685058594,13.940328598022461,-15.803851127624512,-54.431495666503906,6.971597671508789,-9.574823379516602,12.775070190429688,-0.5354546308517456,0.6679742336273193,7.971755027770996,0.021156609058380127,0.010811090469360352,2.859577178955078,-0.467523992061615,0.2741895616054535,-2.2123894691467285,-1.1663172245025635,1.0451953411102295,-1.2153427600860596,-0.05779300630092621,0.19038571417331696,-3.422431707382202,-0.5131683945655823,-1.4199166297912598
312,-18.49161148071289,9.134604454040527,-11.12023639678955,-34.803375244140625,11.654229164123535,-8.017902374267578,11.324716567993164,0.7837960720062256,-1.3227269649505615,9.838558197021484,0.1786102056503296,0.13313841819763184,2.6488471031188965,-0.292166143655777,0.1428854614496231,-1.5807275772094727,-1.1694228649139404,-1.9447911977767944,-0.3264826536178589,-0.34216782450675964,-0.45192012190818787,-3.1281328201293945,-1.026456356048584,-1.7281076908111572
313,-45.08150863647461,5.892755031585693,-3.037569999694824,-15.756792068481445,8.01158618927002,-2.1934680938720703,36.82292175292969,-10.019783973693848,8.49426555633545,7.447629928588867,0.25080275535583496,0.020882606506347656,0.9576745629310608,-0.26626497507095337,-0.06077023595571518,0.325672447681427,-0.7209045886993408,-4.213036060333252,1.3930339813232422,-0.7836924195289612,-0.2670970559120178,-6.003521919250488,-1.8579094409942627,-2.5105721950531006
314,-46.862335205078125,0.5733797550201416,5.79020357131958,-0.8568801879882812,0.05256366729736328,0.2741408348083496,54.421173095703125,-14.166491508483887,24.823484420776367,-23.254451751708984,-20.0,-10.238643646240234,-1.8385754823684692,0.5486781597137451,1.2382365465164185,7.371737003326416,2.372354030609131,-3.846411943435669,2.0247788429260254,-1.4349902868270874,-0.6026103496551514,-2.3684043884277344,9.50224494934082,0.29418158531188965
315,-43.70119094848633,-0.13702869415283203,0.7712817192077637,-13.063217163085938,-0.9247934818267822,0.446122407913208,42.92716979980469,-17.144865036010742,34.01289367675781,-39.63473129272461,-20.0,-7.183388710021973,-3.5601494312286377,0.1368781477212906,0.05689682811498642,7.699937343597412,1.8657612800598145,-1.66145658493042,0.7823416590690613,0.0018977783620357513,0.3210601806640625,1.5358712673187256,-2.7508649826049805,0.7286068201065063
316,-32.17591094970703,-7.516847610473633,6.452891826629639,-13.313247680664062,-0.83658766746521,0.17099112272262573,34.177425384521484,-10.232400894165039,33.65599822998047,-65.73146057128906,-8.558271408081055,-5.2578444480896,-3.709395170211792,-0.21464160084724426,0.33679547905921936,4.315998554229736,1.621254324913025,-0.1045527458190918,1.4476490020751953,-0.14945265650749207,0.18474526703357697,0.6597332954406738,-2.2603871822357178,0.7816716432571411
317,-7.74638557434082,-0.46820390224456787,-0.3134016990661621,-7.25921106338501,-0.5959184169769287,0.13400721549987793,2.2672367095947266,-8.142172813415527,28.673675537109375,-72.50230407714844,-7.095014572143555,-3.0811448097229004,-2.981884479522705,-0.32224375009536743,-0.3242112398147583,0.548134982585907,0.6251634955406189,1.6045169830322266,2.2508554458618164,-0.034132301807403564,-0.11921490728855133,-0.46303269267082214,-1.8188501596450806,0.4003523886203766
318,7.357518196105957,1.4383749961853027,-0.8851027488708496,-1.9518871307373047,-0.2814359664916992,-0.022688865661621094,-15.190252304077148,-5.185693740844727,13.470935821533203,-52.9674186706543,-0.11951255798339844,1.158627986907959,-1.69392991065979,0.018277151510119438,-0.7949224710464478,-2.795623302459717,-0.17652276158332825,3.1999332904815674,2.8077738285064697,0.278830885887146,-0.45408445596694946,-1.2182166576385498,-1.5153779983520508,-0.04193772375583649
319,8.186206817626953,6.909366607666016,-2.9870784282684326,2.3185653686523438,-0.2722017765045166,-0.2374587059020996,-16.99138641357422,-17.108549118041992,9.966405868530273,-18.36251449584961,11.713663101196289,3.404090642929077,-0.8190290927886963,0.4130980372428894,-0.24369609355926514,-5.199913501739502,-1.8889018297195435,3.4571304321289062,2.242365837097168,0.09504140913486481,-0.14946050941944122,-0.6698315739631653,-1.6436187028884888,0.6447033286094666
320,25.896757125854492,7.2078022956848145,-5.404228210449219,10.212867736816406,0.4600973129272461,-0.27746009826660156,-25.618000030517578,-9.788423538208008,3.55074405670166,-9.584684371948242,14.412041664123535,2.7206878662109375,0.5333759784698486,0.4761614501476288,-0.5311651229858398,-6.45302677154541,-0.7430324554443359,2.6701672077178955,0.7615000605583191,-0.02835092693567276,-0.25854501128196716,1.9685380458831787,-0.17900516092777252,0.1364513486623764
321,45.67955017089844,8.2128324508667,-16.9033260345459,-23.15793228149414,-20.0,9.260412216186523,-45.111297607421875,4.046370506286621,-7.766260623931885,-5.359626770019531,2.5542969703674316,0.8517786264419556,2.311293363571167,0.8732906579971313,0.1934913694858551,-1.7269319295883179,8.281913757324219,-2.8964176177978516,-1.6487233638763428,-0.11486227065324783,-0.6666420102119446,6.0272016525268555,2.9769744873046875,0.9241619110107422
322,29.699594497680664,20.901798248291016,-24.166412353515625,-72.08628845214844,-8.17523193359375,5.388309478759766,-35.648380279541016,3.484649658203125,-1.699175238609314,-6.509647369384766,-1.0058869123458862,-0.05997037887573242,1.5765057802200317,-0.218056783080101,0.5115193724632263,1.06187903881073,-2.5700876712799072,0.42536264657974243,-3.335278034210205,0.029254641383886337,0.8500658869743347,7.934526443481445,0.21026769280433655,1.6144037246704102
323,7.414656639099121,18.060035705566406,-28.332275390625,-77.469970703125,-8.249496459960938,2.5097947120666504,-21.15286636352539,6.920006275177002,-5.674342155456543,-13.130094528198242,-0.5953294038772583,-0.06712961196899414,1.8516994714736938,-0.27537989616394043,0.20750170946121216,0.19254757463932037,-2.172032594680786,0.6654395461082458,-2.9812183380126953,0.33127886056900024,0.14589156210422516,3.693028211593628,0.52656090259552,1.7918568849563599
324,-11.101529121398926,22.59674072265625,-28.67336654663086,-79.2604751586914,-4.779953956604004,-3.39570951461792,-5.254726409912109,-0.741881251335144,-0.3926756680011749,-5.525632858276367,-0.4744320511817932,-0.2181178331375122,2.3621339797973633,-0.2515742778778076,0.28656888008117676,-0.8199842572212219,-1.8954811096191406,0.8886431455612183,-2.2022180557250977,0.39224034547805786,0.044501930475234985,0.1829569935798645,-0.5387894511222839,0.38904228806495667
325,-14.211462020874023,13.535177230834961,-21.798398971557617,-56.84516906738281,6.318890571594238,-11.389375686645508,-0.0803079605102539,-4.558723449707031,2.1162161827087402,-3.4448699951171875,-0.3496565818786621,-0.11317944526672363,2.767148494720459,-0.472441703081131,0.4118519425392151,-1.8261162042617798,-1.233046054840088,1.538170337677002,-1.0018037557601929,-0.18989881873130798,-0.0962744802236557,-3.8359487056732178,-1.544127345085144,-0.8594567775726318
326,-34.30287170410156,0.24127435684204102,-12.100963592529297,-43.78627014160156,9.914273262023926,-8.7562837600708,17.55232810974121,5.34157133102417,-2.2594101428985596,9.943852424621582,0.45352232456207275,0.049402713775634766,2.179414749145508,-0.36059704422950745,0.32344672083854675,-1.419675588607788,-1.3075392246246338,-1.1487274169921875,-0.25103291869163513,-0.01695767417550087,-0.23098866641521454,-4.526968955993652,-0.22690415382385254,-1.6633328199386597
327,-24.413578033447266,-2.070401430130005,-0.86147540807724,-8.729650497436523,12.4605131149292,-3.3315963745117188,24.23280906677246,-0.3405905067920685,1.3382489681243896,9.362855911254883,0.24904179573059082,0.020946502685546875,1.2135730981826782,-0.2153531163930893,0.3194924592971802,0.7146632075309753,-1.1154803037643433,-4.241996765136719,1.074241042137146,0.008309693075716496,-0.19376686215400696,-5.611606121063232,-0.23523707687854767,-3.5430967807769775
328,-25.95758819580078,2.3379392623901367,1.326977014541626,-6.2730255126953125,7.202609539031982,-1.3498992919921875,27.179338455200195,-5.04378080368042,4.905045032501221,12.483959197998047,0.3315284848213196,0.2073812484741211,-0.12083956599235535,0.13216336071491241,0.41813185811042786,3.448169469833374,0.2726706862449646,-3.7551469802856445,1.4186768531799316,-0.29450711607933044,0.34812718629837036,-0.9329883456230164,6.2027788162231445,-0.03917038440704346
329,-36.94310760498047,-2.6408677101135254,2.7364375591278076,-5.62358283996582,-0.287930965423584,0.38713908195495605,38.01608657836914,-19.91111183166504,24.089885711669922,-59.58982467651367,-2.2201337814331055,-9.954889297485352,-1.8920624256134033,0.41577064990997314,-0.11369840800762177,5.3959126472473145,2.0657331943511963,-1.9962971210479736,0.9828058481216431,-0.07412674278020859,0.04587451368570328,1.3138554096221924,-2.563997983932495,1.660169243812561
330,-38.463462829589844,-6.323735237121582,6.024937629699707,-7.170217514038086,-0.7731659412384033,0.1412038803100586,37.879512786865234,-15.927340507507324,32.43772888183594,-72.7453842163086,-8.689855575561523,-5.856595516204834,-2.859398365020752,0.5639787912368774,-0.011834299191832542,5.615234375,1.3694181442260742,-1.2482349872589111,1.5856819152832031,0.23684197664260864,-0.1634613573551178,0.5148729681968689,-2.3454151153564453,0.7888468503952026
331,-31.79153060913086,-7.066690444946289,6.535754680633545,-9.574814796447754,-0.6951577663421631,0.1895444393157959,24.716951370239258,-16.49273681640625,38.565181732177734,-80.32505798339844,-3.7762985229492188,-1.234110713005066,-3.356796979904175,-0.09168785065412521,0.08818958699703217,2.895616054534912,1.3796730041503906,1.3284928798675537,2.1480207443237305,-0.006521344184875488,-0.26786166429519653,-0.4629894196987152,-1.8085600137710571,0.3753655254840851
332,-19.101200103759766,3.6619455814361572,-1.716737985610962,-7.381180286407471,-0.6074695587158203,0.012652397155761719,9.143594741821289,-17.674110412597656,31.553274154663086,-62.65940475463867,4.047014236450195,1.9245177507400513,-3.499237298965454,0.04003570228815079,-0.47584769129753113,-0.2156667858362198,1.2274821996688843,2.830219030380249,2.3982653617858887,0.2885623574256897,-0.3659162223339081,-1.2912825345993042,-1.2822257280349731,-0.11680780351161957
333,0.378692626953125,-0.5039710998535156,0.6571061611175537,-0.004744529724121094,-0.3206716775894165,-0.20323419570922852,-4.811850547790527,-12.44314193725586,20.543611526489258,-39.75581741333008,9.11317253112793,1.413700819015503,-2.519489049911499,-0.21422290802001953,-0.5940715074539185,-2.69958233833313,0.8535247445106506,3.323902130126953,2.713747501373291,0.3024859130382538,-0.20188307762145996,-1.5139448642730713,-1.2608890533447266,0.22345633804798126
334,17.59438705444336,-0.395133376121521,1.1242666244506836,8.052926063537598,-0.060840755701065063,-0.2724771499633789,-28.424781799316406,-9.967839241027832,13.71159839630127,-36.11249923706055,16.817663192749023,2.9847772121429443,-1.6026391983032227,-0.1455729752779007,-0.21132799983024597,-3.6199910640716553,-0.24911729991436005,3.8092548847198486,2.58840274810791,0.22026920318603516,-0.25054559111595154,-1.6290123462677002,-1.2985100746154785,0.03213697671890259
335,20.990652084350586,10.17142105102539,-6.895493507385254,6.713748931884766,0.0853683352470398,-0.29120731353759766,-25.067813873291016,-16.828815460205078,7.671327114105225,-14.418842315673828,19.83489990234375,4.522011756896973,-0.36346209049224854,0.48909029364585876,-0.16430172324180603,-5.493285655975342,-0.5211784839630127,3.1450142860412598,1.0898371934890747,0.31711962819099426,-0.10057254880666733,0.5665187239646912,0.0598125159740448,-0.16276594996452332
336,61.1893310546875,14.950178146362305,-19.040355682373047,-12.156845092773438,-12.040653228759766,5.4743266105651855,-53.45344924926758,4.384411334991455,-9.768720626831055,-1.7518157958984375,7.186064720153809,2.0926761627197266,2.036154270172119,0.956167459487915,-0.08675713837146759,-2.1708409786224365,8.010383605957031,-2.688203811645508,-2.3153600692749023,-0.027914416044950485,-0.9034839868545532,7.195777893066406,5.250760078430176,1.700417399406433
337,62.35472869873047,27.721040725708008,-35.53599166870117,-62.35716247558594,-6.902746677398682,5.539823055267334,-56.353248596191406,-1.2702672481536865,0.9997992515563965,-10.82657241821289,-1.60240638256073,-0.15689373016357422,1.878002643585205,-0.17547327280044556,0.5069466233253479,0.5318774580955505,-2.3530497550964355,0.4302346110343933,-4.481390953063965,-0.057214848697185516,1.0818403959274292,9.268634796142578,1.4274905920028687,2.5577828884124756
338,9.472987174987793,30.606945037841797,-41.34080505371094,-78.26969909667969,-11.326619148254395,2.6216213703155518,-22.6635799407959,-4.791102886199951,1.0995216369628906,-18.16925811767578,-0.9248684644699097,-0.2837531566619873,2.1294775009155273,-0.16067379713058472,0.10727228224277496,-0.3826960623264313,-1.9636608362197876,0.9121183156967163,-4.046689510345459,-0.03748087212443352,0.7102101445198059,2.928394079208374,1.3074696063995361,1.450005292892456
339,-12.829448699951172,19.755590438842773,-29.561931610107422,-76.76322174072266,-4.918312072753906,-0.07560586929321289,-3.6725807189941406,-2.97068452835083,0.937567949295044,-4.765631198883057,-0.47093474864959717,-0.20290371775627136,2.313986301422119,-0.2877192795276642,0.1165255531668663,-1.318655252456665,-1.5185275077819824,0.6192118525505066,-3.562978982925415,-0.4019838869571686,0.691256582736969,-0.6464686989784241,1.0522011518478394,0.09284297376871109
340,-8.33875560760498,12.971627235412598,-21.814910888671875,-62.38813781738281,2.2073776721954346,-6.570330619812012,1.6815338134765625,6.917640686035156,-5.517457008361816,5.016308307647705,-0.3557407855987549,0.014754652976989746,2.904012680053711,-0.32529217004776,0.019511476159095764,-1.9222548007965088,-1.3329415321350098,0.9597175717353821,-2.5176918506622314,-0.3574472665786743,0.004020011983811855,-1.5717387199401855,-1.4320062398910522,-0.7399680614471436
341,-28.918190002441406,11.378064155578613,-15.521814346313477,-51.527122497558594,6.005542278289795,-8.076130867004395,14.232808113098145,-0.912217378616333,0.20517736673355103,5.820469856262207,0.3451199531555176,0.04598212242126465,3.029310464859009,-0.34711748361587524,0.184413880109787,-2.4571950435638428,-1.1271251440048218,0.8822674751281738,-1.5358104705810547,-0.538515567779541,-0.1384982168674469,-3.053408145904541,-0.08505829423666,-1.186133623123169
342,-29.687053680419922,-7.6332478523254395,-0.6914915442466736,-23.092220306396484,13.156049728393555,-5.850625991821289,19.7028865814209,6.906373977661133,-3.2519285678863525,6.699365615844727,0.02285146713256836,0.11217284202575684,2.251793146133423,-0.2846199572086334,0.08802682906389236,-1.528638482093811,-1.2473878860473633,-2.652252435684204,-0.6034332513809204,-0.43004873394966125,-0.4241673946380615,-4.344099044799805,-1.3260488510131836,-1.533460021018982
343,-37.47805404663086,1.0097155570983887,-7.233003616333008,-27.951967239379883,18.392229080200195,-4.746453285217285,29.44504165649414,5.374294281005859,-0.9860377311706543,13.269274711608887,0.7010506391525269,0.062412261962890625,1.9858335256576538,0.022558309137821198,-0.17349524796009064,-1.0316245555877686,-1.1512926816940308,-4.410251617431641,1.030206322669983,-0.03691209852695465,-0.6697361469268799,-4.982719898223877,0.7683194279670715,-2.816927671432495
344,-14.393536567687988,-4.220503330230713,7.802550315856934,1.8900203704833984,12.471861839294434,-2.5228195190429688,19.48775863647461,-4.117466449737549,5.410351276397705,10.343843460083008,0.15827244520187378,0.15046358108520508,0.05717657506465912,-0.29364195466041565,0.17994660139083862,2.817906379699707,0.5280230045318604,-3.662673234939575,1.5981647968292236,-0.33831924200057983,0.5001814365386963,-4.288456916809082,0.21893242001533508,-2.7680981159210205
345,-54.56309509277344,6.75869083404541,1.504617691040039,-9.185230255126953,-0.35950136184692383,0.24551153182983398,59.26520538330078,-14.549189567565918,27.977962493896484,-16.630489349365234,-16.197330474853516,-9.182477951049805,-2.3823821544647217,1.0623908042907715,1.287863850593567,6.90445613861084,2.73217511177063,-3.5770013332366943,2.2226555347442627,-0.681523323059082,0.006856292486190796,-1.4257152080535889,7.998854637145996,2.9572560787200928
346,-40.765098571777344,0.0002455711364746094,-0.988964319229126,-11.61529541015625,-1.0283561944961548,0.43920373916625977,48.319095611572266,-15.92539119720459,32.61434555053711,-41.37181854248047,-10.486674308776855,-16.155391693115234,-3.89560604095459,0.5450790524482727,-0.39180174469947815,7.4308342933654785,0.8708028793334961,-1.4951262474060059,1.1158260107040405,-0.3568696975708008,0.03858034312725067,1.3039376735687256,-2.4764862060546875,4.23227071762085
347,-24.634916305541992,-9.391862869262695,6.034662246704102,-13.650348663330078,-0.5671441555023193,0.2193465232849121,28.071487426757812,-3.7165260314941406,29.244585037231445,-62.179325103759766,-5.313492298126221,-9.805631637573242,-3.3588826656341553,-0.048393137753009796,-0.6014592051506042,2.9238572120666504,1.7237350940704346,0.5379619598388672,1.719612956047058,-0.12373398244380951,-0.09719616919755936,0.8772987723350525,-2.622941255569458,0.9853235483169556
348,-11.21710205078125,-6.053459167480469,6.454321384429932,-5.403716087341309,-0.5913815498352051,0.020257949829101562,2.695363998413086,-9.154012680053711,26.60540008544922,-66.81365203857422,0.610236644744873,-3.390460729598999,-3.2641782760620117,-0.351116418838501,-0.05708114430308342,-0.3625602126121521,1.0941274166107178,2.9075610637664795,2.079536199569702,-0.3394753634929657,-0.3293963670730591,0.03658214956521988,-2.212113618850708,0.3469444215297699
349,-3.064724922180176,-1.3641270399093628,1.9750620126724243,0.06415081024169922,-0.4173608422279358,-0.22777795791625977,-3.2957496643066406,-2.9587221145629883,17.121992111206055,-51.52140426635742,6.886116981506348,-0.2191029191017151,-2.7694387435913086,0.11004871129989624,0.04358445852994919,-2.490745782852173,0.08461228758096695,3.5691323280334473,2.383065938949585,0.008160695433616638,-0.6413942575454712,-0.6053194403648376,-1.8249006271362305,-0.004549883306026459
350,10.385626792907715,5.799590587615967,-5.281744003295898,4.970410346984863,-0.07726895809173584,-0.22710800170898438,-12.972006797790527,-10.718215942382812,14.145000457763672,-28.6246395111084,13.6907320022583,-0.00748974084854126,-1.63567054271698,0.46753162145614624,-0.5413888096809387,-3.9287867546081543,-0.5527737736701965,3.573065996170044,2.4815750122070312,0.4838871657848358,-0.4357796907424927,-0.7094936370849609,-1.803361415863037,0.07397425174713135
351,24.269611358642578,5.862509250640869,-4.666460037231445,7.235256195068359,0.19856059551239014,-0.2865886688232422,-24.26781463623047,-10.311888694763184,4.634850025177002,-15.112412452697754,20.0,2.8779382705688477,0.13455721735954285,0.49319806694984436,-0.7436814904212952,-6.6244611740112305,0.131827250123024,2.83264422416687,1.3722705841064453,0.44136345386505127,-0.27827316522598267,1.2374602556228638,-0.42881327867507935,-0.4379292130470276
352,62.401947021484375,10.572270393371582,-14.094917297363281,-55.55519485473633,7.625215530395508,7.312191486358643,-56.34199523925781,14.740774154663086,-12.385781288146973,-1.5607719421386719,4.2330169677734375,1.3441009521484375,1.889587640762329,-0.04771905392408371,-0.08257535845041275,1.3396896123886108,-2.8108294010162354,0.05171334743499756,-1.6345493793487549,-0.04189780727028847,-0.6444804668426514,7.516018867492676,4.905209541320801,1.5302846431732178
353,57.585201263427734,29.44240379333496,-35.427738189697266,-61.18927764892578,2.1135168075561523,-0.5425624847412109,-64.36160278320312,-0.5370161533355713,-1.5393457412719727,-16.48206329345703,-1.9134411811828613,-0.12937378883361816,1.8949925899505615,-0.08225276321172714,0.3756639361381531,0.4949083626270294,-2.424210548400879,0.6418495774269104,-4.367199897766113,0.46901264786720276,0.5470742583274841,7.254098892211914,0.2255290150642395,1.6352535486221313
354,1.2220020294189453,23.224658966064453,-31.120344161987305,-78.90988159179688,-4.272461891174316,1.3213094472885132,-13.012399673461914,-3.4264097213745117,1.6587867736816406,-11.94521713256836,-0.4110431671142578,-0.20388317108154297,2.319540500640869,-0.3567163050174713,0.2553333342075348,-0.5434166193008423,-1.960141658782959,0.7319545149803162,-3.7809009552001953,0.30962875485420227,0.6441678404808044,2.569819211959839,1.5265979766845703,0.9299908876419067
355,9.281368255615234,12.774673461914062,-26.497922897338867,-65.4630126953125,5.403646469116211,-5.219776153564453,-18.06985092163086,2.864291191101074,-4.583261489868164,-6.693398475646973,-0.7580872178077698,-0.06730815768241882,2.755659580230713,-0.3568766713142395,0.369176983833313,-1.382959008216858,-1.4983340501785278,1.149628758430481,-3.45560359954834,0.11484893411397934,-0.055092714726924896,-0.9588200449943542,0.37349045276641846,-0.029376110062003136
356,-31.479427337646484,7.105215072631836,-14.798364639282227,-58.13964080810547,8.15983772277832,-9.446910858154297,17.231830596923828,2.305284023284912,-0.6963930130004883,5.150102615356445,0.06080222129821777,-0.05629563331604004,3.0010013580322266,-0.5438038110733032,0.48815369606018066,-2.1856746673583984,-1.3457746505737305,1.0679959058761597,-2.2396719455718994,0.20014065504074097,0.20242290198802948,-3.0000133514404297,0.6107866764068604,-1.1394718885421753
357,-30.27042007446289,6.740118980407715,-13.231860160827637,-45.671138763427734,14.363330841064453,-9.38508129119873,18.40118408203125,4.0451154708862305,-2.295949935913086,8.224390029907227,0.0309581458568573,0.06185293197631836,2.734628915786743,-0.42654114961624146,0.12293900549411774,-1.9982807636260986,-1.0947471857070923,-1.21466863155365,-0.7430053353309631,0.29745230078697205,-0.27146631479263306,-4.70579719543457,0.1166422888636589,-2.28236985206604
358,-22.601106643676758,7.575386047363281,-7.855076789855957,-25.344707489013672,20.0,-6.148398399353027,16.595760345458984,-3.8562211990356445,2.0356433391571045,10.984540939331055,0.18449008464813232,0.14432191848754883,2.594224452972412,-0.2882104516029358,0.23537658154964447,-1.4139976501464844,-1.4807604551315308,-4.7355241775512695,0.3242724537849426,-0.08699769526720047,-0.3768911361694336,-4.974984645843506,0.04494405537843704,-2.961740732192993
359,-36.7929573059082,9.54001522064209,-2.430509090423584,-17.13593292236328,14.404568672180176,-2.6321964263916016,31.958181381225586,-5.833638668060303,5.234137535095215,15.014294624328613,0.4145059287548065,0.21053171157836914,1.3334976434707642,-0.2389187067747116,0.3178591728210449,0.5853960514068604,-0.44441908597946167,-4.140013217926025,1.4216841459274292,-0.4998111426830292,-0.3636292517185211,-4.428564548492432,-0.2520870864391327,-2.6610331535339355
360,-54.71332550048828,3.4769299030303955,2.914740562438965,-5.2559051513671875,0.14396142959594727,0.27105093002319336,65.31526184082031,-14.780792236328125,17.520069122314453,-9.264933586120605,-13.653122901916504,-9.77682876586914,-1.6331512928009033,0.8671648502349854,1.1613330841064453,6.084545135498047,3.168412208557129,-3.459536075592041,2.2998812198638916,-0.6636620759963989,-0.0066712405532598495,-1.7554177045822144,8.879202842712402,1.6743204593658447
361,-38.82970428466797,-3.427224636077881,0.5687901973724365,-9.674644470214844,-1.0558357238769531,0.4357175827026367,42.28733444213867,-17.876752853393555,37.05641174316406,-54.10566329956055,-12.180994033813477,-7.761248588562012,-3.483548402786255,-0.042484961450099945,-0.4671112895011902,6.739389896392822,1.0964000225067139,-1.090088963508606,0.7586320042610168,-0.36923569440841675,0.07707155495882034,1.5683751106262207,-2.7382912635803223,1.1814030408859253
362,-26.330617904663086,-3.022853136062622,3.4147815704345703,-10.510160446166992,-0.513131856918335,0.15748649835586548,30.74993133544922,-12.248576164245605,31.778228759765625,-64.02812194824219,-9.624813079833984,-5.60366153717041,-3.5002143383026123,0.1896011084318161,-0.4771501123905182,4.189929962158203,1.9543579816818237,0.4531917870044708,1.594988465309143,-0.052499279379844666,-0.15258604288101196,0.5366171002388,-2.3506500720977783,0.6888751983642578
363,-22.342641830444336,-4.597232341766357,6.147998332977295,-8.309426307678223,-0.6974043846130371,-0.008047103881835938,23.89310646057129,-13.451781272888184,28.557533264160156,-53.50801467895508,-1.2109155654907227,-2.325038433074951,-3.637349843978882,0.07728128135204315,0.19697882235050201,1.2763994932174683,1.5546213388442993,2.2226743698120117,2.057302713394165,-0.1883259266614914,-0.22396928071975708,-0.081696517765522,-2.0368032455444336,0.30690789222717285
364,-11.883932113647461,0.16254591941833496,0.014272034168243408,-4.129771709442139,-0.5744609832763672,-0.1455988883972168,14.567594528198242,-7.610508441925049,20.489593505859375,-38.30989074707031,6.9137444496154785,-0.03414057195186615,-3.201284408569336,0.3290823996067047,-0.16617219150066376,-1.2245079278945923,0.6498721241950989,2.6589391231536865,2.5532331466674805,0.1515672355890274,-0.4227529764175415,-0.6169009208679199,-1.7316125631332397,-0.09406247735023499
365,10.804708480834961,-0.4232724606990814,-1.3038914203643799,2.0860366821289062,-0.24813517928123474,-0.12448835372924805,-18.879344940185547,-7.229321479797363,16.7568416595459,-40.513397216796875,13.85244083404541,0.08061012625694275,-2.0255351066589355,-0.026758477091789246,-0.638853907585144,-4.1869330406188965,-0.21870866417884827,3.7914047241210938,2.629246234893799,0.20475119352340698,-0.31578463315963745,-0.9851630330085754,-1.7087180614471436,0.23237808048725128
366,21.13100242614746,7.913938999176025,-5.227085113525391,5.589847564697266,-0.05551105737686157,-0.2811737060546875,-25.223453521728516,-16.08174705505371,10.893887519836426,-17.56827163696289,18.4318790435791,3.7139334678649902,-0.09870396554470062,-0.007032349705696106,-0.5518576502799988,-7.772008419036865,-0.5431714653968811,3.5368618965148926,1.75567626953125,0.08314268290996552,0.06474237889051437,0.3927166163921356,-0.9898818731307983,0.4251895546913147
367,56.596431732177734,13.713794708251953,-15.679878234863281,-4.166522979736328,-13.413952827453613,6.109192848205566,-49.52836227416992,-0.8518871665000916,-6.849598407745361,-2.2764930725097656,9.157423973083496,2.4636168479919434,2.1964757442474365,0.9423116445541382,0.3339029550552368,-1.887300729751587,8.134324073791504,-0.8323624134063721,-1.5211470127105713,-0.21582306921482086,-0.06519335508346558,6.34940767288208,3.1299262046813965,2.347287654876709
368,40.982845306396484,20.750988006591797,-24.511188507080078,-61.72978591918945,-4.926174163818359,3.7178854942321777,-43.061832427978516,5.9743123054504395,-3.155738592147827,-9.100502014160156,-1.1898066997528076,-0.24492335319519043,1.7646476030349731,-0.3580707609653473,0.3058684468269348,0.9555981159210205,-2.507218360900879,0.32163703441619873,-3.3593103885650635,-0.0056875236332416534,1.1477429866790771,8.019521713256836,-0.21085739135742188,1.604409098625183
369,12.042566299438477,28.2357120513916,-30.712238311767578,-78.87106323242188,-5.479050636291504,2.171175956726074,-23.922372817993164,5.216320514678955,-6.450516700744629,-12.54076862335205,-0.4841744899749756,-0.0710451602935791,1.9587600231170654,-0.18231767416000366,0.061333067715168,0.06421396881341934,-2.14876127243042,0.5822755694389343,-3.460265636444092,0.259461909532547,0.08752300590276718,4.077392101287842,1.0604368448257446,1.2778992652893066
370,13.181760787963867,22.193796157836914,-27.237836837768555,-66.33954620361328,1.7221356630325317,-3.6555705070495605,-19.00686264038086,-1.1603034734725952,-0.46850278973579407,-10.193115234375,-0.9208166599273682,-0.15994489192962646,2.741316080093384,-0.22558332979679108,0.22595234215259552,-0.9845739603042603,-1.7695040702819824,0.9396846294403076,-2.7284457683563232,0.14199525117874146,0.07501409947872162,-0.33073514699935913,-1.4632986783981323,0.2146523892879486
371,-37.13144302368164,13.895586967468262,-19.70992088317871,-74.97470092773438,1.9179625511169434,-5.3498125076293945,16.761817932128906,-1.5831599235534668,0.9959191083908081,5.204595565795898,0.5281181335449219,-0.07337510585784912,2.8960413932800293,-0.4915260076522827,0.37679898738861084,-2.053077220916748,-1.4096776247024536,0.7172338366508484,-1.7239389419555664,-0.32314813137054443,0.07571811228990555,-2.3383805751800537,1.5463831424713135,-0.7206864953041077
372,-19.055652618408203,12.170034408569336,-13.020792007446289,-39.97975540161133,6.8878397941589355,-8.742172241210938,10.024262428283691,1.9613778591156006,-0.944406270980835,7.039499282836914,-0.22537708282470703,0.03302812576293945,2.830420732498169,-0.46230390667915344,0.19269223511219025,-1.9101982116699219,-1.1258190870285034,-0.4005775451660156,-0.7585644125938416,-0.2610422968864441,-0.14148493111133575,-2.821528673171997,-0.5226140022277832,-1.4567879438400269
373,-20.481483459472656,1.73143470287323,-4.49089241027832,-27.595853805541992,12.951364517211914,-6.218576431274414,11.792677879333496,5.907871723175049,-3.2647128105163574,7.812921524047852,0.1393430233001709,0.12741923332214355,2.4595868587493896,-0.2562033236026764,0.20149974524974823,-1.330138921737671,-1.3912732601165771,-2.42016339302063,-0.15496350824832916,0.05568874627351761,-0.32836830615997314,-3.011310338973999,-1.0718708038330078,-1.937072515487671
374,-29.914562225341797,2.9747071266174316,-2.1144111156463623,-16.442724227905273,12.947433471679688,-3.0491342544555664,21.436986923217773,-4.28535270690918,4.498366355895996,7.839425086975098,0.3606245517730713,0.07035112380981445,1.6976832151412964,-0.41646647453308105,0.1379522830247879,-0.40985816717147827,-1.3734543323516846,-4.2267680168151855,0.6637141704559326,-0.4348096549510956,0.027862031012773514,-3.6139976978302,-0.7031683921813965,-2.6152877807617188
375,-46.957054138183594,-1.6893222332000732,5.671710014343262,0.8214111328125,1.050755500793457,0.09558677673339844,52.90685272216797,-21.241628646850586,16.175994873046875,5.506404876708984,0.34285643696784973,0.03258037567138672,-1.595741868019104,0.22256267070770264,1.4122872352600098,7.396973609924316,3.4929563999176025,-4.515226364135742,3.5779550075531006,-1.5095434188842773,-0.18632596731185913,-4.245227813720703,9.151956558227539,0.9922811985015869
376,-46.39527130126953,7.315960884094238,-4.835480213165283,-15.138280868530273,-1.271127700805664,0.5679049491882324,44.8995475769043,-15.545875549316406,27.73691749572754,-30.20713996887207,-20.0,-9.037771224975586,-3.5663294792175293,0.7105094194412231,-0.4857502579689026,8.068147659301758,0.8944082260131836,-2.331725835800171,0.3616428077220917,0.12278488278388977,0.027212806046009064,1.7454499006271362,-2.5907227993011475,0.9834976196289062
377,-33.95200729370117,-7.393283843994141,7.008101463317871,-12.392379760742188,-0.7014719247817993,0.23510873317718506,43.49895477294922,-16.89533233642578,39.52204513549805,-67.74667358398438,-7.228487491607666,-7.919044017791748,-3.4886298179626465,0.0039001479744911194,-0.4293876588344574,5.001975059509277,1.0998519659042358,-0.5291532874107361,1.4836887121200562,-0.205546036362648,-0.08740376681089401,0.7908491492271423,-2.439483880996704,0.8442091345787048
378,-15.611112594604492,-1.497541904449463,2.3147356510162354,-9.175921440124512,-0.5217008590698242,0.1472947597503662,16.094512939453125,-11.354828834533691,25.135610580444336,-56.1771354675293,-3.7948827743530273,-4.9999237060546875,-3.1214232444763184,0.052573561668395996,-0.46404075622558594,1.6539955139160156,1.0912691354751587,1.4507843255996704,2.1651740074157715,-0.044681698083877563,-0.20652349293231964,-0.008012253791093826,-2.1634514331817627,0.6083412170410156
379,-4.408086776733398,-4.8888349533081055,4.4164347648620605,-4.686755180358887,-0.486197829246521,-0.0639491081237793,-3.816962242126465,-5.059113025665283,19.633636474609375,-56.01020812988281,1.4267849922180176,-1.2705156803131104,-2.481900215148926,-0.16641226410865784,-0.17583067715168,-2.001980781555176,0.32963040471076965,3.1195991039276123,2.4738192558288574,-0.12377862632274628,-0.39171022176742554,-0.6565727591514587,-1.803035855293274,0.07938582450151443
380,6.312086582183838,3.0401456356048584,-1.3644589185714722,0.8647613525390625,-0.37833261489868164,-0.18343162536621094,-8.397911071777344,-9.979005813598633,13.243339538574219,-27.77972412109375,17.000324249267578,0.9581385254859924,-1.0652546882629395,0.0966198518872261,0.005950841121375561,-5.130565166473389,-1.4752850532531738,4.297694206237793,2.750767230987549,0.0239718034863472,-0.3212069272994995,-0.8824647068977356,-1.7312767505645752,0.013181805610656738
381,21.38127326965332,6.92536735534668,-5.527087211608887,10.957023620605469,0.3417055606842041,-0.31113243103027344,-33.12924575805664,-15.564888954162598,9.482028007507324,-31.09133529663086,17.0896053314209,5.015092849731445,-0.04307950660586357,0.2538571357727051,-0.4006233811378479,-6.178590297698975,-0.6786670684814453,4.017242908477783,2.4256668090820312,0.030186280608177185,-0.3862234950065613,-0.7867612838745117,-1.7316044569015503,0.29076170921325684
382,28.499300003051758,4.809587001800537,-4.262929916381836,14.655567169189453,0.4389405846595764,-0.35600852966308594,-26.013837814331055,-5.80860710144043,-2.4929158687591553,-6.746355056762695,17.043380737304688,3.7892603874206543,0.9290298819541931,0.6345239281654358,-0.44595062732696533,-5.551172733306885,-0.13884970545768738,2.676624298095703,0.1096104085445404,0.08433917909860611,-0.30128663778305054,3.0175065994262695,0.28816986083984375,0.9109517335891724
383,55.035247802734375,22.198638916015625,-18.90955352783203,-57.72163772583008,4.017514228820801,18.39198875427246,-55.17180633544922,9.965354919433594,-7.956532001495361,-4.538177490234375,-0.09714555740356445,0.10771894454956055,1.4404491186141968,-0.6529995203018188,0.0862162783741951,0.8061470985412598,-2.18440580368042,3.5214948654174805,-2.8078346252441406,-0.5139076709747314,-0.5443900227546692,8.210648536682129,3.591021776199341,2.5455734729766846
384,34.106353759765625,29.402315139770508,-40.416595458984375,-79.67977905273438,-5.185070514678955,1.8895564079284668,-41.9266471862793,0.4202945828437805,-1.0028283596038818,-12.988636016845703,-1.4428179264068604,-0.26316070556640625,1.895382046699524,-0.06525133550167084,0.4126248359680176,0.20951791107654572,-2.2326412200927734,0.7770185470581055,-3.762974739074707,0.302190899848938,0.44462114572525024,6.426468372344971,-0.017744524404406548,1.716436743736267
385,15.884660720825195,20.056432723999023,-34.04398727416992,-67.6868896484375,-1.991161823272705,-1.1137741804122925,-27.382022857666016,1.692154884338379,-1.5076900720596313,-13.848586082458496,-0.7115536332130432,-0.20231425762176514,1.984667420387268,-0.13493584096431732,0.14016766846179962,-0.5290051102638245,-1.77726149559021,0.8476497530937195,-3.908395767211914,0.7061343789100647,0.4674842655658722,1.96975839138031,-0.10464724898338318,0.7186844348907471
386,-8.291388511657715,9.883612632751465,-23.024559020996094,-66.26655578613281,2.7400121688842773,-4.136514663696289,-0.6396303176879883,0.7662124633789062,-1.5957568883895874,-3.097672939300537,-0.1955885887145996,-0.11706209182739258,2.6698598861694336,-0.37084734439849854,0.21091268956661224,-1.5725879669189453,-1.4314018487930298,0.6626968383789062,-2.7190778255462646,0.35965603590011597,0.2617027461528778,-1.448641300201416,0.2097463756799698,-0.6496164202690125
387,-29.420001983642578,9.494965553283691,-13.39328670501709,-41.85540771484375,3.4711215496063232,-7.597517013549805,18.0107421875,-3.868248224258423,2.2319142818450928,4.445657730102539,0.04972390830516815,0.017840862274169922,2.720780372619629,-0.6097014546394348,0.21532532572746277,-1.9138610363006592,-1.2198827266693115,0.8264244198799133,-1.4282838106155396,-0.11740093678236008,0.2732008397579193,-3.353317975997925,0.0003462269378360361,-1.028189778327942
388,-40.00735092163086,4.522071838378906,-8.85007095336914,-38.826332092285156,11.505142211914062,-6.618412971496582,26.110870361328125,-0.5227208137512207,0.07719290256500244,6.741252899169922,-0.04564666748046875,0.007936954498291016,2.3518834114074707,-0.3199376165866852,0.10505655407905579,-1.4974101781845093,-1.3151167631149292,-2.2806544303894043,0.47825542092323303,-0.3436279296875,-0.3578515350818634,-6.482715606689453,-1.5406968593597412,-2.7356934547424316
389,-35.528934478759766,4.3487653732299805,2.6361119747161865,-8.673376083374023,10.245912551879883,-2.567246437072754,36.594017028808594,-9.137199401855469,7.651383876800537,15.072158813476562,0.6062854528427124,0.10908365249633789,0.888312816619873,-0.14989222586154938,0.3400661051273346,1.4797205924987793,-0.28431233763694763,-4.220269203186035,2.2458693981170654,-0.7473867535591125,0.06415032595396042,-7.1868391036987305,-0.7011436820030212,-3.385800361633301
390,-44.91449737548828,-10.23818588256836,9.067864418029785,-0.4085044860839844,-0.08209872245788574,0.26145315170288086,53.85099792480469,-6.6750102043151855,15.431544303894043,-40.2463264465332,-20.0,-7.959409713745117,-2.159773349761963,0.5446181893348694,1.0545419454574585,8.655641555786133,2.0093204975128174,-3.5543344020843506,2.1702558994293213,-0.3842422366142273,-0.10195473581552505,-1.6260032653808594,7.126834869384766,1.0340580940246582
391,-38.57329177856445,3.53727126121521,-2.078324794769287,-16.991941452026367,-1.022404670715332,0.4375762939453125,37.84418869018555,-19.223299026489258,31.257631301879883,-44.73406219482422,-12.025477409362793,-12.208319664001465,-2.840643882751465,-0.04590936005115509,-0.3629004657268524,5.952254295349121,0.837881326675415,-1.8888288736343384,1.407250165939331,-0.23088577389717102,-0.12804703414440155,1.0093982219696045,-2.517232894897461,1.5752443075180054
392,-20.0855712890625,-5.328457355499268,3.6382508277893066,-6.241170883178711,-0.300872802734375,0.2296885848045349,14.641613960266113,-10.62924575805664,34.42057800292969,-75.7326431274414,-11.539449691772461,-6.101720333099365,-3.1773645877838135,-0.10993087291717529,-0.24965620040893555,4.566267490386963,2.1616127490997314,-0.13957400619983673,1.6785671710968018,0.06153523921966553,-0.11016696691513062,0.23018932342529297,-2.25138258934021,0.831238865852356
393,-19.25859832763672,1.3701118230819702,2.1799609661102295,-9.830493927001953,-0.7811610698699951,0.07117271423339844,14.348819732666016,-18.191272735595703,31.023651123046875,-64.2711181640625,-0.5195949077606201,-1.94549560546875,-3.0438873767852783,0.14051330089569092,0.13647334277629852,0.8092643022537231,1.3575725555419922,1.434852123260498,2.2105913162231445,0.050769686698913574,-0.32169780135154724,-0.6458514928817749,-1.693238377571106,0.13375027477741241
394,-5.19725227355957,4.921776294708252,-3.4884872436523438,-5.823254585266113,-0.6405611038208008,0.024909019470214844,-1.9436378479003906,-14.25772762298584,23.739219665527344,-45.87592315673828,7.369826316833496,1.5792648792266846,-2.2082111835479736,0.11657708883285522,-0.5054248571395874,-3.364795684814453,0.0034525797236710787,2.9964089393615723,2.52759051322937,0.13182049989700317,-0.434855580329895,-1.2073124647140503,-1.363917350769043,-0.03742499649524689
395,8.032715797424316,2.8039886951446533,-1.6306159496307373,4.29707145690918,-0.19280219078063965,-0.15099430084228516,-11.625948905944824,-11.564596176147461,13.844179153442383,-21.19011688232422,16.6267032623291,4.619036674499512,-1.0350075960159302,0.1253945231437683,-0.4872943162918091,-5.444745063781738,-1.0585713386535645,4.435786247253418,2.622708797454834,0.17980623245239258,-0.301121324300766,-1.2156226634979248,-1.4667526483535767,-0.2524895668029785
396,31.193771362304688,0.013137444853782654,-1.6898903846740723,13.33860969543457,0.4763001799583435,-0.3610820770263672,-32.06241226196289,-3.0622525215148926,1.0367627143859863,-15.298521041870117,18.6315975189209,5.8582539558410645,0.48384299874305725,0.048222124576568604,-0.5367637276649475,-6.0239787101745605,-0.3564828932285309,4.104618072509766,0.9454175233840942,0.09689987450838089,-0.19687721133232117,1.2911734580993652,-0.23570239543914795,-0.30873095989227295
397,46.27875518798828,11.774809837341309,-14.549145698547363,-15.78863525390625,-16.919174194335938,7.534477710723877,-42.81092834472656,0.5688992142677307,-6.579724311828613,-2.545045852661133,5.572297096252441,1.6969337463378906,2.160154342651367,0.7060445547103882,0.1634638011455536,-1.5685023069381714,6.294031620025635,-1.78078031539917,-1.9309806823730469,-0.2489297240972519,-0.3448827564716339,6.739558219909668,3.7814056873321533,2.2448487281799316
398,42.37580108642578,26.09557342529297,-25.463224411010742,-58.65824508666992,-3.1427359580993652,-3.4826488494873047,-46.13007354736328,5.527927875518799,-3.2663373947143555,-10.046855926513672,-1.341790795326233,-0.20316791534423828,1.5875307321548462,-0.21550552546977997,0.34615558385849,0.9677324891090393,-2.604491949081421,0.8523270487785339,-3.946641445159912,0.045091595500707626,0.8097163438796997,8.31527328491211,0.04201022535562515,2.044590473175049
399,9.616497039794922,30.39980697631836,-33.01520538330078,-78.05266571044922,-5.7653727531433105,1.3070571422576904,-21.223941802978516,-3.680434226989746,-0.19874823093414307,-16.023542404174805,-0.6421362161636353,-0.17090535163879395,2.1956467628479004,-0.20991480350494385,0.1931433230638504,-0.15830925107002258,-2.119188070297241,0.7841366529464722,-3.2342700958251953,-0.165969580411911,0.30437877774238586,2.558405637741089,0.6816422343254089,1.7985689640045166
400,-6.803369522094727,19.09695816040039,-24.284608840942383,-64.15071868896484,1.2772135734558105,-3.957751750946045,-7.369054794311523,-4.045964241027832,1.8269810676574707,-6.6062445640563965,-0.4943329691886902,-0.26921284198760986,2.45548152923584,-0.31900888681411743,0.3778991401195526,-1.0219515562057495,-1.7594947814941406,1.0577106475830078,-2.729203462600708,-0.45796409249305725,0.4667039215564728,-1.3754875659942627,0.36406585574150085,-0.02535124495625496
401,-8.876980781555176,12.43899917602539,-16.933956146240234,-48.88782501220703,9.02980899810791,-9.531427383422852,0.3915290832519531,3.020155906677246,-3.2896969318389893,3.8817787170410156,-0.17885103821754456,-0.021911144256591797,2.758911371231079,-0.28448137640953064,0.5435034036636353,-1.5280183553695679,-1.3418468236923218,1.330890417098999,-2.1087396144866943,-0.4343675374984741,-0.013184812851250172,-2.6171276569366455,-0.23938077688217163,-1.3269184827804565
402,-30.641502380371094,4.024616718292236,-11.433359146118164,-47.75215530395508,15.432722091674805,-11.031354904174805,15.04665470123291,8.366436004638672,-3.90628719329834,9.078296661376953,0.1361454725265503,0.11035418510437012,2.6218762397766113,-0.3802591562271118,0.3787826895713806,-1.8794080018997192,-1.2802985906600952,0.5331360101699829,-1.319776177406311,-0.05404501408338547,-0.1676601618528366,-3.1463253498077393,-0.710124671459198,-1.895883321762085
403,-26.32514190673828,1.2001490592956543,-7.898130416870117,-24.97045135498047,20.0,-6.503974437713623,18.062570571899414,1.2713286876678467,1.1679856777191162,6.344690322875977,0.1564946174621582,0.08051013946533203,2.0376808643341064,-0.23489642143249512,0.09975383430719376,-0.9642519354820251,-1.6072133779525757,-3.7253305912017822,0.03054511919617653,-0.0006053652614355087,0.001286360900849104,-5.215243816375732,-0.6713355779647827,-2.8514442443847656
404,-37.294586181640625,0.08126278966665268,5.204084396362305,-5.378873825073242,11.376490592956543,-2.7029895782470703,44.09154510498047,-8.408987045288086,7.12837028503418,13.827606201171875,0.6086136698722839,0.09434127807617188,-0.04270060732960701,-0.08172275125980377,0.22864054143428802,3.402456760406494,0.7539986968040466,-4.60017728805542,1.9562690258026123,-0.6352431774139404,0.06134702265262604,-2.8809471130371094,6.5944671630859375,-1.4841256141662598
405,-55.46916961669922,-1.0100550651550293,4.251043319702148,-7.899547576904297,-0.5653057098388672,0.4093489646911621,64.8581314086914,-20.55193519592285,23.65874481201172,-41.13854217529297,-11.185881614685059,-16.719146728515625,-2.596137762069702,0.9860866665840149,0.6887198686599731,7.284759521484375,1.6202256679534912,-2.82163667678833,1.481757402420044,-0.10847157984972,0.272792249917984,0.9333993196487427,-2.384559154510498,4.588197231292725
406,-38.06141662597656,-7.941039085388184,5.28457498550415,-10.227527618408203,-0.6543564796447754,0.27318644523620605,40.77984619140625,-16.11927032470703,35.10849380493164,-65.42906188964844,-11.314250946044922,-5.77379035949707,-3.6952357292175293,0.2298193722963333,0.13998740911483765,6.5925188064575195,2.36348032951355,-1.3662253618240356,1.556990146636963,-0.1369391828775406,-0.05761843919754028,0.8748593926429749,-2.5490646362304688,0.7514651417732239
407,-24.762758255004883,-2.849907398223877,3.0390636920928955,-10.783090591430664,-0.7430534362792969,0.2085418701171875,20.897171020507812,-12.742393493652344,32.43436050415039,-67.91515350341797,-5.331432342529297,-3.147475004196167,-4.17795991897583,-0.00964663177728653,-0.01759825274348259,3.7258527278900146,2.2615275382995605,0.6380415558815002,1.944528579711914,-0.13186585903167725,-0.23249630630016327,0.02367224730551243,-2.123445987701416,0.4554647207260132
408,-10.049097061157227,-3.430819034576416,1.846484661102295,-9.605205535888672,-0.8148537874221802,0.06592130661010742,6.524430274963379,-3.1067214012145996,22.422414779663086,-65.65462493896484,5.345818042755127,-2.5338892936706543,-3.1015255451202393,-0.11533014476299286,-0.4526933431625366,-1.3755172491073608,0.6881095170974731,2.474153518676758,2.838428020477295,0.15895408391952515,-0.44973844289779663,-1.1975947618484497,-1.6492726802825928,0.20022335648536682
409,-4.677404403686523,-1.5423811674118042,3.1431665420532227,2.524996757507324,-0.32311302423477173,-0.14714527130126953,4.26950740814209,-11.809160232543945,18.360118865966797,-41.61621856689453,14.127901077270508,1.9543077945709229,-2.4577744007110596,-0.00869961827993393,-0.037194471806287766,-2.921177625656128,-0.0309910885989666,4.321300983428955,3.192228078842163,0.27585089206695557,-0.4248184561729431,-1.5208512544631958,-1.3964718580245972,0.13107024133205414
410,7.744411468505859,5.167094707489014,-2.754324197769165,5.113094329833984,-0.0979723334312439,-0.3617825508117676,-17.187973022460938,-16.251239776611328,15.384397506713867,-27.81216812133789,19.43466567993164,3.4359703063964844,-1.9055116176605225,0.04581727832555771,-0.051118358969688416,-4.527017593383789,-0.178104966878891,3.8577187061309814,2.8809568881988525,0.22529815137386322,-0.3658289611339569,-1.5395658016204834,-1.3683035373687744,-0.11613696813583374
411,31.567771911621094,7.641543388366699,-8.153749465942383,10.490415573120117,0.20232021808624268,-0.26302480697631836,-30.835437774658203,-10.717101097106934,6.447159290313721,-14.934492111206055,19.58148193359375,5.346166610717773,0.1935245841741562,0.06731633096933365,-0.8011824488639832,-6.387213706970215,-0.5659639835357666,3.0813775062561035,1.4808250665664673,0.292898952960968,-0.06115247309207916,0.9506012201309204,0.39799994230270386,-0.6631135940551758
412,51.560150146484375,10.932738304138184,-16.31526756286621,-20.21108627319336,-18.772539138793945,8.039604187011719,-48.68767547607422,1.5632688999176025,-8.596248626708984,-4.872636795043945,7.598238468170166,2.5547428131103516,2.4692883491516113,0.9192573428153992,0.12913095951080322,-2.1251533031463623,8.297053337097168,-1.2124372720718384,-1.4332795143127441,-0.18145841360092163,-0.417756587266922,5.915427207946777,4.024932384490967,1.4178156852722168
413,37.87358856201172,20.523447036743164,-19.76321792602539,-61.20218276977539,-5.426064968109131,2.0491178035736084,-42.35631561279297,3.962578535079956,-1.5323271751403809,-10.440849304199219,-1.3041630983352661,-0.10065412521362305,1.3632581233978271,-0.33918675780296326,0.23904971778392792,1.0192155838012695,-2.442115068435669,0.5265440344810486,-3.6289992332458496,-0.27891215682029724,0.8705897331237793,7.073685169219971,0.7099412679672241,2.113388776779175
414,28.909467697143555,28.439197540283203,-37.64145278930664,-72.2258071899414,-6.4283447265625,2.481555700302124,-33.09770202636719,4.45690393447876,-5.182572841644287,-10.53607177734375,-0.6963585615158081,-0.1509246826171875,1.80001962184906,-0.10545788705348969,0.1526586413383484,0.21445102989673615,-2.166435480117798,0.6468508243560791,-4.219964027404785,0.22313889861106873,0.47184839844703674,4.742738246917725,0.7426867485046387,1.5567716360092163
415,1.763906478881836,17.8956298828125,-30.583030700683594,-64.61087799072266,-3.9833130836486816,-2.174123525619507,-10.305046081542969,-0.32882750034332275,-0.17908430099487305,-10.437116622924805,-0.5293328762054443,-0.2021961212158203,2.1852762699127197,-0.08584389090538025,0.06747020781040192,-0.6313910484313965,-1.8755916357040405,0.6724584698677063,-3.4715893268585205,0.3402765691280365,0.4021768569946289,-0.2808380722999573,1.2451329231262207,0.372965544462204
416,-4.943607330322266,15.112347602844238,-25.531814575195312,-60.236045837402344,1.0555737018585205,-5.895357131958008,-1.1518831253051758,0.06494736671447754,-1.7457633018493652,2.5334482192993164,-0.43221592903137207,-0.035242557525634766,2.749415874481201,-0.1437290608882904,0.11627182364463806,-1.2978582382202148,-1.698181390762329,0.8626025915145874,-2.5566813945770264,0.04658252000808716,-0.11365550756454468,-1.9180850982666016,-0.7248919606208801,-0.40397578477859497
417,-23.651350021362305,5.129349231719971,-19.986400604248047,-59.26483154296875,7.040955543518066,-10.72500991821289,11.810394287109375,3.2358083724975586,-1.2995997667312622,7.698561668395996,0.21499109268188477,0.01016998291015625,3.1277928352355957,-0.376326322555542,0.13838133215904236,-2.110689163208008,-1.3020416498184204,1.137668490409851,-1.3939515352249146,-0.09260125458240509,-0.15467815101146698,-2.8190255165100098,-0.4363774061203003,-1.0694942474365234
418,-17.848934173583984,-5.729110240936279,-5.362480640411377,-30.93179702758789,11.136220932006836,-8.378430366516113,11.105801582336426,10.474577903747559,-6.024172782897949,8.793827056884766,0.059641122817993164,0.06118011474609375,2.768705129623413,-0.22503849864006042,0.07487253099679947,-1.3793151378631592,-1.3807346820831299,-2.0751254558563232,-0.765964150428772,0.3482719957828522,-0.37181565165519714,-2.4513285160064697,-1.982242465019226,-2.628335475921631
419,-36.88982391357422,9.428572654724121,-9.043984413146973,-25.66934585571289,13.18471908569336,-3.159806251525879,25.816503524780273,-8.021749496459961,6.132562160491943,6.408411026000977,0.5276588201522827,0.2061913013458252,2.189509630203247,-0.1891123503446579,-0.24122992157936096,-0.8140213489532471,-1.3293132781982422,-4.320087909698486,0.7660878896713257,0.0030070869252085686,-0.21543443202972412,-4.929123401641846,-0.1904611736536026,-1.8081188201904297
420,-40.648895263671875,-4.4106340408325195,8.057856559753418,-1.7591571807861328,5.510628700256348,-1.134988784790039,42.66486358642578,-10.215408325195312,8.6242094039917,11.041454315185547,0.596102237701416,-0.03040170669555664,-0.8675626516342163,-0.10794089734554291,0.4808823764324188,4.243000507354736,1.510046362876892,-3.739823579788208,2.5744292736053467,-0.5328900218009949,0.4334760308265686,-7.425586700439453,2.0873818397521973,-3.4074623584747314
421,-46.21523666381836,-2.180473804473877,5.332926273345947,-7.146728515625,-0.6855130195617676,0.2864389419555664,54.03656768798828,-11.52267074584961,22.88254737854004,-32.173519134521484,-20.0,-10.141965866088867,-3.1766958236694336,0.5372970700263977,1.137567162513733,8.5433931350708,0.6632762551307678,-2.48561954498291,1.3223878145217896,-0.712375283241272,0.18833348155021667,-1.740736722946167,7.699265003204346,4.56184196472168
422,-24.305551528930664,-0.5197077989578247,-1.6682530641555786,-14.107170104980469,-0.5644595623016357,0.3558671474456787,26.05787467956543,-9.434853553771973,28.361888885498047,-61.79473114013672,-15.632484436035156,-7.594149112701416,-3.304633378982544,0.07901553064584732,-0.20665106177330017,5.514780044555664,1.200076937675476,-0.7262294292449951,0.960939884185791,-0.33017024397850037,-0.2666891813278198,1.6955151557922363,-2.9650022983551025,0.879995584487915
423,0.045966148376464844,-2.2306904792785645,1.0683772563934326,-6.435892105102539,-0.3731234073638916,0.14283525943756104,-9.153581619262695,-11.855318069458008,27.014419555664062,-81.41899108886719,-19.44817352294922,-1.4305381774902344,-2.335782527923584,-0.01808013767004013,-0.26334989070892334,1.848785638809204,0.7809738516807556,0.6537327766418457,1.5651015043258667,-0.2218812257051468,-0.3745060861110687,0.6482962965965271,-2.473586320877075,0.33877310156822205
424,-8.46226692199707,-7.617120265960693,5.652362823486328,0.1797161102294922,-0.1993616819381714,-0.08382463455200195,5.263011932373047,-8.955484390258789,22.274171829223633,-66.22200775146484,-9.960737228393555,-3.1623053550720215,-2.103454351425171,-0.0515289381146431,0.17904536426067352,0.9188133478164673,0.8848965167999268,1.181667685508728,1.9534934759140015,0.043580204248428345,-0.2822762429714203,0.027021244168281555,-2.1364943981170654,0.5036396980285645
425,-4.226973533630371,-3.386735439300537,2.294820785522461,-1.2301521301269531,-0.3487628996372223,-0.02866506576538086,-2.9736366271972656,-9.965677261352539,19.72495460510254,-58.59663391113281,-0.01331639289855957,-0.01722847670316696,-1.5910648107528687,-0.1807977706193924,0.12216746807098389,-1.3225891590118408,0.07612831890583038,2.714266538619995,2.283853054046631,0.14849098026752472,-0.4210010766983032,-0.6276190876960754,-1.7012593746185303,0.0007617399096488953
426,4.476532936096191,3.6713762283325195,-2.714468479156494,0.4082660675048828,-0.19788134098052979,-0.14667558670043945,-14.709687232971191,-11.884909629821777,15.488601684570312,-39.95880889892578,7.903473854064941,0.3300735354423523,-0.860973596572876,-0.14933374524116516,-0.22470268607139587,-4.042693138122559,-0.3855661153793335,3.475184440612793,2.1619269847869873,0.23245938122272491,-0.3877449631690979,-0.8329261541366577,-1.570603847503662,0.30425751209259033
427,21.02607536315918,5.25587797164917,-4.680572509765625,8.775970458984375,0.15760231018066406,-0.2535829544067383,-19.349220275878906,-10.026761054992676,8.172157287597656,-11.369196891784668,14.961969375610352,3.0467724800109863,0.6622445583343506,0.03980770707130432,-0.339106023311615,-4.910122871398926,-1.209801435470581,3.212841749191284,1.4929052591323853,0.3061128258705139,-0.11615341156721115,0.6268190145492554,-0.9985155463218689,0.013560228049755096
428,28.904003143310547,9.420170783996582,-7.185667037963867,7.2410125732421875,0.33678120374679565,-0.22443771362304688,-29.189199447631836,0.3173331022262573,-5.163293838500977,-3.826064109802246,10.394888877868652,2.7937872409820557,2.3524322509765625,0.41367653012275696,-0.872273862361908,-7.862582683563232,-0.3747963607311249,2.679283380508423,-0.6844801306724548,0.16778551042079926,-0.35653722286224365,4.19509744644165,1.2002179622650146,0.9787800908088684
429,58.68760681152344,19.28966522216797,-22.61155128479004,-64.26041412353516,4.945446968078613,2.673996925354004,-55.504112243652344,9.989006042480469,-7.690938949584961,-5.575702667236328,-0.5095944404602051,0.039320945739746094,1.531297206878662,-0.1558416336774826,0.11192016303539276,1.226161241531372,-2.6121726036071777,0.3213082253932953,-3.285529136657715,-0.19711686670780182,-0.2427833080291748,8.99277114868164,2.1926429271698,1.9497284889221191
430,23.22368812561035,21.978673934936523,-27.970239639282227,-68.75499725341797,-2.97735595703125,0.23671472072601318,-34.06208038330078,2.8225464820861816,-1.5894062519073486,-17.49681282043457,-1.2772603034973145,-0.19980788230895996,1.8757054805755615,-0.2352585643529892,0.18512414395809174,0.28790557384490967,-2.2134296894073486,0.6962565779685974,-3.519605875015259,0.3522869348526001,0.4105355143547058,4.741918563842773,-0.2949158251285553,1.430333137512207
431,-10.942914962768555,15.895147323608398,-27.054262161254883,-75.5548095703125,-3.7612781524658203,-1.2106294631958008,-7.370099067687988,1.3572943210601807,-1.4524049758911133,-8.440433502197266,-0.2889477014541626,-0.13372063636779785,2.0365874767303467,-0.25352418422698975,0.2315489798784256,-0.6187708973884583,-1.8453508615493774,0.6653419733047485,-3.0675272941589355,0.45623642206192017,0.37810030579566956,0.5293479561805725,0.785763680934906,1.026919960975647
432,-22.87973403930664,6.899706840515137,-19.683218002319336,-71.78169250488281,2.1107118129730225,-4.4789347648620605,7.687959671020508,8.811025619506836,-6.171177864074707,4.239187240600586,-0.13344264030456543,-0.09142714738845825,2.365931272506714,-0.3708459734916687,0.2605057954788208,-1.3457844257354736,-1.6050329208374023,0.7357718348503113,-2.1713294982910156,0.5653266310691833,-0.13044440746307373,-0.5500931143760681,-0.5172774195671082,-0.3508598506450653
433,-18.264633178710938,13.895025253295898,-16.808486938476562,-54.611331939697266,9.664008140563965,-12.78836441040039,6.634707927703857,-3.0113120079040527,0.6402539014816284,1.3789806365966797,-0.17105817794799805,-0.0113525390625,2.8639867305755615,-0.6060717701911926,0.2956347167491913,-2.15389084815979,-1.0027596950531006,0.5315133333206177,-0.727954089641571,0.007898258045315742,-0.4696193337440491,-3.15521502494812,-1.9250541925430298,-1.3164938688278198
434,-25.428760528564453,2.7019801139831543,-8.117232322692871,-31.151611328125,15.947799682617188,-7.438470363616943,13.257402420043945,0.7924199104309082,0.7958213090896606,7.208261489868164,0.327547550201416,0.0011963844299316406,2.1838104724884033,-0.5297676920890808,0.31690189242362976,-1.3642361164093018,-1.3416330814361572,-3.367262125015259,-0.13221541047096252,-0.11870194226503372,-0.2529132068157196,-3.9592316150665283,-1.4616550207138062,-3.037266492843628
435,-26.065143585205078,9.824084281921387,-5.926259517669678,-6.217713832855225,12.896655082702637,-2.3623275756835938,28.290626525878906,-8.605107307434082,7.773993492126465,7.999483108520508,0.5343320965766907,0.16533517837524414,0.546087920665741,-0.18964233994483948,0.20513179898262024,1.7572309970855713,-0.07644116878509521,-4.795525550842285,1.6642482280731201,-0.22498127818107605,0.1873171627521515,-6.286365032196045,0.4261600077152252,-3.0584373474121094
436,-56.198787689208984,11.097661972045898,-0.4495077133178711,-7.17347526550293,-0.19400596618652344,0.3950004577636719,61.02232360839844,-21.43332290649414,26.838706970214844,-21.44061851501465,-19.483409881591797,-8.99189567565918,-1.9324486255645752,0.802459180355072,0.6774278283119202,6.2872314453125,2.7416179180145264,-4.325271129608154,2.3365190029144287,-1.047903299331665,-0.10194292664527893,-1.64345383644104,7.544630527496338,3.2354321479797363
437,-35.13459014892578,1.525068759918213,-0.668194055557251,-9.760164260864258,-0.9135539531707764,0.5329437255859375,39.12260437011719,-20.932998657226562,30.404354095458984,-56.98466491699219,-9.694524765014648,-10.220914840698242,-3.1913182735443115,0.8187177777290344,-0.5287208557128906,6.597512722015381,1.3209158182144165,-1.5821996927261353,1.36052405834198,-0.0495830774307251,0.07877272367477417,1.1965259313583374,-2.8349769115448,1.6420406103134155
438,-22.716110229492188,-3.9749014377593994,4.189489841461182,-9.291699409484863,-0.5134327411651611,0.2102784514427185,17.40035629272461,-19.827728271484375,35.063602447509766,-73.8296890258789,-13.181127548217773,-4.386327743530273,-3.4513988494873047,0.48396414518356323,-0.5012601017951965,4.030745506286621,2.0350875854492188,0.4203387200832367,1.7033851146697998,-0.20174777507781982,-0.025134600698947906,0.5466340184211731,-2.461764335632324,0.7944713234901428
439,-20.998306274414062,-6.476681709289551,5.896146297454834,-7.102718353271484,-0.738113284111023,-0.05785775184631348,19.555606842041016,-11.096960067749023,29.288043975830078,-69.99014282226562,0.9081029891967773,-3.1253292560577393,-3.172731399536133,0.530042827129364,-0.17147451639175415,1.0061856508255005,0.9664050340652466,0.9672812819480896,2.514406204223633,-0.039848849177360535,-0.14730380475521088,-0.5456752777099609,-1.9361461400985718,0.4844095706939697
440,-16.129945755004883,-3.9200942516326904,4.020813941955566,-2.206613540649414,-0.44274771213531494,0.007766246795654297,10.640936851501465,-15.8344144821167,25.190948486328125,-56.6456298828125,8.338475227355957,2.019681930541992,-3.2893173694610596,0.2869502902030945,0.014519426971673965,-1.0704526901245117,1.0142688751220703,3.27608060836792,2.7866880893707275,-0.03233356773853302,-0.19720834493637085,-1.1736820936203003,-1.495444655418396,0.0156935453414917
441,10.34446907043457,-2.5954666137695312,0.39207303524017334,2.6522903442382812,-0.23043298721313477,-0.24025869369506836,-21.45840835571289,-8.486650466918945,16.82276725769043,-49.50519561767578,15.500767707824707,3.5749690532684326,-2.1702449321746826,-0.15151375532150269,-0.3655233383178711,-3.8613908290863037,0.4552033245563507,3.60787034034729,2.9913198947906494,-0.059828147292137146,-0.2773929834365845,-1.790984869003296,-1.3228108882904053,0.14516803622245789
442,21.244665145874023,6.896353721618652,-5.310659408569336,8.00764274597168,-0.07072651386260986,-0.24318981170654297,-33.36875534057617,-14.804556846618652,15.520130157470703,-30.264907836914062,20.0,5.184683799743652,-0.733461320400238,0.0890762060880661,-0.48602095246315,-5.874063968658447,-0.6651719212532043,3.6242315769195557,2.716498613357544,0.06072826683521271,-0.05582411587238312,-1.8174766302108765,-1.188805341720581,-0.13978606462478638
443,33.681846618652344,10.372330665588379,-7.874053955078125,12.37778091430664,0.3325626850128174,-0.26549339294433594,-22.335018157958984,0.6181254386901855,-5.793306350708008,5.174664497375488,17.376121520996094,4.944280624389648,1.0564091205596924,0.778893232345581,-1.1023184061050415,-6.603529453277588,-0.9946821928024292,2.6604440212249756,0.10854984819889069,0.16116605699062347,-0.41409119963645935,3.291499376296997,2.1932249069213867,-0.4952671527862549
444,67.99967956542969,13.575156211853027,-23.183448791503906,-39.51423263549805,-19.630691528320312,13.58004093170166,-65.76010131835938,9.991403579711914,-8.635839462280273,-4.884654998779297,-0.5967569351196289,0.3048820495605469,1.8790630102157593,-0.22735348343849182,-0.8754057288169861,-0.11533981561660767,-1.7475351095199585,-7.784406661987305,-3.725255012512207,-0.5684360265731812,-0.8254738450050354,10.827975273132324,3.402822256088257,2.754338026046753
445,39.326446533203125,26.65752410888672,-36.0865364074707,-71.73963928222656,-8.864238739013672,6.103131294250488,-44.20291519165039,4.578103542327881,-2.0960874557495117,-19.780467987060547,-1.602349877357483,-0.3462519645690918,1.8848828077316284,0.12574471533298492,0.20633286237716675,0.3230037987232208,-2.203289031982422,0.3690263628959656,-4.550536155700684,1.0620394945144653,0.6883446574211121,6.642709732055664,0.38433021306991577,1.0916928052902222
446,3.2774219512939453,21.736589431762695,-29.048828125,-67.35357666015625,-11.371186256408691,2.352553606033325,-12.651214599609375,-9.132950782775879,3.335085153579712,-13.45862102508545,-0.5197486877441406,-0.07327771186828613,2.4010775089263916,-0.21513694524765015,0.3086872100830078,-0.6701697111129761,-1.86199152469635,0.8047311305999756,-3.872771978378296,0.08754679560661316,0.41068172454833984,1.5545934438705444,1.2820528745651245,1.8076707124710083
447,-18.678579330444336,19.46603775024414,-23.9663028717041,-62.34145736694336,-7.988081932067871,-0.03161489963531494,6.154211044311523,-4.978370189666748,2.85923433303833,-2.5125293731689453,-0.4085063934326172,-0.26005324721336365,2.6456985473632812,-0.3052232563495636,0.24110960960388184,-1.2912124395370483,-1.6295642852783203,0.6216912865638733,-2.731732130050659,-0.20947685837745667,0.4677179157733917,-1.9128494262695312,0.27426236867904663,0.28394854068756104
448,-31.613340377807617,3.776494264602661,-11.593990325927734,-61.83787536621094,-3.6863930225372314,-4.280824661254883,16.671897888183594,4.743780136108398,-3.6121912002563477,8.305713653564453,-0.13192987442016602,-0.020425915718078613,2.840522050857544,-0.5364335179328918,0.31184181571006775,-1.8310630321502686,-1.4576311111450195,0.7289374470710754,-1.5617276430130005,-0.6143816113471985,-0.11692366003990173,-2.4250314235687256,-2.768287181854248,-0.6787541508674622
449,-36.035030364990234,4.331409931182861,-10.354154586791992,-47.666934967041016,6.872713565826416,-8.599725723266602,19.404537200927734,9.052312850952148,-4.100906848907471,7.64033317565918,0.6441199779510498,-0.006466388702392578,2.481092929840088,-0.27995213866233826,0.10969556868076324,-1.8195029497146606,-1.2261470556259155,-0.37810006737709045,-0.4718354046344757,0.12699884176254272,-0.36620479822158813,-4.136516094207764,-0.3216620683670044,-2.412194013595581
450,-15.66993522644043,-2.447474956512451,-7.0846405029296875,-35.64912033081055,14.950109481811523,-9.07611083984375,8.196617126464844,8.356388092041016,-4.734272003173828,11.569995880126953,0.235243558883667,0.24063348770141602,2.3918638229370117,-0.4138815402984619,0.18568477034568787,-1.495517611503601,-1.1976877450942993,-2.0478429794311523,0.05228669196367264,0.010782716795802116,-0.5976795554161072,-2.848292827606201,-0.5153912901878357,-2.551243782043457
451,-27.64203643798828,1.944183111190796,-2.155789613723755,-15.741683006286621,15.209412574768066,-3.8321542739868164,19.524131774902344,-1.2910279035568237,3.159548759460449,5.484027862548828,0.1658816933631897,0.11928224563598633,1.2862792015075684,-0.3707157373428345,-0.10867493599653244,-0.06855225563049316,-1.1449270248413086,-4.479311943054199,1.119140386581421,-0.012110131792724133,-0.3026633858680725,-4.962762832641602,-0.44898295402526855,-3.511526107788086
452,-42.824222564697266,-0.5259380340576172,5.5475029945373535,-2.4466419219970703,4.396072864532471,-0.7111663818359375,49.70122528076172,-16.77265167236328,13.109872817993164,12.574743270874023,0.7132048606872559,0.1513538360595703,-1.2576465606689453,0.20128634572029114,1.196754813194275,5.211828708648682,2.0657122135162354,-4.36307430267334,3.6273975372314453,-0.47450265288352966,0.7472938895225525,-7.954657554626465,2.0291402339935303,-3.696343183517456
453,-44.623512268066406,0.33339357376098633,1.109971046447754,-9.468093872070312,-0.8668062686920166,0.4814271926879883,54.130653381347656,-11.837058067321777,23.143983840942383,-23.782451629638672,-16.84523582458496,-12.76689338684082,-3.496746301651001,0.4207055866718292,0.30341029167175293,8.650068283081055,0.3797467052936554,-1.7172260284423828,1.6303069591522217,-0.6835992932319641,0.08672253787517548,-0.7978821992874146,5.901182651519775,3.341463565826416
454,-24.924436569213867,-2.2787013053894043,0.06876039505004883,-15.277657508850098,-0.4374427795410156,0.289157897233963,24.414438247680664,-6.859738349914551,29.951833724975586,-60.215179443359375,-10.034114837646484,-7.870994567871094,-3.472196340560913,0.08133593201637268,-0.815471351146698,4.673086166381836,2.301894426345825,0.02271510660648346,0.9678124189376831,-0.23207752406597137,-0.17003574967384338,1.3875253200531006,-2.7316906452178955,0.8816678524017334
455,-16.609777450561523,-2.8020870685577393,4.227081298828125,-8.504293441772461,-0.7845553159713745,0.019805192947387695,17.557004928588867,-11.644224166870117,27.149658203125,-50.540897369384766,-4.06987190246582,-3.57198429107666,-3.1459476947784424,0.07791262120008469,-0.4491357207298279,1.704323410987854,0.6878258585929871,1.154197335243225,1.5784580707550049,-0.21200676262378693,-0.2651466131210327,0.7681472897529602,-2.4741010665893555,0.43391257524490356
456,-9.842977523803711,-7.6600823402404785,6.334460258483887,-3.2602386474609375,-0.42305442690849304,-0.06543922424316406,9.13920783996582,-7.41278076171875,22.12312889099121,-52.81576156616211,7.351154804229736,-1.0549941062927246,-2.4425048828125,-0.09520787000656128,0.17660507559776306,-1.151986837387085,0.08998904377222061,2.857764720916748,2.202183723449707,-0.16667428612709045,-0.27008435130119324,0.033886685967445374,-2.134066104888916,0.0803641602396965
457,0.04147529602050781,0.6606364846229553,-1.2580769062042236,2.143075942993164,-0.17468798160552979,-0.14315319061279297,-7.261490821838379,-6.251765727996826,19.2954044342041,-48.122249603271484,16.256526947021484,-0.15309402346611023,-1.973060131072998,0.26421430706977844,-0.27253493666648865,-2.886794090270996,-0.14759990572929382,4.0670695304870605,2.3692562580108643,0.25214821100234985,-0.4295716881752014,-0.6573177576065063,-1.8052140474319458,0.21959863603115082
458,13.594182968139648,1.000072956085205,-1.221721887588501,5.635335922241211,-0.0718832015991211,-0.3373904228210449,-15.777443885803223,-8.951377868652344,12.793041229248047,-20.09006690979004,20.0,3.8791182041168213,-0.5769952535629272,0.0487605556845665,-0.33044129610061646,-4.794502258300781,-1.2135816812515259,3.7345871925354004,2.481391191482544,0.2674877643585205,-0.2164696455001831,-0.5828373432159424,-1.8538328409194946,-0.18672984838485718
459,31.71820640563965,11.282194137573242,-8.515472412109375,8.28348159790039,0.33800208568573,-0.2890176773071289,-27.51862335205078,-3.993692636489868,-2.2173638343811035,0.7438335418701172,15.641997337341309,3.490565538406372,1.1433545351028442,0.4295040965080261,-0.8906196355819702,-7.335158824920654,-0.5809155702590942,2.4742002487182617,-0.6085964441299438,0.13434645533561707,-0.25490689277648926,4.610723495483398,1.5567864179611206,0.5516995787620544
460,66.48503875732422,16.90929412841797,-23.421783447265625,-70.2254409790039,6.9901123046875,1.84981369972229,-62.715370178222656,11.550968170166016,-8.271272659301758,-8.096847534179688,-0.6629023551940918,0.1015024185180664,1.9092406034469604,-0.2775039076805115,0.24719443917274475,1.1014882326126099,-2.5682711601257324,0.11285808682441711,-2.9081931114196777,-0.5358123183250427,-0.3966411352157593,8.493483543395996,2.6445112228393555,2.0344154834747314
461,21.156246185302734,38.53589630126953,-40.89995574951172,-81.86965942382812,-5.121135711669922,2.5529062747955322,-37.180118560791016,-3.081808567047119,1.402416706085205,-14.988691329956055,-1.290907382965088,-0.23124217987060547,1.9197882413864136,-0.09330426901578903,0.23267927765846252,0.17831596732139587,-2.228118896484375,0.7257468700408936,-4.07643985748291,0.4612404704093933,0.7066882252693176,5.231753349304199,0.32255104184150696,1.6111468076705933
462,-0.8690767288208008,26.34889793395996,-28.302406311035156,-81.7824935913086,-2.2674560546875,-2.305328130722046,-13.769472122192383,-3.632430076599121,-0.03996157646179199,-8.183684349060059,-0.42633748054504395,-0.16013550758361816,2.2200045585632324,-0.31437766551971436,0.3756946325302124,-0.9121200442314148,-1.739638328552246,1.0348889827728271,-3.965219736099243,-0.06723267585039139,0.4616866409778595,1.7164480686187744,0.9609622955322266,0.9582821130752563
463,-15.603460311889648,15.92992877960205,-22.73712921142578,-64.56621551513672,-0.04496264457702637,-4.03040885925293,6.285714149475098,1.5643033981323242,-1.2053136825561523,-0.3624386787414551,-0.3001998960971832,-0.0904274582862854,2.7432076930999756,-0.30263853073120117,0.2257714867591858,-1.6027507781982422,-1.537118911743164,0.748587965965271,-2.578212261199951,0.02152014523744583,0.22952227294445038,-1.0261882543563843,-0.25616997480392456,0.5029044151306152
464,-19.916175842285156,11.926122665405273,-18.220338821411133,-58.26899719238281,8.417911529541016,-9.653312683105469,7.2997565269470215,3.9306936264038086,-3.241860866546631,3.7978830337524414,-0.008540093898773193,-0.08205151557922363,3.1377251148223877,-0.2482517957687378,0.22146347165107727,-2.3484692573547363,-1.1057170629501343,1.0703233480453491,-1.3330183029174805,0.11261376738548279,-0.3003859519958496,-3.1482837200164795,-0.3131762444972992,-1.0430799722671509
465,-29.378822326660156,5.238529205322266,-6.865906715393066,-37.18077850341797,11.78272533416748,-7.823308944702148,16.380666732788086,-1.4141621589660645,1.4936387538909912,7.261933326721191,0.1527227759361267,0.02974700927734375,2.7703747749328613,-0.26935920119285583,0.30945032835006714,-2.0149967670440674,-1.098224401473999,-2.046511173248291,-0.35185638070106506,-0.1392017900943756,-0.15229013562202454,-4.399949550628662,-0.24620409309864044,-1.8645380735397339
466,-30.968347549438477,0.21366268396377563,2.2113280296325684,-8.037639617919922,15.012219429016113,-4.131194114685059,31.017656326293945,-7.813454627990723,6.901000022888184,8.086523056030273,0.21935111284255981,0.02424907684326172,0.960597574710846,-0.17178358137607574,0.3094675838947296,1.103924036026001,0.11692199110984802,-4.851712226867676,1.4533910751342773,-0.7397568225860596,0.08180448412895203,-6.887833595275879,-0.3064531087875366,-2.9382622241973877
467,-46.7131233215332,-1.8582069873809814,4.724817276000977,-5.175884246826172,-0.22133588790893555,0.3454132080078125,51.09046173095703,-10.581597328186035,10.733110427856445,17.733135223388672,0.5317273139953613,0.015960693359375,-1.4031469821929932,-0.17854255437850952,0.7997690439224243,5.747379779815674,1.971636414527893,-4.519375324249268,3.1606295108795166,-1.6133242845535278,-0.5369057655334473,-1.671689510345459,8.141403198242188,-0.45018649101257324
468,-47.54209899902344,3.9239566326141357,-0.15391939878463745,-12.725282669067383,-0.9451860189437866,0.5562038421630859,45.53300476074219,-17.12259864807129,25.245391845703125,-34.217918395996094,-18.75196075439453,-11.562056541442871,-3.7358994483947754,0.36934468150138855,-0.03371419012546539,7.053156852722168,0.7188706994056702,-1.3303253650665283,0.8743326663970947,-0.27578204870224,0.41129064559936523,1.2860057353973389,-2.3131375312805176,4.478056907653809
469,-31.11539077758789,-1.2770030498504639,1.7253520488739014,-11.229811668395996,-0.5557174682617188,0.19735461473464966,40.04142761230469,-24.866212844848633,37.034610748291016,-66.93999481201172,-1.1928038597106934,-5.66792106628418,-3.735445022583008,0.3393782675266266,-0.3533039689064026,4.14824104309082,1.6479543447494507,0.20244762301445007,1.6184090375900269,-0.019719228148460388,-0.011781349778175354,0.5538044571876526,-2.278613567352295,0.5234415531158447
470,-8.636518478393555,-5.256675720214844,3.775721549987793,-4.0634050369262695,-0.46178364753723145,0.04987645149230957,8.906357765197754,-9.833226203918457,28.214801788330078,-65.47175598144531,-4.373598098754883,-3.05908465385437,-3.139737129211426,0.06833970546722412,-0.4486274719238281,1.7884199619293213,1.010623574256897,1.8523662090301514,2.4276978969573975,-0.04744035005569458,-0.1884765923023224,-0.32307446002960205,-1.9841909408569336,0.3701956868171692
471,-3.3476200103759766,-0.381436288356781,1.2187594175338745,-7.0061845779418945,-0.5163084268569946,-0.07921552658081055,-4.410069465637207,-10.495738983154297,17.776344299316406,-41.88768768310547,6.220802307128906,0.5852160453796387,-2.3485825061798096,0.04349144175648689,-0.3256918787956238,-2.7381482124328613,0.4272076487541199,3.198955535888672,2.554112195968628,0.017312273383140564,-0.19266130030155182,-0.7920470237731934,-1.6680389642715454,-0.028566718101501465
472,17.87771987915039,-1.4099417924880981,0.06364631652832031,5.247249603271484,-0.11698806285858154,-0.2200465202331543,-26.26856803894043,-5.273584365844727,9.30637264251709,-33.180992126464844,12.366291999816895,0.75423663854599,-0.8629994988441467,-0.16664645075798035,-0.2762114405632019,-5.264758110046387,-0.6265069842338562,3.9210267066955566,2.5049405097961426,0.005441337823867798,-0.023341119289398193,-0.835167407989502,-1.7568166255950928,0.2547594904899597
473,33.29780578613281,5.438778400421143,-4.547171592712402,11.643129348754883,0.38846123218536377,-0.3330564498901367,-29.82893180847168,3.7347187995910645,-6.214343070983887,-5.211065769195557,13.069186210632324,2.882876396179199,0.7927654385566711,0.45191213488578796,-0.4512964189052582,-6.082098960876465,-0.41807812452316284,2.950261354446411,0.5285300016403198,0.2125784158706665,-0.1781085580587387,2.5117459297180176,0.48155438899993896,-0.2749807834625244
474,43.9886360168457,10.02346420288086,-13.321233749389648,-12.313650131225586,-10.888751029968262,4.701092720031738,-46.486236572265625,4.915355682373047,-6.9763898849487305,-5.130592346191406,0.07342767715454102,0.2770540714263916,2.282683849334717,0.6888209581375122,0.04840320348739624,-2.293748378753662,8.883859634399414,-3.1376442909240723,-2.157968044281006,-0.3094014525413513,-1.0919324159622192,7.549770355224609,3.38214373588562,2.023557186126709
475,26.740175247192383,19.87946891784668,-25.5008544921875,-71.53526306152344,-6.923820495605469,3.767383575439453,-35.39832305908203,0.6269038319587708,1.7421419620513916,-12.313873291015625,-1.366070032119751,-0.27820873260498047,1.7672560214996338,-0.262819766998291,0.5623072385787964,0.7839094400405884,-2.519925594329834,0.6035560369491577,-3.1080703735351562,0.025310397148132324,0.9262682795524597,6.4504804611206055,-0.7010994553565979,1.1979544162750244
476,5.418224334716797,9.8254976272583,-23.405372619628906,-75.49747467041016,-3.549002170562744,1.8524127006530762,-21.942729949951172,12.811614990234375,-9.425911903381348,-11.955991744995117,-0.5189842581748962,-0.03524971008300781,1.7132446765899658,-0.28295549750328064,0.26677677035331726,-0.05948871374130249,-2.013216733932495,0.5742912888526917,-3.1980371475219727,0.568978488445282,0.06019771471619606,2.3271429538726807,-0.35560134053230286,0.7008073329925537
477,0.03922843933105469,15.927988052368164,-24.53205680847168,-62.54244613647461,3.093472957611084,-5.977049827575684,-5.867194175720215,0.6512045860290527,-1.2322533130645752,-3.3401687145233154,-0.39270544052124023,-0.08398814499378204,2.5076634883880615,-0.4585276246070862,0.30152374505996704,-0.9606918096542358,-1.7351813316345215,1.2710357904434204,-2.0879786014556885,0.39843910932540894,-0.1671573370695114,-0.4994647204875946,-2.0145740509033203,-0.0945572480559349
478,-13.625885009765625,14.190230369567871,-21.065338134765625,-52.43088912963867,8.275449752807617,-10.21867561340332,1.5963854789733887,-2.162538528442383,0.38738298416137695,2.457620620727539,0.2655292749404907,-0.043184518814086914,2.7474801540374756,-0.40607523918151855,0.5196250081062317,-1.6032055616378784,-1.3741225004196167,1.346936821937561,-1.5657457113265991,0.3818335235118866,-0.14916568994522095,-2.1841161251068115,-0.24758711457252502,-1.129757046699524
479,-25.38736915588379,5.476861476898193,-9.027457237243652,-28.001802444458008,14.847091674804688,-6.188137531280518,17.46831512451172,-3.1091461181640625,2.817491054534912,2.5280895233154297,-0.17443561553955078,-0.01914358139038086,2.2920610904693604,-0.3110593557357788,0.06309914588928223,-0.8854711055755615,-1.6537480354309082,-3.2185444831848145,0.18842613697052002,0.07415395975112915,-0.3137844204902649,-5.5915422439575195,-2.0660338401794434,-2.734682083129883
480,-40.21352767944336,1.2989799976348877,0.8746581077575684,-14.53103256225586,11.325478553771973,-3.117182731628418,35.13292694091797,-7.5528950691223145,6.437066555023193,10.222003936767578,0.570843517780304,0.11451435089111328,0.7011262774467468,-0.1724284291267395,0.31171709299087524,1.6492383480072021,-0.3471253514289856,-4.216279983520508,2.103161573410034,-0.2981184124946594,0.07003288716077805,-8.733543395996094,-0.1139930710196495,-3.616244077682495
481,-50.86159896850586,-1.8101130723953247,5.3679656982421875,-4.776769638061523,-0.08743953704833984,0.27829456329345703,58.723838806152344,-14.895235061645508,18.086956024169922,-28.361888885498047,-17.219623565673828,-10.197382926940918,-1.566623330116272,1.1298469305038452,1.252198576927185,6.218012809753418,2.45386004447937,-3.6090409755706787,1.226304054260254,0.6607297658920288,0.6975195407867432,1.4255473613739014,-2.92164945602417,1.0785995721817017
482,-35.1628532409668,-2.1546764373779297,0.6688333749771118,-8.789482116699219,-0.8940044641494751,0.4557633399963379,32.84433364868164,-18.804054260253906,31.799583435058594,-49.236385345458984,-8.642975807189941,-4.901520729064941,-3.1477601528167725,0.14212839305400848,-0.1736023724079132,6.905056476593018,0.8388545513153076,-0.8954085111618042,1.135223627090454,-0.15583941340446472,-0.015303216874599457,1.3332756757736206,-2.6623620986938477,0.5953388214111328
483,-28.723228454589844,-5.52194881439209,5.199474334716797,-11.488774299621582,-0.5730855464935303,0.09684509038925171,25.31845474243164,-14.978035926818848,33.69089889526367,-81.23876953125,-5.771130561828613,-1.766066312789917,-3.1138644218444824,0.027519475668668747,-0.00077078677713871,3.444589376449585,1.628328800201416,0.19923904538154602,1.9989147186279297,-0.03382880985736847,-0.12224046885967255,-9.933486580848694e-05,-2.110440254211426,0.5055345892906189
484,-12.614066123962402,-2.3743929862976074,1.8719907999038696,-5.279651641845703,-0.5196123123168945,0.09922456741333008,3.4654550552368164,-11.500415802001953,27.672569274902344,-69.7627182006836,-1.1548495292663574,0.6098178029060364,-3.0955798625946045,-0.14548422396183014,-0.4509449601173401,0.9089651107788086,1.219292402267456,2.275726795196533,2.4334495067596436,0.07811367511749268,-0.4319300055503845,-0.9336550831794739,-1.612977147102356,0.003705047070980072
485,4.047456741333008,1.521362543106079,0.01366281509399414,-1.3045530319213867,-0.34161829948425293,-0.1526508331298828,-18.339414596557617,-14.742097854614258,24.585304260253906,-59.07773971557617,0.9526739120483398,3.4525089263916016,-2.3707501888275146,-0.20497789978981018,-0.2833215594291687,-2.0733301639556885,0.5143680572509766,2.9369726181030273,2.434380292892456,0.020390301942825317,-0.4206991195678711,-1.3618007898330688,-1.3280764818191528,-0.024744480848312378
486,15.515096664428711,2.409183979034424,-2.3154501914978027,3.167661666870117,-0.17873477935791016,-0.18527650833129883,-23.12731170654297,-11.533498764038086,13.089622497558594,-27.114200592041016,13.00481128692627,2.298614978790283,-0.9153387546539307,-0.187249094247818,-0.20559929311275482,-4.694385528564453,-0.8343507647514343,3.507389783859253,2.3351712226867676,0.13219334185123444,-0.09083075821399689,-1.3166850805282593,-1.38148832321167,0.052914321422576904
487,24.009357452392578,8.317403793334961,-5.964025974273682,8.764915466308594,0.2906128764152527,-0.26921939849853516,-21.865123748779297,-5.197189807891846,0.5947006940841675,-8.679533004760742,19.39767074584961,5.745331764221191,0.40749692916870117,0.46333828568458557,-0.5075110793113708,-5.914312839508057,-0.44019922614097595,2.8510634899139404,0.7914225459098816,0.211689755320549,-0.427532434463501,1.2978167533874512,0.6469029188156128,-0.48357874155044556
488,51.25391387939453,20.18212890625,-15.419644355773926,12.08840560913086,0.3038637638092041,-0.053623199462890625,-45.14069747924805,0.1271539330482483,-3.637308120727539,-0.2364654541015625,2.549149513244629,0.8017635345458984,3.0366413593292236,1.117288589477539,0.4145275354385376,-2.21000337600708,7.563796520233154,-2.062674045562744,-2.040147304534912,0.08077454566955566,-0.5618140697479248,8.159180641174316,5.122057914733887,3.1137444972991943
489,37.420719146728516,22.095354080200195,-26.930511474609375,-67.554931640625,-6.317090034484863,5.051462173461914,-46.158836364746094,-3.7725272178649902,2.6401190757751465,-15.734691619873047,-1.8549058437347412,-0.4091644287109375,1.5241117477416992,-0.28080397844314575,0.337371289730072,0.5951633453369141,-2.2544355392456055,0.34107720851898193,-3.62593412399292,-0.2874997556209564,1.1017526388168335,7.086124420166016,-0.5437201857566833,1.634926438331604
490,11.213583946228027,18.925737380981445,-29.50535011291504,-78.04186248779297,-3.5079922676086426,1.2209123373031616,-22.949373245239258,8.20868968963623,-8.070016860961914,-11.293027877807617,-0.3878675699234009,-0.06387853622436523,1.8373305797576904,-0.1456603854894638,0.180010125041008,-0.31643906235694885,-1.8883018493652344,0.6917786598205566,-3.6659581661224365,0.07851390540599823,0.19083385169506073,3.285245895385742,0.9873469471931458,1.2922130823135376
491,-3.869701385498047,9.299521446228027,-22.729820251464844,-55.14775466918945,1.2899198532104492,-1.9465750455856323,-4.951519012451172,-0.7251564264297485,0.9329092502593994,-8.33174991607666,-0.5282905101776123,-0.1699512004852295,2.223933219909668,-0.2862224280834198,0.32757487893104553,-1.0766019821166992,-1.6142868995666504,0.7605404853820801,-2.8175792694091797,0.06027469038963318,0.6500993371009827,-1.025152564048767,0.5745948553085327,0.6274532675743103
492,3.000920295715332,3.728975296020508,-15.499682426452637,-46.54143524169922,9.506162643432617,-8.219490051269531,-7.763093948364258,10.401881217956543,-8.918733596801758,3.18142032623291,-0.39736413955688477,-0.018637776374816895,2.6312599182128906,-0.30707740783691406,0.41901350021362305,-1.5254517793655396,-1.242066740989685,1.1529074907302856,-2.4544053077697754,0.21609583497047424,-0.23681001365184784,-1.654510736465454,-1.5364216566085815,-0.7495445013046265
493,-16.052671432495117,7.670621395111084,-13.909653663635254,-36.21913528442383,13.628992080688477,-8.305870056152344,8.313162803649902,-1.9274413585662842,1.0890291929244995,3.4660511016845703,0.1865243911743164,0.008889198303222656,2.5267763137817383,-0.3658025860786438,0.2952759265899658,-1.446498990058899,-1.2787480354309082,-1.2519561052322388,-1.4684245586395264,-0.1323612928390503,-0.4089016914367676,-3.5185201168060303,-0.7206021547317505,-1.70181405544281
494,-25.259971618652344,0.23837852478027344,-9.341268539428711,-27.050128936767578,17.342256546020508,-5.728803634643555,17.893239974975586,4.238739967346191,-0.24801954627037048,8.197879791259766,0.2008512020111084,0.035326480865478516,2.3814408779144287,-0.22305476665496826,0.2212890088558197,-1.1376430988311768,-1.5778295993804932,-3.2931923866271973,-0.24182450771331787,0.4140767455101013,0.11367170512676239,-4.809350967407227,-0.7347956299781799,-3.299652338027954
495,-38.91436767578125,5.332393646240234,0.5156575441360474,-12.040670394897461,14.029875755310059,-3.144974708557129,36.682579040527344,-11.744064331054688,7.792901039123535,10.247566223144531,0.4141230881214142,0.20103025436401367,0.2506655156612396,-0.16262805461883545,0.3237101435661316,2.265202760696411,0.2320421189069748,-4.274272441864014,1.6140652894973755,-0.5331407189369202,-0.0025638281367719173,-7.410489559173584,0.20581413805484772,-3.5085673332214355
496,-53.15276336669922,-2.74168062210083,6.4195404052734375,-3.5466270446777344,-0.35129880905151367,0.2807340621948242,63.9608268737793,-15.024628639221191,24.390884399414062,-42.77345275878906,-20.0,-10.297185897827148,-2.316779375076294,0.6880172491073608,1.1953717470169067,8.44933032989502,1.576305866241455,-3.4910526275634766,3.0089731216430664,-0.728479266166687,0.0037889480590820312,-2.4856276512145996,8.358880996704102,2.427630662918091
497,-37.93410110473633,-0.3655729293823242,-0.6198058128356934,-13.307548522949219,-0.7326641082763672,0.41748738288879395,41.01685333251953,-17.14592170715332,35.08457946777344,-68.96560668945312,-11.88613224029541,-9.103388786315918,-3.3166422843933105,0.4196763038635254,-0.5908703207969666,6.946830749511719,2.2638306617736816,-1.8974885940551758,1.6793657541275024,0.025576859712600708,-0.2487950325012207,0.7307220101356506,-2.64851713180542,1.1016170978546143
498,-27.861621856689453,-8.938472747802734,7.994542598724365,-11.177132606506348,-0.7502694129943848,0.21264392137527466,24.64315414428711,-15.696574211120605,35.48463439941406,-71.65213012695312,-11.852306365966797,-1.5551536083221436,-3.5492565631866455,-0.11663353443145752,0.10460110008716583,3.6722378730773926,2.373817205429077,0.4156538248062134,2.105224132537842,-0.05075971782207489,-0.07312408834695816,-0.09140761941671371,-2.1038310527801514,0.5026530027389526
499,-5.105531692504883,-4.450286388397217,3.3019566535949707,-5.181318283081055,-0.5796337127685547,0.047181129455566406,-4.975612640380859,-9.201241493225098,22.8677978515625,-58.97307586669922,-7.531593322753906,1.1631600856781006,-3.546663999557495,-0.5112749934196472,0.13597866892814636,1.0845869779586792,1.298399806022644,2.286616563796997,2.1394753456115723,-0.16461211442947388,-0.20305126905441284,-0.5428462624549866,-1.8973125219345093,0.19453713297843933
500,1.1144447326660156,-1.8247196674346924,1.8442981243133545,-1.2095346450805664,-0.49845683574676514,-0.1564474105834961,-4.202145576477051,-12.600932121276855,20.488445281982422,-60.06125259399414,5.433074951171875,2.5411534309387207,-2.2691309452056885,-0.35972505807876587,0.39523953199386597,-1.8853988647460938,-0.7639997005462646,3.2546114921569824,2.868218183517456,0.023422911763191223,-0.27102500200271606,-1.4136031866073608,-1.484067440032959,-0.12511515617370605
501,1.0293817520141602,3.704329013824463,-2.701329469680786,2.5796194076538086,0.03876423090696335,-0.1883411407470703,-7.548457145690918,-13.125436782836914,12.487309455871582,-29.944019317626953,12.56658935546875,3.801162004470825,-1.969643473625183,0.04528200998902321,0.08143246918916702,-3.1290953159332275,0.06527633219957352,4.121946811676025,2.652869462966919,0.3874008357524872,-0.2504628300666809,-1.4961216449737549,-1.2761030197143555,-0.14413416385650635
502,13.133892059326172,-0.2504420280456543,-1.3199362754821777,7.365083694458008,0.026806235313415527,-0.3209228515625,-15.735444068908691,-12.011587142944336,12.089858055114746,-17.16778564453125,20.0,4.992035865783691,-0.9383120536804199,-0.3982858657836914,-0.07103388011455536,-4.032490253448486,-0.5244792103767395,4.069058418273926,2.4143030643463135,0.2504653036594391,-0.003404751420021057,-1.0458385944366455,-1.1649785041809082,-0.8068980574607849
503,30.26386833190918,12.239250183105469,-8.89845085144043,7.677753448486328,0.17953848838806152,-0.28560638427734375,-28.21748161315918,-9.983567237854004,1.227372646331787,-11.425521850585938,20.0,5.3201727867126465,1.0536084175109863,0.128986656665802,-0.5911372303962708,-6.544797420501709,-0.9674790501594543,3.546565055847168,0.8763723969459534,0.07217717170715332,-0.35209155082702637,1.8937982320785522,0.5066688060760498,0.7665197253227234
504,56.28351593017578,22.82907485961914,-17.68323516845703,14.267772674560547,0.6079191565513611,-0.2204735279083252,-52.792362213134766,0.5594398975372314,-4.811224460601807,-2.0090675354003906,1.3314409255981445,0.39032793045043945,3.6242871284484863,1.3611741065979004,-0.5679247379302979,-6.0168256759643555,3.8800086975097656,-0.08271312713623047,-2.8175747394561768,0.09136739373207092,-1.020873785018921,9.527091026306152,6.054809093475342,3.639725685119629
505,57.41769027709961,25.64667510986328,-29.818492889404297,-59.173545837402344,-6.480235576629639,6.738351345062256,-56.31964874267578,-5.441272735595703,5.465320110321045,-21.509815216064453,-2.214240789413452,-0.5327787399291992,1.3312264680862427,-0.5002859830856323,0.057157762348651886,1.0998600721359253,-2.3297362327575684,0.016012370586395264,-4.318410873413086,-0.49320000410079956,1.0177710056304932,7.443179130554199,-0.16413889825344086,1.4843120574951172
506,6.2177276611328125,21.475276947021484,-23.55453109741211,-60.69422912597656,-4.957220554351807,2.200497627258301,-14.330924987792969,-0.1660311222076416,-2.165177345275879,-15.517243385314941,-0.5381457805633545,-0.12548184394836426,1.7820954322814941,-0.27679064869880676,0.21333308517932892,0.21815724670886993,-2.1856954097747803,0.44062578678131104,-3.8085362911224365,-0.2902619540691376,0.9707414507865906,1.5513505935668945,1.142557978630066,1.0775753259658813
507,-2.519083023071289,13.770609855651855,-22.314224243164062,-64.20814514160156,-2.9025444984436035,-1.5211125612258911,-3.4406347274780273,6.437338829040527,-6.011994361877441,-0.38211512565612793,-0.45666879415512085,-0.015461206436157227,2.3845722675323486,-0.20126628875732422,0.2348630726337433,-0.46691638231277466,-2.0367908477783203,0.5049241781234741,-2.9743528366088867,-0.1802160143852234,0.3032670319080353,-0.6061892509460449,-0.49676263332366943,1.0798920392990112
508,-23.354755401611328,24.526243209838867,-26.399227142333984,-67.20188903808594,3.383357524871826,-6.767894268035889,9.148469924926758,-2.344210624694824,1.3433258533477783,4.088323593139648,0.016437232494354248,-0.18661439418792725,2.6507368087768555,-0.2477351278066635,0.09572547674179077,-1.2367013692855835,-1.8594048023223877,0.8063623905181885,-1.8568018674850464,-0.27544474601745605,0.11909951269626617,-2.8137447834014893,-0.489454984664917,-0.5735479593276978
509,-23.157562255859375,2.690065383911133,-13.247642517089844,-50.93436050415039,10.575248718261719,-12.12706470489502,8.678014755249023,8.70387077331543,-4.77041482925415,9.78114128112793,0.19816863536834717,-0.0028624534606933594,2.602034330368042,-0.3936413526535034,0.24335211515426636,-1.706148624420166,-1.3857970237731934,1.0765244960784912,-1.5245578289031982,-0.09064294397830963,0.08041170984506607,-2.3285140991210938,-0.5948469638824463,-2.243412494659424
510,-19.688262939453125,-3.584400177001953,-4.52152681350708,-25.779497146606445,15.373839378356934,-7.404512405395508,13.025197982788086,3.9419684410095215,-2.413874864578247,5.422117233276367,0.034963369369506836,0.23456025123596191,2.1866884231567383,-0.40363165736198425,0.18006251752376556,-0.9840946197509766,-1.571008324623108,-2.5556552410125732,-0.5662259459495544,-0.36366692185401917,-0.2553025484085083,-3.4657235145568848,-1.6446784734725952,-1.8946683406829834
511,-29.819211959838867,-2.324770450592041,5.261569976806641,-2.935260772705078,9.619450569152832,-2.522191047668457,34.41178512573242,-5.498720645904541,5.321538925170898,5.116954803466797,0.396012544631958,0.08537006378173828,0.2331445962190628,0.014390823431313038,0.38003116846084595,2.7792418003082275,0.13318771123886108,-4.381819725036621,1.7775237560272217,-0.2592531442642212,0.09322288632392883,-7.826725959777832,-0.37685030698776245,-2.191728115081787
512,-52.92889404296875,1.2516086101531982,3.679593086242676,-5.369499206542969,-0.3537485599517822,0.33693790435791016,66.89993286132812,-20.666011810302734,24.458452224731445,-33.970123291015625,-20.0,-9.316967964172363,-2.3675873279571533,0.8481174111366272,1.106441855430603,8.537860870361328,1.4054604768753052,-3.459527015686035,2.3909456729888916,-0.5038211345672607,0.06246580183506012,-1.908604621887207,8.455620765686035,0.7638604640960693
513,-35.25258255004883,3.2501113414764404,-2.0607471466064453,-14.922115325927734,-0.8164017200469971,0.44252729415893555,39.17213439941406,-21.07773208618164,32.54313659667969,-57.14872741699219,-7.948892116546631,-7.784972190856934,-3.0131330490112305,0.39635878801345825,-0.6978592276573181,6.182322025299072,1.2447301149368286,-1.670060634613037,1.557149887084961,-0.12255026400089264,-0.18989267945289612,1.3811923265457153,-2.925999164581299,0.540151059627533
514,-21.62704849243164,-2.220438003540039,3.087834596633911,-8.9701566696167,-0.5671501159667969,0.21410782635211945,14.402960777282715,-19.168949127197266,35.02229309082031,-78.72596740722656,-11.47891616821289,-3.072366237640381,-3.3582301139831543,0.3248872458934784,-0.5297433137893677,3.477766275405884,1.3796755075454712,0.06913361698389053,1.8174597024917603,-0.012708812952041626,-0.12330212444067001,0.4025707244873047,-2.399712085723877,0.4844364523887634
515,-11.950310707092285,-11.98853588104248,9.458072662353516,-2.9711732864379883,-0.4058189392089844,-0.013891935348510742,7.618191719055176,-8.836910247802734,26.950281143188477,-77.42169189453125,-4.276935577392578,-0.7869418859481812,-3.053474187850952,-0.13544321060180664,0.17368975281715393,1.2210919857025146,1.2661184072494507,1.6644487380981445,2.433062791824341,-0.11168348789215088,-0.160810187458992,-0.5030620694160461,-2.0031068325042725,0.3414284288883209
516,1.6355953216552734,-0.5304494500160217,-0.7045364379882812,-3.4493675231933594,-0.4280538558959961,-0.014395713806152344,-13.263799667358398,-6.324722766876221,17.078702926635742,-60.12224197387695,5.098013401031494,1.641018033027649,-2.2661988735198975,-0.07953707873821259,-0.36837074160575867,-2.29996919631958,0.42201748490333557,3.3352770805358887,2.669527769088745,0.1959175020456314,-0.3721241354942322,-1.3443108797073364,-1.4962632656097412,-0.15879100561141968
517,13.564943313598633,0.7525451183319092,-0.4411765933036804,3.5219173431396484,-0.24914932250976562,-0.2281351089477539,-18.035974502563477,-12.718576431274414,10.29700756072998,-27.608016967773438,16.969356536865234,3.2764523029327393,-0.7219642400741577,-0.19558364152908325,-0.10502487421035767,-4.9094414710998535,-1.4789096117019653,4.199607849121094,2.7484099864959717,0.1993640512228012,-0.07163481414318085,-1.3534210920333862,-1.4772520065307617,-0.060350775718688965
518,12.028002738952637,3.820061206817627,-2.0310630798339844,11.584406852722168,0.3700140714645386,-0.3574638366699219,-14.168410301208496,-14.013279914855957,7.0274338722229,-21.28946876525879,20.0,6.228045463562012,-0.0880989357829094,0.26062339544296265,-0.03613996133208275,-4.1601104736328125,-0.789465069770813,3.7290029525756836,2.7187204360961914,0.32996079325675964,-0.18924404680728912,-1.2047357559204102,-1.5239386558532715,-0.26929688453674316
519,13.965583801269531,4.259252071380615,-3.154252290725708,8.5003023147583,0.23967039585113525,-0.36542367935180664,-9.326754570007324,-8.073465347290039,1.0325040817260742,-0.42398738861083984,20.0,4.711239814758301,0.4750344157218933,0.5194506049156189,0.031185336410999298,-4.001029968261719,-0.5906670689582825,2.1214852333068848,0.6753664612770081,0.12713856995105743,-0.2789064347743988,2.441287040710449,0.48801708221435547,-0.27384334802627563
520,44.05099105834961,9.36672592163086,-15.51795768737793,-11.570623397827148,-12.401389122009277,5.402291774749756,-40.04171371459961,2.285769462585449,-6.968409538269043,-8.679668426513672,10.118551254272461,3.0741426944732666,2.1562726497650146,1.0295391082763672,0.04514443129301071,-1.1956912279129028,7.306044101715088,-2.389774799346924,-1.4902355670928955,-0.03446973115205765,-0.43893182277679443,6.189342021942139,3.6408231258392334,1.2485204935073853
521,41.74956512451172,15.13863754272461,-17.968050003051758,-60.708683013916016,-1.5847158432006836,17.252859115600586,-50.25128936767578,8.514097213745117,-5.186209678649902,-11.050434112548828,-1.3029606342315674,-0.04123258590698242,0.9412959218025208,-0.4148247241973877,0.07397793233394623,1.3318583965301514,-2.4779467582702637,0.7725801467895508,-4.216859817504883,-0.2443678379058838,0.3732012212276459,7.815737247467041,0.8442049026489258,2.0703673362731934
522,11.746305465698242,23.967039108276367,-30.265666961669922,-71.8389892578125,-9.019037246704102,3.099076271057129,-17.91335678100586,0.664287805557251,-1.3832695484161377,-13.485431671142578,-0.6597943305969238,-0.16825342178344727,1.719552755355835,-0.20098908245563507,0.15146464109420776,0.4225979447364807,-2.268367052078247,0.6308688521385193,-3.564157485961914,0.031449925154447556,0.4424775540828705,3.069573402404785,0.9152876138687134,1.9473567008972168
523,-1.410573959350586,13.29466438293457,-23.366783142089844,-71.68122863769531,-2.876237154006958,-0.37095141410827637,-10.005970001220703,5.785991668701172,-4.176347732543945,-4.716589450836182,-0.6152509450912476,-0.20764398574829102,2.0788450241088867,-0.31848347187042236,0.15691301226615906,-0.4299015700817108,-1.9486416578292847,0.7206373810768127,-3.179330825805664,0.16168257594108582,0.26178231835365295,0.2290554940700531,-1.0096107721328735,0.4281819760799408
524,-22.63311767578125,14.361993789672852,-21.422529220581055,-70.538818359375,3.3172152042388916,-3.7125589847564697,6.612943649291992,1.6897673606872559,-2.05985951423645,0.8420324325561523,0.10090935230255127,-0.03929653763771057,2.282031774520874,-0.33888378739356995,0.15263043344020844,-1.267201542854309,-1.6114674806594849,0.5148782134056091,-2.177021026611328,0.05782681331038475,-0.15387095510959625,-2.884000539779663,0.385571151971817,-0.22953693568706512
525,-6.954631805419922,7.237092971801758,-9.415443420410156,-38.38603973388672,10.993476867675781,-10.192245483398438,5.209481716156006,2.549673080444336,-1.6385194063186646,8.094965934753418,-0.06050074100494385,-0.02904677391052246,2.8682777881622314,-0.685992419719696,0.3485336899757385,-1.7103439569473267,-1.2564400434494019,1.0199729204177856,-1.2473937273025513,-0.2225441336631775,-0.05936998873949051,-2.557321548461914,-0.9512069821357727,-1.4508347511291504
526,-38.105255126953125,8.41105842590332,-9.615582466125488,-32.94330596923828,13.736429214477539,-5.384771347045898,26.667774200439453,-1.8413994312286377,1.7336033582687378,4.90814208984375,0.19558918476104736,0.052313804626464844,2.4963581562042236,-0.13847611844539642,0.12904812395572662,-1.1353647708892822,-1.6504795551300049,-2.906259298324585,0.8208692073822021,0.011864082887768745,-0.4149347245693207,-6.576005935668945,-0.5429758429527283,-2.5555927753448486
527,-44.05071258544922,1.2841535806655884,2.779820680618286,-9.344118118286133,8.869943618774414,-2.4492034912109375,45.40007781982422,-6.466536045074463,6.791075229644775,17.45269775390625,0.7218267917633057,0.08001470565795898,0.19726477563381195,0.17312443256378174,0.18752959370613098,3.0212600231170654,0.36386343836784363,-4.0398173332214355,2.690199613571167,-0.12583042681217194,0.03192983195185661,-7.127049446105957,1.0395387411117554,-3.551267623901367
528,-50.390045166015625,-3.302572727203369,5.135950088500977,-5.698905944824219,-0.43799424171447754,0.33361148834228516,60.622894287109375,-23.568349838256836,19.72825813293457,-54.02796936035156,4.563788414001465,-8.239129066467285,-2.260098934173584,1.123599886894226,0.6145076155662537,7.557262420654297,1.2646796703338623,-2.662882089614868,1.7072943449020386,0.21364454925060272,0.18766918778419495,1.9561035633087158,-2.2247180938720703,0.5746757984161377
529,-43.00014877319336,-7.3420515060424805,4.98907995223999,-14.225486755371094,-0.8068156242370605,0.31067514419555664,41.959075927734375,-14.687609672546387,35.5888786315918,-57.58182907104492,-2.6567392349243164,-5.731271266937256,-3.280461072921753,0.24844680726528168,0.027935851365327835,5.281029224395752,1.453065037727356,-0.5656758546829224,1.7389618158340454,0.026876509189605713,-0.23401084542274475,0.5535618662834167,-2.3382484912872314,0.43962764739990234
530,-13.033097267150879,-7.02774715423584,3.774435520172119,-7.4576263427734375,-0.4113616943359375,0.15902209281921387,4.708215713500977,-12.24250602722168,31.358638763427734,-74.74500274658203,-5.5281662940979,-1.411344289779663,-2.968482732772827,-0.5852054357528687,-0.2779124975204468,1.9015696048736572,2.20749831199646,1.5864325761795044,2.2055132389068604,-0.01765584945678711,-0.14192375540733337,-0.33515653014183044,-1.98504638671875,0.2276257574558258
531,-17.67235565185547,-3.6657068729400635,5.599666595458984,-3.054044485092163,-0.6758142709732056,-0.20500421524047852,11.657709121704102,-10.154638290405273,23.80661964416504,-61.08078384399414,1.733043909072876,1.276938796043396,-3.2229056358337402,-0.16408129036426544,0.4263029098510742,0.4010906517505646,0.8185729384422302,1.596054196357727,2.4563605785369873,0.1992754489183426,-0.291273832321167,-0.9878320097923279,-1.5350638628005981,0.07592152059078217
532,-0.39147377014160156,8.271832466125488,-5.910159111022949,-3.948781967163086,-0.44071435928344727,-0.011174201965332031,-3.0125370025634766,-15.869409561157227,19.85028648376465,-30.243467330932617,8.459210395812988,0.9556339979171753,-2.190218925476074,-0.05756240338087082,-0.29980507493019104,-3.0914340019226074,-0.08260059356689453,2.4484610557556152,2.7005152702331543,0.3368977904319763,-0.2799542248249054,-1.1771442890167236,-1.4606375694274902,0.09025777876377106
533,21.536853790283203,4.380758285522461,-3.7679877281188965,7.938907623291016,0.0740964412689209,-0.10781478881835938,-31.333646774291992,-15.024276733398438,16.690317153930664,-32.31559753417969,15.688789367675781,4.949643135070801,-0.7656651735305786,-0.1594533920288086,-0.43576088547706604,-4.825009822845459,-0.651016116142273,3.5034525394439697,2.652423620223999,0.20889194309711456,-0.1728055477142334,-1.2288602590560913,-1.5372412204742432,-0.2264648675918579
534,44.14160919189453,12.940284729003906,-10.746845245361328,9.887683868408203,0.33373868465423584,-0.2352156639099121,-44.481693267822266,-1.8147978782653809,-0.4929049015045166,-5.901642799377441,11.13571834564209,3.098367214202881,1.5638556480407715,0.5356265902519226,-0.7894769906997681,-7.846899032592773,-0.8674725890159607,2.6279873847961426,-0.42002344131469727,0.12250430881977081,-0.1265665888786316,3.67325758934021,1.4434101581573486,1.4003288745880127
535,58.033329010009766,26.061906814575195,-32.95893478393555,-39.402565002441406,-20.0,13.711153030395508,-59.789276123046875,-3.8774473667144775,-1.1923036575317383,-6.182445526123047,-0.525937557220459,-0.0002646446228027344,1.4558441638946533,0.004694879055023193,-0.005109306424856186,0.6702221035957336,-3.9283359050750732,2.470489978790283,-3.676337718963623,-0.7860418558120728,-0.33620142936706543,9.497461318969727,2.7639167308807373,3.32055926322937
536,42.501644134521484,29.890193939208984,-42.463165283203125,-66.86564636230469,-8.496319770812988,3.4059553146362305,-44.58598327636719,-0.5295819044113159,1.1147475242614746,-18.92812728881836,-1.468505859375,-0.43360090255737305,1.8275262117385864,0.010258428752422333,0.015463054180145264,0.4798695147037506,-2.3228392601013184,0.5163756608963013,-3.963376998901367,0.27600201964378357,1.1567065715789795,5.17384147644043,-0.06495989114046097,1.4883387088775635
537,-14.830060958862305,18.00587272644043,-26.89103889465332,-79.44474792480469,-10.391146659851074,3.9483697414398193,-1.4491291046142578,-3.993893623352051,0.3442263603210449,-9.483190536499023,-0.2595958709716797,-0.13390469551086426,2.2020742893218994,-0.14742228388786316,0.16503429412841797,-0.6785764098167419,-1.7999513149261475,0.19629895687103271,-3.0778071880340576,-0.32539042830467224,0.9308747053146362,0.06622031331062317,1.2208510637283325,1.2150015830993652
538,-9.05712604522705,13.720067977905273,-20.466001510620117,-62.3355827331543,-0.545346736907959,-3.371126413345337,-0.26294994354248047,3.538607597351074,-4.296889305114746,2.3383922576904297,-0.3278578519821167,-0.12763673067092896,2.6415553092956543,-0.2154000699520111,0.32635635137557983,-1.3043934106826782,-1.6573365926742554,0.5866878032684326,-2.3735902309417725,-0.5818803310394287,0.2747969925403595,-1.3580280542373657,-0.057393960654735565,-0.4019258916378021
539,-20.071420669555664,2.4727864265441895,-11.692892074584961,-46.3669548034668,8.853764533996582,-10.51663875579834,8.509401321411133,9.724442481994629,-6.096649169921875,3.4104509353637695,-0.19538354873657227,0.05260300636291504,2.6877634525299072,-0.17674192786216736,0.17394039034843445,-1.7284603118896484,-1.2951537370681763,0.5164764523506165,-1.3012579679489136,-0.2743203043937683,-0.4680376946926117,-3.4992032051086426,-1.6773844957351685,-1.2563644647598267
540,-30.057968139648438,1.9195839166641235,-12.97248649597168,-40.616004943847656,13.342843055725098,-7.956904888153076,17.7557315826416,2.4372522830963135,0.29503774642944336,8.584342956542969,0.40153205394744873,0.06881403923034668,2.248013496398926,-0.08783212304115295,0.00950343906879425,-1.3153843879699707,-1.3547192811965942,-2.167055606842041,-0.11565190553665161,-0.2640559673309326,-0.5223990082740784,-4.902008533477783,-0.5333153605461121,-1.7810734510421753
541,-21.351329803466797,-6.97027587890625,2.4244887828826904,-5.9760661125183105,13.77132511138916,-3.5458831787109375,23.900238037109375,0.5283678770065308,1.7899959087371826,11.111581802368164,0.5642828941345215,0.129990816116333,1.014121651649475,-0.3295523226261139,0.024890266358852386,1.1604496240615845,-0.4988093972206116,-3.289712905883789,0.8868622779846191,-0.3394871652126312,-0.07630132138729095,-4.904016494750977,1.6667006015777588,-1.584635615348816
542,-32.24021911621094,-4.40264368057251,6.559263229370117,-2.4503040313720703,1.7209241390228271,-0.285153865814209,34.779510498046875,-9.596832275390625,8.236714363098145,9.884788513183594,0.07454633712768555,-0.05652952194213867,-0.8941963911056519,-0.14212718605995178,0.9897030591964722,5.195865154266357,1.9412232637405396,-3.695215940475464,2.344181537628174,-0.9557587504386902,-0.09388130903244019,-1.857534408569336,7.117941379547119,1.79875648021698
543,-39.88811111450195,-3.793914794921875,2.251506805419922,-7.261371612548828,-0.8382588624954224,0.3985002040863037,42.8947639465332,-18.14931297302246,25.74959373474121,-65.14799499511719,-5.529707431793213,-8.003783226013184,-2.877793788909912,0.1437181979417801,0.2910316586494446,7.311014652252197,0.44949084520339966,-1.6768500804901123,0.655931830406189,0.09192867577075958,0.20081840455532074,1.6735279560089111,-2.7981345653533936,0.9741544723510742
544,-39.46883010864258,0.9768868684768677,2.068746566772461,-13.673059463500977,-0.7342724800109863,0.20649641752243042,46.83613967895508,-24.567365646362305,35.686058044433594,-63.264068603515625,-2.9679431915283203,-3.473325729370117,-3.1424057483673096,0.2665339708328247,0.13580553233623505,4.548928737640381,0.5368108153343201,-0.19290010631084442,1.6817070245742798,0.08861751854419708,-0.17914018034934998,0.564810574054718,-2.237367868423462,0.3507118225097656
545,-13.17912483215332,-2.0981030464172363,0.8811582326889038,-6.132240295410156,-0.34190690517425537,0.1156163215637207,3.9734954833984375,-12.447558403015137,32.68996810913086,-75.5299072265625,-6.9097442626953125,-0.18795448541641235,-3.212367534637451,-0.13388404250144958,-0.49103111028671265,1.9043890237808228,1.055816888809204,1.263211965560913,2.049708604812622,0.06973245739936829,-0.4002279043197632,-0.3742099106311798,-1.8045936822891235,-0.023470450192689896
546,-8.643277168273926,-6.711759567260742,5.628145694732666,-1.134803295135498,-0.36390650272369385,-0.046048641204833984,5.744956970214844,-14.28306770324707,27.589998245239258,-63.81378936767578,5.926831245422363,0.982168972492218,-2.7159831523895264,-0.5147455930709839,0.003112323582172394,-0.16461943089962006,0.5765758752822876,3.305294990539551,2.4992051124572754,0.10913997888565063,-0.177316814661026,-1.0258636474609375,-1.4782203435897827,-0.07749809324741364
547,2.840121269226074,9.948806762695312,-6.009186744689941,-1.4568519592285156,-0.21843111515045166,-0.21300745010375977,-8.724870681762695,-14.54305362701416,18.711711883544922,-39.922481536865234,7.073938369750977,1.1009712219238281,-1.844751238822937,0.15200363099575043,-0.5401909947395325,-2.8731133937835693,0.6653012037277222,3.2254083156585693,2.652008056640625,0.40240293741226196,-0.29363369941711426,-1.3618048429489136,-1.2785531282424927,0.12473221123218536
548,11.229940414428711,1.4911526441574097,0.33458346128463745,5.435823440551758,-0.20725810527801514,-0.30916833877563477,-16.562288284301758,-14.683478355407715,10.299980163574219,-21.18558692932129,15.55256462097168,3.170109272003174,-0.8188049793243408,0.1438085287809372,0.08581693470478058,-4.394291877746582,-0.9335477948188782,2.8653719425201416,2.5185372829437256,0.22258658707141876,-0.0827019065618515,-1.1204020977020264,-1.4355803728103638,-0.051246047019958496
549,30.034269332885742,7.228492736816406,-6.483252048492432,9.21788215637207,0.31610703468322754,-0.18512725830078125,-32.065330505371094,-4.1038737297058105,-0.2400287389755249,-13.344074249267578,15.810006141662598,4.2430925369262695,0.7704044580459595,0.4749550223350525,-0.33204764127731323,-6.135448932647705,-0.7960488200187683,2.6591742038726807,1.0600879192352295,0.14560960233211517,-0.32465291023254395,1.301517367362976,0.06851288676261902,0.6649408340454102
550,43.53200912475586,15.827848434448242,-17.915037155151367,-8.326700210571289,-11.666025161743164,5.155684471130371,-41.93759536743164,-0.24545377492904663,-5.00775671005249,-1.0842628479003906,4.438637733459473,1.1050419807434082,1.906834602355957,1.5196181535720825,0.3380168378353119,-1.7842351198196411,8.479357719421387,-3.5789904594421387,-2.145261764526367,-0.08075589686632156,-0.7876834869384766,7.365453243255615,4.303947925567627,2.7213997840881348
551,51.049842834472656,20.520553588867188,-23.02960968017578,-50.4168701171875,-4.587759971618652,-1.045119047164917,-50.673118591308594,1.377483606338501,-0.03687548637390137,-15.285430908203125,-1.6418919563293457,-0.33217334747314453,1.265722393989563,-0.448036253452301,0.19675412774085999,1.2185699939727783,-2.693084239959717,1.0175496339797974,-3.8583247661590576,-0.26419663429260254,0.8789675235748291,7.456357479095459,-0.4350939691066742,1.611022710800171
552,29.037734985351562,19.080934524536133,-31.956968307495117,-67.10350799560547,-2.755920886993408,-0.023301005363464355,-31.94207000732422,6.082577705383301,-6.325526714324951,-14.695289611816406,-0.6292353272438049,-0.09534192085266113,1.9558042287826538,-0.1080208569765091,0.23831111192703247,0.3131839632987976,-2.2418811321258545,0.7044575214385986,-3.756065845489502,0.22831906378269196,0.4183852970600128,2.9197778701782227,0.37940195202827454,1.1819887161254883
553,-25.517623901367188,14.992271423339844,-28.8071231842041,-82.90837097167969,-4.9492716789245605,-0.4734320044517517,5.560001373291016,-0.21251016855239868,0.652519702911377,-3.2870051860809326,-0.18412232398986816,-0.17066162824630737,2.0373973846435547,-0.3148021697998047,0.1778487265110016,-0.7809745073318481,-1.7771128416061401,0.4700124263763428,-2.9536263942718506,0.13247674703598022,0.5298991203308105,-0.9678723812103271,0.9704805612564087,0.1615590900182724
554,-24.503158569335938,14.710789680480957,-20.523605346679688,-66.1643295288086,-1.7197966575622559,-5.026952743530273,15.090076446533203,3.5383825302124023,-3.224926710128784,7.444526672363281,0.055118441581726074,-0.0032023191452026367,2.500688076019287,-0.3496820330619812,0.11543945968151093,-1.3035783767700195,-1.651203989982605,0.6721735000610352,-1.5308525562286377,0.08704909682273865,-0.006881266832351685,-1.948744535446167,0.6050586700439453,-0.5151611566543579
555,-6.061161994934082,9.827770233154297,-17.50846290588379,-46.04951858520508,6.722938537597656,-11.286639213562012,-1.5638413429260254,5.18269681930542,-4.423663139343262,6.763270378112793,-0.14676392078399658,0.06062436103820801,2.856766939163208,-0.30454790592193604,0.21679189801216125,-1.6619046926498413,-1.2427372932434082,1.2199777364730835,-1.0669206380844116,0.1856996864080429,-0.49959877133369446,-1.5980809926986694,-0.8082870244979858,-1.2752143144607544
556,-29.70658302307129,1.4934041500091553,-6.02310037612915,-35.09392547607422,11.618363380432129,-7.514413833618164,15.591594696044922,-4.570603370666504,4.312000274658203,1.6800117492675781,-0.138092041015625,-0.0047454833984375,2.2852530479431152,-0.4881163239479065,0.11094590276479721,-1.2437632083892822,-1.369724988937378,-2.8203134536743164,0.14416828751564026,-0.39984360337257385,-0.14429178833961487,-4.606165885925293,-2.639557123184204,-2.4126086235046387
557,-36.626190185546875,-2.161979913711548,5.1780686378479,-4.2900872230529785,5.996501445770264,-1.7550392150878906,35.3961067199707,-5.480634689331055,5.398264408111572,8.337657928466797,0.6145256757736206,0.1320047378540039,-0.11080789566040039,-0.13307419419288635,0.28401923179626465,2.618650197982788,0.3495168685913086,-4.18025541305542,1.8466559648513794,-0.3573116064071655,0.23897457122802734,-7.657910346984863,-0.8891394734382629,-2.593796968460083
558,-45.480674743652344,-0.3671610951423645,4.388130187988281,-5.494350433349609,-0.4488985538482666,0.31372785568237305,53.30685806274414,-12.480534553527832,19.561452865600586,-29.116037368774414,-16.250072479248047,-6.969311714172363,-1.8331784009933472,0.33321866393089294,0.50544273853302,6.547848224639893,0.34328481554985046,-3.5385961532592773,2.2109768390655518,-0.8362956047058105,-0.22306731343269348,-1.8190022706985474,7.43215274810791,1.6396563053131104
559,-29.496990203857422,-1.1339068412780762,1.307281255722046,-9.149242401123047,-0.46570301055908203,0.4629157781600952,25.447002410888672,-20.3890323638916,28.06377601623535,-63.303009033203125,-9.751912117004395,-6.640480041503906,-3.218601703643799,0.2359955608844757,-0.12567982077598572,6.526665210723877,0.8585315346717834,-0.37415632605552673,1.0169117450714111,-0.14579170942306519,-0.07445511221885681,1.347737193107605,-2.7371132373809814,0.7140450477600098
560,-15.198394775390625,-10.01572322845459,7.336503982543945,-5.4105377197265625,-0.24570512771606445,-0.027071967720985413,14.686641693115234,-9.617813110351562,30.242183685302734,-82.47657775878906,-13.513469696044922,-1.9699320793151855,-2.842383861541748,0.057699140161275864,0.35788798332214355,4.854150772094727,2.142024278640747,-0.07346967607736588,1.8785303831100464,-0.12604093551635742,-0.2401345670223236,0.3166753947734833,-2.346259832382202,0.5791124701499939
561,-16.34522247314453,-5.325002670288086,4.77574348449707,-7.693719863891602,-0.7178322076797485,0.04996895790100098,9.397745132446289,-12.86206340789795,27.785354614257812,-73.19220733642578,-4.363492965698242,2.3917272090911865,-2.638906955718994,-0.18460461497306824,0.7826403379440308,1.7363274097442627,0.9636185169219971,1.6002706289291382,2.351823329925537,-0.10623683035373688,-0.28290101885795593,-0.5758983492851257,-1.809631586074829,0.10006614029407501
562,-5.650665283203125,3.7300593852996826,-3.8509464263916016,-6.603127479553223,-0.5859922766685486,0.0026688575744628906,-6.920191764831543,-12.612387657165527,21.652990341186523,-62.30971145629883,1.3524060249328613,5.126890659332275,-1.9114813804626465,-0.08276914805173874,-0.010233009234070778,-2.4808897972106934,-0.2920863926410675,2.8114914894104004,2.5951197147369385,0.24295692145824432,-0.3657701015472412,-1.4312949180603027,-1.214417815208435,-0.12775060534477234
563,2.480076789855957,1.6163791418075562,-1.4442462921142578,5.581141471862793,-0.03168153762817383,-0.14181900024414062,-8.858236312866211,-13.336216926574707,17.852249145507812,-36.51651382446289,13.735767364501953,3.192992925643921,-1.5232130289077759,-0.12737493216991425,-0.37684696912765503,-3.0331594944000244,-0.6208329200744629,4.030645847320557,2.567805290222168,0.3798328638076782,-0.30514174699783325,-1.5885157585144043,-1.1637754440307617,-0.13678237795829773
564,6.674139976501465,8.227822303771973,-4.9112324714660645,3.6540584564208984,-0.0335695743560791,-0.2975273132324219,-8.399084091186523,-19.938459396362305,15.299003601074219,-14.869571685791016,20.0,4.476613521575928,-0.3311764895915985,0.050849735736846924,-0.3325743079185486,-5.179825305938721,-0.7149985432624817,3.8821730613708496,2.3942384719848633,0.3530612885951996,0.13119381666183472,-1.0896124839782715,-1.3430267572402954,1.0932605266571045
565,33.810020446777344,9.17686939239502,-7.964176654815674,11.698707580566406,0.39559435844421387,-0.2809720039367676,-31.024887084960938,-8.127449989318848,1.4311622381210327,-8.905109405517578,19.073829650878906,4.189176082611084,1.4295434951782227,0.21052280068397522,-1.0449786186218262,-6.533664703369141,-0.30555960536003113,3.0817642211914062,0.33160704374313354,0.03918972238898277,-0.2997542917728424,2.548933506011963,1.045772671699524,0.8626827001571655
566,56.26361846923828,17.447956085205078,-27.26108169555664,-30.52967643737793,-20.0,9.025575637817383,-58.49739456176758,4.754735469818115,-7.086029052734375,-3.780902862548828,-0.25948047637939453,0.1483302116394043,2.515738010406494,1.5722709894180298,0.6076631546020508,-2.371028423309326,6.918332576751709,-2.263704538345337,-3.141761541366577,0.10010668635368347,-0.7585119605064392,9.668231964111328,3.5979342460632324,3.5283493995666504
567,29.423320770263672,27.197437286376953,-28.236202239990234,-61.487003326416016,-12.878386497497559,19.168107986450195,-36.26128387451172,-5.5672173500061035,4.216907978057861,-18.79920196533203,-1.4076260328292847,-0.43924522399902344,1.2488222122192383,-0.23146408796310425,0.016950391232967377,0.959067165851593,-2.2097361087799072,-1.0531413555145264,-3.9761195182800293,0.00959930568933487,0.9103016257286072,6.434817790985107,1.2075530290603638,2.3037757873535156
568,-7.018231391906738,20.727405548095703,-26.745010375976562,-75.30144500732422,-12.78438663482666,4.90757942199707,-6.910011291503906,-0.6457143425941467,-1.2841600179672241,-11.846612930297852,-0.7422509789466858,-0.22880959510803223,1.7875772714614868,-0.13656440377235413,0.1383766084909439,-0.15746591985225677,-1.9063551425933838,0.2331668734550476,-3.0565218925476074,-0.11372502148151398,0.4755915105342865,1.1889475584030151,-0.10333546251058578,1.3083540201187134
569,-9.194389343261719,16.170368194580078,-21.087600708007812,-65.34353637695312,-6.588655471801758,-1.8099671602249146,-1.590071678161621,1.871840000152588,-1.7037360668182373,0.033927202224731445,-0.1909785270690918,-0.16866649687290192,2.112391471862793,-0.3029817044734955,0.2542693316936493,-0.8494371771812439,-1.7094128131866455,0.6385296583175659,-2.550940990447998,-0.19238893687725067,0.49992144107818604,-0.5925851464271545,-0.6453547477722168,-0.0648089200258255
570,-26.821779251098633,8.025260925292969,-17.60906219482422,-61.797401428222656,-1.3618688583374023,-6.084104537963867,15.538920402526855,3.8416640758514404,-2.566622495651245,4.437633514404297,0.18340659141540527,-0.030000925064086914,2.647526741027832,-0.39668628573417664,0.2267947494983673,-1.6000515222549438,-1.544054388999939,0.7083852887153625,-0.8709593415260315,-0.31508326530456543,0.04248226061463356,-2.7509098052978516,-0.3848435580730438,-1.2565704584121704
571,-10.586660385131836,-2.0704407691955566,-6.1852922439575195,-25.11026382446289,9.052911758422852,-6.844263076782227,1.8176155090332031,8.664963722229004,-5.618045806884766,5.4544878005981445,-0.03861069679260254,0.13833379745483398,1.9518153667449951,-0.30689743161201477,0.16716882586479187,-0.8632218837738037,-1.4017927646636963,-1.1174428462982178,-0.882645308971405,-0.16119539737701416,-0.46338528394699097,-2.8225138187408447,-1.2087701559066772,-1.7626233100891113
572,-30.57375717163086,1.9178632497787476,-0.2111261487007141,-7.775712966918945,9.402290344238281,-2.7880845069885254,29.544391632080078,-9.385937690734863,7.828352928161621,0.9622268676757812,-0.0074405670166015625,0.028258800506591797,0.6127507090568542,0.04172778129577637,0.08913300186395645,1.6760714054107666,-0.5352050065994263,-3.9817545413970947,1.5668553113937378,-0.3342339098453522,-0.1840074360370636,-8.206196784973145,-2.1673083305358887,-2.4219729900360107
573,-36.30919647216797,1.0187225341796875,4.9411797523498535,-1.962554931640625,0.04077339172363281,0.21980667114257812,44.29579162597656,-13.567451477050781,18.29483413696289,-19.91973114013672,-19.646886825561523,7.466254234313965,-1.1094074249267578,0.7099769711494446,1.2880933284759521,7.128861904144287,1.668013095855713,-4.290640354156494,1.908159852027893,-0.6493049263954163,0.20951783657073975,-1.7723554372787476,8.814669609069824,4.308560371398926
574,-40.94032669067383,-5.555848121643066,3.126896381378174,-12.115257263183594,-0.9445350766181946,0.5011632442474365,38.17096710205078,-16.331636428833008,27.55013656616211,-64.11125183105469,-3.9894351959228516,-10.449278831481934,-2.6634585857391357,-0.005152598023414612,-0.07038756459951401,6.915229320526123,0.2423151582479477,-1.4847195148468018,1.1445858478546143,-0.09013745933771133,0.1367545872926712,1.4479212760925293,-2.8962128162384033,1.2254080772399902
575,-34.44499206542969,-2.1052656173706055,3.8240349292755127,-12.655296325683594,-0.6375879049301147,0.18566401302814484,32.0234489440918,-18.715190887451172,31.526535034179688,-70.78746795654297,-3.883841037750244,-4.7293853759765625,-2.997486114501953,0.1062287837266922,-0.001189541071653366,4.063305377960205,0.5660714507102966,0.17512176930904388,1.8228870630264282,0.08685056865215302,-0.10107187926769257,0.37010282278060913,-2.2507827281951904,0.6918789744377136
576,-16.45575714111328,-1.362473726272583,1.4144656658172607,-6.683826446533203,-0.34740328788757324,0.13576650619506836,7.869391441345215,-17.22869873046875,32.05772399902344,-75.72643280029297,1.0974557399749756,2.549177646636963,-2.8580291271209717,-0.07032687962055206,-0.31831955909729004,0.9673469662666321,1.6551343202590942,2.7440056800842285,2.366849899291992,0.16650307178497314,-0.30258435010910034,-0.7209503054618835,-1.6408945322036743,-0.09701557457447052
577,-2.9141149520874023,-0.07683241367340088,1.4068098068237305,-2.0032191276550293,-0.46249449253082275,-0.20649337768554688,-8.562407493591309,-12.085797309875488,19.069520950317383,-55.32776641845703,7.848846912384033,3.846951723098755,-2.5306568145751953,-0.05405570566654205,-0.3676426112651825,-1.5460729598999023,0.829343855381012,3.3362042903900146,2.46747088432312,0.22001223266124725,-0.45686405897140503,-1.2424691915512085,-1.3989648818969727,0.21118423342704773
578,11.975156784057617,1.7761223316192627,-2.045867443084717,3.808804512023926,-0.21532535552978516,-0.2378401756286621,-19.790752410888672,-8.86883544921875,14.09626579284668,-40.16831970214844,12.227128982543945,2.6507318019866943,-1.2076706886291504,0.11199556291103363,-0.6634763479232788,-3.4554879665374756,-0.7681528329849243,3.479107141494751,2.731383800506592,0.4839749336242676,-0.4257693290710449,-1.650553822517395,-1.2529643774032593,-0.028001457452774048
579,10.224172592163086,4.532151222229004,-1.5464377403259277,6.583339691162109,0.0860133171081543,-0.31522083282470703,-18.258094787597656,-18.199966430664062,11.091963768005371,-18.50902557373047,18.998531341552734,4.46234655380249,-0.6055858135223389,0.366068571805954,-0.042511820793151855,-4.438455581665039,-0.885493278503418,3.0202996730804443,2.219010829925537,0.41741353273391724,-0.16313868761062622,-1.204283356666565,-1.2540085315704346,-0.39311182498931885
580,32.68325424194336,4.407906532287598,-5.16832160949707,10.297281265258789,0.3745516538619995,-0.2500782012939453,-25.90781021118164,-0.9903011322021484,-2.3898727893829346,-1.9328317642211914,16.870100021362305,4.833741188049316,1.2096489667892456,0.41348692774772644,-0.3508976101875305,-5.919065952301025,-0.843159019947052,2.0278985500335693,-0.16645102202892303,0.10894094407558441,-0.3778730034828186,3.1841633319854736,1.3797757625579834,-0.3539399802684784
581,60.914825439453125,14.51370906829834,-21.923748016357422,-27.57680320739746,-16.450162887573242,10.087018013000488,-57.49039840698242,9.827669143676758,-9.258606910705566,-5.097446441650391,-0.23008155822753906,0.3084135055541992,1.5190691947937012,0.6463527679443359,-0.2646368443965912,1.2363322973251343,-2.141566276550293,-7.866016387939453,-3.3380212783813477,0.24564024806022644,-0.7682172656059265,9.265802383422852,4.562481880187988,3.086817741394043
582,43.19757843017578,28.357152938842773,-39.52120590209961,-64.19542694091797,-9.05059814453125,5.294774532318115,-45.924293518066406,-5.926123142242432,4.123330116271973,-16.342605590820312,-1.596091389656067,-0.40584611892700195,1.1999891996383667,0.06615182757377625,0.18256786465644836,1.194631576538086,-2.516698122024536,0.3283756971359253,-4.747554779052734,0.4990881681442261,0.8071186542510986,7.485697269439697,1.3223835229873657,1.8554071187973022
583,5.659677505493164,21.685277938842773,-34.66548156738281,-82.50398254394531,-6.4698028564453125,3.3476428985595703,-19.15937614440918,-5.037022590637207,1.0109717845916748,-18.052486419677734,-0.9329497814178467,-0.18940377235412598,1.7989375591278076,-0.10842796415090561,0.14057272672653198,-0.1854706108570099,-1.9640885591506958,0.5787124633789062,-3.95941162109375,0.07778287678956985,0.5851210355758667,0.24738480150699615,1.4203368425369263,1.3541077375411987
584,0.9283037185668945,16.942195892333984,-27.75531578063965,-75.67521667480469,3.804443359375,-4.40167760848999,-6.935369491577148,2.4401967525482178,-3.6147780418395996,2.1367130279541016,-0.49112191796302795,-0.16925323009490967,2.6406192779541016,-0.2725543975830078,0.34732234477996826,-1.2841074466705322,-1.6668274402618408,0.8346365690231323,-3.2303459644317627,-0.24408003687858582,0.18008680641651154,-1.4148508310317993,-0.24311986565589905,-0.6510522365570068
585,-30.791292190551758,15.79239559173584,-19.487655639648438,-65.17423248291016,3.0854954719543457,-6.7310333251953125,17.319549560546875,-2.0417544841766357,2.127671957015991,5.836817741394043,0.0500335693359375,0.037032485008239746,2.9858615398406982,-0.5157555341720581,0.32895103096961975,-2.116596221923828,-1.3803306818008423,0.8282955884933472,-1.7039690017700195,-0.428482323884964,0.4565645158290863,-3.5998494625091553,-0.6543340682983398,-0.5232951045036316
586,-27.78363037109375,3.117976427078247,-10.14838695526123,-37.955345153808594,11.931220054626465,-7.9092206954956055,19.48052215576172,4.694268226623535,-2.747912883758545,9.726570129394531,0.24197840690612793,0.02267313003540039,2.839949369430542,-0.3849567174911499,0.12163091450929642,-1.8392843008041382,-1.1749557256698608,-1.4114890098571777,-0.23516938090324402,-0.4937728941440582,-0.16448897123336792,-4.602096080780029,-0.8223044872283936,-1.587910771369934
587,-35.88374328613281,-0.43910932540893555,1.5911014080047607,-15.946037292480469,10.27841854095459,-2.9020180702209473,27.038982391357422,0.12735915184020996,1.7046377658843994,10.221555709838867,0.2956012487411499,0.08418083190917969,1.8536158800125122,-0.37574541568756104,0.05639275163412094,-0.617089569568634,-1.2139636278152466,-3.2796289920806885,0.8642126321792603,-0.45492812991142273,0.04451274871826172,-5.780975341796875,-0.927426815032959,-2.0320582389831543
588,-39.82307434082031,-4.424921035766602,8.031161308288574,-2.860227584838867,5.391816139221191,-1.3707447052001953,44.092987060546875,-5.627225399017334,6.029064655303955,15.36113166809082,0.8282597064971924,-0.0005950927734375,-0.693888783454895,-0.20478643476963043,0.3595077395439148,4.266878128051758,1.4711962938308716,-3.0358150005340576,2.396578550338745,-0.8326593637466431,0.032802462577819824,-3.2302327156066895,6.510993957519531,-1.6767024993896484
589,-40.52587890625,-3.6009488105773926,3.4049055576324463,-5.662269592285156,-0.5888645648956299,0.25850915908813477,48.16295623779297,-17.810989379882812,21.975507736206055,-55.631404876708984,-0.026643753051757812,-8.116270065307617,-2.923114061355591,0.6590935587882996,0.3494184613227844,7.941777229309082,1.3455603122711182,-2.0809309482574463,0.9005719423294067,0.1032121405005455,0.02796989679336548,1.4617035388946533,-2.7614002227783203,1.3985226154327393
590,-31.699237823486328,-1.9002549648284912,2.1681365966796875,-14.184073448181152,-0.7517619132995605,0.24477362632751465,36.31402587890625,-19.69025230407715,33.46493911743164,-53.81570816040039,-5.926159858703613,-5.22412633895874,-2.837502956390381,0.07930848002433777,-0.12966811656951904,4.597584247589111,1.3229246139526367,-0.6875860691070557,1.6445070505142212,-0.10902872681617737,-0.17114263772964478,0.8289014101028442,-2.491833448410034,0.5195640921592712
591,-19.381114959716797,-5.005852699279785,4.336778163909912,-7.877840042114258,-0.5585530996322632,0.12129664421081543,14.249796867370605,-8.732601165771484,27.65522575378418,-68.05452728271484,-4.998848915100098,-3.515319347381592,-2.886185646057129,0.06197207793593407,0.02933727577328682,1.8132822513580322,1.1933140754699707,1.1040579080581665,2.1411795616149902,0.010795950889587402,-0.33687031269073486,-0.14780183136463165,-2.1129281520843506,0.4485316872596741
592,-7.424464225769043,-4.298285484313965,2.928271532058716,-1.260162115097046,-0.45895808935165405,-0.06651878356933594,0.37018489837646484,-9.480647087097168,25.22657012939453,-65.40312194824219,1.2331428527832031,-0.003458455204963684,-2.641770601272583,-0.08112107217311859,-0.008514611050486565,0.013886477798223495,-0.19076550006866455,1.9651005268096924,2.459287405014038,0.1760721206665039,-0.41852593421936035,-0.8875665068626404,-1.6407155990600586,-0.03937841206789017
593,-2.320620536804199,-2.2254574298858643,2.4503493309020996,1.9780597686767578,0.029649019241333008,-0.13910245895385742,-5.964913845062256,-13.743308067321777,19.243209838867188,-48.86981964111328,6.911362171173096,2.140554666519165,-2.674933671951294,-0.13038331270217896,0.2579077482223511,-0.9817544221878052,1.055949091911316,2.949479579925537,2.253441572189331,0.24593660235404968,-0.35278642177581787,-1.0347192287445068,-1.4071825742721558,0.10533745586872101
594,10.290116310119629,2.9669175148010254,-2.4811317920684814,2.635312080383301,-0.25891023874282837,-0.2087240219116211,-14.723301887512207,-13.542593002319336,12.628666877746582,-34.629180908203125,16.977205276489258,3.0273666381835938,-1.4812602996826172,0.008927740156650543,0.055642224848270416,-3.072671890258789,-0.3793746829032898,3.125894069671631,2.508302688598633,0.40230870246887207,-0.34029778838157654,-1.3993000984191895,-1.315185785293579,-0.06946063041687012
595,28.252290725708008,4.402478218078613,-5.267988204956055,8.533136367797852,0.2062380313873291,-0.2155466079711914,-25.935649871826172,-10.272136688232422,8.984015464782715,-16.4309139251709,20.0,5.9142560958862305,0.6461816430091858,-0.11561217904090881,-0.20502296090126038,-4.884334087371826,-1.1531940698623657,2.8972222805023193,1.9159542322158813,0.24956075847148895,-0.21284011006355286,0.10573882609605789,-0.271517813205719,-0.850433349609375
596,37.66654968261719,15.417694091796875,-12.330513954162598,8.622371673583984,0.31968140602111816,-0.10316276550292969,-35.07939529418945,-2.249908447265625,-5.204133033752441,0.050823211669921875,9.620904922485352,2.7636523246765137,2.6001150608062744,0.4751969575881958,-1.1770820617675781,-7.730353832244873,-1.4103204011917114,3.077037811279297,-1.1373428106307983,-0.025309057906270027,-0.6094591021537781,5.213929653167725,2.760770082473755,1.7040808200836182
597,54.90056610107422,15.195070266723633,-22.482595443725586,-40.31896209716797,-19.260719299316406,12.207633018493652,-57.74874496459961,0.0011241436004638672,-1.7447781562805176,-10.199230194091797,-1.0176877975463867,-0.06291055679321289,2.1893928050994873,-0.45161741971969604,-0.31186211109161377,0.15010744333267212,-3.8025403022766113,-5.771368980407715,-3.8510658740997314,-1.0181190967559814,0.02441234514117241,9.111370086669922,1.2072651386260986,3.117966413497925
598,18.310441970825195,22.92534065246582,-32.3033561706543,-79.07965850830078,-3.013456344604492,3.7463340759277344,-27.405941009521484,8.707440376281738,-4.701046943664551,-15.562360763549805,-0.8784302473068237,-0.37108564376831055,1.8381253480911255,-0.07614850252866745,0.14078748226165771,0.28016966581344604,-2.1778526306152344,0.31449246406555176,-3.8450520038604736,0.3808301091194153,0.8305712938308716,4.179282188415527,0.9428808093070984,0.9077469110488892
599,5.743592262268066,12.240165710449219,-21.768388748168945,-65.34162902832031,2.402751922607422,-3.673189640045166,-14.467090606689453,4.531803131103516,-5.024199485778809,-8.77000617980957,-0.6708934903144836,-0.0291367769241333,2.226604461669922,-0.33058246970176697,0.11310306191444397,-0.6736413240432739,-1.7817816734313965,0.6300820112228394,-3.388887405395508,0.04579157382249832,0.13484428822994232,0.19550618529319763,-0.0625041276216507,0.6896042823791504
600,-21.351226806640625,10.587059020996094,-20.07794761657715,-55.60568618774414,2.4601590633392334,-6.058846473693848,9.523210525512695,-2.1276841163635254,1.6964704990386963,0.8194265365600586,-0.0500069260597229,-0.12049882113933563,2.456178665161133,-0.45540937781333923,0.25391143560409546,-1.3121850490570068,-1.6373248100280762,0.8273888826370239,-2.3365612030029297,-0.11375606060028076,0.4199599325656891,-2.534909725189209,0.23156830668449402,-0.0967809185385704
601,-24.27190399169922,3.9183473587036133,-14.078125953674316,-50.87649154663086,11.269800186157227,-12.179394721984863,14.444239616394043,4.895748615264893,-3.8688297271728516,6.448709487915039,0.004214402288198471,-0.04686927795410156,2.974834442138672,-0.5070688724517822,0.3887886703014374,-2.054527759552002,-1.1756260395050049,0.6788444519042969,-0.7010533809661865,-0.23645752668380737,-0.15582452714443207,-4.658314228057861,-0.08916530758142471,-2.05854868888855
