Timestep,left_hip_pitch_joint_Torque,left_hip_roll_joint_Torque,left_hip_yaw_joint_Torque,left_knee_joint_Torque,left_ankle_pitch_joint_Torque,left_ankle_roll_joint_Torque,right_hip_pitch_joint_Torque,right_hip_roll_joint_Torque,right_hip_yaw_joint_Torque,right_knee_joint_Torque,right_ankle_pitch_joint_Torque,right_ankle_roll_joint_Torque,left_hip_pitch_joint_Vel,left_hip_roll_joint_Vel,left_hip_yaw_joint_Vel,left_knee_joint_Vel,left_ankle_pitch_joint_Vel,left_ankle_roll_joint_Vel,right_hip_pitch_joint_Vel,right_hip_roll_joint_Vel,right_hip_yaw_joint_Vel,right_knee_joint_Vel,right_ankle_pitch_joint_Vel,right_ankle_roll_joint_Vel
50,3.3949947357177734,-7.191112518310547,3.7292284965515137,3.893453598022461,-0.28098440170288086,0.3969552516937256,-1.641472339630127,-0.7795489430427551,3.7198166847229004,-60.1325569152832,-0.8631162643432617,-4.171625137329102,-1.2162880897521973,0.1350608766078949,-0.09872329980134964,5.218211650848389,-1.0918331146240234,-1.4075407981872559,0.0800790935754776,-0.01955692656338215,-0.21884785592556,0.4288582503795624,-0.6923579573631287,0.2687895894050598
51,3.5767059326171875,-4.1335649490356445,2.638068675994873,-10.945292472839355,-0.4865379333496094,0.19184422492980957,1.2515783309936523,-2.1376829147338867,10.079361915588379,-69.88966369628906,-18.289691925048828,-0.04004019498825073,1.8817507028579712,-0.06788420677185059,0.007078859955072403,-0.9931102991104126,-4.342109680175781,0.19949334859848022,1.532553791999817,-0.11768752336502075,-0.3285774886608124,-0.35351285338401794,-0.5698537230491638,0.3484281599521637
52,-7.507150650024414,-0.3677438497543335,0.47452282905578613,-7.370830535888672,-0.10036182403564453,0.007918357849121094,-8.482044219970703,3.326082468032837,7.739640712738037,-56.74085235595703,-18.653575897216797,2.767212152481079,3.238440990447998,0.24290692806243896,-0.19679930806159973,-4.041688442230225,-0.2948331832885742,2.610609292984009,1.7561397552490234,0.17064979672431946,-0.38018864393234253,-0.7122424244880676,-0.4234239459037781,-0.01173262856900692
53,-13.110099792480469,2.5393364429473877,-8.16252613067627,-61.4644660949707,-16.668983459472656,-8.575529098510742,-6.170780658721924,0.7072147130966187,2.2581944465637207,-18.546751022338867,-7.445743560791016,3.7222063541412354,2.7444310188293457,0.17385134100914001,0.0686102956533432,-2.371403932571411,3.633317232131958,3.32205867767334,1.6592828035354614,0.23681579530239105,-0.08068034052848816,0.11658762395381927,-3.3036859035491943,0.2706131339073181
54,-24.811372756958008,8.289992332458496,-12.615836143493652,-96.05145263671875,-7.970235347747803,-4.760112762451172,-0.2258143424987793,3.2674756050109863,-1.5292131900787354,7.143180847167969,0.1284780502319336,0.03751373291015625,1.857952356338501,-0.152994766831398,0.3568914532661438,-1.4977788925170898,-0.4190021753311157,1.0580546855926514,1.3056271076202393,-0.1280720978975296,0.2975996434688568,1.715052604675293,-5.862272262573242,1.5593034029006958
55,-24.153230667114258,7.648863792419434,-8.163087844848633,-54.342628479003906,-2.678415298461914,-8.638463020324707,5.844753265380859,1.8825079202651978,-0.611193060874939,-10.279605865478516,-2.3082094192504883,3.2736096382141113,1.3958450555801392,-0.32633718848228455,0.20302513241767883,-1.7054952383041382,0.10017049312591553,1.2018203735351562,1.1423125267028809,-0.17539171874523163,0.07571745663881302,-0.5180639624595642,-2.6452295780181885,-1.834283709526062
56,-12.756562232971191,4.239142894744873,-1.5940524339675903,-14.014076232910156,-0.982708215713501,-3.052886486053467,10.198848724365234,-1.9672815799713135,5.0338263511657715,-23.79990005493164,-6.401665210723877,0.9475060701370239,1.295837163925171,-0.21407978236675262,-0.3611609637737274,-0.9312313199043274,-0.06405314058065414,-1.3279436826705933,1.8438529968261719,0.10052420943975449,0.029012395069003105,-1.5679304599761963,0.1393805742263794,1.278496503829956
57,-16.966493606567383,2.253730297088623,0.04007861018180847,4.3151140213012695,-0.15510821342468262,0.08038592338562012,10.202052116394043,-10.921160697937012,14.219213485717773,-41.59461212158203,-11.661065101623535,-0.34786128997802734,0.15146952867507935,0.4243478775024414,-0.03601613640785217,2.287510633468628,-1.1712775230407715,-1.704226016998291,1.334588646888733,-0.06336317956447601,-0.40397167205810547,-0.9492899179458618,0.7772329449653625,0.5300238132476807
58,-2.1756651401519775,-5.770998477935791,3.588796854019165,2.406536102294922,0.02776312828063965,0.23004281520843506,-13.292903900146484,-8.350619316101074,17.79710578918457,-62.35256576538086,-16.496227264404297,1.6446975469589233,-0.13228225708007812,0.1418224275112152,-0.036418668925762177,3.484187364578247,-1.84031081199646,0.5632356405258179,1.283441185951233,0.04567696154117584,-0.438625305891037,-1.5383081436157227,3.0147712230682373,0.32287898659706116
59,-3.808952569961548,-6.6065449714660645,4.084843158721924,-6.910372257232666,-0.12033987045288086,-0.06269502639770508,-11.620580673217773,-0.06255489587783813,9.85196304321289,-52.215782165527344,-14.677848815917969,1.6245596408843994,1.0069752931594849,-0.20212793350219727,0.2853590250015259,-0.28376883268356323,-2.6125404834747314,1.0155431032180786,1.6357766389846802,0.1828712821006775,0.3387672007083893,-1.1533068418502808,0.8336012363433838,0.9509603977203369
60,-3.969752788543701,0.7765239477157593,-1.248594045639038,-1.0864448547363281,0.13913917541503906,-0.04027891159057617,-14.977116584777832,-5.067655563354492,12.26874828338623,-48.01057052612305,-13.761226654052734,1.4454381465911865,1.2839369773864746,-0.16394932568073273,0.006921891123056412,-2.411679983139038,-2.2919914722442627,1.42380690574646,1.129410743713379,0.2100130021572113,-0.12032006680965424,-1.153717041015625,0.08961403369903564,0.9140856266021729
61,-8.621427536010742,7.762423038482666,-4.815131187438965,-0.4734172821044922,-2.790390968322754,-0.09005618095397949,-3.7356045246124268,-7.171311855316162,11.769476890563965,-21.532888412475586,-7.131577491760254,2.793562650680542,0.49628710746765137,0.20026306807994843,-0.4133656620979309,-0.6751088500022888,2.9802708625793457,-1.9160746335983276,0.2460728883743286,0.2385309934616089,-0.16465289890766144,0.245534747838974,-0.7406801581382751,0.40371790528297424
62,10.049586296081543,9.815423011779785,-20.273231506347656,-76.10220336914062,-17.044910430908203,-0.6758794784545898,-23.84816551208496,5.811496257781982,-4.846074104309082,4.989391326904297,0.0027070045471191406,0.07260870933532715,0.9539893865585327,0.23798470199108124,0.713581383228302,-0.006464928388595581,-1.0027689933776855,0.7602307796478271,-0.9256443381309509,0.23087401688098907,0.35181474685668945,4.655773639678955,-0.6373553276062012,1.4723854064941406
63,3.8112168312072754,18.29480743408203,-31.35466957092285,-104.99739074707031,-5.1405229568481445,-2.5394303798675537,-28.674419403076172,6.4883341789245605,-4.748147964477539,-3.5310230255126953,-0.3662090301513672,-0.13289117813110352,1.09865140914917,-0.18828453123569489,0.7570223212242126,-0.9723506569862366,-0.44186660647392273,1.4084320068359375,-1.8315314054489136,0.1839917153120041,0.19929778575897217,5.062573432922363,-0.966644287109375,0.3852658271789551
64,-3.8520796298980713,20.533950805664062,-33.00710678100586,-84.5667495727539,-3.727801561355591,-1.7890880107879639,-16.91795539855957,2.2231850624084473,-1.1500227451324463,-6.282584190368652,-0.19166195392608643,-0.08559310436248779,1.0956964492797852,-0.33992117643356323,0.4063197672367096,-1.5559278726577759,-0.015179872512817383,1.1604596376419067,-1.6940425634384155,0.33550649881362915,0.0007395721040666103,2.7590973377227783,-0.3209230303764343,-0.6990678906440735
65,-0.4571828842163086,19.719444274902344,-22.453716278076172,-52.54827880859375,-0.37758558988571167,-4.567773818969727,-9.36961841583252,-6.235738277435303,3.3148090839385986,-8.032102584838867,-0.4355301856994629,-0.013509750366210938,1.5726051330566406,-0.3954271674156189,0.5279432535171509,-2.1551148891448975,0.414559543132782,1.1766021251678467,-0.6732876300811768,0.129127636551857,0.2806195020675659,-1.4880348443984985,-1.6719441413879395,-1.3443483114242554
66,-18.263671875,9.945982933044434,-9.340643882751465,-19.732954025268555,4.450627326965332,-3.5595953464508057,12.261728286743164,-1.4877653121948242,1.088801622390747,2.874985694885254,0.1101999282836914,0.10506129264831543,1.0763659477233887,-0.33976659178733826,0.05570673197507858,-1.3570328950881958,-0.0827314704656601,-0.7061692476272583,0.3166762590408325,0.08081891387701035,0.028460977599024773,-3.2884929180145264,-2.609236717224121,-1.2903085947036743
67,-32.200035095214844,8.583306312561035,-3.7355704307556152,-6.40666389465332,5.67764949798584,-1.1917271614074707,29.345203399658203,-11.972283363342285,7.962722301483154,4.732421875,0.38138914108276367,0.07851707935333252,-0.8525687456130981,-0.13550011813640594,0.03177116811275482,1.737320899963379,0.9165652990341187,-2.465806007385254,1.9685094356536865,-0.41769152879714966,0.3173661231994629,-6.708966255187988,9.448122000321746e-07,-0.46232131123542786
68,-25.198055267333984,0.19534450769424438,-0.39609384536743164,1.680572509765625,-0.10428977012634277,0.2735474109649658,26.755477905273438,-7.210202217102051,13.699150085449219,-46.31838607788086,-17.177265167236328,1.4896330833435059,-3.0500667095184326,0.23937706649303436,-1.1003596782684326,7.6316938400268555,1.9954028129577637,-1.7468050718307495,0.3068622350692749,0.3663370609283447,-0.29411277174949646,-0.3737081289291382,1.4044402837753296,0.7952002286911011
69,-24.901321411132812,1.5780631303787231,0.6268026828765869,-9.478376388549805,-0.6927816867828369,0.20372545719146729,21.058956146240234,-25.56297492980957,33.38313674926758,-72.7068099975586,-20.0,2.929888963699341,-2.723594903945923,0.13589662313461304,-0.8394917845726013,5.956667423248291,1.3374660015106201,-0.49179404973983765,1.2178415060043335,0.19463253021240234,-0.002602487802505493,-0.9651541113853455,3.315326690673828,-0.007277369499206543
70,-4.997504234313965,-5.471274375915527,5.669631004333496,-7.211291313171387,-0.5905874967575073,0.056146979331970215,-14.402692794799805,-11.073846817016602,19.301300048828125,-68.33140563964844,-18.97963523864746,-1.5632343292236328,-2.532381772994995,-0.2101363241672516,-0.1762198656797409,3.6364426612854004,-0.8361871242523193,0.9844427704811096,1.1769120693206787,0.05526036024093628,0.6835653185844421,-0.8165746927261353,2.1292150020599365,1.8572555780410767
71,-6.926737308502197,3.4872236251831055,-1.626334547996521,-9.735727310180664,-0.33080053329467773,-0.0039882659912109375,-6.565157890319824,-15.678656578063965,24.018817901611328,-68.0463638305664,-5.0034403800964355,6.327160358428955,-1.3830088376998901,0.32764559984207153,0.22171573340892792,-1.3837946653366089,-1.1935298442840576,2.2239677906036377,1.1050466299057007,-0.1024562194943428,-0.21938395500183105,-0.7828882336616516,-0.6151662468910217,-0.15742182731628418
72,-3.442025661468506,-0.35407698154449463,-0.05173850059509277,-0.3361396789550781,-0.16362810134887695,-0.13753747940063477,-7.759679794311523,-9.795628547668457,15.049773216247559,-39.870628356933594,1.1598824262619019,6.962128162384033,-1.0780128240585327,0.18271028995513916,0.21985876560211182,-3.5848031044006348,-1.9524006843566895,3.00061297416687,0.8544397950172424,-0.16258159279823303,-0.17409741878509521,-0.6316180229187012,-0.6914624571800232,0.1544664353132248
73,19.166893005371094,11.71246337890625,-7.873656272888184,2.4771575927734375,0.17409801483154297,-0.1796736717224121,-26.19359016418457,-10.287980079650879,5.390777587890625,-18.172584533691406,8.36311149597168,2.5337443351745605,0.8364008069038391,0.7639918923377991,-0.12589816749095917,-7.45539665222168,-2.065073251724243,2.9448635578155518,0.6216002702713013,-0.1915239691734314,-0.03446708247065544,0.1855735182762146,-1.3686420917510986,3.7029190063476562
74,41.251190185546875,11.884971618652344,-26.51861572265625,-32.45134735107422,-18.093372344970703,11.793251037597656,-46.49446105957031,1.3133282661437988,-3.3206772804260254,3.168292999267578,0.3569679260253906,-0.29671573638916016,0.9013177156448364,0.44958069920539856,0.2602256238460541,-1.7460730075836182,7.655463695526123,-4.1647629737854,-3.5437326431274414,-0.5490912199020386,-0.22943425178527832,9.665081024169922,3.2402455806732178,2.8542399406433105
75,26.51841163635254,8.318989753723145,-25.02992057800293,-79.42118835449219,-10.209267616271973,17.932708740234375,-30.02281379699707,10.896808624267578,-4.970666408538818,-13.3626708984375,-1.1697697639465332,-0.4107162356376648,1.0876394510269165,-0.2167838215827942,0.8583416938781738,-0.21139276027679443,-1.6068346500396729,2.5652334690093994,-3.40807843208313,0.3389689028263092,0.9609801769256592,7.436558246612549,0.6024258732795715,-0.5791919231414795
76,7.008652210235596,16.96491241455078,-32.73429870605469,-94.60909271240234,-2.3368022441864014,0.09341096878051758,-23.17599868774414,6.32277774810791,-6.415666103363037,-15.966567039489746,-0.7765587568283081,0.06276273727416992,1.0520190000534058,-0.06740467250347137,0.5229697227478027,-0.8855989575386047,-0.9471461772918701,1.1324690580368042,-2.9906938076019287,0.47022247314453125,-0.22625523805618286,1.2903865575790405,0.633125901222229,-1.6121760606765747
77,7.589337348937988,9.173135757446289,-20.950462341308594,-61.077369689941406,4.141855239868164,-2.2490413188934326,-10.62491226196289,3.8740596771240234,-2.5417871475219727,-3.301722526550293,-0.5395259857177734,0.09421825408935547,1.5633376836776733,-0.33515939116477966,0.589337944984436,-1.5921962261199951,-0.5123432874679565,0.8962118625640869,-2.3572120666503906,0.41351771354675293,-0.23717421293258667,-1.3146473169326782,-1.1222753524780273,-2.688220977783203
78,1.2194623947143555,15.115166664123535,-18.838590621948242,-34.4147834777832,12.37432861328125,-9.135393142700195,-2.695319175720215,-1.2292976379394531,0.5273396968841553,1.099940299987793,-0.13726449012756348,0.21908092498779297,1.6252617835998535,-0.5008090734481812,0.3896634578704834,-1.7594349384307861,-0.22166718542575836,1.257568120956421,-1.6778433322906494,0.23800420761108398,-0.3841691017150879,-3.239114761352539,-1.7660549879074097,-2.7080984115600586
79,-26.062854766845703,0.3981550931930542,-0.8641872406005859,-7.591213703155518,14.191047668457031,-4.236453533172607,31.08070945739746,-3.153292179107666,2.9699511528015137,6.0564422607421875,0.07454586029052734,0.25215888023376465,0.21020789444446564,-0.2350832223892212,0.06295190751552582,1.1683189868927002,0.44854122400283813,-3.33206844329834,0.4066793620586395,0.18602818250656128,-0.1991506665945053,-5.795549392700195,-4.561525821685791,-1.7295420169830322
80,-42.773231506347656,-3.5070865154266357,3.398710250854492,2.591541290283203,0.0720968246459961,0.25261783599853516,47.70521926879883,-18.463138580322266,13.375041961669922,8.541275024414062,0.698756217956543,0.10064676403999329,-3.1658575534820557,-0.426241934299469,0.10468454658985138,9.81362533569336,4.0330891609191895,-2.9138412475585938,0.8409230709075928,-0.7880877256393433,-0.03341585397720337,-0.951277494430542,5.199589252471924,-0.6232380867004395
81,-26.562326431274414,-7.768876075744629,3.6700518131256104,-9.518234252929688,-1.138548731803894,0.3914172649383545,23.861616134643555,-12.323338508605957,22.236690521240234,-69.25298309326172,-20.0,-1.9330384731292725,-3.8315553665161133,-0.6942943930625916,-0.4224301278591156,10.166574478149414,1.1558504104614258,0.1702805906534195,1.3629869222640991,-0.02338556759059429,0.33745521306991577,-0.8872292637825012,5.304959774017334,0.3062375485897064
82,-16.020893096923828,11.547185897827148,-5.723794937133789,-23.01584243774414,-0.9865193367004395,0.046326279640197754,5.843416213989258,-25.57378387451172,28.323692321777344,-73.92855834960938,-8.313426971435547,4.0843825340271,-2.9216904640197754,0.16474442183971405,-0.32629039883613586,2.7789955139160156,0.10762257128953934,0.151489719748497,1.222131609916687,0.04294484853744507,-0.06987316906452179,-0.1705179661512375,-1.5647239685058594,0.048098206520080566
83,-15.531359672546387,-0.7940942645072937,1.8452881574630737,-9.513233184814453,-0.6276016235351562,0.12570571899414062,11.414360046386719,-18.197477340698242,22.542116165161133,-64.55609893798828,-2.046231269836426,6.4322357177734375,-2.4401919841766357,0.23568925261497498,-0.02054334618151188,-1.7354615926742554,-0.8133092522621155,2.9977962970733643,1.6097643375396729,-0.03514851629734039,-0.1700681447982788,-0.8107186555862427,-1.0564600229263306,-0.12962080538272858
84,7.837648868560791,2.6982944011688232,-1.762150764465332,1.2049808502197266,-0.12106680870056152,-0.20506000518798828,-14.772394180297852,-19.772754669189453,15.933403015136719,-56.07227325439453,5.4927802085876465,8.712923049926758,-0.9416857957839966,0.359853059053421,-0.06929192692041397,-4.982476234436035,-1.6048493385314941,3.4124112129211426,2.0151498317718506,0.0027048811316490173,-0.131181538105011,-1.3529822826385498,-0.9447559714317322,-0.06565970182418823
85,14.609430313110352,3.8544464111328125,-2.5884413719177246,11.736892700195312,0.3241755962371826,-0.2743511199951172,-18.158628463745117,-17.91504669189453,13.095528602600098,-30.250837326049805,14.044696807861328,5.228219032287598,0.12322203814983368,0.43654200434684753,0.07810112088918686,-4.784093856811523,-1.7259732484817505,3.071615219116211,1.7590936422348022,-0.1560649424791336,0.15812735259532928,-0.6086094379425049,-1.4528253078460693,2.6941399574279785
86,29.47354507446289,7.521559238433838,-6.716631889343262,8.527547836303711,0.46154284477233887,-0.1554102897644043,-28.201969146728516,0.83994460105896,-3.957167625427246,4.384910583496094,8.195205688476562,1.4395437240600586,1.3415284156799316,0.4790624678134918,-0.48059672117233276,-5.738462924957275,-1.4542220830917358,3.4129598140716553,-1.5441195964813232,-0.5468329787254333,-0.40671467781066895,5.603551387786865,2.6696274280548096,2.8145220279693604
87,32.79365921020508,16.12779998779297,-24.53993034362793,-34.97475814819336,-20.0,11.049712181091309,-39.15599822998047,2.5850133895874023,-3.333793878555298,-4.694633483886719,-0.7458598613739014,-0.26204347610473633,1.2441900968551636,1.1060702800750732,0.12749134004116058,-1.740792155265808,8.092775344848633,-5.987142086029053,-4.0457563400268555,-0.045171093195676804,-0.2178727686405182,10.379898071289062,1.353379487991333,1.637026071548462
88,18.258914947509766,15.855408668518066,-19.305389404296875,-56.81377410888672,-0.8650379180908203,15.290192604064941,-20.493011474609375,-3.9028615951538086,3.597041130065918,-23.526901245117188,-1.0169909000396729,-0.3170183300971985,1.2207750082015991,-0.15220683813095093,-0.022735096514225006,-0.07509791851043701,-2.402296543121338,-5.443232536315918,-3.404439926147461,-0.26912763714790344,0.8249444365501404,3.4240915775299072,0.771209716796875,-0.38528695702552795
89,26.682605743408203,17.491107940673828,-25.330707550048828,-61.81385040283203,6.666299343109131,2.6668574810028076,-20.36764907836914,6.905818462371826,-5.931230545043945,-7.011590003967285,-0.5029028654098511,-0.008845329284667969,1.2317473888397217,-0.057215988636016846,0.3225107192993164,0.20852984488010406,-1.734248399734497,0.42693841457366943,-3.1214678287506104,0.16128255426883698,0.2693519592285156,0.3207017779350281,1.1713732481002808,-2.1930136680603027
90,2.3385257720947266,10.669608116149902,-14.01360034942627,-35.098934173583984,15.982933044433594,-5.498561382293701,3.019704818725586,-2.71233868598938,1.1037487983703613,-6.511688232421875,-0.8098134994506836,0.15139198303222656,1.7833224534988403,-0.19761769473552704,0.18695661425590515,-0.3797807991504669,-1.6591835021972656,0.42077046632766724,-1.321636438369751,-0.1462472826242447,0.10975836962461472,-4.840939044952393,-2.2116758823394775,-2.6319737434387207
91,-21.79060173034668,-4.353631973266602,8.226716041564941,-10.073138236999512,17.796537399291992,-4.83447265625,26.535972595214844,2.3134167194366455,-1.0584039688110352,7.283908843994141,0.2909526824951172,0.2470684051513672,0.25263476371765137,-0.11234989762306213,0.1473386287689209,2.202460527420044,-0.026372015476226807,-1.8344190120697021,0.3574492633342743,-0.04394962638616562,0.1919160634279251,-7.203278064727783,-2.417933225631714,-2.2296059131622314
92,-41.888214111328125,6.159965991973877,1.439712405204773,-8.554891586303711,6.261110782623291,-1.3471746444702148,45.30155944824219,-13.006492614746094,12.094388961791992,-4.050226211547852,-10.3787260055542,-4.352946758270264,-2.1181938648223877,0.29670295119285583,0.08021078258752823,6.022065162658691,2.6673808097839355,-3.510759115219116,1.8025363683700562,-0.6859935522079468,0.01422274298965931,-0.6376990079879761,3.6604883670806885,2.3427605628967285
93,-29.941911697387695,-12.805070877075195,6.490453243255615,-3.853912353515625,-0.6818947792053223,0.42501795291900635,38.55902862548828,-11.024767875671387,20.093660354614258,-66.21910095214844,0.7426071166992188,-2.5246617794036865,-3.114598035812378,0.059591978788375854,-0.18344296514987946,8.089420318603516,1.7011511325836182,0.07038905471563339,1.1605792045593262,0.15471984446048737,-0.2487465888261795,1.6990009546279907,-2.733248472213745,0.2788096070289612
94,-25.175291061401367,-6.468677043914795,4.202989101409912,-14.631576538085938,-1.0899004936218262,0.04166603088378906,17.850975036621094,-14.070907592773438,29.3154296875,-91.11062622070312,2.575979471206665,2.7981224060058594,-3.2608883380889893,-0.3924647867679596,-0.0502777136862278,3.5386524200439453,-1.0139821767807007,1.4625946283340454,1.4663784503936768,0.06423398852348328,-0.38215506076812744,0.5301779508590698,-2.0507194995880127,-0.23676568269729614
95,-7.3956146240234375,-5.933332443237305,4.648794174194336,-5.233431816101074,-0.15774202346801758,-0.12524890899658203,3.642271041870117,-14.36410140991211,26.919963836669922,-97.2774887084961,7.7616729736328125,5.728679656982422,-2.25932240486145,-0.5010668039321899,0.5387441515922546,-0.4074636399745941,-0.46074652671813965,2.2478079795837402,2.164905309677124,0.1686767041683197,-0.3104710578918457,-0.6754346489906311,-1.4851839542388916,-0.05991622060537338
96,0.40085458755493164,2.287020444869995,-1.3374872207641602,-1.3544807434082031,-0.2783687114715576,-0.07658100128173828,-2.422492027282715,-15.79066276550293,18.155914306640625,-50.65296173095703,16.888906478881836,7.803236961364746,-1.0464555025100708,-0.3382524251937866,0.5841846466064453,-3.5589094161987305,-1.8209750652313232,4.015902042388916,2.5748322010040283,0.3147500455379486,-0.19804547727108002,-1.2460882663726807,-1.2698166370391846,-0.3269018232822418
97,17.828224182128906,10.499402046203613,-7.428128242492676,5.56903076171875,0.3519798517227173,-0.2881321907043457,-21.074626922607422,-16.021717071533203,9.614014625549316,-18.327987670898438,19.805654525756836,4.255000114440918,0.23108088970184326,0.06919144839048386,0.12166546285152435,-5.4217681884765625,-0.9084600210189819,3.4564054012298584,1.6268781423568726,0.3181512653827667,-0.010559476912021637,0.16674093902111053,-0.6061885952949524,1.0588608980178833
98,41.91996765136719,12.17930793762207,-8.870023727416992,12.224220275878906,0.6462357044219971,-0.23096990585327148,-44.869693756103516,-1.5008013248443604,-3.139115333557129,-5.148704528808594,9.055557250976562,2.2606139183044434,1.7530913352966309,0.3000270426273346,-0.6241485476493835,-5.7415008544921875,1.7282068729400635,2.2557947635650635,-1.6623742580413818,0.0051377564668655396,-0.3163372874259949,5.103527069091797,3.390401840209961,1.902457594871521
99,50.804420471191406,22.295345306396484,-32.490291595458984,-76.5631332397461,6.279422760009766,19.383739471435547,-48.087074279785156,7.71309757232666,-4.893702030181885,-0.4291267395019531,-0.9411711692810059,-0.14446425437927246,1.8273714780807495,0.1912589967250824,-0.35824477672576904,-0.30356037616729736,-1.6224660873413086,-8.314010620117188,-4.01304817199707,-0.23049329221248627,-0.3415810763835907,9.788922309875488,1.6866823434829712,1.3361533880233765
100,35.34602737426758,17.78555679321289,-31.949771881103516,-75.22151184082031,5.99769401550293,0.2255856990814209,-30.485557556152344,1.5399119853973389,-0.0714339017868042,-23.314132690429688,-1.1243327856063843,-0.2662770748138428,2.050703525543213,0.09168548882007599,0.2815367579460144,-0.35771068930625916,-1.815717339515686,0.7615468502044678,-3.437636613845825,0.40438514947891235,0.26966363191604614,2.1713171005249023,1.162549376487732,-0.9741812944412231
101,3.799783706665039,15.14690113067627,-23.807292938232422,-68.25691223144531,9.867452621459961,-3.499022960662842,-4.179941177368164,-1.8920040130615234,0.6622918844223022,-8.307638168334961,-0.6719298362731934,0.0168912410736084,2.5668137073516846,-0.029276378452777863,0.24203617870807648,-1.4003417491912842,-1.39523184299469,0.6272025108337402,-2.256406307220459,0.30478164553642273,0.39098453521728516,-3.1618144512176514,-0.31064945459365845,-1.949816346168518
102,-8.802204132080078,2.6244218349456787,-7.35550594329834,-36.07574462890625,17.42135238647461,-7.2668070793151855,7.928954601287842,5.391438007354736,-4.136175632476807,5.7214508056640625,-0.11272168159484863,0.16792535781860352,2.6070749759674072,-0.24637813866138458,0.19709599018096924,-1.6380136013031006,-1.2705638408660889,0.4437696039676666,-1.2527984380722046,0.17153698205947876,0.006771311163902283,-4.453242301940918,-1.6373041868209839,-2.643368721008301
103,-27.774770736694336,3.9381487369537354,2.2984774112701416,-4.585906982421875,16.2836856842041,-4.027198791503906,32.06467056274414,-9.041680335998535,5.502328395843506,5.274688720703125,0.2750213146209717,0.255918025970459,0.3137316405773163,0.0649530291557312,0.09238941967487335,2.0687241554260254,1.0401123762130737,-3.396669864654541,0.8740703463554382,-0.2258060723543167,0.09821213781833649,-7.969818592071533,-1.663500189781189,-1.3264085054397583
104,-43.49589538574219,-2.3488354682922363,2.544551372528076,0.729644775390625,-0.19692373275756836,0.2662668228149414,45.93840789794922,-15.314702033996582,14.772852897644043,-6.524394989013672,-6.825128078460693,-2.71571946144104,-2.426680564880371,0.10660897195339203,0.22562110424041748,8.749846458435059,3.0309011936187744,-2.695303201675415,1.9339680671691895,-0.9887555837631226,-0.1552150845527649,-1.0970090627670288,4.694456577301025,4.780309677124023
105,-22.075420379638672,-0.28429943323135376,-1.0530800819396973,-13.271202087402344,-1.111467957496643,0.40808653831481934,16.247465133666992,-17.587026596069336,21.70035171508789,-50.85232925415039,-17.684391021728516,-2.5984039306640625,-2.806504487991333,0.04066803306341171,-0.36549097299575806,6.8245038986206055,-0.22638139128684998,0.16641780734062195,1.920029640197754,-0.0014212820678949356,0.09581553936004639,-0.31238630414009094,3.013613224029541,1.1670730113983154
106,-13.512801170349121,2.4385337829589844,0.13228356838226318,-16.209190368652344,-0.4465752840042114,0.011443138122558594,9.936074256896973,-21.652618408203125,24.988439559936523,-72.46739959716797,-1.3319311141967773,-0.6188334226608276,-2.1007635593414307,0.3024318516254425,-0.06100751832127571,0.6529079079627991,0.8782928586006165,0.5779412984848022,1.7399916648864746,0.004937831312417984,-0.17760473489761353,0.16382251679897308,-2.0859365463256836,0.049357883632183075
107,-7.824275970458984,-5.963253974914551,3.090981960296631,-0.8732271194458008,-0.4709932804107666,0.037816524505615234,5.008472442626953,-17.441448211669922,24.083288192749023,-68.47744750976562,4.93030309677124,3.4674324989318848,-1.6106919050216675,-0.3434560000896454,0.06228679046034813,-1.5368280410766602,-0.893216609954834,2.4490439891815186,1.9661697149276733,-0.0937819853425026,0.007985085248947144,-0.3098520338535309,-1.7410666942596436,-0.058466553688049316
108,1.2950279712677002,-1.6207252740859985,1.6233378648757935,1.8032569885253906,-0.13257312774658203,-0.16263437271118164,-6.620380878448486,-11.168513298034668,14.823278427124023,-58.67329025268555,14.736908912658691,5.50360631942749,-0.6867575645446777,-0.07877980917692184,0.3557337522506714,-3.8588497638702393,-1.8731142282485962,3.557772397994995,2.2202017307281494,0.06556716561317444,-0.018066734075546265,-0.9560499787330627,-1.4849470853805542,-0.02833765745162964
109,11.630522727966309,5.114334583282471,-3.99497127532959,4.73933219909668,0.26964855194091797,-0.22294330596923828,-14.868443489074707,-9.18714427947998,5.455132007598877,-16.883270263671875,20.0,4.689726829528809,0.24161399900913239,0.06543904542922974,-0.03502612188458443,-5.612600803375244,-1.0624065399169922,4.007717609405518,1.4625169038772583,0.07624077051877975,0.012727079913020134,0.11018026620149612,-1.051723599433899,1.0522204637527466
110,36.807342529296875,14.931802749633789,-10.568816184997559,10.262535095214844,0.5755714178085327,-0.31267547607421875,-34.66908264160156,-2.556914806365967,-1.959483027458191,2.537710189819336,8.210432052612305,1.676374912261963,2.0297458171844482,0.4090863764286041,-0.9406322836875916,-7.0591044425964355,0.19611756503582,2.347158908843994,-1.5945322513580322,-0.2550671398639679,-0.28085651993751526,5.312469005584717,3.0692338943481445,2.1530795097351074
111,40.25627136230469,20.705480575561523,-24.353717803955078,-61.4949951171875,-1.7657802104949951,16.783733367919922,-40.1657600402832,3.166017770767212,-2.4268741607666016,-5.308990478515625,-0.8666486740112305,-0.18251585960388184,1.8294105529785156,0.07886505872011185,0.017097674310207367,0.24708673357963562,-2.1699209213256836,-5.566712856292725,-3.2681257724761963,-0.24705937504768372,0.34121307730674744,7.859548091888428,1.7518290281295776,1.8500354290008545
112,38.11559295654297,12.543625831604004,-30.2617130279541,-76.93722534179688,5.852138519287109,3.263784885406494,-36.371315002441406,11.630141258239746,-7.537112236022949,-14.439604759216309,-0.9886584281921387,-0.23366248607635498,1.7760745286941528,0.012091964483261108,0.3745253086090088,0.21996274590492249,-2.123133659362793,0.5387085676193237,-3.7444257736206055,0.4623086452484131,0.03195971995592117,4.288622856140137,0.9037114381790161,-0.7223244309425354
113,11.909725189208984,20.70403289794922,-30.585023880004883,-68.18276977539062,10.991124153137207,-3.9390206336975098,-8.486539840698242,-6.306771278381348,3.9815659523010254,-12.582921981811523,-0.8014398813247681,-0.030094385147094727,2.599583625793457,-0.11284276843070984,0.3498985171318054,-0.9095969200134277,-1.6866945028305054,1.0473482608795166,-2.297673225402832,0.2742970585823059,0.40868934988975525,-1.8060649633407593,-0.9475897550582886,-1.4529898166656494
114,-33.67725372314453,11.129950523376465,-8.866056442260742,-43.812538146972656,16.555147171020508,-6.289109706878662,25.79085922241211,-6.036190032958984,2.5776755809783936,-1.8027000427246094,-0.19338607788085938,0.08041810989379883,2.2775661945343018,-0.19263575971126556,-0.01696876250207424,-1.2433936595916748,-1.4217356443405151,-1.3138357400894165,-0.0397808700799942,-0.46369609236717224,-0.1595984548330307,-7.582620620727539,-2.741051197052002,-2.1745834350585938
115,-40.238224029541016,3.6623587608337402,1.972615122795105,3.405323028564453,8.09046745300293,-1.8072872161865234,44.442569732666016,-13.45340347290039,10.649494171142578,14.838130950927734,0.7632925510406494,0.09755611419677734,-1.3428820371627808,0.46032077074050903,0.05357024818658829,5.116004467010498,2.9298362731933594,-4.26409912109375,1.9753148555755615,-0.5613219141960144,0.5775632858276367,-8.741286277770996,-1.632887601852417,-1.571010947227478
116,-40.838741302490234,-9.880231857299805,5.378425598144531,-7.403766632080078,-0.8703725337982178,0.5082842111587524,45.346221923828125,-5.793783664703369,16.590118408203125,-45.144615173339844,-1.7382837533950806,-6.17188024520874,-2.9190402030944824,0.2642953395843506,-0.2359437346458435,7.236519813537598,1.6971546411514282,-0.5328191518783569,1.2245663404464722,0.25015485286712646,-0.2706884741783142,1.1292057037353516,-2.46628737449646,0.31389307975769043
117,-31.052799224853516,-8.149911880493164,5.764643669128418,-12.314460754394531,-0.9370547533035278,0.11976313591003418,36.770103454589844,-19.20119857788086,31.934457778930664,-74.83064270019531,3.8028414249420166,1.5011742115020752,-3.0176570415496826,-0.4600871503353119,0.09149634838104248,3.9431769847869873,0.02128409966826439,1.7684905529022217,1.9258190393447876,-0.016207799315452576,-0.2754348814487457,0.2542716860771179,-2.0729057788848877,-0.06981653720140457
118,-11.334598541259766,3.3811497688293457,-1.4381160736083984,-10.164466857910156,-0.4723145365715027,-0.11101865768432617,6.067388534545898,-20.94806671142578,28.912574768066406,-77.3844223022461,10.771926879882812,3.055272340774536,-2.378427505493164,-0.15612147748470306,0.204953134059906,-1.1392301321029663,-0.20156629383563995,2.111053943634033,2.30850887298584,0.08926944434642792,-0.26647311449050903,-0.7941266298294067,-1.5928059816360474,0.12808525562286377
119,8.279260635375977,2.935568332672119,-2.2772367000579834,-0.6474113464355469,-0.24213147163391113,-0.0390472412109375,-13.312015533447266,-16.049768447875977,15.948195457458496,-51.90791702270508,17.88593101501465,6.448814392089844,-0.7687940001487732,-0.03173463046550751,0.037775684148073196,-4.961206436157227,-1.5568190813064575,4.051793098449707,2.684823513031006,0.21152862906455994,-0.20471812784671783,-1.4480403661727905,-1.3693256378173828,-0.19078004360198975
120,18.11587905883789,6.570579528808594,-4.251829147338867,11.734654426574707,0.5199300050735474,-0.37279415130615234,-18.760494232177734,-14.51723575592041,7.346706867218018,-15.395502090454102,20.0,4.3714141845703125,-0.001542485784739256,0.23465608060359955,-0.11729751527309418,-4.314690113067627,-0.09316518157720566,2.5617640018463135,1.3684566020965576,0.21451470255851746,-0.020953355357050896,0.6356035470962524,-0.360494464635849,1.3967018127441406
121,34.639251708984375,7.244830131530762,-5.286484718322754,8.418464660644531,0.37710368633270264,-0.13079261779785156,-36.90817642211914,3.0564756393432617,-6.031158447265625,-1.9919319152832031,8.904685020446777,2.1947786808013916,1.1662213802337646,0.412224680185318,-0.2632000148296356,-2.7719435691833496,5.386688232421875,0.9109867811203003,-1.8357707262039185,0.004328601062297821,-0.25096994638442993,5.33233118057251,3.8390891551971436,0.9980717897415161
122,39.69929885864258,17.660701751708984,-22.519407272338867,-65.52144622802734,1.5891146659851074,14.490036964416504,-41.23112106323242,8.452815055847168,-4.60012149810791,-4.128349304199219,-1.0008280277252197,-0.0691373348236084,1.646356225013733,-0.15205621719360352,-0.18180669844150543,0.09374750405550003,-3.1109485626220703,-5.207704067230225,-3.8209855556488037,0.10251936316490173,0.24457012116909027,8.025225639343262,1.9381242990493774,0.8580845594406128
123,52.58611297607422,20.59746742248535,-28.831207275390625,-63.08675765991211,11.796198844909668,1.0830131769180298,-39.13824462890625,2.4054057598114014,-3.14370059967041,-19.52640151977539,-1.1529656648635864,-0.1867508888244629,2.1682398319244385,-0.1366700977087021,0.38801950216293335,-0.1733933538198471,-1.936389684677124,0.3694191873073578,-3.5565404891967773,0.17641526460647583,0.031743839383125305,2.467390775680542,1.2788188457489014,-1.7713098526000977
124,13.194954872131348,17.225196838378906,-26.242502212524414,-62.38517379760742,17.303518295288086,-6.701097011566162,-11.084315299987793,-0.4006161689758301,0.04345265030860901,-9.586444854736328,-0.8431692123413086,0.09479951858520508,2.687741279602051,-0.14542695879936218,0.31341999769210815,-1.160120964050293,-1.5581698417663574,1.1426740884780884,-2.5669498443603516,0.3299252688884735,0.06538697332143784,-3.001056671142578,-0.49720558524131775,-2.64168381690979
125,-10.058801651000977,6.289423942565918,-7.253756523132324,-38.95356750488281,20.0,-9.087788581848145,8.16288948059082,2.209639310836792,-2.5366945266723633,5.839775085449219,-0.1487560272216797,0.279294490814209,2.640296697616577,-0.25041165947914124,0.3166544735431671,-1.3694753646850586,-1.3767030239105225,-0.5273045897483826,-1.6643650531768799,0.1093330830335617,-0.19841793179512024,-4.437282085418701,-2.0999269485473633,-2.1642913818359375
126,-34.61920928955078,5.496939659118652,1.8303015232086182,-14.698625564575195,20.0,-4.809463977813721,39.20782470703125,-6.336026668548584,5.02895975112915,10.163581848144531,0.538538932800293,0.1819624900817871,0.6546841859817505,-0.06057137995958328,0.1659269630908966,1.899045705795288,0.6557854413986206,-3.9393270015716553,0.5967265367507935,-0.08971989899873734,0.10549382865428925,-6.536433219909668,-1.8386545181274414,-1.3388752937316895
127,-51.52094268798828,-2.435318946838379,4.85672664642334,-0.750732421875,0.10406112670898438,0.27289485931396484,56.3975830078125,-12.698966979980469,15.809456825256348,-17.38019371032715,-13.823781967163086,-5.455809116363525,-2.284450054168701,0.23831689357757568,0.6116208434104919,8.172280311584473,5.16486120223999,-2.9527976512908936,2.239882707595825,-0.7550612688064575,-0.10611844807863235,-0.998349666595459,5.998369216918945,3.430964469909668
128,-21.65343475341797,0.7058922052383423,-2.489009141921997,-11.962196350097656,-1.477705717086792,0.4702392816543579,16.12033462524414,-18.80473518371582,26.49120330810547,-53.69318771362305,-19.722309112548828,-2.0161712169647217,-2.773606300354004,-0.08616713434457779,-0.4296187162399292,6.4300336837768555,-0.10421458631753922,0.302030473947525,1.438409686088562,0.1086704432964325,-0.0847143828868866,1.2422029972076416,-2.633491039276123,-0.2119305282831192
129,-20.761280059814453,-9.140812873840332,6.297981262207031,-11.090834617614746,-0.5212639570236206,0.011405229568481445,16.638355255126953,-14.966926574707031,26.20856285095215,-94.20914459228516,1.1878626346588135,4.811814785003662,-2.801931619644165,-0.2510957717895508,0.1295732706785202,2.275686025619507,-0.010040262714028358,1.8728766441345215,1.7769991159439087,0.13814391195774078,-0.1092248484492302,-0.0487372986972332,-1.9108911752700806,-0.27382805943489075
130,-6.058568000793457,1.7525038719177246,0.5197285413742065,-6.705691814422607,-0.39222168922424316,-0.1489567756652832,7.071601867675781,-18.84334373474121,21.194490432739258,-66.11454010009766,4.062067031860352,5.082139492034912,-1.820601224899292,-0.09802296757698059,0.35959768295288086,-1.8601796627044678,-0.5779405832290649,2.223973512649536,2.4118831157684326,0.021050095558166504,-0.2193290889263153,-0.7429589033126831,-1.668702244758606,0.1364896595478058
131,7.5079426765441895,4.259072303771973,-3.421506404876709,2.378690719604492,-0.07063817977905273,-0.11582326889038086,-15.675064086914062,-20.114925384521484,17.259817123413086,-61.47225570678711,8.596370697021484,5.643043041229248,-0.713894248008728,0.21990638971328735,0.012897317297756672,-4.453709602355957,-1.181654453277588,2.7276034355163574,2.5579936504364014,0.24751386046409607,-0.23472245037555695,-1.4111764430999756,-1.3795592784881592,0.01985231041908264
132,13.09509563446045,2.538206100463867,-2.103818655014038,12.149892807006836,0.310060977935791,-0.1743783950805664,-18.19171714782715,-20.67826271057129,14.231522560119629,-32.51951599121094,17.157440185546875,4.897768020629883,-0.0358554981648922,0.08687744289636612,-0.007678925059735775,-3.619213104248047,-1.3090159893035889,3.19299578666687,2.2768313884735107,0.19318684935569763,0.045128025114536285,-1.0365049839019775,-1.571657657623291,0.8022185564041138
133,24.46064567565918,13.286284446716309,-9.149953842163086,4.971040725708008,0.4289376735687256,-0.20116901397705078,-22.22454071044922,-9.193867683410645,2.9112603664398193,5.133780479431152,11.653284072875977,2.0286335945129395,1.3519599437713623,0.25178125500679016,-0.3835632801055908,-5.56332540512085,-0.1381099969148636,2.7764620780944824,-0.5171915888786316,-0.46882131695747375,0.0013981889933347702,3.4861814975738525,1.471068263053894,2.486889123916626
134,37.325740814208984,17.896156311035156,-28.11475944519043,-28.596912384033203,-17.713520050048828,8.651960372924805,-42.573951721191406,-1.3024998903274536,-1.4731067419052124,-2.5490760803222656,-0.4556245803833008,-0.2059040069580078,2.316744804382324,0.9647179245948792,0.1524152010679245,-1.943271517753601,7.937585353851318,-4.550162315368652,-2.9886696338653564,-0.10050880908966064,0.18995310366153717,8.13118839263916,1.9337807893753052,2.2488291263580322
135,30.74500846862793,19.330791473388672,-25.11916160583496,-49.9234504699707,3.0170910358428955,15.359554290771484,-27.277156829833984,-1.7399930953979492,1.757833480834961,-17.358684539794922,-0.9207608699798584,-0.35087865591049194,1.5440871715545654,-0.35207289457321167,0.36670395731925964,0.47138863801956177,-2.0010437965393066,2.768700122833252,-2.7985970973968506,-0.4112264811992645,0.8072665929794312,3.71388840675354,1.360869288444519,-0.004063183907419443
136,33.50351333618164,12.84109115600586,-25.48780059814453,-53.47825622558594,13.911693572998047,-1.6924681663513184,-27.976261138916016,8.833633422851562,-7.042600154876709,-11.276512145996094,-0.8418780565261841,-0.04337477684020996,2.0062942504882812,0.17952397465705872,0.1588820219039917,0.12575912475585938,-2.1344282627105713,0.4918558895587921,-2.6939537525177,0.5250334143638611,0.3394164443016052,-0.6122923493385315,0.8546600341796875,-1.9723913669586182
137,-0.32309913635253906,10.028727531433105,-17.048248291015625,-54.86470413208008,18.945528030395508,-6.079887866973877,-2.418977737426758,1.8736594915390015,-2.9979028701782227,1.831406593322754,-0.5396795272827148,0.18564558029174805,2.1683199405670166,-0.06935650110244751,0.1518113911151886,-0.5273923873901367,-1.9343373775482178,0.45207691192626953,-2.2054615020751953,0.046678926795721054,-0.2958807647228241,-2.2499234676361084,-2.231031656265259,-2.436892509460449
138,-17.297443389892578,9.984641075134277,-8.773062705993652,-26.7962589263916,20.0,-5.098074913024902,18.143611907958984,-5.746357440948486,3.7959036827087402,3.3655128479003906,0.31366634368896484,0.1973247528076172,1.9792667627334595,-0.04984298720955849,-0.035480864346027374,-0.2869202792644501,-1.9058738946914673,-1.9277939796447754,-0.6130918264389038,-0.3463377356529236,-0.2812679409980774,-5.124273777008057,-1.3500005006790161,-2.0282437801361084
139,-37.98821258544922,4.8792924880981445,4.857981204986572,-6.47026252746582,17.550233840942383,-3.6804146766662598,44.27025604248047,-15.029648780822754,11.803159713745117,12.333744049072266,0.6557937264442444,0.10301673412322998,-1.0942659378051758,-0.1585889607667923,0.09350430965423584,4.615776062011719,2.101785659790039,-3.248215675354004,1.2050950527191162,-1.2456591129302979,0.2945827841758728,-3.3484127521514893,4.650844573974609,1.3213882446289062
140,-47.96693420410156,-5.089068412780762,3.0223255157470703,-6.033107757568359,-0.5736470222473145,0.3429532051086426,54.944740295410156,-17.48221206665039,23.08296775817871,-54.99140548706055,4.236676216125488,-3.2509984970092773,-3.3802003860473633,0.6444223523139954,-0.04364175349473953,7.697271823883057,3.6461055278778076,-1.2414225339889526,1.052748441696167,0.4046599864959717,-0.253022164106369,1.4502050876617432,-2.707165479660034,0.0709550678730011
141,-24.914119720458984,-12.050613403320312,6.081014633178711,-11.749566078186035,-1.3183958530426025,0.23630499839782715,29.46728515625,-14.33663272857666,28.496402740478516,-85.82075500488281,2.990147113800049,2.009036064147949,-3.1399407386779785,-0.45036086440086365,-0.30205509066581726,4.174473285675049,-0.7215993404388428,1.744871973991394,1.7469037771224976,0.1456577628850937,-0.3194349408149719,0.43550994992256165,-2.1491336822509766,-0.21521802246570587
142,-17.50341796875,-0.15306925773620605,1.9279744625091553,-9.433709144592285,-0.34244412183761597,-0.1358504295349121,17.22818374633789,-21.19715118408203,31.197912216186523,-79.56813049316406,8.342820167541504,3.8342745304107666,-2.8341386318206787,-0.3763294816017151,0.2815020680427551,-0.2584216892719269,0.07801388204097748,2.3689939975738525,2.155750274658203,0.09633256494998932,-0.23082605004310608,-0.4564979374408722,-1.6560862064361572,-0.02177739143371582
143,8.83820915222168,5.016599655151367,-3.4287314414978027,-0.9464950561523438,-0.24246788024902344,-0.12723875045776367,-12.946732521057129,-16.970748901367188,21.9146785736084,-64.34976196289062,13.416067123413086,5.104061126708984,-1.1763198375701904,-0.13855479657649994,0.020141715183854103,-4.1101179122924805,-1.1885676383972168,2.933048963546753,2.64725399017334,0.20656101405620575,-0.18053115904331207,-1.262399673461914,-1.4713276624679565,-0.011367589235305786
144,21.67367172241211,10.578649520874023,-6.5621256828308105,4.7570343017578125,0.3374134302139282,-0.17192935943603516,-23.689430236816406,-10.863546371459961,6.243711471557617,-13.989424705505371,16.618000030517578,3.5685126781463623,0.4715965688228607,0.16743573546409607,-0.3354474604129791,-6.799246311187744,0.23909269273281097,3.123500108718872,1.5944159030914307,0.05978820100426674,-0.18038582801818848,0.4763052761554718,-0.3507007956504822,0.8373197913169861
145,39.26385498046875,19.876516342163086,-16.77290916442871,-15.523584365844727,-12.782464027404785,5.560842037200928,-43.87068557739258,-3.6176328659057617,-0.9377596378326416,2.4596595764160156,0.2449636459350586,0.07641887664794922,2.4599695205688477,1.0061521530151367,0.39149969816207886,-1.8763713836669922,7.24730110168457,-2.0826833248138428,-1.2387077808380127,-0.12900321185588837,-0.1383613795042038,6.690352439880371,3.1764135360717773,2.8084044456481934
146,32.3809928894043,16.552295684814453,-24.127262115478516,-60.2210807800293,1.9554789066314697,15.761390686035156,-42.02175521850586,6.032726287841797,-2.9290878772735596,-10.977691650390625,-1.148341417312622,-0.3901941776275635,1.5086063146591187,-0.14721299707889557,0.5786293745040894,0.001620948314666748,-2.1221375465393066,2.8270487785339355,-3.3580102920532227,0.13410888612270355,0.6261190176010132,6.34747838973999,1.394652009010315,-0.08234328776597977
147,25.852855682373047,13.377418518066406,-25.47536849975586,-63.677223205566406,8.997607231140137,-2.383472442626953,-19.999988555908203,2.672330141067505,-2.3722736835479736,-19.652050018310547,-1.0801445245742798,-0.05756235122680664,2.0555343627929688,0.12890782952308655,0.29568421840667725,-0.5065714120864868,-1.8076081275939941,0.7957582473754883,-1.9790048599243164,0.6031106114387512,0.3966854512691498,-1.3807584047317505,-0.2759840488433838,-1.4880632162094116
148,7.818746566772461,7.483864784240723,-16.959096908569336,-54.040740966796875,16.324790954589844,-6.477540969848633,-7.069963455200195,3.652681827545166,-5.234780311584473,3.220658302307129,-0.21841788291931152,0.16704511642456055,2.3959994316101074,-0.04951062798500061,0.4033510088920593,-1.080991268157959,-1.5647410154342651,0.9188950061798096,-1.5771135091781616,0.036385517567396164,-0.6500679850578308,-2.35036563873291,-1.319011926651001,-2.207571268081665
149,-12.13778305053711,9.255084037780762,-11.688344955444336,-37.222042083740234,20.0,-7.590366363525391,7.060932159423828,0.9124925136566162,1.343410849571228,5.028249740600586,0.12283205986022949,0.1415257453918457,2.021728277206421,-0.3191389739513397,0.18890820443630219,-1.21974778175354,-1.3033424615859985,-0.0908595621585846,-1.078928828239441,0.1605372130870819,-0.15044686198234558,-3.548750877380371,-1.253035545349121,-2.3755109310150146
150,-31.002668380737305,-0.49276912212371826,4.547443389892578,-2.454409599304199,14.854776382446289,-3.6411871910095215,42.17857360839844,-7.210297107696533,5.789170265197754,8.324190139770508,0.617631733417511,0.2209315299987793,-0.21650344133377075,-0.1318163424730301,-0.026002541184425354,3.0275745391845703,1.6412768363952637,-2.1278669834136963,1.541650652885437,0.03567245230078697,0.24968893826007843,-5.821699619293213,-0.2987835705280304,-1.0169994831085205
151,-44.99471664428711,-5.844185829162598,6.005784034729004,-0.9055900573730469,-0.36570215225219727,0.10758757591247559,50.87060546875,-12.724047660827637,20.066736221313477,-27.273479461669922,-14.223252296447754,-9.428082466125488,-2.770357131958008,-0.07852679491043091,0.501783549785614,8.440535545349121,3.302105188369751,-1.7599811553955078,1.3152581453323364,0.14094498753547668,0.01494830846786499,1.3221524953842163,-2.2922544479370117,-0.6729068756103516
152,-33.08594512939453,-5.778639316558838,1.143492579460144,-14.383455276489258,-1.3391891717910767,0.31020450592041016,29.651329040527344,-16.13810157775879,27.479663848876953,-86.78584289550781,0.8329057693481445,2.492879867553711,-3.1770782470703125,-0.35274192690849304,-0.17576830089092255,5.1429948806762695,-0.2784857153892517,0.792941689491272,1.64155113697052,0.2519458532333374,-0.1638815701007843,0.25097396969795227,-1.9620243310928345,-0.095438651740551
153,-17.95415496826172,-0.22925996780395508,1.7794735431671143,-11.534329414367676,-0.5122851729393005,-0.023085355758666992,15.06100845336914,-18.570899963378906,26.80876350402832,-68.42832946777344,5.573983192443848,4.393535137176514,-3.0236754417419434,-0.5010827779769897,0.17597736418247223,0.7134766578674316,-0.40560078620910645,1.9354313611984253,1.9790923595428467,0.04248490184545517,-0.1758430302143097,-0.4539479613304138,-1.6359885931015015,-0.15659204125404358
154,6.046413421630859,7.123973846435547,-3.3037257194519043,-1.4797792434692383,-0.10135757923126221,-0.09813880920410156,-9.146734237670898,-27.147979736328125,23.11098289489746,-70.79219818115234,13.220977783203125,7.176247596740723,-1.5003700256347656,-0.013743188232183456,0.22583314776420593,-2.875568389892578,-0.62758469581604,2.7176995277404785,2.623204231262207,0.10079013556241989,-0.19773834943771362,-1.3604727983474731,-1.370182752609253,-0.09909915924072266
155,11.559310913085938,8.458806991577148,-5.305727481842041,2.52227783203125,0.0017359256744384766,-0.1524200439453125,-14.662616729736328,-17.367155075073242,10.227978706359863,-28.505966186523438,20.0,5.405257701873779,-0.06375803798437119,0.5128933787345886,0.09159084409475327,-5.552531719207764,-0.9329200387001038,3.2213408946990967,2.6312427520751953,0.15153872966766357,-0.13895714282989502,-1.3058329820632935,-1.5145610570907593,1.3353201150894165
156,29.41267204284668,8.36154556274414,-7.260436058044434,12.831750869750977,0.4818117022514343,-0.19123172760009766,-31.21330451965332,-10.577099800109863,3.9062962532043457,-11.235383987426758,18.294775009155273,3.6757473945617676,1.1318237781524658,0.5302122831344604,-0.5413326621055603,-5.526623249053955,-0.3687758445739746,2.971313953399658,0.3052526116371155,-0.07489804923534393,-0.31330159306526184,2.339470386505127,1.329375982284546,1.4578790664672852
157,55.14952087402344,14.22781753540039,-22.44759750366211,-12.2236967086792,-13.755590438842773,6.839868068695068,-53.4859504699707,-5.535234451293945,-0.1318645477294922,-3.7055206298828125,0.20701313018798828,0.057155609130859375,2.897003173828125,1.1978117227554321,0.45077839493751526,-1.2900762557983398,5.726456642150879,-2.6103525161743164,-2.5261597633361816,-0.46597835421562195,-0.27885982394218445,7.336355686187744,5.289192199707031,3.222372531890869
158,31.45478630065918,19.31595802307129,-32.59645462036133,-61.748565673828125,-1.2116246223449707,16.017719268798828,-33.95152282714844,2.0348572731018066,0.5317330360412598,-10.829219818115234,-1.4782826900482178,-0.4764544665813446,1.7970443964004517,-0.08755160868167877,-0.06588403880596161,0.010896558873355389,-1.8928625583648682,-5.224362850189209,-3.8242783546447754,-0.14658279716968536,0.8828253746032715,6.415771007537842,1.290337324142456,0.13436594605445862
159,21.679018020629883,15.471267700195312,-31.95367431640625,-79.51422119140625,6.229032516479492,1.0093508958816528,-23.103824615478516,3.198197364807129,-4.550971508026123,-15.832895278930664,-0.945987343788147,-0.06287288665771484,1.8465226888656616,-0.05167149007320404,0.25182169675827026,-0.2793567478656769,-1.8645663261413574,0.779407799243927,-3.452845573425293,-0.2675325870513916,-0.09014837443828583,0.40535956621170044,0.41353315114974976,-1.9390450716018677
160,16.72889518737793,9.698150634765625,-20.176334381103516,-47.43686294555664,16.668458938598633,-5.606315612792969,-11.756667137145996,3.721710205078125,-1.9370869398117065,-5.129532814025879,-0.681239128112793,0.1223306655883789,2.282986640930176,-0.04172138124704361,0.23897767066955566,-0.8817511796951294,-1.5377182960510254,0.7312813997268677,-2.760408639907837,0.1192001923918724,0.05596862733364105,-3.3746180534362793,-1.445761799812317,-2.744001626968384
161,-23.22205924987793,4.152958393096924,-5.9582295417785645,-29.95073890686035,20.0,-5.488456726074219,25.08701515197754,0.9492779970169067,0.2840798795223236,4.802968978881836,0.11802816390991211,0.22943925857543945,2.350215435028076,-0.0765620768070221,-0.14677836000919342,-0.9291949272155762,-1.6075154542922974,-1.341196060180664,-0.4309782087802887,0.17152053117752075,0.033292386680841446,-6.81191349029541,-2.110175848007202,-2.6294984817504883
162,-42.37206268310547,-6.1629319190979,8.827840805053711,2.505413055419922,9.614654541015625,-2.4220943450927734,49.10300827026367,-10.05179214477539,7.591894149780273,13.65576171875,0.6722321510314941,0.22289609909057617,-1.0763404369354248,-0.4078688621520996,-0.3812824785709381,5.153161525726318,3.0577392578125,-2.9656598567962646,1.7642053365707397,-0.7565789222717285,-0.17693458497524261,-2.1290395259857178,7.580186367034912,2.4687347412109375
163,-32.00124740600586,-4.447675704956055,2.0859928131103516,-3.6472396850585938,-0.7979936599731445,0.34954237937927246,26.567035675048828,-15.717930793762207,22.525592803955078,-51.18195724487305,-19.244815826416016,-4.934213638305664,-2.7675044536590576,0.05980071425437927,-0.5710693001747131,8.006791114807129,1.3781574964523315,-0.7619002461433411,1.3474125862121582,0.5747470259666443,-0.15824605524539948,1.0576345920562744,-2.632467746734619,-0.0713888555765152
164,-36.03663635253906,-6.131605625152588,6.299365997314453,-13.844661712646484,-0.9436967372894287,0.08216691017150879,37.02393341064453,-20.071290969848633,31.82911491394043,-67.02535247802734,1.4986014366149902,0.6855891346931458,-3.7709505558013916,-0.31321287155151367,0.37902185320854187,5.155384063720703,0.2964261472225189,1.039681077003479,1.3370441198349,-0.012912310659885406,-0.26122304797172546,0.6181405782699585,-2.12394118309021,-0.09689456224441528
165,-21.12639617919922,3.6915719509124756,-2.0704243183135986,-15.839837074279785,-0.7280219793319702,0.034769535064697266,25.7203311920166,-21.38983726501465,27.95488929748535,-67.8304443359375,4.511549949645996,4.082174301147461,-2.9562387466430664,-0.13210676610469818,0.2280784696340561,-1.045809268951416,-0.02413959428668022,2.6083452701568604,2.2440314292907715,0.08424742519855499,-0.29877564311027527,-0.4484417140483856,-1.8637619018554688,-0.1981429159641266
166,4.599079132080078,1.839210867881775,-0.8658889532089233,3.6554346084594727,-0.11111330986022949,-0.2037348747253418,-5.255373954772949,-21.272884368896484,24.027921676635742,-63.81734848022461,14.925678253173828,6.0318756103515625,-1.7130980491638184,-0.22176632285118103,0.2872432768344879,-3.0403542518615723,-0.6768516898155212,2.7406082153320312,2.7295985221862793,0.022235635668039322,-0.2013668715953827,-1.0323197841644287,-1.6555118560791016,-0.17034441232681274
167,6.678206920623779,13.45256233215332,-8.355828285217285,3.0855979919433594,-0.0052964091300964355,-0.1858811378479004,-13.873680114746094,-24.74730682373047,17.859119415283203,-34.316192626953125,19.619396209716797,6.255899429321289,-0.8625959157943726,0.48065266013145447,-0.09178753942251205,-5.389255046844482,-0.39782050251960754,2.1085777282714844,2.5265605449676514,0.17322088778018951,-0.22628620266914368,-1.21669340133667,-1.4311498403549194,-0.5469006299972534
168,23.18594741821289,8.576363563537598,-6.830654144287109,12.580045700073242,0.30219852924346924,-0.05494546890258789,-19.431781768798828,-15.433629989624023,7.123737812042236,-9.077589988708496,20.0,4.041419982910156,0.41125616431236267,0.4573057293891907,-0.5574961304664612,-4.9247965812683105,-0.5890840291976929,2.745316505432129,0.8278697729110718,-0.1501271277666092,-0.11733730882406235,2.0077645778656006,0.5384563207626343,0.8699307441711426
169,47.20946502685547,7.443276882171631,-13.193904876708984,-13.745872497558594,-12.116501808166504,5.305245399475098,-47.586524963378906,2.70031476020813,-5.695017337799072,-5.332971572875977,5.388077735900879,1.5303735733032227,1.7766534090042114,0.9240776300430298,0.5547256469726562,-0.8637140989303589,5.765593528747559,-1.0342903137207031,-1.9735878705978394,-0.3800717294216156,-0.18622159957885742,6.15576696395874,4.485685348510742,2.207357168197632
170,41.61182403564453,26.38742446899414,-29.993247985839844,-53.38815689086914,1.2438383102416992,16.023988723754883,-42.05670928955078,-2.516528606414795,1.6507549285888672,-8.876880645751953,-1.2645936012268066,-0.29503893852233887,1.5978140830993652,-0.12171688675880432,0.04886277765035629,0.41042065620422363,-2.092656373977661,-6.108693599700928,-4.186639308929443,-0.3402608335018158,0.9832386374473572,6.994048595428467,2.0682342052459717,0.9404640197753906
171,29.16201400756836,10.042413711547852,-25.85273551940918,-64.92176818847656,6.710655689239502,-3.0645477771759033,-21.47719955444336,9.997668266296387,-6.990461349487305,-19.533695220947266,-1.2008589506149292,-0.1763010025024414,2.013571262359619,0.00016242265701293945,0.37600234150886536,0.17518706619739532,-2.316053628921509,0.7291181087493896,-3.006683588027954,0.2351556271314621,0.3496721386909485,-0.4401399791240692,-0.009744022972881794,-1.940110683441162
172,-2.9263839721679688,20.31122398376465,-21.477977752685547,-57.165950775146484,15.492464065551758,-6.529598712921143,4.227050304412842,-5.856900691986084,2.2884740829467773,-3.3546810150146484,-0.462247371673584,0.1617438793182373,2.3628737926483154,-0.16224727034568787,0.21932068467140198,-0.6175169944763184,-1.9846463203430176,0.5872756838798523,-1.4507135152816772,-0.22691664099693298,0.10730481147766113,-5.384297847747803,-1.4647769927978516,-1.8376169204711914
173,-27.277599334716797,4.033702373504639,-1.0468260049819946,-37.38623809814453,18.50501251220703,-6.047818183898926,23.10618019104004,4.078612327575684,-2.521094799041748,12.278907775878906,0.34566450119018555,0.1556096076965332,2.029137372970581,-0.09764605760574341,0.08735001087188721,-0.378495454788208,-1.913253664970398,-1.6955610513687134,-0.11849333345890045,-0.10053995251655579,-0.11520639061927795,-6.265195846557617,-1.2395646572113037,-2.215285062789917
174,-37.82792282104492,-0.9248129725456238,5.841038703918457,4.56884765625,8.052274703979492,-1.754166603088379,41.527076721191406,-13.238452911376953,15.540898323059082,-25.23054313659668,-13.08470630645752,-5.173235893249512,-1.1493884325027466,0.20505914092063904,0.13310471177101135,5.565168380737305,2.9773943424224854,-3.2603235244750977,2.029700756072998,-0.4073065519332886,0.020297586917877197,-0.475421667098999,-3.405073404312134,2.742664337158203
175,-23.991535186767578,-14.301175117492676,6.800549030303955,-0.08228683471679688,-0.8338965773582458,0.4009974002838135,19.535335540771484,-13.590895652770996,24.984079360961914,-82.01349639892578,1.5885071754455566,0.3038768470287323,-2.424159049987793,-0.355932354927063,-0.16938385367393494,8.172460556030273,-0.1557348519563675,0.1559450328350067,1.2081427574157715,0.32303065061569214,-0.0546841137111187,0.7094703912734985,-2.177816390991211,-0.07437334954738617
176,-18.814952850341797,-2.5717861652374268,2.6479673385620117,-15.822521209716797,-0.634040117263794,0.04268503189086914,12.682351112365723,-16.938182830810547,26.358558654785156,-92.30626678466797,-0.21720671653747559,4.54994535446167,-1.858492374420166,-0.4616088271141052,0.057012755423784256,2.6677896976470947,-0.5628280639648438,1.4824881553649902,1.7777044773101807,0.2348746657371521,-0.25445443391799927,-0.520460844039917,-1.5820651054382324,-0.2590070366859436
177,-13.164752006530762,3.9292151927948,-1.1106212139129639,-8.757933616638184,-0.4057309627532959,-0.03852033615112305,11.748262405395508,-23.924983978271484,27.174020767211914,-68.62042999267578,10.509224891662598,4.915201663970947,-1.0856481790542603,-0.32568439841270447,0.3298114538192749,-1.8980624675750732,-0.857470691204071,2.9028146266937256,2.235905647277832,0.16227491199970245,-0.16594795882701874,-1.249664068222046,-1.1827775239944458,0.05332249402999878
178,-2.251966953277588,1.98326575756073,-1.307035207748413,-0.7966861724853516,-0.14790987968444824,-0.1652851104736328,0.9790515899658203,-9.549293518066406,10.242457389831543,-28.034954071044922,17.582714080810547,6.237293243408203,-0.35947293043136597,-0.17863136529922485,0.15901313722133636,-4.44556999206543,-1.2328741550445557,3.945819616317749,2.332383394241333,0.27180325984954834,-0.22394035756587982,-1.4537745714187622,-1.0820510387420654,-0.46610140800476074
179,22.903486251831055,9.087014198303223,-6.334651947021484,7.491283416748047,0.3634979724884033,-0.3059868812561035,-25.521121978759766,-8.33410930633545,1.1080472469329834,-10.28302001953125,15.211030960083008,3.759006977081299,0.8761518597602844,0.2358337640762329,-0.37130725383758545,-5.606712818145752,-0.7416281700134277,3.1339759826660156,0.6895344257354736,0.2553536295890808,-0.29382744431495667,1.1538711786270142,0.41125160455703735,1.352246880531311
180,42.58523178100586,19.470439910888672,-12.766899108886719,9.286022186279297,0.6087814569473267,-0.22651910781860352,-44.72246551513672,-2.859607696533203,-0.29852294921875,1.5053482055664062,0.20327138900756836,0.04026985168457031,2.33585524559021,0.2643919885158539,-0.37661319971084595,-2.483248472213745,8.044122695922852,-4.104998588562012,-2.185028314590454,-0.26717668771743774,-0.47773459553718567,7.519329071044922,4.109691619873047,3.3328332901000977
181,39.384765625,14.906147956848145,-25.20827865600586,-51.29645919799805,3.0515730381011963,14.561553001403809,-38.3986701965332,1.8765074014663696,0.883796215057373,-13.324146270751953,-1.2669422626495361,-0.5121907591819763,1.7315096855163574,0.27943605184555054,0.044482238590717316,0.0009416164830327034,-1.82759690284729,-4.4032158851623535,-3.2182769775390625,0.18118086457252502,0.8190338611602783,6.0631866455078125,1.932370901107788,-0.06526017189025879
182,28.475723266601562,16.714834213256836,-30.543922424316406,-73.60181427001953,7.012134075164795,1.2534911632537842,-27.513500213623047,2.649184465408325,-3.8438880443573,-15.22111701965332,-1.1560386419296265,-0.008999109268188477,2.009430408477783,0.1465497612953186,0.2751684784889221,-0.346544474363327,-1.8456729650497437,0.5958822965621948,-2.903184413909912,0.15987683832645416,0.18475030362606049,0.8554581999778748,-0.4228368401527405,-1.1884737014770508
183,-2.420743942260742,12.759543418884277,-24.4670467376709,-69.98056030273438,16.980133056640625,-7.358259201049805,-0.8507795333862305,-0.3245449960231781,-0.2911761403083801,-4.788881301879883,-0.3997013568878174,0.051653385162353516,2.519585371017456,0.0333707369863987,0.24833053350448608,-1.4848885536193848,-1.4477794170379639,0.8746852278709412,-1.583980679512024,-0.03392172232270241,0.01129597146064043,-3.8926658630371094,-1.4312286376953125,-2.1756463050842285
184,-11.91069221496582,-2.7772064208984375,2.221597194671631,-11.982074737548828,20.0,-5.5768351554870605,15.118468284606934,2.494474172592163,-1.0108598470687866,3.5595626831054688,-0.04872941970825195,0.1579446792602539,1.5573750734329224,-0.039684467017650604,0.11046337336301804,-0.07394832372665405,-0.5968487858772278,-2.084094285964966,-0.2928742468357086,-0.08274010568857193,0.0612172894179821,-6.4755778312683105,-2.795991897583008,-2.6755051612854004
185,-47.98490905761719,-1.505414366722107,6.621000289916992,0.43178367614746094,7.942569732666016,-1.8566465377807617,55.71000289916992,-14.53800106048584,10.843267440795898,15.58456039428711,1.0937358140945435,0.20071005821228027,-2.1189346313476562,-0.046612367033958435,0.2848508358001709,6.335991382598877,4.737869739532471,-3.1878128051757812,1.9754003286361694,-1.2300763130187988,-0.09077158570289612,-2.0727715492248535,8.03944206237793,2.487590789794922
186,-30.926803588867188,-7.583192825317383,2.962899684906006,-6.352268218994141,-1.149327278137207,0.4080035090446472,38.538421630859375,-17.191078186035156,16.992536544799805,-60.051368713378906,-3.2474584579467773,-1.432278037071228,-2.9572532176971436,0.13165153563022614,-0.3743349313735962,7.930525779724121,1.3996102809906006,-0.28956088423728943,1.7426941394805908,0.215165913105011,-0.14803294837474823,0.8881667852401733,-2.8412387371063232,1.2355502843856812
187,-25.761703491210938,-6.836965560913086,5.2231011390686035,-15.682618141174316,-0.9173540472984314,0.06821322441101074,20.579057693481445,-15.530601501464844,25.686851501464844,-72.54689025878906,-0.9872956275939941,0.218098983168602,-3.271874189376831,-0.41247430443763733,0.04102723300457001,3.3506970405578613,0.17682352662086487,1.2856780290603638,1.767598032951355,-0.04272878170013428,-0.23734046518802643,0.24369534850120544,-2.108966588973999,0.08551985025405884
188,-9.599820137023926,3.6993424892425537,-1.4699854850769043,-9.93091869354248,-0.50468909740448,-0.04668903350830078,5.328069686889648,-21.23845100402832,24.639463424682617,-75.10491943359375,5.296773910522461,4.550367832183838,-2.4062018394470215,0.032004356384277344,0.21478240191936493,-1.756612777709961,-0.2332405149936676,2.094942092895508,2.2113070487976074,0.13699492812156677,-0.24729496240615845,-0.6752074956893921,-1.5837663412094116,0.011766768991947174
189,7.13271951675415,2.7666361331939697,-1.9526000022888184,3.695063591003418,-0.12212586402893066,-0.13220787048339844,-11.44375991821289,-19.855470657348633,17.948688507080078,-60.94136047363281,15.095224380493164,6.826488018035889,-1.092694640159607,0.06569632887840271,0.02085103653371334,-3.934828042984009,-1.326197624206543,2.453191041946411,2.6732337474823,0.1935637891292572,-0.23643319308757782,-1.3590153455734253,-1.414201259613037,-0.14901447296142578
190,12.256382942199707,4.237547397613525,-3.0269556045532227,5.741706848144531,0.2086162567138672,-0.11633491516113281,-15.088114738464355,-15.325848579406738,7.011184215545654,-16.20825958251953,20.0,4.413081169128418,-0.12419058382511139,0.09009670466184616,-0.008374693803489208,-5.440786838531494,-0.7880457043647766,3.4406960010528564,1.6763734817504883,0.1115352213382721,-0.02547437697649002,0.10578402876853943,-0.6877056360244751,0.9518777132034302
191,32.77047348022461,3.642232656478882,-2.9336678981781006,15.94247055053711,0.6262707710266113,-0.24831438064575195,-29.354785919189453,-4.296370506286621,-2.5969786643981934,-11.271012306213379,17.95939064025879,4.097889423370361,1.0517255067825317,0.01669815555214882,-0.3844623267650604,-3.9426023960113525,0.018119152635335922,3.3301496505737305,-0.381499707698822,-0.24649181962013245,-0.3944362699985504,3.6776278018951416,1.968848466873169,1.4436134099960327
192,48.89439010620117,16.016931533813477,-18.575929641723633,-29.16431427001953,-14.288785934448242,10.00284194946289,-49.492530822753906,4.299217224121094,-4.545079231262207,-5.065319061279297,-0.39429378509521484,-0.0366058349609375,2.0210368633270264,0.21844103932380676,-0.06387311220169067,0.7396336793899536,-2.130619525909424,-4.169155597686768,-2.900606393814087,-0.06761237978935242,-0.3682745695114136,7.18485164642334,4.797939777374268,2.1060543060302734
193,34.53227996826172,15.998268127441406,-26.72376251220703,-66.15966033935547,2.163048505783081,15.64454460144043,-34.80668640136719,3.7821688652038574,0.054322242736816406,-14.31222152709961,-1.6784111261367798,-0.3429330289363861,2.1402463912963867,-0.044510841369628906,-0.06282231211662292,-0.48707255721092224,-1.6701109409332275,-6.611347198486328,-3.5794122219085693,0.36415910720825195,0.8723871111869812,4.11604118347168,-0.40971699357032776,-0.10097241401672363
194,12.76163101196289,17.583473205566406,-27.841798782348633,-85.77324676513672,8.271256446838379,-0.4853363037109375,-15.112092971801758,3.7849783897399902,-5.1699137687683105,-7.674262046813965,-0.31789374351501465,-0.025191783905029297,2.1358938217163086,-0.16023963689804077,0.3849318027496338,-0.6370388269424438,-1.8040246963500977,0.595258355140686,-3.2102551460266113,0.23868942260742188,-0.038617100566625595,0.006958057638257742,0.6960631608963013,-1.9803625345230103
195,9.10956859588623,15.486368179321289,-18.976665496826172,-42.35285949707031,18.470191955566406,-6.743572235107422,-1.9943532943725586,0.7032229900360107,-1.3850717544555664,-0.3392457962036133,-0.41744792461395264,0.13936853408813477,2.6182005405426025,-0.2084239274263382,0.18395444750785828,-1.0204746723175049,-1.5662392377853394,0.7283757925033569,-2.081880569458008,0.17253518104553223,-0.5015450119972229,-2.3657894134521484,-1.0410680770874023,-2.8780856132507324
196,-17.058565139770508,3.7402830123901367,-0.5189762115478516,-20.213443756103516,20.0,-5.204561710357666,14.23259162902832,-3.281796455383301,3.1373512744903564,-1.8129997253417969,-0.1738419532775879,0.2296128273010254,2.0059752464294434,-0.19158485531806946,0.1740473061800003,-0.5901950597763062,-1.3361304998397827,-2.0755198001861572,-0.6866536736488342,0.09775165468454361,0.13908083736896515,-7.056257724761963,-1.602632999420166,-2.41416335105896
197,-47.54949188232422,4.0266032218933105,3.7069027423858643,-5.764911651611328,12.600944519042969,-2.5929670333862305,55.60307693481445,-10.955617904663086,7.849543571472168,18.8814697265625,0.7987954616546631,0.20320987701416016,-1.0412747859954834,-0.14243429899215698,0.021313998848199844,4.820222854614258,2.7933120727539062,-3.556231737136841,1.7150044441223145,-0.8022636771202087,-0.18451175093650818,-1.775937557220459,6.835878372192383,2.2338950634002686
198,-31.1726131439209,-4.252200126647949,2.236560821533203,-0.567291259765625,-0.6491718292236328,0.4190521240234375,28.68099594116211,-19.82501792907715,23.580524444580078,-61.80463790893555,-20.0,-2.4659104347229004,-2.7233939170837402,0.3713965117931366,-0.3794274926185608,8.782259941101074,1.7724957466125488,-0.7163166403770447,1.7025890350341797,0.6040347218513489,-0.06680263578891754,0.8452083468437195,-2.9661450386047363,0.1760162115097046
199,-31.767629623413086,-1.9150432348251343,2.9401376247406006,-14.898702621459961,-0.9941048622131348,0.10294342041015625,30.55573844909668,-27.84706687927246,36.883724212646484,-72.85513305664062,-1.1695876121520996,3.1602275371551514,-3.2899930477142334,-0.012605739757418633,0.29473942518234253,5.115234851837158,0.40335631370544434,0.7983186841011047,1.603653907775879,-0.03295233100652695,-0.04575354605913162,0.48858118057250977,-2.1560215950012207,-0.1353357434272766
200,-11.065105438232422,-4.201301097869873,2.0053107738494873,-11.855571746826172,-0.5626554489135742,0.01961803436279297,9.22894287109375,-13.607050895690918,26.75905990600586,-81.83650970458984,2.857121706008911,4.18424129486084,-2.360685110092163,-0.4261435866355896,0.2588932514190674,-0.29733702540397644,-0.2056528776884079,2.2747719287872314,2.309495210647583,-0.1305878609418869,-0.061147190630435944,-0.6212652921676636,-1.7856618165969849,-0.24501855671405792
201,2.8555445671081543,4.314894199371338,-2.1582541465759277,-1.6667613983154297,-0.23587846755981445,-0.12807989120483398,-11.99410629272461,-19.334102630615234,18.066482543945312,-73.34964752197266,10.827493667602539,5.474087238311768,-1.334472894668579,0.1431073546409607,0.13944599032402039,-3.9356260299682617,-0.8936920166015625,3.0209765434265137,2.5766518115997314,0.1244717538356781,-0.21070049703121185,-1.5460835695266724,-1.343428134918213,0.10206019133329391
202,22.66581916809082,9.153928756713867,-6.468182563781738,4.700839996337891,0.21253657341003418,-0.17180824279785156,-22.01337432861328,-12.473669052124023,9.441436767578125,-15.815439224243164,18.022729873657227,3.9504308700561523,0.7512141466140747,0.3687857687473297,0.04626961797475815,-6.703613758087158,-0.7380538582801819,3.3208680152893066,1.943293571472168,-0.10434454679489136,-0.006934130564332008,-0.1404472142457962,-0.8437396287918091,2.0954132080078125
203,37.26465606689453,16.181041717529297,-12.237131118774414,12.218154907226562,0.6504712104797363,-0.18016910552978516,-38.11689376831055,-4.082388877868652,-0.482161283493042,4.729885101318359,5.294745445251465,0.8533763885498047,2.290898084640503,0.5917511582374573,-0.8709536790847778,-7.5000128746032715,1.2217037677764893,2.599458932876587,-1.5441499948501587,-0.6925069689750671,-0.46905314922332764,6.740993499755859,4.575555324554443,3.3731117248535156
204,43.89299774169922,17.581771850585938,-24.445993423461914,-19.923477172851562,-12.891260147094727,9.786039352416992,-44.77052688598633,-0.9264694452285767,0.8450126647949219,-12.443660736083984,-1.330592155456543,-0.413224458694458,1.8901413679122925,0.14345937967300415,-0.18336127698421478,0.159287691116333,-2.1717588901519775,-6.083205223083496,-3.2540767192840576,-0.17162781953811646,0.5519044399261475,7.523403167724609,1.8690532445907593,1.4323554039001465
205,18.554746627807617,8.07197093963623,-20.645732879638672,-51.291080474853516,6.300203323364258,13.655664443969727,-19.23227310180664,5.04116153717041,-2.1786177158355713,-20.005640029907227,-1.210197925567627,-0.2622324228286743,1.5506263971328735,0.06030111759901047,0.11523208022117615,0.4699855446815491,-2.0344879627227783,0.12089180946350098,-2.612699270248413,0.23991362750530243,0.6732282042503357,0.8879308700561523,-0.8777044415473938,-1.0145810842514038
206,-0.5316619873046875,7.107449054718018,-12.548325538635254,-53.735389709472656,13.716188430786133,-2.241809368133545,-4.1186418533325195,-0.39429962635040283,-1.4781529903411865,-8.294469833374023,-0.3797413110733032,0.033800601959228516,1.7430486679077148,-0.017290256917476654,0.313411682844162,-0.3612257242202759,-1.844842791557312,0.2417370080947876,-1.8766098022460938,-0.057793378829956055,0.5029977560043335,-4.511929512023926,-0.7322783470153809,-2.307563543319702
207,-20.58873748779297,-0.4497174918651581,1.3378546237945557,-14.43053150177002,15.930733680725098,-3.863129138946533,25.104097366333008,1.0112718343734741,-0.7772520184516907,5.300609588623047,-0.11028289794921875,0.19257164001464844,0.9159883260726929,-0.12132873386144638,-0.16611051559448242,1.0996297597885132,-1.0320327281951904,-1.2918543815612793,0.25077950954437256,-0.2061951905488968,0.05963815748691559,-7.580471992492676,-3.1227364540100098,-2.5162558555603027
208,-42.82850646972656,-3.6216564178466797,9.964757919311523,-4.919651031494141,9.103130340576172,-2.584617853164673,47.121700286865234,-6.90455961227417,10.933097839355469,-19.312761306762695,-12.096369743347168,-0.5626325607299805,-1.331902027130127,0.5057719349861145,0.06223103404045105,5.297069549560547,2.6780192852020264,-1.8817890882492065,1.28887939453125,0.35297468304634094,-0.05253811925649643,1.4934452772140503,-2.7120249271392822,0.11538854241371155
209,-48.95343780517578,-17.581260681152344,11.39892292022705,-3.029937744140625,-0.8549501895904541,0.1281537115573883,57.38548278808594,-20.296335220336914,28.558870315551758,-78.9972915649414,8.869324684143066,2.8732454776763916,-3.3895931243896484,-0.3156263530254364,0.5363709330558777,8.148053169250488,2.099783182144165,0.10322662442922592,1.69086754322052,0.09685906767845154,-0.2605012059211731,0.8058904409408569,-2.344059944152832,-0.07947885990142822
210,-15.590494155883789,-0.6476914882659912,-1.7103042602539062,-16.184473037719727,-1.0243879556655884,0.1595311164855957,5.182917594909668,-18.032819747924805,28.90174102783203,-88.87831115722656,3.4286844730377197,3.565924644470215,-2.9515597820281982,-0.7055423259735107,-0.1491706669330597,2.3535454273223877,-0.28539788722991943,2.132709503173828,2.0150721073150635,0.16504980623722076,-0.39428937435150146,-0.41774702072143555,-1.8299847841262817,-0.3165034055709839
211,-11.966907501220703,1.465484380722046,1.3631772994995117,-4.440005302429199,-0.28293925523757935,-0.1916942596435547,13.437235832214355,-22.886999130249023,30.34929656982422,-72.6689224243164,14.816800117492676,5.766486644744873,-2.1129462718963623,-0.581019401550293,0.6481168270111084,-0.8546895980834961,-0.15375874936580658,2.483579397201538,2.658568859100342,0.07347243279218674,-0.21750149130821228,-1.1320067644119263,-1.4427390098571777,-0.20947198569774628
212,1.8510336875915527,1.4764037132263184,-1.514806866645813,0.8261833190917969,-0.299760103225708,-0.1021723747253418,-10.056757926940918,-15.207518577575684,16.20857810974121,-59.40824890136719,17.342723846435547,7.070272445678711,-1.2414073944091797,-0.5248492360115051,0.23661404848098755,-3.3103995323181152,-1.9837114810943604,3.921064615249634,2.884300708770752,0.26100045442581177,-0.3064628839492798,-1.847100019454956,-1.1556215286254883,-0.32640910148620605
213,14.874567985534668,9.231146812438965,-5.275798320770264,8.207497596740723,0.4811645746231079,-0.2941293716430664,-22.31458282470703,-20.871294021606445,12.274969100952148,-23.377084732055664,20.0,4.554288387298584,-0.5650250315666199,0.026337388902902603,0.4353334903717041,-3.686985969543457,-0.490604966878891,3.738792896270752,1.9454635381698608,0.10147032886743546,-0.014910927973687649,-0.7971327900886536,-0.901565432548523,1.274180293083191
214,48.79493713378906,15.092781066894531,-11.560893058776855,6.014636993408203,0.45724526047706604,-0.23617315292358398,-46.07401657104492,3.2278058528900146,-6.689465522766113,2.4110565185546875,12.36079216003418,2.8717827796936035,1.919819951057434,0.3927702009677887,-0.6531641483306885,-7.332859516143799,-0.23064930737018585,3.15866756439209,-2.0155649185180664,-0.012395824305713177,-0.480486661195755,5.514877796173096,4.737444877624512,2.254502296447754
215,62.304954528808594,22.804662704467773,-26.760282516479492,-34.091434478759766,-15.849032402038574,12.493212699890137,-52.47259521484375,0.34089741110801697,-0.6520940661430359,-5.690723419189453,-1.1206626892089844,-0.19487762451171875,2.455853223800659,0.0034499019384384155,-0.09757284820079803,0.04074287414550781,-2.989777088165283,-4.8808441162109375,-4.053995132446289,-0.13856376707553864,0.16151323914527893,9.249322891235352,3.438678026199341,2.215346336364746
216,36.7674560546875,16.34537696838379,-29.542245864868164,-63.47355651855469,2.70513916015625,16.215641021728516,-35.12858200073242,4.748539924621582,-1.9766775369644165,-21.089027404785156,-1.4637296199798584,-0.36604225635528564,2.406972646713257,0.11229431629180908,-0.334587961435318,-0.8808966279029846,-1.5172933340072632,-6.603166103363037,-4.39579439163208,0.33269789814949036,0.4941903352737427,3.3267619609832764,1.027933955192566,-0.8818055391311646
217,13.6923828125,14.242295265197754,-22.35027503967285,-61.083106994628906,9.776703834533691,-0.7754053473472595,-6.640655517578125,-0.7159522771835327,-1.247835636138916,-11.244762420654297,-0.6488642692565918,0.026468753814697266,2.719304323196411,-0.012392029166221619,0.12200917303562164,-0.8424707651138306,-1.7636287212371826,0.46083348989486694,-2.967628240585327,0.05627788230776787,0.06720412522554398,-2.66865611076355,0.610352635383606,-2.147510290145874
218,-21.219451904296875,16.03367042541504,-13.971871376037598,-47.24247741699219,17.18927764892578,-7.371908187866211,15.449426651000977,-7.154213905334473,3.1276159286499023,1.5924415588378906,-0.36654341220855713,0.17853164672851562,2.7851624488830566,-0.0055169835686683655,0.22873106598854065,-1.5221751928329468,-1.6547300815582275,0.36788061261177063,-1.3860888481140137,-0.505695641040802,-0.13059861958026886,-6.766694068908691,-0.9760424494743347,-2.0104358196258545
219,-35.58572006225586,4.04892635345459,3.373246431350708,-12.713876724243164,15.498006820678711,-3.9991564750671387,37.686248779296875,-3.666426181793213,4.39132022857666,14.463790893554688,0.24615144729614258,0.13389158248901367,0.8278300762176514,0.11466635763645172,0.08006403595209122,1.594274878501892,0.2182830423116684,-2.9603488445281982,0.6029115319252014,-0.5518754720687866,0.2691148519515991,-7.551640033721924,-2.812213897705078,-1.5453585386276245
220,-49.36785125732422,0.1973733901977539,2.285922050476074,-2.27642822265625,0.6507654190063477,0.030954837799072266,51.53501892089844,-12.628836631774902,16.811378479003906,-4.007530212402344,-6.537578582763672,-3.138298273086548,-2.047091007232666,0.6550924777984619,0.40649357438087463,7.087814807891846,4.659177303314209,-3.5822572708129883,2.001596450805664,-0.7735592126846313,-0.34256312251091003,-1.0337241888046265,4.622622013092041,3.8766307830810547
221,-32.95372009277344,-4.023073673248291,1.0432449579238892,-10.479328155517578,-1.4071357250213623,0.5299587845802307,32.04609680175781,-17.340221405029297,24.799396514892578,-59.18199920654297,-3.4345216751098633,-1.6737148761749268,-3.387741804122925,0.11980728060007095,-0.54978346824646,6.934542655944824,0.2451794296503067,0.5426746606826782,1.3096113204956055,0.229308620095253,-0.299277663230896,1.1825748682022095,-2.8226585388183594,0.2193322628736496
222,-16.484468460083008,-7.107793807983398,5.507791042327881,-12.50658130645752,-0.6322511434555054,-0.023617267608642578,16.606807708740234,-16.754051208496094,28.14093017578125,-83.69647216796875,1.5677428245544434,2.272698163986206,-2.774707078933716,-0.30951419472694397,0.12378302961587906,2.152052879333496,-0.5648970603942871,1.7904449701309204,1.7707916498184204,0.09303319454193115,-0.16870424151420593,0.2603451907634735,-2.1582090854644775,-0.18567989766597748
223,7.913901329040527,0.12734925746917725,-0.3120163083076477,-3.5489134788513184,-0.1917111873626709,-0.07816791534423828,-14.877864837646484,-16.596149444580078,22.280290603637695,-85.27532196044922,3.9096007347106934,3.776275396347046,-1.2160626649856567,-0.343023419380188,0.02772681415081024,-2.042262315750122,-1.6850996017456055,2.790412664413452,2.3218507766723633,0.1515592336654663,-0.17439128458499908,-0.761058509349823,-1.7515407800674438,0.00297604501247406
224,-0.35180914402008057,7.355894088745117,-3.3301100730895996,0.9009990692138672,0.0910419225692749,-0.19472837448120117,-2.537670135498047,-23.566436767578125,18.162736892700195,-49.13276672363281,16.336585998535156,7.355658531188965,-0.2568397521972656,0.26853078603744507,0.16728241741657257,-4.811758518218994,-0.6600582003593445,3.0842795372009277,2.5619189739227295,0.30539724230766296,-0.18163329362869263,-1.2815451622009277,-1.410096526145935,-0.2902289032936096
225,25.92877197265625,6.773833274841309,-5.613085746765137,9.207534790039062,0.2494034767150879,-0.1485896110534668,-28.635845184326172,-9.587300300598145,3.158357620239258,-9.274147987365723,16.161727905273438,3.6355056762695312,1.017053484916687,0.005869647487998009,-0.3537464439868927,-5.782284259796143,-1.208008050918579,3.7815654277801514,0.40305277705192566,-0.09306955337524414,-0.02024438977241516,2.316343307495117,0.8949218392372131,1.9861787557601929
226,44.73182678222656,10.523813247680664,-7.407918930053711,14.605178833007812,0.8747720718383789,-0.32442712783813477,-44.05447769165039,2.6376795768737793,-3.9402031898498535,-3.5613784790039062,1.142181396484375,0.1515045166015625,2.7904727458953857,0.6595498919487,0.36261606216430664,-2.3284454345703125,5.3956756591796875,-0.4957585334777832,-2.2175192832946777,0.07742767035961151,-0.10760791599750519,6.536217212677002,4.72015380859375,2.4894797801971436
227,32.34401321411133,20.027389526367188,-27.81618309020996,-53.13538360595703,2.4521055221557617,13.952892303466797,-34.54250717163086,-0.18709725141525269,0.6831448078155518,-10.24555778503418,-1.344096064567566,-0.33851397037506104,1.7411842346191406,0.07298233360052109,-0.00038769468665122986,0.21074923872947693,-2.1057257652282715,-5.071849822998047,-3.414625883102417,0.05098206177353859,0.5391101241111755,5.949667930603027,1.2600386142730713,0.5371137261390686
228,34.858551025390625,10.400805473327637,-26.76580238342285,-72.29264068603516,11.115679740905762,1.3618559837341309,-30.676565170288086,10.719950675964355,-7.282810688018799,-12.695125579833984,-0.9957586526870728,-0.13100337982177734,1.952444076538086,0.0002729445695877075,0.3552097678184509,0.022046281024813652,-2.1240439414978027,0.5259246826171875,-3.437485694885254,0.612915575504303,0.15789127349853516,2.113612651824951,-0.6235935091972351,-2.103135824203491
229,3.635249137878418,11.570845603942871,-25.661911010742188,-69.52632904052734,20.0,-6.557918071746826,-7.8971710205078125,-2.2115254402160645,-0.9575800895690918,-10.391706466674805,-0.47186630964279175,0.1830310821533203,2.295206069946289,-0.04257340729236603,0.3591802716255188,-1.189234733581543,-1.6394224166870117,0.7522262334823608,-2.4110236167907715,0.15031827986240387,-0.49798452854156494,-4.296758651733398,0.020477356389164925,-2.6260926723480225
230,-12.653419494628906,7.790108680725098,-7.501331329345703,-25.24481964111328,20.0,-5.801177501678467,17.792766571044922,-5.842327117919922,4.14737606048584,6.11749267578125,-0.2780613899230957,0.16061830520629883,2.3548340797424316,-0.08609458804130554,0.27794650197029114,-0.913887619972229,-1.6203476190567017,-2.739776849746704,-0.5090938806533813,-0.24167776107788086,-0.1672927737236023,-6.642801761627197,-2.8975048065185547,-2.951058864593506
231,-45.16355895996094,-3.319748640060425,9.450335502624512,1.3438873291015625,13.047955513000488,-2.959003448486328,59.214256286621094,-8.411345481872559,8.478848457336426,18.810441970825195,1.1881089210510254,0.2282733917236328,-1.1412513256072998,-0.26587170362472534,0.0902864933013916,5.584423542022705,3.810124397277832,-3.389935255050659,2.0558736324310303,-0.8659636378288269,0.11576764285564423,-2.5332107543945312,5.767378807067871,1.2523208856582642
232,-38.85555648803711,2.0269484519958496,-1.2066223621368408,-7.091869354248047,-1.0422782897949219,0.4523334503173828,32.03499221801758,-16.64324188232422,21.682722091674805,-37.763824462890625,-15.447042465209961,-8.906116485595703,-3.5572261810302734,0.43185970187187195,-0.5803732872009277,8.164422988891602,1.7471485137939453,-0.383196622133255,1.079391360282898,0.3173121213912964,-0.11461974680423737,1.639580488204956,-2.8073782920837402,0.07620662450790405
233,-21.109037399291992,-12.311971664428711,7.766780853271484,-9.688926696777344,-0.7276911735534668,0.037679314613342285,25.80312728881836,-18.046117782592773,34.10102081298828,-92.9270248413086,-0.10030508041381836,2.7083115577697754,-3.232144594192505,-0.3997703194618225,0.15101782977581024,5.050145626068115,0.6948051452636719,0.9691620469093323,1.676914095878601,0.009197667241096497,0.1175893098115921,0.6209041476249695,-2.3459434509277344,-0.12175126373767853
234,-19.501850128173828,0.5380414724349976,1.3666274547576904,-15.27444839477539,-0.8000136017799377,-0.010208606719970703,19.866004943847656,-15.333758354187012,24.49074363708496,-79.01451110839844,4.668255805969238,5.2920823097229,-2.6054470539093018,-0.12472357600927353,0.41446372866630554,-1.2323347330093384,-0.19624394178390503,2.4630985260009766,2.507659673690796,-0.06497593224048615,-0.18439939618110657,-0.618697464466095,-1.8805811405181885,-0.1813199818134308
235,-3.759817123413086,-2.609225034713745,1.2257797718048096,2.7159805297851562,-0.14529842138290405,-0.15200567245483398,4.456808090209961,-16.91077995300293,21.172849655151367,-65.9083023071289,15.099608421325684,6.001187801361084,-1.810094952583313,-0.2760542631149292,0.39297357201576233,-3.088315010070801,-0.30052924156188965,3.5070669651031494,2.9569156169891357,0.07505110651254654,-0.13272003829479218,-1.3238533735275269,-1.5580239295959473,-0.08895671367645264
236,19.489343643188477,6.572549343109131,-4.3530683517456055,9.570556640625,0.1276402473449707,-0.28852176666259766,-26.134672164916992,-18.862882614135742,14.886125564575195,-44.009559631347656,20.0,6.984670639038086,-0.5191023945808411,0.09445159137248993,0.36936962604522705,-3.5881619453430176,-1.5078518390655518,2.9067883491516113,2.8542232513427734,0.0579424649477005,0.005126509815454483,-1.3781261444091797,-1.4773532152175903,0.9412220120429993
237,17.614044189453125,5.815284252166748,-5.3793816566467285,5.871774673461914,0.3515263795852661,-0.1273508071899414,-16.77291488647461,-8.84808349609375,1.2705484628677368,-8.310561180114746,19.60607147216797,4.163595199584961,0.5631516575813293,0.10055449604988098,-0.3254055380821228,-4.759040355682373,-0.7243881225585938,3.7334461212158203,1.2791881561279297,0.07058579474687576,-0.11696088314056396,1.1592750549316406,0.41849684715270996,0.8581729531288147
238,44.882591247558594,18.769832611083984,-13.1060209274292,8.251163482666016,0.6689221858978271,-0.3217160701751709,-46.818016052246094,1.060235619544983,-3.2154977321624756,1.4646224975585938,0.8743772506713867,0.21461963653564453,2.544797420501709,0.7821147441864014,-0.9343529939651489,-5.9717278480529785,3.8652052879333496,0.17697465419769287,-2.1258273124694824,0.015423513948917389,-0.41542932391166687,7.551614284515381,5.375082015991211,2.806867837905884
239,47.70102310180664,17.050827026367188,-26.688983917236328,-26.569414138793945,-11.948689460754395,10.5768461227417,-47.61069869995117,-3.1929850578308105,3.1704225540161133,-15.323455810546875,-1.6772487163543701,-0.4118269681930542,1.7476720809936523,-0.09693281352519989,-0.2478434443473816,0.41486382484436035,-2.1955013275146484,-6.292442798614502,-3.7542881965637207,-0.13025540113449097,0.7291763424873352,7.0813307762146,1.2346268892288208,0.7178336977958679
240,28.466405868530273,9.717096328735352,-29.710601806640625,-69.63386535644531,5.625381946563721,5.33212423324585,-25.123332977294922,7.071304798126221,-4.827433109283447,-18.921894073486328,-1.1206915378570557,-0.13322234153747559,1.7691324949264526,0.04054976999759674,0.11318565905094147,0.345771849155426,-2.0982799530029297,0.11778340488672256,-3.273862600326538,0.382926344871521,0.4121769070625305,0.4652784764766693,-0.5124779343605042,-1.2454304695129395
241,-1.4786911010742188,19.345500946044922,-28.07973861694336,-71.2902603149414,13.571491241455078,-5.136336803436279,0.5665817260742188,-6.872625350952148,2.307846784591675,-3.5597991943359375,-0.262331485748291,0.08968901634216309,2.4486007690429688,0.021984916180372238,0.2589060664176941,-0.799805760383606,-1.96132230758667,0.7503224611282349,-1.920334815979004,-0.15065424144268036,0.20167919993400574,-4.166458606719971,-0.40879639983177185,-1.4721083641052246
242,-14.206256866455078,7.083484172821045,-4.143476486206055,-20.43187713623047,20.0,-4.616703033447266,15.376863479614258,-2.881570339202881,1.9470770359039307,5.202129364013672,-0.1091620922088623,0.06259489059448242,2.0114874839782715,-0.04812145605683327,-0.003837769851088524,-0.2955740690231323,-1.7956600189208984,-2.135971784591675,-0.5419884920120239,-0.4699368476867676,0.13507205247879028,-6.537671089172363,-1.6445854902267456,-2.25486421585083
243,-36.4451904296875,-3.215174913406372,9.704325675964355,1.0025291442871094,12.083494186401367,-2.882051944732666,43.53778076171875,-4.6919636726379395,5.245308876037598,14.315999984741211,0.6787657737731934,0.16416239738464355,-1.273421049118042,-0.1612585186958313,-0.25285059213638306,5.095012187957764,2.5472335815429688,-3.2001421451568604,1.2525554895401,-1.0156195163726807,-0.14274996519088745,-1.8216338157653809,7.4045000076293945,2.1530442237854004
244,-28.341339111328125,-6.2399396896362305,2.5957672595977783,-3.5494155883789062,-0.5779366493225098,0.3538780212402344,32.1408805847168,-17.82544708251953,19.525163650512695,-64.32233428955078,-4.523968696594238,-1.1348469257354736,-2.2779359817504883,0.30553534626960754,-0.5296306610107422,7.383531093597412,2.0220279693603516,-1.1858948469161987,1.5244728326797485,0.3301774859428406,-0.23058101534843445,1.228090524673462,-2.671469211578369,1.133120059967041
245,-31.28564453125,-10.546202659606934,8.394044876098633,-12.239582061767578,-1.0719749927520752,0.16399765014648438,28.127586364746094,-16.748497009277344,28.990365982055664,-78.0650634765625,2.6982438564300537,1.0505197048187256,-2.9118380546569824,-0.3319617807865143,0.34339043498039246,4.422661781311035,-0.46657106280326843,1.7293610572814941,1.6927235126495361,-0.0015113353729248047,-0.29821738600730896,0.5214197039604187,-2.2466747760772705,-0.15674835443496704
246,-14.96961498260498,2.4005813598632812,-1.8948476314544678,-13.73873519897461,-0.5563335418701172,-0.06653261184692383,11.573339462280273,-21.375938415527344,25.326845169067383,-73.09345245361328,7.674291133880615,4.165031433105469,-2.1468894481658936,-0.2623639702796936,0.16807672381401062,-1.5633372068405151,-0.6886876225471497,2.3898744583129883,2.134181499481201,0.13731440901756287,-0.26179248094558716,-0.44425827264785767,-1.761353850364685,0.09307383000850677
247,11.297542572021484,4.382366180419922,-3.3913540840148926,2.9656314849853516,0.024725914001464844,-0.13875150680541992,-20.273761749267578,-19.78582191467285,18.943958282470703,-70.32959747314453,11.864755630493164,4.829954624176025,-0.6858208775520325,-0.10530923306941986,-0.2417517602443695,-4.451193809509277,-0.9200049042701721,2.659614086151123,2.45530366897583,0.3020189106464386,-0.2346351444721222,-1.2495797872543335,-1.5184986591339111,0.06451104581356049
248,13.633829116821289,-2.4961295127868652,2.67124605178833,13.632508277893066,0.29248976707458496,-0.18897390365600586,-21.564014434814453,-12.975105285644531,9.617015838623047,-41.947975158691406,20.0,6.983107089996338,-0.21990855038166046,-0.16135329008102417,0.17984020709991455,-3.1456820964813232,-1.269104242324829,3.843219757080078,2.2480950355529785,0.25543615221977234,-0.22873017191886902,-1.2526400089263916,-1.422530174255371,-0.38046467304229736
249,32.22531509399414,16.47827911376953,-11.027833938598633,3.651458740234375,0.5546793937683105,-0.29273223876953125,-32.412418365478516,-6.601291179656982,0.5025108456611633,5.14360237121582,11.025858879089355,2.2638559341430664,1.4452476501464844,0.33407947421073914,-0.26480183005332947,-6.234755516052246,0.7942049503326416,2.4926106929779053,-1.314650058746338,-0.2139188051223755,-0.19074378907680511,4.292995929718018,2.7487785816192627,1.7972631454467773
250,54.558258056640625,17.57192611694336,-22.463214874267578,-54.743106842041016,6.574481010437012,16.6583251953125,-45.85961151123047,10.235207557678223,-7.0348992347717285,-1.2341041564941406,-0.626258373260498,-0.11009407043457031,2.304503917694092,-0.033506572246551514,-0.2981611490249634,0.2483159750699997,-2.710296154022217,-6.36646842956543,-3.228001832962036,-0.03761529177427292,-0.19576074182987213,8.785879135131836,3.0821027755737305,1.4048213958740234
251,36.794246673583984,15.485456466674805,-33.092979431152344,-68.2993392944336,8.002300262451172,1.484242558479309,-36.34921646118164,2.0284993648529053,0.2618424892425537,-20.36110496520996,-1.3566346168518066,-0.2615646719932556,1.795385479927063,0.020268306136131287,0.29762670397758484,-0.15879890322685242,-1.983601689338684,0.8752237558364868,-3.498091459274292,0.5826669931411743,0.5052647590637207,3.095980644226074,1.362868070602417,-0.5617169141769409
252,23.27437973022461,13.559392929077148,-23.411174774169922,-57.71056365966797,16.37786865234375,-3.546934127807617,-18.987140655517578,-2.1511714458465576,-1.0961819887161255,-12.95892333984375,-0.9390392899513245,-0.005727291107177734,2.370640754699707,-0.0739944651722908,0.3791520297527313,-1.0918742418289185,-1.4945282936096191,0.7254989147186279,-2.8180830478668213,0.143568754196167,0.08337409049272537,-2.6663010120391846,0.022967204451560974,-2.03297758102417
253,-18.23571014404297,6.134429454803467,-7.060943603515625,-38.55065155029297,19.392688751220703,-7.311091899871826,18.089801788330078,0.35826385021209717,-0.25745195150375366,3.988492965698242,-0.14808344841003418,0.16132783889770508,2.561933755874634,-0.31984299421310425,0.3001123368740082,-1.611110806465149,-1.378273367881775,0.1273219734430313,-1.0962181091308594,-0.10465597361326218,0.04342782497406006,-5.4909796714782715,-1.5416169166564941,-2.289701461791992
254,-38.345787048339844,2.3725857734680176,3.1885387897491455,-10.758157730102539,14.099458694458008,-3.6576199531555176,40.72230529785156,-4.570395469665527,2.6250977516174316,12.771507263183594,0.41677141189575195,0.22150087356567383,0.33528950810432434,0.02669672667980194,0.12840254604816437,2.068892240524292,0.8029422760009766,-2.744691848754883,0.9394636750221252,-0.33901965618133545,-0.3261416554450989,-6.706317901611328,-2.6931350231170654,-1.5678433179855347
255,-48.09397888183594,-0.7393102645874023,3.8331103324890137,-1.2348442077636719,0.20415210723876953,0.07887077331542969,54.52669143676758,-13.416370391845703,20.603132247924805,-21.3897762298584,-13.931747436523438,-8.460395812988281,-2.5167605876922607,0.3197648227214813,0.5541285872459412,7.750718593597412,5.1313796043396,-3.1694176197052,2.1824448108673096,-0.5911632180213928,-0.0260514784604311,-1.1397480964660645,5.647611141204834,3.6054067611694336
256,-15.831554412841797,-4.924854278564453,0.2570366859436035,-6.982166290283203,-1.3112473487854004,0.47707659006118774,16.582712173461914,-17.737560272216797,26.69150161743164,-75.07740783691406,-4.752760410308838,-1.5581727027893066,-2.4631543159484863,-0.2129848748445511,-0.34664878249168396,7.048285961151123,-0.13162784278392792,0.381612092256546,1.728987455368042,0.03123314678668976,-0.19924145936965942,0.8011255860328674,-2.631791830062866,0.16346785426139832
257,-22.836753845214844,-7.014084339141846,5.259579181671143,-12.835159301757812,-0.6050631999969482,0.0014159679412841797,16.366287231445312,-12.385078430175781,28.21126365661621,-83.41925048828125,-0.2028360366821289,3.786304473876953,-2.6611266136169434,-0.5551175475120544,0.228928342461586,2.9542388916015625,-0.3711414933204651,1.789534568786621,1.8385571241378784,-0.03281918168067932,-0.1615525633096695,-0.10388825833797455,-1.9483509063720703,-0.08537384867668152
258,-12.149322509765625,1.5069594383239746,0.31093788146972656,-9.965660095214844,-0.43485504388809204,-0.08532428741455078,11.05622673034668,-18.749305725097656,23.548606872558594,-72.08212280273438,8.586997985839844,5.618274688720703,-1.8193359375,-0.21352091431617737,0.5404912233352661,-2.087329387664795,-0.25732719898223877,3.0407354831695557,2.418611526489258,0.09615863859653473,-0.19229963421821594,-1.0524715185165405,-1.4607696533203125,0.10560957342386246
259,8.435332298278809,3.30240797996521,-3.7520647048950195,1.967275619506836,-0.17073297500610352,-0.1667952537536621,-15.430749893188477,-16.868453979492188,16.61966323852539,-49.926795959472656,18.131372451782227,7.2972002029418945,-0.5257622003555298,-0.16907203197479248,0.05451405048370361,-4.881216049194336,-1.5428351163864136,3.6007800102233887,2.537330150604248,0.3048795759677887,-0.017982281744480133,-1.6115268468856812,-1.2093335390090942,-0.261899471282959
260,23.534460067749023,13.971747398376465,-7.746320724487305,8.505340576171875,0.40877676010131836,-0.2635340690612793,-19.11758041381836,-16.8071231842041,5.356911659240723,-5.001532554626465,17.695451736450195,3.443676471710205,1.1248135566711426,0.3612251579761505,-0.03172067925333977,-5.942607402801514,-1.0615133047103882,3.1972200870513916,1.0589392185211182,-0.08539319783449173,-0.057723261415958405,1.5352133512496948,0.2694389820098877,2.8583426475524902
261,38.37302780151367,19.196277618408203,-13.535305976867676,12.095874786376953,0.5542210340499878,-0.20537972450256348,-42.39304733276367,-6.1404619216918945,2.068943500518799,-1.6168098449707031,1.4657859802246094,-0.038927555084228516,2.4805428981781006,0.9267241358757019,-0.7722731232643127,-6.716115474700928,-0.5160660147666931,1.820054531097412,-2.0343973636627197,-0.4070713520050049,-0.0360821932554245,6.405861854553223,4.6998138427734375,2.80311918258667
262,41.55888366699219,25.087539672851562,-33.59432601928711,-56.41545104980469,1.6942319869995117,18.50980567932129,-42.17613220214844,-1.373557686805725,0.4750957489013672,-10.24448013305664,-1.401856541633606,-0.3563516139984131,1.9004970788955688,0.07824535667896271,-0.30185967683792114,-0.15215639770030975,-1.9279783964157104,-7.447961330413818,-3.701380729675293,-0.2709985375404358,0.8382460474967957,6.944324493408203,1.1385962963104248,0.9049553871154785
263,31.51230239868164,5.893952369689941,-30.198835372924805,-75.08369445800781,10.603681564331055,1.4752228260040283,-30.43046760559082,13.40519905090332,-8.896142959594727,-15.408102989196777,-0.9889394640922546,-0.15939068794250488,1.883307695388794,0.17418047785758972,0.1630782186985016,-0.059602804481983185,-2.08250093460083,0.459722101688385,-3.544818639755249,0.4924852252006531,0.2447083741426468,1.9001938104629517,-0.19421499967575073,-1.9497438669204712
264,13.873088836669922,12.568004608154297,-21.68020248413086,-50.49369812011719,20.0,-6.092849254608154,-10.57168960571289,-1.0698219537734985,0.04141366481781006,-9.611318588256836,-0.49822428822517395,0.12163305282592773,2.195919990539551,-0.06343406438827515,0.04550166428089142,-0.8554431200027466,-1.6102584600448608,0.6241823434829712,-2.723662853240967,0.2985062301158905,0.21899348497390747,-3.467191696166992,0.0866880863904953,-2.6175944805145264
265,-13.954305648803711,0.24591249227523804,-2.3597424030303955,-28.898536682128906,20.0,-7.065007209777832,18.503389358520508,0.5430504679679871,-1.343824863433838,5.439172744750977,-0.21489572525024414,0.24069643020629883,2.5406265258789062,-0.23822402954101562,0.16259482502937317,-1.1574617624282837,-1.5498310327529907,-0.5595757961273193,-0.872769832611084,-0.11597249656915665,0.09664111584424973,-5.772810459136963,-2.3990161418914795,-2.5935871601104736
266,-37.085731506347656,-1.6560869216918945,6.609882354736328,4.364246368408203,12.489309310913086,-3.000267505645752,46.3841667175293,-9.390546798706055,6.37919282913208,11.249326705932617,0.7257273197174072,0.21843171119689941,-1.158795952796936,0.24716545641422272,-0.05144013464450836,5.633525371551514,3.2817025184631348,-3.8145253658294678,1.603659987449646,-0.3138295114040375,0.18473680317401886,-8.140534400939941,-1.120762825012207,-1.5590312480926514
267,-38.291595458984375,-9.293404579162598,5.645603656768799,-4.78167724609375,-0.7489213943481445,0.35964035987854004,35.837562561035156,-9.434694290161133,15.302264213562012,-41.725303649902344,-16.346256256103516,-9.266573905944824,-3.123866558074951,0.2770758271217346,-0.2964229881763458,9.068193435668945,3.0442848205566406,-1.8346915245056152,1.2178043127059937,0.5013656616210938,-0.2678810954093933,1.6351264715194702,-2.746846914291382,0.11029985547065735
268,-31.606691360473633,-5.713620185852051,4.016921520233154,-17.33795928955078,-1.3196440935134888,0.26715052127838135,32.00244903564453,-25.530426025390625,33.455684661865234,-80.10863494873047,0.8757615089416504,2.3318471908569336,-3.2990453243255615,-0.3724721074104309,0.21853017807006836,4.056347370147705,0.2586670219898224,0.8372357487678528,1.6001123189926147,0.04271639138460159,-0.15510722994804382,0.6217741966247559,-2.286081075668335,-0.18116050958633423
269,-5.7395477294921875,-2.4401252269744873,1.7016665935516357,-6.635909080505371,-0.3545735478401184,0.00928497314453125,2.787891387939453,-16.976797103881836,25.089889526367188,-88.39704132080078,3.496133804321289,4.685307025909424,-2.5291805267333984,-0.38489580154418945,0.4064561724662781,0.0833052396774292,-0.014014835469424725,2.4317331314086914,2.2186267375946045,0.09625334292650223,-0.22278496623039246,-0.5493213534355164,-1.8846536874771118,-0.3297547698020935
270,-6.300182342529297,0.4910568594932556,-0.02626335620880127,-5.773555755615234,-0.4969151020050049,-0.09181785583496094,7.6375226974487305,-15.61468505859375,15.187949180603027,-58.653255462646484,18.64449691772461,6.304019927978516,-1.3030056953430176,-0.24494709074497223,0.2812419533729553,-4.588069915771484,-1.1263185739517212,4.286762714385986,2.8714566230773926,0.22951653599739075,-0.3517473042011261,-1.4352668523788452,-1.4387036561965942,-0.3512032926082611
271,13.322481155395508,3.956578254699707,-2.460141897201538,11.766465187072754,0.2091684341430664,-0.34990978240966797,-18.885272979736328,-18.98565101623535,11.202231407165527,-29.955791473388672,20.0,4.888670921325684,-0.7304891347885132,-0.28143683075904846,0.08526970446109772,-3.8890275955200195,-1.8118987083435059,3.879131317138672,2.519343614578247,0.11342009156942368,-0.2230907678604126,-1.0150715112686157,-1.7537274360656738,1.2671058177947998
272,17.363372802734375,11.888581275939941,-7.447478771209717,5.442720413208008,0.419527530670166,-0.24914216995239258,-17.62061309814453,-10.280360221862793,2.5544345378875732,-2.181912422180176,17.331981658935547,3.136671543121338,0.0661441832780838,0.13014887273311615,-0.35475942492485046,-5.193841457366943,-0.24870620667934418,3.898588180541992,0.18419545888900757,-0.10171172767877579,-0.485968679189682,2.5497517585754395,0.995936393737793,1.4302935600280762
273,53.289207458496094,15.75504207611084,-18.172658920288086,-28.754648208618164,-16.61513328552246,6.958126068115234,-51.654998779296875,4.644012451171875,-5.0511603355407715,-0.8762588500976562,-0.203704833984375,-0.018024921417236328,2.4339935779571533,0.414255291223526,-0.16464468836784363,-1.8622100353240967,7.993158340454102,-3.573406934738159,-2.3848254680633545,0.30913403630256653,-0.1492602378129959,8.329682350158691,4.329057693481445,2.63118314743042
274,35.0333251953125,24.78272819519043,-30.467260360717773,-61.947044372558594,2.431877374649048,15.39497184753418,-40.14424514770508,-4.665700912475586,2.957406759262085,-16.235248565673828,-1.4867655038833618,-0.4363486170768738,1.9429270029067993,-0.07153034210205078,-0.198511004447937,-0.3149296045303345,-1.8490883111953735,-6.124858856201172,-3.7577760219573975,-0.07883851230144501,0.6768787503242493,5.637382507324219,1.4931745529174805,-0.4120628535747528
275,29.734647750854492,11.978172302246094,-24.178346633911133,-72.79667663574219,9.228150367736816,2.1744914054870605,-25.640602111816406,8.189035415649414,-6.531083106994629,-16.204233169555664,-1.0833938121795654,-0.026470661163330078,2.222273349761963,-0.01101444661617279,0.3000220060348511,-0.4972532093524933,-1.85050630569458,0.4151971936225891,-3.1936252117156982,0.40323859453201294,0.24046382308006287,-0.5289103388786316,-0.045774273574352264,-2.5615835189819336
276,2.2238759994506836,12.987136840820312,-16.005632400512695,-56.50666809082031,18.04204559326172,-7.461185932159424,-2.056194305419922,1.116823673248291,-2.9381699562072754,-1.3202781677246094,-0.39208126068115234,0.2689790725708008,2.562613010406494,-0.20968832075595856,0.30610567331314087,-1.3423678874969482,-1.5871953964233398,0.6994612216949463,-2.2845704555511475,-0.05407615378499031,-0.42592641711235046,-3.88284969329834,-1.142380714416504,-2.4988319873809814
277,-14.930391311645508,12.762922286987305,-4.134347915649414,-19.818359375,20.0,-4.688940525054932,20.301494598388672,-4.437236785888672,3.223855972290039,7.725160598754883,0.1336972713470459,0.18789005279541016,2.291188955307007,-0.14975887537002563,0.06519007682800293,-0.5959092974662781,-1.6035633087158203,-3.1581127643585205,-0.6391708254814148,-0.2870572507381439,-0.2790766656398773,-5.374095916748047,-2.06640625,-2.321671724319458
278,-29.767396926879883,8.213849067687988,2.3837366104125977,-1.507577896118164,16.72028923034668,-3.0163469314575195,40.66865158081055,-13.852142333984375,10.650415420532227,12.557626724243164,0.7535507678985596,0.1681687831878662,-0.33690574765205383,0.3036234676837921,0.3306770920753479,4.421756744384766,2.4256153106689453,-3.7849268913269043,1.5636582374572754,-0.5900490880012512,0.5606605410575867,-6.3900146484375,-0.634125292301178,-0.7636770009994507
279,-51.07607650756836,-7.386152267456055,4.0937089920043945,-6.3866729736328125,-0.7030849456787109,0.39447689056396484,49.03627395629883,-9.857584953308105,16.785076141357422,-32.28120803833008,-15.178834915161133,-9.579313278198242,-3.0277934074401855,0.35109958052635193,-0.1939944326877594,8.304215431213379,3.0587263107299805,-1.4774974584579468,1.96314537525177,-0.11708839237689972,-0.29898232221603394,-0.7793440818786621,5.952823638916016,0.47204017639160156
280,-27.496051788330078,-2.1071014404296875,2.4795424938201904,-13.488395690917969,-1.1282751560211182,0.2259143590927124,29.190380096435547,-21.419239044189453,30.310075759887695,-64.4971694946289,-0.1759052276611328,0.7974499464035034,-3.491659164428711,0.16152992844581604,0.05785861238837242,5.265766620635986,0.5867152214050293,0.9306738972663879,1.5912482738494873,0.029036149382591248,-0.17956429719924927,1.088173747062683,-2.6011576652526855,-0.10132873803377151
281,-12.491531372070312,-2.7039122581481934,2.3877406120300293,-10.270618438720703,-0.5235453248023987,-0.026885986328125,11.449380874633789,-17.97784423828125,28.77725601196289,-83.10257720947266,2.2652015686035156,4.863348960876465,-2.8976938724517822,-0.0538758747279644,0.3531632721424103,0.606497049331665,0.3756812512874603,2.137955904006958,2.2243266105651855,-0.10181886702775955,-0.2112351953983307,0.038200318813323975,-2.2067742347717285,-0.3339611291885376
282,-4.171003341674805,-4.071957588195801,1.208548665046692,-3.5478286743164062,-0.49776363372802734,-0.08027458190917969,0.6271514892578125,-11.46645450592041,17.952709197998047,-69.54214477539062,10.532822608947754,4.2857441902160645,-1.9311920404434204,-0.20694562792778015,0.13921809196472168,-2.9956984519958496,-1.4202197790145874,3.689330577850342,2.5796658992767334,0.1727435290813446,-0.1187799870967865,-0.735297679901123,-1.8290090560913086,0.1295715570449829
283,3.7330126762390137,0.03765606880187988,-0.18847206234931946,5.434579849243164,0.16016554832458496,-0.2652559280395508,-5.82444953918457,-19.0223388671875,16.177228927612305,-54.5999755859375,20.0,7.923135757446289,-0.7765778303146362,-0.24185767769813538,0.013649869710206985,-4.761162281036377,-0.5175066590309143,4.253256320953369,2.955648422241211,0.30406880378723145,-0.054680317640304565,-1.341640830039978,-1.5201590061187744,-0.30177658796310425
284,13.127317428588867,10.409355163574219,-5.808817386627197,12.23576545715332,0.2901477813720703,-0.3744215965270996,-18.474796295166016,-24.08653450012207,12.150416374206543,-22.293540954589844,20.0,4.6410980224609375,-0.3992920517921448,0.17383281886577606,0.0362708643078804,-3.6796329021453857,-0.1035400927066803,2.8935203552246094,2.062896490097046,-0.2832075357437134,-0.08010172843933105,-0.18916071951389313,-1.3541851043701172,1.2493189573287964
285,34.371891021728516,10.108203887939453,-7.671088695526123,8.718986511230469,0.43609619140625,-0.13871240615844727,-34.186527252197266,-5.490780353546143,-0.8486490249633789,-8.053479194641113,19.142210006713867,3.7441577911376953,1.0897033214569092,0.3174358904361725,-0.6854439973831177,-5.1575398445129395,0.8545558452606201,3.288367986679077,-0.8197107911109924,-0.27925366163253784,-0.34535112977027893,4.150021076202393,2.5118958950042725,1.5364348888397217
286,55.807525634765625,21.711162567138672,-25.668806076049805,-33.977935791015625,-16.55900001525879,13.029264450073242,-54.717220306396484,1.330004334449768,-1.9546700716018677,-6.074901580810547,-0.7405805587768555,-0.07762432098388672,2.101670742034912,-0.09490582346916199,-0.35094189643859863,-0.31073427200317383,-3.116112470626831,-5.868732452392578,-3.4758009910583496,-0.292510986328125,0.27980563044548035,7.715647220611572,3.2374684810638428,2.3935976028442383
287,36.78650665283203,17.783519744873047,-33.459197998046875,-70.98478698730469,3.375187873840332,18.05521011352539,-35.593753814697266,7.266218185424805,-3.9148106575012207,-14.239204406738281,-1.170954704284668,-0.35876548290252686,1.4360381364822388,0.01706431806087494,0.1416686326265335,0.33381134271621704,-1.6183573007583618,-2.3340930938720703,-4.342205047607422,0.379367470741272,0.5705116987228394,4.209280967712402,1.84168541431427,-0.7188748121261597
288,28.4173583984375,16.093740463256836,-28.876928329467773,-59.80500030517578,10.31121826171875,-0.1953168511390686,-16.334716796875,0.9609291553497314,-1.72357177734375,-12.555498123168945,-0.9573743939399719,-0.0016579627990722656,2.447087526321411,0.050727441906929016,0.21911990642547607,-0.4224705696105957,-1.9295724630355835,0.5192232728004456,-3.031970262527466,0.5886486768722534,0.3225797116756439,-1.5455764532089233,0.024182017892599106,-2.098552703857422
289,-18.05017852783203,10.154468536376953,-12.099292755126953,-42.99385070800781,15.080881118774414,-5.448702335357666,16.95220947265625,-3.861754894256592,1.0241094827651978,0.04085731506347656,-0.28893136978149414,0.16389131546020508,2.552309274673462,-0.14100825786590576,0.05117443948984146,-0.9969781637191772,-1.8040143251419067,0.1942221224308014,-1.2083219289779663,-0.05876677483320236,-0.1523555964231491,-5.719432353973389,-1.7698105573654175,-2.524730920791626
290,-32.743247985839844,2.127474784851074,5.085487365722656,-10.049681663513184,15.927520751953125,-4.166167259216309,37.11198425292969,-7.8226799964904785,5.208391189575195,10.379098892211914,0.2699155807495117,0.2240612506866455,0.742262601852417,0.05921921879053116,0.09550323337316513,1.9951587915420532,0.10750048607587814,-3.3672292232513428,0.9767240285873413,-0.5279282927513123,0.09045305103063583,-7.835699558258057,-3.238557815551758,-1.4857896566390991
291,-41.8057861328125,-5.595301151275635,4.569472312927246,0.6790199279785156,-0.020742416381835938,0.24419927597045898,36.48928451538086,-7.985191822052002,16.652490615844727,-39.80131530761719,-17.71837615966797,-7.43800163269043,-1.9360171556472778,0.22245024144649506,0.021488286554813385,7.838249206542969,2.995556592941284,-2.730922222137451,2.1248669624328613,-0.12416605651378632,-0.40660640597343445,-0.5782501697540283,5.142658233642578,-0.23057693243026733
292,-28.13176155090332,-4.802593231201172,2.5867252349853516,-10.756620407104492,-1.092334270477295,0.4126274585723877,23.925962448120117,-19.8056697845459,26.729196548461914,-68.9446029663086,-3.5261449813842773,-1.096611738204956,-2.855844259262085,-0.19993732869625092,-0.1333974301815033,6.602982521057129,0.20158633589744568,1.0559722185134888,1.333631157875061,0.06793628633022308,-0.3055327236652374,0.9561793804168701,-2.467865467071533,0.06437619030475616
293,-21.362932205200195,-1.3007692098617554,1.862608551979065,-14.471936225891113,-0.6905774474143982,-0.05024576187133789,17.407787322998047,-20.280548095703125,31.07474708557129,-87.23577117919922,1.8622756004333496,4.416974067687988,-2.4250779151916504,-0.06402497738599777,0.35591012239456177,1.292313814163208,-0.18143895268440247,2.00488018989563,1.8502291440963745,0.14701411128044128,-0.2866143584251404,-0.22938798367977142,-1.8467916250228882,-0.2853490710258484
294,3.933206081390381,-3.561574697494507,1.720761775970459,-0.2690420150756836,-0.13994455337524414,-0.1399369239807129,-9.400629043579102,-16.495412826538086,22.325286865234375,-80.3140869140625,7.467358112335205,5.577895641326904,-1.264290690422058,-0.40362629294395447,0.41734954714775085,-1.375434398651123,-1.025227665901184,2.638540744781494,2.2821240425109863,0.1454411745071411,-0.15679922699928284,-1.000293493270874,-1.5988740921020508,0.2310950756072998
295,-8.474447250366211,6.777355670928955,-2.9246418476104736,-2.4815216064453125,-0.2890942096710205,-0.1308002471923828,8.772972106933594,-22.19915008544922,17.012720108032227,-34.13235092163086,20.0,8.768782615661621,-0.6277767419815063,-0.014356185682117939,0.5390011668205261,-4.359238624572754,-1.7262228727340698,3.943450450897217,2.4831719398498535,0.16351988911628723,-0.2155238687992096,-1.2678109407424927,-1.319286823272705,-0.19039994478225708
296,19.994365692138672,11.121374130249023,-9.643550872802734,6.375860214233398,0.2530815601348877,-0.22654056549072266,-20.78243637084961,-13.049983978271484,7.937402725219727,-12.224431991577148,17.434022903442383,3.835984706878662,0.8392767310142517,0.09759591519832611,-0.523307740688324,-6.003535747528076,-2.0761756896972656,3.615730047225952,1.2534595727920532,0.07226294279098511,-0.08900509029626846,0.826517641544342,-0.33928126096725464,2.178532123565674
297,40.98526382446289,13.604360580444336,-9.56284236907959,14.093219757080078,0.9868087768554688,-0.2944655418395996,-41.78361129760742,-2.5760726928710938,0.42282921075820923,-2.788423538208008,6.565332412719727,1.1409988403320312,2.3038084506988525,0.6569149494171143,-0.8500456809997559,-5.033163070678711,3.1421031951904297,1.0003912448883057,-1.8834407329559326,-0.05667494237422943,-0.12636664509773254,5.42421293258667,3.8232054710388184,2.1981849670410156
298,57.550045013427734,16.07659149169922,-21.572725296020508,-40.38226318359375,6.968376636505127,14.854995727539062,-51.71856689453125,6.21125602722168,-3.478139877319336,-8.793630599975586,-1.1878588199615479,-0.2567253112792969,1.6523600816726685,-0.10111670941114426,-0.2509745657444,0.45318856835365295,-2.1260411739349365,-5.545605659484863,-3.9033477306365967,-0.03767405077815056,0.40310922265052795,7.344594478607178,1.7473384141921997,0.7049762010574341
299,22.8144474029541,20.023170471191406,-30.070589065551758,-75.4072265625,9.028375625610352,-1.6512391567230225,-21.24087142944336,0.9066702127456665,-1.241733193397522,-16.78131103515625,-1.140142560005188,-0.1698622703552246,1.9422184228897095,-0.051500871777534485,0.3182573616504669,0.040644288063049316,-2.1237826347351074,0.561954915523529,-3.300879716873169,0.07509884238243103,0.5121102929115295,1.3375359773635864,-1.0310978889465332,-1.3344711065292358
300,10.826342582702637,15.369147300720215,-22.62311363220215,-65.83521270751953,15.861032485961914,-4.61605167388916,-10.638086318969727,1.9368510246276855,-2.729276180267334,-5.474367141723633,-0.2993553876876831,0.09708166122436523,2.3886911869049072,-0.08979377150535583,0.3448091149330139,-0.8344530463218689,-1.7484265565872192,0.7910154461860657,-2.600430488586426,0.168814554810524,0.2806755006313324,-2.8830950260162354,-0.6929574608802795,-2.1571269035339355
301,-17.07278823852539,14.962992668151855,-10.788004875183105,-28.39409637451172,20.0,-5.051616191864014,20.181140899658203,-10.493453979492188,5.997244358062744,2.394916534423828,0.03559160232543945,0.13262701034545898,2.335763692855835,-0.14248555898666382,0.14145305752754211,-0.7978061437606812,-1.6790390014648438,-2.145625591278076,-0.5604734420776367,-0.5959295034408569,0.29997217655181885,-6.784206390380859,-0.6171755790710449,-2.213425397872925
302,-33.871673583984375,-2.6169052124023438,6.155063152313232,-7.436365127563477,15.693440437316895,-3.559739112854004,37.298213958740234,1.8446741104125977,-0.20376932621002197,17.456989288330078,0.5280791521072388,0.21516060829162598,-0.17481167614459991,-0.1329304575920105,-0.011558890342712402,3.3875434398651123,1.4020954370498657,-2.4522993564605713,0.6788573861122131,-0.6406822204589844,-0.10320356488227844,-2.4518516063690186,4.928838729858398,0.8437221050262451
303,-45.35578155517578,-1.2842543125152588,2.2577638626098633,-4.088222503662109,-0.4569106101989746,0.17665958404541016,46.39227294921875,-16.090896606445312,18.529037475585938,-36.30497741699219,-14.573233604431152,-8.817915916442871,-2.4422965049743652,0.48375141620635986,-0.06651641428470612,6.996537685394287,2.7255029678344727,-2.151339530944824,2.289783000946045,-0.15933085978031158,-0.5244413614273071,-1.3725367784500122,4.090865135192871,-0.26937615871429443
304,-15.502862930297852,-8.6367769241333,4.59895133972168,-6.567317962646484,-0.7410709857940674,0.2480071783065796,11.74110221862793,-15.418526649475098,25.55670738220215,-85.2721939086914,-6.045746326446533,0.80317622423172,-2.598123788833618,-0.033038798719644547,-0.12339048832654953,5.528946876525879,1.0647093057632446,-0.20820358395576477,1.6367954015731812,0.11538416892290115,-0.4199449121952057,0.6702566146850586,-2.4439003467559814,-0.03239908814430237
305,-18.562236785888672,-1.4891595840454102,1.3987932205200195,-10.984169006347656,-0.7492649555206299,0.1255490779876709,15.783689498901367,-19.740385055541992,31.02393341064453,-77.47803497314453,-0.5996789932250977,4.0254693031311035,-2.3264706134796143,-0.1926376074552536,0.1852949559688568,1.464996337890625,-0.47165486216545105,1.8835480213165283,1.97835111618042,0.12017155438661575,-0.29776841402053833,-0.1281689703464508,-1.9514940977096558,-0.21251362562179565
306,-8.210184097290039,-1.7662241458892822,1.2610894441604614,-5.601681709289551,-0.3669149875640869,-0.07740116119384766,3.095639228820801,-16.584238052368164,22.205745697021484,-73.33271789550781,7.753540992736816,4.521357536315918,-1.5951240062713623,-0.2658796012401581,0.3131117522716522,-2.5688562393188477,-1.074556827545166,3.3699326515197754,2.2905633449554443,0.18935707211494446,-0.22213423252105713,-0.8913600444793701,-1.5450531244277954,0.13010439276695251
307,5.374797821044922,1.9682048559188843,-1.55050790309906,6.092896461486816,0.08849525451660156,-0.25194501876831055,-7.494598388671875,-20.112253189086914,18.01919174194336,-50.1411247253418,16.91293716430664,7.830869674682617,-0.5309914946556091,-0.23640666902065277,0.19164758920669556,-3.6220345497131348,-1.3948352336883545,3.515835762023926,2.5899839401245117,0.3093111217021942,-0.09369625896215439,-1.2763783931732178,-1.3775770664215088,-0.2668384313583374
308,17.133275985717773,12.054145812988281,-7.581717014312744,4.5762481689453125,0.32303762435913086,-0.24679803848266602,-20.433984756469727,-12.280618667602539,5.528264045715332,-10.060955047607422,18.390552520751953,4.050885200500488,0.4058823585510254,0.21612347662448883,-0.22208136320114136,-5.420568943023682,-0.2823237478733063,3.05330753326416,0.7796550393104553,0.09483847767114639,-0.15984785556793213,1.3507635593414307,0.24405084550380707,1.7925652265548706
309,32.71788024902344,13.936175346374512,-9.140731811523438,10.137418746948242,0.43481266498565674,-0.2119278907775879,-33.157623291015625,-2.616335391998291,-0.41518664360046387,-1.2850971221923828,4.951129913330078,0.8590855598449707,1.6490119695663452,0.8817362785339355,-0.13714699447155,-1.6635847091674805,7.6003618240356445,-1.0074578523635864,-1.58979070186615,-0.05814003199338913,-0.31985175609588623,5.0083160400390625,3.4291269779205322,1.9871892929077148
310,36.72822570800781,22.054685592651367,-25.890541076660156,-54.52119064331055,0.8186280727386475,14.84623908996582,-37.01185607910156,-0.45360881090164185,1.0394690036773682,-5.407251358032227,-0.9462835788726807,-0.2606194019317627,1.7340551614761353,0.1346507966518402,-0.05895926430821419,0.9044378995895386,-1.1592433452606201,-5.199172019958496,-3.2529306411743164,-0.02319176122546196,0.8696739673614502,6.705423831939697,1.6129121780395508,0.9854946732521057
311,22.093128204345703,18.09653091430664,-30.085609436035156,-80.6534652709961,6.051812171936035,0.31084251403808594,-21.996768951416016,4.373414039611816,-4.100437164306641,-14.807516098022461,-0.8717316389083862,-0.1677865982055664,1.7624316215515137,0.03430798649787903,0.16734139621257782,0.007037526927888393,-2.0461654663085938,0.7880045175552368,-2.711453914642334,0.12495508044958115,0.3418973386287689,1.241317868232727,0.9346133470535278,-1.3047454357147217
312,14.64754867553711,17.691299438476562,-23.698497772216797,-66.37261199951172,13.986722946166992,-4.8438825607299805,-12.3251953125,-0.13037218153476715,-1.5299795866012573,-3.7960596084594727,-0.7330975532531738,0.11860084533691406,2.4653446674346924,0.0026107951998710632,0.2506139874458313,-0.8790419697761536,-1.7082210779190063,0.8432369828224182,-1.9542860984802246,-0.028851518407464027,0.09890689700841904,-1.7778947353363037,-1.993443250656128,-1.5655567646026611
313,-21.85494613647461,7.276062488555908,-8.587607383728027,-32.587684631347656,18.548986434936523,-5.6062517166137695,17.86292266845703,-6.061665058135986,4.1206865310668945,-2.4789581298828125,-0.1667170524597168,0.08609676361083984,2.1210482120513916,0.014159264042973518,0.03150433301925659,-0.9321364164352417,-1.5540655851364136,-2.0499749183654785,-0.12044379115104675,-0.48411452770233154,0.09602145850658417,-7.0472002029418945,-3.7900338172912598,-1.7973527908325195
314,-35.95099639892578,0.03465104103088379,8.071084976196289,-1.5680532455444336,12.888686180114746,-2.8684144020080566,44.91970443725586,-4.516531944274902,5.344851016998291,18.606050491333008,1.3169108629226685,0.10027790069580078,-0.7007019519805908,-0.045424893498420715,0.016300439834594727,4.0500030517578125,2.2234082221984863,-2.70000958442688,1.554303765296936,-0.8206720352172852,0.18678516149520874,-2.0807347297668457,6.649535179138184,1.7157206535339355
315,-31.641054153442383,-5.925250053405762,3.8709216117858887,1.4186782836914062,-0.45896244049072266,0.2943729758262634,36.04482650756836,-20.63324737548828,23.57908058166504,-65.06767272949219,2.8838553428649902,-1.211777925491333,-2.5878448486328125,0.4237997233867645,0.1182771548628807,8.94140911102295,2.196835994720459,-0.38060450553894043,1.5321966409683228,0.4300091862678528,0.2987181842327118,1.6422256231307983,-1.7536609172821045,0.04152294993400574
316,-40.17837905883789,-11.142355918884277,6.1521406173706055,-17.845989227294922,-1.2006007432937622,0.1099696159362793,38.876800537109375,-14.048133850097656,29.610151290893555,-78.82571411132812,4.137279987335205,1.8189918994903564,-3.235687017440796,-0.5711198449134827,0.15934698283672333,4.497727394104004,0.6143680214881897,1.6780226230621338,1.6611889600753784,0.06044061481952667,-0.11959019303321838,0.12382513284683228,-1.8359878063201904,-0.06470166891813278
317,-12.590290069580078,0.691474199295044,-0.44227179884910583,-10.404973030090332,-0.6556462049484253,-0.09213685989379883,6.5170087814331055,-18.435213088989258,27.01744270324707,-82.1656265258789,6.791426181793213,4.540230751037598,-2.6821672916412354,-0.5564932227134705,0.06273061037063599,-0.23545150458812714,-0.7944020628929138,2.2223012447357178,2.07485032081604,0.17717447876930237,-0.09037426859140396,-0.88652503490448,-1.3701225519180298,0.07501926273107529
318,8.59298324584961,3.227011203765869,-0.8538107872009277,-3.6914100646972656,-0.1977834701538086,-0.11486959457397461,-11.545900344848633,-11.338104248046875,11.861946105957031,-56.7390022277832,14.681913375854492,7.140490531921387,-0.7373897433280945,-0.16902942955493927,0.06480773538351059,-4.921274662017822,-1.7867778539657593,3.504666566848755,2.8465003967285156,0.24356478452682495,-0.2934144139289856,-1.7866051197052002,-1.1706817150115967,-0.20117893815040588
319,14.849408149719238,12.802987098693848,-7.709749698638916,5.728681564331055,0.2679833173751831,-0.22420930862426758,-17.50986099243164,-17.99636459350586,6.455539226531982,-10.100436210632324,19.593029022216797,4.062619209289551,0.3468720018863678,0.36084699630737305,-0.14369098842144012,-6.851881504058838,-0.9494079351425171,3.481109857559204,1.2644692659378052,-0.1572418361902237,-0.3307373821735382,0.5328495502471924,0.2271130383014679,1.4326480627059937
320,45.37394714355469,17.403472900390625,-12.46070671081543,13.44432258605957,0.7177265882492065,-0.26053476333618164,-46.176795959472656,-0.9688007831573486,-1.2969622611999512,2.0062255859375,0.8459911346435547,0.09254312515258789,2.2461371421813965,1.060563325881958,-0.46773791313171387,-4.906022071838379,5.128064155578613,-0.11370277404785156,-1.9699761867523193,-0.27340370416641235,-0.5118165612220764,7.1562113761901855,5.071605205535889,2.664323568344116
321,40.135643005371094,17.117076873779297,-24.827064514160156,-61.192527770996094,0.2295529842376709,16.917152404785156,-42.45977783203125,5.48917818069458,-2.081456422805786,-12.001815795898438,-1.5548460483551025,-0.3494797348976135,2.0228328704833984,0.04039808362722397,-0.2252560555934906,-0.3360217809677124,-2.73705792427063,-6.149585247039795,-3.4641494750976562,0.034678224474191666,0.5020771622657776,6.720455646514893,0.9941442012786865,0.4314762353897095
322,29.637622833251953,13.721644401550293,-28.807126998901367,-72.20478057861328,5.283083438873291,1.7704808712005615,-23.622291564941406,5.391860008239746,-3.628835678100586,-15.967342376708984,-0.8616258502006531,-0.12446236610412598,2.4248201847076416,0.20324793457984924,0.3095380365848541,-0.5320512056350708,-1.9306762218475342,0.47716647386550903,-2.556664228439331,0.6120929718017578,0.4371432363986969,0.9293563365936279,0.34550851583480835,-1.5005451440811157
323,9.393837928771973,12.178244590759277,-23.614810943603516,-56.188453674316406,14.151992797851562,-5.5871076583862305,-11.938512802124023,-0.5159866809844971,-0.8763254284858704,-6.79701042175293,-0.608177661895752,0.10301351547241211,2.5484678745269775,-0.004198051989078522,0.17750442028045654,-1.247986078262329,-1.4668766260147095,0.9178735613822937,-1.9803014993667603,0.24652928113937378,-0.02223970927298069,-3.406609296798706,-0.6421831250190735,-2.201463222503662
324,-17.047483444213867,1.993942379951477,-3.95379638671875,-27.07347297668457,18.97545623779297,-5.88314151763916,15.57858657836914,1.5284175872802734,-1.663536787033081,4.820796966552734,-0.09901571273803711,0.17047691345214844,2.285629987716675,-0.01275181770324707,0.04932534322142601,-1.157782793045044,-1.5816867351531982,-1.486195683479309,-0.6983744502067566,0.05203193426132202,-0.37101802229881287,-5.698790073394775,-2.2081167697906494,-2.9275567531585693
325,-34.009403228759766,-0.05364513397216797,6.97229528427124,5.037282943725586,13.430418014526367,-3.1424307823181152,44.69247817993164,-14.88375473022461,11.042959213256836,10.484336853027344,0.749627947807312,0.24541640281677246,-1.1896291971206665,0.1329307109117508,0.13059672713279724,5.090081214904785,3.230681896209717,-3.8387022018432617,1.705908179283142,-0.6203102469444275,0.4266020357608795,-7.93073844909668,-0.48456913232803345,-0.9159579873085022
326,-39.121437072753906,-5.594170570373535,3.350923776626587,-6.906955718994141,-0.8073139190673828,0.41315340995788574,37.02708053588867,-9.360559463500977,15.656157493591309,-31.1702880859375,-15.281278610229492,-9.106139183044434,-3.070058584213257,0.13629624247550964,-0.1404101848602295,7.900569915771484,2.4225194454193115,-1.368850827217102,1.890300989151001,-0.19510449469089508,-0.02917228639125824,0.029904842376708984,4.264397144317627,1.096653699874878
327,-17.67500877380371,-14.421773910522461,7.749336242675781,-8.476757049560547,-0.8455300331115723,0.19083428382873535,17.303735733032227,-8.309563636779785,20.51692008972168,-76.8030014038086,-0.913334846496582,-1.1393183469772339,-3.0617282390594482,-0.6344061493873596,0.12561817467212677,6.112542629241943,0.03713351488113403,1.1168204545974731,1.4485657215118408,0.13565246760845184,0.09487936645746231,0.83724045753479,-2.375657320022583,0.1460905373096466
328,-23.03961944580078,2.7763123512268066,-0.6029984951019287,-18.133699417114258,-0.8552432060241699,0.013068199157714844,15.221144676208496,-21.309877395629883,24.795917510986328,-80.59893798828125,6.39112663269043,4.1730217933654785,-2.9382102489471436,-0.28221815824508667,0.16688932478427887,-0.6454644203186035,-0.6181085705757141,2.7425036430358887,1.7798482179641724,0.1994466632604599,-0.14530743658542633,-0.420624315738678,-1.632968544960022,-0.2541215419769287
329,2.424060344696045,0.13137483596801758,0.3391174077987671,0.4724702835083008,-0.20818328857421875,-0.17867374420166016,-5.051115036010742,-18.393320083618164,16.913177490234375,-61.68930435180664,13.191198348999023,5.843029975891113,-1.7865055799484253,-0.28927338123321533,0.12749388813972473,-3.452117443084717,-1.76139235496521,3.6627416610717773,2.248030662536621,0.2121872752904892,-0.1803572028875351,-1.070579171180725,-1.4348560571670532,-0.07652372121810913
330,18.124107360839844,5.8661980628967285,-4.0289411544799805,5.651987075805664,0.29651904106140137,-0.29803466796875,-18.549381256103516,-12.487735748291016,6.83535099029541,-28.023469924926758,18.315860748291016,5.156128883361816,0.02963288128376007,0.019374629482626915,-0.19139829277992249,-5.491243362426758,-1.4079720973968506,3.0007829666137695,2.470533847808838,0.3465476930141449,-0.05656781047582626,-1.0612777471542358,-1.6155554056167603,0.6601171493530273
331,37.205787658691406,15.86216926574707,-9.756277084350586,11.26026725769043,0.6281851530075073,-0.17073392868041992,-36.797733306884766,-9.49652099609375,-0.05830812454223633,1.5184860229492188,12.109081268310547,2.454808235168457,1.6027870178222656,0.43277910351753235,-0.45442071557044983,-6.549437046051025,-0.09617147594690323,2.864919900894165,-0.9740954041481018,-0.44825583696365356,-0.3135125935077667,4.521459102630615,2.474299907684326,2.222590208053589
332,46.24995040893555,13.023815155029297,-22.58435821533203,-43.53433609008789,-19.882129669189453,11.016461372375488,-51.55280303955078,7.810413360595703,-6.663407325744629,-4.456916809082031,-0.7531023025512695,-0.1607668399810791,2.031195640563965,0.5038819909095764,0.3041877746582031,1.4075403213500977,-0.499761700630188,-7.128775119781494,-4.0222578048706055,0.055954188108444214,-0.14109735190868378,9.08253002166748,2.4324419498443604,1.3844525814056396
333,41.16776657104492,12.76717758178711,-28.99881935119629,-70.69190979003906,7.715125560760498,1.4389605522155762,-33.6292724609375,5.253322601318359,-1.2783806324005127,-19.919322967529297,-1.245983362197876,-0.26815855503082275,1.6382421255111694,-0.08385609090328217,0.35630297660827637,0.2742422819137573,-2.1306521892547607,0.7221775054931641,-3.802485704421997,0.27433541417121887,0.36616066098213196,3.422837972640991,0.691408634185791,-0.9795540571212769
334,10.56782341003418,19.010961532592773,-29.185932159423828,-60.81406784057617,14.926115036010742,-6.627803325653076,-7.237001419067383,-5.697802543640137,2.3944497108459473,-14.220048904418945,-0.8153615593910217,0.013768434524536133,2.2772438526153564,-0.016440540552139282,0.16005727648735046,-0.7951249480247498,-1.7970927953720093,0.8177750110626221,-2.1989498138427734,0.09228403866291046,0.1415831297636032,-4.110969543457031,-0.49244654178619385,-1.935567021369934
335,-9.008350372314453,7.291013717651367,-7.125964641571045,-28.634180068969727,20.0,-6.393575668334961,11.75343132019043,0.019536614418029785,-0.7406090497970581,6.792137145996094,-0.13823938369750977,0.14569616317749023,2.228295087814331,-0.03758804500102997,0.011769701726734638,-0.6742718815803528,-1.6872750520706177,-1.1242940425872803,-0.8890647888183594,-0.11009781807661057,-0.1734846830368042,-5.77119779586792,-2.229133367538452,-2.5095748901367188
336,-33.463809967041016,0.16333186626434326,4.854376316070557,-16.098493576049805,15.639910697937012,-4.192133903503418,34.94342803955078,-0.06153416633605957,0.9259006381034851,15.661637306213379,0.7768034934997559,0.21839523315429688,0.5328717827796936,0.03904859721660614,0.10329698771238327,1.8352923393249512,-0.1618826687335968,-2.7010788917541504,0.45012664794921875,-0.10809191316366196,0.03972254693508148,-5.248569011688232,-0.7045281529426575,-2.0003716945648193
337,-48.53075408935547,-7.93610143661499,7.867268085479736,-0.4581489562988281,0.18230628967285156,0.12073040008544922,56.025909423828125,-9.88276195526123,16.99009132385254,-21.90707015991211,-12.03085708618164,-6.694934844970703,-2.18034029006958,-0.014888511039316654,0.7930980324745178,7.489414691925049,3.9952754974365234,-1.9783260822296143,2.247896194458008,-0.5728766322135925,0.005879792384803295,-1.0000783205032349,6.31206750869751,3.348233222961426
338,-16.19350242614746,-3.6975464820861816,-1.4082109928131104,-8.05731201171875,-1.1221752166748047,0.332174152135849,12.748830795288086,-16.679424285888672,21.731679916381836,-74.81914520263672,-3.1764893531799316,-0.8724105954170227,-2.5430662631988525,-0.3867209851741791,-0.48041513562202454,6.447948932647705,-0.03881535306572914,0.13825646042823792,1.3176491260528564,0.08294442296028137,-0.4119223356246948,1.1169317960739136,-2.5675647258758545,-0.001072152517735958
339,-14.203473091125488,-0.19540166854858398,2.2792909145355225,-12.560622215270996,-0.5698992013931274,0.01716446876525879,10.251304626464844,-18.67658042907715,29.308366775512695,-80.15139770507812,1.7351908683776855,3.345574378967285,-1.9000905752182007,-0.26607003808021545,0.31623849272727966,1.5496821403503418,-0.7979342937469482,1.2681610584259033,1.776755452156067,-0.019882753491401672,-0.35172587633132935,0.16466133296489716,-2.0610668659210205,-0.29150545597076416
340,-19.150949478149414,1.387155294418335,0.2505991458892822,-6.2505621910095215,-0.36369800567626953,-0.05764579772949219,21.016624450683594,-16.522647857666016,26.931377410888672,-66.59227752685547,6.180415153503418,4.177830696105957,-1.5180686712265015,-0.09389951825141907,0.4235667288303375,-1.852080225944519,-0.6862069964408875,2.2585668563842773,2.4086215496063232,-0.01210068166255951,-0.5098897814750671,-0.6108034253120422,-1.703752875328064,-0.1550036370754242
341,2.5932183265686035,6.316582202911377,-5.087602615356445,3.419692039489746,-0.12925028800964355,-0.10175132751464844,-11.978582382202148,-24.071216583251953,26.464828491210938,-65.96710205078125,11.61885929107666,6.473318099975586,-0.6483531594276428,0.19767138361930847,0.02730651944875717,-3.8782622814178467,-1.82534921169281,2.7316415309906006,2.4845328330993652,0.2744407057762146,-0.30019280314445496,-1.2448662519454956,-1.3922922611236572,-0.08874478936195374
342,16.396318435668945,3.2050271034240723,-3.0908236503601074,7.841817855834961,0.375211238861084,-0.12947559356689453,-25.13692283630371,-12.20170783996582,10.150827407836914,-24.79550552368164,19.427852630615234,4.117527008056641,0.13500536978244781,0.06939156353473663,-0.20878201723098755,-4.827393531799316,-1.0394312143325806,3.7505223751068115,1.637690544128418,0.1802828013896942,-0.0399869903922081,-0.37936362624168396,-1.2219669818878174,1.1112126111984253
343,44.09075164794922,18.47361183166504,-21.028995513916016,-25.58282470703125,-16.390897750854492,7.185452461242676,-49.318965911865234,1.179112434387207,-5.331155300140381,7.973163604736328,0.7576675415039062,0.09366703033447266,2.0848889350891113,0.8045475482940674,0.1017165333032608,-2.827824115753174,10.546659469604492,-3.836759328842163,-2.27294659614563,0.1520185023546219,-0.2612808644771576,8.990717887878418,4.836239814758301,2.615841865539551
344,40.583595275878906,18.730886459350586,-32.03547668457031,-65.59667205810547,0.5650448799133301,0.7651362419128418,-41.162452697753906,1.0104130506515503,2.1335887908935547,-16.19857406616211,-1.5183987617492676,-0.39378297328948975,1.3979212045669556,-0.1683957576751709,0.4500159025192261,0.17913874983787537,-2.034071922302246,0.7674810886383057,-2.959043025970459,0.3323823809623718,1.224660873413086,6.585464954376221,1.854570746421814,0.7894200682640076
345,38.654052734375,18.643922805786133,-33.05607986450195,-66.47595977783203,9.109565734863281,-3.1080574989318848,-37.05583190917969,1.7500641345977783,-5.127978324890137,-18.393878936767578,-1.3102012872695923,-0.12504982948303223,1.8091533184051514,-0.0697009265422821,0.3219275176525116,-0.7801591157913208,-1.4500722885131836,0.9858430624008179,-3.1972241401672363,0.19987048208713531,0.09029971063137054,0.8413655757904053,-0.2110554575920105,-1.6549311876296997
346,11.664580345153809,11.89782428741455,-21.437353134155273,-56.454071044921875,16.26249885559082,-7.688945770263672,-4.810660362243652,2.852170467376709,-3.1898598670959473,-3.677910804748535,-0.3984346389770508,0.1415119171142578,2.584425687789917,-0.10797345638275146,0.2937217652797699,-1.5926014184951782,-1.178457498550415,1.145887851715088,-1.9046224355697632,0.12389574944972992,-0.4545634388923645,-2.799121618270874,-1.3732385635375977,-2.403069257736206
347,-4.721554756164551,13.581377029418945,-12.719449996948242,-35.974273681640625,20.0,-8.377789497375488,7.7530436515808105,-0.8708354234695435,0.7266074419021606,6.026994705200195,0.10604214668273926,0.1642746925354004,2.7069122791290283,-0.12388984858989716,0.18380151689052582,-1.6045058965682983,-1.1716235876083374,-1.0828938484191895,-0.8058034777641296,0.07886084914207458,-0.362528532743454,-3.9717347621917725,-1.778236985206604,-2.9003429412841797
348,-28.02831268310547,4.393599510192871,0.1931140422821045,-3.765873908996582,18.957660675048828,-4.231352806091309,35.25791549682617,-11.321739196777344,9.569940567016602,6.384635925292969,0.5147528648376465,0.23012328147888184,0.1334119290113449,-0.012153934687376022,0.052884262055158615,2.77744460105896,1.858305811882019,-3.932082176208496,1.4106961488723755,-0.23193228244781494,0.5598099827766418,-6.63492488861084,-0.9264978170394897,-1.2681126594543457
349,-51.616676330566406,0.1216275691986084,1.429337501525879,-3.8516921997070312,-0.5036945343017578,0.3743629455566406,51.022056579589844,-15.283492088317871,10.46480941772461,16.6284122467041,0.5116603374481201,0.06316375732421875,-3.1596672534942627,0.3738725781440735,0.11973560601472855,8.660561561584473,3.207958221435547,-2.4560952186584473,2.067070722579956,-0.7281567454338074,0.0007436424493789673,-1.6046514511108398,4.5837531089782715,5.571235179901123
350,-20.75486183166504,-2.678215742111206,0.8113391399383545,-13.726875305175781,-1.0753247737884521,0.40464067459106445,16.48055076599121,-17.0529842376709,20.16460609436035,-47.06248474121094,-16.77034568786621,-1.7503610849380493,-3.3781168460845947,0.015059556812047958,-0.5231497287750244,6.24574089050293,0.3899115324020386,0.9091922044754028,1.6333942413330078,0.33122915029525757,0.17982764542102814,0.7810802459716797,-3.307004928588867,1.3155603408813477
351,-12.833171844482422,0.620056688785553,0.9416698217391968,-13.193514823913574,-0.5348228216171265,-0.07259154319763184,7.869052886962891,-22.738174438476562,25.66264533996582,-79.29861450195312,2.2586889266967773,2.816499948501587,-2.734017848968506,0.18465262651443481,-0.07690305262804031,0.8733776211738586,0.4873504638671875,1.0888501405715942,1.7480288743972778,0.0704030841588974,-0.012044612318277359,0.09980204701423645,-2.0247232913970947,-0.19029539823532104
352,-10.895252227783203,-1.7952606678009033,1.8618286848068237,-4.658063888549805,-0.5555093288421631,-0.009206771850585938,13.816450119018555,-19.140201568603516,20.438594818115234,-55.32615280151367,15.318547248840332,5.743724346160889,-1.8808984756469727,0.04686499387025833,0.25657400488853455,-2.6332802772521973,-1.0107282400131226,2.919642925262451,2.3203837871551514,-0.030237451195716858,0.05937083810567856,-0.4895138442516327,-1.7248367071151733,-0.21318486332893372
353,4.4912238121032715,2.3589799404144287,-1.532418966293335,5.617301940917969,0.02003002166748047,-0.17713308334350586,-8.795255661010742,-18.448780059814453,12.983477592468262,-50.04936218261719,20.0,9.156061172485352,-1.0538380146026611,0.20918643474578857,-0.013403011485934258,-3.866637706756592,-1.446799874305725,3.745067596435547,2.649320363998413,0.04853038489818573,-0.1573602855205536,-1.0980924367904663,-1.56254243850708,-0.533035159111023
354,18.964181900024414,-0.5263294577598572,-0.2724117338657379,9.317757606506348,0.3328883647918701,-0.30600643157958984,-23.993331909179688,-8.910253524780273,3.202742338180542,-25.843759536743164,20.0,5.205523490905762,0.05854876711964607,-0.047602035105228424,-0.10352708399295807,-4.435123920440674,-1.3421069383621216,3.5985991954803467,2.25372576713562,-0.08060093224048615,-0.023685870692133904,-0.436856210231781,-1.6830769777297974,1.3006089925765991
355,38.219181060791016,14.959001541137695,-10.723114967346191,8.377410888671875,0.7267060279846191,-0.2376251220703125,-40.393985748291016,-5.569091796875,-4.402349472045898,-0.3632068634033203,15.064664840698242,3.21822452545166,1.4620256423950195,0.3654667139053345,-0.8582116365432739,-6.574957370758057,1.447737693786621,2.805097818374634,-2.013326644897461,-0.5004265904426575,-0.41470786929130554,5.812241554260254,3.526146411895752,2.416267156600952
356,60.71227264404297,20.073278427124023,-25.058670043945312,-44.463775634765625,3.885580539703369,15.845137596130371,-51.1119384765625,7.397077560424805,-4.3555908203125,-5.979644775390625,-0.8528614044189453,-0.19313478469848633,1.816820502281189,-0.16121062636375427,-0.11926859617233276,0.6881193518638611,-3.5409908294677734,-5.396830081939697,-4.1663641929626465,-0.09232165664434433,0.3185977339744568,9.503610610961914,3.7914650440216064,2.0392770767211914
357,35.518558502197266,18.51902198791504,-31.356346130371094,-74.25155639648438,2.7247300148010254,18.111724853515625,-33.60344696044922,6.030794143676758,-3.8193888664245605,-19.869426727294922,-1.3854074478149414,-0.3265345096588135,1.7693594694137573,-0.09119056165218353,0.5649316310882568,0.17516005039215088,-1.9200431108474731,2.589780330657959,-4.280102252960205,0.25527557730674744,0.13318270444869995,3.7218849658966064,2.1157772541046143,-1.218841314315796
358,16.73602294921875,18.60641098022461,-27.777713775634766,-63.65573501586914,14.192909240722656,-6.092108726501465,-12.75124740600586,-6.15285587310791,2.952399253845215,-15.964164733886719,-1.205623745918274,0.020227909088134766,2.383465528488159,-0.15572895109653473,0.3781084418296814,-0.7909706234931946,-1.759826421737671,1.1754242181777954,-3.0159859657287598,-0.07315684854984283,0.18258307874202728,-3.9383060932159424,-0.2810235619544983,-2.1818935871124268
359,-25.21642303466797,13.37067985534668,-16.45303726196289,-57.18022155761719,18.107921600341797,-9.440303802490234,22.10554313659668,-1.907857060432434,0.7399463653564453,9.040019989013672,-0.12247991561889648,0.19713306427001953,2.7469892501831055,-0.21543718874454498,0.19758881628513336,-1.5056371688842773,-1.6936233043670654,0.5969778299331665,-0.9523979425430298,-0.28152674436569214,-0.10638819634914398,-6.228582382202148,-2.770026683807373,-1.9685803651809692
360,-25.467504501342773,4.281621932983398,2.5431158542633057,-12.150083541870117,19.398645401000977,-4.5402021408081055,29.81458854675293,3.5215909481048584,-1.331836462020874,18.168621063232422,0.9419256448745728,0.17854046821594238,0.9455086588859558,-0.04966295138001442,-0.1552034467458725,1.6184768676757812,0.05028194189071655,-2.4522347450256348,0.09515969455242157,-0.009329804219305515,-0.24358950555324554,-4.187971115112305,-0.6388522386550903,-1.7713019847869873
361,-42.27886962890625,-2.5951056480407715,5.393378257751465,-0.5458412170410156,1.0453386306762695,-0.12031221389770508,44.08867645263672,-14.905641555786133,16.547908782958984,-13.438777923583984,-9.871424674987793,-4.276045799255371,-1.7911579608917236,-0.1352158933877945,0.4589325785636902,6.583746433258057,4.420202255249023,-2.897120714187622,2.232607364654541,-1.0050643682479858,-0.2752450704574585,-1.329167127609253,5.315230846405029,2.090176820755005
362,-30.870637893676758,-5.4186859130859375,0.5826842784881592,-8.803611755371094,-1.3238718509674072,0.4690300226211548,29.741580963134766,-14.392112731933594,24.756633758544922,-70.86968231201172,1.1705121994018555,-0.6053431034088135,-2.736931800842285,-0.05115946754813194,-0.2526151239871979,6.351783752441406,0.05249042809009552,0.9293777346611023,1.3357113599777222,0.15971800684928894,-0.31830957531929016,0.9538741111755371,-2.5129342079162598,0.08828652650117874
363,-23.085372924804688,-3.9647252559661865,4.31702995300293,-10.780295372009277,-0.5397579669952393,-0.09354615211486816,26.08831787109375,-18.02850914001465,29.966697692871094,-74.74518585205078,4.02050256729126,3.503005266189575,-2.6724958419799805,-0.18221111595630646,0.4023759365081787,2.9418795108795166,-0.0069758412428200245,1.5823487043380737,1.8590991497039795,0.0859605073928833,-0.3180857300758362,0.1379603147506714,-2.0381152629852295,-0.2793664336204529
364,-13.632367134094238,1.3864202499389648,-0.734271764755249,-9.470115661621094,-0.49877989292144775,-0.07538604736328125,13.541422843933105,-17.28254508972168,24.76422882080078,-64.97576141357422,11.944250106811523,4.182130813598633,-2.0484254360198975,-0.10366757959127426,0.3668881356716156,-1.692900538444519,-0.2565650939941406,2.3591299057006836,2.2996644973754883,0.1670626848936081,-0.3016982078552246,-0.6825554370880127,-1.6516565084457397,-0.00980493426322937
365,5.283176898956299,4.6764349937438965,-4.304053783416748,2.2795448303222656,-0.18745136260986328,-0.08947038650512695,-10.27337646484375,-17.552820205688477,19.711563110351562,-52.97067642211914,15.833056449890137,5.997769832611084,-0.9859275817871094,-0.07360702753067017,-0.33758965134620667,-4.025600910186768,-1.546907901763916,3.1871767044067383,2.525669813156128,0.33358001708984375,-0.29507896304130554,-1.2564630508422852,-1.4310482740402222,-0.28967368602752686
366,12.591407775878906,9.727315902709961,-5.5987396240234375,5.990543365478516,0.28707367181777954,-0.23065900802612305,-16.59200096130371,-20.796890258789062,13.549234390258789,-17.965238571166992,20.0,4.197339057922363,-0.07298509776592255,0.16172654926776886,-0.26391953229904175,-5.654709339141846,-0.41584745049476624,2.9340858459472656,1.395169973373413,-0.016686009243130684,-0.042771823704242706,0.27145591378211975,-0.756434440612793,1.107862949371338
367,47.39433288574219,14.222602844238281,-9.77842903137207,11.543991088867188,0.479964017868042,-0.15843772888183594,-43.960182189941406,3.723231077194214,-4.677609443664551,3.1577720642089844,7.107232093811035,1.4458909034729004,2.209423542022705,1.0124413967132568,0.18655574321746826,-1.6737284660339355,6.77674674987793,-0.5872559547424316,-1.9567227363586426,0.2812853455543518,0.019059956073760986,6.851395130157471,4.829297065734863,2.8018553256988525
368,50.95785140991211,21.168405532836914,-27.778881072998047,-52.79823303222656,0.8756585121154785,17.502967834472656,-49.74446105957031,3.333000659942627,-1.163047432899475,-9.466999053955078,-1.3353357315063477,-0.37883853912353516,1.692072868347168,-0.11376168578863144,-0.06483662128448486,0.19115851819515228,-2.029984951019287,-5.536355495452881,-4.21373176574707,0.14913134276866913,0.6880127787590027,8.369207382202148,2.5241880416870117,0.4426040053367615
369,31.816720962524414,18.55947494506836,-33.117794036865234,-78.04576873779297,6.296452045440674,2.9421963691711426,-26.77129364013672,4.683927536010742,-4.202690601348877,-19.21809196472168,-1.2405788898468018,-0.1171867847442627,1.948501706123352,-0.04544711112976074,0.21641123294830322,-0.1299334317445755,-1.9704647064208984,0.5331602096557617,-3.6572890281677246,0.4498642683029175,0.09905129671096802,1.8337373733520508,0.8551910519599915,-1.7343000173568726
370,14.275219917297363,15.779589653015137,-22.372068405151367,-51.979183197021484,17.197996139526367,-6.307353973388672,-6.891441345214844,-4.2408246994018555,1.1303613185882568,-11.859403610229492,-0.9429004192352295,0.10010814666748047,2.7329983711242676,-0.023684129118919373,0.21273404359817505,-1.1019448041915894,-1.6191736459732056,0.9106327891349792,-1.9966319799423218,0.1495012491941452,-0.12394260615110397,-4.836033344268799,-1.5685898065567017,-2.6176087856292725
371,-29.977249145507812,8.221488952636719,-5.775884628295898,-40.081878662109375,20.0,-6.5915398597717285,26.7054500579834,-4.851118564605713,3.359647035598755,8.505661010742188,0.21548867225646973,0.23617982864379883,2.556767463684082,-0.22191423177719116,0.08441352844238281,-1.2393075227737427,-1.538521647453308,-2.026240348815918,0.01118437945842743,-0.4897880554199219,0.0364212729036808,-7.469174385070801,-1.9841846227645874,-1.8029026985168457
372,-33.88235092163086,5.523532867431641,4.953461647033691,-0.9756870269775391,14.960630416870117,-3.259556770324707,42.812652587890625,-10.13408374786377,7.835766792297363,17.90933609008789,0.7066547870635986,0.12066423892974854,-0.21075975894927979,-0.10150529444217682,0.02762003242969513,3.968604803085327,2.0355124473571777,-4.517574310302734,1.7810944318771362,-1.1816630363464355,-0.013300836086273193,-2.636383533477783,5.483793258666992,2.3733513355255127
373,-45.58445739746094,-4.154416084289551,2.9189376831054688,-3.481678009033203,-0.698270320892334,0.5129294395446777,41.74261474609375,-17.50294303894043,23.18133544921875,-36.68391418457031,-16.11710548400879,-3.1855649948120117,-2.896183967590332,0.21791109442710876,-0.1358586847782135,8.48042106628418,1.4710907936096191,-1.2059228420257568,1.7499730587005615,-0.18808534741401672,-0.25866207480430603,-0.7785452604293823,4.96552848815918,-0.10179325938224792
374,-12.90341567993164,-7.894955635070801,4.932912349700928,-10.796302795410156,-0.6488797068595886,0.15989220142364502,8.744290351867676,-13.373199462890625,23.06342315673828,-78.60670471191406,-5.557821273803711,-0.48136430978775024,-2.662193775177002,-0.2963968515396118,0.03358588367700577,5.374189853668213,0.309635192155838,0.5882905721664429,1.7261967658996582,-0.10208165645599365,-0.09410695731639862,0.5947533845901489,-2.414551019668579,0.13956625759601593
375,-14.792699813842773,2.548539638519287,-0.7155743837356567,-11.125039100646973,-0.5059032440185547,0.021666288375854492,8.068087577819824,-23.59666633605957,29.689212799072266,-80.51020812988281,1.9320887327194214,4.365231513977051,-2.475510358810425,-0.012011880986392498,0.28559669852256775,0.9231110215187073,0.2042331099510193,1.6908667087554932,1.9260362386703491,-0.0256345272064209,-0.12423039227724075,-0.36575961112976074,-1.7936298847198486,-0.287731409072876
376,-9.174253463745117,0.25951674580574036,-0.7465754151344299,-6.4747467041015625,-0.5125840902328491,-0.026929378509521484,3.4967050552368164,-15.823293685913086,19.009273529052734,-65.43962860107422,7.662178039550781,4.0762529373168945,-1.8527570962905884,0.09759604185819626,0.0442114919424057,-3.288508176803589,-0.8591036200523376,3.2911930084228516,2.12349796295166,0.15163946151733398,-0.15021082758903503,-1.0898160934448242,-1.3598732948303223,0.12763136625289917
377,1.0175833702087402,-1.4120630025863647,1.2559360265731812,6.275847434997559,0.011677026748657227,-0.24703502655029297,4.551840782165527,-13.803018569946289,15.13420581817627,-35.09139633178711,19.277475357055664,6.580973148345947,-0.7066985368728638,-0.07936303317546844,0.28130394220352173,-4.0476975440979,-1.2564234733581543,4.004546165466309,2.6810078620910645,0.09162098914384842,-0.07032342255115509,-1.2951666116714478,-1.3525974750518799,-0.3987288475036621
378,12.816885948181152,7.315375804901123,-5.592332363128662,5.757444381713867,0.23010611534118652,-0.3163323402404785,-11.381797790527344,-10.631258964538574,3.0787532329559326,-5.564328193664551,20.0,4.305845260620117,0.11904533207416534,0.043189674615859985,-0.2767201364040375,-5.0368452072143555,-0.7807236313819885,3.0825657844543457,0.9970606565475464,-0.010717222467064857,-0.05651041865348816,1.4931951761245728,0.3995124101638794,0.5724640488624573
379,45.53357696533203,16.478317260742188,-10.989958763122559,10.596050262451172,0.5971218347549438,-0.18567514419555664,-46.901206970214844,-0.43473362922668457,-3.4955697059631348,-2.492521286010742,4.697540283203125,1.314291000366211,2.124774932861328,0.5925571918487549,-0.9179272651672363,-7.023832321166992,0.21539771556854248,2.4778642654418945,-2.2990968227386475,-0.29617851972579956,-0.37547603249549866,6.185470104217529,4.562734603881836,2.823690414428711
380,48.107017517089844,18.2768497467041,-29.866289138793945,-48.30629348754883,-17.905702590942383,13.313034057617188,-46.471649169921875,3.7705531120300293,-1.5461862087249756,-7.754840850830078,-1.2962504625320435,-0.3391685485839844,1.9191033840179443,-0.10389232635498047,-0.3021019697189331,-0.098469078540802,-2.370964527130127,-6.823367118835449,-4.081067085266113,-0.16862495243549347,0.5344412922859192,8.189764022827148,1.4217731952667236,1.1019798517227173
381,12.386438369750977,16.548641204833984,-29.41387176513672,-74.49657440185547,2.168879270553589,-3.8581464290618896,-13.380961418151855,1.792379379272461,-1.1388171911239624,-21.737957000732422,-1.0922598838806152,-0.20667552947998047,1.7925784587860107,0.037557706236839294,0.19787894189357758,0.20264878869056702,-2.0691616535186768,0.5995808839797974,-2.8414015769958496,0.04729722440242767,0.24147038161754608,-0.25975754857063293,-0.18198136985301971,-1.0322291851043701
382,2.2087888717651367,4.6413373947143555,-10.316972732543945,-52.300079345703125,14.507179260253906,-4.956975936889648,-0.2440662384033203,7.317327499389648,-5.236622333526611,-3.4878883361816406,-0.4036595821380615,0.05447578430175781,2.2632148265838623,-0.06240766495466232,0.13266268372535706,-0.6032617092132568,-1.890738844871521,0.3440934419631958,-1.6330939531326294,0.32720205187797546,-0.07640780508518219,-4.533845901489258,-1.1526516675949097,-2.5417017936706543
383,-17.64720344543457,14.119719505310059,-6.191038131713867,-33.93083572387695,19.847885131835938,-5.556217193603516,14.374967575073242,-2.5593581199645996,0.6257117986679077,11.101490020751953,0.24058198928833008,0.2173018455505371,1.8118343353271484,-0.2093774378299713,0.0165160670876503,-0.35220831632614136,-1.8194864988327026,-1.2817891836166382,-0.9986792206764221,-0.14623701572418213,-0.3466910421848297,-4.525202751159668,-1.2415051460266113,-2.517545223236084
384,-23.611207962036133,-1.4041876792907715,6.383803844451904,-5.717841148376465,16.816442489624023,-3.9306111335754395,33.84706497192383,-4.939619064331055,4.681128025054932,10.084901809692383,0.4137992858886719,0.2085258960723877,0.16404840350151062,-0.10281462967395782,0.12085101753473282,2.8227732181549072,0.4317014515399933,-2.5043630599975586,1.0241692066192627,-0.16069912910461426,0.34867650270462036,-5.747225761413574,-1.5212829113006592,-1.4845494031906128
385,-50.69554138183594,-5.939294815063477,5.273429870605469,-2.9229965209960938,-0.22049522399902344,0.1667194366455078,51.1790657043457,-10.689619064331055,17.989078521728516,-30.824432373046875,-13.094271659851074,-8.075532913208008,-2.721416711807251,0.3226509690284729,0.3484334647655487,7.775590896606445,3.401378631591797,-1.8299955129623413,1.150496482849121,0.2701779305934906,-0.15703147649765015,1.5829230546951294,-2.7465357780456543,-0.3526148796081543
386,-26.93715476989746,-8.592493057250977,2.8202733993530273,-11.515752792358398,-1.2820287942886353,0.34267497062683105,27.265317916870117,-13.642704010009766,28.1118221282959,-79.00706481933594,1.6847479343414307,1.0586967468261719,-2.897088050842285,-0.4681894779205322,-0.29201608896255493,5.232009410858154,-0.7859713435173035,1.5468326807022095,1.451560616493225,0.20057006180286407,-0.25113391876220703,0.8509153723716736,-2.3128676414489746,-0.21813803911209106
387,-9.991994857788086,-4.922083854675293,4.928180694580078,-7.704421043395996,-0.30514025688171387,-0.15531444549560547,6.877043724060059,-13.725406646728516,26.378177642822266,-96.7587890625,5.982410430908203,5.726718902587891,-2.106121301651001,-0.49116116762161255,0.35664597153663635,1.2493032217025757,-0.9971742630004883,2.078850746154785,2.200721263885498,0.16760466992855072,-0.3488846719264984,-0.40579459071159363,-1.8051161766052246,-0.2532094717025757
388,-8.344082832336426,8.410475730895996,-3.9956557750701904,-6.8444719314575195,-0.26332616806030273,-0.12197065353393555,3.150104522705078,-24.13982391357422,26.178634643554688,-67.11651611328125,9.62989616394043,4.865543365478516,-1.3010720014572144,0.06736044585704803,0.36102283000946045,-3.338385581970215,-0.6870455741882324,2.4679815769195557,2.5328071117401123,0.25362905859947205,-0.3938209116458893,-1.1963839530944824,-1.3921798467636108,0.0067930668592453
389,11.451398849487305,10.359283447265625,-7.2789435386657715,4.651830673217773,0.03476560115814209,-0.10713481903076172,-18.494428634643555,-23.575698852539062,18.828487396240234,-37.378021240234375,15.190710067749023,5.231508255004883,-0.10114749521017075,0.318909615278244,-0.028656896203756332,-5.573153972625732,-0.9451141953468323,2.887453079223633,2.350184202194214,0.13631851971149445,-0.24856862425804138,-1.2839370965957642,-1.7015811204910278,0.681124746799469
390,26.699222564697266,1.9932947158813477,-2.668081283569336,15.387038230895996,0.5273628234863281,-0.20141029357910156,-31.394752502441406,-6.7898406982421875,3.991152286529541,-18.561376571655273,17.437475204467773,4.1219401359558105,0.6413381695747375,0.1920633465051651,-0.3572999835014343,-4.109318256378174,-0.41972777247428894,2.7699060440063477,0.6080440282821655,0.1519569456577301,-0.12054647505283356,1.3540524244308472,0.13290458917617798,1.3234014511108398
391,44.69572830200195,16.546140670776367,-20.575788497924805,-35.75886535644531,-14.903905868530273,9.440607070922852,-46.25962448120117,5.311306953430176,-6.4739155769348145,4.125083923339844,0.0828857421875,0.008475780487060547,1.8862484693527222,0.33184611797332764,-0.1507655680179596,-0.42374753952026367,1.5937457084655762,-5.470943450927734,-2.382964611053467,0.1825506091117859,-0.3453221917152405,8.537713050842285,4.127094745635986,2.356370210647583
392,48.487430572509766,21.166622161865234,-31.903079986572266,-65.80937194824219,0.30877017974853516,8.146727561950684,-44.759071350097656,1.9676563739776611,-0.06747913360595703,-15.731416702270508,-1.4941998720169067,-0.3247107267379761,1.5678210258483887,-0.116090789437294,0.3225278854370117,0.28688594698905945,-2.1185736656188965,0.6076231002807617,-3.3245155811309814,0.31814855337142944,0.367226243019104,6.224031448364258,1.077548623085022,0.5593810081481934
393,21.208494186401367,20.502534866333008,-35.18083953857422,-70.19384765625,8.05203628540039,-2.7823245525360107,-20.26426124572754,-4.201671600341797,1.9412331581115723,-16.36936378479004,-0.868960976600647,-0.16410422325134277,2.1085474491119385,0.07285703718662262,0.2907966077327728,-0.7315294146537781,-1.6842379570007324,1.0165221691131592,-2.691251516342163,0.42026329040527344,0.4697023034095764,-0.08360537141561508,0.5201339721679688,-1.073067307472229
394,2.0228586196899414,10.62904167175293,-19.77190399169922,-52.508941650390625,14.889288902282715,-6.440911293029785,-0.11549711227416992,-2.378246307373047,-0.004111826419830322,-4.710704803466797,-0.5420095920562744,0.027306556701660156,2.651336193084717,-0.04687716066837311,0.25561824440956116,-1.5856126546859741,-1.3632361888885498,0.7186364531517029,-1.209439992904663,-0.02211608923971653,0.14739781618118286,-4.6671953201293945,-1.1676822900772095,-2.448896646499634
395,-11.342613220214844,4.729259014129639,-7.84742546081543,-22.017250061035156,20.0,-5.317008018493652,10.282387733459473,0.2952662706375122,-1.0943950414657593,10.644454956054688,0.14652729034423828,0.24011564254760742,2.217707395553589,-0.014558166265487671,0.14823690056800842,-0.9818293452262878,-1.455729365348816,-2.0329320430755615,-0.6665207147598267,-0.3449145555496216,-0.2792903482913971,-4.146121025085449,-2.1608333587646484,-2.158661127090454
396,-28.584487915039062,-4.314638614654541,8.017852783203125,1.917755126953125,11.858070373535156,-2.7458295822143555,37.59395980834961,-5.563623428344727,5.806868553161621,7.636806488037109,0.5423378944396973,0.16310548782348633,-0.2601507306098938,-0.09577920287847519,0.11483695358037949,3.546583890914917,1.9117951393127441,-2.630671977996826,1.5132454633712769,-0.371926873922348,0.49599552154541016,-6.214015483856201,-1.9668940305709839,-1.2334918975830078
397,-49.90794372558594,-5.861303329467773,5.520691871643066,-2.037761688232422,-0.49951648712158203,0.18521857261657715,49.711181640625,-12.911750793457031,24.01866912841797,-45.30780792236328,-18.939212799072266,-0.786970853805542,-3.2109758853912354,-0.09488305449485779,0.3469647467136383,8.989493370056152,3.194671869277954,-1.656095027923584,2.0102498531341553,-0.48961296677589417,-0.27027660608291626,-1.39650297164917,7.5794358253479,0.32969534397125244
398,-11.025141716003418,-1.6804168224334717,-0.9593381881713867,-11.761554718017578,-0.9593175649642944,0.28675031661987305,7.61141300201416,-16.565126419067383,23.604228973388672,-73.60689544677734,-3.850062847137451,0.24910391867160797,-2.74456787109375,-0.23657965660095215,-0.26104220747947693,5.9366230964660645,0.4484977722167969,0.40280601382255554,1.5917797088623047,0.1927638202905655,-0.09294779598712921,0.560721218585968,-2.2814080715179443,0.037971824407577515
399,-8.726640701293945,2.5085268020629883,0.5152373313903809,-11.649949073791504,-0.5438811779022217,-0.005121707916259766,1.262582778930664,-24.446495056152344,26.753339767456055,-80.95378875732422,-2.2763161659240723,5.066372394561768,-2.039214611053467,-0.0978594720363617,0.20596323907375336,1.073377013206482,-0.24740514159202576,1.159693717956543,2.019794225692749,0.022578846663236618,-0.12297062575817108,-0.32590895891189575,-1.8662705421447754,-0.21608978509902954
400,-10.097641944885254,-3.1967053413391113,2.2742769718170166,-1.4427928924560547,-0.24457526206970215,-0.02741861343383789,3.4616575241088867,-20.443086624145508,22.616775512695312,-81.5641098022461,10.527239799499512,7.752626419067383,-1.7021795511245728,-0.14745911955833435,0.3488360643386841,-1.3293726444244385,-0.39692386984825134,2.76743745803833,2.326528310775757,0.11493733525276184,-0.14674162864685059,-1.217972755432129,-1.3125652074813843,0.03132122755050659
401,-1.855428695678711,3.3446755409240723,-2.0399765968322754,1.6847686767578125,-0.20189547538757324,-0.14474773406982422,-3.655879020690918,-24.03718376159668,18.091962814331055,-59.98362350463867,18.542133331298828,10.58032512664795,-0.8825202584266663,0.16682706773281097,0.21750569343566895,-3.454561471939087,-1.3848422765731812,3.912213087081909,2.6681466102600098,0.32470571994781494,-0.16704389452934265,-2.009164571762085,-0.873256266117096,-0.46083101630210876
402,17.85152816772461,13.59052562713623,-9.82774829864502,3.5124149322509766,0.18529963493347168,-0.2295985221862793,-23.728496551513672,-20.997365951538086,10.108755111694336,-14.458820343017578,18.70337677001953,3.992598533630371,0.2943558394908905,0.4353516101837158,-0.3969556987285614,-5.966683387756348,-1.24097740650177,3.776543617248535,1.1936018466949463,-0.1603362113237381,-0.15452691912651062,0.08618750423192978,-0.019159186631441116,2.129897356033325
403,44.72853088378906,14.045642852783203,-10.048519134521484,12.34490966796875,0.7252410054206848,-0.29341745376586914,-44.17972946166992,-1.455029010772705,-1.3150930404663086,1.8502388000488281,4.750270843505859,0.7596297264099121,2.12212872505188,0.5966833829879761,-0.9659730792045593,-7.209512710571289,0.2970866858959198,2.3396689891815186,-2.431328296661377,-0.7018645405769348,-0.5212998390197754,6.791684150695801,5.315328598022461,3.2054336071014404
404,51.706329345703125,19.324159622192383,-31.532875061035156,-36.46792221069336,-19.544525146484375,15.571638107299805,-46.257625579833984,2.8693718910217285,-0.7767291069030762,-7.710147857666016,-1.4667474031448364,-0.396909236907959,2.2939062118530273,-0.07981371879577637,-0.4488464593887329,-1.11214280128479,-3.051762104034424,-6.565342426300049,-4.337998867034912,-0.012341623194515705,0.7612535953521729,9.83322811126709,0.8490135669708252,1.2028064727783203
405,39.01139450073242,14.984320640563965,-35.49960708618164,-70.16866302490234,7.805607318878174,2.273439407348633,-31.492586135864258,2.9875078201293945,-2.2100791931152344,-24.103513717651367,-1.0382871627807617,-0.24023103713989258,1.825173020362854,0.07121148705482483,0.12081389129161835,-0.17873212695121765,-1.7243235111236572,0.08323323726654053,-3.7267160415649414,0.22706548869609833,0.5816550254821777,2.1386420726776123,1.0383319854736328,-1.3955230712890625
406,9.969863891601562,11.109387397766113,-18.862152099609375,-48.08903503417969,12.842041015625,-3.877042293548584,-4.41545295715332,-1.5320854187011719,-0.6302226781845093,-11.143463134765625,-0.8563909530639648,0.10294532775878906,2.5111496448516846,-0.014043830335140228,0.10224736481904984,-1.0117429494857788,-1.6035579442977905,0.6427500247955322,-2.2329492568969727,0.007563461549580097,0.29652199149131775,-4.029130935668945,-1.2486116886138916,-1.8922507762908936
407,-10.507857322692871,3.454396963119507,-0.9777252078056335,-22.371089935302734,20.0,-5.69697904586792,11.22500228881836,3.0923752784729004,-3.47971248626709,6.465034484863281,0.09590792655944824,0.15782690048217773,2.2480082511901855,0.014292657375335693,0.04659164324402809,-0.7766387462615967,-1.658014178276062,-1.6172969341278076,-1.3212602138519287,-0.1942170411348343,-0.3178299069404602,-5.536086559295654,-1.2084572315216064,-2.8050143718719482
408,-35.18775939941406,-4.193809509277344,7.929982662200928,-17.186344146728516,18.61602783203125,-4.709613800048828,36.04142761230469,4.801123142242432,-1.8762130737304688,13.998645782470703,0.4301121234893799,0.27281808853149414,0.420064240694046,0.0023650862276554108,-0.011768488213419914,1.9785869121551514,0.15900598466396332,-2.423898935317993,0.28495487570762634,-0.07904895395040512,-0.4191014766693115,-5.88207483291626,-1.8211559057235718,-2.297154426574707
409,-52.34557342529297,-5.327512741088867,7.851893901824951,-0.059112548828125,0.34270381927490234,0.022383689880371094,63.01544189453125,-14.425512313842773,18.564594268798828,-4.297849655151367,-11.702594757080078,-5.5059099197387695,-2.9218573570251465,-0.004330902360379696,0.9900829195976257,9.563307762145996,5.4364848136901855,-2.411870002746582,1.77377450466156,-0.9032126665115356,-0.08464344590902328,-1.1958844661712646,7.5543293952941895,4.156550884246826
410,-26.836986541748047,-4.600160598754883,-0.28760993480682373,-12.314132690429688,-1.5322951078414917,0.3686404228210449,27.174591064453125,-16.5612850189209,24.874135971069336,-68.0801773071289,-0.4951634407043457,-0.5572012662887573,-3.713685989379883,-0.31270572543144226,0.07217813283205032,8.527159690856934,0.6101732850074768,0.28300634026527405,0.9993662238121033,-0.001958148553967476,-0.24115732312202454,1.6541123390197754,-2.8612098693847656,0.34932616353034973
411,-15.525636672973633,-0.09272098541259766,-0.7970641851425171,-18.23162841796875,-0.8572198748588562,0.1034386157989502,14.540014266967773,-21.475982666015625,32.97151184082031,-86.36859893798828,1.2268123626708984,3.3653953075408936,-2.7159206867218018,-0.4562731385231018,0.14269694685935974,1.7240965366363525,-0.5398505926132202,1.8970223665237427,1.613008975982666,0.030252650380134583,-0.12525005638599396,0.35427606105804443,-2.12536883354187,-0.2420825958251953
412,-12.118049621582031,-0.861386775970459,1.6429554224014282,-6.393538475036621,-0.4181298017501831,-0.10970926284790039,11.825984954833984,-14.627402305603027,21.69532012939453,-74.6743392944336,8.159690856933594,4.549080848693848,-2.1449432373046875,-0.2986886501312256,0.2044760137796402,-2.298689365386963,-0.8807294964790344,3.0262765884399414,2.1805193424224854,0.09988652169704437,-0.3404780328273773,-0.5997010469436646,-1.6590389013290405,-0.08374082297086716
413,12.178336143493652,2.2878477573394775,-1.6990535259246826,6.755866050720215,0.10456728935241699,-0.2155776023864746,-16.073211669921875,-20.11170196533203,21.16716957092285,-72.83972930908203,15.398039817810059,8.045551300048828,-0.5322147011756897,-0.20922452211380005,-0.03976191580295563,-4.081837177276611,-1.493741750717163,3.2904534339904785,2.8062806129455566,0.2549469470977783,-0.3019837737083435,-1.5409311056137085,-1.4256815910339355,-0.1343322992324829
414,8.941315650939941,7.874429225921631,-3.3532767295837402,7.224811553955078,0.23831653594970703,-0.25165796279907227,-8.097803115844727,-16.986549377441406,8.507035255432129,-9.07796573638916,20.0,4.056972503662109,0.04692384973168373,0.18018221855163574,0.27619507908821106,-4.33760929107666,-1.228066325187683,3.3996503353118896,1.675177812576294,0.0380309596657753,-0.21299003064632416,0.42117518186569214,-0.6848153471946716,1.761768102645874
415,36.62961959838867,15.465778350830078,-11.652360916137695,6.71307373046875,0.5365272164344788,-0.20409059524536133,-35.5214958190918,-1.6807879209518433,-1.0272033214569092,3.014902114868164,8.219062805175781,1.4293251037597656,1.8603432178497314,0.46631476283073425,-0.59792560338974,-6.729317665100098,-0.022027429193258286,2.6921489238739014,-1.6935608386993408,-0.24570699036121368,-0.3486787676811218,6.117933750152588,4.2942118644714355,2.363003969192505
416,55.53585433959961,25.469945907592773,-26.398847579956055,-47.17351531982422,3.364331007003784,20.0,-49.89429473876953,0.22711944580078125,-0.778303861618042,-9.790359497070312,-1.2743611335754395,-0.2743864059448242,2.1521153450012207,-0.10259001702070236,-0.4778939485549927,0.8987494111061096,-1.2359355688095093,-7.289638042449951,-3.6912968158721924,-0.07220017910003662,0.5030197501182556,8.201709747314453,1.6513763666152954,1.0730773210525513
417,39.3023567199707,18.8336238861084,-32.30574417114258,-63.167049407958984,10.364133834838867,-0.8739960193634033,-37.43650436401367,5.81877326965332,-3.568671703338623,-17.918354034423828,-1.118314504623413,-0.2070164680480957,1.7275314331054688,-0.050136856734752655,0.03156701475381851,0.404962956905365,-2.3215603828430176,0.5209848880767822,-4.274902820587158,0.30626600980758667,0.46156787872314453,3.482133626937866,0.7039171457290649,-1.2543482780456543
418,16.039785385131836,4.251723289489746,-18.72343635559082,-63.72898864746094,13.074052810668945,-2.3411269187927246,-9.938599586486816,8.047676086425781,-6.565488815307617,-12.184077262878418,-0.7910469174385071,0.10557079315185547,2.6546974182128906,0.14213065803050995,0.1123097836971283,-0.6228980422019958,-1.9322582483291626,0.4667990803718567,-2.8576204776763916,0.8463625311851501,0.038314174860715866,-2.8030993938446045,-0.578205406665802,-2.4124796390533447
419,-16.394866943359375,16.759260177612305,-13.949480056762695,-44.413360595703125,20.0,-8.142468452453613,13.533636093139648,-10.649848937988281,4.578380584716797,2.6973934173583984,-0.18564152717590332,0.18202543258666992,2.5724472999572754,-0.1775280237197876,0.07860210537910461,-1.1871802806854248,-1.5671381950378418,-0.4814954996109009,-1.3868966102600098,-0.41002559661865234,-0.30591514706611633,-6.304359436035156,-1.662585735321045,-2.5351758003234863
420,-38.56072998046875,-9.151371955871582,11.454500198364258,-12.62572193145752,17.71651268005371,-5.337254047393799,45.82675552368164,6.361871242523193,-1.6206525564193726,17.881256103515625,0.7705916166305542,0.20146512985229492,0.5251360535621643,-0.008500440046191216,0.1256352961063385,2.5740277767181396,1.0557571649551392,-2.0015738010406494,0.8098729848861694,0.1987747848033905,0.12125436216592789,-5.881516933441162,-1.2375693321228027,-2.566279649734497
421,-55.587127685546875,-2.3739476203918457,6.199278354644775,-2.309112548828125,-0.2906379699707031,0.009528636932373047,58.17658233642578,-15.884974479675293,19.588138580322266,-23.33021354675293,-16.84857940673828,-6.669968128204346,-2.909869909286499,0.14241927862167358,0.8605763912200928,8.572263717651367,4.6470842361450195,-3.0050268173217773,2.212691068649292,-1.0493018627166748,-0.2756417393684387,-1.1983253955841064,6.989350318908691,4.529745101928711
422,-20.51639175415039,-1.4823253154754639,-2.89047908782959,-13.199024200439453,-1.400543451309204,0.48819077014923096,22.8131160736084,-15.239631652832031,24.78445816040039,-60.89793014526367,-3.5966410636901855,-2.0379064083099365,-2.8965160846710205,-0.11081979423761368,-0.2764812707901001,6.190476894378662,-0.27688050270080566,0.15275101363658905,1.5164098739624023,-0.06348209828138351,-0.32770097255706787,1.4951485395431519,-3.027864933013916,0.30232226848602295
423,-1.4839248657226562,-1.8013722896575928,0.7915781736373901,-11.839921951293945,-0.39246106147766113,0.05017900466918945,-10.319048881530762,-16.43157958984375,25.940731048583984,-97.48544311523438,-4.4139204025268555,3.242704153060913,-1.9691734313964844,-0.061455391347408295,-0.1521085649728775,0.44501301646232605,-0.7025230526924133,1.0659219026565552,1.7550764083862305,0.1837599128484726,-0.23017412424087524,0.18198487162590027,-2.2678959369659424,-0.34826022386550903
424,-16.865209579467773,-8.975187301635742,7.299342155456543,0.376619815826416,-0.158360093832016,-0.08126163482666016,22.356313705444336,-15.065810203552246,23.033802032470703,-74.21343994140625,6.2050909996032715,4.2470197677612305,-1.7662184238433838,-0.3851577639579773,0.6018521189689636,-1.0058952569961548,-0.2182006537914276,2.724411725997925,2.3512766361236572,0.13785985112190247,-0.20193198323249817,-0.4887423515319824,-1.8580131530761719,-0.24781769514083862
425,-6.336329460144043,3.174365520477295,-2.19992733001709,0.9060144424438477,-0.2854182720184326,-0.16541767120361328,5.669533729553223,-18.690977096557617,21.364173889160156,-58.16850280761719,14.498859405517578,6.377824306488037,-1.2172728776931763,-0.24049443006515503,0.13517031073570251,-2.9453303813934326,-1.3062037229537964,3.290961265563965,2.7508468627929688,0.25906193256378174,-0.3689888119697571,-1.1650334596633911,-1.5547349452972412,-0.29255351424217224
426,10.44378662109375,7.998408794403076,-5.0299859046936035,5.306957244873047,0.22338390350341797,-0.25975513458251953,-17.90578842163086,-20.8984375,17.41082000732422,-34.5529899597168,18.717512130737305,6.2149577140808105,-0.32220497727394104,-0.030864879488945007,-0.04360639676451683,-4.58427095413208,-0.5379388332366943,2.676281690597534,2.5148134231567383,0.19428947567939758,-0.2080289125442505,-1.1787278652191162,-1.5350966453552246,-0.027015239000320435
427,28.14689826965332,10.595490455627441,-7.458135604858398,9.9581298828125,0.4418112635612488,-0.15750408172607422,-27.363693237304688,-12.164689064025879,5.11737060546875,-6.860845565795898,17.364118576049805,3.4896459579467773,1.0745786428451538,0.10814321786165237,-0.5101593136787415,-5.237743854522705,0.33590200543403625,2.4430782794952393,0.1447342038154602,-0.07563509047031403,-0.13229432702064514,2.5464227199554443,0.8755186796188354,2.2591001987457275
428,44.093379974365234,17.817394256591797,-21.623567581176758,-25.45159912109375,-14.882575988769531,7.736748695373535,-46.4432258605957,-0.5763701796531677,-2.2941577434539795,-0.907684326171875,-0.0988626480102539,-0.13935279846191406,2.3394367694854736,0.5730364918708801,0.21540886163711548,-1.3822928667068481,5.643824577331543,-3.5651466846466064,-2.4472250938415527,-0.1033233106136322,-0.0738692507147789,7.980706691741943,4.210815906524658,2.747007369995117
429,34.306396484375,21.42281723022461,-30.2181396484375,-59.722747802734375,3.1107230186462402,15.876306533813477,-38.046913146972656,1.0945404767990112,-0.21578288078308105,-12.495185852050781,-1.3013818264007568,-0.42014798521995544,1.2903634309768677,-0.17411720752716064,0.3272780179977417,0.7111324071884155,-1.957627296447754,-0.6070852279663086,-3.947265386581421,-0.03801523894071579,0.7166091799736023,6.709932327270508,1.9329118728637695,-0.3343924283981323
430,24.57278060913086,20.32926368713379,-25.23467445373535,-70.20928955078125,9.107223510742188,-1.9262669086456299,-20.993852615356445,1.4097248315811157,-2.535773515701294,-18.818286895751953,-1.2806923389434814,-0.04046964645385742,2.063089370727539,-0.1788751780986786,0.2514461278915405,-0.3841623365879059,-1.8944848775863647,0.7803510427474976,-3.007349729537964,0.01249892171472311,0.30388951301574707,-0.33179640769958496,-0.8047332167625427,-2.024470806121826
431,-4.278841018676758,16.538368225097656,-22.499258041381836,-61.89798355102539,17.365127563476562,-8.018939971923828,2.7192487716674805,-2.2801320552825928,0.6281256675720215,-2.063549041748047,-0.22886347770690918,0.16669654846191406,2.570005178451538,-0.12698020040988922,0.2899271249771118,-1.3521100282669067,-1.6228957176208496,0.9285885095596313,-1.6291053295135498,-0.10436474531888962,0.2381424903869629,-4.496638298034668,-1.1302744150161743,-2.0475540161132812
432,-26.776655197143555,4.567723751068115,-5.0312886238098145,-40.96608352661133,20.0,-7.493895530700684,21.914127349853516,7.113369941711426,-4.9459943771362305,12.624921798706055,0.2647976875305176,0.19404888153076172,2.2784054279327393,-0.05370742455124855,0.022951973602175713,-1.12909996509552,-1.5553414821624756,-1.6131938695907593,-0.34671443700790405,0.01257288921624422,-0.4467964172363281,-4.603944778442383,-2.3226406574249268,-2.6172099113464355
433,-24.551855087280273,5.522038459777832,4.381453037261963,-0.14110183715820312,16.869413375854492,-3.6737170219421387,33.74052429199219,-12.055150985717773,9.404498100280762,8.203208923339844,0.5492806434631348,0.2017662525177002,-0.2673627734184265,0.12147293239831924,0.0999380573630333,3.5539932250976562,1.81974458694458,-3.8576722145080566,1.6568751335144043,-0.3798248767852783,0.3966807425022125,-6.620024681091309,-1.7394506931304932,-1.1393699645996094
434,-47.141326904296875,-3.364758014678955,3.168506383895874,-2.776226043701172,-0.46307373046875,0.3699522018432617,46.712894439697266,-11.476364135742188,20.113868713378906,-29.284873962402344,-14.769036293029785,-8.093688011169434,-3.120133638381958,0.34479036927223206,0.08935399353504181,8.792760848999023,3.2918527126312256,-2.027066469192505,1.8666199445724487,-0.36668193340301514,-0.08396977186203003,-0.9243634343147278,4.412204265594482,4.875370502471924
435,-29.185901641845703,-2.8790485858917236,1.0891132354736328,-12.897048950195312,-1.1412408351898193,0.283857524394989,36.872745513916016,-20.084308624267578,31.152246475219727,-72.88209533691406,-1.20576810836792,0.8627493381500244,-3.130446195602417,0.030577491968870163,-0.3224238157272339,6.217803478240967,0.7399675846099854,-0.002334616845473647,1.716314435005188,0.10400469601154327,-0.2225414216518402,0.7544946074485779,-2.402690887451172,-0.054853737354278564
436,-23.49960708618164,0.005449205636978149,1.5931185483932495,-16.710861206054688,-0.8019282817840576,0.09380054473876953,19.87759017944336,-19.177892684936523,29.721851348876953,-66.86720275878906,0.797917366027832,1.9945621490478516,-3.2205185890197754,-0.07215078175067902,0.09288214147090912,0.3730851113796234,0.5146979689598083,1.8870867490768433,1.8963431119918823,-0.1008954644203186,-0.1747708022594452,0.006572657264769077,-1.9724715948104858,-0.1583341658115387
437,1.7180166244506836,0.19065061211585999,-0.8874689936637878,-3.025196075439453,-0.446652889251709,-0.08090829849243164,-4.865841865539551,-16.316787719726562,19.192272186279297,-73.05781555175781,9.65566349029541,5.2942280769348145,-1.7910728454589844,0.023045100271701813,-0.23694881796836853,-3.609041690826416,-1.222913384437561,2.781944990158081,2.5073435306549072,0.14502233266830444,-0.1647186577320099,-0.9442761540412903,-1.6772867441177368,0.13106349110603333
438,15.730857849121094,4.9847869873046875,-1.6877827644348145,8.73301887512207,0.20468688011169434,-0.20460987091064453,-24.470840454101562,-23.470367431640625,15.85842514038086,-55.503726959228516,15.717988967895508,7.874736309051514,-0.46182772517204285,0.362339586019516,0.14612534642219543,-4.9287590980529785,-1.4774717092514038,3.287275791168213,2.6643314361572266,0.08876603096723557,-0.15701456367969513,-1.3783642053604126,-1.512402892112732,-0.17985475063323975
439,26.282455444335938,6.875312805175781,-6.485543727874756,7.981374740600586,0.44308364391326904,-0.16991567611694336,-24.628963470458984,-4.8296709060668945,-0.5347212553024292,-3.199525833129883,17.65540313720703,3.96002197265625,1.106212854385376,0.40646570920944214,-0.3668426275253296,-6.420835494995117,-0.5929673314094543,3.680973529815674,0.09336358308792114,-0.06645550578832626,-0.020878899842500687,2.62691593170166,1.3901596069335938,1.5435349941253662
440,49.5565071105957,10.286761283874512,-16.744400024414062,-13.466416358947754,-13.58266830444336,6.1032633781433105,-48.61573028564453,0.9063036441802979,-3.9816818237304688,-2.532032012939453,0.2835969924926758,0.034069061279296875,2.6422924995422363,0.5540850162506104,0.41582998633384705,-1.639827847480774,7.283328056335449,-1.7909764051437378,-2.4888768196105957,-0.4955099821090698,-0.44594404101371765,7.810606956481934,5.702618598937988,2.290557384490967
441,23.922382354736328,22.07880401611328,-29.065950393676758,-59.158634185791016,-1.4728648662567139,14.375143051147461,-29.96306610107422,-2.5672552585601807,3.777200222015381,-15.293171882629395,-1.63299560546875,-0.3616371154785156,1.864439845085144,-0.049149297177791595,0.0736745297908783,-0.058324337005615234,-1.9789587259292603,-5.094560623168945,-3.380011796951294,-0.029382608830928802,1.1019443273544312,4.698001861572266,1.5903855562210083,0.6414832472801208
442,16.448657989501953,19.436813354492188,-28.79560661315918,-70.54316711425781,8.452539443969727,-2.161323308944702,-17.79495620727539,1.551139235496521,-3.3427815437316895,-13.623113632202148,-1.032402753829956,-0.1451890468597412,1.794520616531372,0.010361999273300171,0.2963999807834625,-0.1357629895210266,-2.0398542881011963,0.8370710015296936,-2.7674410343170166,0.014602779410779476,0.2734147906303406,-1.1375483274459839,-0.4364076554775238,-1.867612361907959
443,-5.198360443115234,6.573189735412598,-16.71590232849121,-69.33586883544922,17.470930099487305,-6.876047134399414,5.573249816894531,8.7915620803833,-6.192870140075684,3.7890396118164062,-0.22460174560546875,0.19024181365966797,2.474541425704956,-0.08910968899726868,0.1681828498840332,-1.1223313808441162,-1.8194763660430908,0.6387752890586853,-1.2793052196502686,0.1915343850851059,-0.3743134140968323,-3.3645548820495605,-2.6278703212738037,-2.447242259979248
444,-14.645736694335938,4.790567874908447,-4.012786388397217,-26.26968002319336,20.0,-5.88834285736084,12.97043514251709,0.8841354846954346,-0.143241286277771,6.92030143737793,0.41185855865478516,0.20704889297485352,1.9601268768310547,-0.11488660424947739,0.017131801694631577,-0.6271247863769531,-1.7352983951568604,-2.4528486728668213,-0.5148346424102783,0.1184220016002655,-0.29227161407470703,-4.392179012298584,-1.6726571321487427,-2.3575961589813232
445,-28.808448791503906,-2.8084113597869873,7.61106014251709,-1.9716758728027344,14.54844856262207,-3.1617112159729004,38.31195831298828,-4.130210876464844,4.492738246917725,10.777284622192383,0.6780499219894409,0.18337225914001465,-0.41918492317199707,-0.08537895232439041,0.0466570146381855,3.739675283432007,1.7900996208190918,-2.2702996730804443,1.493886113166809,0.31547731161117554,0.5208958983421326,-5.408717155456543,-0.5871214270591736,-1.525434136390686
446,-39.31325149536133,-8.437504768371582,5.992084503173828,-0.3921623229980469,-0.4093179702758789,0.1744990348815918,40.36115264892578,-12.957304954528809,16.674560546875,-58.420082092285156,2.151533365249634,-14.830265998840332,-2.8638060092926025,0.24728526175022125,0.20523515343666077,8.508563041687012,3.0177712440490723,-1.0506095886230469,1.1123149394989014,0.5231976509094238,-0.08229675889015198,1.2552416324615479,-2.3385701179504395,-0.03517591953277588
447,-37.41220474243164,-9.800047874450684,5.025120735168457,-13.973342895507812,-1.2839314937591553,0.22058629989624023,42.49909591674805,-17.936491012573242,31.66140365600586,-83.07108306884766,6.710125923156738,3.4833974838256836,-3.2310097217559814,-0.6151590943336487,0.019680114462971687,5.333250999450684,0.09280630201101303,1.8489750623703003,1.8623082637786865,0.13532133400440216,-0.300366073846817,0.07585185766220093,-1.9813529253005981,-0.11651617288589478
448,-4.5081634521484375,6.157959938049316,-2.868651866912842,-13.308695793151855,-0.48552483320236206,-0.11705875396728516,-1.9418354034423828,-23.740262985229492,28.983049392700195,-78.21052551269531,3.9307680130004883,4.009182453155518,-2.021578788757324,-0.2587426006793976,0.21419820189476013,-0.9281834959983826,-0.36647409200668335,1.9890356063842773,2.330998420715332,0.16315901279449463,-0.18299365043640137,-0.9338145852088928,-1.5416040420532227,-0.027247615158557892
449,-9.575347900390625,2.184257745742798,-0.2750742435455322,-0.7202730178833008,-0.2577580213546753,-0.1305556297302246,7.6032514572143555,-16.01691436767578,18.555864334106445,-48.045562744140625,13.99889850616455,4.6587443351745605,-1.7884212732315063,-0.13063979148864746,0.23100973665714264,-3.0315232276916504,-0.6182632446289062,2.677875518798828,2.5195834636688232,0.13870027661323547,-0.329132616519928,-1.3467475175857544,-1.325986385345459,-0.21065589785575867
450,6.728761672973633,10.786075592041016,-6.771355152130127,2.8408679962158203,-0.004679381847381592,-0.12799692153930664,-8.341290473937988,-23.297916412353516,14.120185852050781,-18.731170654296875,20.0,4.111682891845703,-0.7881269454956055,0.2822561264038086,0.09750797599554062,-5.164486885070801,-0.510157585144043,3.2746646404266357,2.331073045730591,-0.04429905116558075,-0.18240727484226227,-1.0442781448364258,-1.521256685256958,0.867042064666748
451,33.26337814331055,10.441272735595703,-8.570514678955078,10.892293930053711,0.4077703654766083,-0.19487428665161133,-33.007530212402344,-6.7798967361450195,1.058295726776123,-4.936241149902344,15.933370590209961,3.2231411933898926,0.6825928092002869,0.37481510639190674,-0.7403444647789001,-5.89509916305542,-0.20039798319339752,2.839695692062378,-0.572648823261261,-0.1460631936788559,-0.3335566818714142,3.5096805095672607,2.049861192703247,1.2465763092041016
452,55.84782409667969,19.91241455078125,-23.559629440307617,-29.37628746032715,-15.332460403442383,10.55047607421875,-53.72772216796875,-0.4782142639160156,-2.482208490371704,-3.094257354736328,-0.4364433288574219,-0.014384746551513672,1.910908579826355,0.18382766842842102,0.031042009592056274,0.08815771341323853,-2.532904624938965,-5.745868682861328,-3.3650128841400146,-0.610115647315979,-0.2607380151748657,8.799630165100098,4.49015474319458,2.3301596641540527
453,40.88911437988281,19.179426193237305,-35.2568473815918,-68.83563995361328,3.4860355854034424,5.994149684906006,-36.35067367553711,5.378596305847168,-0.5969295501708984,-16.88465690612793,-1.414132833480835,-0.3852350115776062,1.695199728012085,-0.16297520697116852,0.2723800837993622,0.37231263518333435,-2.1920418739318848,0.12913690507411957,-3.8857226371765137,0.3322106599807739,0.8723716735839844,4.849615097045898,2.308788537979126,-0.33446985483169556
454,17.13739776611328,17.39813995361328,-26.198001861572266,-70.91314697265625,12.195263862609863,-3.810689926147461,-16.766088485717773,4.024557590484619,-4.807847499847412,-13.477380752563477,-1.1064558029174805,0.004559040069580078,2.106698989868164,-0.0586952343583107,0.09929259121417999,-0.6041745543479919,-1.8529934883117676,0.8098801970481873,-3.2726030349731445,0.4675397574901581,0.012818511575460434,-1.0801054239273071,-0.01185694895684719,-1.8349210023880005
455,5.148418426513672,5.531145095825195,-11.820941925048828,-50.58616638183594,20.0,-7.395299911499023,0.39652442932128906,3.485285997390747,-3.1000709533691406,-0.570556640625,-0.3927910327911377,0.13811826705932617,2.7468693256378174,-0.26278361678123474,0.22588856518268585,-1.4718071222305298,-1.5496323108673096,0.5515124797821045,-1.941136360168457,0.2410842478275299,-0.13822786509990692,-4.317290782928467,-1.5296162366867065,-2.752532958984375
456,-12.053001403808594,7.05139684677124,-1.8339974880218506,-12.337384223937988,20.0,-4.750269889831543,20.81007957458496,-2.082864999771118,1.0582404136657715,10.202658653259277,0.37784862518310547,0.2450270652770996,2.2725322246551514,-0.23127804696559906,0.08818963170051575,-0.042583826929330826,-1.0370169878005981,-2.2072432041168213,-0.41039204597473145,0.06092705577611923,-0.11132276803255081,-4.5486063957214355,-1.4685823917388916,-2.3192601203918457
457,-41.101898193359375,4.490808486938477,3.369041919708252,-3.832019805908203,14.392478942871094,-2.9957427978515625,43.3123664855957,-14.493751525878906,10.220561027526855,9.116081237792969,0.6198492050170898,0.17626452445983887,-1.529264211654663,0.19451896846294403,0.25973352789878845,5.5330963134765625,3.6334235668182373,-3.9511067867279053,1.480858564376831,-0.3498797118663788,0.49384480714797974,-7.18853235244751,0.022433500736951828,-0.9902405142784119
458,-41.819740295410156,-3.100443124771118,2.3769288063049316,-7.403343200683594,-0.9326071739196777,0.4383695125579834,45.28919219970703,-12.701974868774414,17.030858993530273,-31.09208106994629,-15.407186508178711,-8.854887008666992,-3.1977384090423584,0.5394158363342285,-0.12938492000102997,8.086095809936523,2.443735122680664,-1.2902451753616333,1.4941117763519287,0.42475712299346924,-0.18343223631381989,1.5193699598312378,-2.7374014854431152,-0.20110034942626953
459,-28.470928192138672,-2.295759439468384,1.4065461158752441,-15.130064964294434,-1.1309525966644287,0.2373952865600586,27.759681701660156,-26.157522201538086,30.161605834960938,-73.17972564697266,0.8186993598937988,2.1591906547546387,-3.4954957962036133,0.29233318567276,-0.10134387016296387,3.8954508304595947,0.05244814604520798,1.086499571800232,1.7385706901550293,0.2362315058708191,-0.13947267830371857,0.7132859230041504,-2.4277799129486084,-0.14654922485351562
460,-5.238750457763672,-8.193641662597656,5.268287658691406,-5.885473251342773,-0.3152882754802704,-0.03740072250366211,5.065980911254883,-15.096322059631348,23.746139526367188,-81.29150390625,8.157596588134766,3.847726345062256,-2.6221656799316406,-0.41819658875465393,0.1560487598180771,0.023770147934556007,-0.19309978187084198,2.7296183109283447,2.3815128803253174,-0.024310410022735596,-0.11334501951932907,-0.21845561265945435,-2.1003007888793945,-0.15343260765075684
461,1.1467413902282715,5.294863700866699,-2.647409200668335,-2.8865604400634766,-0.3204987049102783,-0.17557621002197266,-3.458407402038574,-23.191452026367188,19.467376708984375,-63.89476013183594,15.666943550109863,7.403824806213379,-1.2722440958023071,0.05122309923171997,0.11239650845527649,-3.9381513595581055,-1.2822684049606323,3.2224209308624268,2.926771879196167,0.16387392580509186,-0.14757072925567627,-1.1327087879180908,-1.7130169868469238,-0.2522730529308319
462,11.995918273925781,2.2441723346710205,-2.0480668544769287,9.718463897705078,0.28083229064941406,-0.2332162857055664,-21.513216018676758,-19.778074264526367,11.093814849853516,-42.802146911621094,20.0,8.072896957397461,-0.6357470750808716,0.0546439029276371,-0.16025564074516296,-4.206574440002441,-0.8187444806098938,3.296192169189453,2.678004503250122,0.2454957515001297,-0.10099081695079803,-1.3038249015808105,-1.6451869010925293,-0.12327396869659424
463,33.709388732910156,11.622456550598145,-7.282007217407227,9.852096557617188,0.4409750699996948,-0.21968364715576172,-34.84316635131836,-12.430493354797363,2.400724411010742,-7.449883460998535,17.276403427124023,3.5538527965545654,0.8185074925422668,0.26062464714050293,-0.2606688141822815,-5.234184265136719,-0.5523301362991333,3.1162495613098145,-0.1518559753894806,-0.4187011122703552,-0.37278687953948975,3.108290672302246,1.4030698537826538,1.999659776687622
464,52.78727340698242,19.53567123413086,-31.08650779724121,-27.466552734375,-16.161653518676758,8.21444320678711,-51.86188507080078,-0.6332271695137024,-2.148178815841675,-0.3684272766113281,-0.2686891555786133,-0.10163736343383789,2.7866199016571045,0.9724375009536743,0.18796668946743011,-2.075268030166626,8.4328031539917,-3.9212610721588135,-2.9533355236053467,-0.1528504639863968,-0.23635333776474,9.076753616333008,4.381192684173584,2.8418092727661133
465,25.470474243164062,15.839313507080078,-27.559946060180664,-64.17190551757812,-0.47624969482421875,16.05998420715332,-29.17007064819336,-3.1497693061828613,3.06843638420105,-22.39043426513672,-1.516110897064209,-0.46136966347694397,2.0511624813079834,0.10058750212192535,0.06986626982688904,-0.42220625281333923,-1.842716097831726,-5.127139091491699,-3.058790922164917,-0.15409761667251587,0.870971143245697,2.6285009384155273,1.920318603515625,-0.13561037182807922
466,31.884376525878906,20.234943389892578,-25.256816864013672,-49.233646392822266,11.969783782958984,-0.7115693092346191,-23.862224578857422,-0.34966015815734863,-1.6625559329986572,-8.595142364501953,-0.9491944313049316,-0.03661298751831055,1.9956175088882446,-0.16050094366073608,0.2881855070590973,-0.13560576736927032,-1.9954243898391724,0.3836907744407654,-2.990022897720337,-0.4029350280761719,0.4235341548919678,-0.7204567790031433,-0.19316360354423523,-1.4366217851638794
467,3.3016014099121094,7.690207481384277,-15.675079345703125,-46.15174865722656,19.31263542175293,-5.503679275512695,0.8246908187866211,5.468173980712891,-2.9463980197906494,-1.8509883880615234,-0.3738224506378174,0.07370376586914062,2.4301912784576416,-0.16795817017555237,0.1315145343542099,-0.7773067951202393,-1.8838951587677002,0.3334135413169861,-1.6697942018508911,-0.008277419954538345,0.37162747979164124,-4.52217435836792,-1.4030600786209106,-2.5750441551208496
468,-19.991214752197266,5.156067848205566,-4.746031284332275,-28.419288635253906,20.0,-5.138004779815674,18.744108200073242,4.3526811599731445,-3.7512593269348145,13.183741569519043,0.39772462844848633,0.2801046371459961,2.107052803039551,-0.09673162549734116,-0.08622397482395172,-0.3528256416320801,-2.0115387439727783,-1.6619446277618408,-0.8319268226623535,-0.012501681223511696,-0.2066470831632614,-3.7589802742004395,-1.4018454551696777,-2.1444199085235596
469,-31.03892707824707,2.5212838649749756,5.147953510284424,-8.929472923278809,20.0,-4.278499603271484,36.94257736206055,-9.792574882507324,6.531317710876465,8.67721176147461,0.7513360977172852,0.183610200881958,-0.2588343620300293,-0.19154366850852966,-0.13426518440246582,3.636946201324463,1.2527520656585693,-2.6282191276550293,0.9021382927894592,-0.6652397513389587,-0.17500931024551392,-2.1435344219207764,7.309333801269531,1.4241931438446045
470,-37.263851165771484,-7.549783706665039,5.4753265380859375,0.6898918151855469,-0.21466922760009766,0.19147872924804688,43.622188568115234,-20.978132247924805,20.34926414489746,-63.9272346496582,1.0616753101348877,0.8393946886062622,-2.430257558822632,0.39230677485466003,0.06212560832500458,8.361331939697266,3.690429449081421,-1.7570013999938965,1.4067916870117188,0.24410510063171387,-0.3634629249572754,1.2422573566436768,-2.7063562870025635,0.2945180833339691
471,-39.80347442626953,-6.866543292999268,4.304792881011963,-15.382100105285645,-1.4791240692138672,0.2871851921081543,41.34983444213867,-21.211259841918945,35.0499267578125,-77.4520492553711,4.991921424865723,3.03523588180542,-3.1584556102752686,-0.3156004846096039,0.14071908593177795,4.9204936027526855,0.06662394851446152,1.4578458070755005,1.775220513343811,0.02151239663362503,-0.40805497765541077,0.33250898122787476,-2.1622328758239746,-0.20479530096054077
472,-15.673715591430664,-2.625964879989624,1.2058720588684082,-8.949361801147461,-0.5048311948776245,-0.0561065673828125,12.958059310913086,-21.056428909301758,33.32139205932617,-90.75209045410156,8.71390151977539,5.715527534484863,-2.7162601947784424,-0.595727264881134,0.20928871631622314,0.7469875812530518,-0.46608513593673706,2.537034749984741,2.2619454860687256,0.12011848390102386,-0.24213933944702148,-0.7850672602653503,-1.6355944871902466,-0.014889359474182129
473,-1.0019969940185547,-0.34310150146484375,0.770205020904541,-3.1569747924804688,-0.2472977638244629,-0.1621565818786621,2.141202926635742,-12.222572326660156,18.21019744873047,-52.17599868774414,17.64280891418457,6.606991767883301,-1.5203075408935547,-0.4938162863254547,0.46126994490623474,-2.5597963333129883,-1.3439104557037354,3.581416606903076,2.8005919456481934,0.22583959996700287,-0.16861701011657715,-1.440240740776062,-1.398158073425293,-0.4046771228313446
474,0.990426778793335,10.591442108154297,-5.809719562530518,1.8803901672363281,0.0288088321685791,-0.2301788330078125,-2.841707229614258,-25.068721771240234,17.1799373626709,-33.550540924072266,20.0,8.108088493347168,-0.7226480841636658,-0.0544796846807003,0.19900554418563843,-4.8568196296691895,-0.8206256031990051,3.9055778980255127,2.8891963958740234,0.24952106177806854,-0.18807438015937805,-1.6419495344161987,-1.315826654434204,-0.32261133193969727
475,29.43291473388672,10.072876930236816,-7.261787414550781,12.385814666748047,0.5039169192314148,-0.31879615783691406,-30.75299644470215,-12.692139625549316,7.107343673706055,-12.158767700195312,20.0,4.228978633880615,0.47353601455688477,0.10934832692146301,-0.17773091793060303,-4.629739761352539,-0.08898951858282089,2.6089694499969482,0.5723058581352234,-0.08854112774133682,-0.12687699496746063,2.104555130004883,1.134704351425171,1.871902585029602
476,53.79884338378906,14.824394226074219,-10.956457138061523,7.917675018310547,0.4945780038833618,-0.12465715408325195,-56.92931365966797,8.746057510375977,-7.260361671447754,-0.5711250305175781,0.1370096206665039,-0.0037660598754882812,2.88192081451416,0.8418998122215271,0.5427672863006592,-2.00713849067688,8.050100326538086,-1.7021187543869019,-2.9845428466796875,0.32384470105171204,-0.5668615102767944,8.460708618164062,5.969022274017334,2.540518283843994
477,50.74050521850586,25.734262466430664,-30.527847290039062,-46.29384994506836,4.631229400634766,14.69189167022705,-45.16419219970703,-3.8470442295074463,4.621500015258789,-16.25607681274414,-1.851077914237976,-0.44066327810287476,2.035761594772339,-0.0688982829451561,-0.1989275962114334,-0.2508566677570343,-1.852819800376892,-6.432441234588623,-4.220376014709473,0.2973216474056244,0.8786153793334961,6.546901702880859,1.1189327239990234,0.05048631504178047
478,35.66102600097656,22.553770065307617,-30.693330764770508,-59.47441101074219,10.516389846801758,1.607328176498413,-27.30710220336914,-2.126415729522705,-2.328495979309082,-18.767698287963867,-0.9736689329147339,-0.05568504333496094,2.295863628387451,0.07767117023468018,0.23168355226516724,-0.22893956303596497,-1.9892241954803467,0.1543678641319275,-3.7735397815704346,0.04990844428539276,-0.00856763031333685,-0.09813902527093887,1.052821159362793,-1.7650998830795288
479,-1.7846460342407227,11.360161781311035,-16.215871810913086,-42.201053619384766,20.0,-7.788057804107666,5.407528400421143,-1.5900508165359497,1.443220615386963,-6.4316558837890625,-0.9096717834472656,0.08208751678466797,2.715622663497925,-0.013293545693159103,0.08112484216690063,-0.9849234819412231,-1.8718314170837402,0.5177356004714966,-1.9920567274093628,0.011492698453366756,0.09032711386680603,-5.7628350257873535,-3.026841402053833,-2.631228446960449
480,-33.71031188964844,4.80781364440918,0.6454265117645264,-23.909025192260742,20.0,-5.534507751464844,35.629756927490234,-4.746403694152832,2.895329236984253,10.390727996826172,0.5312414169311523,0.2095026969909668,1.7051420211791992,0.1802920550107956,0.007921887561678886,0.6154558658599854,-0.7909469604492188,-3.7077691555023193,0.36959540843963623,-0.34184160828590393,0.08954685926437378,-8.462706565856934,-2.341108560562134,-2.487863779067993
481,-46.030799865722656,-1.174364447593689,7.7160515785217285,-4.432374954223633,8.9820556640625,-1.8126864433288574,51.88364028930664,-5.561211109161377,10.921130180358887,0.12381553649902344,-10.9935302734375,-4.7555694580078125,-1.1344422101974487,0.15727242827415466,0.17256690561771393,5.833038330078125,3.5823731422424316,-2.943690538406372,2.0933997631073,-0.9836689233779907,-0.363899827003479,-0.5285422205924988,5.279246807098389,0.3371630012989044
482,-23.824907302856445,-2.5868382453918457,1.0419952869415283,-3.8790740966796875,-0.8665213584899902,0.34458017349243164,20.359912872314453,-24.979408264160156,24.591415405273438,-66.24100494384766,-4.835771083831787,1.3270574808120728,-2.6109023094177246,0.4652040898799896,-0.22362519800662994,7.7822442054748535,1.290183186531067,-0.8030024766921997,1.3608099222183228,0.2819812297821045,-0.10482557862997055,1.4010151624679565,-2.842628240585327,0.9326592087745667
483,-34.13056182861328,-8.768580436706543,6.727783203125,-12.850818634033203,-0.8161897659301758,0.12093162536621094,34.26580047607422,-22.228103637695312,33.74985885620117,-93.40534973144531,3.383139133453369,3.5228564739227295,-3.2265877723693848,-0.2025306224822998,0.2617802917957306,4.20439338684082,1.1926255226135254,1.377212643623352,1.7920066118240356,0.005037352442741394,-0.16361530125141144,0.3060898780822754,-2.2056081295013428,-0.07879520207643509
484,-12.365333557128906,0.20564448833465576,-0.3680822253227234,-9.657341003417969,-0.7550444602966309,-0.0006284713745117188,9.582537651062012,-21.546457290649414,28.535181045532227,-86.09907531738281,8.365812301635742,5.539477825164795,-2.541609287261963,-0.15576693415641785,0.1561857908964157,-0.47747892141342163,-0.7904912829399109,3.0746047496795654,2.3545279502868652,0.12740692496299744,-0.18881206214427948,-0.8221063017845154,-1.6751837730407715,0.10101915895938873
485,8.129375457763672,0.1788538694381714,-0.32615265250205994,0.6884727478027344,0.031531691551208496,-0.25680017471313477,-13.330547332763672,-17.359512329101562,20.558853149414062,-72.66703033447266,11.088968276977539,5.178675174713135,-1.0156025886535645,-0.21511662006378174,0.08284497261047363,-3.714327812194824,-0.5569139122962952,2.846822738647461,2.859212875366211,0.18466922640800476,-0.12109139561653137,-1.6936101913452148,-1.3934556245803833,0.1379428654909134
486,14.675079345703125,7.239670753479004,-4.327643394470215,4.035783767700195,0.020112991333007812,-0.15366220474243164,-20.948528289794922,-15.985828399658203,6.5251312255859375,-19.799114227294922,19.675703048706055,4.330605506896973,0.1308799684047699,0.0046311235055327415,0.03657618537545204,-6.025228500366211,-1.053077220916748,3.666356325149536,2.1074695587158203,-0.039217330515384674,-0.012557435780763626,-0.7657703757286072,-1.079166293144226,1.7218444347381592
487,29.311113357543945,14.083505630493164,-10.117446899414062,11.072908401489258,0.5808618068695068,-0.23121070861816406,-29.508298873901367,-7.735907077789307,-1.0949833393096924,0.9671630859375,12.711971282958984,2.4410037994384766,1.2292966842651367,0.40811803936958313,-0.8030270338058472,-6.464428424835205,0.7617735862731934,2.957777261734009,-1.0234655141830444,-0.34536534547805786,-0.38295796513557434,4.1433305740356445,2.885754108428955,1.9927916526794434
488,48.67580032348633,22.221790313720703,-27.266239166259766,-30.96851348876953,-16.302759170532227,11.802244186401367,-43.10042953491211,0.7671886086463928,-1.558007001876831,-0.7178573608398438,-0.5729141235351562,-0.15883159637451172,2.2033419609069824,0.251485139131546,-0.11916378140449524,0.22875063121318817,-3.7549405097961426,-5.117326259613037,-3.0727760791778564,-0.12360680103302002,0.22416935861110687,9.444070816040039,3.249725103378296,1.9834824800491333
489,35.09844207763672,16.822946548461914,-27.22012710571289,-51.897647857666016,6.880511283874512,15.18753719329834,-37.37590789794922,0.5945793390274048,0.36705541610717773,-23.918079376220703,-1.5435699224472046,-0.36840808391571045,1.6216539144515991,0.0907113179564476,0.395831435918808,0.09471738338470459,-1.8839343786239624,2.365642547607422,-3.5851638317108154,0.16243304312229156,0.7545077800750732,3.090388059616089,0.7325031757354736,-1.0779123306274414
490,18.299169540405273,8.03941535949707,-24.096092224121094,-66.0361557006836,17.00217628479004,-3.5292394161224365,-14.324488639831543,5.8239545822143555,-5.361970901489258,-9.864888191223145,-0.7063459157943726,0.12044906616210938,2.2097318172454834,0.15482421219348907,0.11175411939620972,-0.6955070495605469,-1.816638469696045,0.7414348125457764,-2.7342941761016846,0.38172900676727295,0.09759515523910522,-2.0550811290740967,-0.3084006607532501,-1.6038484573364258
491,2.2227792739868164,4.249077320098877,-8.929688453674316,-28.30660629272461,20.0,-5.562406063079834,4.831928730010986,-2.9602179527282715,1.131943702697754,-1.1893501281738281,-0.19557595252990723,0.07660770416259766,2.6317315101623535,-0.0537535697221756,0.25298136472702026,-1.1792525053024292,-1.6496140956878662,0.22129987180233002,-1.2888154983520508,-0.10299742966890335,0.17447778582572937,-5.719478607177734,-0.28784024715423584,-2.555493116378784
492,-16.276065826416016,0.1502251774072647,3.001828908920288,-9.888875961303711,20.0,-4.848742485046387,21.978681564331055,1.9330129623413086,-1.51394784450531,13.402904510498047,0.23975789546966553,0.24608469009399414,1.2833960056304932,-0.08279669284820557,0.06854719668626785,1.3929219245910645,-0.06801855564117432,-2.007798433303833,-0.18588759005069733,-0.13710147142410278,-0.019007109105587006,-4.909689903259277,-1.0874683856964111,-2.164905548095703
493,-45.051612854003906,-2.8869667053222656,8.301526069641113,-3.1482505798339844,6.58723258972168,-1.8169517517089844,50.62371826171875,-12.820215225219727,9.549593925476074,13.14596939086914,0.7391749024391174,0.1698852777481079,-1.8213608264923096,0.12567834556102753,0.5662462711334229,6.351717948913574,4.164089202880859,-2.91314435005188,1.891953945159912,-1.0261805057525635,-0.07296594977378845,-0.9229626655578613,5.864219665527344,2.0212721824645996
494,-39.06665802001953,-12.029501914978027,4.522313117980957,-7.027553558349609,-1.2071278095245361,0.41117405891418457,43.400856018066406,-15.649589538574219,21.06570816040039,-67.1176528930664,3.639942169189453,-0.9431240558624268,-3.4497230052948,-0.18909388780593872,-0.24012893438339233,7.775290012359619,1.069701910018921,0.6048479676246643,1.4026484489440918,0.15067848563194275,-0.18082450330257416,1.3757309913635254,-2.818739891052246,0.33745312690734863
495,-25.142654418945312,-2.475917339324951,3.028285503387451,-15.256498336791992,-0.8621282577514648,-0.032655954360961914,22.12622833251953,-21.291614532470703,29.270008087158203,-81.593017578125,3.800140857696533,1.3138456344604492,-3.7255911827087402,-0.27819663286209106,0.1887197494506836,2.9304866790771484,0.11583784967660904,1.4575368165969849,1.6987296342849731,0.06374815851449966,-0.27389928698539734,0.3492419719696045,-2.212186813354492,-0.22771941125392914
496,-5.877464294433594,-3.7135939598083496,3.0371367931365967,-5.412494659423828,-0.3241036534309387,-0.08551979064941406,7.150142669677734,-16.758216857910156,25.32080078125,-89.11077880859375,8.52633285522461,5.373104572296143,-2.568646192550659,-0.5765316486358643,0.4376996159553528,-1.2884467840194702,0.07961583882570267,2.6066393852233887,2.578235387802124,-0.06881298124790192,-0.34817105531692505,-0.7623952627182007,-1.835674524307251,0.07707231491804123
497,1.7114648818969727,4.060761451721191,-2.644256830215454,1.7004966735839844,-0.25891876220703125,-0.14597845077514648,-3.8162879943847656,-20.511537551879883,19.443307876586914,-62.01880645751953,19.373149871826172,6.25996208190918,-1.3803101778030396,-0.0653785690665245,0.2752843499183655,-3.7293825149536133,-1.203670859336853,3.3961708545684814,3.0209383964538574,0.339640736579895,-0.32160601019859314,-1.6099770069122314,-1.414082646369934,-0.2680894732475281
498,12.98963451385498,6.0332512855529785,-3.4516353607177734,9.32511043548584,0.29520320892333984,-0.2702016830444336,-16.012481689453125,-22.019245147705078,14.784375190734863,-34.28034591674805,20.0,6.461416721343994,-0.2831871807575226,0.05650743842124939,0.2594990134239197,-4.134565830230713,-0.749510645866394,3.0735385417938232,3.067326545715332,0.25507813692092896,-0.1619575023651123,-1.5612369775772095,-1.5631494522094727,0.5453858971595764
499,27.658145904541016,13.62370491027832,-9.73254108428955,9.78363037109375,0.4171554744243622,-0.1847066879272461,-30.70197296142578,-17.67434310913086,5.516180515289307,-8.699908256530762,20.0,3.7503840923309326,0.7241436243057251,0.2085326462984085,-0.37165987491607666,-4.669694900512695,-0.17185324430465698,2.505603313446045,0.21319518983364105,-0.3263670802116394,-0.4075087904930115,2.606398344039917,1.4416003227233887,1.4759327173233032
500,53.355995178222656,20.639427185058594,-23.23430061340332,-15.328479766845703,-9.092842102050781,4.129269123077393,-54.42572021484375,0.41934794187545776,-2.427622079849243,-0.3127555847167969,-0.29564762115478516,-0.0010957717895507812,2.673712968826294,0.6439627408981323,0.13755901157855988,-2.4486899375915527,5.992086887359619,-3.0648043155670166,-3.048884630203247,-0.2261837124824524,-0.14320871233940125,8.969918251037598,4.49779748916626,3.25703763961792
501,44.43952941894531,22.700057983398438,-29.380321502685547,-57.7548713684082,4.274175643920898,16.375411987304688,-45.61393737792969,1.9355921745300293,-0.31249499320983887,-16.583993911743164,-1.6197774410247803,-0.46962493658065796,1.7493172883987427,0.011662542819976807,-0.07561759650707245,-0.20702165365219116,-1.8093904256820679,-6.157900810241699,-4.725080490112305,-0.16809344291687012,0.5301028490066528,6.751415729522705,0.9946520328521729,0.041812386363744736
502,37.69591522216797,15.410903930664062,-26.826114654541016,-57.20166015625,7.595548629760742,2.339254856109619,-23.071086883544922,2.3001902103424072,-2.4399924278259277,-20.082305908203125,-0.8505487442016602,-0.11595916748046875,2.4134180545806885,0.10350747406482697,0.31510382890701294,-0.27965080738067627,-2.000471830368042,0.24821016192436218,-3.594148874282837,0.28335681557655334,0.40971532464027405,-0.808287501335144,1.842260479927063,-2.199944496154785
503,-8.879322052001953,11.798528671264648,-19.297269821166992,-53.280418395996094,12.50356674194336,-4.879417419433594,8.52839469909668,-2.6142702102661133,0.5673480033874512,-3.5269241333007812,-0.7986433506011963,0.1897587776184082,2.7549171447753906,-0.012710463255643845,0.15350493788719177,-1.0850658416748047,-1.880658745765686,0.5086573362350464,-1.7992902994155884,-0.10809163749217987,-0.033172015100717545,-5.886828899383545,-1.4614187479019165,-2.2469680309295654
504,-22.23974609375,7.89992094039917,-6.848196983337402,-32.34038543701172,20.0,-5.82158899307251,21.703697204589844,-0.745699405670166,0.33508914709091187,14.380989074707031,0.36049747467041016,0.16655874252319336,2.5667130947113037,0.006481936201453209,0.12122620642185211,-0.8047888278961182,-1.8767673969268799,-1.8041024208068848,-0.48328346014022827,-0.3474578261375427,-0.20087440311908722,-5.73864221572876,-1.6596050262451172,-2.604111433029175
505,-41.0156135559082,-6.601456165313721,9.447046279907227,3.42962646484375,10.943174362182617,-2.6872501373291016,49.31414031982422,-8.448872566223145,8.623889923095703,13.002859115600586,0.625030517578125,0.15404295921325684,-1.1217527389526367,-0.22077374160289764,-0.043667085468769073,5.502892017364502,3.145566701889038,-3.7996153831481934,1.8308357000350952,-0.5200186967849731,0.8264670968055725,-6.956211566925049,-1.8822282552719116,-1.775381088256836
506,-39.8508186340332,-4.9474968910217285,2.7925209999084473,-5.7503509521484375,-0.7805318832397461,0.44505953788757324,37.2328987121582,-12.58942985534668,20.818605422973633,-39.12232971191406,-15.52371597290039,-9.875374794006348,-3.027827739715576,-0.02072548121213913,-0.3482394516468048,8.574091911315918,2.5984814167022705,-0.9003148674964905,2.3639261722564697,-0.06737371534109116,0.04821127653121948,-1.2700947523117065,4.757719039916992,3.987783908843994
507,-7.208880424499512,-0.9175124168395996,0.5190626382827759,-15.344542503356934,-0.9984738826751709,0.21215057373046875,2.4043569564819336,-19.905994415283203,24.717960357666016,-72.8983154296875,-0.6480040550231934,-1.5408508777618408,-2.0422325134277344,-0.0410817451775074,-0.11815222352743149,3.1391875743865967,-0.32025688886642456,1.4078845977783203,1.6780519485473633,0.21059022843837738,0.0022236742079257965,0.7915384769439697,-2.5761983394622803,0.030765801668167114
508,-23.053085327148438,0.8218837976455688,1.7814421653747559,-10.04783821105957,-0.5532570481300354,-0.11048507690429688,20.902400970458984,-20.201377868652344,23.389389038085938,-69.11253356933594,8.148333549499512,3.5735225677490234,-2.213538408279419,0.16461676359176636,0.26299333572387695,-0.9783548712730408,-0.30531275272369385,2.057673931121826,1.9820719957351685,0.06267324835062027,-0.24262094497680664,-8.395500481128693e-05,-2.025395154953003,-0.11647751927375793
509,-11.319369316101074,-3.084754705429077,1.4830331802368164,-0.28802013397216797,-0.3903687000274658,-0.10059165954589844,13.499088287353516,-12.653563499450684,16.8824405670166,-55.97514724731445,14.754441261291504,3.5675950050354004,-1.651774525642395,0.02723073773086071,0.027077367529273033,-3.0472404956817627,-1.6679635047912598,3.362827777862549,2.527395725250244,0.19119048118591309,-0.3714476227760315,-0.6212193965911865,-1.8228580951690674,-0.03496268391609192
510,11.592303276062012,2.5248875617980957,-2.1815991401672363,6.052635192871094,0.24206364154815674,-0.22920608520507812,-19.453083038330078,-19.296926498413086,14.283356666564941,-49.119476318359375,19.885540008544922,6.25122594833374,-0.522722601890564,-0.07627023011445999,-0.28636178374290466,-4.978207111358643,-0.9508339762687683,3.676523447036743,2.582780122756958,0.25134921073913574,-0.2872696816921234,-1.0713199377059937,-1.6781046390533447,-0.2165825366973877
511,29.406211853027344,6.396908760070801,-4.456916332244873,12.954390525817871,0.5274050235748291,-0.31805896759033203,-32.763851165771484,-10.425376892089844,5.027773857116699,-22.460371017456055,20.0,4.748422622680664,0.9060947299003601,0.2341504842042923,-0.41314250230789185,-5.042194843292236,-0.11575496941804886,2.525204658508301,1.131427526473999,0.31356534361839294,-0.026492387056350708,1.1061640977859497,-0.19365641474723816,0.8224771022796631
512,44.55696487426758,15.639902114868164,-15.401750564575195,-18.541257858276367,-10.414009094238281,7.44150447845459,-44.724761962890625,-2.3774476051330566,-3.259300708770752,-0.23167800903320312,5.178199768066406,1.2249741554260254,1.6447278261184692,0.05557910352945328,-0.1187625378370285,0.49948471784591675,-3.297602653503418,-3.6030821800231934,-2.049833059310913,-0.7656053900718689,-0.5314156413078308,6.3907928466796875,4.62166166305542,2.1576859951019287
513,50.04448699951172,14.984137535095215,-31.334373474121094,-73.66845703125,4.361130714416504,18.076339721679688,-48.83183288574219,16.415802001953125,-8.037632942199707,-6.2554168701171875,-1.339238166809082,-0.2621717154979706,1.4463436603546143,-0.07889285683631897,0.1819232851266861,0.5817903280258179,-1.7248071432113647,-1.7713227272033691,-4.093860626220703,0.6231279373168945,0.44487127661705017,7.734529495239258,1.7516494989395142,0.06069586053490639
514,24.09079360961914,13.87708854675293,-29.261049270629883,-81.29248046875,8.114563941955566,-1.1083931922912598,-24.791748046875,-0.9889329671859741,-1.3876307010650635,-22.13107681274414,-1.210114598274231,-0.0670478343963623,2.1656785011291504,-0.0340428352355957,0.5101481080055237,-0.7862379550933838,-1.734081745147705,0.9324789047241211,-3.339313507080078,0.3762042820453644,-0.020726820454001427,-0.5039935111999512,0.3719162940979004,-1.4989296197891235
515,14.536954879760742,18.071855545043945,-20.591106414794922,-46.87105941772461,17.988990783691406,-8.67943286895752,-4.613298416137695,-4.40901517868042,2.164776563644409,-1.9196624755859375,-0.4936399459838867,0.06078147888183594,2.964231491088867,-0.3067854940891266,0.5075940489768982,-1.5709223747253418,-1.2375377416610718,1.2610920667648315,-1.9492727518081665,-0.02487386018037796,0.09647789597511292,-3.74322509765625,-1.3437174558639526,-2.318748712539673
516,-19.529529571533203,5.021914005279541,-5.272764205932617,-20.47894287109375,20.0,-4.981947422027588,18.57261085510254,0.37117093801498413,-0.01793999969959259,7.6206817626953125,0.16025376319885254,0.20773029327392578,2.2283644676208496,-0.18268178403377533,0.1495695859193802,-0.597722589969635,-1.2523267269134521,-2.1986711025238037,-0.8026938438415527,0.03311778977513313,-0.024868980050086975,-5.031973838806152,-2.025780200958252,-2.0612027645111084
517,-34.865203857421875,-4.94692850112915,6.69119119644165,-5.263701438903809,12.869413375854492,-3.174807071685791,37.63426208496094,-3.539039373397827,3.2708427906036377,10.798194885253906,0.6545575857162476,0.19534969329833984,-0.4475254714488983,-0.16137374937534332,0.15945063531398773,3.5370588302612305,2.086277723312378,-2.355102777481079,0.9131370782852173,-0.06841584295034409,0.32201820611953735,-6.381353855133057,-0.7387055158615112,-1.028011441230774
518,-46.38130187988281,-5.422615051269531,4.83444356918335,-0.33138275146484375,-0.5202798843383789,0.18559551239013672,49.515830993652344,-15.039999961853027,17.77790641784668,-42.389915466308594,-16.260622024536133,-8.617695808410645,-3.0600595474243164,0.0701180100440979,0.11431915313005447,9.31112003326416,2.7991597652435303,-1.1975507736206055,2.1801629066467285,-0.2770861089229584,-0.3648732900619507,-1.2573292255401611,7.17464542388916,0.3414468765258789
519,-19.747591018676758,-1.8382846117019653,0.24319231510162354,-15.858957290649414,-1.0716538429260254,0.22316360473632812,20.9122314453125,-17.249935150146484,24.961917877197266,-64.02422332763672,-3.5317649841308594,0.2003047913312912,-2.617161750793457,-0.108502596616745,-0.03359020873904228,5.128561019897461,0.2674732804298401,0.7500424981117249,1.8126863241195679,0.09477709233760834,-0.12060263007879257,0.7366445064544678,-2.48756742477417,0.0908743143081665
520,-20.05373764038086,-2.520514965057373,2.4731225967407227,-11.854269027709961,-0.5897149443626404,-0.037433624267578125,14.79122543334961,-17.518428802490234,26.71860694885254,-75.73670196533203,1.1581659317016602,2.083732843399048,-2.7600324153900146,-0.35913512110710144,0.19383205473423004,0.6652454137802124,0.21709567308425903,1.5126521587371826,2.008077621459961,-0.0494670569896698,-0.15790104866027832,-0.10923947393894196,-2.0062129497528076,-0.13271397352218628
521,-1.4782371520996094,-1.2927063703536987,0.6399646401405334,-3.4151859283447266,-0.39476704597473145,-0.02415752410888672,-4.488440036773682,-14.757535934448242,17.876850128173828,-73.62944793701172,11.53400993347168,4.947718620300293,-1.7818872928619385,-0.3242986798286438,-0.03629951924085617,-3.08963942527771,-1.0145951509475708,3.250814437866211,2.4424962997436523,0.10501857101917267,-0.2812544107437134,-1.0442774295806885,-1.6270155906677246,0.14548158645629883
522,6.933121681213379,5.421779155731201,-1.883775234222412,6.151035308837891,0.08726263046264648,-0.2571558952331543,-12.000923156738281,-23.40976333618164,16.639537811279297,-54.8671875,16.935474395751953,7.493194580078125,-0.6624687314033508,0.2909731864929199,0.28241783380508423,-4.589463233947754,-1.0796934366226196,3.4623334407806396,2.6818110942840576,0.28437504172325134,-0.27296897768974304,-1.580488681793213,-1.3053630590438843,-0.21970343589782715
523,18.661521911621094,7.314187049865723,-6.618880271911621,8.050537109375,0.24728035926818848,-0.2100358009338379,-18.935115814208984,-15.125173568725586,7.125982761383057,-8.363628387451172,18.558176040649414,3.547257423400879,0.45576420426368713,0.18447557091712952,-0.3118654489517212,-5.449686050415039,-1.1527698040008545,3.3410818576812744,0.8641350269317627,0.018099259585142136,-0.15552517771720886,1.1489112377166748,0.261881560087204,0.8261722326278687
524,46.752952575683594,20.578567504882812,-16.10072135925293,-3.0316390991210938,-5.4128642082214355,2.35170578956604,-50.12868118286133,1.382075309753418,-3.2649550437927246,3.3103904724121094,0.058991432189941406,0.0735774040222168,2.166241407394409,1.0727444887161255,-0.23585748672485352,-3.3585152626037598,8.320724487304688,-2.9133071899414062,-2.5528643131256104,-0.02427578717470169,-0.3474254012107849,8.902932167053223,4.422176837921143,3.0191991329193115
525,42.06934356689453,20.16466522216797,-24.762001037597656,-51.204586029052734,0.0819861888885498,15.95820426940918,-42.25033187866211,7.098913192749023e-05,1.5087733268737793,-17.261409759521484,-1.5819945335388184,-0.45496195554733276,1.6971919536590576,-0.19661694765090942,-0.10330326110124588,-0.17196302115917206,-1.7616989612579346,-5.880788326263428,-3.7615582942962646,-0.10525255650281906,0.8489940762519836,6.749794960021973,0.909700870513916,0.26701709628105164
526,26.969070434570312,18.405393600463867,-30.951370239257812,-73.23455810546875,7.235316276550293,-0.24820959568023682,-21.970396041870117,3.380312919616699,-4.113395690917969,-17.736906051635742,-0.9464191198348999,-0.06157994270324707,2.0879499912261963,-0.008981265127658844,0.1828271746635437,-0.38949257135391235,-1.9052613973617554,0.6797879934310913,-2.8396623134613037,0.3123566210269928,0.2637699544429779,-0.15399962663650513,0.14181840419769287,-1.2677819728851318
527,9.977529525756836,13.063726425170898,-20.769474029541016,-57.08391571044922,15.53251838684082,-6.023523330688477,-7.697858810424805,2.4674510955810547,-3.295210838317871,-2.294304847717285,-0.4372192621231079,0.09010601043701172,2.4728381633758545,-0.05607140436768532,0.15536457300186157,-1.1404343843460083,-1.603601336479187,0.8740051984786987,-2.107835054397583,0.12332789599895477,-0.3647810220718384,-3.4205868244171143,-0.7336158156394958,-2.439699411392212
528,-10.564789772033691,8.125762939453125,-7.297886371612549,-22.408851623535156,20.0,-5.720890998840332,15.857298851013184,-4.609187126159668,3.6615829467773438,4.1551055908203125,-0.1329045295715332,0.19614624977111816,2.4529197216033936,-0.019322257488965988,0.00654168426990509,-0.8159922361373901,-1.7058632373809814,-2.9562947750091553,-0.36854881048202515,-0.1303142011165619,0.025785110890865326,-5.977229118347168,-2.663583278656006,-1.86441969871521
529,-27.478416442871094,3.7391557693481445,3.362999200820923,-2.3802261352539062,15.805950164794922,-3.025972843170166,34.29502487182617,-5.82546854019165,4.9273176193237305,14.535953521728516,0.855354905128479,0.10861563682556152,-0.2226000726222992,0.0980902910232544,0.06197146698832512,3.714463949203491,1.671981930732727,-3.4496192932128906,1.0778837203979492,-0.27105727791786194,0.45489487051963806,-5.543388843536377,-0.741344153881073,-1.6432749032974243
530,-44.82762145996094,-0.35900962352752686,1.7945098876953125,-3.9622116088867188,-0.3855400085449219,0.3090839385986328,44.673805236816406,-16.011402130126953,22.6364803314209,-31.730953216552734,-16.3663272857666,-8.94852066040039,-2.868180513381958,0.17793452739715576,0.07559707015752792,7.983614444732666,3.651367664337158,-2.1957600116729736,1.9554907083511353,-0.7695738673210144,-0.025118712335824966,-1.3863294124603271,5.9994215965271,5.1051130294799805
531,-25.032567977905273,-4.049446105957031,1.2775741815567017,-10.34872055053711,-1.1595759391784668,0.3409970998764038,26.708036422729492,-20.52651023864746,26.015989303588867,-69.33930969238281,-1.426107406616211,-0.9201723337173462,-3.3813443183898926,-0.09053756296634674,-0.4330179691314697,6.595170021057129,0.2922491729259491,0.6500811576843262,1.3417339324951172,0.07029601186513901,-0.16796168684959412,1.1403288841247559,-2.575195074081421,0.10596931725740433
532,-17.764158248901367,3.290839910507202,-0.43430250883102417,-17.93811798095703,-0.7915340065956116,0.027176380157470703,16.69845199584961,-23.23540687561035,27.94388771057129,-69.24971771240234,0.8584015369415283,2.4211442470550537,-2.559588670730591,0.20049233734607697,-0.0019075311720371246,-0.15564152598381042,-0.33628523349761963,1.9196640253067017,1.899543285369873,0.021581172943115234,-0.10750886797904968,0.19514745473861694,-2.1033077239990234,-0.18481317162513733
533,5.801120281219482,-3.724844455718994,2.4493207931518555,1.7452306747436523,-0.14861488342285156,-0.12453269958496094,-12.991714477539062,-15.776130676269531,19.472288131713867,-87.41877746582031,8.972289085388184,4.598239898681641,-1.280257225036621,-0.019881637766957283,0.010447596199810505,-3.0207221508026123,-1.3799874782562256,2.8808960914611816,2.503490686416626,-0.03370441496372223,-0.2258942872285843,-0.875953733921051,-1.809385061264038,0.25112444162368774
534,12.010326385498047,5.821768760681152,-4.100554943084717,3.6292057037353516,0.09018087387084961,-0.18596267700195312,-18.2161808013916,-16.488025665283203,13.461343765258789,-44.253292083740234,15.402517318725586,7.898493766784668,0.2604166567325592,0.3679153323173523,-0.1643296629190445,-5.7066168785095215,-1.6566030979156494,3.0171916484832764,2.644314765930176,0.19710563123226166,-0.1424386352300644,-1.2748198509216309,-1.5301388502120972,-0.2604054808616638
535,35.18901443481445,10.575174331665039,-7.300457954406738,10.659309387207031,0.6968135833740234,-0.15510129928588867,-38.1017951965332,-3.8207244873046875,-3.0231261253356934,2.740020751953125,11.449817657470703,2.6420440673828125,1.6228138208389282,0.5344688296318054,-0.3848813474178314,-6.898181915283203,0.42326685786247253,3.390162467956543,-1.1506555080413818,-0.3325623869895935,-0.23123866319656372,4.4155731201171875,2.6070196628570557,2.127732992172241
536,43.13425064086914,19.671401977539062,-26.76767349243164,-41.32462692260742,-18.325319290161133,13.143889427185059,-44.347808837890625,4.691094398498535,-3.7230465412139893,-3.321239471435547,-0.660466194152832,-0.1521306037902832,1.8469581604003906,0.036872245371341705,-0.255799800157547,0.12890760600566864,-2.0898783206939697,-6.364180088043213,-3.382827043533325,0.013601056300103664,0.19336488842964172,8.585805892944336,2.510209083557129,2.089409351348877
537,26.551254272460938,15.512833595275879,-28.879196166992188,-80.98204040527344,2.30674409866333,3.9558286666870117,-26.66483497619629,3.4898037910461426,-2.022510528564453,-18.181583404541016,-1.1340175867080688,-0.3348877429962158,1.8837459087371826,0.03775300085544586,0.39487117528915405,-0.07957644015550613,-2.0437684059143066,0.5765962600708008,-3.0649116039276123,0.2850133180618286,0.29932478070259094,2.8360137939453125,1.109329104423523,-0.9300552606582642
538,21.112947463989258,11.856878280639648,-21.92272186279297,-55.85776901245117,13.571956634521484,-3.0714786052703857,-15.823599815368652,1.941877007484436,-2.2935848236083984,-10.368378639221191,-0.7624159455299377,0.036921024322509766,2.4550845623016357,-0.07576881349086761,0.36528491973876953,-0.9224161505699158,-1.6614909172058105,0.6994323134422302,-2.2789793014526367,0.2292494773864746,0.0163944773375988,-2.0364606380462646,0.03564446046948433,-2.1222212314605713
539,-1.5818920135498047,7.400511741638184,-7.624861717224121,-25.31719970703125,20.0,-6.304675579071045,2.342313289642334,-0.9218689203262329,-0.06811559200286865,-0.2732563018798828,-0.4424452781677246,0.15317487716674805,2.158623456954956,-0.18499115109443665,0.1725805699825287,-0.8370948433876038,-1.5416357517242432,-1.5730435848236084,-1.4951817989349365,-0.11136141419410706,-0.2085738480091095,-4.916784763336182,-2.088531732559204,-2.7079317569732666
540,-29.36331558227539,0.902178168296814,3.9494364261627197,-12.405052185058594,19.559673309326172,-4.334716796875,34.47624969482422,-3.8235435485839844,3.528514862060547,10.248428344726562,0.5155529975891113,0.26057910919189453,0.35087519884109497,-0.2687125504016876,0.061798565089702606,2.0123469829559326,0.5851446390151978,-2.8181354999542236,0.47071701288223267,-0.37817513942718506,0.07324240356683731,-6.63653039932251,-1.643923282623291,-1.4189010858535767
541,-46.093902587890625,-1.5689959526062012,4.9386701583862305,-1.4027175903320312,0.6647396087646484,0.00911569595336914,56.114356994628906,-11.788108825683594,17.039823532104492,-21.814035415649414,-14.566107749938965,-7.497520446777344,-1.8922494649887085,0.40245187282562256,0.9102678298950195,7.186282634735107,5.112430572509766,-2.648836374282837,2.591498374938965,-0.6737058758735657,0.12364836782217026,-1.343420147895813,6.8339924812316895,3.7588720321655273
542,-23.44989776611328,-10.915274620056152,2.852097511291504,-6.273338317871094,-1.4070789813995361,0.4085545539855957,22.862550735473633,-12.953124046325684,20.545610427856445,-72.61872100830078,2.3168675899505615,-0.4204671084880829,-2.66298508644104,-0.31919920444488525,-0.1909717619419098,7.450758934020996,-0.5220621824264526,0.8005057573318481,1.613511562347412,0.15523134171962738,-0.18594683706760406,0.9841409921646118,-2.5807271003723145,0.011134129017591476
543,-23.82912826538086,-5.813204765319824,4.386016845703125,-14.67083740234375,-0.6380869150161743,0.009367942810058594,14.811685562133789,-19.016050338745117,29.104148864746094,-91.19420623779297,3.8650341033935547,4.261783123016357,-2.972928285598755,-0.6824104189872742,0.2537284195423126,2.4366393089294434,-0.6498593688011169,2.6953046321868896,1.7014554738998413,0.09265263378620148,-0.15825718641281128,-0.20629210770130157,-1.8309905529022217,-0.24714602530002594
544,-14.173530578613281,6.934436321258545,-2.9473609924316406,-11.511137008666992,-0.512956976890564,-0.16065406799316406,18.10321807861328,-21.409645080566406,22.73185920715332,-59.579833984375,13.384745597839355,7.676961898803711,-1.8864539861679077,-0.0657646507024765,0.2063816636800766,-3.183656692504883,-0.8239724040031433,3.3224451541900635,2.589320659637451,0.3127536475658417,-0.033767253160476685,-0.6338436603546143,-0.6119139194488525,-0.646771252155304
545,15.776471138000488,4.560652256011963,-3.79974102973938,6.57493782043457,0.023012161254882812,-0.22896957397460938,-24.958662033081055,-18.975078582763672,17.00263214111328,-52.584930419921875,16.37913703918457,8.150007247924805,-0.5516145825386047,-0.10274901241064072,-0.2630903124809265,-5.14841890335083,-2.0079474449157715,3.2938525676727295,2.593181610107422,0.24603380262851715,-0.2904697358608246,-1.631047010421753,-1.2944774627685547,-0.4360954761505127
546,22.055654525756836,8.046564102172852,-4.62696647644043,12.730514526367188,0.6349868774414062,-0.23145389556884766,-18.872385025024414,-16.93992042541504,8.987811088562012,-7.153894901275635,19.109588623046875,3.5529026985168457,0.46335840225219727,0.013312667608261108,-0.08818057179450989,-4.321488380432129,-0.5183678269386292,3.3005690574645996,0.675980269908905,-0.08482298254966736,0.0025908444076776505,1.744920253753662,0.34137627482414246,2.0732991695404053
547,39.21434783935547,15.135265350341797,-10.61308479309082,8.439960479736328,0.5484977960586548,-0.23759078979492188,-39.95176696777344,-1.1971452236175537,-2.1250782012939453,-2.7629737854003906,3.1336798667907715,0.6035013198852539,2.2880165576934814,0.464385062456131,-0.9216107726097107,-6.370907783508301,0.741642415523529,2.0703370571136475,-1.9680790901184082,-0.24113033711910248,-0.2511894404888153,5.483725070953369,3.86952543258667,2.284045934677124
548,44.65013885498047,21.384923934936523,-24.5955810546875,-47.919918060302734,7.138538360595703,15.144339561462402,-41.29739761352539,2.358715772628784,-1.082977294921875,-6.883735656738281,-1.1406538486480713,-0.2629737854003906,1.818964958190918,0.0020187925547361374,-0.22618739306926727,0.08241855353116989,-1.9742419719696045,-6.992450714111328,-3.6724965572357178,-0.140547513961792,0.49350887537002563,7.326453685760498,1.1101573705673218,1.0872070789337158
549,19.33740997314453,17.481548309326172,-25.57180404663086,-63.737998962402344,6.348196983337402,-0.3242802619934082,-18.51181411743164,3.9744086265563965,-2.6753997802734375,-17.060771942138672,-0.8592711687088013,-0.1971890926361084,1.8268051147460938,-0.03479631617665291,0.15609043836593628,0.14241079986095428,-2.2233824729919434,0.4483747184276581,-2.9606761932373047,0.20185771584510803,0.3665064871311188,1.3029392957687378,0.33645257353782654,-1.0648332834243774
550,-2.308908462524414,13.0396146774292,-17.52204704284668,-59.16383743286133,14.921711921691895,-4.09684944152832,0.28284454345703125,-1.6362605094909668,-0.5908119082450867,-7.789394378662109,-0.5101231336593628,0.008913993835449219,2.123991012573242,-0.03448150306940079,0.2401069700717926,-0.7254003286361694,-1.7858436107635498,0.4351080358028412,-1.6759213209152222,-0.08626625686883926,0.009599856100976467,-4.4012932777404785,-0.29171469807624817,-2.8702361583709717
551,-5.414222717285156,10.247515678405762,-6.119795322418213,-20.213380813598633,20.0,-4.933691024780273,9.019620895385742,-0.29467833042144775,0.45085495710372925,9.841187477111816,-0.05551958084106445,0.2517509460449219,1.945030689239502,-0.09832967817783356,0.08177295327186584,-0.19026172161102295,-1.9165765047073364,-1.8208979368209839,-0.9275033473968506,-0.1525455266237259,0.11592182517051697,-3.9770047664642334,-2.2982687950134277,-2.3752574920654297
552,-42.530311584472656,-8.553135871887207,12.718570709228516,0.71197509765625,11.565704345703125,-3.0490593910217285,53.4438362121582,-5.950051307678223,6.234616279602051,8.763999938964844,0.9406818151473999,0.16239500045776367,-1.4662621021270752,-0.06183284893631935,0.1584649384021759,5.518794059753418,3.216794013977051,-1.773216962814331,2.019598960876465,-0.13329286873340607,0.9115908145904541,-7.179968357086182,0.32089558243751526,-1.7168231010437012
553,-42.15241622924805,-0.6277790069580078,-0.36355090141296387,-10.952987670898438,-0.9939010143280029,0.16832876205444336,42.20718765258789,-14.574281692504883,16.311433792114258,-51.189544677734375,-1.3462839126586914,-1.5376384258270264,-3.1418943405151367,0.6334725022315979,-0.39424100518226624,6.140650749206543,1.9431381225585938,-1.5568981170654297,1.1243035793304443,0.34598708152770996,-0.4666379690170288,1.4793156385421753,-2.641719341278076,0.07455255091190338
554,-27.70356559753418,-5.264423370361328,3.979037284851074,-9.940530776977539,-0.9093568921089172,0.24866890907287598,33.295467376708984,-24.150291442871094,32.10176467895508,-76.78643798828125,1.8115336894989014,0.7821545600891113,-3.1494312286376953,0.1081627681851387,-0.16874884068965912,3.3228893280029297,-0.04079912602901459,1.306701421737671,1.846751093864441,0.18208938837051392,-0.3924032747745514,0.6846573352813721,-2.3687548637390137,-0.12497632950544357
555,-17.309432983398438,-6.004579544067383,4.630457878112793,-6.737349510192871,-0.4948619604110718,-0.06425142288208008,16.597129821777344,-17.93075942993164,27.10276222229004,-82.74848937988281,12.542919158935547,3.7727391719818115,-2.727447509765625,-0.08026690781116486,0.3341020941734314,-0.3465900123119354,-0.6725049614906311,2.951213836669922,2.4310595989227295,0.17891062796115875,-0.36694252490997314,-0.3220059871673584,-1.9152966737747192,-0.037817299365997314
556,6.792139530181885,0.6108294129371643,-0.14724254608154297,2.650846481323242,-0.0014448165893554688,-0.27474451065063477,-15.65691089630127,-19.05530548095703,21.766929626464844,-71.5865249633789,14.865199089050293,4.250393390655518,-1.7511985301971436,-0.10836055129766464,0.4672982394695282,-2.6993603706359863,-0.8188270926475525,2.4628686904907227,2.6217801570892334,0.1965654492378235,-0.2785371243953705,-1.0402209758758545,-1.693503975868225,-0.00019881129264831543
557,26.54601287841797,1.7330080270767212,-3.421764850616455,6.087493896484375,0.2506939172744751,-0.09718990325927734,-37.60997009277344,-9.8401460647583,9.175097465515137,-35.67109680175781,19.891414642333984,5.627861499786377,-0.07170524448156357,-0.3374287188053131,0.034999389201402664,-5.194124221801758,-0.902401328086853,3.4849207401275635,2.1736788749694824,0.271481454372406,0.036490000784397125,-1.0138540267944336,-1.4091087579727173,-0.4964630603790283
558,46.38628387451172,14.727494239807129,-11.396032333374023,1.4615211486816406,-5.151124000549316,2.0946531295776367,-44.316734313964844,-1.8314207792282104,-5.774680137634277,4.179492950439453,10.135065078735352,2.568058967590332,2.2257251739501953,0.20334374904632568,-0.1837911605834961,-4.5347676277160645,2.700901985168457,2.271451950073242,-1.6859413385391235,-0.2829510569572449,-0.2791938781738281,5.49685525894165,3.8934381008148193,2.1669867038726807
559,49.60380554199219,22.370824813842773,-30.65412712097168,-61.917564392089844,7.395503997802734,15.147686958312988,-51.14249038696289,4.461794853210449,-1.4358437061309814,-5.342212677001953,-1.2144109010696411,-0.2279515266418457,1.7026104927062988,-0.0573507621884346,-0.05430515483021736,-0.3165314197540283,-1.6923612356185913,-6.939288139343262,-4.146657466888428,-0.30690017342567444,0.42904314398765564,8.245251655578613,1.3775438070297241,1.6035712957382202
560,36.09803771972656,21.616043090820312,-36.05351638793945,-70.57158660888672,8.834254264831543,0.35826659202575684,-23.47901725769043,0.3331097364425659,-0.2896449565887451,-20.024982452392578,-0.8904407024383545,-0.2849084138870239,2.376594305038452,0.09902464598417282,0.29790204763412476,-0.4199053645133972,-1.923756718635559,0.5321770310401917,-2.7981784343719482,0.32250216603279114,0.5809804797172546,0.8529954552650452,1.1870148181915283,-0.9358863234519958
561,13.681829452514648,13.07664966583252,-20.8759708404541,-42.7978515625,16.91854476928711,-6.47116231918335,-9.129523277282715,-3.2831268310546875,0.6206564903259277,-7.925561904907227,-0.67500901222229,0.0204925537109375,2.7100770473480225,-0.03633764758706093,0.2753889262676239,-1.0745012760162354,-1.5763729810714722,0.9017753005027771,-1.9457554817199707,-0.060368381440639496,0.36404943466186523,-3.959141731262207,0.08043121546506882,-2.0454909801483154
562,-26.057788848876953,3.342911958694458,-6.806177616119385,-31.986839294433594,16.810293197631836,-5.311800956726074,20.98552131652832,-1.9301621913909912,-0.18705296516418457,4.866374969482422,-0.24901151657104492,0.22053790092468262,2.3178293704986572,0.11089025437831879,0.18756458163261414,-0.9412444233894348,-1.6442649364471436,-1.566305160522461,-0.37330108880996704,-0.48687243461608887,-0.2664463520050049,-7.151760578155518,-2.292506694793701,-1.6036680936813354
563,-38.91465759277344,-4.518068313598633,6.885496616363525,2.760038375854492,9.034402847290039,-2.0806283950805664,46.834476470947266,-5.494403839111328,6.414494037628174,18.55508041381836,0.9860318899154663,0.057909250259399414,-0.8501686453819275,-0.20995865762233734,-0.16924992203712463,4.775649070739746,2.744281530380249,-2.6806867122650146,1.443249225616455,-0.841400682926178,-0.13107526302337646,-1.2502357959747314,5.598438739776611,1.100174903869629
564,-41.260581970214844,-2.8442935943603516,2.1795458793640137,-5.408107757568359,-0.8436851501464844,0.32232725620269775,43.106773376464844,-26.973236083984375,24.756267547607422,-57.797523498535156,1.9749360084533691,0.7405125498771667,-2.7240231037139893,0.2895388901233673,-0.19795143604278564,7.251589775085449,1.5176280736923218,-0.4367501139640808,1.4795877933502197,0.32651716470718384,-0.08054596185684204,1.061332106590271,-2.5465378761291504,0.9339033961296082
565,-15.638219833374023,-0.6047623753547668,0.41143321990966797,-11.846783638000488,-0.7949564456939697,0.12920546531677246,6.612630367279053,-23.395896911621094,30.630672454833984,-81.84391784667969,0.9926695823669434,2.4234437942504883,-2.680783987045288,-0.07158394902944565,-0.29467061161994934,3.2566072940826416,-0.278897762298584,1.1070259809494019,1.5969265699386597,0.10456246137619019,-0.1522217094898224,0.16227030754089355,-2.0289578437805176,-0.22009466588497162
566,-13.250840187072754,4.478709697723389,-1.0813090801239014,-11.570629119873047,-0.5074500441551208,-0.04745936393737793,11.26992416381836,-21.91120719909668,27.066390991210938,-78.5026626586914,8.598905563354492,4.3268585205078125,-1.5937117338180542,0.3145703673362732,-0.06931138038635254,-2.63114857673645,-0.466977596282959,1.8273080587387085,2.28092360496521,0.05226937681436539,-0.26746371388435364,-0.8703283667564392,-1.5113911628723145,0.07444281876087189
567,6.529044151306152,-2.1591572761535645,0.4431372284889221,6.5055084228515625,0.01591038703918457,-0.06099557876586914,-10.20686149597168,-17.91958999633789,18.0499324798584,-63.60314178466797,16.797021865844727,6.590754508972168,-0.29229873418807983,0.047532856464385986,-0.2384023219347,-4.016330242156982,-1.0485177040100098,3.2919111251831055,2.786095380783081,0.1558775007724762,-0.1681239902973175,-1.5450844764709473,-1.3440018892288208,-0.07166105508804321
568,19.30304527282715,-0.4294518530368805,0.052948176860809326,9.856999397277832,0.3702940344810486,-0.2777714729309082,-32.670654296875,-7.458744049072266,4.099977016448975,-28.76667594909668,18.795488357543945,4.916230201721191,0.09676513075828552,-0.03069307468831539,-0.19681592285633087,-4.196343421936035,-0.3860279321670532,3.0983195304870605,1.5489609241485596,0.20959429442882538,0.010000763460993767,-0.5544440746307373,-0.8596346378326416,0.5777720808982849
569,41.23440170288086,12.859188079833984,-8.4535551071167,6.899589538574219,0.5518066883087158,-0.2472705841064453,-39.590057373046875,4.163957118988037,-5.871845245361328,6.10498046875,4.9422607421875,1.096822738647461,2.1419546604156494,0.6264201402664185,0.14214888215065002,-2.0657007694244385,7.475399971008301,-0.9597581624984741,-1.823180079460144,0.16477897763252258,-0.33017218112945557,6.82783842086792,4.9051313400268555,2.28621768951416
570,37.74310302734375,17.800283432006836,-24.318889617919922,-57.18484878540039,3.30357027053833,14.275081634521484,-36.04715347290039,5.009497165679932,-2.2437188625335693,-6.733722686767578,-1.2838321924209595,-0.26291966438293457,1.7131901979446411,0.06760154664516449,0.10524733364582062,-0.1490873098373413,-1.787592887878418,-4.538966178894043,-2.9492239952087402,0.06911655515432358,-0.009935721755027771,8.146799087524414,1.3536641597747803,0.8541866540908813
571,46.84319305419922,9.78904914855957,-26.13345718383789,-59.855411529541016,6.715921401977539,-2.1590423583984375,-40.88815689086914,9.842702865600586,-5.833782196044922,-20.611446380615234,-1.097679853439331,-0.1494123935699463,2.1504781246185303,0.07149700820446014,0.5456048250198364,-0.4375019371509552,-1.845693588256836,0.8109875321388245,-3.063652276992798,0.838331401348114,0.02981536090373993,2.562117576599121,1.11131751537323,-1.1426496505737305
572,15.504364013671875,19.02545928955078,-26.891183853149414,-44.34951400756836,15.686017990112305,-7.228211402893066,-14.4703950881958,-9.783730506896973,5.06866979598999,-13.208736419677734,-1.002769947052002,0.02791905403137207,2.306997776031494,-0.15650278329849243,0.43643099069595337,-1.181088924407959,-1.1917964220046997,1.253104567527771,-2.5026373863220215,0.2667010426521301,0.18313533067703247,-3.360624313354492,-1.2741450071334839,-1.5885826349258423
573,5.428438186645508,7.739106178283691,-7.387956142425537,-18.70994758605957,20.0,-6.396128177642822,2.8514552116394043,-3.5244140625,0.9049392342567444,2.0440750122070312,-0.18347978591918945,0.08091068267822266,2.4317777156829834,-0.2463817000389099,0.35167407989501953,-0.9254686236381531,-1.407596230506897,-1.5386948585510254,-1.2868025302886963,-0.23164242506027222,0.08634880185127258,-5.792638778686523,-2.335980176925659,-2.574484348297119
574,-32.59763717651367,-1.925920844078064,3.050675392150879,-11.32618522644043,17.45245933532715,-4.025358200073242,38.65304183959961,-0.23676341772079468,1.4817039966583252,13.374500274658203,0.7090773582458496,0.24710702896118164,0.4929761588573456,-0.27229592204093933,0.12240324169397354,2.428701639175415,1.053426742553711,-2.0549542903900146,0.8619765043258667,-0.13610482215881348,0.30408981442451477,-6.739471435546875,-1.1786205768585205,-1.5578961372375488
575,-58.51908874511719,1.7104538679122925,1.7987115383148193,-6.697792053222656,0.30032920837402344,-0.03767728805541992,58.20457458496094,-15.321455955505371,14.056962013244629,-24.109813690185547,-14.89113712310791,-7.038172721862793,-2.640317678451538,0.3764374852180481,0.21818426251411438,6.601476669311523,5.083691120147705,-2.8368635177612305,2.2120561599731445,-0.5336923599243164,-0.1410617083311081,-1.0382392406463623,5.5439019203186035,3.579937696456909
576,-20.761415481567383,-5.4702019691467285,1.4496476650238037,-4.49932861328125,-1.1968724727630615,0.4252138137817383,21.45595359802246,-23.924802780151367,28.168262481689453,-79.23190307617188,0.04820537567138672,-0.4621449112892151,-3.2256534099578857,-0.03050903230905533,-0.5151745080947876,6.921220302581787,0.858373761177063,0.6266720294952393,1.6420605182647705,0.25013279914855957,-0.159044086933136,0.8735741972923279,-2.5025579929351807,0.03479648008942604
577,-16.688182830810547,-6.002261161804199,6.030442237854004,-11.97021198272705,-0.6810575723648071,-0.03817605972290039,11.30933666229248,-19.99939727783203,25.54961395263672,-83.77151489257812,2.168227434158325,3.890990734100342,-3.0644376277923584,-0.3174446225166321,0.3395940065383911,2.546830177307129,0.06680803745985031,2.105776786804199,1.9863789081573486,-0.021328460425138474,-0.15450865030288696,-0.0159185528755188,-2.0587282180786133,-0.15821531414985657
578,-0.35597801208496094,3.2682156562805176,-2.0700442790985107,-6.076529502868652,-0.39428257942199707,-0.13312292098999023,-6.559754848480225,-19.610036849975586,23.24701690673828,-82.59817504882812,5.490321159362793,4.969263553619385,-1.8358855247497559,0.06904266029596329,0.23824068903923035,-1.8542659282684326,-1.0600826740264893,2.3896820545196533,2.482760429382324,0.16855604946613312,-0.20592859387397766,-1.036288857460022,-1.574002981185913,0.14966720342636108
579,2.1394248008728027,2.754969835281372,-0.987148642539978,5.31227970123291,0.14537090063095093,-0.20631742477416992,-10.077728271484375,-24.218353271484375,19.20172691345215,-59.202571868896484,13.738998413085938,7.483928680419922,-1.3718825578689575,0.21435968577861786,0.40478238463401794,-2.806384563446045,-0.3817141056060791,2.263476610183716,2.4957237243652344,0.1909022331237793,-0.1918136477470398,-1.461005449295044,-1.2886779308319092,-0.1216731071472168
580,13.261224746704102,6.899502754211426,-5.53256368637085,5.576963424682617,0.06999289989471436,-0.07729768753051758,-15.211620330810547,-20.98369026184082,12.972400665283203,-24.602149963378906,20.0,4.522892475128174,-0.15949636697769165,0.19915856420993805,0.11833387613296509,-4.146918773651123,-0.9585741758346558,3.1613659858703613,2.319305419921875,0.04840148240327835,0.11958816647529602,-1.0098564624786377,-1.629738450050354,2.0790703296661377
581,27.244447708129883,4.977506160736084,-5.202292442321777,8.484357833862305,0.4045875072479248,-0.15955829620361328,-26.95741844177246,-4.904093265533447,-2.6604952812194824,-4.257327079772949,18.563854217529297,3.7687604427337646,0.975299060344696,0.06380532681941986,-0.5011887550354004,-4.9714837074279785,-0.5688445568084717,3.7648448944091797,-0.5964165925979614,-0.2869065999984741,-0.2970295250415802,3.374382257461548,2.1002144813537598,1.3209911584854126
582,50.18871307373047,19.132034301757812,-30.623933792114258,-33.26880645751953,-20.0,9.583932876586914,-49.028404235839844,0.08896809816360474,-2.8375778198242188,1.5315933227539062,-0.3785676956176758,-0.020609378814697266,2.646292209625244,0.866266667842865,0.21484339237213135,-1.8474223613739014,7.618643760681152,-4.178771018981934,-3.438009023666382,-0.007763153873383999,-0.14548051357269287,10.330327987670898,4.006293773651123,2.5220415592193604
583,35.74176788330078,14.74493408203125,-27.387897491455078,-62.30625915527344,4.335407257080078,15.805939674377441,-41.765560150146484,0.3921673893928528,0.9365627765655518,-24.976333618164062,-1.58821439743042,-0.41975337266921997,1.578132152557373,0.04018125310540199,0.06764569878578186,-0.5611754655838013,-1.4569865465164185,-6.2225165367126465,-4.4836602210998535,-0.07633300125598907,0.7307723760604858,4.093118667602539,2.3910396099090576,-0.5397354364395142
584,35.604881286621094,11.646174430847168,-24.56978988647461,-60.40435791015625,11.197566032409668,1.1781713962554932,-20.620851516723633,8.542576789855957,-7.841625213623047,-10.077962875366211,-0.9457440376281738,0.03148317337036133,2.2192070484161377,-0.07218390703201294,0.3667927384376526,-0.4533373713493347,-1.804296612739563,0.4793882369995117,-3.52787184715271,0.1082349419593811,-0.33504071831703186,-0.23312941193580627,0.7174111008644104,-2.494732141494751
585,-5.808432579040527,21.335237503051758,-21.40325355529785,-47.81459045410156,16.10027503967285,-5.7160491943359375,6.9026198387146,-10.279801368713379,6.594485282897949,-5.522150039672852,-0.591170072555542,0.17993688583374023,2.5593326091766357,-0.26036393642425537,0.21216806769371033,-1.2484798431396484,-1.6146689653396606,0.5763773322105408,-1.8147088289260864,-0.418961763381958,0.018625332042574883,-5.729504108428955,-0.9258926510810852,-1.9595826864242554
586,-26.255220413208008,5.555779457092285,-1.5164003372192383,-15.631742477416992,19.2869930267334,-4.396254062652588,31.698537826538086,-1.2322776317596436,2.556671619415283,10.818572998046875,0.19494247436523438,0.1380317211151123,1.4017542600631714,-0.09982649981975555,-0.21372205018997192,0.6793100833892822,-0.6798934936523438,-2.206047534942627,0.46446532011032104,-0.19114112854003906,0.26142776012420654,-7.526398181915283,-2.159245252609253,-1.7523223161697388
587,-38.32307052612305,1.5686578750610352,5.541231155395508,0.15555572509765625,5.5690388679504395,-1.2688331604003906,41.02094650268555,-11.206060409545898,17.13456916809082,-23.532268524169922,-20.0,-8.79997444152832,-1.3004035949707031,0.14414142072200775,-0.031280986964702606,5.751477241516113,3.6231515407562256,-3.5548157691955566,2.4650356769561768,-1.0577449798583984,-0.428642213344574,-1.3109573125839233,6.424150466918945,2.4215729236602783
588,-36.041038513183594,-11.696069717407227,6.176868915557861,-4.426883697509766,-1.0782721042633057,0.4671194553375244,37.556251525878906,-16.71538734436035,24.358476638793945,-63.616580963134766,1.7115545272827148,-3.332613468170166,-3.068349599838257,-0.11061502248048782,-0.06775698065757751,8.086453437805176,0.46571123600006104,0.7658872008323669,1.4956018924713135,0.17434436082839966,-0.1845564991235733,1.0353257656097412,-2.608306407928467,0.2494654357433319
589,-21.192773818969727,-3.2085752487182617,2.428293228149414,-15.480566024780273,-0.6966500878334045,-0.0011043548583984375,15.404142379760742,-18.224010467529297,28.31228256225586,-73.14207458496094,2.1097681522369385,2.2170166969299316,-3.2174184322357178,-0.39266854524612427,0.20835258066654205,3.2765069007873535,0.16589894890785217,2.1081459522247314,1.5378913879394531,0.06779572367668152,-0.18762432038784027,0.2268991768360138,-2.042858600616455,-0.20669984817504883
590,-3.478278160095215,3.887362003326416,-2.2650306224823,-9.681785583496094,-0.41418182849884033,-0.14568614959716797,6.93389892578125,-18.418113708496094,25.13787841796875,-68.38520050048828,7.940092086791992,4.414456844329834,-1.452547311782837,-0.13267754018306732,0.19263695180416107,-2.200863838195801,-0.24000374972820282,2.084993600845337,2.4519288539886475,0.1692790389060974,-0.11942838132381439,-0.6824733018875122,-1.7361087799072266,0.07679811865091324
591,-3.300265312194824,1.0161464214324951,-0.13184666633605957,3.8096628189086914,-0.18567585945129395,-0.13486051559448242,0.2663545608520508,-15.888381958007812,17.07471466064453,-54.83881759643555,14.100931167602539,7.765355587005615,-0.9296531677246094,-0.025892330333590508,0.06263868510723114,-3.436967134475708,-1.1511071920394897,2.7785439491271973,2.765150308609009,0.2522355318069458,-0.2950197458267212,-1.2500520944595337,-1.4779096841812134,-0.33490341901779175
592,17.316328048706055,7.223820209503174,-4.995852947235107,7.349811553955078,0.22305822372436523,-0.18237972259521484,-25.48342514038086,-14.292754173278809,11.115038871765137,-26.84972381591797,19.945276260375977,4.331542015075684,0.042720116674900055,0.22888773679733276,-0.06281466782093048,-4.5026469230651855,-1.3980764150619507,2.7507646083831787,2.1391735076904297,0.21063114702701569,0.01612427458167076,-0.6275560855865479,-1.6364434957504272,1.7061375379562378
593,26.252798080444336,5.297354698181152,-3.4397549629211426,13.421415328979492,0.7239091396331787,-0.20514822006225586,-29.52764892578125,-12.172056198120117,2.4559590816497803,-13.290501594543457,17.229520797729492,3.559199333190918,0.48008328676223755,0.15187184512615204,-0.2162916660308838,-3.2455976009368896,0.8299711346626282,2.4777936935424805,-0.20393192768096924,-0.21693122386932373,-0.22384147346019745,2.860379934310913,0.8699526190757751,1.5000332593917847
594,42.39582443237305,14.74135971069336,-17.859622955322266,-22.218454360961914,-15.286108016967773,7.46561336517334,-41.679935455322266,1.7171032428741455,-4.694061279296875,-1.7138481140136719,0.5305252075195312,0.10704374313354492,2.082305669784546,0.7456037998199463,0.061399906873703,-1.311976432800293,6.990917205810547,-2.965970754623413,-2.6507651805877686,0.09661655873060226,-0.30295825004577637,7.359134197235107,5.064128875732422,2.9534542560577393
595,32.131195068359375,21.97606658935547,-29.349124908447266,-58.263275146484375,1.248875617980957,14.842695236206055,-26.637502670288086,-4.73190450668335,4.8438615798950195,-12.065839767456055,-1.3375639915466309,-0.47683054208755493,1.9835782051086426,0.2746375799179077,0.22120213508605957,0.1649700403213501,-2.1118156909942627,-5.059732437133789,-2.659329652786255,0.07453477382659912,1.1084433794021606,5.056735515594482,1.685295820236206,0.2678835093975067
596,24.084768295288086,17.570764541625977,-32.63797378540039,-74.60733795166016,6.686465263366699,0.12992000579833984,-24.629701614379883,0.3552374839782715,-2.342742919921875,-13.512088775634766,-1.0656622648239136,-0.0899496078491211,2.038464307785034,0.010698527097702026,0.42229562997817993,-0.0743231475353241,-2.157716751098633,0.9975581765174866,-2.3757824897766113,-0.15119309723377228,0.5001233816146851,-0.037428297102451324,-0.5904281735420227,-1.5393141508102417
597,9.879037857055664,9.728796005249023,-19.235271453857422,-53.7271728515625,16.69693946838379,-6.3107805252075195,-12.329378128051758,3.0621232986450195,-2.9425768852233887,-3.1083574295043945,-0.4581296443939209,0.14449238777160645,2.1022469997406006,-0.10386329889297485,0.38389426469802856,-0.676017701625824,-1.7151240110397339,0.9564917683601379,-2.18691086769104,-0.2678695619106293,0.07674334198236465,-2.9780850410461426,-1.846178650856018,-1.865105390548706
598,-14.380187034606934,-0.6468544602394104,-4.893596172332764,-28.49911117553711,20.0,-6.3319091796875,17.74026107788086,5.481308460235596,-2.9630672931671143,4.359989166259766,0.32534098625183105,0.14610528945922852,2.2637240886688232,0.06404010951519012,0.1642620861530304,-0.6328374147415161,-1.7938616275787354,-1.380465030670166,-0.34163138270378113,0.16367074847221375,-0.0667005255818367,-5.842336177825928,-0.5895712971687317,-2.46936297416687
599,-32.99673080444336,0.7974616289138794,7.271027565002441,-2.014080047607422,17.435258865356445,-3.984590530395508,39.69571304321289,-12.092144966125488,8.166263580322266,12.885246276855469,0.4677163362503052,0.17413902282714844,-0.8814609050750732,-0.32898786664009094,-0.08494982123374939,4.7275776863098145,2.3803765773773193,-3.470085382461548,1.2820549011230469,-0.9788287281990051,-0.07885338366031647,-1.2651870250701904,6.24778938293457,1.2984650135040283
600,-42.157588958740234,-8.623251914978027,5.658611297607422,-1.0660896301269531,-0.5900945663452148,0.3651590347290039,44.25239562988281,-19.65821647644043,20.512317657470703,-74.32615661621094,0.6086673736572266,-0.8008617162704468,-3.288297414779663,0.15581664443016052,-0.18749801814556122,8.941285133361816,3.05436635017395,-0.7665933966636658,1.3658479452133179,0.301034539937973,-0.22322691977024078,0.9112849235534668,-2.332456588745117,-0.04279736429452896
601,-34.597862243652344,-4.435784339904785,3.515784502029419,-17.145709991455078,-1.2158581018447876,0.16759347915649414,32.2075080871582,-23.310144424438477,30.304811477661133,-76.1211166381836,2.9043076038360596,1.1777867078781128,-3.8865387439727783,-0.3147719204425812,-0.008774257265031338,4.6331682205200195,1.3220962285995483,1.5684607028961182,1.6306627988815308,0.06163869798183441,-0.28540509939193726,0.08308103680610657,-1.9412330389022827,-0.059442419558763504
602,-4.935312271118164,5.494344711303711,-2.4825539588928223,-12.277400970458984,-0.6818208694458008,-0.057772159576416016,0.8148822784423828,-25.62487030029297,27.862564086914062,-82.5528564453125,8.133816719055176,3.9989020824432373,-2.546856641769409,-0.007841117680072784,0.13316239416599274,-1.5330945253372192,0.163345068693161,2.3802287578582764,2.294431209564209,0.043657246977090836,-0.2762073874473572,-1.0059486627578735,-1.5362294912338257,0.09216830134391785
603,6.341740131378174,1.2950458526611328,-1.2098067998886108,3.1047286987304688,-0.13341081142425537,-0.1383528709411621,-8.587679862976074,-22.565065383911133,18.476398468017578,-66.1427993774414,16.33045768737793,7.003507614135742,-0.9833040833473206,0.041215479373931885,0.03591439500451088,-3.893836498260498,-0.6898497343063354,3.126166582107544,2.92587947845459,0.19471128284931183,-0.20933321118354797,-1.809171199798584,-1.2552014589309692,-0.19517835974693298
604,13.469745635986328,-0.8388346433639526,0.47992706298828125,10.774696350097656,0.19663786888122559,-0.23397588729858398,-19.48809051513672,-13.17179012298584,11.548598289489746,-33.28816223144531,20.0,6.2504963874816895,-0.15086814761161804,-0.17032763361930847,0.30246642231941223,-3.5409035682678223,-1.4150162935256958,3.652815580368042,2.7462854385375977,0.05034148320555687,0.039721108973026276,-1.6299411058425903,-1.4691886901855469,0.7014225721359253
605,16.122989654541016,9.229425430297852,-6.353419303894043,7.292731285095215,0.4702647626399994,-0.2852153778076172,-19.700483322143555,-13.921703338623047,3.763888120651245,-10.057173728942871,20.0,3.849249839782715,0.3078280985355377,0.1322852522134781,-0.11368924379348755,-3.8728106021881104,0.2966782748699188,2.771070718765259,0.6605461835861206,-0.056518372148275375,-0.05198284238576889,1.3988229036331177,0.6105438470840454,1.3851455450057983
606,42.49657440185547,12.652711868286133,-9.025728225708008,8.56985092163086,0.4141099452972412,-0.18059635162353516,-40.1954345703125,2.215944290161133,-5.527255535125732,-1.4242630004882812,7.549904823303223,1.900634765625,2.2253196239471436,0.42576444149017334,-0.7818095684051514,-5.970374584197998,0.5395390391349792,2.1560988426208496,-2.5376760959625244,-0.28438809514045715,-0.3499259650707245,6.308560371398926,5.297447204589844,2.1806094646453857
607,71.42272186279297,18.031187057495117,-22.694778442382812,-44.322296142578125,7.1180009841918945,15.203094482421875,-58.73774337768555,7.656543731689453,-5.1587443351745605,-10.845884323120117,-1.5362470149993896,-0.21470260620117188,2.0342555046081543,-0.08342079818248749,0.014839112758636475,-0.1848805695772171,-1.9678226709365845,-6.261502265930176,-4.487000942230225,-0.3113185167312622,0.09480569511651993,7.478735446929932,2.465080499649048,0.8925560116767883
608,39.48105239868164,24.82512664794922,-42.55727767944336,-72.30245971679688,8.200937271118164,4.151983261108398,-29.304027557373047,0.022678375244140625,0.7994813919067383,-16.811309814453125,-1.0916080474853516,-0.23987650871276855,2.4060680866241455,0.20339301228523254,0.45741140842437744,-0.28036248683929443,-1.9787925481796265,0.11072912812232971,-4.2286505699157715,0.4889970123767853,0.6293781995773315,1.7358392477035522,1.505124568939209,-1.4833343029022217
609,8.219852447509766,12.035929679870605,-24.61277961730957,-52.53416061401367,16.06230926513672,-2.0372607707977295,-6.793943405151367,2.0255539417266846,-3.0188705921173096,-7.4153337478637695,-0.6912717819213867,0.1249547004699707,2.6866936683654785,0.10295116901397705,0.0931510254740715,-0.9157970547676086,-1.7917256355285645,0.37491798400878906,-3.2728917598724365,0.45551612973213196,-0.2301969677209854,-3.2062644958496094,0.5448128581047058,-2.300665855407715
610,-7.513317108154297,-0.4211255609989166,-2.3956570625305176,-16.796756744384766,20.0,-5.252364158630371,14.207439422607422,2.035935878753662,-1.2619006633758545,3.983491897583008,-0.2429279088973999,0.1730966567993164,2.768826723098755,-0.06491819769144058,-0.0026258379220962524,-0.8367680311203003,-1.728742241859436,-0.6260449886322021,-1.6733001470565796,0.2685582935810089,-0.32479652762413025,-5.493678569793701,-1.0003215074539185,-2.8928680419921875
611,-44.029640197753906,3.109532117843628,4.260298728942871,-11.426311492919922,18.03778648376465,-4.199637413024902,46.34185791015625,-11.739788055419922,7.912671089172363,12.583295822143555,0.35941004753112793,0.248945951461792,-0.3453012704849243,0.034140218049287796,-0.09223926067352295,3.8800272941589355,1.713315486907959,-3.377906322479248,0.44211509823799133,-0.3601211607456207,-0.023549901321530342,-7.289067268371582,-2.155174732208252,-1.5489953756332397
612,-52.9478759765625,-5.456708908081055,5.658202171325684,-3.4796791076660156,-0.4080467224121094,0.24276161193847656,55.015625,-14.875518798828125,23.523845672607422,-36.8001594543457,-16.46576690673828,-9.981965065002441,-3.1564409732818604,0.3971076011657715,0.394048273563385,8.852280616760254,4.441967964172363,-2.2655341625213623,1.2065236568450928,-0.11339342594146729,-0.5250851511955261,0.5245249271392822,0.687037467956543,-0.8826026916503906
613,-23.123456954956055,-6.697087287902832,2.0400192737579346,-12.980306625366211,-1.3421987295150757,0.36640405654907227,26.692928314208984,-20.624753952026367,30.19035530090332,-83.49940490722656,-2.563138961791992,2.031033515930176,-2.970945358276367,-0.37334027886390686,-0.19570736587047577,5.373604774475098,0.5745394229888916,0.8155913949012756,2.0165469646453857,0.10017174482345581,-0.30863460898399353,0.6517980694770813,-2.608853816986084,-0.0231739804148674
614,-23.039093017578125,-1.4987550973892212,2.7430195808410645,-12.238542556762695,-0.6787513494491577,-0.04925704002380371,20.950618743896484,-22.505348205566406,32.00379180908203,-80.45277404785156,4.944524765014648,5.433629989624023,-3.0343964099884033,-0.38741981983184814,0.528532862663269,0.6228890419006348,0.4316468834877014,1.728753685951233,2.3312907218933105,0.019284620881080627,-0.2164742648601532,-0.3219231963157654,-2.02156138420105,-0.1872355192899704
615,2.131061553955078,3.2467050552368164,-2.604340076446533,-1.1936054229736328,-0.3348499536514282,-0.033411502838134766,-3.307267189025879,-20.05655860900879,24.72597312927246,-70.01371002197266,9.11628532409668,5.209390163421631,-1.8052271604537964,-0.22701551020145416,0.2562795579433441,-2.429957628250122,-1.0279701948165894,3.107701301574707,2.8704612255096436,0.15619239211082458,-0.20858021080493927,-1.1062380075454712,-1.7739120721817017,0.10309572517871857
616,3.5720958709716797,5.131158351898193,-3.0899224281311035,4.407999038696289,0.07453417778015137,-0.21510028839111328,-6.072187423706055,-21.69277572631836,19.964387893676758,-48.26438522338867,20.0,8.123300552368164,-0.8609175086021423,0.056254271417856216,0.1782483607530594,-4.078369617462158,-0.6882586479187012,3.364035129547119,3.069465398788452,0.2940196096897125,-0.13530266284942627,-1.605738639831543,-1.4452033042907715,-0.428801029920578
617,16.40752601623535,9.658709526062012,-5.758205413818359,10.238577842712402,0.2700449228286743,-0.22444438934326172,-15.961389541625977,-20.175504684448242,11.206043243408203,-12.564809799194336,20.0,4.057809829711914,-0.12590564787387848,0.16866639256477356,0.12449171394109726,-3.5919110774993896,-0.7818334698677063,3.4329943656921387,1.7271088361740112,-0.13754123449325562,-0.08168695122003555,0.7610615491867065,-0.46867725253105164,1.8882678747177124
618,24.230920791625977,9.732051849365234,-8.365262031555176,8.138053894042969,0.4034884572029114,-0.22162532806396484,-27.515222549438477,-13.059686660766602,6.130255699157715,-19.684450149536133,19.396507263183594,3.9282052516937256,1.0424293279647827,0.3731248676776886,-0.7007580995559692,-4.6557230949401855,0.08859798312187195,2.7598373889923096,0.0832526832818985,-0.21646611392498016,-0.232570618391037,2.8880810737609863,1.592840313911438,1.4764255285263062
619,44.416812896728516,12.799121856689453,-17.2706298828125,-18.788856506347656,-13.668685913085938,7.064346790313721,-50.52702331542969,1.3551615476608276,-3.373758554458618,-5.207927703857422,-0.038394927978515625,0.028098583221435547,2.062690019607544,0.6648632884025574,0.1974925398826599,-1.332710862159729,6.493104457855225,-2.612733840942383,-2.890428066253662,-0.1303168088197708,-0.0873936265707016,6.550076961517334,5.090063095092773,2.985457420349121
620,35.09033203125,24.181833267211914,-34.30140686035156,-67.64312744140625,-0.08309578895568848,15.914159774780273,-35.11724853515625,-2.1734092235565186,2.606210708618164,-9.932741165161133,-1.4166693687438965,-0.5004794597625732,1.644197702407837,-0.16565605998039246,-0.01656069979071617,-0.21729335188865662,-1.864975094795227,-6.103111267089844,-4.213315963745117,-0.04365858435630798,1.3053748607635498,5.541127681732178,1.57433021068573,-0.3684528172016144
621,30.80326271057129,23.787452697753906,-33.62897872924805,-67.52107238769531,9.338188171386719,2.121283769607544,-18.764381408691406,0.3176894783973694,-3.0145442485809326,-14.740507125854492,-0.9648372530937195,-0.006680965423583984,2.1257071495056152,-0.0792364627122879,0.18062934279441833,-0.2278948426246643,-2.029066324234009,0.5196470022201538,-2.951676845550537,-0.022259091958403587,0.4422415792942047,-0.6323652267456055,0.19135712087154388,-1.843975305557251
622,-2.3557138442993164,15.519899368286133,-20.872417449951172,-60.76948928833008,17.36598014831543,-6.799231052398682,3.057666778564453,0.01638209819793701,-1.1741447448730469,-2.3652610778808594,-0.5481889247894287,0.14075279235839844,2.637392997741699,0.012638764455914497,0.10334432125091553,-1.1715574264526367,-1.8276554346084595,0.6323777437210083,-1.4361790418624878,-0.04119404777884483,0.050981082022190094,-5.182481288909912,-2.1006081104278564,-2.4853312969207764
623,-13.825456619262695,2.054965019226074,1.4539601802825928,-10.283941268920898,20.0,-4.961718559265137,22.926362991333008,-0.7979375123977661,0.5470860004425049,11.249631881713867,0.4622178077697754,0.2167191505432129,1.736806869506836,0.02399156242609024,-0.11805213987827301,0.8746074438095093,-0.7135494351387024,-2.311317205429077,0.14503806829452515,-0.1693347990512848,-0.011903548613190651,-5.410834312438965,-1.8989757299423218,-2.1894569396972656
624,-41.804481506347656,-3.580726385116577,8.200992584228516,-6.105583190917969,9.401294708251953,-2.3379225730895996,44.48179626464844,-6.922288417816162,6.030043601989746,12.985769271850586,0.7944971919059753,0.1655120849609375,-0.8934305906295776,-0.053327955305576324,-0.15865358710289001,5.339285850524902,3.1798288822174072,-2.489424228668213,2.0249626636505127,-0.5380004048347473,-0.04045096039772034,-1.3353216648101807,5.946389198303223,1.377660870552063
625,-34.181785583496094,-8.19748306274414,5.097275733947754,-2.7059288024902344,-0.8082001209259033,0.25054609775543213,33.11674880981445,-19.501136779785156,23.571760177612305,-61.9166259765625,0.1944894790649414,-1.172537922859192,-2.819861650466919,0.14049023389816284,0.07605911791324615,8.426197052001953,1.7697560787200928,-0.4531330168247223,1.515076994895935,0.2746432423591614,-0.12494572252035141,1.1595444679260254,-2.7605066299438477,0.4132400155067444
626,-33.83094787597656,-3.4882404804229736,2.783348321914673,-16.166481018066406,-1.0389740467071533,0.11523604393005371,33.681053161621094,-22.01729965209961,31.439680099487305,-79.87899017333984,3.2825515270233154,2.89231538772583,-3.2420847415924072,-0.1786501258611679,0.1929575800895691,4.1658196449279785,0.5708798766136169,1.3487414121627808,1.9587903022766113,0.1422361582517624,-0.2651204466819763,0.17480146884918213,-2.1396448612213135,-0.12609143555164337
627,-17.182533264160156,-0.6713622808456421,1.2320826053619385,-10.97868537902832,-0.6921101212501526,-0.028382301330566406,13.239291191101074,-19.143108367919922,24.999881744384766,-70.77561950683594,7.8750200271606445,4.4729413986206055,-3.104522466659546,-0.3456445038318634,0.3730202317237854,-0.39271336793899536,-0.4008422791957855,3.007786989212036,2.2649738788604736,0.011042267084121704,-0.3300747275352478,-0.6004308462142944,-1.791922688484192,-0.007869020104408264
628,0.32025146484375,7.345780849456787,-4.405738830566406,-2.464374542236328,-0.2363530397415161,-0.2150430679321289,-4.191531181335449,-25.997447967529297,24.050189971923828,-62.75992965698242,13.702311515808105,6.599004745483398,-1.8239160776138306,-0.018478356301784515,0.27726003527641296,-4.3259782791137695,-0.5633640289306641,2.8751516342163086,2.6677422523498535,0.12321554124355316,-0.2035612314939499,-1.3592756986618042,-1.4555203914642334,-0.17590194940567017
629,13.16685676574707,1.1636384725570679,-1.3621571063995361,9.816869735717773,0.1457512378692627,-0.16567611694335938,-14.719158172607422,-13.309223175048828,11.44162368774414,-40.372779846191406,20.0,8.002816200256348,-0.4082481563091278,0.0013024696381762624,0.049874197691679,-4.854127883911133,-0.9869402050971985,3.80383038520813,3.081569194793701,0.21088719367980957,-0.2631467580795288,-1.7758679389953613,-1.3968746662139893,-0.5975815057754517
630,40.69135665893555,13.688558578491211,-10.025745391845703,11.929529190063477,0.7166621685028076,-0.27440929412841797,-40.922157287597656,-9.04818058013916,-1.1033432483673096,1.549489974975586,16.970863342285156,3.672368049621582,1.0475460290908813,0.34349119663238525,-0.308901846408844,-5.349953651428223,0.670600414276123,2.7502036094665527,-1.3239083290100098,-0.41567736864089966,-0.25051212310791016,5.194866180419922,3.8626344203948975,2.253383159637451
631,62.33435821533203,21.0731201171875,-28.99585723876953,-15.521638870239258,-12.528287887573242,8.27734088897705,-58.58332824707031,0.2768961489200592,-2.3572797775268555,-6.871788024902344,-0.9484987258911133,-0.16637563705444336,2.730562925338745,0.7051539421081543,0.06228106468915939,-1.665777325630188,7.0366950035095215,-4.3614115715026855,-4.005237579345703,0.0019868803210556507,0.10070110112428665,9.245109558105469,4.243601322174072,2.3230576515197754
632,34.63725280761719,9.040390968322754,-27.218460083007812,-60.80520248413086,2.9114181995391846,16.190258026123047,-34.680503845214844,4.203034400939941,-0.6243066787719727,-24.308544158935547,-1.5968408584594727,-0.3776510953903198,2.079331398010254,0.10851888358592987,-0.18111591041088104,-0.32724934816360474,-1.8675330877304077,-5.40668249130249,-4.173418045043945,0.17138612270355225,0.6266674399375916,2.082632541656494,1.9463458061218262,-0.46695488691329956
633,16.488990783691406,19.115015029907227,-27.723129272460938,-71.59416198730469,9.930066108703613,2.364142417907715,-5.701353073120117,-0.4806777238845825,-2.5664379596710205,-4.71436071395874,-0.6312612295150757,0.00020074844360351562,2.8284425735473633,0.08993962407112122,0.29673799872398376,-0.6275028586387634,-2.160524606704712,0.2857935130596161,-2.7475523948669434,-0.1164335235953331,-0.08043421804904938,-2.032970428466797,0.7756261825561523,-2.120724678039551
634,-8.630099296569824,1.6234838962554932,-6.933672904968262,-32.85393142700195,18.256864547729492,-4.854510307312012,9.616552352905273,4.916973114013672,-1.878701090812683,-0.0855255126953125,-0.5553345680236816,0.1419529914855957,2.8731184005737305,-0.029766499996185303,0.11259729415178299,-0.968224048614502,-1.9965623617172241,0.044271320104599,-1.2897391319274902,0.2166106104850769,-0.005167592782527208,-5.67854118347168,-2.1984612941741943,-2.834418296813965
635,-23.45264434814453,4.543957233428955,6.107985496520996,0.14229393005371094,17.988065719604492,-4.236026763916016,33.743099212646484,-13.268072128295898,8.739445686340332,8.441490173339844,0.4035165309906006,0.2185976505279541,0.48455971479415894,0.008235367015004158,0.030020780861377716,3.305250883102417,1.0419538021087646,-3.7368650436401367,0.9495494365692139,-0.4934355616569519,0.6036815047264099,-8.176886558532715,-1.9650723934173584,-1.6428967714309692
636,-51.06339645385742,-10.872716903686523,7.742956638336182,-3.892791748046875,-0.39461231231689453,0.32244420051574707,43.74662780761719,-4.807816505432129,12.341825485229492,-32.73023223876953,-14.94074821472168,-6.270061492919922,-2.5586414337158203,0.20438876748085022,0.21046577394008636,8.208038330078125,2.9067068099975586,-1.653836727142334,1.9780024290084839,0.15235313773155212,0.15806585550308228,0.8300115466117859,-2.645143508911133,5.015023708343506
637,-28.25132942199707,-6.9436445236206055,3.0998737812042236,-13.497684478759766,-1.1790350675582886,0.27202367782592773,25.803035736083984,-17.908971786499023,27.715167999267578,-75.42735290527344,0.2520561218261719,-0.5302991271018982,-2.956739664077759,-0.3421211540699005,0.05598833039402962,5.096753120422363,-0.09053386747837067,1.0179078578948975,1.7842687368392944,0.22134143114089966,-0.18970689177513123,0.7023724317550659,-2.570254325866699,0.1628166139125824
638,-12.24876594543457,-0.6097965240478516,1.2962327003479004,-9.976703643798828,-0.45504871010780334,-0.018188953399658203,7.171487808227539,-23.71668815612793,27.919246673583984,-88.22566223144531,8.148514747619629,4.322779655456543,-2.472870349884033,-0.40623149275779724,0.3684338629245758,0.45024579763412476,-0.27909621596336365,2.3834924697875977,2.1793642044067383,0.17066693305969238,-0.17980749905109406,-0.3703312575817108,-1.972407579421997,0.12181569635868073
639,-12.930079460144043,4.6160888671875,-1.6603319644927979,-6.013017654418945,-0.40211474895477295,-0.13789939880371094,15.162422180175781,-22.324230194091797,18.792173385620117,-51.753028869628906,18.521669387817383,5.935140609741211,-1.762713074684143,0.003993502818048,0.4273907542228699,-3.468747854232788,-0.31995338201522827,3.283985137939453,2.7239582538604736,0.2715165913105011,-0.3147800862789154,-1.0998297929763794,-1.5889370441436768,-0.27736130356788635
640,20.458375930786133,6.200342655181885,-6.104135513305664,5.283376693725586,-0.011731624603271484,-0.17068815231323242,-28.300395965576172,-17.241790771484375,10.172547340393066,-35.229400634765625,20.0,5.111239910125732,-0.12324520945549011,-0.17171551287174225,-0.44182831048965454,-6.114974021911621,-1.4487372636795044,3.6174888610839844,2.5875730514526367,0.1676088273525238,-0.18475475907325745,-1.2621078491210938,-1.9830156564712524,0.8823642730712891
641,37.497047424316406,12.124391555786133,-6.844352722167969,15.030220031738281,0.7875847816467285,-0.3020310401916504,-35.25092315673828,-7.47917366027832,-1.2455389499664307,-0.25533294677734375,14.476339340209961,2.9828410148620605,1.2779196500778198,0.3203418552875519,-0.43893101811408997,-5.5699639320373535,0.41725385189056396,2.526132583618164,-0.7185910940170288,-0.23329311609268188,-0.3643825650215149,4.274733066558838,2.3432118892669678,2.4403131008148193
642,50.08025360107422,24.157997131347656,-25.946352005004883,-48.398441314697266,-1.843428134918213,16.726383209228516,-49.98990249633789,3.954435348510742,-3.4951891899108887,-0.7651023864746094,-0.6159205436706543,-0.19449090957641602,1.6665279865264893,0.03574467822909355,-0.22130033373832703,0.5333007574081421,-2.386070489883423,-5.785682678222656,-3.8085410594940186,-0.1651151329278946,0.057968929409980774,10.034459114074707,2.9911117553710938,2.0469672679901123
643,35.78260803222656,19.952835083007812,-34.170021057128906,-73.3656234741211,6.011348724365234,-0.7373292446136475,-33.236839294433594,4.311448097229004,-2.2807235717773438,-22.25877571105957,-1.3381948471069336,-0.33386969566345215,1.8965307474136353,0.13968944549560547,0.2017330527305603,0.12085750699043274,-2.417253255844116,0.6858111023902893,-3.566087007522583,0.2774960696697235,0.032899267971515656,3.4046971797943115,1.385025978088379,-0.9854177236557007
644,29.101587295532227,3.8996856212615967,-16.457427978515625,-52.56826400756836,17.626848220825195,-3.8474414348602295,-22.362335205078125,5.7059431076049805,-3.798811674118042,-15.906518936157227,-1.0648672580718994,0.0199432373046875,2.386730194091797,-0.0564059242606163,0.20036673545837402,-0.7759285569190979,-1.7811038494110107,0.5435038208961487,-2.9791648387908936,0.4700241684913635,0.012377334758639336,-3.116119623184204,-0.14072585105895996,-2.545766592025757
645,-0.6009788513183594,5.507015228271484,-11.0169677734375,-36.52661895751953,20.0,-8.799006462097168,5.422805309295654,2.6085753440856934,-2.223618745803833,5.9859161376953125,-0.20317649841308594,0.23929166793823242,2.740605592727661,-0.3110339641571045,0.15549929440021515,-1.224319338798523,-1.7218645811080933,0.48310035467147827,-1.8676261901855469,0.26983019709587097,-0.13526839017868042,-4.299044609069824,-1.893225073814392,-2.479996681213379
646,-32.683921813964844,5.668769359588623,0.9770389199256897,-18.49129295349121,20.0,-5.006707668304443,34.134883880615234,-8.925374031066895,5.5225982666015625,6.046791076660156,0.5074141025543213,0.21204900741577148,1.151511549949646,-0.17940694093704224,0.10092676430940628,0.8328418731689453,-0.379669189453125,-2.2072622776031494,0.3731262981891632,-0.15164339542388916,0.13887138664722443,-8.030363082885742,0.06864941865205765,-1.7200310230255127
