Timestep,left_hip_pitch_joint_Torque,left_hip_roll_joint_Torque,left_hip_yaw_joint_Torque,left_knee_joint_Torque,left_ankle_pitch_joint_Torque,left_ankle_roll_joint_Torque,right_hip_pitch_joint_Torque,right_hip_roll_joint_Torque,right_hip_yaw_joint_Torque,right_knee_joint_Torque,right_ankle_pitch_joint_Torque,right_ankle_roll_joint_Torque,left_hip_pitch_joint_Vel,left_hip_roll_joint_Vel,left_hip_yaw_joint_Vel,left_knee_joint_Vel,left_ankle_pitch_joint_Vel,left_ankle_roll_joint_Vel,right_hip_pitch_joint_Vel,right_hip_roll_joint_Vel,right_hip_yaw_joint_Vel,right_knee_joint_Vel,right_ankle_pitch_joint_Vel,right_ankle_roll_joint_Vel
50,-6.527056694030762,4.4463090896606445,-4.088170528411865,-7.579995632171631,-0.3547201156616211,0.1698131561279297,-2.11725115776062,-9.507051467895508,21.774799346923828,-60.93058776855469,9.870918273925781,-0.03541398048400879,-0.11654114723205566,-0.017819326370954514,-0.7038353085517883,-0.32353267073631287,-1.1834166049957275,1.1433789730072021,0.5241408348083496,0.4306630790233612,-0.6616412997245789,-1.072571873664856,0.32911446690559387,-0.33998608589172363
51,2.1216678619384766,7.410408020019531,-3.1599388122558594,-3.001455307006836,-0.6231241226196289,-0.08418190479278564,2.453977108001709,-6.855862617492676,8.46197509765625,-31.089153289794922,-8.484514236450195,2.482938528060913,2.195329427719116,0.5795267224311829,-0.786970317363739,-4.4023003578186035,-6.592215061187744,0.9033886194229126,1.6284658908843994,0.5963221788406372,-0.8900218605995178,-1.2514981031417847,0.11698580533266068,-0.16019651293754578
52,-6.484816551208496,4.344263076782227,-5.480952739715576,-50.30436706542969,-20.0,0.890062689781189,-8.8672456741333,3.642129421234131,-3.5483663082122803,4.378293037414551,-0.364443302154541,0.1028892993927002,0.9374072551727295,0.6903059482574463,-0.1715969294309616,-1.4204143285751343,5.841285705566406,-0.09446245431900024,0.40134677290916443,0.5603066086769104,-0.5320898294448853,1.851887822151184,-3.8226077556610107,1.1018354892730713
53,-9.721597671508789,0.5614056587219238,-4.782405376434326,-73.88843536376953,-4.619665622711182,0.7166017293930054,-0.6409698724746704,13.535865783691406,-8.019156455993652,4.753408432006836,0.522491455078125,0.056980133056640625,0.9275204539299011,0.3812344968318939,0.05517749488353729,-0.12115514278411865,-0.7990867495536804,0.14061716198921204,0.1849527209997177,0.5682995319366455,-0.8512104153633118,3.8605642318725586,-2.4458956718444824,2.1901626586914062
54,-3.657095432281494,10.475921630859375,-14.820727348327637,-88.88768768310547,-4.821059703826904,-0.10238838195800781,-15.051112174987793,10.839046478271484,-5.15884256362915,1.146932601928711,0.10542750358581543,-0.21697783470153809,0.7507311701774597,-0.14788255095481873,0.283113569021225,-0.8278825879096985,-0.24819904565811157,0.6685088872909546,-0.8667354583740234,0.7833524346351624,-0.2553862929344177,5.716800212860107,-1.6052299737930298,0.9170581102371216
55,-13.238265991210938,16.32178497314453,-24.822959899902344,-69.4776611328125,-3.9474129676818848,-2.383769989013672,-4.865592002868652,-7.5799078941345215,4.3598527908325195,-9.627901077270508,-0.27003955841064453,-0.13558518886566162,0.8441328406333923,-0.2323010116815567,0.2747916877269745,-1.5780999660491943,0.10267925262451172,0.8060580492019653,0.16024093329906464,0.44331616163253784,-0.30767446756362915,0.7945805191993713,-2.7130775451660156,0.5864908695220947
56,-5.571465015411377,17.06258773803711,-19.682485580444336,-46.57628631591797,-1.5929014682769775,-4.807731628417969,-4.019833087921143,-10.02336311340332,5.209961891174316,-1.5075182914733887,-3.458329916000366,-0.12769517302513123,1.107388973236084,-0.34427013993263245,0.5789896845817566,-1.8949326276779175,0.300279438495636,0.956429123878479,0.7285339832305908,-0.1664465218782425,-0.002238898305222392,-1.369361162185669,-0.000171911102370359,0.020874984562397003
57,-8.432579040527344,15.285152435302734,-15.741691589355469,-10.671420097351074,-2.1676056385040283,-1.3147454261779785,0.6716723442077637,-13.50452709197998,8.423571586608887,-2.4546566009521484,-6.1486592292785645,-0.09763705730438232,0.32353368401527405,-0.06826762855052948,0.30464261770248413,-0.7052096724510193,-0.01042940653860569,-1.1965831518173218,1.405159592628479,-0.2619079351425171,0.3582650125026703,-4.795770168304443,-2.5774739697226323e-05,-0.13526314496994019
58,0.4809877872467041,2.359194040298462,-2.0236682891845703,5.791418075561523,0.09786355495452881,0.11227750778198242,-3.5708885192871094,-9.361945152282715,4.608408451080322,0.8554916381835938,-4.4387030601501465,-0.13490509986877441,-0.7760815024375916,-0.05304259806871414,-0.132685586810112,3.508972406387329,-1.0162242650985718,-1.4508278369903564,1.6046782732009888,-0.4764191508293152,0.43072620034217834,-7.050253868103027,-7.142516551539302e-07,-1.9266716241836548
59,-16.95977783203125,-7.429686069488525,4.555695056915283,-4.71044921875,-0.1356358528137207,0.10635793209075928,15.368473052978516,-1.7322877645492554,11.997117042541504,-39.341468811035156,-13.991484642028809,9.022856712341309,-0.8403306603431702,0.04737308993935585,0.15724793076515198,3.8934857845306396,-1.1913198232650757,-0.806071937084198,0.6121237277984619,0.03342307731509209,-0.39139384031295776,-1.430101752281189,4.529109477996826,-6.056240558624268
60,0.6842379570007324,-8.484577178955078,5.9328179359436035,0.8450241088867188,0.022185087203979492,0.024273812770843506,-10.628121376037598,-7.418550968170166,15.389331817626953,-74.41614532470703,-8.927026748657227,-3.465491771697998,-0.5348869562149048,0.0024511143565177917,0.199664905667305,4.237793922424316,-1.7143157720565796,-0.3333262801170349,0.33448392152786255,0.026522360742092133,-0.4649059474468231,0.43883317708969116,-1.1157333850860596,0.7584636211395264
61,-15.063316345214844,-7.228183746337891,3.7463440895080566,-3.8897438049316406,-0.07897496223449707,0.006499439477920532,-1.9133706092834473,-12.518621444702148,21.51537322998047,-65.87164306640625,-5.961159706115723,-2.274688482284546,-1.085159420967102,-0.19177377223968506,0.1310121864080429,3.897101402282715,-1.4401756525039673,-0.16341930627822876,0.02932620421051979,0.26428261399269104,-0.453543096780777,0.1992662400007248,-0.8583403825759888,0.4345738887786865
62,-13.686691284179688,2.262784004211426,-1.132299780845642,-10.419229507446289,-0.2087879180908203,0.035991840064525604,3.2667694091796875,-17.726051330566406,19.734031677246094,-47.32832717895508,4.159555435180664,1.0227078199386597,-0.3786473274230957,0.07984114438295364,0.36027079820632935,-0.5790013670921326,-0.9665996432304382,0.016062745824456215,0.13138212263584137,0.41807126998901367,-0.3591534197330475,-0.14971619844436646,-0.5462155938148499,-0.08976306766271591
63,-7.06088399887085,7.176171779632568,-4.850600242614746,-1.119913101196289,-0.20064163208007812,0.06892937421798706,0.5964782238006592,-22.792388916015625,24.564538955688477,-39.958683013916016,7.057186126708984,3.814507007598877,0.2063666582107544,0.24168509244918823,-0.006449973676353693,-2.90612530708313,-1.9235813617706299,0.342668354511261,0.2733760476112366,0.4408971071243286,-0.3525557219982147,-0.25439199805259705,-0.5243554711341858,-0.19500595331192017
64,-4.840892791748047,-0.1226460188627243,0.2993563413619995,5.484820365905762,0.229600191116333,0.03236865997314453,-0.33744528889656067,-13.373401641845703,15.262957572937012,-27.70659828186035,14.073713302612305,5.795990467071533,-0.1874052733182907,0.01983072981238365,-0.3299283981323242,-2.449993133544922,-0.6968687176704407,1.4335476160049438,0.01789063587784767,0.34418389201164246,-0.5571412444114685,0.03505243360996246,-0.6871035099029541,-0.4875398278236389
65,-0.638514518737793,2.4728965759277344,-1.2956188917160034,4.735727310180664,-0.10919332504272461,-0.0855109691619873,-1.279782772064209,-15.910983085632324,20.018930435180664,-26.1591854095459,14.712578773498535,6.101834774017334,0.40058282017707825,0.22493624687194824,0.15050522983074188,-3.048128366470337,-2.0149435997009277,1.8910013437271118,-0.1419483721256256,0.3348045349121094,-0.1313757300376892,0.5809317231178284,-1.0380655527114868,0.33586400747299194
66,8.007187843322754,4.891925811767578,-6.423830986022949,-27.219314575195312,-8.491447448730469,3.621704578399658,-0.555797815322876,-4.030978679656982,5.658461093902588,-0.042877197265625,15.343137741088867,3.057140827178955,0.11473211646080017,0.7236747145652771,0.43380898237228394,1.3200180530548096,-1.6025254726409912,-0.39041435718536377,-0.5906600952148438,-0.0719490721821785,-0.012567088007926941,2.637549638748169,-0.6018584966659546,2.2800726890563965
67,33.084720611572266,20.31138801574707,-28.614334106445312,-93.09300231933594,7.328647136688232,2.786144256591797,-38.26200485229492,14.050360679626465,-10.146377563476562,3.6836471557617188,0.03335428237915039,-0.0888667106628418,0.5639194846153259,-0.2129136323928833,0.46210744976997375,0.41456180810928345,-1.2822599411010742,0.30784767866134644,-3.09867787361145,-0.0757143646478653,0.32169708609580994,8.67370319366455,2.777568817138672,2.9309847354888916
68,23.44989013671875,28.992168426513672,-42.241207122802734,-100.30599975585938,11.088059425354004,1.3798164129257202,-38.10863494873047,2.5743494033813477,-3.193653106689453,-10.633121490478516,-1.1832003593444824,-0.35296690464019775,0.7843063473701477,-0.3706134557723999,0.4434794783592224,-0.7452733516693115,-0.6178773641586304,0.5203740000724792,-4.181215763092041,0.39302873611450195,0.7843558192253113,7.2410993576049805,0.0891709104180336,0.8594411611557007
69,8.45803165435791,24.712303161621094,-41.889122009277344,-82.15119934082031,13.746282577514648,0.5476152300834656,-19.983001708984375,-6.128482818603516,1.793851375579834,-12.226903915405273,-0.4808768033981323,-0.09363460540771484,1.2136638164520264,-0.5056713819503784,0.4325568377971649,-1.8611996173858643,-0.08565766364336014,0.5562164783477783,-3.9220025539398193,0.11261808127164841,0.9289067983627319,2.826569080352783,0.5059093236923218,0.9379699230194092
70,1.734109878540039,22.559940338134766,-29.980648040771484,-47.41893005371094,19.550142288208008,-0.7480655312538147,-5.0301055908203125,-9.25916862487793,3.7946972846984863,-6.545519828796387,-0.3751258850097656,-0.19265508651733398,1.5441471338272095,-0.6934175491333008,0.2878168523311615,-2.431032180786133,0.23658853769302368,0.24567419290542603,-3.047445297241211,-0.556179404258728,0.8858196139335632,-0.9900035858154297,0.08197656273841858,-0.5975026488304138
71,13.79788875579834,13.400287628173828,-11.623005867004395,-4.770406723022461,20.0,-0.9968080520629883,-7.799009323120117,-2.473785877227783,-2.0878748893737793,-3.6895523071289062,-0.37571829557418823,0.07145023345947266,1.7504982948303223,-0.3768835663795471,0.1766752004623413,-2.1414637565612793,0.06391190737485886,-0.3644889295101166,-2.2563436031341553,-0.742679238319397,-0.10947930812835693,-4.165254592895508,-0.4003983736038208,-1.11501944065094
72,-13.194595336914062,1.8094160556793213,-1.6663604974746704,-2.0392651557922363,20.0,-3.0073390007019043,19.64862823486328,-2.5205631256103516,3.3302407264709473,5.368743896484375,0.07444053888320923,0.006847858428955078,-0.2568117082118988,-0.31293007731437683,0.14688897132873535,1.6299757957458496,2.1068837642669678,-0.31754565238952637,-0.797943115234375,-1.0564892292022705,-0.2249106764793396,-6.425105571746826,-0.42376241087913513,-2.1095151901245117
73,-32.2586555480957,-3.5098214149475098,3.6600823402404785,-2.712228775024414,5.420065879821777,-1.452956199645996,41.81068420410156,-8.430550575256348,8.79339599609375,9.715023040771484,0.29233258962631226,0.04236316680908203,-2.1177213191986084,-0.4411163330078125,-0.10881809890270233,5.767065525054932,4.750068187713623,-1.7508389949798584,2.15071964263916,-1.7565815448760986,-0.9275778532028198,-3.555220603942871,9.117902755737305,-6.089603900909424
74,-27.06092643737793,-2.882642984390259,2.5835466384887695,-5.626117706298828,-1.1056876182556152,0.10396003723144531,30.289344787597656,-22.37516212463379,24.684356689453125,-67.1531982421875,0.8763203620910645,-4.7489118576049805,-3.529026746749878,0.667752206325531,0.2606210708618164,7.537659168243408,1.7287969589233398,-1.9471137523651123,1.0136654376983643,0.30902770161628723,-0.13961276412010193,0.3210315406322479,-1.7150079011917114,0.7420538067817688
75,0.3694267272949219,-9.009047508239746,4.648685455322266,-3.024993896484375,-0.39224326610565186,0.15161824226379395,2.5945472717285156,-22.710275650024414,31.344091415405273,-73.05023193359375,-2.422703266143799,-6.14520263671875,-2.810286283493042,-0.0928555354475975,0.4693628251552582,6.418532848358154,0.4776264727115631,-1.3029993772506714,1.4636917114257812,0.1643250584602356,0.13497893512248993,-0.11948464065790176,-1.6786950826644897,0.6478909254074097
76,-10.592153549194336,-0.7695993185043335,0.5811159610748291,-10.322392463684082,-0.4352947473526001,0.13409125804901123,5.607452392578125,-20.27395248413086,26.92110824584961,-64.20391082763672,0.9413182735443115,-5.985637187957764,-2.6326544284820557,-0.25107520818710327,0.35126665234565735,2.8568854331970215,0.5361420512199402,-0.847673237323761,1.636926293373108,0.09684969484806061,0.02923882007598877,-0.7151839733123779,-1.337461233139038,0.5846234560012817
77,-9.838835716247559,-3.9847676753997803,2.3755338191986084,-4.148595333099365,-0.39517077803611755,0.14877724647521973,6.096214294433594,-16.16716766357422,23.235811233520508,-59.651885986328125,6.881401062011719,-3.9640748500823975,-2.5730772018432617,-0.47829368710517883,0.35684019327163696,0.581750750541687,-0.19510921835899353,0.8273460268974304,1.7600966691970825,0.15408474206924438,-0.0075123608112335205,-1.2432503700256348,-0.9543952941894531,0.2910726070404053
78,-3.883838653564453,-0.28557634353637695,-0.05460217967629433,-4.08840274810791,-0.2636621594429016,-0.059916138648986816,2.8880414962768555,-10.277716636657715,16.314556121826172,-44.51563262939453,14.07384967803955,0.5033444166183472,-1.8425054550170898,-0.460613876581192,-0.06435567885637283,-2.7407217025756836,-0.2504440248012543,0.7111948132514954,2.0869617462158203,0.3205459713935852,-0.19971564412117004,-1.805017352104187,-0.5924153923988342,-0.236088365316391
79,2.409043312072754,0.18715667724609375,0.17707598209381104,5.801673889160156,-0.002659738063812256,-0.03537607192993164,-4.04351282119751,-14.365458488464355,14.483648300170898,-33.54058074951172,17.628175735473633,3.4168691635131836,-1.3773177862167358,-0.47597968578338623,-0.24223019182682037,-3.3313236236572266,-0.36821305751800537,1.1759403944015503,2.0886030197143555,0.4008428752422333,-0.2164619117975235,-1.8946555852890015,-0.509649395942688,-0.32342958450317383
80,3.603100299835205,0.4490780830383301,1.1719162464141846,8.210211753845215,-0.017983436584472656,-0.08718204498291016,-6.261901378631592,-14.361616134643555,11.255084037780762,-30.223560333251953,20.0,6.523536682128906,-1.0269817113876343,-0.20519959926605225,-0.005592324770987034,-3.0373620986938477,-1.3966070413589478,1.8391343355178833,2.077951192855835,0.479032039642334,-0.3300570547580719,-1.9682713747024536,-0.44367119669914246,-0.5745506286621094
81,11.4785737991333,-2.2603635787963867,1.3548519611358643,9.818836212158203,0.290600061416626,-0.13147974014282227,-18.779598236083984,-10.899352073669434,9.813477516174316,-30.74701690673828,20.0,9.020590782165527,-0.6374112963676453,-0.21991853415966034,0.11598370969295502,-2.4895713329315186,-1.4303079843521118,2.488245725631714,1.8217647075653076,0.4961647093296051,-0.3062032163143158,-1.8548542261123657,-0.6029872894287109,-0.12361596524715424
82,10.946921348571777,13.091092109680176,-8.68350601196289,1.0081310272216797,0.18031084537506104,-0.16814136505126953,-2.8300116062164307,-15.61798095703125,2.632572650909424,0.5119566917419434,20.0,3.9805679321289062,0.8318420052528381,0.2851514518260956,-0.4258900582790375,-5.409894943237305,-0.7350472807884216,1.672541856765747,0.5558299422264099,0.3181683123111725,-0.2289472222328186,1.032831072807312,0.08049939572811127,3.191967248916626
83,26.84682846069336,10.82536506652832,-7.813821315765381,10.902782440185547,0.4850062131881714,-0.018230915069580078,-17.275394439697266,-2.0339417457580566,-4.08981990814209,-0.3313770294189453,20.0,4.115715980529785,2.2323644161224365,0.9042730331420898,-0.9917817115783691,-6.208845615386963,0.771857500076294,2.340688943862915,-1.919067621231079,-0.11162906140089035,-1.0029797554016113,6.27896785736084,3.570983409881592,3.596109628677368
84,54.46382141113281,17.282075881958008,-27.020156860351562,-37.345787048339844,-16.80196762084961,13.748994827270508,-46.87847900390625,2.917325973510742,-2.8972039222717285,-7.555572509765625,-0.8217663764953613,-0.3144822120666504,0.6771045923233032,-0.2145657241344452,-0.4602604806423187,1.3015176057815552,-2.00131893157959,0.07687139511108398,-4.499410152435303,-0.09648863226175308,0.3628097176551819,10.630228996276855,3.6068637371063232,3.3851890563964844
85,40.424034118652344,25.94318389892578,-34.783424377441406,-65.50196075439453,12.125566482543945,3.7494359016418457,-30.967693328857422,-2.929159164428711,1.2724494934082031,-18.52106475830078,-1.4906373023986816,-0.48793327808380127,1.55782151222229,-0.11157464236021042,-0.11585970968008041,0.06262698024511337,-1.6224983930587769,0.021153317764401436,-4.227427959442139,0.17240923643112183,1.4571701288223267,5.509148597717285,0.1983879655599594,0.6637905836105347
86,11.888333320617676,19.890819549560547,-34.13536071777344,-62.484336853027344,19.68408966064453,0.8470492362976074,-7.094882965087891,-2.785005569458008,-0.7106523513793945,-7.461019515991211,-0.4813838005065918,-0.12504971027374268,2.326988458633423,-0.02038019895553589,-0.026803843677043915,-1.094800353050232,-1.2605518102645874,-0.11320966482162476,-3.3779709339141846,-0.02738182619214058,1.3726272583007812,1.6044137477874756,-0.7121317982673645,-0.6871520280838013
87,-14.499622344970703,12.730597496032715,-18.65282440185547,-46.73606872558594,20.0,-0.6505286693572998,10.902631759643555,-0.8439888954162598,-1.5103662014007568,-4.444889068603516,-0.1980290412902832,0.037686824798583984,2.443895101547241,-0.08128908276557922,-0.1722903847694397,-1.740627408027649,-0.8598282337188721,0.005570068955421448,-1.8451812267303467,-0.5437542796134949,0.594541609287262,-3.3083250522613525,-1.2428834438323975,-1.5670373439788818
88,-12.14366626739502,8.237104415893555,-1.0642366409301758,-16.837688446044922,20.0,-3.624748468399048,13.09145736694336,-1.8847413063049316,-0.47190502285957336,3.1528244018554688,0.12188559770584106,0.14796900749206543,2.5418970584869385,-0.08667904138565063,-0.029366102069616318,-1.8267042636871338,-0.782732367515564,-0.27720680832862854,-0.3763333857059479,-1.0676841735839844,-0.06760087609291077,-6.386518955230713,-0.33739498257637024,-1.7273122072219849
89,-7.1074934005737305,-5.609844207763672,6.039464950561523,-3.9182519912719727,20.0,-3.7011609077453613,7.762808799743652,12.262752532958984,-5.998365879058838,14.068633079528809,0.3108745813369751,0.192335844039917,0.8842127323150635,-0.09741288423538208,0.12306013703346252,0.8255616426467896,0.11907858401536942,-0.32246965169906616,-0.6545455455780029,-0.7530566453933716,-0.33700549602508545,-3.9176478385925293,0.4841831624507904,-1.717624545097351
90,-17.101449966430664,-3.4687557220458984,5.578850746154785,4.445194244384766,11.991522789001465,-2.711674213409424,29.916831970214844,-10.06390380859375,8.654189109802246,3.4087982177734375,-0.009927034378051758,0.029536724090576172,-1.5096197128295898,0.24155403673648834,0.6656265258789062,6.6087517738342285,3.8291501998901367,-1.8896819353103638,2.0296998023986816,-1.1527358293533325,-0.3179468810558319,-8.660661697387695,0.2155342400074005,-2.27754807472229
91,-33.3217658996582,-3.3805277347564697,3.236506462097168,-6.949718475341797,-0.9550633430480957,0.10102510452270508,39.90900421142578,-17.95557975769043,26.722684860229492,-30.944927215576172,-18.733768463134766,-4.898061752319336,-3.067795991897583,0.7554593086242676,1.0755114555358887,10.153633117675781,1.4084157943725586,-2.044795274734497,0.9789935946464539,0.1138792335987091,-0.10942316055297852,1.8844786882400513,-2.6320338249206543,-0.422468900680542
92,-8.654117584228516,-1.1717689037322998,-0.9024977684020996,-13.031335830688477,-0.7496341466903687,0.24477624893188477,11.427547454833984,-24.69794464111328,30.396438598632812,-65.89195251464844,3.091313600540161,-5.662072658538818,-2.346959114074707,0.06193478778004646,0.3407759666442871,6.084211349487305,-0.012304045259952545,-1.0858218669891357,1.480480432510376,-0.08440963923931122,-0.07209024578332901,1.112099528312683,-2.5096547603607178,0.23173895478248596
93,-19.692546844482422,-3.624718189239502,2.1312527656555176,-10.394903182983398,-0.44987034797668457,0.12986081838607788,18.62674331665039,-17.283552169799805,26.410062789916992,-62.96986389160156,11.620187759399414,-3.853001117706299,-2.678804636001587,-0.2401106357574463,-0.015442583709955215,2.8140809535980225,0.6795403957366943,-0.3306276202201843,1.6741650104522705,0.01916372776031494,-0.21823158860206604,0.1863698959350586,-1.8967489004135132,-0.0007975026965141296
94,-7.417568206787109,-1.5895922183990479,1.0264426469802856,-6.450512886047363,-0.667780876159668,0.10275077819824219,7.510650634765625,-10.237831115722656,23.078231811523438,-62.04037094116211,13.598428726196289,-0.3184660077095032,-1.970442771911621,-0.143720805644989,-0.27721524238586426,-0.8317577838897705,-1.818024754524231,0.9981310963630676,2.224648952484131,0.2659207284450531,-0.41873806715011597,-0.8609445691108704,-1.3652911186218262,-0.2389812171459198
95,1.7167911529541016,-4.831559658050537,3.478837013244629,3.19870662689209,0.1976451873779297,-0.09052348136901855,-4.873857498168945,-12.91479206085205,21.945449829101562,-58.283470153808594,17.306686401367188,1.223442554473877,-1.2063958644866943,-0.4340363144874573,-0.0518692210316658,-2.747021198272705,-0.7816309332847595,1.4737071990966797,2.465266466140747,0.27585166692733765,-0.2838948965072632,-1.4856483936309814,-1.0959320068359375,0.1465148627758026
96,-4.322915077209473,0.46140551567077637,1.5860481262207031,4.96816349029541,-0.05975914001464844,-0.11632680892944336,2.561115264892578,-13.439114570617676,15.248870849609375,-28.760379791259766,20.0,6.927816390991211,-1.0999253988265991,-0.22230930626392365,0.346471905708313,-3.1986629962921143,-1.1464647054672241,2.139378786087036,2.354386329650879,0.37138238549232483,-0.2539908289909363,-1.5734782218933105,-0.8511301875114441,-0.5004022717475891
97,1.5671629905700684,4.9593505859375,-4.235069274902344,3.5035648345947266,-0.03479504585266113,-0.15346360206604004,-4.375009536743164,-11.215198516845703,8.71304988861084,-17.447120666503906,20.0,6.554095268249512,-0.6213842630386353,-0.10936731100082397,-0.5050572752952576,-4.509575366973877,-1.583257794380188,1.4831905364990234,2.108671188354492,0.5572759509086609,-0.2085111290216446,-1.3233869075775146,-1.001831293106079,0.5995271801948547
98,21.712942123413086,-0.1501230001449585,0.4290217161178589,11.103062629699707,0.6602176427841187,-0.14305710792541504,-18.487756729125977,-0.05076158046722412,-1.6197744607925415,-8.594842910766602,20.0,4.7950286865234375,0.39624106884002686,-0.040896013379096985,-0.3607522249221802,-4.424638748168945,0.9254171848297119,1.3208667039871216,0.7313376069068909,0.29002606868743896,-0.36825621128082275,1.4261689186096191,0.17221705615520477,1.1442036628723145
99,22.780738830566406,12.164011001586914,-8.403491973876953,5.795467376708984,0.08283519744873047,-0.0032339096069335938,-14.239192008972168,0.2923412322998047,-8.731557846069336,2.066486358642578,17.958415985107422,4.3606743812561035,1.9500701427459717,0.7648729681968689,-0.923464298248291,-6.880778789520264,1.2145073413848877,1.757495403289795,-1.8940837383270264,-0.29695868492126465,-1.2255185842514038,6.121950149536133,3.717381477355957,2.5833346843719482
100,65.88139343261719,20.20336151123047,-21.55838966369629,-66.95841217041016,12.440896987915039,-1.6243865489959717,-53.924041748046875,14.04902172088623,-8.239091873168945,-8.72552490234375,-1.0801281929016113,-0.16740798950195312,0.7500710487365723,-0.11754623055458069,-0.34017467498779297,1.4393446445465088,-2.216883659362793,-0.21310657262802124,-4.542172908782959,-0.02579030953347683,-0.10580451041460037,9.311955451965332,2.480189085006714,2.709977388381958
101,30.908344268798828,19.101938247680664,-35.97175598144531,-81.05607604980469,12.623998641967773,2.686758279800415,-18.788753509521484,7.093775749206543,-2.2932095527648926,-10.64091682434082,-0.9828554391860962,-0.3669027090072632,1.887663722038269,0.04910513013601303,-0.023412026464939117,0.011163810268044472,-1.9235094785690308,0.21970802545547485,-4.096341609954834,1.1951709985733032,1.30620276927948,5.869711399078369,0.03435400873422623,0.8056215047836304
102,19.9500732421875,14.45872974395752,-28.13956642150879,-69.53864288330078,19.485305786132812,0.05969037115573883,-16.52655601501465,2.8016223907470703,-4.870291709899902,-9.031234741210938,-0.5484813451766968,-0.0739564448595047,2.4687247276306152,-0.21833127737045288,0.047412265092134476,-1.3015031814575195,-1.2575193643569946,-0.022446878254413605,-3.862844467163086,0.854012668132782,0.8302801251411438,2.2532365322113037,-0.5948919057846069,-0.15523983538150787
103,-5.215756416320801,16.621662139892578,-20.412181854248047,-41.723793029785156,20.0,-1.363145351409912,7.349096298217773,-6.542043685913086,0.7418180704116821,-6.994891166687012,-0.221734881401062,-0.02348041534423828,2.8841679096221924,-0.07482254505157471,-0.011242184787988663,-2.0011978149414062,-0.9330085515975952,-0.0983601063489914,-2.1738219261169434,0.2486782968044281,0.017115673050284386,-3.222461700439453,-0.32984527945518494,-1.2145456075668335
104,-18.32345962524414,2.898249387741089,-3.674748420715332,-16.765243530273438,20.0,-1.9439506530761719,20.568431854248047,-4.232545852661133,2.8576157093048096,3.6552352905273438,-0.020809173583984375,0.05520057678222656,2.7359635829925537,-0.318509966135025,0.08985144644975662,-1.7600996494293213,-0.4519992470741272,-0.2591246962547302,-0.2743254005908966,-0.5444989204406738,-0.09680688381195068,-6.104105472564697,-1.151335597038269,-1.7900508642196655
105,-24.00320053100586,0.4403282403945923,3.7460832595825195,-1.4770803451538086,17.476884841918945,-4.1145830154418945,27.19645881652832,-1.0002260208129883,1.0460562705993652,9.418895721435547,0.32606977224349976,0.13293981552124023,0.002396543975919485,0.2300003618001938,0.3805885314941406,2.934417963027954,2.1817522048950195,-0.33987048268318176,1.3974943161010742,-0.6966786980628967,-1.0748664140701294,-8.575037002563477,-0.09752323478460312,-2.395907163619995
106,-24.6759033203125,6.193442344665527,-2.0038137435913086,-2.0410118103027344,0.7855253219604492,-0.27419376373291016,30.00183868408203,-14.021308898925781,12.983753204345703,16.511316299438477,0.3790878653526306,-0.03508186340332031,-1.742822289466858,0.6002151966094971,0.45323309302330017,7.511861324310303,5.055830001831055,-3.1355929374694824,2.8434391021728516,-0.9211595058441162,-0.31639692187309265,-8.31818962097168,0.4540878236293793,-3.947429895401001
107,-26.444608688354492,-1.336357593536377,0.7140175104141235,-12.047122955322266,-1.4666292667388916,0.3384108543395996,26.472286224365234,-13.58080005645752,22.658559799194336,-24.093952178955078,-14.278976440429688,-7.769403457641602,-2.6450462341308594,0.31226208806037903,0.1856200397014618,7.4494547843933105,-0.16000331938266754,-1.6489238739013672,1.6979553699493408,-0.37238189578056335,0.005434885621070862,-0.19570261240005493,5.613654613494873,0.5824393033981323
108,0.7639570236206055,-7.139410495758057,3.7741951942443848,-8.304195404052734,-0.3948547840118408,0.1612309217453003,-3.5924816131591797,-10.597169876098633,22.39373779296875,-68.98705291748047,-0.05313682556152344,-8.946905136108398,-1.9096465110778809,0.1525629758834839,0.24827416241168976,4.081271648406982,-1.5077077150344849,-0.6017111539840698,1.1433583498001099,-0.06913427263498306,0.010364562273025513,1.3029757738113403,-2.7561306953430176,0.7062586545944214
109,-10.670210838317871,-6.651395320892334,4.637414455413818,-3.329535484313965,-0.01666080951690674,0.014219939708709717,10.37228775024414,-17.39128303527832,26.777034759521484,-59.12533950805664,10.374587059020996,-4.694931507110596,-2.0348877906799316,-0.09695036709308624,0.6515623331069946,2.6195733547210693,-0.648341953754425,-0.3406177759170532,1.2139613628387451,-0.06920679658651352,0.018144935369491577,0.7537692785263062,-2.2593801021575928,0.1855807900428772
110,-9.817733764648438,-1.9682445526123047,0.09967958927154541,-3.9053843021392822,-0.22811686992645264,0.09974288940429688,10.601765632629395,-18.382701873779297,26.984783172607422,-59.2275505065918,15.332344055175781,-0.8499594330787659,-1.8172333240509033,-0.17716409265995026,0.187001034617424,0.21874894201755524,-0.7086856365203857,0.6411693692207336,1.5337963104248047,0.1653195321559906,-0.08057461678981781,-0.10101255774497986,-1.7129461765289307,-0.11281108856201172
111,1.4543509483337402,-2.1752777099609375,-0.3934366703033447,-0.6488475799560547,-0.1475515365600586,0.01624608039855957,-0.587559700012207,-14.991363525390625,21.714096069335938,-56.152854919433594,19.32425308227539,0.9243415594100952,-0.7158847451210022,-0.4467744529247284,-0.45053359866142273,-2.656087636947632,-1.4505337476730347,1.3504976034164429,2.0064189434051514,0.37529483437538147,-0.004134438931941986,-0.9274885654449463,-1.3494449853897095,0.2524307072162628
112,-7.090412616729736,1.1155779361724854,1.2263336181640625,1.6605262756347656,-0.027291417121887207,-0.09860801696777344,5.775226593017578,-13.313257217407227,9.701142311096191,-27.615650177001953,20.0,5.803294658660889,-0.5973096489906311,-0.1801401674747467,-0.4862155020236969,-4.230888843536377,-0.9334641695022583,1.8934969902038574,1.9800912141799927,0.5711062550544739,-0.16418904066085815,-1.1905272006988525,-1.0518262386322021,-0.36538165807724
113,8.959366798400879,7.4776201248168945,-3.2205147743225098,2.0486602783203125,-0.14725136756896973,-0.12002992630004883,-2.5419015884399414,-11.56181526184082,2.0065035820007324,-6.868749618530273,20.0,4.651844024658203,1.1515426635742188,0.05407417565584183,-0.4207583963871002,-7.759363651275635,-1.9524050951004028,2.276287078857422,1.8236192464828491,0.22316570580005646,-0.20548149943351746,-0.09660013020038605,-1.1346116065979004,2.0000808238983154
114,22.403759002685547,5.971778392791748,-4.397393703460693,16.31847381591797,0.6006577014923096,-0.1224360466003418,-19.426219940185547,-6.721556663513184,-3.2395570278167725,-8.09394645690918,20.0,4.543745994567871,1.8045982122421265,0.3378010392189026,-0.9198259115219116,-6.696841239929199,-0.36951249837875366,2.368039608001709,-0.25850698351860046,-0.06489557772874832,-0.6811021566390991,3.5137829780578613,1.1599092483520508,1.8144170045852661
115,47.34294891357422,15.964323997497559,-11.521581649780273,-52.91920471191406,8.835979461669922,1.169053554534912,-41.85064697265625,8.31352710723877,-7.171536445617676,-4.956333160400391,0.8127918243408203,0.1972804069519043,1.258489727973938,-0.41016149520874023,-0.08153660595417023,1.057592749595642,-2.2385170459747314,0.21920953691005707,-2.4305496215820312,-0.6373008489608765,-0.37341970205307007,7.127431869506836,4.817258834838867,3.2906599044799805
116,42.43128204345703,25.63207244873047,-34.880794525146484,-76.76469421386719,16.249025344848633,1.4819421768188477,-41.390769958496094,10.927998542785645,-7.17479133605957,-6.538978576660156,-1.4400027990341187,-0.3761281967163086,1.4774515628814697,-0.14071246981620789,0.21227265894412994,0.1334119737148285,-1.8728224039077759,0.23891624808311462,-4.4136223793029785,0.8740816712379456,1.0002555847167969,8.061827659606934,0.6172043085098267,0.9575634002685547
117,22.252527236938477,25.837129592895508,-39.38768005371094,-75.83586883544922,20.0,-1.3218603134155273,-18.076587677001953,-4.641992092132568,1.4322071075439453,-11.498001098632812,-0.662320613861084,-0.15098369121551514,2.3446736335754395,-0.3265179395675659,0.2603132128715515,-1.2654362916946411,-1.3274253606796265,0.48291701078414917,-3.8066136837005615,0.8017950057983398,1.3952686786651611,4.045530319213867,-0.02351229637861252,0.364877849817276
118,11.735761642456055,20.54149627685547,-26.896570205688477,-54.60517120361328,20.0,-2.867614269256592,-12.224905014038086,-1.2167956829071045,-4.637857913970947,-10.000531196594238,-0.5996246337890625,-0.01945054531097412,2.7242791652679443,-0.10940635204315186,0.1458478718996048,-2.0752224922180176,-0.8406106233596802,0.1794312298297882,-3.043300151824951,0.42504894733428955,0.027845630422234535,-0.9114909172058105,-0.7598168253898621,-0.8924612402915955
119,-4.614295959472656,10.72761058807373,-15.227492332458496,-38.22074890136719,20.0,-3.7295520305633545,1.8765201568603516,0.7200883626937866,-1.495856523513794,1.0608196258544922,-0.1044471263885498,0.09956729412078857,2.836061954498291,-0.3059875965118408,0.14903995394706726,-2.596534013748169,-0.5471950769424438,0.11828973889350891,-2.2640349864959717,0.08657416701316833,-0.20837320387363434,-3.1819984912872314,-0.96918123960495,-0.8989189267158508
120,-0.6706228256225586,7.614748001098633,-2.7633235454559326,-0.17298221588134766,20.0,-4.094427108764648,6.749598503112793,-3.258791446685791,0.2675652503967285,1.2236270904541016,-0.14103436470031738,0.01615285873413086,1.8521840572357178,0.019847925752401352,0.1097579300403595,-0.5610698461532593,0.17141303420066833,-1.2614909410476685,-1.0060787200927734,-0.2576495110988617,-1.1146578788757324,-6.050204753875732,-1.5293694734573364,-2.513076066970825
121,-27.26954460144043,-5.315796852111816,3.0806684494018555,-2.4227142333984375,20.0,-4.509645938873291,35.300357818603516,-5.666050910949707,8.14210033416748,10.64443588256836,0.501470685005188,0.07121992111206055,-1.2465039491653442,-0.19162645936012268,0.5084985494613647,4.950527191162109,4.191347122192383,-1.1185170412063599,0.9275084137916565,-0.8163907527923584,-0.6224202513694763,-8.191984176635742,-0.1474715918302536,-3.4480245113372803
122,-43.99357604980469,-0.21476614475250244,2.329678535461426,-6.4488677978515625,-0.8608980178833008,-0.022315025329589844,57.199771881103516,-17.604881286621094,17.404800415039062,21.090160369873047,0.7611212730407715,0.09257173538208008,-3.27960467338562,-0.6034062504768372,0.823323667049408,9.701822280883789,3.5004472732543945,-2.7234461307525635,3.12813663482666,-2.055972099304199,-0.4971082806587219,-4.005589485168457,7.62470817565918,-0.41331005096435547
123,-19.306659698486328,-1.1857348680496216,-1.475503921508789,-13.439865112304688,-1.0851337909698486,0.2982215881347656,24.66959571838379,-9.508207321166992,25.62232208251953,-37.983299255371094,-18.074628829956055,-9.823460578918457,-3.3366644382476807,-0.3009825348854065,0.2001861035823822,8.081480026245117,0.6402583718299866,-2.168113946914673,2.111212968826294,-0.2860403060913086,0.44095879793167114,-0.6307631134986877,6.248569965362549,1.472800850868225
124,-3.3126821517944336,-0.4781426787376404,-0.007243365049362183,-14.107295989990234,-0.6262516975402832,0.26704084873199463,6.400120258331299,-15.560834884643555,20.339092254638672,-65.52474212646484,-0.38794946670532227,-8.259313583374023,-2.505101203918457,0.059447694569826126,-0.13469843566417694,2.9110524654388428,-0.42523902654647827,-0.807695209980011,1.632656455039978,0.23157596588134766,0.15253466367721558,0.8928836584091187,-2.6138415336608887,0.6779966354370117
125,-10.966431617736816,2.644329071044922,0.16888588666915894,-5.601801872253418,-0.35847997665405273,0.11283600330352783,14.2123441696167,-26.060226440429688,26.14250373840332,-50.06956481933594,10.498336791992188,-3.0522451400756836,-2.525188446044922,0.37655767798423767,0.04779079928994179,0.16244421899318695,-0.7868074178695679,0.25607749819755554,1.8067796230316162,0.16483768820762634,-0.015157140791416168,0.2782195508480072,-2.1404569149017334,0.07683766633272171
126,1.0826067924499512,2.1386308670043945,-2.119849443435669,-0.0879659652709961,-0.15279722213745117,0.06366562843322754,4.099020004272461,-24.133014678955078,25.05521011352539,-50.951622009277344,13.342313766479492,-0.17239871621131897,-1.5375149250030518,0.3542379140853882,-0.40621358156204224,-2.38440203666687,-1.5347155332565308,1.1907185316085815,2.2948861122131348,0.18131020665168762,-0.07212889939546585,-0.3526514172554016,-1.8244376182556152,-0.01985020935535431
127,1.1364154815673828,-5.5607805252075195,3.439511299133301,7.91009521484375,0.2684750556945801,-0.0933384895324707,-1.7117490768432617,-14.270696640014648,16.433181762695312,-48.521602630615234,20.0,1.3123371601104736,-1.2984360456466675,0.29988744854927063,-0.40906262397766113,-2.3938450813293457,-0.5764222145080566,1.7783432006835938,2.402916669845581,0.3404179513454437,-0.14308024942874908,-0.9095775485038757,-1.571597695350647,0.15891467034816742
128,12.996916770935059,2.5668773651123047,-2.052377223968506,3.318401336669922,0.013542413711547852,-0.13526320457458496,-13.396404266357422,-12.088900566101074,8.785896301269531,-24.404144287109375,20.0,5.047429084777832,-0.00590701587498188,0.3156363368034363,-0.6855489611625671,-4.730984687805176,-1.1198716163635254,1.5422285795211792,2.4913017749786377,0.36150845885276794,-0.1981201171875,-1.092557430267334,-1.4471971988677979,-0.33305275440216064
129,13.271580696105957,-4.125916481018066,2.5928454399108887,10.611285209655762,0.42835891246795654,-0.11101198196411133,-17.160354614257812,-2.7784953117370605,-0.6432348489761353,-14.620428085327148,20.0,6.369758605957031,0.3382817804813385,0.2242811918258667,-0.5081486701965332,-4.243387699127197,0.31027117371559143,2.210676670074463,1.3438920974731445,0.255709171295166,-0.2990591824054718,0.48948928713798523,-0.7894144654273987,-0.11653092503547668
130,16.76827049255371,3.530916452407837,-2.415884494781494,5.543159484863281,0.113006591796875,-0.16413545608520508,-10.419424057006836,2.7464473247528076,-10.14310073852539,-0.07440567016601562,20.0,5.37093448638916,1.4355275630950928,0.6690837144851685,-0.64641934633255,-5.966627597808838,0.6739622354507446,2.1152865886688232,-0.8260743618011475,-0.052944913506507874,-0.7152485847473145,4.509493350982666,1.6712322235107422,1.2211296558380127
131,44.14049530029297,6.230990886688232,-14.62351131439209,-36.48347473144531,-19.356632232666016,11.307380676269531,-41.59246826171875,7.180599689483643,-8.567255020141602,-7.6843109130859375,-0.29900074005126953,0.12192964553833008,0.8694596290588379,-0.09262067824602127,-0.40695956349372864,1.815748691558838,-2.1831469535827637,-1.41530179977417,-2.5910162925720215,-0.31663593649864197,-0.8931087851524353,7.061581134796143,3.628112316131592,3.4375433921813965
132,43.159629821777344,19.928701400756836,-30.40839385986328,-91.3965835571289,14.828790664672852,0.870241641998291,-33.64686584472656,8.570892333984375,-3.7245469093322754,-6.343685150146484,-1.3380012512207031,-0.47862696647644043,2.0234029293060303,-0.39128249883651733,0.2835075557231903,0.18149720132350922,-2.0941829681396484,0.4861469268798828,-3.2219624519348145,0.4330189824104309,0.9435750842094421,6.899581432342529,-1.5141199827194214,0.4991777539253235
133,6.386926651000977,19.264606475830078,-33.288841247558594,-74.28531646728516,19.20525550842285,-0.8384459614753723,-11.566926956176758,-3.348039150238037,1.0411376953125,-9.923922538757324,-0.24990427494049072,-0.07183361053466797,2.2988550662994385,-0.42146602272987366,0.4502500295639038,-1.1042072772979736,-1.5360013246536255,0.3199799060821533,-3.0974063873291016,0.5383148789405823,1.5447672605514526,3.005605697631836,-0.6874343156814575,0.555745542049408
134,2.737306594848633,22.391237258911133,-25.702320098876953,-55.33433151245117,20.0,-2.2707910537719727,-2.5606794357299805,-6.12654972076416,-0.5419783592224121,-8.908305168151855,-0.40488243103027344,-0.06566381454467773,2.7971725463867188,-0.3815533220767975,0.25516778230667114,-2.0692193508148193,-1.006056785583496,0.1633358895778656,-1.5457899570465088,-0.070156991481781,0.5752611756324768,-2.750863552093506,-1.0777508020401,-0.5265375971794128
135,0.7429437637329102,14.165929794311523,-8.761340141296387,-13.436321258544922,20.0,-5.5486650466918945,1.5561785697937012,-5.169663906097412,0.5437103509902954,0.08814048767089844,-0.12212252616882324,0.006697416305541992,2.720757246017456,-0.3536252975463867,0.03669548034667969,-1.8805890083312988,-0.9052920341491699,-0.3063870370388031,-0.3422323167324066,-0.7157332301139832,-0.4286559820175171,-5.959243297576904,-1.0089678764343262,-1.7390525341033936
136,0.6038761138916016,1.2499312162399292,1.6572271585464478,2.7972660064697266,20.0,-4.414839267730713,1.3544175624847412,3.2693862915039062,-1.0581917762756348,8.935100555419922,0.1692102551460266,0.11830759048461914,0.8227662444114685,-0.1758001148700714,0.29737338423728943,1.2584353685379028,0.4684189558029175,-1.0034233331680298,-0.4886009991168976,-0.5734822154045105,-0.4327423572540283,-5.33443021774292,-0.05237806960940361,-2.2449495792388916
137,-25.11652183532715,0.5433774590492249,-1.2474627494812012,-8.104668617248535,14.317286491394043,-3.270144462585449,30.807296752929688,-3.4861316680908203,5.5233564376831055,12.550914764404297,0.40848374366760254,0.09885787963867188,-1.1775051355361938,-0.05557946860790253,0.3227001428604126,4.536167621612549,2.877777576446533,-0.8170579671859741,0.9458702206611633,-0.6993072628974915,-0.3135112226009369,-5.974850654602051,1.0084015130996704,-2.7856922149658203
138,-27.868274688720703,-2.027541160583496,2.6848058700561523,-3.557769775390625,-0.5599732398986816,-0.019214391708374023,36.19706726074219,-15.872749328613281,19.656635284423828,-33.384742736816406,-15.066093444824219,-8.214811325073242,-2.151466131210327,0.21162258088588715,0.45467662811279297,7.645303249359131,2.31946063041687,-1.8794773817062378,2.3930511474609375,-0.6702651381492615,-0.33459359407424927,-1.391750693321228,7.859766006469727,1.8582627773284912
139,-8.417673110961914,-3.7449581623077393,1.5468506813049316,-7.874729156494141,-0.7815529108047485,0.16292548179626465,8.5263671875,-25.035612106323242,26.764995574951172,-66.37401580810547,-1.3207874298095703,-6.168153762817383,-2.058002471923828,0.19717292487621307,0.32568126916885376,5.536081790924072,-0.14627929031848907,-1.559782862663269,1.30925452709198,0.1558992713689804,0.12801407277584076,1.1716758012771606,-2.6499874591827393,0.5046864748001099
140,-17.41021728515625,-1.4154658317565918,1.6844068765640259,-8.011893272399902,-0.3261988162994385,0.15716803073883057,18.38530731201172,-27.545934677124023,29.483259201049805,-60.555076599121094,8.513143539428711,-4.865273475646973,-2.334240198135376,0.17642003297805786,0.37681126594543457,3.076986074447632,0.6836107969284058,-0.6933286786079407,1.5128602981567383,0.08251490443944931,-0.027171827852725983,0.43803292512893677,-2.182197093963623,0.21315068006515503
141,-5.283951759338379,-4.609846115112305,2.1221938133239746,-6.288806915283203,-0.5262588262557983,0.13490498065948486,4.913324356079102,-14.505664825439453,24.70916748046875,-59.74361038208008,13.234296798706055,-2.3862035274505615,-1.6465568542480469,-0.13871923089027405,0.3297063708305359,-0.6758378148078918,-0.8086428642272949,0.8904203772544861,1.853416085243225,0.06983077526092529,-0.047641731798648834,-0.38848862051963806,-1.7364387512207031,-0.00628286600112915
142,-10.932387351989746,-2.6545605659484863,1.5257806777954102,2.369563102722168,-0.04324370622634888,-0.10002404451370239,11.324806213378906,-19.74972915649414,26.43516731262207,-52.669132232666016,19.760520935058594,-0.4005536139011383,-1.7633857727050781,-0.2947491705417633,0.08660736680030823,-1.5900421142578125,-0.13567395508289337,0.4914954900741577,1.9241036176681519,0.19155925512313843,-0.04646407067775726,-0.8608106374740601,-1.3250144720077515,0.15723776817321777
143,-4.26685905456543,6.707479000091553,-4.433470726013184,0.28540802001953125,-0.3400380611419678,0.05448746681213379,7.216790199279785,-21.034088134765625,25.144611358642578,-37.80544662475586,20.0,4.1095757484436035,-0.9060901403427124,-0.03828909248113632,-0.5394152402877808,-4.027073860168457,-1.445650577545166,1.2468279600143433,2.3570127487182617,0.3632121682167053,-0.11747044324874878,-1.4767385721206665,-1.0158778429031372,-0.2613285183906555
144,1.4051246643066406,5.957706928253174,-2.079245090484619,8.482100486755371,0.28546297550201416,-0.07396674156188965,2.080678939819336,-20.638362884521484,14.208758354187012,-17.542116165161133,20.0,6.432578086853027,-0.5584507584571838,0.21042214334011078,-0.5269590020179749,-3.540238380432129,-0.23426038026809692,1.5574002265930176,2.467876434326172,0.3182634115219116,-0.2393365055322647,-1.3162927627563477,-1.1449311971664429,-0.5452649593353271
145,12.25014591217041,6.7173590660095215,-4.155649662017822,6.878993034362793,0.02614617347717285,-0.07918524742126465,-14.646524429321289,-11.517240524291992,7.229984760284424,-12.355796813964844,20.0,4.887372016906738,-0.01748601906001568,0.5787479877471924,-0.5456604361534119,-4.166550636291504,-1.044123888015747,1.7417452335357666,1.2510528564453125,0.10524570941925049,-0.2588200271129608,0.5194215774536133,-0.6752899885177612,1.1659735441207886
146,36.00490188598633,3.890596389770508,-4.577521324157715,10.041261672973633,0.5103421807289124,-0.035759925842285156,-30.811189651489258,8.8063383102417,-10.43655014038086,-4.819667816162109,18.466583251953125,5.008839130401611,1.6122945547103882,0.8027658462524414,-1.1196839809417725,-5.596015930175781,-0.3616751432418823,2.6260714530944824,-1.7156624794006348,-0.08775495737791061,-0.5732556581497192,5.700160503387451,2.994015693664551,1.9107836484909058
147,58.070167541503906,23.738908767700195,-22.039159774780273,-62.74380111694336,9.344218254089355,-2.4884438514709473,-42.78776168823242,6.68211555480957,-5.015639781951904,-6.539844512939453,-0.7960104942321777,-0.13259506225585938,1.5434521436691284,-0.2738072872161865,0.19958680868148804,1.0292317867279053,-2.3771770000457764,0.44595465064048767,-3.221713066101074,-0.17604178190231323,0.6411352157592773,8.723743438720703,2.404305934906006,2.3660190105438232
148,39.603736877441406,17.20816993713379,-36.007259368896484,-82.58844757080078,18.064407348632812,0.9961107969284058,-38.2392578125,10.282981872558594,-8.780351638793945,-12.028373718261719,-1.1768198013305664,-0.20596861839294434,1.9237866401672363,-0.19774451851844788,0.24628014862537384,-0.27704253792762756,-1.789600133895874,0.40220367908477783,-4.213977336883545,0.5689218640327454,0.6233225464820862,6.282531261444092,0.017200028523802757,1.0679233074188232
149,13.708704948425293,14.61639404296875,-30.904329299926758,-68.74098205566406,20.0,-0.5523301362991333,-17.35824966430664,5.854220867156982,-4.655197620391846,-8.203571319580078,-0.47459569573402405,-0.07922470569610596,1.9811524152755737,-0.263693630695343,0.19677968323230743,-1.2539747953414917,-1.2634319067001343,0.05443849414587021,-4.6838274002075195,1.0329326391220093,0.6611295342445374,3.345280647277832,-0.11762842535972595,0.8071175217628479
150,16.506755828857422,19.0827693939209,-26.2437686920166,-46.028839111328125,20.0,-1.5938661098480225,-3.607189178466797,-6.89385986328125,0.6800411939620972,-9.91258430480957,-0.49095821380615234,-0.13171446323394775,3.078486919403076,-0.21383993327617645,0.08806335926055908,-2.106640577316284,-0.8619887232780457,0.03653429448604584,-2.607356309890747,0.4602815806865692,0.0006075352430343628,-2.4039132595062256,-0.7772918939590454,-0.7337697744369507
151,-0.7023992538452148,3.515601873397827,-5.915873050689697,-14.327393531799316,20.0,-2.9579319953918457,1.8982515335083008,-2.2760653495788574,0.37380513548851013,2.3458919525146484,-0.015239536762237549,0.01677083969116211,2.9764726161956787,-0.6383771896362305,0.1306757926940918,-2.1797847747802734,-0.7866202592849731,-0.08076182752847672,-2.0771610736846924,-0.3039281964302063,-0.03306516259908676,-3.7100658416748047,-0.42406994104385376,-1.6831098794937134
152,-24.464122772216797,12.390788078308105,-2.9140143394470215,-8.752745628356934,20.0,-4.2855610847473145,27.30258560180664,-11.573031425476074,7.824578285217285,3.9136695861816406,0.11639237403869629,0.0707554817199707,1.0430386066436768,-0.3529128432273865,0.3132888674736023,0.7108777761459351,1.5056519508361816,-0.0508955717086792,-0.05788524076342583,-0.9867014288902283,-0.19577600061893463,-7.670024871826172,0.24373963475227356,-2.0113649368286133
153,-39.99211120605469,-6.090702533721924,6.329100608825684,-8.770637512207031,11.649648666381836,-3.4933390617370605,46.52213668823242,0.12960433959960938,3.9094033241271973,18.814098358154297,0.5117820501327515,0.08028650283813477,-1.4964479207992554,-0.10119388997554779,0.5095357298851013,5.17280912399292,4.371261119842529,-0.6676350235939026,2.05806565284729,-1.0397834777832031,-0.35235464572906494,-7.983543872833252,0.5810588598251343,-2.9378154277801514
154,-23.877622604370117,4.571495056152344,0.4380972385406494,-2.2345962524414062,-0.7778887748718262,-0.08587932586669922,32.137611389160156,-14.834295272827148,22.789934158325195,-16.983213424682617,-15.259451866149902,-7.031926155090332,-2.8850553035736084,0.21722601354122162,0.7173386216163635,9.824566841125488,2.181816339492798,-2.884310007095337,2.143303632736206,-1.8328542709350586,-0.9529730081558228,-0.9935738444328308,9.195174217224121,0.22222810983657837
155,-10.010948181152344,0.3636188507080078,-2.8715333938598633,-15.158145904541016,-0.9443880915641785,0.33663368225097656,18.047401428222656,-16.37325096130371,25.68381690979004,-57.49078369140625,-4.276890754699707,-7.976614475250244,-2.230621337890625,0.4580157995223999,-0.13841719925403595,6.0285964012146,-0.38905519247055054,-1.923140048980713,1.3584206104278564,-0.0354035347700119,0.048259370028972626,1.5721087455749512,-3.2373106479644775,-0.08236490190029144
156,-2.2329025268554688,-9.684805870056152,6.8055620193481445,-5.343538284301758,-0.17954230308532715,0.13472676277160645,-1.6149568557739258,-17.662677764892578,25.564247131347656,-74.79331970214844,0.41890525817871094,-7.391511917114258,-2.049506664276123,0.0360662117600441,0.517588198184967,3.456822156906128,-0.35370296239852905,-0.9811357259750366,1.5061486959457397,-0.1533804088830948,0.19052095711231232,0.9231705665588379,-2.6216001510620117,0.6399379968643188
157,-3.403125762939453,-11.530228614807129,5.320169925689697,-3.230135440826416,-0.15609586238861084,0.10273045301437378,1.9199180603027344,-10.528331756591797,21.978290557861328,-76.4552993774414,6.886970520019531,-2.6628060340881348,-1.499720811843872,-0.311943918466568,0.4928635060787201,0.8364270329475403,-0.43799498677253723,-0.04789188131690025,1.8874454498291016,0.17714923620224,0.16412171721458435,-0.23035790026187897,-1.8808672428131104,0.24480770528316498
158,-2.258476734161377,-0.4462697505950928,-0.7861320972442627,-3.3003273010253906,-0.2678694725036621,0.09501528739929199,3.1871461868286133,-15.58201789855957,17.925722122192383,-61.023582458496094,9.721070289611816,0.438277930021286,-0.6936750411987305,-0.32368749380111694,-0.40550661087036133,-2.4235968589782715,-1.1382571458816528,1.0225470066070557,2.4905500411987305,0.42703860998153687,-0.17128971219062805,-1.2977715730667114,-1.3401541709899902,-0.0109902024269104
159,-3.2925820350646973,9.078577041625977,-3.6678414344787598,0.8175010681152344,-0.038478195667266846,-0.04089641571044922,-0.6506738662719727,-25.398834228515625,18.641130447387695,-27.71119499206543,16.753835678100586,0.774076521396637,-0.5120721459388733,0.09203168004751205,-0.3306771516799927,-4.625399112701416,-0.3739469051361084,1.4425855875015259,2.167750358581543,0.30065590143203735,-0.17492961883544922,-1.288710594177246,-1.1635923385620117,0.022312700748443604
160,1.7988793849945068,-1.319502353668213,0.34857654571533203,9.499651908874512,-0.058658599853515625,-0.09880661964416504,-4.228515625,-15.774093627929688,12.75217056274414,-27.227237701416016,20.0,2.8344569206237793,-0.2811069190502167,-0.026298176497220993,-0.5270430445671082,-4.195584297180176,-1.7372182607650757,1.6674182415008545,1.9630481004714966,0.37523937225341797,-0.12453751266002655,-1.2065659761428833,-1.1328067779541016,-0.1253454089164734
161,7.476824760437012,3.2203757762908936,-1.702322006225586,8.31130313873291,0.31790900230407715,-0.1284191608428955,-3.523726463317871,-13.491406440734863,8.304595947265625,-16.742534637451172,20.0,5.681956768035889,0.57286137342453,0.10477828979492188,-0.8497870564460754,-4.393604755401611,-0.9748948216438293,1.4400200843811035,2.179575204849243,0.41250863671302795,-0.3007294535636902,-1.1073052883148193,-1.2238048315048218,-0.4603520631790161
162,0.7409725189208984,1.9378138780593872,0.05124616622924805,10.986838340759277,0.22273921966552734,-0.11310458183288574,-2.7294092178344727,-16.70071792602539,9.46656608581543,-12.027454376220703,20.0,4.807444095611572,0.03810606151819229,0.38490742444992065,-0.5542846322059631,-1.9460018873214722,-0.8014151453971863,1.5053203105926514,1.5351263284683228,0.3729827105998993,-0.20555391907691956,-0.1892630010843277,-1.6416089534759521,0.770117461681366
163,16.809709548950195,6.496385097503662,-5.115009307861328,0.10803794860839844,0.17462985217571259,-0.053284406661987305,-11.963783264160156,5.081187725067139,-7.24257755279541,3.0144691467285156,18.220104217529297,4.489717483520508,1.4343699216842651,0.8075255155563354,-1.0765712261199951,-5.521175384521484,-0.1044032871723175,1.8233147859573364,-0.9233930706977844,0.20529645681381226,-0.544829249382019,4.057254314422607,1.170860767364502,0.7707642912864685
164,62.79047775268555,13.90653133392334,-14.918902397155762,-71.70758819580078,16.247947692871094,6.210038661956787,-51.26997756958008,22.098276138305664,-14.272679328918457,-0.12343215942382812,-0.16526269912719727,0.1604299545288086,0.8891662359237671,-0.44650688767433167,-0.07412248849868774,1.3736088275909424,-2.391281843185425,-0.06821131706237793,-4.167595386505127,0.1615409255027771,-0.10411996394395828,12.311802864074707,3.823944091796875,3.3737668991088867
165,50.89325714111328,17.513341903686523,-31.74735450744629,-78.12860870361328,17.02613067626953,1.7817801237106323,-45.78499221801758,11.748445510864258,-9.046448707580566,-19.798843383789062,-1.7089855670928955,-0.3101940155029297,1.6225762367248535,-0.141591414809227,0.1942322850227356,0.03994828462600708,-1.8032481670379639,0.15216875076293945,-4.7059831619262695,1.4195773601531982,0.1906089186668396,7.964768409729004,0.30589643120765686,1.9571363925933838
166,17.69598960876465,28.6414737701416,-36.285491943359375,-63.81586837768555,20.0,-0.17738068103790283,-14.713132858276367,-16.332557678222656,9.069534301757812,-19.014995574951172,-0.9285985231399536,-0.3623890280723572,2.465527296066284,-0.35717320442199707,0.27615463733673096,-1.4546374082565308,-1.178001046180725,0.3932681381702423,-3.554398775100708,0.8976788520812988,1.0929932594299316,0.6348234415054321,-0.8334797620773315,0.3352230191230774
167,-23.4273624420166,24.854324340820312,-26.843358993530273,-49.25389099121094,20.0,-2.689237594604492,17.668781280517578,-13.742244720458984,4.59518575668335,-3.0903244018554688,-0.13796782493591309,-0.054086387157440186,2.6239328384399414,-0.218285471200943,0.05075724422931671,-2.297976016998291,-0.8562713861465454,0.031179368495941162,-1.5360273122787476,-0.3656229078769684,-0.07538057118654251,-4.733642578125,-1.1472282409667969,-0.46355509757995605
168,-4.454161643981934,9.506509780883789,-4.790786266326904,-12.50056266784668,20.0,-5.231381893157959,7.713519096374512,-0.6234915256500244,-0.516972541809082,7.470531463623047,0.034873247146606445,-0.008224248886108398,2.59100604057312,-0.1394748091697693,0.1073341816663742,-1.8453569412231445,-0.8515105843544006,-0.3489179015159607,-0.415918231010437,-0.6656728982925415,-0.6602592468261719,-5.667925834655762,-1.7830159664154053,-1.8492743968963623
169,-19.76902961730957,-2.081859588623047,3.1094844341278076,-7.267317771911621,20.0,-5.100411415100098,22.48155975341797,1.148310899734497,2.728360414505005,11.827682495117188,0.4869875907897949,0.08053159713745117,0.8332259654998779,-0.28647688031196594,0.39751267433166504,1.1518030166625977,0.8955262899398804,-0.431801974773407,0.6217248439788818,-1.001227855682373,-0.46890929341316223,-5.65193510055542,-0.8979687690734863,-2.5643866062164307
170,-18.91631317138672,2.650949239730835,3.4270148277282715,-3.2840957641601562,14.66448974609375,-3.4915099143981934,25.236454010009766,-5.441385746002197,7.187539577484131,11.173063278198242,0.5637903213500977,0.12682390213012695,-1.5547740459442139,0.048403363674879074,0.7380024790763855,5.214056491851807,3.630370855331421,-1.4795645475387573,1.773760437965393,-1.0443782806396484,0.013788746669888496,-6.463712692260742,1.6384921073913574,-2.6160526275634766
171,-33.11835479736328,-4.5659661293029785,3.178748607635498,-4.992053985595703,-0.7694602012634277,0.031508445739746094,43.0331916809082,-10.956886291503906,22.306053161621094,-23.17598533630371,-15.936413764953613,-11.85781478881836,-3.274951696395874,0.1289127767086029,1.1556755304336548,9.137600898742676,2.3077399730682373,-2.4308340549468994,1.6405532360076904,-0.8319697976112366,-0.004096288233995438,-0.8720266819000244,8.040800094604492,1.1784133911132812
172,-3.0535316467285156,-6.208337306976318,1.2713463306427002,-9.903730392456055,-0.7990405559539795,0.24756550788879395,8.187437057495117,-16.393709182739258,21.952272415161133,-74.58634948730469,-1.6109018325805664,-5.280755043029785,-2.534501314163208,-0.013691342435777187,0.18773482739925385,6.051466941833496,-0.31144359707832336,-1.8131052255630493,1.208120346069336,0.1295575201511383,0.18901972472667694,1.2744791507720947,-2.700432777404785,0.6779640913009644
173,-15.569633483886719,6.597110748291016,-2.3723506927490234,-10.423384666442871,-0.42325371503829956,0.2158646583557129,19.663639068603516,-32.33892059326172,35.42075729370117,-54.47786331176758,7.475764274597168,-3.8566842079162598,-2.4242663383483887,0.34248384833335876,0.3030153214931488,2.6131136417388916,-0.08521398156881332,-0.8033175468444824,1.5359526872634888,-0.011471882462501526,0.04309064894914627,0.6158586144447327,-2.2369937896728516,0.05987413227558136
174,-6.459434509277344,-9.50653076171875,4.823745250701904,-0.1148843765258789,-0.1369457244873047,0.13310670852661133,4.347195625305176,-21.85295295715332,29.89542007446289,-66.78277587890625,14.946561813354492,-0.7566456198692322,-2.591609239578247,-0.4691203832626343,0.4411502182483673,1.1780802011489868,-0.0014374044258147478,0.9823182821273804,1.467421293258667,-0.10105902701616287,0.29527854919433594,0.004430599510669708,-1.8456124067306519,-0.010835766792297363
175,2.8853626251220703,-1.3636903762817383,-0.8679318428039551,-3.7857770919799805,-0.22592169046401978,-0.0343475341796875,-2.963202953338623,-12.084980010986328,21.252939224243164,-57.24827194213867,19.939767837524414,0.03447079658508301,-1.4209661483764648,-0.34128332138061523,-0.08413153141736984,-2.6768054962158203,-0.22803497314453125,1.2611125707626343,1.8408318758010864,0.21650514006614685,0.27290990948677063,-0.9069643020629883,-1.2994009256362915,0.16769573092460632
176,4.357423782348633,-0.4424973726272583,1.057830572128296,6.455883979797363,-0.037674903869628906,-0.11956572532653809,-1.4023265838623047,-15.641345977783203,12.483358383178711,-43.96260452270508,20.0,4.92042350769043,-0.5004419088363647,-0.15052974224090576,-0.3262366056442261,-3.3530611991882324,-1.1988978385925293,1.2546156644821167,2.401928663253784,0.38883283734321594,0.0009186156094074249,-1.5110564231872559,-1.0786206722259521,-0.08116453886032104
177,-6.169915676116943,3.724085569381714,-0.6416385173797607,5.5718231201171875,0.01966261863708496,-0.07014584541320801,2.359041213989258,-22.545562744140625,14.22753620147705,-24.47718620300293,20.0,7.993616104125977,-0.7613621354103088,-0.013896996155381203,-0.1788349598646164,-3.4873452186584473,-1.0101583003997803,1.8922700881958008,2.038938522338867,0.32751619815826416,-0.017654383555054665,-1.376557469367981,-0.9477641582489014,-0.4554230868816376
178,2.14536190032959,2.4924800395965576,-2.057105302810669,4.685037612915039,0.10438072681427002,-0.10761022567749023,-0.0564422607421875,-5.481718063354492,2.3275856971740723,-8.920482635498047,20.0,5.908090591430664,-0.30521854758262634,0.09941921383142471,-0.8427082300186157,-4.016753673553467,-0.6562045216560364,2.1020395755767822,1.9152698516845703,0.4322047233581543,-0.18638254702091217,-0.9193655252456665,-1.2765148878097534,0.8545282483100891
179,15.761762619018555,1.1357533931732178,-0.8218832015991211,9.137002944946289,0.2606627941131592,-0.16174554824829102,-11.362771034240723,-1.9918222427368164,-1.9824724197387695,-8.670458793640137,20.0,4.903565406799316,0.5694182515144348,0.4613198935985565,-1.0476137399673462,-3.742532730102539,-0.7027260661125183,1.9907739162445068,1.049596905708313,0.4714977741241455,-0.4111348092556,0.9806188941001892,-0.5989863872528076,1.8202968835830688
180,39.19997024536133,8.637094497680664,-5.65977144241333,6.234264373779297,0.5895652770996094,-0.15722203254699707,-33.63884353637695,6.619633674621582,-10.785467147827148,0.4927635192871094,18.463424682617188,4.173895359039307,1.6715750694274902,1.0490446090698242,-0.46791091561317444,-2.343050956726074,8.867423057556152,-3.372407913208008,-2.6889641284942627,-0.20966872572898865,-0.9253027439117432,7.584585666656494,4.764675140380859,2.763052463531494
181,65.53656005859375,18.48496437072754,-25.394351959228516,-63.51449203491211,14.11271858215332,4.696828842163086,-48.50647735595703,8.269941329956055,-4.389226913452148,-7.695987701416016,-1.2788968086242676,-0.2874021530151367,1.408050298690796,-0.3512013554573059,0.21500197052955627,0.8105870485305786,-2.218238353729248,0.2047499567270279,-4.818667888641357,0.11541876196861267,1.3324732780456543,10.452034950256348,2.40877628326416,2.30949068069458
182,41.350799560546875,29.27152442932129,-37.84547424316406,-78.96289825439453,17.701824188232422,0.8322547674179077,-31.384296417236328,2.891390323638916,-5.669255256652832,-17.955608367919922,-1.3502109050750732,-0.22535490989685059,2.4650790691375732,-0.12511149048805237,0.09188954532146454,-0.642644464969635,-1.694748878479004,0.3028106093406677,-4.258308410644531,0.5689792633056641,0.9098658561706543,4.588812351226807,-0.4573533833026886,0.872608482837677
183,-7.451913356781006,19.507780075073242,-30.266523361206055,-66.54251861572266,20.0,-0.8071365356445312,3.8417701721191406,-3.3116860389709473,-0.11082863807678223,-6.910124778747559,-0.16146862506866455,-0.08901160955429077,2.842787027359009,-0.007375970482826233,0.08514119684696198,-1.8411343097686768,-1.2680078744888306,0.0172845721244812,-3.2156786918640137,0.1969527304172516,0.46095043420791626,-0.2545831799507141,0.41080233454704285,0.26910439133644104
184,5.43142032623291,12.028190612792969,-15.228280067443848,-29.293025970458984,20.0,-2.5852575302124023,-3.186351776123047,-3.657287836074829,0.6408294439315796,-2.9925079345703125,-0.5016632080078125,-0.12399506568908691,2.9123363494873047,-0.1867825984954834,0.07614532858133316,-2.0929110050201416,-0.8391404747962952,-0.0022637397050857544,-2.3640191555023193,-0.34687572717666626,0.2434290051460266,-3.4509971141815186,-1.1846725940704346,-1.666795015335083
185,-2.5835704803466797,3.7147576808929443,-1.7725083827972412,-8.485088348388672,20.0,-4.455811977386475,4.831943511962891,-0.04107308387756348,-1.4244269132614136,1.7672309875488281,-0.0143166184425354,0.16892600059509277,2.7311580181121826,-0.08084309101104736,0.22119897603988647,-1.7274065017700195,-0.6865605115890503,-0.22545652091503143,-1.2868340015411377,-0.5318368673324585,-0.26157695055007935,-6.315733432769775,-0.3292430341243744,-1.7030251026153564
186,-27.436443328857422,3.821197271347046,-1.4925364255905151,-8.217689514160156,20.0,-4.460482597351074,36.95290756225586,-5.798654556274414,6.244403839111328,15.249595642089844,0.6100726127624512,0.10123658180236816,0.9579660296440125,-0.0794496238231659,0.29654204845428467,1.8772388696670532,1.4118088483810425,-0.7125573754310608,0.9304055571556091,-1.209917426109314,-0.5037768483161926,-6.851297378540039,1.5224474668502808,-1.546546220779419
187,-35.51369857788086,-2.532224178314209,4.194308280944824,-3.059986114501953,6.748766899108887,-1.6130847930908203,39.83527755737305,-4.7960286140441895,8.078658103942871,16.48719596862793,0.24552547931671143,-0.10166645050048828,-2.1269612312316895,0.2065863162279129,0.6959914565086365,7.11115837097168,5.1296796798706055,-2.240410089492798,2.320146322250366,-1.230402946472168,-0.1151592954993248,-6.817378997802734,0.8636359572410583,-3.950122117996216
188,-30.3118896484375,6.460573673248291,-4.1547651290893555,-10.940261840820312,-1.2944467067718506,0.20035552978515625,39.962646484375,-17.802202224731445,27.534229278564453,-27.544950485229492,-16.39613151550293,-11.483638763427734,-2.684965133666992,0.8775338530540466,0.12874796986579895,7.604621887207031,1.332726001739502,-2.750645875930786,2.319812536239624,-0.6649731397628784,-0.7145524024963379,-0.6455191969871521,6.412341117858887,-0.11000931262969971
189,-1.1984195709228516,-5.112101078033447,2.408842086791992,-7.7683258056640625,-0.6051658391952515,0.3090881109237671,2.762087821960449,-16.012338638305664,26.273643493652344,-67.51654815673828,-2.0490055084228516,-8.12392807006836,-2.246077299118042,0.5534176230430603,-0.11545365303754807,4.798719882965088,-0.8339608311653137,-0.9670491218566895,1.6458415985107422,0.08613956719636917,-0.11174086481332779,1.3687009811401367,-2.9931182861328125,0.6566674709320068
190,-13.606194496154785,-2.5210330486297607,2.872622013092041,-7.438315391540527,-0.2632700204849243,0.11068052053451538,13.173614501953125,-27.466405868530273,31.315988540649414,-60.085147857666016,6.437492847442627,-5.249026775360107,-2.3896801471710205,0.25116899609565735,0.381612628698349,1.7476451396942139,-0.18820925056934357,0.2537859380245209,1.6389743089675903,-0.1036665290594101,0.03999226540327072,0.8127151727676392,-2.4582364559173584,0.2345849573612213
191,-2.35296630859375,-13.32680892944336,6.466116905212402,2.2766165733337402,-0.005720987915992737,-0.011881589889526367,2.688570022583008,-9.897078514099121,24.333826065063477,-68.82640075683594,13.868579864501953,-1.8181976079940796,-2.180878162384033,-0.6313470005989075,0.27422645688056946,0.7287417650222778,0.09892921149730682,1.126449704170227,1.8779220581054688,-0.07676970958709717,0.06243304908275604,0.02905087172985077,-2.008110523223877,0.0587860643863678
192,-4.321763038635254,1.2836477756500244,-0.307434618473053,-0.9805464744567871,-0.23736527562141418,-0.09365320205688477,7.284919738769531,-18.958660125732422,22.301973342895508,-52.73406982421875,19.4731388092041,1.2993062734603882,-1.6077157258987427,-0.42517808079719543,0.07147016376256943,-1.4995009899139404,-0.27807536721229553,1.0526968240737915,2.2839770317077637,0.11332877725362778,-0.04249711334705353,-0.6691862940788269,-1.629225492477417,0.3393709063529968
193,1.4567060470581055,-0.2209639549255371,-0.10100269317626953,3.2185115814208984,-0.13624238967895508,-0.0697164535522461,-0.6588973999023438,-12.123225212097168,16.812746047973633,-43.237545013427734,20.0,2.144878387451172,-0.788852870464325,-0.19103437662124634,-0.17507261037826538,-2.9068901538848877,-1.3477649688720703,1.2517086267471313,2.6245648860931396,0.4026496410369873,-0.11836622655391693,-1.2908239364624023,-1.3123277425765991,0.047182679176330566
194,2.857179880142212,9.821921348571777,-6.140685558319092,-0.8208637237548828,-0.0984199047088623,-0.01735401153564453,-5.893816947937012,-12.255006790161133,6.028052806854248,-12.013873100280762,20.0,5.403340816497803,-0.03854075446724892,0.36825230717658997,-0.7960599660873413,-6.084701061248779,-1.3736371994018555,1.6600079536437988,2.2507402896881104,0.6580014824867249,-0.26750022172927856,-1.1213141679763794,-0.8611690402030945,-0.8250651359558105
195,18.01659393310547,1.8952445983886719,-0.5430309772491455,12.10955810546875,0.5601992607116699,-0.11402177810668945,-13.771737098693848,-2.5984654426574707,-7.03787088394165,-0.9020290374755859,20.0,6.108612537384033,0.5940273404121399,0.48872023820877075,-0.7343478202819824,-5.6039652824401855,0.8833713531494141,2.012115478515625,0.05351072549819946,0.09210149943828583,-0.7947880029678345,2.857785224914551,1.3399466276168823,-0.48323747515678406
196,44.53026580810547,2.429731845855713,-10.3052396774292,-33.62068176269531,-20.0,8.643800735473633,-43.634334564208984,15.00572395324707,-13.514564514160156,-2.361419677734375,0.8473749160766602,0.5221123695373535,1.5842068195343018,-0.5794670581817627,-0.3252357244491577,1.208052396774292,-4.649187088012695,2.255157470703125,-2.592531681060791,0.32482022047042847,-0.5115140080451965,8.31902027130127,5.575474739074707,2.8868114948272705
197,36.300697326660156,18.420291900634766,-32.762596130371094,-88.42815399169922,11.332880020141602,1.4965476989746094,-32.078617095947266,7.221853256225586,-2.6789636611938477,-8.694156646728516,-1.675077199935913,-0.33649230003356934,1.7836458683013916,-0.4231869578361511,0.0767616257071495,0.12437102943658829,-1.9978851079940796,0.5577361583709717,-3.3162152767181396,0.9989581108093262,0.8339729309082031,7.474349021911621,-0.5479881763458252,1.8093076944351196
198,8.001065254211426,24.111156463623047,-27.236391067504883,-76.6586685180664,16.104293823242188,-1.030645489692688,-10.665176391601562,-5.687288284301758,0.1807999610900879,-14.999723434448242,-0.5964317321777344,-0.21782076358795166,2.3598413467407227,-0.28201359510421753,0.2526295781135559,-1.32547128200531,-1.347602367401123,0.2717031240463257,-2.4193484783172607,0.7377837300300598,0.5533456206321716,1.0531723499298096,-0.5576876997947693,0.39240071177482605
199,16.60516357421875,22.57527732849121,-23.11927604675293,-47.49677658081055,20.0,-2.4795570373535156,-15.933802604675293,-3.0833311080932617,-1.8496125936508179,-2.0706627368927,-0.3862452507019043,-0.026055842638015747,2.5402514934539795,-0.3330538868904114,0.31318044662475586,-1.8659403324127197,-0.9756567478179932,0.3186158537864685,-2.488393545150757,0.2772565186023712,0.012767959386110306,-0.6256041526794434,-1.5226292610168457,-0.2189943492412567
200,1.8840160369873047,12.193243026733398,-14.650731086730957,-27.39614486694336,20.0,-3.668768882751465,-1.4793119430541992,-1.015297532081604,-0.6377801895141602,0.8774194717407227,0.0758366584777832,-0.0013681650161743164,2.5349655151367188,-0.4251030385494232,0.25305643677711487,-2.0216641426086426,-0.8519834280014038,0.16283215582370758,-1.9957661628723145,-0.0600590854883194,-0.34015366435050964,-2.255296230316162,-0.711869478225708,-0.9454507231712341
201,-8.998554229736328,19.345115661621094,-16.96377182006836,-13.370528221130371,20.0,-3.7080531120300293,7.828448295593262,-9.058349609375,5.132079124450684,1.75360107421875,-0.11012458801269531,-0.0017752647399902344,2.067423105239868,-0.0841212272644043,-0.027561109513044357,-1.3893460035324097,-0.8714680671691895,-0.8777275085449219,-0.9032078385353088,-0.3210126459598541,-0.7999475598335266,-5.140495777130127,-1.1393415927886963,-1.9464484453201294
202,-6.421255111694336,8.885725975036621,-4.288594722747803,-9.862255096435547,20.0,-4.271126747131348,10.084671020507812,1.2022464275360107,0.8924531936645508,11.915767669677734,0.4451156258583069,0.20842695236206055,1.6186087131500244,-0.19864018261432648,0.04790618643164635,-0.2993506193161011,-0.6253886818885803,-0.5777153968811035,-0.41930291056632996,-0.44526129961013794,-0.7321618795394897,-3.79184627532959,0.43737170100212097,-0.897642970085144
203,-15.259950637817383,-0.36896181106567383,-0.6864293813705444,-6.985757827758789,20.0,-4.688409805297852,20.922513961791992,-3.1553845405578613,5.550865650177002,9.838929176330566,0.3322937488555908,-0.013449668884277344,-0.023869983851909637,-0.38571980595588684,0.3106619715690613,2.5898172855377197,1.1125820875167847,-0.46304041147232056,0.32419705390930176,-0.7868232727050781,-0.0700736939907074,-3.264321804046631,1.3834892511367798,-1.2956275939941406
204,-24.007850646972656,-4.2114129066467285,4.814276695251465,2.261585235595703,2.166672706604004,-0.5340085029602051,30.178083419799805,-11.549667358398438,11.106443405151367,3.6944351196289062,-0.0754251480102539,-0.1264963150024414,-2.6443405151367188,-0.20703303813934326,1.0631468296051025,9.24213695526123,6.489107131958008,-2.9014909267425537,2.1838085651397705,-1.0677833557128906,0.48365604877471924,-7.041840553283691,0.7210183143615723,-3.5342519283294678
205,-28.959484100341797,3.3606224060058594,-2.9703145027160645,-13.494220733642578,-1.6991209983825684,0.3060450553894043,38.2820930480957,-16.840999603271484,27.118770599365234,-38.31078338623047,-20.0,-6.3435282707214355,-2.917778968811035,0.8894487619400024,0.34366700053215027,8.745665550231934,0.9342124462127686,-2.4296627044677734,0.5476730465888977,0.9343544244766235,0.4848219156265259,2.172654628753662,-3.0193655490875244,0.6552826166152954
206,-14.711201667785645,-4.124526023864746,3.192178249359131,-11.501689910888672,-0.845956563949585,0.2678496837615967,19.234025955200195,-29.826248168945312,42.41038131713867,-70.12213897705078,1.5131754875183105,-5.1607770919799805,-2.816180467605591,-0.07079161703586578,0.7334475517272949,4.9932732582092285,-1.3706190586090088,-0.5449706315994263,0.7579061985015869,-0.26307982206344604,0.21284791827201843,1.6758499145507812,-2.6903891563415527,0.2773924469947815
207,-4.493841171264648,-2.9460744857788086,-0.6999934315681458,-5.404151916503906,-0.02881103754043579,0.11081767082214355,6.953544616699219,-20.840450286865234,34.30107498168945,-84.70359802246094,1.7297539710998535,-4.302202224731445,-2.3230154514312744,-0.19610831141471863,-0.2502892017364502,2.023512840270996,-0.34953761100769043,-0.163021519780159,1.4294756650924683,0.12193134427070618,0.07084225863218307,0.28739574551582336,-2.13826322555542,0.3980520963668823
208,-11.688177108764648,-1.3068735599517822,1.6637217998504639,-4.427197456359863,-0.37186968326568604,0.04461526870727539,21.208398818969727,-20.50566864013672,33.8311767578125,-67.19374084472656,11.59825325012207,-0.3178495764732361,-1.4101334810256958,0.011225719004869461,-0.22366264462471008,-1.2716484069824219,-0.958333432674408,0.593349039554596,2.330026149749756,0.3739018440246582,0.035035401582717896,-0.8190650343894958,-1.520401954650879,0.006167590618133545
209,-13.020760536193848,-6.612116813659668,5.234691143035889,1.3742923736572266,-0.15035474300384521,-0.05136442184448242,18.314002990722656,-12.991765975952148,23.029008865356445,-46.80725860595703,20.0,3.3067007064819336,-1.2701910734176636,-0.33461955189704895,-0.05929747223854065,-2.9480137825012207,-0.693278431892395,1.4118351936340332,2.651963710784912,0.3590507507324219,0.023598745465278625,-1.3871041536331177,-1.1545288562774658,0.005223870277404785
210,3.897533893585205,4.999879837036133,-4.02433967590332,4.042503356933594,-0.0736079216003418,-0.05290699005126953,-5.955168724060059,-15.929033279418945,17.53386878967285,-33.80693817138672,20.0,4.83509635925293,-0.5496556162834167,-0.04502971097826958,-0.8356389999389648,-4.538471221923828,-1.3382428884506226,1.5746644735336304,2.7319090366363525,0.627962589263916,-0.052720122039318085,-1.8491121530532837,-0.9224082231521606,-0.26271164417266846
211,-2.4770286083221436,3.0328378677368164,1.4608266353607178,8.857239723205566,0.19495230913162231,-0.1778583526611328,2.4030847549438477,-21.987037658691406,15.455594062805176,-14.392745971679688,20.0,5.522274017333984,-0.6174923181533813,0.04886469617486,0.09436527639627457,-4.042148590087891,-0.29538094997406006,1.5135999917984009,2.2454299926757812,0.17674431204795837,0.07438313215970993,-1.0284881591796875,-1.228337049484253,0.7370114326477051
212,12.464554786682129,4.300905227661133,-4.0178751945495605,9.527639389038086,0.009969949722290039,-0.06096911430358887,-16.027755737304688,-9.441325187683105,6.8823652267456055,-17.96200180053711,20.0,5.213287830352783,-0.21758732199668884,0.3912876844406128,-0.48063698410987854,-3.4883859157562256,-1.98455011844635,1.7053406238555908,1.7292158603668213,0.34837105870246887,-0.1019962802529335,-0.4721214175224304,-1.0764583349227905,0.694814145565033
213,15.343189239501953,5.203697204589844,-3.8280019760131836,8.120009422302246,0.6583083868026733,-0.12714385986328125,-12.843011856079102,-12.575616836547852,4.750540256500244,-8.463567733764648,20.0,4.154732704162598,0.5243436098098755,0.6425326466560364,-0.5584302544593811,-3.740961790084839,1.0428682565689087,1.2158868312835693,0.1275472193956375,0.11226525902748108,-0.12900343537330627,2.091040849685669,-0.20788145065307617,1.7511564493179321
214,47.488277435302734,8.203832626342773,-14.241132736206055,-12.550922393798828,-11.650236129760742,5.824176788330078,-41.643211364746094,12.023300170898438,-14.152124404907227,-2.310626983642578,7.529738426208496,2.017002582550049,2.1183395385742188,1.1570494174957275,-0.01938159018754959,-1.6900591850280762,9.006386756896973,-3.655411720275879,-2.659088373184204,0.4816579520702362,-0.6684355735778809,7.5467071533203125,4.781598091125488,2.705315113067627
215,44.58662796020508,19.516237258911133,-30.84063720703125,-67.13856506347656,10.656269073486328,3.803861618041992,-31.850135803222656,-0.8024688363075256,1.532886028289795,-6.6313323974609375,-1.2440155744552612,-0.334625244140625,1.5255769491195679,-0.26097336411476135,0.31198012828826904,0.952796995639801,-2.329648494720459,0.3431243598461151,-3.7938621044158936,0.29260462522506714,1.1879427433013916,9.133052825927734,1.1456447839736938,2.1602962017059326
216,28.357730865478516,28.17264175415039,-40.899993896484375,-83.81053161621094,15.818946838378906,0.7652468681335449,-25.0091552734375,-0.8282555341720581,-2.71459698677063,-13.354326248168945,-0.9887536764144897,-0.23820042610168457,2.2599735260009766,-0.27500465512275696,0.2537211775779724,-0.4786122143268585,-1.7457642555236816,0.528964638710022,-3.5534451007843018,0.3544374704360962,1.0276174545288086,4.8763747215271,-0.9625994563102722,0.7740315198898315
217,-0.7299442291259766,24.422903060913086,-31.9924259185791,-65.2734603881836,20.0,-0.6090179085731506,-2.8775835037231445,-6.016531467437744,1.4191150665283203,-8.807283401489258,-0.21928361058235168,-0.11644545197486877,2.5586788654327393,-0.30248498916625977,0.12372422218322754,-1.6130335330963135,-1.1928731203079224,0.05757002532482147,-2.6904666423797607,-0.1518561691045761,0.7361104488372803,-0.02526513673365116,-0.1272270381450653,-0.13250868022441864
218,-15.14737319946289,20.252735137939453,-19.04965591430664,-47.340904235839844,20.0,-2.2264089584350586,10.213942527770996,-4.7344231605529785,0.3790115416049957,-2.1652469635009766,-0.22099202871322632,0.05085618793964386,2.708308219909668,-0.18473634123802185,0.035905029624700546,-2.2909364700317383,-0.8402255177497864,-0.09475298225879669,-1.1515096426010132,-0.7620482444763184,-0.13110016286373138,-4.5669426918029785,-0.5246109366416931,-0.057972218841314316
219,-19.089736938476562,9.780017852783203,-6.717026233673096,-20.514686584472656,20.0,-4.1531453132629395,15.269689559936523,-0.6280484199523926,2.365659475326538,8.937997817993164,0.11453855037689209,-0.10528230667114258,2.3450474739074707,-0.30337557196617126,0.06328681856393814,-1.980581283569336,-0.6281635761260986,-0.0475664921104908,-0.16303719580173492,-0.9777459502220154,-0.042269665747880936,-5.363813400268555,-1.0093637704849243,-1.604331374168396
220,-11.532203674316406,6.204037189483643,-1.5506932735443115,-5.698009490966797,20.0,-4.510712146759033,14.217281341552734,2.0609548091888428,0.08628487586975098,9.861331939697266,0.24319684505462646,0.10481071472167969,0.9336530566215515,0.09902679920196533,0.08276940882205963,0.6145974397659302,0.5310688614845276,-0.9389980435371399,0.7831493616104126,-0.8074972033500671,-0.5108347535133362,-5.94909143447876,-0.6762879490852356,-2.1851158142089844
221,-21.918663024902344,2.707735300064087,2.5937306880950928,1.2791824340820312,13.184316635131836,-2.8230438232421875,28.512935638427734,-7.951300621032715,8.894217491149902,11.345588684082031,0.44929325580596924,0.021079540252685547,-1.9593794345855713,0.421628475189209,0.2423107773065567,5.725382328033447,3.3951895236968994,-2.495412588119507,2.151931047439575,-0.9112807512283325,-0.07736421376466751,-7.158787727355957,0.7823367118835449,-3.2898077964782715
222,-26.97873878479004,-2.33341383934021,1.8740170001983643,-7.500293731689453,-0.7868876457214355,0.17816877365112305,38.73053741455078,-15.035980224609375,23.321945190429688,-17.971935272216797,-12.668323516845703,-10.619123458862305,-2.563584089279175,0.5125027894973755,0.3551551103591919,7.376231670379639,1.7444005012512207,-2.6460399627685547,1.4326728582382202,-0.23537129163742065,-0.41836512088775635,-0.17676013708114624,3.634061574935913,0.7233129143714905
223,8.043633460998535,-4.597507476806641,1.5600569248199463,-5.665809631347656,-0.5720157623291016,0.3064448833465576,-9.843538284301758,-12.566901206970215,21.41511344909668,-64.02952575683594,-1.295755386352539,-8.489343643188477,-1.648680329322815,0.09182534366846085,-0.06882556527853012,4.818265438079834,-1.1745020151138306,-0.9254776239395142,1.3858307600021362,0.006825268268585205,-0.06613168865442276,1.0981988906860352,-2.7320098876953125,0.7078039646148682
224,-14.710884094238281,-1.966509461402893,2.739982843399048,-5.55155086517334,-0.06976538896560669,0.057047367095947266,11.987788200378418,-28.397926330566406,30.1966495513916,-62.32358169555664,8.363626480102539,-3.875048875808716,-1.9745315313339233,0.1787891983985901,0.4985397756099701,2.933922529220581,0.3697000741958618,-0.5441791415214539,1.321606993675232,0.04040765017271042,0.005961410701274872,0.5229853391647339,-2.138253688812256,0.14882498979568481
225,-10.426775932312012,-6.470122337341309,2.53261137008667,-5.358825206756592,-0.46038544178009033,0.13316011428833008,9.106077194213867,-13.74268913269043,25.170679092407227,-60.03010940551758,16.571395874023438,-2.0044500827789307,-1.6972630023956299,-0.30271315574645996,0.12319605052471161,-0.07869385182857513,-0.7291848063468933,1.0441676378250122,1.578628659248352,0.12924756109714508,-0.035629063844680786,-0.3124200105667114,-1.6253736019134521,0.006132766604423523
226,-12.360092163085938,-8.955930709838867,5.28635835647583,2.3409221172332764,-0.08792340755462646,-0.12744545936584473,13.039207458496094,-15.727062225341797,22.3831729888916,-53.03489303588867,20.0,1.1115624904632568,-1.895597219467163,-0.7422036528587341,0.04928985610604286,-0.6147717237472534,-0.589009165763855,0.9513976573944092,1.6539764404296875,0.34770238399505615,0.11641452461481094,-0.789935290813446,-1.2326868772506714,0.2118331789970398
227,-4.577827453613281,3.8058297634124756,-2.2089502811431885,-2.432687759399414,-0.30218982696533203,-0.013873100280761719,8.179177284240723,-15.182771682739258,19.21324348449707,-39.9875373840332,20.0,6.857762336730957,-0.8237352967262268,-0.6201882362365723,-0.6630563139915466,-3.918444871902466,-1.5407941341400146,1.4887973070144653,2.3154759407043457,0.5420948266983032,-0.07290108501911163,-1.6213520765304565,-0.8455808162689209,-0.38067442178726196
228,-7.439500331878662,4.317266941070557,0.5160998106002808,4.7813720703125,0.12086135149002075,-0.13342833518981934,7.400226593017578,-13.385616302490234,10.963290214538574,-9.83944320678711,20.0,5.883943557739258,-1.092729091644287,-0.28446638584136963,-0.29243260622024536,-4.119152545928955,-0.16327854990959167,1.7508435249328613,1.9552491903305054,0.3999713361263275,-0.16397635638713837,-1.1019635200500488,-1.1428776979446411,0.3446817100048065
229,10.407007217407227,12.851229667663574,-8.012746810913086,3.4732437133789062,-0.08912086486816406,0.00013446807861328125,-3.761186361312866,-9.423455238342285,0.7950184941291809,-0.6003232002258301,20.0,4.050698280334473,0.13085433840751648,0.3790854215621948,-1.0089770555496216,-6.386415481567383,-0.7390534281730652,2.8472466468811035,0.6738206148147583,0.33160287141799927,-0.3410807251930237,1.569599986076355,-0.12096066027879715,2.8362560272216797
230,58.413665771484375,12.265373229980469,-18.074506759643555,-35.138031005859375,-17.546424865722656,3.8094258308410645,-47.678009033203125,5.387897491455078,-9.362312316894531,-0.9814643859863281,9.493215560913086,2.0080432891845703,1.5878187417984009,-0.7847276926040649,-0.7632763385772705,0.8973625302314758,-2.2968969345092773,-0.11266255378723145,-2.3462893962860107,-0.5866221785545349,-0.5859928727149963,7.927679061889648,5.706809997558594,3.130296468734741
231,61.29521942138672,28.112598419189453,-34.06573486328125,-73.24076843261719,14.828998565673828,2.8304853439331055,-54.15087127685547,11.03049087524414,-7.590846061706543,-7.4913330078125,-1.7409385442733765,-0.3224012851715088,1.7142034769058228,-0.26494184136390686,0.041953228414058685,0.11084441095590591,-1.8321033716201782,0.08103106170892715,-5.144391059875488,0.601452648639679,0.9597446918487549,10.550814628601074,0.6254352331161499,1.6110349893569946
232,25.413522720336914,22.488025665283203,-34.543479919433594,-76.52162170410156,20.0,-0.08832606673240662,-23.303340911865234,3.1851673126220703,-4.9429779052734375,-18.525653839111328,-0.918653130531311,-0.15657854080200195,2.389784812927246,-0.07238224148750305,-0.06353471428155899,-1.3216552734375,-1.2617930173873901,0.10179571062326431,-4.661597728729248,0.9513132572174072,0.4087406098842621,4.028932571411133,-0.06378468126058578,0.5449719429016113
233,3.9720001220703125,22.936473846435547,-22.115392684936523,-39.69532012939453,20.0,-0.9274373650550842,2.8242321014404297,-16.052886962890625,8.598739624023438,-10.744935035705566,-0.4109364151954651,-0.17480522394180298,3.1571383476257324,-0.30817165970802307,0.1577490270137787,-2.2956981658935547,-0.8317461609840393,-0.04698563367128372,-2.9941799640655518,-0.04598156735301018,1.0743967294692993,-1.5554189682006836,-0.3071309030056,-0.22523419559001923
234,-23.725313186645508,8.345036506652832,-11.666522979736328,-30.84621238708496,20.0,-2.6539719104766846,19.028079986572266,3.6926932334899902,-3.6281676292419434,4.444082260131836,0.1107216477394104,0.0497441291809082,2.986490488052368,-0.16771775484085083,-0.06548375636339188,-2.441418409347534,-0.7829091548919678,0.04169270396232605,-1.5964088439941406,-0.15259134769439697,0.07155750691890717,-3.97540283203125,-0.18449680507183075,-0.7665895819664001
235,-0.5654430389404297,-1.9928019046783447,2.87402606010437,-1.876661777496338,20.0,-4.928679466247559,1.7394609451293945,7.0092926025390625,-5.439026355743408,5.297449111938477,-0.12872076034545898,0.07377171516418457,1.8343989849090576,-0.07342305034399033,0.06742247194051743,-0.614425778388977,-0.13484476506710052,-0.3556083142757416,-1.3787976503372192,-0.19328540563583374,-0.6921470165252686,-4.387388229370117,-1.0056320428848267,-1.8696388006210327
236,-12.347949028015137,7.938157081604004,-1.512918472290039,-7.712921142578125,20.0,-4.7485809326171875,19.423450469970703,-10.962289810180664,7.724194526672363,5.441440582275391,0.14394783973693848,0.05450296401977539,0.9681336283683777,-0.01653824746608734,0.4716556668281555,1.4542580842971802,0.9906251430511475,-0.9371047019958496,0.5162750482559204,-0.9559973478317261,-0.6977256536483765,-7.229010105133057,-0.5870788097381592,-2.6108384132385254
237,-33.8638801574707,-0.14566397666931152,2.5211148262023926,-0.8766326904296875,6.809496879577637,-1.565783977508545,46.011009216308594,-9.538565635681152,11.68877124786377,18.00423240661621,0.6297335624694824,-0.021617889404296875,-1.6855829954147339,0.3009529411792755,0.9189816117286682,7.401870250701904,5.071751117706299,-3.3618903160095215,2.657149314880371,-1.1459369659423828,-0.1069498360157013,-7.227083206176758,0.1020965501666069,-4.531925678253174
238,-44.591163635253906,5.80674934387207,-3.2127857208251953,-13.360916137695312,-1.4818195104599,0.35642290115356445,51.3826904296875,-14.902421951293945,26.746051788330078,-21.681777954101562,-16.229223251342773,-12.46517276763916,-3.6301069259643555,0.771309494972229,0.4219875931739807,9.009682655334473,1.1547240018844604,-2.566362142562866,1.7999776601791382,-1.369205117225647,-0.8615208268165588,-0.6445751190185547,6.531233310699463,2.5905189514160156
239,-7.979551315307617,-7.803675651550293,4.86961555480957,-11.796920776367188,-0.6322023868560791,0.2432875633239746,12.199013710021973,-10.184146881103516,23.54393768310547,-44.726993560791016,-17.744775772094727,-9.13666820526123,-3.2164440155029297,0.2351151406764984,0.304658979177475,6.053318023681641,-0.19352200627326965,-1.2289060354232788,1.0819951295852661,-0.05232216417789459,0.0928536057472229,2.1317977905273438,-3.1297242641448975,0.4022810757160187
240,-4.245550155639648,3.0053186416625977,-1.7111287117004395,-9.861002922058105,-0.3915020227432251,0.14644896984100342,8.920108795166016,-26.970308303833008,31.36172103881836,-59.84706115722656,0.9398059844970703,-5.575214862823486,-2.351957321166992,0.28480446338653564,0.261257529258728,1.8285824060440063,-0.5890787243843079,-0.7107104659080505,1.6472971439361572,-0.16745860874652863,0.08846467733383179,1.3790199756622314,-2.821227550506592,0.4390217661857605
241,-2.0567665100097656,0.2725100517272949,-1.92153799533844,-3.263031005859375,-0.2723822593688965,0.21049714088439941,3.171658515930176,-18.345800399780273,23.927139282226562,-65.01191711425781,9.078832626342773,-1.1700173616409302,-1.602665662765503,0.5147842168807983,-0.3964289128780365,-1.2401469945907593,-1.5586268901824951,1.2456881999969482,2.142523765563965,0.253378689289093,-0.03887516260147095,0.2643522322177887,-2.1773316860198975,0.01760534942150116
242,0.577242374420166,0.21329987049102783,0.13727855682373047,2.041057586669922,0.1077163815498352,-0.10837817192077637,-2.027830123901367,-21.361696243286133,26.260643005371094,-52.486270904541016,14.825620651245117,-0.9115617275238037,-0.9146829843521118,0.20383751392364502,-0.3739185631275177,-3.69995379447937,-0.4395753741264343,1.1289875507354736,2.2600178718566895,0.01104879379272461,0.04554340988397598,-0.14302895963191986,-1.939038634300232,0.3636014461517334
243,-3.2639541625976562,-5.5725789070129395,3.8057045936584473,8.394582748413086,-0.02335500717163086,-0.11973190307617188,-2.1651439666748047,-9.437057495117188,15.599542617797852,-44.436222076416016,20.0,0.42645370960235596,-1.0855234861373901,0.1812112033367157,-0.2977052628993988,-3.4235522747039795,-0.7335368394851685,1.2728607654571533,2.080360174179077,0.17796005308628082,-0.04493853449821472,-0.5017281770706177,-1.6815797090530396,0.2534348964691162
244,9.483724594116211,0.09766316413879395,-1.3154401779174805,7.658905029296875,0.21183353662490845,-0.05890989303588867,-7.363213539123535,-9.36080265045166,4.468217849731445,-28.204185485839844,20.0,2.824309825897217,-0.17095023393630981,0.3705451786518097,-1.063965916633606,-3.7068493366241455,-0.33292245864868164,1.4851770401000977,2.3722221851348877,0.6272097229957581,-0.19674912095069885,-0.7771483063697815,-1.5675245523452759,0.0022216439247131348
245,18.56255531311035,2.996642589569092,-0.9812641143798828,4.537128448486328,0.055260300636291504,-0.09084510803222656,-21.150903701782227,0.6022917032241821,-4.9027557373046875,-4.859829902648926,20.0,5.353904724121094,0.7516412138938904,0.4521408975124359,-0.7562794089317322,-6.201042652130127,-0.5380512475967407,2.0610249042510986,-0.2649174928665161,0.03585732728242874,-0.4197648763656616,3.040558099746704,1.0274112224578857,-0.026735246181488037
246,47.699153900146484,14.07170581817627,-21.231395721435547,-89.87886047363281,9.40365219116211,3.1226038932800293,-38.892154693603516,18.54517936706543,-13.636713027954102,2.2014083862304688,-0.08208942413330078,0.2966642379760742,1.3903701305389404,0.012571044266223907,-0.0052304137498140335,1.0450912714004517,-2.466514825820923,-0.013828590512275696,-2.399177312850952,0.1386069357395172,-0.7492948174476624,8.810568809509277,3.6999478340148926,3.2397284507751465
247,22.10974884033203,21.807254791259766,-32.74953079223633,-105.64334869384766,11.896142959594727,-0.27067118883132935,-27.6005916595459,10.120304107666016,-5.090353965759277,-9.953788757324219,-1.335685133934021,-0.37582993507385254,1.7637145519256592,-0.14548131823539734,0.1830657422542572,-0.6178117394447327,-1.685784935951233,0.45899537205696106,-3.083364486694336,1.355514407157898,0.3921496570110321,6.231345176696777,-0.16164913773536682,1.2529000043869019
248,30.30250358581543,25.116905212402344,-31.489864349365234,-74.88996887207031,17.37623405456543,-1.2682793140411377,-25.534927368164062,-4.374636650085449,-0.03931617736816406,-11.29781436920166,-0.7030134201049805,-0.2153967022895813,2.618145227432251,-0.31974878907203674,0.3899625241756439,-1.899767518043518,-0.9994101524353027,0.5355116128921509,-2.734102249145508,1.2127095460891724,0.5982311367988586,2.441155433654785,-1.216968059539795,-0.5193384885787964
249,-1.2243995666503906,23.39794158935547,-29.677898406982422,-58.6135139465332,20.0,-4.209282398223877,-2.578672409057617,-8.462199211120605,2.525524616241455,-3.2108216285705566,-0.046304941177368164,0.05773645639419556,2.876006841659546,-0.35119175910949707,0.38121259212493896,-2.895869731903076,-0.6028978824615479,0.3702778220176697,-2.1232292652130127,0.5683763027191162,0.2404479831457138,-0.5941024422645569,-0.37430188059806824,-0.18554288148880005
250,-4.077320098876953,8.998672485351562,-10.990554809570312,-18.754188537597656,20.0,-5.570454120635986,3.4983134269714355,-2.921569347381592,-0.978184700012207,-2.318197250366211,-0.17089742422103882,0.011210918426513672,2.687915802001953,-0.3182322382926941,0.23818187415599823,-2.8586032390594482,-0.37469252943992615,0.2005928009748459,-1.142153024673462,-0.01372689101845026,-0.7642607092857361,-3.8469886779785156,-0.5096367001533508,-1.1359617710113525
251,-6.350658416748047,11.275420188903809,-8.804892539978027,-0.43399572372436523,20.0,-3.908862352371216,11.228717803955078,-11.299165725708008,7.791802883148193,2.649019241333008,0.1163947582244873,0.010771512985229492,1.2974600791931152,-0.11727926135063171,0.16008229553699493,-0.39190998673439026,0.7749353647232056,-1.3852686882019043,0.2181476354598999,-0.608086109161377,-0.8401047587394714,-6.6517014503479,0.9529247283935547,-1.6127548217773438
252,-8.764989852905273,-7.238417625427246,7.429059982299805,3.7707748413085938,17.524568557739258,-4.165724754333496,20.23478889465332,1.2581076622009277,2.6891753673553467,12.96487045288086,0.2418384552001953,0.03101968765258789,-0.6409054398536682,-0.2631826400756836,0.6890484690666199,3.811429500579834,3.3278260231018066,-1.2240760326385498,1.1465988159179688,-0.7375436425209045,-0.41727766394615173,-5.6993794441223145,1.2903385162353516,-2.8156914710998535
253,-29.312088012695312,-3.1279373168945312,3.1347827911376953,-4.172748565673828,-0.5356783866882324,0.004036903381347656,33.575218200683594,-9.334981918334961,11.599798202514648,11.980484008789062,0.16680872440338135,0.06597757339477539,-2.4243438243865967,-0.6649417281150818,1.04743230342865,7.640800476074219,3.3283004760742188,-2.285720109939575,2.482438087463379,-0.963091254234314,0.9217401146888733,-6.083098411560059,0.4318956136703491,-3.2266390323638916
254,-14.145015716552734,9.409337043762207,-7.7354416847229,-12.254524230957031,-1.0293478965759277,0.3206639289855957,18.13779067993164,-11.467671394348145,16.134489059448242,-29.55612564086914,-18.796215057373047,-11.722147941589355,-2.4285519123077393,-0.11342515796422958,-0.3288952708244324,6.608847618103027,-0.29894116520881653,-1.762881875038147,1.7289201021194458,-0.44858136773109436,0.19887322187423706,-0.33387184143066406,4.497124671936035,2.7003512382507324
255,-8.764097213745117,-4.967113494873047,4.879162788391113,-9.542932510375977,-0.35963064432144165,0.13328027725219727,8.227946281433105,-12.94494342803955,17.432727813720703,-55.12647247314453,4.104426383972168,-7.3859968185424805,-2.414524555206299,0.1638631671667099,0.12260303646326065,3.686035633087158,-0.31093522906303406,-0.9302995204925537,0.9191787838935852,-0.06839893013238907,0.17344284057617188,1.3653020858764648,-2.672417640686035,0.7392200231552124
256,-4.018677711486816,-3.9291751384735107,2.9341320991516113,-3.4443178176879883,-0.20732641220092773,0.10174147039651871,6.278289794921875,-23.932376861572266,22.882741928100586,-60.92313003540039,7.309757232666016,-1.6308338642120361,-1.8537441492080688,0.008621842600405216,0.2745254337787628,1.4129663705825806,-0.6956709027290344,0.08253677934408188,1.405850887298584,-0.10517673939466476,0.061820369213819504,0.5941037535667419,-2.25996732711792,0.24012017250061035
257,-5.472934722900391,-4.602435111999512,2.2571585178375244,0.3700798749923706,-0.06697654724121094,0.027064800262451172,4.779336929321289,-15.773027420043945,25.05727195739746,-56.430625915527344,16.620229721069336,-0.07880622148513794,-1.66621994972229,-0.1442263424396515,0.1454578936100006,0.1320393830537796,-0.7200338840484619,0.9075372219085693,1.6361833810806274,-0.014417216181755066,-0.05133085697889328,-0.12375806272029877,-1.8041318655014038,-0.018837958574295044
258,-8.386740684509277,-1.8506314754486084,0.8420088887214661,-4.66539192199707,-0.35750746726989746,-0.05948948860168457,10.582140922546387,-13.978547096252441,14.86007022857666,-36.93790817260742,20.0,2.9085652828216553,-0.9657494425773621,-0.2649135887622833,-0.21261456608772278,-3.2922115325927734,-1.4905457496643066,0.9973090887069702,1.9467122554779053,0.2422887235879898,0.0597558319568634,-0.6678711771965027,-1.4961453676223755,0.1343543827533722
259,6.616034507751465,4.193056583404541,-2.6118667125701904,3.915506362915039,0.10385704040527344,0.004710674285888672,-8.762521743774414,-12.650364875793457,8.836751937866211,-21.464675903320312,20.0,6.405694007873535,-0.23150481283664703,-0.09848196059465408,-0.5577518343925476,-5.117793560028076,-1.2374844551086426,2.040022134780884,1.8335185050964355,0.33427178859710693,-0.008105408400297165,-0.7712396383285522,-1.4110249280929565,-0.3576761484146118
260,3.017237663269043,5.800230979919434,-1.6726354360580444,8.017635345458984,0.16343045234680176,-0.1557002067565918,3.27667236328125,-16.43701171875,6.887297630310059,-7.574996471405029,20.0,4.263525485992432,0.5144081115722656,0.13467657566070557,-0.32709893584251404,-5.426540374755859,-0.7343560457229614,2.214202880859375,1.7557430267333984,0.0012922734022140503,-0.04262067750096321,0.2543424367904663,-2.0280401706695557,2.5867013931274414
261,24.793415069580078,7.894712924957275,-6.169816017150879,11.210189819335938,0.3732057809829712,-0.1114797592163086,-23.634286880493164,-2.779766082763672,-0.9826507568359375,-8.231837272644043,20.0,4.149452209472656,1.4985426664352417,0.7038824558258057,-0.735494077205658,-5.979217052459717,-0.11985721439123154,2.2283382415771484,-0.6526967287063599,-0.16559194028377533,-0.4428931772708893,3.8806865215301514,0.2767394483089447,1.9314773082733154
262,66.85023498535156,27.593910217285156,-24.233684539794922,-72.12167358398438,13.732666969299316,2.6108968257904053,-52.65167236328125,15.811983108520508,-12.502103805541992,-1.340484619140625,1.2559261322021484,0.29886436462402344,1.226027488708496,-0.419752836227417,-0.09673929959535599,1.1745538711547852,-2.3982291221618652,0.10679394751787186,-3.471970796585083,-0.2657073736190796,-0.4097657799720764,9.610021591186523,6.7071123123168945,4.0795817375183105
263,53.76247787475586,27.422311782836914,-44.896202087402344,-86.8331527709961,17.308002471923828,0.7724665403366089,-46.275245666503906,4.888847351074219,-3.296259880065918,-11.661636352539062,-2.050767421722412,-0.5404402017593384,2.068356513977051,-0.33474743366241455,0.3164118528366089,-0.28702521324157715,-1.8837847709655762,0.3909844160079956,-4.756762504577637,0.8228467702865601,1.1666362285614014,8.646604537963867,0.08525676280260086,0.7868492007255554
264,18.074974060058594,27.755762100219727,-41.646507263183594,-63.85165023803711,20.0,-1.668653964996338,-18.716861724853516,-8.139739990234375,2.4462738037109375,-16.19937515258789,-0.6869694590568542,-0.12298375368118286,2.3997433185577393,-0.22905945777893066,0.15788106620311737,-1.3142367601394653,-1.3603997230529785,0.37496456503868103,-4.464535713195801,0.7883814573287964,1.1885995864868164,2.917665958404541,0.3516278862953186,0.4926231801509857
265,5.978687286376953,12.963929176330566,-22.807720184326172,-44.487152099609375,20.0,-1.4968547821044922,-1.271963119506836,-3.3874759674072266,-1.0010738372802734,-7.35205602645874,-0.5049220323562622,-0.06779241561889648,3.0022740364074707,-0.37564921379089355,0.1344161033630371,-2.1083083152770996,-0.967339038848877,0.11703081429004669,-3.132472038269043,0.12904898822307587,0.710392951965332,-1.4562649726867676,-0.9098417162895203,-0.4373541474342346
266,-5.892730712890625,9.687854766845703,-11.213937759399414,-21.215316772460938,20.0,-4.257918357849121,4.525917053222656,0.5428282022476196,-4.207071781158447,-1.8638534545898438,-0.21527385711669922,0.011509895324707031,2.836514472961426,-0.05938662216067314,-0.1960330605506897,-2.168992042541504,-1.063061237335205,-0.019661158323287964,-1.9343234300613403,-0.11790391057729721,-0.8735774159431458,-5.555205345153809,-1.0188380479812622,-2.4710657596588135
267,-23.46145248413086,8.486921310424805,-4.177266597747803,-10.52593994140625,20.0,-4.455134391784668,26.698043823242188,-10.377328872680664,8.49624252319336,9.603694915771484,0.4432797431945801,0.15286731719970703,1.4324125051498413,-0.005513625219464302,0.2181721031665802,0.4514791965484619,0.7314769625663757,-0.44734862446784973,-0.14915718138217926,-0.9024702310562134,-0.6444392204284668,-7.441431999206543,1.0955291986465454,-2.13554048538208
268,-14.63980484008789,-1.233257532119751,1.462484359741211,-13.866748809814453,20.0,-5.311500072479248,17.978389739990234,7.779392242431641,-1.851775884628296,18.15629768371582,0.06606113910675049,0.13948822021484375,0.6546810269355774,-0.2188231199979782,0.2839278280735016,2.1055710315704346,1.4711599349975586,-0.6910725235939026,0.41449201107025146,-0.8251627683639526,-0.6331897377967834,-4.6529951095581055,-0.97527676820755,-2.9165239334106445
269,-38.43095397949219,0.9965579509735107,3.4219512939453125,0.09434127807617188,2.2251815795898438,-0.5878129005432129,48.79486846923828,-20.70985221862793,18.71459197998047,9.97103500366211,0.6642639636993408,0.03542280197143555,-2.063481569290161,0.08927883207798004,1.179872751235962,8.548308372497559,7.051304817199707,-3.803779363632202,2.76220440864563,-2.1843578815460205,-0.9062612056732178,-2.4915223121643066,9.296042442321777,0.8195099830627441
270,-32.67010498046875,-4.184908390045166,0.0245969295501709,-14.606060028076172,-1.940002679824829,0.470367431640625,38.96645736694336,-8.54178237915039,23.09658432006836,-52.093910217285156,3.482290029525757,-6.6673431396484375,-3.152581214904785,0.1617429405450821,0.2771915793418884,7.541905403137207,0.33998024463653564,-1.5948930978775024,1.0942559242248535,0.17315024137496948,0.1965271532535553,1.7292836904525757,-3.3998770713806152,0.8609439134597778
271,-18.78314971923828,-0.6881891489028931,0.7098488807678223,-11.637261390686035,-0.6426182389259338,0.1542816162109375,28.072067260742188,-28.051677703857422,38.840946197509766,-57.562705993652344,8.10382080078125,-7.384452819824219,-3.2816359996795654,-0.31650564074516296,0.05797141045331955,4.076688766479492,-0.3221060633659363,-1.2678265571594238,1.2538037300109863,-0.12898068130016327,0.15025651454925537,1.2183369398117065,-2.6737539768218994,0.4194874167442322
272,-13.567733764648438,4.556260108947754,-2.0071139335632324,-6.334536552429199,-0.345222532749176,0.18800252676010132,26.20360565185547,-24.724153518676758,34.705867767333984,-54.399383544921875,9.838319778442383,-4.937038898468018,-2.965528964996338,-0.03242690488696098,-0.3715279996395111,1.4280518293380737,-0.3317130208015442,-0.23724940419197083,2.0189871788024902,-0.06792746484279633,-0.08621115982532501,0.40547898411750793,-2.340515375137329,0.1698264479637146
273,-5.904880523681641,1.0087347030639648,-0.2942514419555664,-2.2533674240112305,-0.19596973061561584,0.051266223192214966,13.543590545654297,-16.443862915039062,31.25682258605957,-54.15660858154297,17.837690353393555,-2.620292901992798,-2.2247262001037598,0.24383080005645752,-0.413187175989151,-1.270498514175415,-0.13835133612155914,0.19118563830852509,2.59242582321167,0.15645793080329895,-0.05073554813861847,-0.45147913694381714,-1.9470479488372803,-0.07104349136352539
274,-2.5910444259643555,-2.182133913040161,2.4660043716430664,2.4916791915893555,-0.12343886494636536,0.027570247650146484,4.48362922668457,-13.57253360748291,17.737747192382812,-38.93775939941406,20.0,-0.24113062024116516,-1.9199198484420776,0.22199499607086182,-0.2615170180797577,-2.7421040534973145,-0.04399704560637474,1.5029850006103516,2.6752676963806152,0.17433354258537292,-0.07324158400297165,-0.7864989042282104,-1.7576743364334106,0.20132401585578918
275,2.0087428092956543,-1.442916750907898,0.4361974000930786,5.237215042114258,-0.12347149848937988,-0.0979299545288086,-1.3399066925048828,-10.571249008178711,15.42594051361084,-30.076187133789062,20.0,2.9502065181732178,-1.2865110635757446,0.22962336242198944,-0.3482828140258789,-3.6408233642578125,-0.8659827709197998,1.8991917371749878,2.6859164237976074,0.35758867859840393,0.05526202917098999,-0.9728749990463257,-1.561659812927246,-0.16271215677261353
276,6.554041862487793,8.979446411132812,-5.980928421020508,3.680828094482422,-0.05545854568481445,-0.08898544311523438,-7.3511881828308105,-13.063916206359863,7.523076057434082,-12.102824211120605,20.0,4.971701622009277,-0.5808560252189636,0.613274097442627,-0.9737971425056458,-5.409554958343506,-1.2895395755767822,1.9190937280654907,2.1179285049438477,0.4106428325176239,-0.014658973552286625,-0.18669813871383667,-1.3129335641860962,0.6215136051177979
277,28.657474517822266,2.958373546600342,-2.005148410797119,10.581075668334961,0.5745594501495361,-0.12891387939453125,-26.519330978393555,6.029391288757324,-10.17453384399414,-8.214354515075684,20.0,5.521277904510498,0.7797999978065491,0.9309278130531311,-1.1478197574615479,-6.820674896240234,1.0677213668823242,2.0760486125946045,-0.06466425955295563,0.03777115419507027,-0.6904494762420654,3.402974843978882,1.403295636177063,0.3294564187526703
278,68.96684265136719,20.133344650268555,-22.023326873779297,-69.42459869384766,14.199872970581055,-0.9902768135070801,-56.29570770263672,10.21963882446289,-8.780012130737305,-3.2336654663085938,0.01357269287109375,0.2536749839782715,1.6808775663375854,-0.5159044861793518,0.18518419563770294,1.107174277305603,-2.5459580421447754,0.44935765862464905,-2.877999782562256,-0.5874096751213074,-0.07264874875545502,9.031637191772461,5.41610050201416,3.7039806842803955
279,36.584632873535156,33.01866912841797,-41.948753356933594,-87.84913635253906,16.033449172973633,0.12881255149841309,-32.57674789428711,4.7795820236206055,-4.030732154846191,-9.964204788208008,-1.7148221731185913,-0.42938685417175293,2.1643824577331543,0.019588977098464966,0.32617324590682983,-0.15645799040794373,-2.125990867614746,0.592461109161377,-3.813340187072754,0.8301830887794495,0.8245819211006165,7.061099052429199,-0.20393499732017517,1.3639476299285889
280,28.628684997558594,23.156509399414062,-37.35173416137695,-73.77733612060547,20.0,-2.044419765472412,-24.0639591217041,-1.7296608686447144,-1.5469839572906494,-11.783061981201172,-0.588808536529541,-0.14804792404174805,2.734588146209717,-0.1340322196483612,0.275864839553833,-1.459505319595337,-1.433774471282959,0.4743460714817047,-3.7090837955474854,0.7038342952728271,0.6178311705589294,2.936467409133911,-0.04447522386908531,0.5911710262298584
281,2.959115982055664,20.486785888671875,-32.27111053466797,-55.39699935913086,20.0,-2.977144241333008,0.8730382919311523,-7.819334983825684,3.281381130218506,-7.2750468254089355,-0.393452525138855,-0.13299298286437988,3.406938076019287,-0.11591512709856033,0.08687641471624374,-2.4964497089385986,-0.959700345993042,0.10683086514472961,-2.0615060329437256,0.3072179853916168,0.4058059751987457,-2.2351582050323486,-0.5680916905403137,-0.5292223691940308
282,-11.403459548950195,1.224129319190979,-13.283145904541016,-42.75823974609375,20.0,-4.115501403808594,5.748481273651123,7.624828338623047,-5.600712776184082,5.553719520568848,0.03210127353668213,0.057553768157958984,3.29158878326416,-0.2086179554462433,0.1195191815495491,-2.9032528400421143,-0.5596266388893127,0.07243852317333221,-1.4363102912902832,0.2723866403102875,-0.10117316991090775,-3.451267719268799,-0.7411113977432251,-1.4777415990829468
283,-7.848760604858398,-6.584430694580078,2.8731470108032227,-4.237142562866211,20.0,-4.375597953796387,9.221566200256348,2.8649940490722656,-2.3845272064208984,4.102468490600586,0.13788263499736786,0.1636819839477539,2.228757381439209,-0.38115742802619934,0.2787403166294098,-1.341952919960022,0.48766493797302246,-0.09484782814979553,-0.6991692781448364,-0.17426255345344543,-0.49092403054237366,-4.738279342651367,-0.010038579814136028,-1.448384165763855
284,-17.807615280151367,1.6384837627410889,2.95430326461792,7.622425079345703,15.98480224609375,-3.5159192085266113,31.473764419555664,-16.404462814331055,11.568426132202148,3.5323028564453125,0.08813422918319702,-0.0037293434143066406,-0.5436005592346191,-0.08128689974546432,0.5925607085227966,4.1898322105407715,4.049042224884033,-1.889133095741272,2.056729316711426,-1.243440866470337,-0.7244864106178284,-9.397114753723145,0.4180814027786255,-2.2028391361236572
285,-31.001686096191406,1.9539368152618408,0.8760213851928711,-1.6689300537109375,-0.6041278839111328,0.07721567153930664,39.04154968261719,-15.701125144958496,16.23943328857422,19.197795867919922,0.41780829429626465,-0.09720754623413086,-2.6777591705322266,-0.051786720752716064,0.9108527302742004,10.356966018676758,3.3347487449645996,-2.973848342895508,3.6937813758850098,-1.332387924194336,0.941497266292572,-8.962139129638672,0.594784677028656,-3.53751802444458
286,-12.549272537231445,4.847503662109375,-5.20419979095459,-18.38726043701172,-1.1730623245239258,0.3536996841430664,8.950420379638672,-8.457878112792969,17.82444190979004,-33.13113784790039,-17.683177947998047,-7.002857208251953,-2.2826743125915527,0.19076304137706757,-0.18370811641216278,6.612912178039551,0.42134207487106323,-2.361325740814209,2.071077823638916,-0.4990266263484955,0.22106003761291504,-0.1666598618030548,4.318170547485352,0.897415280342102
287,-2.4496231079101562,-1.4291491508483887,0.7307557463645935,-10.56200885772705,-0.5097779035568237,0.27667200565338135,-2.900043487548828,-10.851663589477539,15.803352355957031,-52.77486801147461,-0.6889438629150391,-8.57303524017334,-1.9792068004608154,0.42935919761657715,-0.19635504484176636,3.0777392387390137,-0.743583083152771,-0.8748112320899963,1.142457365989685,-0.07588302344083786,0.2318876087665558,1.38074791431427,-2.788396120071411,0.7551090717315674
288,-9.384234428405762,-10.922316551208496,7.027872085571289,-4.955228805541992,-0.30031275749206543,0.06293763220310211,6.488218784332275,-10.489935874938965,20.20429229736328,-61.73077392578125,9.302902221679688,-5.007830619812012,-1.8851141929626465,-0.1260966658592224,0.1241372674703598,0.1997673511505127,-1.171905279159546,0.02595147304236889,1.293186902999878,-0.12519919872283936,0.19811315834522247,0.5505821704864502,-2.21842885017395,0.3686400055885315
289,-8.2167329788208,-7.490874290466309,5.328567028045654,1.037893295288086,-0.022492289543151855,0.01607227325439453,9.42025089263916,-12.488607406616211,14.679869651794434,-54.383949279785156,12.846365928649902,-0.20301944017410278,-1.9164031744003296,-0.2045947164297104,0.17932069301605225,-0.9661925435066223,-0.7503148913383484,1.2701468467712402,1.5697855949401855,0.08872468769550323,-0.04264703020453453,-0.18031054735183716,-1.7648766040802002,0.08252432942390442
290,-1.0988717079162598,4.181439399719238,-2.2816085815429688,-1.0969429016113281,-0.20355701446533203,-0.09123086929321289,7.320289611816406,-20.653594970703125,15.756916046142578,-37.553192138671875,16.06784439086914,3.238983631134033,-0.7719480991363525,0.06393055617809296,-0.04822693020105362,-3.8796467781066895,-1.337039828300476,1.1125218868255615,2.1010732650756836,0.21288032829761505,-0.1251983344554901,-0.6804351210594177,-1.52461576461792,0.0676201581954956
291,6.425800800323486,-0.008355796337127686,-1.0510540008544922,11.58215045928955,0.2698040008544922,-0.043505191802978516,-9.143257141113281,-15.01352596282959,16.647655487060547,-42.45956039428711,20.0,3.6843554973602295,-0.4715847671031952,0.15511305630207062,-0.5663586854934692,-2.783870220184326,-1.573634147644043,1.5850162506103516,2.1808102130889893,0.3970375061035156,-0.311564177274704,-1.080422282218933,-1.376319169998169,-0.12128916382789612
292,-7.5168890953063965,4.403231620788574,-1.0742976665496826,3.39450740814209,0.06397223472595215,-0.14379000663757324,6.287928581237793,-22.447315216064453,13.23649787902832,-13.19465446472168,20.0,5.975466728210449,-0.6605769395828247,0.12907013297080994,-0.4679531157016754,-3.237083911895752,-0.9083477854728699,1.2611624002456665,1.8412833213806152,0.2822255492210388,-0.2614499032497406,-0.6652037501335144,-1.3916712999343872,-0.5159415602684021
293,3.861900568008423,4.3659348487854,-2.810108184814453,3.478158950805664,0.07483911514282227,-0.05457711219787598,-1.6129789352416992,-9.448253631591797,7.01727294921875,-8.998859405517578,20.0,4.60210657119751,0.15976661443710327,0.16802413761615753,-0.7967947721481323,-4.823262691497803,-0.4696238934993744,1.5162640810012817,1.6061947345733643,0.13321185111999512,-0.21956738829612732,0.11313439905643463,-1.800015926361084,1.7205250263214111
294,33.26205062866211,2.403668165206909,-2.541640281677246,11.279449462890625,0.42476776242256165,-0.08247089385986328,-31.749481201171875,7.044997692108154,-7.250380992889404,-8.039641380310059,20.0,4.955164909362793,1.5408376455307007,0.6507686972618103,-0.8872940540313721,-6.039127349853516,0.1608167141675949,1.7277262210845947,-1.2449294328689575,0.06057233363389969,-0.4399225115776062,4.461277961730957,1.5042835474014282,0.34704211354255676
295,79.10847473144531,19.150264739990234,-22.02538299560547,-71.66787719726562,12.499183654785156,4.888283729553223,-60.77363204956055,20.553272247314453,-14.392927169799805,-1.275634765625,-0.26637935638427734,0.2766571044921875,0.8413257598876953,-0.4692016839981079,0.04787788912653923,1.4883520603179932,-2.4232490062713623,0.18055984377861023,-4.641871929168701,-0.07624192535877228,-0.22787757217884064,12.298209190368652,5.103342533111572,4.0089263916015625
296,39.260833740234375,25.912120819091797,-41.90229415893555,-85.79622650146484,11.979766845703125,2.870837688446045,-30.179948806762695,3.072615623474121,-0.9300694465637207,-18.006738662719727,-1.8694539070129395,-0.5264947414398193,1.9201390743255615,-0.0490855872631073,0.31961002945899963,-0.060658786445856094,-1.96674644947052,0.4523298740386963,-4.322144508361816,1.3722292184829712,1.0996983051300049,7.1907548904418945,-0.44419145584106445,1.3293761014938354
297,17.94812774658203,21.091354370117188,-29.413740158081055,-65.47975158691406,20.0,-0.43310123682022095,-15.06561279296875,-4.376439094543457,-1.3773282766342163,-14.533638954162598,-0.6164761781692505,-0.1920638084411621,2.50177264213562,-0.17557403445243835,0.2698715031147003,-1.3634295463562012,-1.3359225988388062,0.07929068803787231,-3.6744630336761475,0.8178356289863586,0.32883715629577637,1.5130159854888916,-0.5740624070167542,-0.6396938562393188
298,11.479229927062988,12.370660781860352,-22.29656410217285,-38.512901306152344,20.0,-3.4920480251312256,-4.240147590637207,-4.998451232910156,0.3379211723804474,-6.7095489501953125,-0.37210941314697266,0.021512985229492188,3.122908115386963,-0.12764695286750793,0.27819132804870605,-1.9934815168380737,-1.0451459884643555,0.24095793068408966,-2.276355743408203,0.33785536885261536,-0.17788958549499512,-3.115244150161743,-0.8315322995185852,-1.5289922952651978
299,-24.074153900146484,12.927064895629883,-12.7728910446167,-23.009193420410156,20.0,-4.285587787628174,22.5021915435791,-12.635660171508789,7.967676639556885,1.7208900451660156,-0.10066628456115723,0.03493690490722656,3.091980457305908,-0.3097445070743561,0.13532020151615143,-2.226839780807495,-0.6748668551445007,-0.03491954132914543,0.004623263143002987,-0.6890923976898193,-0.30333447456359863,-7.594707489013672,-1.7994422912597656,-2.266531229019165
300,-21.675334930419922,0.11591100692749023,1.7734150886535645,-9.410348892211914,20.0,-4.998202323913574,17.81531524658203,7.56517219543457,-3.4016427993774414,16.592540740966797,0.5871882438659668,0.25679492950439453,1.0096244812011719,-0.09092935919761658,0.21359886229038239,0.9748270511627197,1.172699213027954,-0.37937217950820923,0.34025704860687256,-0.6161243319511414,-1.0521348714828491,-6.20855188369751,0.06064324080944061,-1.8112436532974243
301,-24.9652099609375,0.06552466750144958,4.839818000793457,-3.0673179626464844,11.49287223815918,-2.9978959560394287,28.207080841064453,-7.89331579208374,9.221903800964355,11.362642288208008,0.2630370855331421,0.04604482650756836,-1.6940932273864746,-0.06461121886968613,0.478437602519989,4.972568511962891,3.642261266708374,-1.0232034921646118,1.5138174295425415,-1.055161476135254,-0.45327532291412354,-7.160538196563721,0.5314117074012756,-1.8699548244476318
302,-32.104705810546875,-2.9331114292144775,2.7484631538391113,-5.686912536621094,-0.6940946578979492,-0.008023262023925781,48.141693115234375,-8.802266120910645,16.283077239990234,-10.400243759155273,-12.658377647399902,-10.2468900680542,-2.8256285190582275,0.13094539940357208,0.8773849010467529,8.493202209472656,2.6869029998779297,-2.076516628265381,1.735018253326416,-1.0535629987716675,-0.26058563590049744,-0.8302943110466003,7.871339321136475,0.8629049062728882
303,-9.748926162719727,-3.3017396926879883,-0.4264454245567322,-12.508703231811523,-1.108292818069458,0.2697850465774536,18.86314582824707,-14.726411819458008,21.111984252929688,-57.41240692138672,1.922579288482666,-6.83356237411499,-2.0642497539520264,-0.06651733815670013,-0.14867204427719116,5.003455638885498,-1.5363686084747314,-0.9146100878715515,1.5147428512573242,0.050679534673690796,0.11911897361278534,1.6374740600585938,-2.9769127368927,0.5360114574432373
304,-6.34689998626709,-7.273563385009766,6.2731170654296875,-3.065765380859375,0.12996071577072144,0.018203020095825195,1.7505607604980469,-23.717409133911133,27.71142578125,-76.02214050292969,5.910351753234863,-3.0045228004455566,-2.3292999267578125,-0.17269374430179596,0.6565418839454651,3.2309937477111816,0.5238193869590759,-0.5092350840568542,1.5274535417556763,-0.08698642253875732,0.048275649547576904,0.7267804741859436,-2.430332660675049,0.22739171981811523
305,-8.238495826721191,2.7442219257354736,-3.2415878772735596,-5.256869792938232,-0.4722493886947632,0.11719875037670135,10.787741661071777,-21.622520446777344,29.066761016845703,-50.376739501953125,9.772907257080078,-1.7370648384094238,-1.852797508239746,-0.12445095181465149,-0.034177958965301514,0.7653947472572327,-0.9596027135848999,-0.09825760871171951,1.9004398584365845,0.12828396260738373,-0.019029945135116577,0.1282825917005539,-2.0325846672058105,-0.034689560532569885
306,-6.227836608886719,1.9472289085388184,-0.7504857778549194,-2.6313042640686035,-0.1348339319229126,0.0750957727432251,3.262968063354492,-19.070898056030273,22.73202133178711,-47.00014114379883,16.289993286132812,-0.3133240044116974,-1.6978285312652588,0.04008520394563675,-0.12116836756467819,-1.7910809516906738,-0.5492163300514221,0.9514240026473999,1.8338806629180908,0.20429721474647522,-0.01531083881855011,-0.3147304356098175,-1.7001099586486816,0.21708235144615173
307,0.5147123336791992,-2.2665915489196777,1.0284117460250854,4.501099586486816,-0.04651212692260742,-0.03509020805358887,-1.1712894439697266,-17.998294830322266,19.454919815063477,-43.49541091918945,20.0,3.5806374549865723,-1.1304463148117065,-0.18433646857738495,-0.23540687561035156,-2.911000967025757,-1.0166386365890503,1.7536154985427856,1.9636986255645752,0.26499468088150024,0.09162382036447525,-0.7222153544425964,-1.4733178615570068,-0.011822760105133057
308,1.048203706741333,4.716130256652832,-2.0768654346466064,4.067144393920898,0.05254411697387695,-0.11815762519836426,0.47676658630371094,-13.513054847717285,12.470830917358398,-22.861671447753906,20.0,7.551704406738281,-0.47270941734313965,0.14150026440620422,-0.4620707631111145,-4.005500316619873,-0.7645909190177917,1.9041262865066528,2.156970500946045,0.37039393186569214,-0.11188051104545593,-0.8707286715507507,-1.3576711416244507,-0.5912708044052124
309,-1.669689655303955,4.311530113220215,-1.7880539894104004,5.628461837768555,0.027109622955322266,-0.17812299728393555,2.1243038177490234,-16.3422794342041,8.435275077819824,-15.699457168579102,20.0,6.3549981117248535,-0.2607153356075287,0.24739553034305573,-0.6912906169891357,-4.490898609161377,-0.40377992391586304,1.1538931131362915,1.934640645980835,0.2669285535812378,-0.233348548412323,-0.3517056107521057,-1.673586368560791,0.9843419790267944
310,19.200393676757812,5.049373626708984,-3.492377281188965,11.061975479125977,0.27921849489212036,-0.015984773635864258,-18.74222183227539,-8.519783973693848,3.504380226135254,-13.717546463012695,20.0,4.586948871612549,0.5719720125198364,0.7301480174064636,-0.7153850793838501,-4.105353355407715,-0.42171338200569153,1.8474106788635254,0.706922709941864,0.1707351803779602,-0.26342347264289856,1.8734500408172607,-0.7491387724876404,2.149641990661621
311,53.433258056640625,10.995209693908691,-19.419401168823242,-47.685420989990234,-3.813425064086914,16.140247344970703,-47.09208297729492,9.281866073608398,-10.601119041442871,-5.0735321044921875,11.797544479370117,3.0205864906311035,1.3630732297897339,-0.18282461166381836,-0.5897115468978882,0.654105544090271,-2.1064014434814453,-5.6594414710998535,-2.521665096282959,-0.5509315729141235,-0.2029457986354828,7.225373268127441,4.554632663726807,2.2868893146514893
312,57.6036262512207,31.420984268188477,-37.67311477661133,-93.87151336669922,14.015768051147461,1.846754550933838,-45.84999084472656,12.250638008117676,-9.092235565185547,-4.781902313232422,-1.2925219535827637,-0.16235113143920898,1.6686333417892456,-0.30323976278305054,0.20873120427131653,0.11805473268032074,-1.9250892400741577,0.40951037406921387,-4.408514022827148,0.46445390582084656,0.9690228700637817,8.964126586914062,1.834869623184204,2.0698931217193604
313,16.394336700439453,26.7504940032959,-46.55084228515625,-97.69635772705078,16.1280574798584,-0.3433336615562439,-12.49610710144043,-5.62040376663208,1.5190668106079102,-13.308712005615234,-0.9624282717704773,-0.29068541526794434,2.8931760787963867,-0.06585792452096939,0.39776647090911865,-1.781355381011963,-1.361899495124817,0.4358525574207306,-3.148665428161621,0.5530189871788025,1.1924852132797241,2.992645263671875,-0.48000890016555786,0.35161763429641724
314,16.19472312927246,22.76346778869629,-28.6317195892334,-46.07725143432617,20.0,-1.7859727144241333,-14.029340744018555,-4.885270118713379,-0.7347893714904785,-6.4519500732421875,-0.34089118242263794,-0.03917020559310913,3.068953037261963,-0.2063601166009903,0.23857343196868896,-2.361096143722534,-0.8364949226379395,0.25223308801651,-2.870664358139038,-0.019224632531404495,0.5232834219932556,-0.20504963397979736,-0.2634980082511902,-0.2976771593093872
315,15.670807838439941,15.028018951416016,-15.13835334777832,-8.208724975585938,20.0,-2.3104636669158936,-9.681127548217773,-8.770904541015625,2.6970386505126953,-5.893718719482422,-0.37405726313591003,-0.05742144584655762,3.1448917388916016,-0.10391318798065186,0.2426781952381134,-2.3208670616149902,-0.7202025055885315,-0.15694724023342133,-2.2542593479156494,-0.4951572120189667,0.21528196334838867,-3.855327844619751,-0.015077526681125164,-1.6294784545898438
316,-4.872689247131348,1.9681745767593384,-5.021121025085449,-3.223621368408203,20.0,-2.5491108894348145,7.592130184173584,0.6036593914031982,0.3366832733154297,5.835487365722656,-0.00622183084487915,0.12871313095092773,1.8667486906051636,-0.1376795917749405,0.25148069858551025,-0.3533792197704315,0.2888460159301758,-0.16502434015274048,-1.6672852039337158,-0.6895142197608948,0.0711207315325737,-4.654904365539551,0.17203253507614136,-1.6710344552993774
317,-33.06301498413086,-1.3036504983901978,-0.569126546382904,-14.374059677124023,16.383438110351562,-3.261345386505127,35.53154373168945,-3.238858699798584,4.230432987213135,10.69232177734375,0.284991979598999,0.11407470703125,0.319319486618042,-0.1682179719209671,0.2683432102203369,2.2027945518493652,1.9560236930847168,-0.008727289736270905,0.3313809335231781,-1.1018037796020508,-0.12621182203292847,-6.5606584548950195,0.440165251493454,-1.559688687324524
318,-32.78934860229492,-3.77064847946167,4.210359573364258,-8.816816329956055,4.919997215270996,-1.9994561672210693,38.532752990722656,3.111447334289551,1.3756353855133057,16.27993392944336,0.3323077857494354,0.049488067626953125,-1.1334792375564575,0.31950458884239197,0.2270871102809906,5.061036586761475,3.4449660778045654,-1.1723476648330688,2.380223512649536,-0.8452936410903931,-0.8060723543167114,-7.19331693649292,0.046232402324676514,-2.828544855117798
319,-33.88294219970703,0.41942524909973145,1.7755298614501953,-5.395221710205078,-0.9125970602035522,0.029407024383544922,39.15983963012695,-17.402908325195312,25.39027214050293,-27.467958450317383,-14.884204864501953,-10.168647766113281,-3.0134551525115967,0.6004459857940674,0.33190852403640747,8.500629425048828,0.8765233755111694,-1.9904427528381348,1.8902571201324463,-1.0873371362686157,-0.9440497756004333,-0.8030127286911011,7.0020270347595215,0.5803813934326172
320,-3.127629280090332,-3.749567985534668,0.9990047216415405,-10.284852981567383,-0.5733469724655151,0.1882469654083252,11.067737579345703,-17.389366149902344,29.34845733642578,-59.762184143066406,-2.577387809753418,-7.8440446853637695,-2.0175743103027344,0.059738822281360626,0.09549317508935928,5.142426490783691,-0.7787483334541321,-1.5385888814926147,1.4736733436584473,-0.17000284790992737,0.00705903023481369,1.7696998119354248,-3.0406339168548584,0.6248421669006348
321,-9.249641418457031,-0.566860556602478,1.0536962747573853,-5.869494438171387,-0.14824342727661133,0.15325582027435303,6.638920783996582,-20.983266830444336,31.506145477294922,-66.83116912841797,0.6728630065917969,-7.294506072998047,-2.0106606483459473,0.20090799033641815,0.39013126492500305,2.7829086780548096,-0.001184611115604639,-0.7301925420761108,1.6153978109359741,-0.07868190854787827,0.03798195719718933,0.9551451206207275,-2.562107563018799,0.5074913501739502
322,-5.96198844909668,-8.926141738891602,4.19420051574707,-1.1477470397949219,-0.2548079490661621,0.1022026538848877,2.554281234741211,-11.412071228027344,26.589014053344727,-72.04287719726562,8.454351425170898,-4.845891952514648,-1.895748496055603,-0.298635333776474,0.2381475418806076,1.117826223373413,-0.9435895681381226,0.42606571316719055,1.8188775777816772,0.06855742633342743,0.026344671845436096,0.05779524892568588,-2.029996156692505,0.31503012776374817
323,-5.65937614440918,3.9702839851379395,-2.3116109371185303,-6.601142883300781,-0.26798856258392334,-0.005948901176452637,8.670059204101562,-19.1656551361084,25.01361656188965,-48.1527214050293,13.993938446044922,-1.0747098922729492,-0.8321519494056702,-0.30885177850723267,-0.19462724030017853,-3.339655637741089,-0.695278525352478,0.39330628514289856,2.4017088413238525,0.10152295231819153,-0.07537753880023956,-0.6628456115722656,-1.6321083307266235,-0.0098399817943573
324,-5.522513389587402,0.8455820083618164,-0.11678457260131836,6.513530731201172,-0.11263823509216309,0.036394596099853516,1.9980363845825195,-13.6273193359375,15.79163932800293,-44.908912658691406,18.205400466918945,1.7128769159317017,-0.8751152753829956,0.15488658845424652,-0.5075744390487671,-3.383331537246704,-1.630732774734497,1.5524977445602417,2.3845736980438232,0.4960218071937561,-0.23894278705120087,-1.124351143836975,-1.3037317991256714,0.16103649139404297
325,-5.949392318725586,-0.8141586780548096,1.9719399213790894,7.338695526123047,0.14467060565948486,-0.1428086757659912,1.4023551940917969,-23.133392333984375,19.113624572753906,-37.147823333740234,20.0,5.562222480773926,-1.0897153615951538,-0.150488018989563,-0.3666159212589264,-3.2917330265045166,-0.7943724989891052,1.6801857948303223,2.1790688037872314,0.3384975790977478,-0.21293283998966217,-1.2010691165924072,-1.1362452507019043,-0.21733471751213074
326,4.607474327087402,6.303177833557129,-3.9458959102630615,4.439619064331055,0.06931740045547485,-0.10307908058166504,-5.150227069854736,-17.699459075927734,10.604252815246582,-13.918007850646973,20.0,4.289331912994385,-0.4283430576324463,0.028556987643241882,-0.5426464080810547,-4.589821815490723,-0.4035356938838959,1.5638569593429565,1.708839774131775,0.29474419355392456,0.11396098881959915,-0.4858236610889435,-1.3913707733154297,1.4892557859420776
327,16.61135482788086,-2.428192615509033,1.5460445880889893,10.208401679992676,0.30367445945739746,-0.14099574089050293,-12.174104690551758,5.109877109527588,-5.131697177886963,-7.55218505859375,20.0,4.880256175994873,0.4501489996910095,0.1489114910364151,-0.609831690788269,-4.211853504180908,0.13372807204723358,1.5146859884262085,0.6706835031509399,0.25488221645355225,-0.16359740495681763,1.6888242959976196,-0.1141163781285286,0.7124829888343811
328,61.87416076660156,7.898115158081055,-14.403558731079102,-40.53567886352539,-19.33544921875,11.717384338378906,-57.27424240112305,22.648962020874023,-20.485240936279297,-0.8992538452148438,4.096663475036621,1.3341412544250488,1.9207769632339478,0.9683802127838135,0.08963990211486816,-1.919463038444519,11.240306854248047,-0.2833526134490967,-3.1659891605377197,0.8062174916267395,-1.0606311559677124,8.865671157836914,6.2564616203308105,3.2232666015625
329,42.72359085083008,20.000041961669922,-32.88164138793945,-86.23097229003906,7.559703350067139,2.961498260498047,-34.576663970947266,1.0196619033813477,1.8389906883239746,-9.860382080078125,-1.7985804080963135,-0.42951393127441406,1.49363112449646,-0.2029326856136322,0.49612629413604736,0.3478468060493469,-2.038499593734741,0.6070458889007568,-4.240406036376953,1.1009292602539062,1.292130708694458,8.532326698303223,0.05666803941130638,1.8942242860794067
330,10.7630615234375,25.987201690673828,-35.57965087890625,-80.65397644042969,10.64036750793457,0.8150138854980469,-8.658432006835938,-1.5474193096160889,-2.3410520553588867,-11.979384422302246,-0.5919398069381714,-0.19617950916290283,2.224060297012329,-0.12401112914085388,0.35989630222320557,-0.9504196643829346,-1.5626999139785767,0.3718486428260803,-3.1877787113189697,0.9677451848983765,0.39770379662513733,3.4963362216949463,-0.863608717918396,0.5516700744628906
331,7.089977264404297,27.52766990661621,-30.79665756225586,-58.091346740722656,15.730518341064453,-2.00360107421875,-7.193587303161621,-10.822463035583496,4.6119208335876465,-7.436483383178711,-0.3242384195327759,-0.13681000471115112,2.599912405014038,-0.3411163091659546,0.2777845561504364,-1.871503472328186,-1.032655954360962,0.29396796226501465,-2.395832061767578,0.22007516026496887,0.327068567276001,-0.5829797983169556,-0.9875385165214539,-0.4432297646999359
332,-7.949450969696045,13.174538612365723,-21.007549285888672,-49.46452331542969,20.0,-3.6448702812194824,1.4784765243530273,2.8598008155822754,-3.851120710372925,2.3599815368652344,0.0021550655364990234,0.06065058708190918,2.4696998596191406,-0.2096378058195114,0.24639320373535156,-2.3807597160339355,-0.7265472412109375,0.11726920306682587,-1.9827946424484253,0.020792348310351372,-0.5595069527626038,-2.5689125061035156,-0.7103912234306335,-1.1789894104003906
333,0.20092296600341797,10.328706741333008,-8.197998046875,-13.790472030639648,20.0,-5.798384189605713,5.5196380615234375,-3.6780285835266113,1.7324786186218262,1.67559814453125,-0.07641303539276123,0.04767322540283203,2.6980700492858887,-0.2552139461040497,0.2066519856452942,-2.309584617614746,-0.6080657243728638,-0.09690849483013153,-0.5415758490562439,-0.34854599833488464,-0.8575137853622437,-5.118124961853027,-1.000523567199707,-2.1010403633117676
334,-15.579021453857422,1.46442449092865,-1.9742646217346191,0.9372477531433105,18.739009857177734,-4.254524230957031,19.895912170410156,-6.264054298400879,7.003042221069336,6.107093811035156,0.2541145086288452,0.07181262969970703,0.27637431025505066,-0.1617235690355301,0.3000568151473999,1.609770655632019,1.622059941291809,-0.9431149959564209,0.8606693744659424,-0.7838547229766846,-0.6854350566864014,-7.517744064331055,0.1460665911436081,-2.7060775756835938
335,-25.079788208007812,8.471280097961426,-3.4353702068328857,1.5586814880371094,0.2515678405761719,-0.0654153823852539,33.846702575683594,-23.034378051757812,18.66033363342285,12.256511688232422,0.1465623378753662,-0.007221698760986328,-1.5681184530258179,0.25520235300064087,0.28624778985977173,7.702064514160156,4.212088108062744,-3.664644241333008,2.9870002269744873,-1.1143615245819092,0.536249577999115,-9.469701766967773,-0.3527919352054596,-3.2961809635162354
336,-24.45272445678711,6.606350898742676,-4.171006202697754,-13.033279418945312,-1.2527376413345337,0.42473506927490234,23.35781478881836,-7.0054545402526855,22.083232879638672,-17.785003662109375,-12.723003387451172,-9.028637886047363,-2.3375635147094727,0.7757799029350281,-0.17295704782009125,7.602354049682617,0.14423881471157074,-2.2783524990081787,1.2566858530044556,-1.0055997371673584,-0.6090549230575562,-0.08532533049583435,4.557236194610596,0.5711263418197632
337,-14.844463348388672,-11.583927154541016,8.520695686340332,-10.880144119262695,-0.6310288906097412,0.19557583332061768,14.322068214416504,-7.377657890319824,21.020971298217773,-37.44178771972656,-14.117151260375977,-6.603287220001221,-2.4173672199249268,-0.07911574840545654,0.18573909997940063,5.298523426055908,-1.6279412508010864,-0.5930358171463013,0.5435631275177002,-0.09958543628454208,0.47459423542022705,1.940990924835205,-2.790709972381592,0.2822965979576111
338,1.0886964797973633,-8.590108871459961,5.159380912780762,-3.749020576477051,0.11523771286010742,0.019338548183441162,1.655683994293213,-12.333333015441895,19.401336669921875,-69.6369857788086,0.8594269752502441,-4.464524745941162,-1.5603941679000854,-0.2274000346660614,0.33712342381477356,3.087472438812256,-0.7236381769180298,-0.29369908571243286,1.1974540948867798,-0.1312691569328308,0.20537281036376953,1.0351643562316895,-2.4444503784179688,0.6566356420516968
339,-6.325597763061523,-4.320484161376953,2.3422434329986572,-6.403226375579834,-0.28832077980041504,0.10426950454711914,3.8909192085266113,-11.601186752319336,16.247295379638672,-56.14079284667969,6.814154624938965,-2.622901439666748,-1.1718769073486328,-0.36349937319755554,0.15230587124824524,-0.1768353432416916,-1.2022309303283691,1.3146954774856567,1.4657785892486572,-0.012674830853939056,-0.023883163928985596,0.23529230058193207,-1.944804072380066,0.3034292757511139
340,-10.696480751037598,0.5413005948066711,0.3052881956100464,-0.6187658309936523,-0.1443777084350586,-0.15750950574874878,13.301362037658691,-18.03326988220215,22.216806411743164,-52.52424240112305,8.381462097167969,-0.30476030707359314,-0.7228093147277832,-0.141461580991745,-0.12570711970329285,-2.031460762023926,-1.3730058670043945,0.4097069799900055,2.036424160003662,0.21270260214805603,-0.22688281536102295,-0.4890240430831909,-1.6067720651626587,0.21958382427692413
341,-0.08342170715332031,3.2372379302978516,-1.930367350578308,2.5125560760498047,0.036400556564331055,0.026586294174194336,-5.331127643585205,-20.25771141052246,22.373022079467773,-41.89564514160156,15.052947998046875,1.6918262243270874,-0.26043084263801575,-0.029727114364504814,-0.11009906977415085,-4.007784366607666,-1.063442349433899,1.17401921749115,1.860625147819519,0.2181309163570404,-0.07831548154354095,-0.7334263324737549,-1.3840184211730957,0.19747748970985413
342,-3.105084180831909,1.6073790788650513,-0.9509444236755371,8.64842414855957,0.09217119216918945,-0.036644935607910156,-0.5860133171081543,-17.97184944152832,18.121402740478516,-30.023218154907227,20.0,4.406317710876465,-0.512833297252655,0.011347325518727303,-0.3959195017814636,-3.2601089477539062,-1.0009777545928955,1.9721633195877075,1.5749050378799438,0.29855889081954956,-0.11866552382707596,-0.6909937858581543,-1.2599396705627441,-0.13205522298812866
343,-4.360733509063721,8.902385711669922,-4.828709602355957,-0.18931198120117188,-0.057212650775909424,-0.12043642997741699,8.299993515014648,-9.5338134765625,2.7246835231781006,0.6403069496154785,20.0,4.3917927742004395,-0.21466229856014252,0.6505051255226135,-0.7703862190246582,-5.234424591064453,-0.4498942196369171,1.8537721633911133,0.6092246770858765,0.3770180642604828,-0.2915331721305847,1.003045678138733,-0.6627792119979858,0.8634756803512573
344,38.402801513671875,3.480095863342285,-3.4177308082580566,9.130287170410156,0.42492079734802246,-0.07511472702026367,-29.910011291503906,11.475295066833496,-11.742147445678711,-0.11210250854492188,13.649697303771973,3.6042356491088867,2.0631284713745117,1.1362935304641724,0.005003347992897034,-2.003385066986084,9.930023193359375,-1.7490432262420654,-1.7890102863311768,0.47134268283843994,-0.19661028683185577,6.1797356605529785,2.8037047386169434,1.7378613948822021
345,51.88265609741211,15.707978248596191,-24.757863998413086,-81.91748809814453,13.279996871948242,3.5117154121398926,-45.734535217285156,14.410266876220703,-9.378654479980469,-3.4873275756835938,-0.9184274673461914,-0.03661298751831055,1.0487772226333618,-0.4487578868865967,0.07173144072294235,0.9067028164863586,-2.0986149311065674,0.22089795768260956,-4.300002098083496,0.47064143419265747,0.8844176530838013,10.41653060913086,0.9860118627548218,3.0800821781158447
346,36.48202896118164,17.27170181274414,-31.996620178222656,-90.05817413330078,20.0,-0.6093884706497192,-32.494483947753906,12.825360298156738,-11.093505859375,-14.825580596923828,-0.9734920263290405,-0.2691793441772461,1.9364814758300781,-0.31662410497665405,0.21551896631717682,-0.6518426537513733,-1.508177399635315,0.448242723941803,-4.315099239349365,1.24101722240448,0.3721800744533539,6.219198226928711,-0.32845932245254517,1.147549033164978
347,11.108569145202637,23.383092880249023,-29.380428314208984,-67.26488494873047,20.0,-1.326568841934204,-9.892805099487305,-4.546264171600342,1.066605567932129,-11.073399543762207,-0.43823495507240295,-0.18789386749267578,2.610626220703125,-0.41100484132766724,0.28011274337768555,-1.9286760091781616,-0.9555371999740601,0.17110300064086914,-3.529834508895874,1.0809009075164795,0.49325093626976013,1.3575255870819092,-0.24912498891353607,-0.1844232827425003
348,-2.630399703979492,20.23702621459961,-21.86144256591797,-38.29798889160156,20.0,-2.700925350189209,3.9528636932373047,-12.767129898071289,5.771751880645752,-6.745718002319336,-0.29603850841522217,-0.07074260711669922,2.9416563510894775,-0.5938689708709717,0.19573542475700378,-2.62324595451355,-0.5375902652740479,0.30410823225975037,-1.945366621017456,0.04120945930480957,0.38392096757888794,-3.6084980964660645,-0.3266031742095947,-1.0560628175735474
349,-16.041284561157227,11.35133171081543,-9.68474006652832,-13.50751781463623,20.0,-4.4813995361328125,16.314510345458984,-4.937287330627441,1.2816734313964844,4.272418975830078,-0.04480397701263428,0.0540318489074707,2.457021474838257,-0.2681393325328827,0.10994963347911835,-1.8026366233825684,-0.18497860431671143,-0.3413769602775574,-0.336891233921051,-0.42006808519363403,-0.5151949524879456,-6.432827472686768,-0.8569183349609375,-2.1517093181610107
350,-25.96696662902832,-4.855668067932129,3.8164868354797363,-4.642248630523682,20.0,-5.239645957946777,30.509662628173828,2.1873583793640137,0.9680619239807129,12.100040435791016,0.35498034954071045,0.13597631454467773,-0.05077578127384186,-0.04351635277271271,0.26264625787734985,2.463449001312256,2.3528006076812744,-0.8384978771209717,1.4381909370422363,-0.6602566242218018,-1.049186110496521,-7.833745002746582,-0.5865727663040161,-3.024609088897705
351,-30.96430206298828,3.097028970718384,0.5107955932617188,-1.2248954772949219,0.8469648361206055,-0.26134538650512695,39.27253341674805,-13.71096420288086,13.22628402709961,16.421428680419922,0.5463334321975708,0.0888819694519043,-2.1617236137390137,0.45899081230163574,0.8914013504981995,7.954627990722656,6.159908294677734,-3.5704710483551025,3.3925278186798096,-1.1032558679580688,-0.6600921154022217,-8.375020980834961,0.3874448537826538,-3.5159974098205566
352,-38.74862289428711,4.011970520019531,-2.5936708450317383,-15.767784118652344,-1.8091152906417847,0.39511919021606445,48.151573181152344,-10.804547309875488,27.137086868286133,-13.10932731628418,-11.872992515563965,-7.558839321136475,-3.0929181575775146,0.5179426074028015,0.24817033112049103,7.35856819152832,0.31945082545280457,-2.364466428756714,1.8342857360839844,-1.0113754272460938,-0.5735289454460144,-0.5131533741950989,5.691234588623047,0.837456226348877
353,-4.592830657958984,-5.209837913513184,2.0640439987182617,-9.529626846313477,-0.48206067085266113,0.2783240079879761,5.95501184463501,-13.32886791229248,25.791912078857422,-61.4361572265625,0.27231740951538086,-5.832551002502441,-2.784458637237549,0.19158458709716797,-0.08054906874895096,4.282894134521484,-0.8352966904640198,-0.7736631631851196,1.2011892795562744,-0.12399618327617645,-0.01770991086959839,1.340294361114502,-2.874350070953369,0.6795448064804077
354,5.3012003898620605,-8.224745750427246,5.592389106750488,-2.7376928329467773,0.05600458383560181,0.047987937927246094,-4.873697757720947,-12.261210441589355,23.710205078125,-63.900020599365234,3.2188968658447266,-4.426260471343994,-1.8712607622146606,-0.1105315238237381,0.5359836220741272,1.7713907957077026,-0.2600516080856323,0.0809401348233223,1.6381713151931763,-0.2523670196533203,0.07121478021144867,0.8377465605735779,-2.5205373764038086,0.3861745595932007
355,-12.514463424682617,-0.8739680647850037,-0.16615664958953857,-3.1716148853302,-0.28606778383255005,0.028382062911987305,10.320650100708008,-22.05848503112793,28.933382034301758,-53.581295013427734,12.664161682128906,-1.779930591583252,-2.0723702907562256,-0.21195605397224426,0.24047695100307465,-0.3264167606830597,-0.2633785009384155,0.4172917902469635,1.6201032400131226,-0.05219060182571411,0.14709503948688507,0.2381504774093628,-2.014209508895874,0.1159115880727768
356,-4.06049919128418,-8.040276527404785,3.396406412124634,1.5983953475952148,-0.14688313007354736,0.03681516647338867,6.834118843078613,-6.284460067749023,17.95416259765625,-54.06280517578125,20.0,1.2389355897903442,-1.4715218544006348,-0.29702696204185486,-0.19250640273094177,-1.8476513624191284,-0.7859479784965515,1.826191782951355,2.0358495712280273,0.4155563414096832,0.13312338292598724,-0.5895274877548218,-1.5501952171325684,0.3124467730522156
357,-4.286512851715088,2.7855753898620605,-0.0080186128616333,0.6553440093994141,-0.24390888214111328,-0.1304636001586914,6.163602828979492,-15.670382499694824,14.979130744934082,-28.503387451171875,20.0,6.200521945953369,-0.9469977021217346,-0.17941342294216156,-0.23008115589618683,-3.933749198913574,-1.758713960647583,2.3380126953125,2.238246202468872,0.39570489525794983,-0.022744569927453995,-0.8945534229278564,-1.3398218154907227,-0.2670521140098572
358,1.942787766456604,11.168753623962402,-6.643305778503418,3.850313186645508,0.09511017799377441,-0.1447277069091797,-2.699355125427246,-21.861112594604492,11.905413627624512,-16.01814079284668,20.0,4.966913223266602,-0.34679797291755676,0.16754679381847382,-0.776235818862915,-5.7023115158081055,-1.0245627164840698,1.9832345247268677,1.8933768272399902,0.3152177333831787,0.039574626833200455,-0.3517012894153595,-1.6378653049468994,1.8426570892333984
359,25.634105682373047,13.332558631896973,-9.322990417480469,7.164882659912109,0.2951485812664032,-0.05919456481933594,-19.675289154052734,-3.468442440032959,-4.914151191711426,-1.791982650756836,20.0,4.55750036239624,1.4902801513671875,0.7574889063835144,-1.6388731002807617,-8.715442657470703,0.21166132390499115,2.0958282947540283,-0.4180041253566742,-0.04724534600973129,-0.5501413345336914,3.9096243381500244,1.5083578824996948,2.3092658519744873
360,68.6151123046875,15.285378456115723,-18.319549560546875,-67.7217788696289,9.09841251373291,4.091131687164307,-55.56279754638672,15.922775268554688,-10.951300621032715,-3.4162216186523438,-0.06158161163330078,-0.0017642974853515625,1.5518198013305664,-0.5917201042175293,0.008142724633216858,1.044510841369629,-2.2930262088775635,0.17880570888519287,-3.0605580806732178,-0.4101676344871521,0.021738972514867783,9.847550392150879,5.306905269622803,4.181437015533447
361,36.293968200683594,25.38365936279297,-34.54863357543945,-79.19144439697266,11.87392807006836,1.3328359127044678,-36.85004425048828,6.254265785217285,-5.1414289474487305,-14.925277709960938,-1.8725298643112183,-0.5206260681152344,1.8607618808746338,-0.32371240854263306,0.19684138894081116,-0.17191554605960846,-1.8155385255813599,0.5290277004241943,-4.08030366897583,0.8517079949378967,0.9912985563278198,6.695291996002197,-0.44250646233558655,0.8524580597877502
362,11.984481811523438,21.51441764831543,-32.102420806884766,-78.93489074707031,18.53261947631836,0.08639717102050781,-13.370672225952148,3.3238258361816406,-4.646326065063477,-9.208160400390625,-0.45751500129699707,-0.05632948875427246,2.3249094486236572,-0.29570797085762024,0.12671662867069244,-1.469931721687317,-1.2177238464355469,0.12452951073646545,-3.7701313495635986,0.9790446758270264,0.5298293828964233,2.689729690551758,-0.6559456586837769,0.3704194724559784
363,9.623339653015137,25.465099334716797,-26.226173400878906,-39.3648681640625,20.0,-1.7259230613708496,-2.9937744140625,-13.773181915283203,6.292453765869141,-8.112879753112793,-0.36805689334869385,-0.15463459491729736,2.888089418411255,-0.4313158094882965,0.06301593035459518,-2.1895763874053955,-0.8447632789611816,0.09195005893707275,-2.4144656658172607,0.10040286183357239,0.5901892185211182,-1.962206482887268,-0.9847806096076965,-0.9302157759666443
364,-15.759626388549805,14.699262619018555,-15.851945877075195,-31.127906799316406,20.0,-4.342893600463867,12.481924057006836,-2.4672839641571045,-0.7361801862716675,4.5563812255859375,0.16433346271514893,0.0892491340637207,2.8220410346984863,-0.09761344641447067,0.12247813493013382,-2.3116090297698975,-0.8083311319351196,0.0591050386428833,-1.3304494619369507,-0.15930195152759552,-0.20599587261676788,-4.023924827575684,-0.275518536567688,-1.4755650758743286
365,-14.582926750183105,10.958372116088867,-6.522780895233154,-12.701723098754883,20.0,-4.764200687408447,13.5872220993042,-1.6508781909942627,1.4128999710083008,5.852817535400391,-0.04505491256713867,0.09278488159179688,2.037222146987915,-0.0358387716114521,-0.053728748112916946,-1.2371190786361694,-0.27609309554100037,-0.31516018509864807,-0.09969274699687958,-0.48928388953208923,-0.7911206483840942,-5.993945121765137,-1.075005054473877,-2.0938971042633057
366,-30.10987663269043,-1.1546814441680908,3.150805950164795,-11.019270896911621,20.0,-5.713564395904541,33.90033721923828,-4.507586479187012,6.910255432128906,13.089365005493164,0.5092031359672546,0.10994100570678711,0.0805499404668808,-0.1527828723192215,0.37709182500839233,1.93581223487854,1.7751517295837402,-0.7806829214096069,1.6199873685836792,-1.1953315734863281,-0.4920213520526886,-6.863429069519043,-0.2885397672653198,-2.0190680027008057
367,-25.99444580078125,-2.9465959072113037,4.708078384399414,0.4264640808105469,1.8686962127685547,-0.517326831817627,32.51008605957031,-4.473933696746826,8.1924467086792,15.122465133666992,0.6289160251617432,-0.0029239654541015625,-2.192985773086548,0.4078572392463684,1.5210901498794556,8.022051811218262,5.761267185211182,-3.4091241359710693,2.8288962841033936,-1.0110788345336914,0.3091268241405487,-6.401258945465088,1.5967919826507568,-3.157834053039551
368,-23.973251342773438,3.0990662574768066,-4.626147270202637,-12.46829605102539,-1.6114544868469238,0.41777992248535156,33.08299255371094,-12.185025215148926,25.20724868774414,-22.63713264465332,-15.273832321166992,-7.535012722015381,-2.576408624649048,0.09988302737474442,0.09059809148311615,7.7351508140563965,-0.5062752366065979,-2.329594850540161,1.6805365085601807,-0.369444340467453,-0.011751316487789154,-0.24375349283218384,5.936468124389648,0.5178552865982056
369,-10.761087417602539,0.4490206241607666,-0.930708646774292,-12.159454345703125,-0.4305844306945801,0.2759056091308594,14.201082229614258,-15.441988945007324,24.14193344116211,-52.94489288330078,0.8604483604431152,-8.572343826293945,-2.242893695831299,0.2898131012916565,-0.273408979177475,4.367535591125488,-0.7735855579376221,-1.2564752101898193,0.9856116771697998,0.02897677570581436,0.050869330763816833,1.6506891250610352,-2.7950363159179688,0.6521451473236084
370,-8.303746223449707,-3.664252519607544,2.9203391075134277,-2.6465320587158203,-0.19245004653930664,0.11893916130065918,9.023687362670898,-23.096765518188477,34.74066925048828,-70.48578643798828,5.835960388183594,-4.711613178253174,-2.2177841663360596,0.13401931524276733,-0.17365510761737823,2.8190951347351074,-1.2553660869598389,-0.4777784049510956,1.2893414497375488,-0.04368762671947479,-0.05496498942375183,0.7890989780426025,-2.284233331680298,0.19752870500087738
371,-6.68695068359375,-0.11622506380081177,1.3846936225891113,-5.782628059387207,-0.10336810350418091,0.08078539371490479,10.261754035949707,-25.654878616333008,29.385696411132812,-58.4146728515625,12.110320091247559,-0.04093068838119507,-1.4642218351364136,0.12241347134113312,0.2269139587879181,-0.9778009653091431,-0.16339774429798126,0.6409035921096802,1.741916298866272,-0.07366348057985306,0.09567251056432724,0.006333064287900925,-1.854740858078003,0.0135631263256073
372,-4.914063930511475,-3.397287130355835,1.0401968955993652,2.1478357315063477,-0.28589463233947754,-0.009938240051269531,4.352391242980957,-14.518599510192871,22.253814697265625,-63.30160140991211,17.14693832397461,2.44417142868042,-0.9201214909553528,0.18423280119895935,-0.2900570333003998,-2.7702300548553467,-1.620263934135437,1.2705740928649902,2.2040293216705322,0.23716099560260773,-0.0905349850654602,-1.0253862142562866,-1.3313443660736084,0.31443271040916443
373,-2.6941657066345215,3.894473075866699,-3.0799450874328613,2.4426727294921875,-0.06354427337646484,-0.024256467819213867,2.757749557495117,-14.650564193725586,18.3608341217041,-26.287076950073242,20.0,6.267566204071045,-0.35891419649124146,0.24805964529514313,-0.8636237978935242,-4.531601905822754,-2.0895984172821045,1.8921476602554321,2.31300950050354,0.3905735909938812,-0.1356426328420639,-1.3266289234161377,-1.061495304107666,-0.49193069338798523
374,10.48343276977539,1.4637606143951416,-0.08325910568237305,8.454803466796875,0.3484315872192383,-0.1597151756286621,-10.852435111999512,-9.810751914978027,6.030129909515381,-13.42570686340332,20.0,5.731919765472412,0.26631173491477966,0.15852971374988556,-0.7386621236801147,-5.088314533233643,-1.1589401960372925,1.8827039003372192,1.6784536838531494,0.16806894540786743,-0.14006754755973816,-0.28175243735313416,-0.9228851795196533,0.007395327091217041
375,19.17984962463379,5.057671546936035,-3.052567958831787,10.548280715942383,0.4104648232460022,-0.1445002555847168,-15.21325397491455,-6.383974075317383,-0.9064714908599854,-6.063052177429199,20.0,4.907200336456299,1.100775122642517,0.5445122122764587,-0.7439864873886108,-5.123360633850098,-0.17251728475093842,1.5244338512420654,-0.2485748678445816,-0.1605510413646698,-0.3437841236591339,3.107220411300659,0.8881245851516724,1.1248998641967773
376,31.8818359375,6.460304260253906,-14.091249465942383,-36.6276969909668,-17.542829513549805,1.1590003967285156,-31.20223617553711,13.291373252868652,-13.011087417602539,-3.021190643310547,4.433437824249268,1.4505867958068848,1.2823213338851929,0.4869042634963989,0.3978614807128906,2.3382649421691895,-3.4538722038269043,0.892760157585144,-2.1312458515167236,-0.15196289122104645,-1.1005572080612183,6.681637287139893,3.928480386734009,2.746958017349243
377,49.28385925292969,18.440502166748047,-30.53069496154785,-92.08221435546875,17.597938537597656,0.5311658382415771,-44.717063903808594,18.211151123046875,-9.795280456542969,-3.2103538513183594,-1.274430751800537,-0.2919435501098633,1.4109413623809814,-0.3029354214668274,0.14592571556568146,0.19280120730400085,-1.843091607093811,0.3992798328399658,-4.368894577026367,1.0392316579818726,0.6976509094238281,9.58312702178955,-0.3095175325870514,1.2136534452438354
378,15.495222091674805,21.347759246826172,-34.98517608642578,-81.97367095947266,18.895538330078125,-0.06302464008331299,-15.665761947631836,-2.257768154144287,-0.05168485641479492,-14.845099449157715,-0.6533021926879883,-0.14844369888305664,2.1964423656463623,-0.32281988859176636,0.2934100329875946,-1.3817212581634521,-1.2137775421142578,0.28061211109161377,-3.6396117210388184,1.2134544849395752,0.9476386904716492,4.247265815734863,-0.8221649527549744,0.7241382002830505
379,7.684732437133789,26.34384536743164,-28.8280086517334,-51.037628173828125,20.0,-3.37516450881958,-4.450496673583984,-12.615598678588867,4.0784382820129395,-10.466781616210938,-0.3919093608856201,-0.13883596658706665,2.877401351928711,-0.42036473751068115,0.17715060710906982,-2.370783805847168,-0.7482868432998657,0.2400936782360077,-2.161062717437744,0.30426162481307983,0.4632623791694641,-1.1118360757827759,-1.0714006423950195,-0.4624176323413849
380,-2.549032211303711,12.515874862670898,-17.906063079833984,-27.15475845336914,20.0,-2.946284532546997,-0.6991996765136719,-4.085646152496338,1.6251096725463867,2.162321090698242,0.06779110431671143,0.02424609661102295,2.697445869445801,-0.4866109788417816,0.2244550734758377,-2.4738106727600098,-0.5488727688789368,0.1337369978427887,-1.9176504611968994,-0.028408657759428024,0.6010832190513611,-2.272674560546875,-0.31781136989593506,-0.488128662109375
381,-14.725807189941406,9.755532264709473,-4.301013469696045,-5.899696350097656,20.0,-4.42127799987793,19.435077667236328,-8.385599136352539,3.027556896209717,-0.5169906616210938,-0.12923693656921387,0.007754802703857422,1.3870885372161865,-0.2384638786315918,0.162135511636734,-0.25632402300834656,1.0090936422348022,-0.30847474932670593,0.09326938539743423,-0.9703617095947266,-0.6244025826454163,-6.654168605804443,-1.1112984418869019,-1.4667478799819946
382,-14.917631149291992,-4.50820779800415,8.168983459472656,4.161899566650391,16.54468536376953,-4.129904747009277,26.311172485351562,-3.814338207244873,5.982400417327881,10.961193084716797,0.38895100355148315,-0.024596214294433594,-1.098435640335083,-0.07157275825738907,0.6980846524238586,4.985039234161377,4.074564456939697,-1.3195059299468994,1.6820579767227173,-1.202151894569397,-0.23059357702732086,-7.7558441162109375,-0.2731652855873108,-2.896791458129883
383,-40.31647491455078,7.09672737121582,-1.8265173435211182,-9.11679458618164,-0.8379950523376465,0.011852264404296875,43.829036712646484,-14.066307067871094,14.352865219116211,18.23681640625,0.6151771545410156,0.0406498908996582,-3.2901201248168945,0.4407031536102295,0.7723479270935059,8.33481216430664,3.717693567276001,-3.139340877532959,3.4976823329925537,-1.4132436513900757,0.5384107828140259,-8.237900733947754,1.098049283027649,-3.5217480659484863
384,-12.151037216186523,-1.355183482170105,-1.7462618350982666,-11.861743927001953,-1.0882813930511475,0.37281012535095215,19.339542388916016,-10.777667045593262,20.37520980834961,-34.25812911987305,-16.56346893310547,-8.175880432128906,-2.701568126678467,0.6286649703979492,-0.1859154999256134,6.458395004272461,-0.11020169407129288,-1.9417859315872192,1.0078248977661133,-0.04857102036476135,-0.16746297478675842,1.0065971612930298,-0.8037395477294922,0.42775553464889526
385,-12.102829933166504,-7.784451484680176,5.977776527404785,-9.075666427612305,-0.5167531967163086,0.15644562244415283,10.615520477294922,-13.112428665161133,23.44817543029785,-56.012779235839844,5.4301838874816895,-6.980068206787109,-2.9598212242126465,0.06646458059549332,0.046169281005859375,3.6199758052825928,-1.1710151433944702,-0.9218600392341614,1.1037302017211914,-0.1443873643875122,0.07009445875883102,1.3074871301651,-2.2155263423919678,0.3468368649482727
386,-3.03035831451416,-2.747426986694336,1.0605309009552002,-7.5003132820129395,-0.18424856662750244,0.1637059450149536,7.6338605880737305,-14.097371101379395,21.71371078491211,-52.93832015991211,10.297504425048828,-4.243445873260498,-1.9215691089630127,-0.06924352049827576,-0.13246425986289978,-0.5037028789520264,-0.8299109935760498,0.5392351150512695,1.7667988538742065,0.03607148677110672,0.10994911938905716,0.3851045072078705,-1.8971514701843262,0.4221450388431549
387,2.2119884490966797,-7.867574691772461,4.7735981941223145,3.706890106201172,-0.03442049026489258,-0.016422748565673828,-2.325556755065918,-9.745084762573242,16.771032333374023,-62.16641616821289,17.246929168701172,0.7319013476371765,-1.2068935632705688,-0.2831282317638397,-0.15793552994728088,-1.9732537269592285,-1.5770657062530518,1.7578204870224,2.158454179763794,0.2017541527748108,-0.09824355691671371,-0.4544285237789154,-1.9104413986206055,0.3489566445350647
388,-2.9880905151367188,5.455145359039307,-2.1500916481018066,3.587627410888672,0.07830333709716797,-0.15042400360107422,1.6480627059936523,-22.969440460205078,18.955501556396484,-37.19573211669922,19.64421272277832,2.7785046100616455,-0.9221725463867188,0.1014900878071785,-0.1663031280040741,-3.0178658962249756,-1.1076534986495972,1.4520844221115112,2.253115653991699,0.26366299390792847,-0.15135739743709564,-0.7622964978218079,-1.5045013427734375,-0.000507056713104248
389,3.4532270431518555,8.672914505004883,-6.353212356567383,4.364509582519531,0.01825690269470215,-0.05329775810241699,-7.2596917152404785,-21.85403060913086,14.291325569152832,-24.385671615600586,20.0,6.127016544342041,-0.42684632539749146,0.4455600082874298,-0.8758530020713806,-4.203738212585449,-1.3814616203308105,1.2687742710113525,2.072877883911133,0.502625048160553,-0.1266108751296997,-0.8538852334022522,-1.3699737787246704,-0.4184114933013916
390,20.067338943481445,-7.631865501403809,4.841326713562012,11.06845760345459,0.4211242198944092,-0.14075064659118652,-25.186267852783203,2.552053451538086,-1.759924054145813,-20.094329833984375,20.0,4.790905952453613,0.23572301864624023,0.01927042566239834,-0.6577650308609009,-4.150839805603027,-0.7410156726837158,1.4113796949386597,1.1277916431427002,0.2097610980272293,-0.3162478506565094,0.4954814612865448,-0.8078573346138,-0.6326821446418762
391,24.864091873168945,4.088096618652344,-3.0103280544281006,4.973056793212891,0.45943737030029297,-0.05268144607543945,-16.40243911743164,9.550471305847168,-13.558757781982422,3.128713607788086,17.617225646972656,5.0331573486328125,1.9793528318405151,0.9134361147880554,-0.1804424226284027,-2.9433469772338867,7.804728984832764,-0.5346479415893555,-1.297602653503418,0.28299570083618164,-0.30322128534317017,5.4475603103637695,2.4902358055114746,0.8198226094245911
392,67.18959045410156,10.83161735534668,-16.628202438354492,-74.6099624633789,11.552515029907227,3.258098602294922,-52.921119689941406,18.266706466674805,-12.354944229125977,-5.306560516357422,-0.7504887580871582,0.10730504989624023,1.4776228666305542,-0.2761910855770111,0.24538572132587433,0.9183059930801392,-2.295903205871582,0.157227024435997,-3.477806568145752,0.08769973367452621,0.16350942850112915,9.192997932434082,2.6964879035949707,2.6875052452087402
393,30.340572357177734,26.88710594177246,-40.27423095703125,-83.21530151367188,15.938785552978516,0.9493484497070312,-28.834552764892578,-0.1872246265411377,-1.4402506351470947,-12.10934829711914,-1.1517174243927002,-0.28528785705566406,2.037721633911133,-0.11654700338840485,0.4576237201690674,-0.38491806387901306,-1.8238674402236938,0.5763624310493469,-3.977182626724243,0.7136344909667969,0.7497907280921936,6.158507823944092,0.2432648092508316,1.7044830322265625
394,9.64828109741211,17.253414154052734,-31.033950805664062,-75.8076400756836,20.0,-0.8233610391616821,-11.362951278686523,0.47263073921203613,-2.074274778366089,-11.01350212097168,-0.5473491549491882,-0.19688314199447632,2.5424959659576416,-0.29403066635131836,0.35735636949539185,-1.7789734601974487,-1.148841142654419,0.23772858083248138,-3.2770612239837646,0.5603752136230469,0.40617287158966064,1.0756219625473022,-0.043010033667087555,0.34960949420928955
395,5.935428619384766,18.253925323486328,-26.163333892822266,-51.356056213378906,20.0,-1.853323221206665,-4.031545639038086,-3.099702835083008,-0.23305821418762207,-1.3140850067138672,-0.2613118886947632,-0.051712095737457275,2.988495111465454,-0.347403883934021,0.350922554731369,-2.477811098098755,-0.7304190397262573,0.2453847974538803,-2.440312385559082,0.23325085639953613,0.11950291693210602,-1.529518723487854,-0.4898436963558197,-0.3983750343322754
396,-8.541951179504395,3.197093963623047,-6.567997455596924,-20.956069946289062,20.0,-3.9561569690704346,7.2402448654174805,3.1987035274505615,-2.8337087631225586,1.1510162353515625,-0.06279134750366211,-0.010706901550292969,2.868800163269043,-0.4432458281517029,0.2030549943447113,-2.5516464710235596,-0.5910178422927856,0.03501671552658081,-1.4707763195037842,0.08951054513454437,-0.399262398481369,-3.989323139190674,-0.6307899355888367,-1.9639785289764404
397,-20.222843170166016,5.772643089294434,1.067381739616394,-4.2589592933654785,20.0,-4.716933727264404,24.922103881835938,-9.722871780395508,7.317670822143555,3.9577407836914062,0.14384278655052185,0.12294673919677734,0.9571037292480469,-0.5115176439285278,0.34898751974105835,0.5229307413101196,1.6028406620025635,-0.1168164536356926,0.4745555818080902,-0.786454439163208,-0.34556934237480164,-7.358646869659424,-0.19823236763477325,-1.7123485803604126
398,-28.40484619140625,-4.007783889770508,4.465927600860596,4.443489074707031,2.8608055114746094,-0.7560372352600098,38.029502868652344,-9.949836730957031,9.917842864990234,11.725337982177734,0.39815282821655273,-0.050394535064697266,-1.6395535469055176,0.02093718945980072,1.1299126148223877,8.313958168029785,6.7225728034973145,-3.348813772201538,2.8735744953155518,-0.8234385251998901,-0.026679586619138718,-10.031206130981445,1.1499838829040527,-3.4359965324401855
399,-28.440061569213867,5.449678421020508,-2.993927001953125,-13.089038848876953,-1.7726484537124634,0.3642282485961914,28.431808471679688,-9.198391914367676,19.005582809448242,-26.891658782958984,-17.764266967773438,-1.117584228515625,-2.381800651550293,0.16306185722351074,0.2667274475097656,8.441018104553223,0.31068146228790283,-2.3518598079681396,2.2457056045532227,-0.7582524418830872,-0.41788867115974426,-0.8800439238548279,6.107195854187012,0.6069512963294983
400,-6.67318058013916,-12.34305191040039,6.57835578918457,-8.289579391479492,-0.41964465379714966,0.23117077350616455,3.1092472076416016,-12.598958969116211,24.280427932739258,-74.01270294189453,0.18896102905273438,-5.766883850097656,-2.3495500087738037,-0.1719381958246231,0.5817909240722656,6.046810150146484,-0.2680162787437439,-0.677983283996582,1.2431647777557373,0.01653052121400833,0.1815062165260315,0.7317021489143372,-2.4347496032714844,0.6536519527435303
401,-14.187836647033691,-3.954277515411377,2.136680841445923,-10.176680564880371,-0.43377941846847534,0.07192599773406982,14.661096572875977,-22.03805923461914,32.58545684814453,-64.82828521728516,8.141282081604004,-2.104557991027832,-2.222285032272339,-0.628814697265625,0.5411974787712097,2.1521477699279785,0.027681641280651093,-0.2663707435131073,1.5073539018630981,-0.06751623004674911,0.1767658293247223,-0.18502356112003326,-1.7362257242202759,0.11939886212348938
402,-8.622273445129395,6.313706398010254,-4.161819934844971,-8.575027465820312,-0.5109803676605225,0.12175703048706055,12.973653793334961,-20.738109588623047,23.292089462280273,-40.137821197509766,13.685577392578125,0.2080897092819214,-1.5645986795425415,-0.371085524559021,-0.09040404111146927,-2.04055118560791,-0.6155104041099548,0.5220386981964111,1.9135987758636475,0.09785601496696472,0.07707860320806503,-0.8512436151504517,-1.3380670547485352,-0.04716990888118744
403,-7.760861396789551,-1.5479344129562378,1.9191893339157104,4.7936248779296875,-0.15255212783813477,-0.027858257293701172,3.7353124618530273,-19.600282669067383,18.152742385864258,-44.865516662597656,18.230222702026367,0.8838284015655518,-2.034498453140259,-0.29374960064888,-0.151559978723526,-2.275418758392334,-1.426716923713684,1.1687121391296387,1.6865878105163574,0.20903941988945007,-0.004068717360496521,-1.2331703901290894,-1.0942474603652954,0.27075111865997314
404,-8.21530818939209,5.820977210998535,-2.6304092407226562,2.8160648345947266,-0.07510685920715332,-0.08041930198669434,21.331872940063477,-24.96344757080078,21.70819854736328,-23.120651245117188,20.0,5.95344352722168,-1.1501851081848145,-0.03601554408669472,-0.4236907958984375,-3.3632519245147705,-1.7396620512008667,0.9991526007652283,2.401468515396118,0.30963313579559326,-0.047444261610507965,-1.5299744606018066,-0.9178350567817688,-0.3849237561225891
405,-3.3647470474243164,5.354480266571045,-1.8560446500778198,5.0630035400390625,0.14883828163146973,-0.017961978912353516,7.150840759277344,-17.25016975402832,12.13188648223877,-9.768281936645508,20.0,5.483360290527344,-1.0313777923583984,0.05719373747706413,-0.371526300907135,-3.6635875701904297,-0.850136399269104,1.9772052764892578,2.1029419898986816,0.019990192726254463,-0.06551752239465714,-0.7794888615608215,-1.4076608419418335,1.6223962306976318
406,14.968757629394531,2.142221689224243,-2.1574184894561768,6.986083984375,0.11954903602600098,-0.13663005828857422,-13.147050857543945,-0.38940301537513733,1.227273941040039,-11.330196380615234,20.0,4.9793267250061035,-0.103118397295475,0.2743936777114868,-0.8388614058494568,-4.439196586608887,-1.5248292684555054,1.8932678699493408,1.4453542232513428,0.09150060266256332,-0.36194276809692383,0.41040605306625366,-0.8613572716712952,1.5852757692337036
407,35.00222396850586,5.75966739654541,-4.271679878234863,9.273818969726562,0.8152222633361816,-0.0973958969116211,-25.90604019165039,7.751619815826416,-8.110477447509766,1.2297935485839844,20.0,4.353373050689697,1.7281743288040161,0.884484589099884,-0.8340252041816711,-6.4570088386535645,2.10453200340271,2.310692548751831,-1.820189118385315,-0.08312655240297318,-0.7577395439147949,6.471278190612793,3.313804864883423,1.8450299501419067
408,42.037559509277344,15.038676261901855,-20.863433837890625,-14.426013946533203,-9.691289901733398,4.479362487792969,-41.612579345703125,8.238443374633789,-7.054705619812012,-4.725757598876953,-0.6966500282287598,-0.024526596069335938,2.109877347946167,0.8981760740280151,-0.5114402174949646,-0.22080492973327637,-6.219320297241211,-6.776538372039795,-4.676845073699951,0.8234484195709229,0.10340991616249084,12.392953872680664,3.0954861640930176,3.416814088821411
409,56.488990783691406,22.952354431152344,-32.59009552001953,-65.19207000732422,16.674842834472656,2.9372305870056152,-40.45471954345703,-0.9194180965423584,0.24810028076171875,-22.358692169189453,-1.6228392124176025,-0.4568445682525635,1.7329539060592651,-0.2373621165752411,-0.08530727028846741,0.7307324409484863,-2.243445634841919,0.11282940208911896,-4.358545780181885,0.7487658858299255,1.1084394454956055,6.962555408477783,-0.09162766486406326,1.277058482170105
410,15.366681098937988,21.439401626586914,-33.76531982421875,-70.8160171508789,20.0,0.7058848142623901,-11.86322021484375,-5.628095626831055,-0.09957313537597656,-14.041532516479492,-0.7096742391586304,-0.1794382631778717,2.5513503551483154,-0.09923715889453888,0.07568711042404175,-0.8691364526748657,-1.611311435699463,0.04366716369986534,-3.4441075325012207,0.24563594162464142,0.7648066282272339,0.7023751735687256,-0.7445411682128906,-0.234749436378479
411,-6.214058876037598,20.87194061279297,-21.781362533569336,-54.39775085449219,20.0,-3.3822691440582275,8.97242259979248,-6.723361968994141,0.917351484298706,-2.605165481567383,-0.16780531406402588,-0.005413532257080078,3.2928478717803955,0.0013351589441299438,0.21005749702453613,-1.9672185182571411,-1.2043936252593994,0.12688550353050232,-1.5475343465805054,-0.429476797580719,0.16458947956562042,-4.070014476776123,-0.7555190324783325,-1.1567394733428955
412,-13.381669998168945,4.991826057434082,-3.063037157058716,-18.21142578125,20.0,-3.8975448608398438,10.137534141540527,2.7587099075317383,-1.4417684078216553,5.978107452392578,-0.06371092796325684,0.08146405220031738,2.977046489715576,-0.30554547905921936,0.02299382910132408,-1.886152744293213,-0.9859248399734497,-0.14774490892887115,-0.5662561655044556,-0.8640535473823547,-0.3323492705821991,-5.588937759399414,-1.8669182062149048,-1.8533941507339478
413,-23.519407272338867,1.9827003479003906,7.218700408935547,-7.1110124588012695,20.0,-4.065449237823486,23.905006408691406,-0.7166252136230469,2.88944673538208,9.482067108154297,0.5316721796989441,0.1137237548828125,0.6641213893890381,-0.21066497266292572,0.362895131111145,1.3093050718307495,1.113377571105957,-0.07908841967582703,0.6703817844390869,-1.0946599245071411,-0.2910919785499573,-7.320777893066406,0.5164446234703064,-2.0207109451293945
414,-27.06049346923828,-1.6863819360733032,3.935434103012085,0.5487098693847656,7.568936347961426,-1.7839736938476562,35.73389434814453,-7.741547584533691,8.779441833496094,15.825733184814453,0.46735215187072754,0.005002021789550781,-2.0120043754577637,0.08957042545080185,0.8533967733383179,7.128686428070068,4.705528736114502,-2.0964107513427734,2.2007479667663574,-1.3081378936767578,0.10940590500831604,-7.244019985198975,1.603884220123291,-3.1570420265197754
415,-30.994829177856445,-0.6653362512588501,0.25603747367858887,-9.466445922851562,-1.2282506227493286,0.16653060913085938,38.52438735961914,-9.382315635681152,23.618244171142578,-25.70903205871582,-16.745098114013672,-4.951418876647949,-3.1013176441192627,0.3611606955528259,0.5927859544754028,9.050987243652344,0.7033345103263855,-2.209606170654297,1.9592820405960083,-0.7235230803489685,-0.3930300176143646,-0.8132730722427368,7.425568580627441,1.0745869874954224
416,-5.422057151794434,-2.57769775390625,-0.14381201565265656,-10.925029754638672,-0.6126623153686523,0.2544240951538086,8.75247573852539,-20.78956413269043,25.740909576416016,-69.27079010009766,-2.5023813247680664,-6.253887176513672,-2.413804292678833,0.18233279883861542,-0.14084114134311676,5.504156112670898,-0.8655195236206055,-1.3109194040298462,1.4487197399139404,0.12296096235513687,-0.003526175394654274,1.459051251411438,-2.8367552757263184,0.429066002368927
417,-16.439748764038086,-4.750049591064453,4.720743656158447,-7.0670166015625,-0.26850223541259766,0.09946811199188232,20.67086410522461,-28.911130905151367,31.735984802246094,-67.45144653320312,8.38155460357666,-3.577449321746826,-2.4276652336120605,-0.2226964235305786,0.2942313551902771,2.7449538707733154,-0.18569740653038025,-0.49708443880081177,1.8962849378585815,-0.11106907576322556,-0.01808488741517067,0.575243353843689,-2.3665854930877686,0.17141437530517578
418,1.452880859375,-4.500624656677246,1.0172646045684814,-3.5810422897338867,-0.2990000247955322,0.12104010581970215,-4.877079010009766,-6.860334396362305,20.22317886352539,-61.013614654541016,11.926252365112305,-1.528382658958435,-1.6671123504638672,-0.2851323187351227,-0.038640763610601425,-0.1123303472995758,-1.720057487487793,0.7220287919044495,2.154839038848877,0.1748606264591217,-0.08593490719795227,-0.33138376474380493,-1.850925087928772,-0.07392193377017975
419,-7.682050704956055,1.9134600162506104,-0.028346538543701172,-1.0663261413574219,-0.1046445369720459,-0.026967287063598633,5.943270683288574,-20.624521255493164,16.900066375732422,-52.450740814208984,19.282766342163086,3.244352340698242,-1.52122163772583,0.023641427978873253,-0.32964056730270386,-2.401510000228882,-1.6744136810302734,1.3140196800231934,2.347198247909546,0.43432819843292236,-0.29328638315200806,-1.1064212322235107,-1.3395358324050903,0.06567445397377014
420,-1.3282880783081055,0.0618128776550293,1.0390844345092773,2.9700260162353516,0.15386611223220825,-0.05789995193481445,3.2065200805664062,-14.01919937133789,14.532872200012207,-26.24645233154297,20.0,5.825738906860352,-0.8955447673797607,-0.08684460073709488,-0.13127464056015015,-4.064483165740967,-0.3736514747142792,2.4964959621429443,2.466524839401245,0.3250007927417755,-0.30832648277282715,-1.2673386335372925,-1.2043064832687378,-0.460976779460907
421,6.767867088317871,0.21856534481048584,-0.21915531158447266,5.664716720581055,-0.018206119537353516,-0.24682855606079102,-11.725892066955566,-9.485921859741211,6.194036483764648,-19.421710968017578,20.0,7.109062671661377,-0.21169577538967133,-0.225796639919281,-0.3353220224380493,-5.559043884277344,-0.5310577750205994,1.6260427236557007,2.2220771312713623,0.33766937255859375,-0.2832182049751282,-1.1589807271957397,-1.294677972793579,-0.3547382950782776
422,19.332210540771484,6.79216194152832,-4.419617652893066,11.316469192504883,0.1513049602508545,-0.07575511932373047,-18.66856575012207,-2.702725410461426,-2.405224561691284,-9.821126937866211,20.0,5.513581275939941,0.6341462135314941,0.5593746900558472,-0.6307830810546875,-5.318274021148682,-1.5735113620758057,1.8342218399047852,0.7643272280693054,0.4174925982952118,-0.5198914408683777,1.3387843370437622,-0.1693696528673172,1.1763947010040283
423,35.26592254638672,9.6329345703125,-14.84808349609375,-23.126605987548828,-16.032428741455078,7.084794521331787,-28.400352478027344,-2.645657539367676,-7.664214611053467,-3.583566665649414,14.265657424926758,3.616896629333496,2.007770538330078,1.2228596210479736,-0.17887873947620392,-1.7325468063354492,9.201629638671875,-2.890437364578247,-1.3699697256088257,-0.18900685012340546,-0.7768504023551941,5.604282379150391,2.991877794265747,2.555706262588501
424,48.6833381652832,2.828902244567871,-13.75822925567627,-69.49099731445312,10.653424263000488,5.161991119384766,-37.622772216796875,20.63170623779297,-11.288985252380371,-4.070487976074219,-0.7215557098388672,-0.2125093936920166,1.5780318975448608,-0.18799057602882385,0.029019707813858986,0.85927814245224,-2.29274582862854,0.01593989133834839,-3.0647881031036377,0.2275940179824829,0.2752595543861389,8.479538917541504,2.3502144813537598,1.4485455751419067
425,37.079978942871094,26.49210548400879,-32.32621383666992,-68.89505767822266,13.501462936401367,0.1964205503463745,-34.587318420410156,2.619006633758545,-3.2895865440368652,-11.93256950378418,-1.1915844678878784,-0.16660761833190918,1.8847906589508057,-0.18545284867286682,0.21981097757816315,-0.17183683812618256,-1.8137719631195068,0.42652082443237305,-4.097049236297607,0.8946900963783264,0.9571182131767273,6.4879231452941895,-0.5516455173492432,0.6397724151611328
426,1.425908088684082,20.64594841003418,-31.43059730529785,-68.08834075927734,18.25263214111328,-1.124826192855835,-3.7203197479248047,-4.252691268920898,0.7353267669677734,-12.056181907653809,-0.3889405429363251,-0.0942414253950119,2.383132219314575,-0.1936020702123642,0.11535120010375977,-1.4767135381698608,-1.2941606044769287,0.1053355410695076,-2.97622013092041,0.6069155931472778,0.5984331369400024,0.6009249687194824,-0.2234528809785843,-0.03959785774350166
427,6.682989120483398,13.971771240234375,-13.54218578338623,-36.369873046875,20.0,-1.7342805862426758,-1.9772281646728516,-2.6729626655578613,-0.861178457736969,-3.625149726867676,-0.30559539794921875,-0.008048295974731445,2.838796854019165,-0.3703480064868927,0.20113110542297363,-2.0232186317443848,-0.9257751107215881,-0.02012290060520172,-1.8507159948349,0.026707157492637634,0.26207858324050903,-2.806568145751953,-0.7567266821861267,-0.7184723615646362
428,-6.57472038269043,11.652584075927734,-7.0211029052734375,-12.682085037231445,20.0,-3.9416937828063965,7.293881416320801,-4.031408309936523,0.47260594367980957,2.4439430236816406,-0.004516303539276123,0.043706417083740234,2.645515203475952,-0.19409479200839996,0.2439756840467453,-1.713459849357605,-0.825226902961731,-0.14189012348651886,-0.7923169732093811,-0.37939369678497314,-0.4445480406284332,-5.313612461090088,-0.306866854429245,-1.485543131828308
429,-11.372467041015625,1.2057185173034668,-2.668163776397705,-4.251289367675781,20.0,-3.6510603427886963,12.316200256347656,2.7769477367401123,0.312650203704834,12.297134399414062,0.3201983571052551,0.11344218254089355,0.6077450513839722,-0.2118956744670868,0.3096507787704468,1.4310166835784912,0.7487122416496277,-0.1770310401916504,-0.7630523443222046,-0.4522095322608948,-0.44576388597488403,-3.6568562984466553,0.4310445785522461,-1.5039891004562378
430,-17.073123931884766,-2.9821691513061523,4.002721786499023,-5.396196365356445,14.49098014831543,-3.854295492172241,23.924161911010742,-5.3965559005737305,5.945666313171387,4.648693084716797,-0.013406366109848022,-0.010599136352539062,-1.0585899353027344,-0.1780594438314438,0.6025939583778381,4.439026832580566,2.6858317852020264,-0.924477219581604,0.991156816482544,-0.781455397605896,-0.14654484391212463,-6.616715431213379,-0.14214657247066498,-2.897916793823242
431,-34.10927963256836,3.592865228652954,0.41774797439575195,-5.707672119140625,-0.5580592155456543,0.0033674240112304688,42.70652770996094,-14.66445255279541,20.116544723510742,-10.840896606445312,-15.167943954467773,-6.925070285797119,-2.543954610824585,-0.19950060546398163,0.5210477113723755,8.007213592529297,2.584547758102417,-2.2412805557250977,1.677038311958313,-1.5873496532440186,-0.3207794427871704,-0.9587032198905945,8.322319984436035,3.061495304107666
432,-6.872820854187012,-1.1498342752456665,-0.8992729187011719,-9.548368453979492,-0.8460083603858948,0.2699623107910156,10.817964553833008,-17.7520809173584,15.92025375366211,-60.34095764160156,-0.17159223556518555,-8.145126342773438,-2.3653981685638428,0.2946244776248932,-0.1370338797569275,6.426284313201904,-0.5048120021820068,-1.2112338542938232,0.9805018901824951,0.12265358865261078,0.1732439398765564,1.9552814960479736,-3.276663064956665,1.2283538579940796
433,-7.641027450561523,-4.382417678833008,4.25567102432251,-7.060741424560547,-0.2576446533203125,0.04155898094177246,5.835569381713867,-25.731412887573242,30.225996017456055,-79.52306365966797,1.575892448425293,-6.44533109664917,-2.046614408493042,0.4072611331939697,0.46300631761550903,3.413997173309326,-0.25080353021621704,-1.1991779804229736,1.2627161741256714,0.02659168839454651,0.030926551669836044,0.933061957359314,-2.4920637607574463,0.5099673271179199
434,-2.1706104278564453,-4.698307514190674,1.788766622543335,-1.8711004257202148,-0.21416044235229492,0.18490958213806152,1.3658523559570312,-21.146074295043945,26.700794219970703,-72.00773620605469,6.607897758483887,-3.545074701309204,-1.563082218170166,-0.043011147528886795,0.17822615802288055,1.4362239837646484,-1.2268110513687134,0.435207337141037,1.634782075881958,0.001774817705154419,-0.034259092062711716,0.10693535953760147,-2.0479259490966797,0.2483401894569397
435,-10.0462646484375,-7.077445030212402,4.594159126281738,-0.9414234161376953,-0.11442112922668457,-0.04601120948791504,10.864717483520508,-17.008487701416016,23.381200790405273,-69.8900375366211,13.060356140136719,0.5160797834396362,-1.142788052558899,-0.16610375046730042,0.2205619215965271,-0.5420064926147461,-1.3138477802276611,0.9298408627510071,2.1778790950775146,0.2407098114490509,-0.12792205810546875,-0.9150082468986511,-1.4301058053970337,0.05242535471916199
436,-12.459123611450195,6.133973121643066,-4.189104080200195,-1.7930917739868164,-0.10639280080795288,-0.0576569139957428,13.337516784667969,-26.60075569152832,27.1904296875,-38.859317779541016,17.785503387451172,1.617964506149292,-1.0205764770507812,-0.23061594367027283,-0.5147443413734436,-2.792708158493042,-0.4633062183856964,0.20286116003990173,2.2512104511260986,0.2701667547225952,-0.09278924018144608,-1.2244480848312378,-1.1158013343811035,0.04187789559364319
437,0.36572718620300293,4.1190948486328125,-1.8635189533233643,3.3466033935546875,-0.1418447494506836,0.09750247001647949,-1.8067684173583984,-15.796943664550781,13.67591381072998,-31.003765106201172,20.0,4.714692115783691,-0.4784371256828308,0.11443201452493668,-0.7888255715370178,-4.333140850067139,-1.22239089012146,1.9168564081192017,2.3419861793518066,0.4187438488006592,-0.267107754945755,-1.6181814670562744,-0.944215714931488,-0.26225584745407104
438,15.61880874633789,9.799936294555664,-5.8028764724731445,7.071130752563477,0.15368127822875977,-0.14563679695129395,-18.536712646484375,-21.14156723022461,13.375794410705566,-18.98379135131836,20.0,4.60758638381958,0.7921015024185181,0.25274601578712463,-0.9494897723197937,-6.3196702003479,-1.3619447946548462,1.2084146738052368,1.9192979335784912,0.13731923699378967,-0.1779720038175583,-0.9108335375785828,-0.9437828063964844,0.6407504081726074
439,19.513427734375,2.315199136734009,-1.464714765548706,11.869010925292969,0.5704629421234131,-0.058310508728027344,-13.524028778076172,6.680445671081543,-8.141420364379883,2.5752811431884766,20.0,5.002413749694824,1.5600532293319702,0.9018506407737732,-0.8375090956687927,-5.943179607391357,0.7157934308052063,1.6368381977081299,-0.6541368365287781,0.05187143385410309,-0.4639054238796234,3.7356014251708984,1.758331298828125,1.3048595190048218
440,65.852783203125,11.901180267333984,-11.798728942871094,-44.37858963012695,4.765347480773926,19.373458862304688,-49.7201042175293,11.791444778442383,-8.614681243896484,-4.908237457275391,-0.06778621673583984,0.11162376403808594,1.242716670036316,-0.7683485746383667,-0.0863625556230545,0.9479839205741882,-2.5378270149230957,1.2760462760925293,-3.3947441577911377,-0.48567914962768555,-0.13230355083942413,9.381332397460938,5.190546989440918,3.7655022144317627
441,31.381635665893555,30.507455825805664,-38.97281265258789,-75.66046905517578,11.669450759887695,0.7540758848190308,-27.29534149169922,-1.9693504571914673,1.6455745697021484,-12.218250274658203,-1.6298086643218994,-0.49970197677612305,1.8225430250167847,-0.2671150863170624,0.24693694710731506,-0.061723046004772186,-1.8560431003570557,0.6358635425567627,-3.5081496238708496,0.4841175377368927,1.315011739730835,6.595059871673584,0.003639604663476348,1.4549018144607544
442,3.607929229736328,24.623565673828125,-28.898448944091797,-72.18923950195312,16.759078979492188,-0.8337535858154297,-9.32423210144043,-3.7831761837005615,-1.1068682670593262,-12.568951606750488,-0.6272779107093811,-0.17906710505485535,2.1552720069885254,-0.18927757441997528,0.2140854448080063,-1.3538641929626465,-1.240462303161621,0.22735433280467987,-2.8013484477996826,0.21096116304397583,0.7550248503684998,0.9323349595069885,-0.55018550157547,-0.019373072311282158
443,-9.587346076965332,14.744412422180176,-22.95965576171875,-65.06143951416016,20.0,-2.885105848312378,6.947906970977783,7.151432991027832,-6.048088550567627,2.4854679107666016,-0.05942368507385254,0.034861207008361816,2.5791666507720947,-0.08104048669338226,0.03518575057387352,-2.2271440029144287,-0.8421939611434937,0.06303451955318451,-1.5446503162384033,0.27071112394332886,-0.27067720890045166,-1.4271150827407837,-1.4239920377731323,-0.8765835165977478
444,-1.3752832412719727,3.4965195655822754,-6.59917688369751,-31.00381088256836,20.0,-5.194320201873779,-2.0738682746887207,3.4209985733032227,-2.569777011871338,0.5452156066894531,-0.054955244064331055,0.09443163871765137,2.535010576248169,-0.3998410701751709,0.21666742861270905,-2.5554192066192627,-0.46941840648651123,0.22252485156059265,-1.0949965715408325,-0.026332013309001923,-0.295337975025177,-3.3783016204833984,-1.5555177927017212,-0.9738171100616455
445,-4.8756537437438965,5.937047481536865,-2.1272952556610107,-7.614770889282227,20.0,-4.8031511306762695,6.578506946563721,4.074850082397461,-2.4176130294799805,6.3985700607299805,0.18598484992980957,0.040667057037353516,2.0831212997436523,-0.26889169216156006,0.0971769243478775,-1.615373969078064,-0.3714768588542938,-0.42189186811447144,-0.4586130976676941,0.2143072634935379,-0.6386123895645142,-3.8944480419158936,-1.481411337852478,-2.2525947093963623
446,-5.840035915374756,-0.5111538767814636,3.7446298599243164,10.14753532409668,17.170074462890625,-3.6073145866394043,15.487427711486816,-11.32561206817627,8.055365562438965,2.4265594482421875,0.265580952167511,0.1109623908996582,-0.8860346674919128,-0.1062086746096611,0.6887213587760925,4.642693996429443,3.1919004917144775,-1.5879043340682983,0.7099685072898865,-0.5731719136238098,-0.517059326171875,-6.550550937652588,-0.013568134047091007,-2.3963983058929443
447,-30.93807029724121,-4.737316131591797,4.215150356292725,-1.6341819763183594,-0.523190975189209,0.024776458740234375,42.181182861328125,-14.640721321105957,13.988933563232422,12.535846710205078,0.46079111099243164,0.009533405303955078,-2.668231964111328,-0.5134978890419006,1.164437174797058,10.818065643310547,2.8491201400756836,-2.568265676498413,2.721224308013916,-1.5144119262695312,-0.30423659086227417,-3.1422624588012695,9.62191390991211,0.7851810455322266
448,-6.844832420349121,3.287802219390869,-4.2571258544921875,-15.650543212890625,-1.0513702630996704,0.2816758155822754,3.1907310485839844,-12.707502365112305,19.601070404052734,-46.555728912353516,-20.0,-6.630526542663574,-1.949546217918396,-0.0717487558722496,0.28923487663269043,7.105534076690674,-0.28910139203071594,-2.3850598335266113,0.9380496144294739,0.1463434100151062,0.4876995384693146,1.565711259841919,-2.789445161819458,0.16531893610954285
449,-23.0577392578125,-2.514042854309082,2.439027786254883,-11.03692626953125,-0.5146061182022095,0.2784590721130371,21.63568115234375,-21.603370666503906,22.707185745239258,-59.13526916503906,2.6819870471954346,-6.457576751708984,-2.769623279571533,0.011299212463200092,0.10146267712116241,4.788381099700928,-0.20136502385139465,-0.6020222306251526,0.9614426493644714,0.06656698882579803,0.11411730200052261,0.8253637552261353,-2.3235843181610107,0.852697491645813
450,-18.91189193725586,1.6416171789169312,0.2580050826072693,-12.069169044494629,-0.5706621408462524,0.1085318922996521,25.294330596923828,-26.872529983520508,28.73784637451172,-51.68705749511719,11.212592124938965,-2.706605911254883,-2.452141284942627,-0.02649504691362381,0.1316823959350586,0.15581801533699036,-0.16113793849945068,0.4080906808376312,1.5035309791564941,-0.02418716996908188,0.058037593960762024,-0.011911120265722275,-1.814789056777954,0.27308738231658936
451,-0.6869831085205078,-2.8558123111724854,1.4950218200683594,-0.42111873626708984,-0.18736660480499268,0.015191078186035156,3.1848974227905273,-13.003908157348633,21.053895950317383,-50.85446548461914,13.734683990478516,-1.0112520456314087,-1.6466562747955322,-0.10077054798603058,0.049238353967666626,-2.3137598037719727,-0.5851722955703735,1.4272702932357788,1.9551055431365967,0.02344779670238495,-0.05167768895626068,-0.7184454202651978,-1.524102807044983,0.03669652342796326
452,-9.512818336486816,2.844437599182129,-1.6619393825531006,3.1133813858032227,-0.14213693141937256,-0.07027888298034668,11.751686096191406,-21.99825096130371,22.807720184326172,-39.09693908691406,20.0,2.490830659866333,-1.5487509965896606,0.11997554451227188,-0.3613954186439514,-3.4245927333831787,-0.46410655975341797,1.8129287958145142,2.0890462398529053,0.2700299918651581,-0.09132638573646545,-1.1860425472259521,-1.1341378688812256,-0.12149633467197418
453,2.205709457397461,-1.3383585214614868,0.8282341957092285,5.433027267456055,-0.09309554100036621,-0.11492586135864258,-1.015310287475586,-7.211978912353516,9.377934455871582,-19.448537826538086,20.0,7.606899261474609,-1.036982774734497,-0.11739481985569,-0.6603439450263977,-4.185827732086182,-1.3315860033035278,2.3825619220733643,2.1027400493621826,0.302580863237381,-0.1647898405790329,-1.1760920286178589,-1.1425470113754272,-0.5950124859809875
454,8.428322792053223,4.567334175109863,-2.121833324432373,6.763845443725586,0.2723224461078644,-0.22071123123168945,-7.8702006340026855,-5.7161970138549805,3.4875731468200684,-8.947875022888184,20.0,6.20681095123291,-0.5310782194137573,0.4072934687137604,-0.7911720275878906,-4.657040119171143,-0.1943720579147339,1.591709017753601,1.338883876800537,0.40852218866348267,-0.3715706467628479,0.06971228122711182,-0.7273663282394409,-0.20524631440639496
455,16.506010055541992,-0.603076696395874,0.8436851501464844,9.002880096435547,0.24444705247879028,-0.13112306594848633,-6.803568363189697,-1.8548611402511597,-2.4359145164489746,-0.6265830993652344,20.0,4.43628454208374,0.5887686610221863,0.37691718339920044,-0.39633268117904663,-5.123726844787598,0.399942547082901,1.8258146047592163,-0.36611831188201904,-0.14109055697917938,-0.46697840094566345,3.8934991359710693,0.7647281289100647,1.7130687236785889
456,54.791961669921875,6.724119663238525,-10.665637016296387,-7.7422332763671875,-9.75506591796875,4.471889972686768,-45.613529205322266,11.57763385772705,-11.95156478881836,-4.835651397705078,6.7047319412231445,1.6650938987731934,1.530117392539978,-0.11853067576885223,-0.7421572804450989,1.1056748628616333,-2.496058940887451,-6.629398345947266,-3.1267030239105225,-0.2193894386291504,-0.5362004637718201,9.218231201171875,6.263234615325928,3.3707990646362305
457,54.22125244140625,22.434307098388672,-31.543806076049805,-77.92852020263672,18.431421279907227,2.6888198852539062,-49.47165298461914,15.624576568603516,-9.515691757202148,-11.947044372558594,-1.9513351917266846,-0.35359978675842285,1.1468313932418823,-0.30283093452453613,-0.09532804787158966,0.9199442267417908,-2.1905295848846436,0.049893878400325775,-5.214803218841553,1.0708025693893433,0.5192594528198242,8.766000747680664,0.494162917137146,1.4486002922058105
458,28.681968688964844,29.775798797607422,-37.06737518310547,-74.63920593261719,20.0,-0.7220268249511719,-16.93585968017578,-7.7110395431518555,2.754404067993164,-15.383857727050781,-0.8317728042602539,-0.22540193796157837,2.447761297225952,-0.35449469089508057,0.0763389840722084,-0.7067948579788208,-1.6888480186462402,0.3904189467430115,-4.046295166015625,0.7728217244148254,0.827997624874115,2.8041889667510986,-0.505618691444397,0.26133033633232117
459,1.8602676391601562,26.066783905029297,-27.992460250854492,-58.54555892944336,20.0,-2.9625720977783203,0.33879661560058594,-7.737956523895264,1.0183225870132446,-6.645216941833496,-0.382271409034729,-0.03767019510269165,3.0527307987213135,-0.1261654645204544,0.08116177469491959,-1.7781555652618408,-1.2587871551513672,0.09688910841941833,-2.665174722671509,0.27463775873184204,0.24675253033638,-2.395944118499756,-0.8505733609199524,-0.4383774697780609
460,-0.9455652236938477,13.214197158813477,-13.83856201171875,-30.540258407592773,20.0,-3.104076385498047,2.187896728515625,-1.0549293756484985,-0.7944080829620361,5.203017234802246,0.02613663673400879,-0.028655529022216797,3.1425399780273438,-0.13371646404266357,0.15615026652812958,-1.9304492473602295,-1.0650393962860107,-0.047121256589889526,-1.9580905437469482,-0.0523466058075428,-0.07582700997591019,-3.3992011547088623,-0.7048612833023071,-2.052518367767334
461,-23.13151741027832,16.505447387695312,-10.848440170288086,-18.885398864746094,20.0,-3.6497385501861572,21.23355484008789,-7.401386260986328,5.121129035949707,7.087991714477539,0.13572907447814941,0.18665766716003418,2.6522223949432373,-0.08010941743850708,0.06595242023468018,-1.26829993724823,-0.6206262707710266,-0.2321859449148178,-0.40429139137268066,-0.5689342021942139,-0.32395222783088684,-5.356396675109863,-1.0192798376083374,-1.2218077182769775
462,-28.165964126586914,0.09330463409423828,3.906489372253418,-7.0785627365112305,20.0,-4.731754302978516,28.838769912719727,-1.5410823822021484,3.349820137023926,9.489765167236328,0.4311751127243042,0.024606704711914062,-0.14590589702129364,0.16430158913135529,0.3330199122428894,3.0470893383026123,2.2237491607666016,-0.4607897400856018,1.1066741943359375,-0.8251569867134094,-0.6779948472976685,-7.744955539703369,0.8256880640983582,-2.251127004623413
463,-33.427001953125,3.5916404724121094,1.2408843040466309,-3.3486900329589844,1.4914236068725586,-0.5133786201477051,44.88459777832031,-18.38167381286621,17.496152877807617,18.116701126098633,0.4017311930656433,-0.06660842895507812,-1.8471981287002563,0.21518269181251526,0.9570001363754272,7.399996280670166,5.416337490081787,-3.2904129028320312,2.9925191402435303,-2.1672205924987793,-1.0150350332260132,-2.3183186054229736,6.93831205368042,-0.0922098159790039
464,-29.054880142211914,-1.8196146488189697,0.12164306640625,-9.123092651367188,-1.496021032333374,0.3554816246032715,29.176780700683594,-12.573152542114258,27.526399612426758,-37.21690368652344,-17.80327606201172,-6.387627124786377,-3.295036792755127,0.6917724013328552,0.1806267648935318,8.65217399597168,-0.05056469514966011,-2.070187568664551,1.0505130290985107,0.32771068811416626,-0.1066192090511322,1.7958260774612427,-2.875023603439331,-0.2924778461456299
465,-4.8311262130737305,-7.7733235359191895,3.8795511722564697,-9.943981170654297,-0.3680998384952545,0.20958936214447021,7.5239081382751465,-21.20269203186035,33.74837875366211,-72.2205810546875,2.958810806274414,-4.644538879394531,-2.7320172786712646,-0.07955245673656464,0.24237942695617676,4.8739190101623535,-0.16355156898498535,-0.892731785774231,1.3473055362701416,0.06985530257225037,0.09349697828292847,0.9916306734085083,-2.549499273300171,0.2256118357181549
466,-11.890054702758789,-3.305756092071533,2.682122230529785,-7.8658246994018555,-0.35000166296958923,0.06539058685302734,16.93445587158203,-24.336111068725586,33.84749984741211,-63.35539627075195,9.580924987792969,-2.254610061645508,-2.4756886959075928,-0.47520291805267334,0.41317498683929443,1.3060390949249268,0.18380829691886902,-0.6151954531669617,1.743913173675537,-0.07619918882846832,0.1794559508562088,0.18954165279865265,-2.1128039360046387,0.1664658486843109
467,-6.886329650878906,0.3327372074127197,-0.3468620479106903,-2.584827423095703,-0.3599131107330322,0.13577592372894287,11.826379776000977,-17.94301414489746,27.106698989868164,-58.17964553833008,14.38231086730957,0.5969183444976807,-1.9140759706497192,-0.3406740128993988,0.08959804475307465,-1.3881988525390625,-0.6494660973548889,0.7116613388061523,2.2942848205566406,0.0937114804983139,0.016666464507579803,-0.7489524483680725,-1.630815863609314,-0.05927842855453491
468,-7.496871471405029,5.718226432800293,-3.139418363571167,-0.6736011505126953,-0.23211121559143066,0.03964877128601074,11.993736267089844,-18.798355102539062,18.47673797607422,-31.8692626953125,20.0,2.6377601623535156,-1.5154926776885986,0.10108758509159088,-0.3357488811016083,-3.6168599128723145,-0.8032640218734741,1.8502991199493408,2.4849584102630615,0.3532281517982483,-0.06827554106712341,-1.1904116868972778,-1.29876708984375,-0.11650463938713074
469,2.1185853481292725,5.506314754486084,-3.59389591217041,6.203784942626953,0.1089397743344307,-0.11451888084411621,2.5281543731689453,-19.772125244140625,17.240882873535156,-24.385120391845703,20.0,6.964949131011963,-0.6975327730178833,0.15923435986042023,-0.8746170997619629,-4.459895610809326,-0.043699078261852264,1.7190309762954712,2.763862133026123,0.4085788428783417,-0.12236849218606949,-1.3604813814163208,-1.237716555595398,-0.5559713840484619
470,11.726215362548828,-0.7136620283126831,1.051232099533081,9.229516983032227,-0.0765845775604248,-0.09908151626586914,-10.950063705444336,-8.912287712097168,6.436532974243164,-18.12787628173828,20.0,6.047451972961426,0.3294997215270996,0.17443454265594482,-0.5509831309318542,-4.863348007202148,-1.9366666078567505,2.7350029945373535,2.5972342491149902,0.24900348484516144,0.03636566177010536,-0.8120915293693542,-1.5904408693313599,1.180391550064087
471,23.04324722290039,8.488821983337402,-5.975881576538086,7.7888946533203125,0.553469717502594,-0.19813299179077148,-24.055496215820312,1.412740707397461,-4.817297458648682,-2.9779090881347656,20.0,4.869925498962402,1.2592809200286865,0.8077499866485596,-0.9962261915206909,-6.570100784301758,0.3846128582954407,2.1056132316589355,-0.3834221661090851,-0.06367116421461105,-0.4844038188457489,3.5192160606384277,1.2342029809951782,2.341096878051758
472,44.081241607666016,13.03514289855957,-18.21314811706543,-34.90789794921875,-17.35829734802246,11.437753677368164,-39.523948669433594,5.0024333000183105,-5.679973125457764,-1.652252197265625,0.2990694046020508,-0.025732994079589844,1.8836009502410889,0.028477832674980164,-0.39202046394348145,0.35072556138038635,-2.4359688758850098,-6.593738555908203,-2.9106335639953613,-0.4187268316745758,-0.020016973838210106,9.54214859008789,5.441077709197998,3.958325147628784
473,42.11194610595703,21.59589385986328,-30.763456344604492,-73.49860382080078,14.616130828857422,3.3069260120391846,-37.33097839355469,10.683485984802246,-6.045865058898926,-12.221416473388672,-1.7788219451904297,-0.49143171310424805,1.6596020460128784,-0.2498379647731781,0.1584499180316925,0.3808288276195526,-2.0797417163848877,0.297356516122818,-3.8616530895233154,0.748847484588623,1.0861657857894897,7.975505352020264,-0.3753931224346161,0.9151418209075928
474,20.10416603088379,19.772254943847656,-31.134504318237305,-74.6792984008789,19.971403121948242,-0.23019835352897644,-19.571903228759766,-0.9021298885345459,-3.025662660598755,-15.291535377502441,-0.706497073173523,-0.07090717554092407,2.3254356384277344,-0.14378277957439423,0.3383984863758087,-1.1421440839767456,-1.4447757005691528,0.1579829752445221,-3.408996105194092,0.6428673267364502,0.7212477326393127,2.2524542808532715,-0.6529586315155029,0.4482828974723816
475,5.531244277954102,17.355562210083008,-22.958351135253906,-43.89657974243164,20.0,-0.39795055985450745,-2.772894859313965,-7.358643531799316,2.9812490940093994,-5.393918991088867,-0.33678627014160156,-0.13231289386749268,2.7534186840057373,-0.46543222665786743,0.3432592749595642,-1.9204188585281372,-1.0667451620101929,0.09063026309013367,-2.4555580615997314,-0.10147079825401306,0.7923431396484375,-1.2244094610214233,-1.5934052467346191,-0.8292697668075562
476,-5.458718299865723,1.4238418340682983,-10.278326034545898,-30.36768341064453,20.0,-2.0816705226898193,0.27236080169677734,10.06290340423584,-9.190402030944824,0.7247867584228516,0.04100453853607178,0.13635945320129395,2.3772315979003906,-0.2193640172481537,0.22101792693138123,-1.8993797302246094,-0.8641089200973511,0.002218484878540039,-2.043633222579956,0.07358596473932266,-0.5977299809455872,-3.7453718185424805,-0.681547999382019,-1.7679232358932495
477,0.33826255798339844,8.216207504272461,-5.036377906799316,0.27458667755126953,20.0,-3.963127374649048,13.333910942077637,-7.454837799072266,4.5008015632629395,2.9381866455078125,-0.005217313766479492,0.10725927352905273,1.9745543003082275,-0.19219787418842316,0.10683642327785492,-0.1858595609664917,-0.1800900101661682,-1.0061745643615723,0.09322962909936905,-0.5579038858413696,-0.9642410278320312,-6.598790168762207,-0.8868537545204163,-2.1116130352020264
478,-17.398666381835938,-3.2026009559631348,3.6116583347320557,2.676067352294922,17.082801818847656,-3.694446563720703,24.124481201171875,-3.9502930641174316,5.078972816467285,10.072978973388672,0.31938958168029785,0.05845499038696289,-0.7535794377326965,0.058639682829380035,0.4713551998138428,4.880144119262695,3.0475587844848633,-1.5342857837677002,1.5503673553466797,-0.6249911785125732,-0.94983971118927,-8.5079927444458,0.47230708599090576,-3.4040796756744385
479,-35.5281982421875,4.7891130447387695,-0.583182692527771,-5.3184661865234375,-0.5872397422790527,0.04752826690673828,41.81765365600586,-13.218832969665527,20.515443801879883,-13.573768615722656,-16.985994338989258,-9.908918380737305,-2.7103073596954346,0.31478574872016907,0.21562473475933075,9.641680717468262,2.9425132274627686,-3.02144718170166,1.802324652671814,-0.9810329079627991,-0.5967040061950684,-0.6687005758285522,7.290013790130615,0.9411440491676331
480,-9.201982498168945,-3.405937433242798,1.6513631343841553,-12.342300415039062,-1.0163148641586304,0.3215060234069824,7.246341705322266,-16.103649139404297,25.299781799316406,-52.23168182373047,-19.14712905883789,-10.296836853027344,-2.4628541469573975,0.2240585833787918,-0.027599215507507324,6.8987555503845215,-0.32387763261795044,-1.5266872644424438,1.1026220321655273,0.6681893467903137,0.5794568657875061,1.8025168180465698,-3.0394222736358643,0.49407386779785156
481,-20.961044311523438,-3.1025314331054688,3.9324095249176025,-11.733949661254883,-0.5292893648147583,0.15045225620269775,23.28398323059082,-28.968551635742188,31.57089614868164,-62.17007827758789,8.717336654663086,-4.915378093719482,-2.773508310317993,0.07380031049251556,0.5929741859436035,3.165806293487549,-0.07927519828081131,-0.1718209981918335,1.282090425491333,-0.009119365364313126,0.2065429538488388,1.0160582065582275,-2.5090746879577637,0.3865199089050293
482,6.718819618225098,-2.5537807941436768,-0.7995872497558594,-4.068841934204102,-0.14238223433494568,0.07327446341514587,-6.924770355224609,-19.702171325683594,25.932064056396484,-71.28468322753906,5.0335564613342285,-1.3674447536468506,-1.4528573751449585,-0.2526661455631256,0.0030736075714230537,-0.603515625,-0.18854203820228577,0.23933134973049164,1.872949481010437,0.06992942094802856,0.1622094213962555,-0.01064077764749527,-2.0754849910736084,0.08549818396568298
483,-6.042844772338867,-5.877011775970459,4.994877815246582,5.731517791748047,0.008223935961723328,-0.04870164394378662,7.800285339355469,-22.635913848876953,25.495670318603516,-66.81861877441406,14.709781646728516,2.0863428115844727,-1.2900713682174683,-0.302045077085495,0.3844355344772339,-0.7923604249954224,-0.016705648973584175,0.8346258401870728,2.2365503311157227,0.13021817803382874,0.06959156692028046,-0.741036593914032,-1.5631498098373413,0.02178993821144104
484,-6.8657450675964355,0.1922682523727417,-0.8195618987083435,1.668421745300293,-0.32454371452331543,-0.0008332729339599609,5.303122520446777,-19.251068115234375,22.978891372680664,-49.92344665527344,20.0,4.514064788818359,-1.1002393960952759,-0.26431605219841003,-0.1308138370513916,-2.161759376525879,-1.607558012008667,1.6610075235366821,2.4070663452148438,0.33402979373931885,-0.03996765613555908,-1.4704111814498901,-1.118408441543579,-0.15084275603294373
485,8.366985321044922,-0.4394427537918091,0.8517006039619446,6.877826690673828,0.31593191623687744,-0.1893479824066162,-13.312324523925781,-15.824349403381348,14.400688171386719,-40.80351257324219,19.808626174926758,6.034157752990723,-0.5164743065834045,-0.22911715507507324,-0.0686325803399086,-2.722710609436035,-0.8579522371292114,1.0034689903259277,2.39072847366333,0.32248231768608093,-0.11339953541755676,-1.7645599842071533,-0.9729358553886414,-0.18620812892913818
486,1.6745160818099976,5.733949661254883,-3.7479467391967773,1.804311752319336,-0.03738737106323242,-0.01814579963684082,-3.782663345336914,-16.018259048461914,8.160823822021484,-10.56991195678711,20.0,5.336408615112305,0.02431950718164444,-0.13196447491645813,-0.4421488642692566,-4.5605926513671875,-0.954901933670044,1.4092695713043213,1.9670127630233765,0.34158918261528015,-0.04051046445965767,-1.2382701635360718,-0.9378747940063477,0.20525050163269043
487,7.116873741149902,2.3819525241851807,-0.7324707508087158,8.511518478393555,0.2611132860183716,-0.10437202453613281,-6.523148536682129,-5.637576103210449,-3.232145071029663,-6.192268371582031,20.0,5.067194938659668,0.07060129195451736,0.34335458278656006,-0.4970334768295288,-3.864001512527466,-0.2354576587677002,1.5261834859848022,0.6806098222732544,0.2615099847316742,-0.47362998127937317,0.8742567300796509,-0.225037083029747,1.1887089014053345
488,35.39888000488281,10.185604095458984,-7.325384140014648,7.083427429199219,0.327336847782135,-0.02470684051513672,-22.867231369018555,4.413372993469238,-8.477397918701172,2.066619873046875,15.454120635986328,3.815082550048828,2.53523850440979,0.9978188276290894,-0.731601893901825,-6.824962139129639,-0.06639859080314636,2.1745433807373047,-1.694933533668518,-0.07703348994255066,-1.0129021406173706,6.14231014251709,3.4067201614379883,2.2724084854125977
489,60.647830963134766,18.71034049987793,-19.718761444091797,-45.84150314331055,2.774142265319824,11.309616088867188,-42.62824630737305,-3.6299381256103516,3.699193000793457,-9.96872329711914,-0.927375316619873,-0.2377300262451172,0.9534118175506592,-0.23718160390853882,-0.02044360339641571,1.1971708536148071,-2.652791738510132,0.36682215332984924,-3.725423574447632,-0.5104617476463318,0.8871514797210693,9.006879806518555,2.143028974533081,3.0350663661956787
490,27.998641967773438,24.192113876342773,-37.8867073059082,-87.16322326660156,17.830467224121094,0.6229597330093384,-23.457210540771484,8.636106491088867,-7.328364372253418,-10.325008392333984,-0.9709455966949463,-0.2988429069519043,1.6653584241867065,-0.14664414525032043,-0.10413941740989685,0.01710335537791252,-1.8892152309417725,0.19664953649044037,-3.6871306896209717,0.29788026213645935,0.9852939248085022,5.662113189697266,0.20821483433246613,1.2351726293563843
491,18.38916778564453,16.796274185180664,-29.00099754333496,-57.01066970825195,20.0,-0.2862872779369354,-13.310474395751953,-4.282749176025391,0.6735777854919434,-10.715714454650879,-0.5377717018127441,-0.18258623778820038,2.3935775756835938,-0.20962709188461304,0.11822498589754105,-1.105470061302185,-1.421059489250183,0.08039349317550659,-3.00193452835083,0.014265700243413448,1.3153268098831177,1.3286882638931274,0.027787944301962852,0.07856568694114685
492,22.875885009765625,6.505580902099609,-12.528345108032227,-38.7906494140625,20.0,-2.3122398853302,-20.486980438232422,12.262460708618164,-12.041580200195312,-3.562269926071167,-0.5602989196777344,0.08623743057250977,2.475876569747925,-0.2192613184452057,0.025567777454853058,-1.417728066444397,-1.056726336479187,-0.1701340526342392,-3.255398988723755,0.1739913672208786,0.09258460998535156,-0.511889636516571,-1.4268337488174438,-0.7228893637657166
493,-13.389093399047852,11.323332786560059,-8.326057434082031,-19.67136001586914,20.0,-3.961887836456299,12.196125030517578,-5.246429443359375,2.0901365280151367,-1.467935562133789,0.04010140895843506,0.030947208404541016,2.4228222370147705,-0.19514064490795135,0.034631308168172836,-1.5860357284545898,-1.126230001449585,-0.05618348717689514,-1.9911689758300781,-0.27658408880233765,-0.2605626881122589,-4.243468284606934,-0.7620225548744202,-1.3146804571151733
494,-12.119379997253418,-1.9001277685165405,1.661768913269043,-11.546093940734863,20.0,-3.96285343170166,14.764619827270508,7.50149393081665,-4.092731952667236,7.556095123291016,0.15310406684875488,0.1275937557220459,1.901402473449707,-0.08012129366397858,0.06700646877288818,-0.5137243270874023,-0.6851603984832764,-0.29553061723709106,-0.729564905166626,-0.12024876475334167,-0.790106475353241,-5.549802303314209,-0.586567759513855,-1.889456033706665
495,-27.869211196899414,3.6210412979125977,0.4716123342514038,-7.597890853881836,20.0,-4.668251037597656,32.36301803588867,-8.535523414611816,8.514742851257324,11.173324584960938,0.34470677375793457,0.033472537994384766,-0.8598959445953369,-0.07608863711357117,0.20301084220409393,3.8449437618255615,2.1143922805786133,-0.7329166531562805,0.9000896215438843,-0.7545514106750488,-0.6059024333953857,-7.211184978485107,-0.002784615382552147,-2.712146282196045
496,-39.731239318847656,0.8762302398681641,2.723339557647705,-3.3103103637695312,-0.1589193344116211,-0.12139463424682617,53.561798095703125,-21.16788101196289,23.5834903717041,2.0250892639160156,-4.185525894165039,-3.937225818634033,-2.563582181930542,0.4021357595920563,1.2339199781417847,8.899831771850586,5.078162670135498,-2.8560662269592285,2.1302382946014404,-1.572758436203003,-0.84794682264328,-1.9600855112075806,11.336652755737305,0.7790504693984985
497,-11.855956077575684,-8.680829048156738,2.037158489227295,-9.830974578857422,-1.388459324836731,0.28873157501220703,19.417325973510742,-8.495870590209961,20.38519287109375,-59.19776153564453,-0.9759988784790039,-7.0520734786987305,-2.5960967540740967,0.21257257461547852,0.25381141901016235,7.7232666015625,-0.5178488492965698,-2.04099440574646,1.208341121673584,0.16510319709777832,-0.07638639956712723,1.7861382961273193,-3.012770414352417,0.5453681349754333
498,-12.985424041748047,-4.296820163726807,3.254105567932129,-9.15329360961914,-0.33187490701675415,0.17040157318115234,16.134183883666992,-29.390789031982422,38.96725082397461,-73.88391876220703,2.8131914138793945,-4.820353984832764,-2.510606050491333,-0.2360963672399521,0.5940033197402954,4.529294013977051,-0.01570005528628826,-1.3676633834838867,1.5084493160247803,-0.044989749789237976,0.030493497848510742,0.8668414950370789,-2.4558775424957275,0.19652482867240906
499,-4.184728622436523,-0.17583131790161133,-1.340073585510254,-7.49530553817749,-0.32378119230270386,0.21076422929763794,3.297027587890625,-22.86192512512207,31.24392318725586,-70.1968994140625,6.256995677947998,-1.5253993272781372,-1.984086036682129,-0.5078884363174438,0.040168002247810364,0.6032435894012451,-0.026549292728304863,-0.2765570282936096,1.85824716091156,0.00751832127571106,-0.008907780051231384,-0.15525491535663605,-1.921607494354248,-0.027416974306106567
500,-4.673684120178223,-0.45376038551330566,0.9744961857795715,0.21549701690673828,-0.2935309410095215,0.10545778274536133,9.512053489685059,-20.890230178833008,27.356704711914062,-64.47239685058594,11.216062545776367,1.5851837396621704,-1.2110326290130615,-0.3147760331630707,-0.004360757768154144,-1.4709498882293701,-1.3536951541900635,1.4130585193634033,2.5263826847076416,0.18634113669395447,-0.12438149005174637,-1.1109610795974731,-1.4407627582550049,-0.11712819337844849
501,-10.481914520263672,0.8189127445220947,0.06877762079238892,3.4774742126464844,0.017847657203674316,-0.11273884773254395,6.358115196228027,-22.543697357177734,25.54236602783203,-48.94720458984375,17.733957290649414,2.328009605407715,-1.6680021286010742,-0.07141602784395218,-0.09728765487670898,-2.0625436305999756,-0.6396318078041077,1.4518204927444458,2.2508137226104736,0.38465818762779236,-0.09861139953136444,-1.5309526920318604,-1.0034639835357666,0.11627763509750366
502,-5.743089199066162,-2.7633304595947266,2.2167773246765137,5.042209625244141,-0.009241938591003418,-0.12791800498962402,8.546244621276855,-18.091529846191406,25.186542510986328,-34.87101745605469,20.0,4.330776214599609,-1.3285024166107178,-0.43176016211509705,0.07682815194129944,-2.625865936279297,-0.42407578229904175,1.6621297597885132,2.3841960430145264,0.2771170735359192,0.10545403510332108,-1.7063982486724854,-0.8268934488296509,-0.2697625756263733
503,12.43144702911377,3.3370869159698486,-2.435391426086426,4.77686882019043,-0.019925355911254883,-0.11404061317443848,-12.574970245361328,-9.16177749633789,8.249943733215332,-24.974777221679688,20.0,7.98063850402832,-0.12720052897930145,-0.20785808563232422,-0.42587125301361084,-4.243061542510986,-1.547981858253479,1.610369324684143,2.6292026042938232,0.42933306097984314,-0.08713583648204803,-2.062269687652588,-0.7478988170623779,-0.58122318983078
504,12.793718338012695,11.822502136230469,-7.198368072509766,4.589162826538086,0.26009654998779297,-0.06934833526611328,-7.4863457679748535,-10.723044395446777,0.19970306754112244,1.474759817123413,20.0,4.510349273681641,1.03740656375885,0.49084216356277466,-0.7132834792137146,-6.15875244140625,-0.6242861747741699,1.602852463722229,0.8068742752075195,0.19967016577720642,-0.1974867433309555,1.336620569229126,0.5053465366363525,2.2653732299804688
505,36.914283752441406,8.394145965576172,-5.92938756942749,13.053035736083984,0.583899974822998,-0.037624359130859375,-30.587177276611328,4.959132194519043,-7.093170166015625,0.3086509704589844,8.437521934509277,1.8120064735412598,2.7493231296539307,0.8642703294754028,-0.8908402323722839,-7.223988056182861,0.9384589791297913,2.3213257789611816,-1.9823781251907349,-0.1679394692182541,-0.9107635617256165,7.011628150939941,4.499930381774902,3.0158610343933105
506,44.780853271484375,6.439219951629639,-18.155792236328125,-18.229331970214844,-13.528387069702148,10.212926864624023,-42.69539260864258,1.46553635597229,-1.2257561683654785,-12.087520599365234,-1.2331271171569824,-0.32748889923095703,1.2642120122909546,-0.3546198904514313,0.2247796654701233,2.2147939205169678,-2.160677909851074,2.260594606399536,-3.9785008430480957,0.1323348730802536,0.7306389808654785,9.146634101867676,1.6369688510894775,2.2781002521514893
507,27.15776824951172,20.178205490112305,-29.381933212280273,-73.89676666259766,15.637580871582031,0.509869396686554,-24.640403747558594,5.398611068725586,-5.788335800170898,-14.398123741149902,-1.0862047672271729,-0.2265077829360962,1.5714701414108276,-0.18250665068626404,0.01218365877866745,0.28839823603630066,-1.987687349319458,0.20632115006446838,-3.9132630825042725,0.4437304437160492,0.6110280156135559,4.634750843048096,-0.5946581363677979,0.8001132607460022
508,4.550519943237305,26.163516998291016,-27.965534210205078,-62.01070022583008,20.0,-2.1019480228424072,-2.4081993103027344,-3.4471192359924316,0.21663737297058105,-7.003712177276611,-0.3615140914916992,-0.10428429394960403,2.16109561920166,-0.13677695393562317,-0.03656057268381119,-0.8289650678634644,-1.5495727062225342,0.022827602922916412,-2.8691089153289795,0.2759421467781067,0.41431424021720886,0.24838557839393616,-1.091139554977417,0.006839673966169357
509,-1.7905988693237305,10.237390518188477,-15.854448318481445,-44.20866394042969,20.0,-2.265573024749756,2.661355972290039,3.442425489425659,-2.7961244583129883,1.212954044342041,-0.013538360595703125,-0.03458595275878906,2.3892288208007812,-0.22305303812026978,0.02130511775612831,-1.3381754159927368,-1.1925023794174194,-0.0629306510090828,-2.0256025791168213,0.12441693246364594,0.22552509605884552,-1.715354323387146,-1.2713907957077026,-1.1575732231140137
510,-8.367650985717773,8.151437759399414,-8.653425216674805,-24.65233612060547,20.0,-6.067411422729492,9.512495994567871,-0.48144644498825073,-0.5360859036445618,1.9882354736328125,0.0928800106048584,0.07967400550842285,2.553750991821289,-0.2846776247024536,-0.019578319042921066,-1.515639305114746,-1.1251550912857056,0.13080789148807526,-0.6306152939796448,-0.21064548194408417,-0.20988205075263977,-4.374814510345459,-0.8815072178840637,-1.8515645265579224
511,-20.433311462402344,4.734357833862305,1.5163840055465698,-7.619709014892578,20.0,-4.9854021072387695,22.309980392456055,-6.340366363525391,5.175546646118164,5.008548736572266,0.17121455073356628,0.08767461776733398,0.7053719162940979,-0.1630450338125229,0.2790401875972748,1.3401026725769043,0.6949626803398132,-0.7276298403739929,1.0319870710372925,-0.797873854637146,-0.3298680782318115,-7.676358699798584,-0.14036057889461517,-2.3833186626434326
512,-28.817333221435547,1.9599661827087402,2.0279641151428223,3.132610321044922,3.151857376098633,-0.7120394706726074,37.69953155517578,-18.272708892822266,15.416529655456543,13.701889038085938,0.2992936372756958,-0.006945610046386719,-2.0653696060180664,0.41706374287605286,1.3896522521972656,8.963674545288086,5.839374542236328,-3.5937695503234863,2.9917166233062744,-1.3336702585220337,0.47855034470558167,-9.175045013427734,-0.22323985397815704,-3.1181304454803467
513,-35.54530334472656,5.429947853088379,-4.5523762702941895,-17.673343658447266,-1.6639554500579834,0.41291093826293945,40.103843688964844,-10.434220314025879,20.867164611816406,-21.312458038330078,-15.967476844787598,-7.040871620178223,-2.7157585620880127,1.3791688680648804,0.21853666007518768,7.720677375793457,1.3689154386520386,-2.5909621715545654,0.957893431186676,0.80843585729599,0.12037945538759232,1.7803070545196533,-2.744034767150879,-0.2396378517150879
514,-5.985175132751465,-6.946619987487793,3.036790132522583,-7.838224411010742,-0.7112053632736206,0.3231196999549866,4.1609368324279785,-26.110441207885742,35.76131820678711,-71.18827819824219,2.223564624786377,-6.001213073730469,-2.5247745513916016,0.08004748076200485,-0.16451361775398254,4.726396560668945,-1.0316263437271118,-0.416561484336853,1.0207799673080444,-0.0650007426738739,0.0557752400636673,1.2345772981643677,-2.559871196746826,0.3054499626159668
515,-9.591928482055664,-6.324634552001953,4.1560468673706055,-5.501016616821289,-0.26878905296325684,0.021671786904335022,15.117377281188965,-20.42321014404297,33.62091827392578,-71.900390625,7.930371284484863,-3.4382379055023193,-1.8176050186157227,-0.24700228869915009,-0.04273265227675438,1.7682936191558838,-1.5476367473602295,-0.07645124197006226,1.7200186252593994,-0.010385990142822266,0.11925028264522552,0.21817810833454132,-2.0215845108032227,0.19173920154571533
516,-4.171403884887695,-4.515129089355469,2.2718520164489746,-2.2551536560058594,-0.06043243408203125,0.030190706253051758,0.22631549835205078,-12.182052612304688,23.003671646118164,-61.949851989746094,12.750531196594238,-1.0706791877746582,-1.5484498739242554,-0.41311419010162354,-0.32361260056495667,-0.6590908765792847,-1.4723845720291138,0.43892908096313477,1.8770755529403687,0.18816803395748138,0.05883266031742096,-0.6346622109413147,-1.5340383052825928,-0.0038416534662246704
517,-5.90886926651001,-1.0779117345809937,1.9758071899414062,-0.4577646255493164,-0.09165167808532715,0.01718449592590332,9.485036849975586,-13.506223678588867,17.49029541015625,-39.62069320678711,20.0,3.009873867034912,-0.9560158848762512,-0.21406838297843933,-0.15701426565647125,-2.918874740600586,-1.5575381517410278,1.831154704093933,2.167710304260254,0.3456948399543762,0.0369853675365448,-1.126585841178894,-1.1650729179382324,-0.03197243809700012
518,1.1669573783874512,-2.175382614135742,2.199289321899414,6.941646575927734,0.20551514625549316,-0.2204909324645996,-1.257878303527832,-16.215576171875,14.66355037689209,-36.73667907714844,20.0,4.801826477050781,-0.5125554800033569,-0.2526130974292755,-0.08735870569944382,-3.2921929359436035,-0.9318905472755432,1.0428283214569092,2.317538022994995,0.3614443242549896,-0.022343158721923828,-1.4206362962722778,-1.049134373664856,-0.17649579048156738
519,-6.291506767272949,3.540194511413574,-1.0485752820968628,4.999471664428711,0.01763784885406494,-0.06966352462768555,4.471236228942871,-18.746376037597656,10.89197826385498,-14.378960609436035,20.0,6.90372371673584,-0.8090908527374268,-0.08393123745918274,-0.11777446419000626,-3.199087381362915,-0.5585483908653259,1.2213162183761597,1.9434294700622559,0.3787117600440979,-0.07510247081518173,-1.0937086343765259,-1.0556784868240356,-0.4930318593978882
520,1.2319951057434082,4.6472601890563965,-3.0441744327545166,5.509822845458984,0.10129004716873169,-0.07101893424987793,3.2071304321289062,-16.432525634765625,10.306846618652344,-11.586645126342773,20.0,5.357442855834961,-0.2725127041339874,-0.0427287220954895,-0.4755520522594452,-3.4289209842681885,-0.03824971243739128,1.073223352432251,1.8099087476730347,0.2709634304046631,0.03889746963977814,-0.4045100212097168,-1.479773998260498,1.2575160264968872
521,18.39154052734375,4.062669277191162,-2.6166749000549316,5.950990676879883,0.19470787048339844,0.044560909271240234,-15.579533576965332,3.843416213989258,-5.6553754806518555,-3.6962156295776367,20.0,4.84981632232666,0.5896729230880737,0.27109888195991516,-0.8989178538322449,-4.768548011779785,0.5906092524528503,2.937448263168335,-0.2236003875732422,0.024785317480564117,-0.5681555271148682,2.9537057876586914,0.46651044487953186,1.7547426223754883
522,55.271583557128906,14.971053123474121,-18.92506980895996,-31.965816497802734,-16.853504180908203,10.493284225463867,-44.59565734863281,3.549912452697754,-6.853681564331055,-3.6087379455566406,4.562934875488281,1.0993232727050781,1.2926905155181885,0.4509710669517517,0.30390921235084534,0.46892035007476807,3.2586727142333984,0.9679039716720581,-2.8134357929229736,-0.40572407841682434,-0.7306803464889526,8.091628074645996,5.180294513702393,3.1642065048217773
523,47.9810676574707,21.518985748291016,-28.30388641357422,-79.64815521240234,10.348705291748047,2.740570068359375,-41.600616455078125,14.275337219238281,-8.302203178405762,-7.470111846923828,-1.5944819450378418,-0.3306758403778076,1.2058433294296265,-0.2796633839607239,0.07575463503599167,0.7645838856697083,-2.071749687194824,0.2785876989364624,-4.693196773529053,0.43443211913108826,0.4623875319957733,9.32267951965332,-0.0553516186773777,1.3646751642227173
524,15.18437671661377,26.00809669494629,-34.39654541015625,-85.79927825927734,14.00514030456543,0.6168601512908936,-13.89071273803711,0.5127162933349609,-1.6004464626312256,-12.628265380859375,-0.5137082934379578,-0.10528302192687988,1.9869413375854492,-0.09893125295639038,0.29758399724960327,-0.7230774164199829,-1.5958770513534546,0.33544009923934937,-4.233861923217773,0.8182331323623657,0.8079982995986938,4.548040390014648,0.33118584752082825,1.582366943359375
525,14.593666076660156,18.37015151977539,-25.263269424438477,-57.796485900878906,20.0,-1.7508015632629395,-8.583999633789062,-2.218431234359741,-0.8034408092498779,-9.185168266296387,-0.5688434839248657,-0.2385210394859314,2.7461843490600586,-0.3511340618133545,0.205824077129364,-1.7944014072418213,-1.0769604444503784,0.20513322949409485,-3.0822153091430664,0.37070783972740173,0.5261578559875488,0.03670859709382057,-0.8133888840675354,-0.5239803194999695
526,-16.371543884277344,19.945354461669922,-21.420269012451172,-43.38911437988281,20.0,-4.058880805969238,14.008567810058594,-6.305988788604736,1.0993313789367676,-1.9250202178955078,-0.08977615833282471,0.05711400508880615,3.044168710708618,-0.03273379057645798,0.1031191423535347,-2.433138847351074,-0.8498117327690125,0.05653609335422516,-1.190222978591919,-0.1020139530301094,-0.4124235212802887,-4.758208274841309,-0.8667250275611877,-0.837379515171051
527,-16.397319793701172,6.748687267303467,-8.009300231933594,-14.338107109069824,20.0,-4.406966209411621,12.727398872375488,0.4624483585357666,0.7018709182739258,9.231891632080078,0.19941198825836182,0.025603055953979492,2.197383165359497,-0.06204358488321304,-0.024169836193323135,-1.4501960277557373,-0.3812865614891052,-0.14636509120464325,-0.44991743564605713,-0.407575398683548,-0.8336615562438965,-5.160233497619629,-0.6813924312591553,-1.766244649887085
528,-18.347627639770508,2.6963746547698975,-0.12094831466674805,-4.173327445983887,20.0,-4.908740997314453,25.802221298217773,-7.797338485717773,8.121688842773438,8.205440521240234,0.25742584466934204,0.04058027267456055,0.44439029693603516,-0.09871771186590195,0.35237377882003784,1.979972004890442,1.5865861177444458,-0.9630295634269714,1.4012826681137085,-0.9932213425636292,-0.4435994029045105,-7.139735698699951,-0.39102885127067566,-2.257490873336792
529,-27.09434700012207,-0.8060733079910278,2.971574306488037,-1.8950977325439453,6.051590919494629,-1.3646011352539062,31.749408721923828,-3.0391292572021484,6.484724998474121,15.727497100830078,0.5280940532684326,0.03150177001953125,-1.9984185695648193,0.408335417509079,0.916761040687561,6.657473564147949,4.635128974914551,-2.681800127029419,2.5797829627990723,-0.8938973546028137,-0.1654110699892044,-6.816786289215088,0.8071481585502625,-3.6700267791748047
530,-22.190719604492188,4.484313011169434,-3.339174509048462,-8.490764617919922,-1.106017827987671,0.2646794319152832,29.62252426147461,-16.056053161621094,26.894638061523438,-26.296951293945312,-16.9788818359375,-9.025402069091797,-2.7023766040802,0.6477864980697632,0.6047180891036987,7.748280048370361,0.9925128221511841,-2.4463162422180176,1.7529840469360352,-0.6821710467338562,-0.3169045150279999,-0.8240982890129089,6.762569427490234,1.2617251873016357
531,-13.753409385681152,-4.180788040161133,0.9031461477279663,-9.481613159179688,-0.6960935592651367,0.29177212715148926,16.74156379699707,-21.551958084106445,27.44754981994629,-59.653804779052734,0.10930061340332031,-7.98500919342041,-2.895326852798462,0.16150912642478943,-0.18426664173603058,5.722686290740967,-0.9663168787956238,-1.129343032836914,0.9522297978401184,0.043008897453546524,0.1763237714767456,1.5454989671707153,-2.743001937866211,0.7345367670059204
532,-10.276350021362305,2.091876268386841,-0.17330770194530487,-10.057535171508789,-0.22466810047626495,0.12860524654388428,17.70954132080078,-26.611984252929688,28.86284065246582,-49.02219009399414,6.359621047973633,-4.051084995269775,-2.157015323638916,0.2825499176979065,-0.019811972975730896,1.9357631206512451,-0.0006303614936769009,-0.4728371798992157,1.5033677816390991,-0.019223883748054504,0.19224756956100464,0.9776641130447388,-2.4568917751312256,0.3722219467163086
533,1.7018027305603027,-6.073268890380859,3.0333521366119385,-0.15893307328224182,-0.2316877841949463,0.09812605381011963,-5.093047142028809,-14.566900253295898,25.702184677124023,-71.86376190185547,11.937217712402344,-2.3590757846832275,-1.5031596422195435,-0.06792649626731873,-0.23456910252571106,-0.3140868544578552,-1.3539435863494873,0.8900535702705383,1.9454898834228516,-0.04813135415315628,-0.009532973170280457,-0.0733531266450882,-2.001206159591675,0.12684470415115356
534,-4.009365558624268,2.163418769836426,-1.975400447845459,-1.5753803253173828,-0.11730098724365234,-0.025989770889282227,1.3821096420288086,-15.425046920776367,22.620527267456055,-53.07129669189453,17.409191131591797,0.13932234048843384,-0.8772482872009277,0.4117845594882965,-0.7613690495491028,-3.127131462097168,-1.414249300956726,1.0921450853347778,2.1418604850769043,0.4203956723213196,-0.09578797221183777,-0.8671767115592957,-1.3787740468978882,0.09010272473096848
535,-2.0909907817840576,-0.42436063289642334,1.601996660232544,3.538848876953125,0.06685018539428711,-0.07746434211730957,-1.2871532440185547,-13.387918472290039,12.080162048339844,-25.240890502929688,20.0,5.871320724487305,-0.6325668096542358,0.3134271204471588,-0.5186024904251099,-4.638476371765137,-0.5809423923492432,1.6968640089035034,1.9757211208343506,0.3299151659011841,-0.11760982871055603,-0.9183965921401978,-1.2949377298355103,-0.33635106682777405
536,19.88904571533203,-2.6976122856140137,0.6995894908905029,8.654834747314453,0.08388972282409668,-0.10210371017456055,-20.095359802246094,4.5100417137146,-2.9578697681427,-15.294939994812012,20.0,6.544095516204834,0.6587466597557068,0.22099263966083527,-0.8469390869140625,-5.70975923538208,-1.906409740447998,2.264256477355957,1.3153342008590698,0.2587052285671234,-0.46317845582962036,0.351835697889328,-0.4774628281593323,-0.8698611259460449
537,30.728416442871094,8.432088851928711,-5.88586950302124,8.093944549560547,0.5713068842887878,-0.13364553451538086,-25.832435607910156,3.962850332260132,-8.14769458770752,-1.7550525665283203,15.772760391235352,4.606785774230957,2.7968993186950684,1.074218511581421,-0.24912351369857788,-4.694014549255371,5.541224479675293,-0.14325618743896484,-1.2087348699569702,0.09104475378990173,-0.39060693979263306,5.1370697021484375,2.424335479736328,1.7611207962036133
538,49.58720779418945,14.97103214263916,-20.17771339416504,-71.246826171875,14.176565170288086,3.928699016571045,-43.88801193237305,14.64766788482666,-9.696115493774414,-1.882965087890625,-0.6390800476074219,-0.028225421905517578,2.1148104667663574,-0.3759687542915344,0.23969733715057373,0.13764417171478271,-4.069066047668457,0.4462985694408417,-3.5824551582336426,0.15565858781337738,0.7342029809951782,9.98298168182373,2.2500317096710205,3.2904791831970215
539,31.916217803955078,21.46208953857422,-36.06227111816406,-77.4298095703125,20.0,0.7461862564086914,-37.880775451660156,5.744277000427246,-6.205386161804199,-16.5223331451416,-1.3432799577713013,-0.3670845031738281,2.222180128097534,-0.3576284646987915,0.041272103786468506,-0.16371452808380127,-0.757925271987915,0.3632493019104004,-4.353781223297119,0.9532570242881775,0.7148609161376953,5.990930557250977,-0.7064570188522339,0.9302175045013428
540,12.706860542297363,18.390195846557617,-35.296634674072266,-70.02163696289062,20.0,-1.106485366821289,-11.919618606567383,-3.7530317306518555,0.12705779075622559,-10.639196395874023,-0.36019039154052734,-0.08173656463623047,2.4326059818267822,-0.14053289592266083,0.23209808766841888,-1.8475764989852905,-1.0191552639007568,0.18253342807292938,-3.5580692291259766,0.7090538740158081,0.4642544090747833,1.1348239183425903,-0.14730310440063477,0.849122941493988
541,6.476167678833008,7.425173759460449,-15.453531265258789,-31.99617576599121,20.0,-1.929595947265625,-0.9398136138916016,-5.088663578033447,0.6450072526931763,-5.677260398864746,-0.20201635360717773,-0.13772642612457275,2.8719491958618164,-0.39886313676834106,0.29999351501464844,-2.403573751449585,-0.6314464211463928,0.005688264966011047,-2.3114068508148193,-0.08383862674236298,0.1697419285774231,-2.8011488914489746,0.625665009021759,-0.6205764412879944
542,-8.61882209777832,11.208984375,-6.545295715332031,-5.870635986328125,20.0,-2.792658567428589,11.781274795532227,-8.566883087158203,4.638489246368408,2.5608386993408203,-0.17156356573104858,-0.03461170196533203,1.7588157653808594,-0.4304649531841278,0.25608399510383606,-0.6485128402709961,0.4742104411125183,-0.1452920287847519,-1.2392878532409668,-0.7859272956848145,-0.07681593298912048,-4.959130764007568,0.016388526186347008,-1.774865746498108
543,-19.879243850708008,-5.403364181518555,6.734025001525879,-4.867094993591309,19.941347122192383,-4.34542179107666,29.090652465820312,-2.818551540374756,3.402635097503662,5.7711029052734375,0.12464487552642822,0.06936979293823242,0.09662655740976334,-0.35220804810523987,0.6764926314353943,2.8557674884796143,3.0212490558624268,0.12136783450841904,1.1458038091659546,-1.2074724435806274,-0.3527122437953949,-8.619457244873047,0.5102561712265015,-2.876722574234009
544,-40.261756896972656,2.338761329650879,0.44111204147338867,-4.995296478271484,-0.1307058334350586,-0.2292008399963379,48.05540466308594,-9.480567932128906,11.177322387695312,19.61843490600586,0.49266839027404785,0.13744401931762695,-1.968278169631958,0.18575438857078552,0.8233250379562378,7.252587795257568,5.572061061859131,-2.9212656021118164,3.651093006134033,-1.395337700843811,-0.41230857372283936,-9.508219718933105,0.9542520642280579,-2.640939235687256
545,-21.96708869934082,3.057248592376709,-3.5464229583740234,-12.11203384399414,-1.5117958784103394,0.33411264419555664,22.054306030273438,-8.787357330322266,18.850177764892578,-36.39137649536133,-7.864238739013672,-10.243217468261719,-2.6397573947906494,0.8074012398719788,-0.3453429937362671,6.484574794769287,0.1148538589477539,-2.2093045711517334,1.2488404512405396,0.22270295023918152,-0.20813515782356262,1.5524919033050537,-2.858572244644165,0.49969053268432617
546,-13.046770095825195,-12.949995994567871,9.026978492736816,-5.427339553833008,-0.36981409788131714,0.1536259651184082,17.20781898498535,-21.503494262695312,35.366703033447266,-59.56700134277344,8.979141235351562,-7.330677032470703,-2.8623979091644287,-0.34919989109039307,0.5839023590087891,4.751832485198975,-0.2751598656177521,-0.9872735142707825,1.1998933553695679,-0.14315493404865265,0.327498197555542,1.177852988243103,-2.551927089691162,0.3893135190010071
547,-3.6278905868530273,-0.08114862442016602,-0.9908750057220459,-5.9175872802734375,-0.1978757530450821,0.12246072292327881,9.512887001037598,-22.412939071655273,28.443164825439453,-61.6163330078125,7.140496730804443,-4.122793674468994,-2.0928690433502197,-0.4894880950450897,0.04673941060900688,1.7947088479995728,-0.0010877165477722883,-0.7373418807983398,1.899369478225708,-0.05546005070209503,0.1913333237171173,0.29989737272262573,-2.2437171936035156,0.29057708382606506
548,-17.537796020507812,-2.845069646835327,3.2116189002990723,-2.1605329513549805,-0.4054659605026245,0.11137449741363525,17.943958282470703,-20.29810333251953,29.359060287475586,-56.281829833984375,15.084518432617188,1.0518889427185059,-2.5724868774414062,-0.45662203431129456,0.4164573550224304,0.28380659222602844,-0.720030665397644,0.881233274936676,1.944392204284668,0.010774701833724976,0.18443739414215088,-0.3494596779346466,-1.713497519493103,0.048840999603271484
549,5.093635082244873,-2.5946643352508545,0.8953385949134827,-1.9286012649536133,-0.14077460765838623,-0.0278165340423584,-7.3748860359191895,-5.975311756134033,14.032472610473633,-57.05670166015625,17.74779510498047,1.3780421018600464,-1.50856351852417,-0.40070614218711853,-0.08455050736665726,-3.229188919067383,-0.9974664449691772,1.6015625,2.3920998573303223,0.21529215574264526,-0.13136029243469238,-1.3716498613357544,-1.310642123222351,0.3117963671684265
550,0.31452035903930664,0.7297190427780151,0.5350192785263062,6.6501970291137695,0.09967374801635742,-0.12884926795959473,2.404359817504883,-17.85236358642578,13.548937797546387,-31.802154541015625,20.0,5.557863235473633,-0.9290977120399475,-0.24183475971221924,-0.05323662981390953,-3.6551854610443115,-0.7292442917823792,1.8783475160598755,2.581421375274658,0.4108380377292633,-0.1303253173828125,-1.6329907178878784,-1.0333342552185059,-0.2411770224571228
551,12.940534591674805,7.7027587890625,-5.429230213165283,5.671730041503906,0.012542963027954102,-0.11374402046203613,-15.46158504486084,-14.764358520507812,9.383673667907715,-15.215543746948242,20.0,4.862054347991943,0.04461668059229851,-0.09206335991621017,-0.4341048300266266,-5.231135845184326,-1.6467143297195435,1.629696011543274,1.8726969957351685,0.24201230704784393,-0.05729580298066139,-0.6049919724464417,-0.8268922567367554,0.7833631634712219
552,8.724753379821777,0.07081925868988037,0.4030822515487671,12.36150074005127,0.4335232973098755,-0.10702800750732422,-6.926732540130615,-7.504056930541992,1.5752540826797485,-8.070929527282715,20.0,4.287530422210693,0.1044875979423523,0.02043040469288826,-0.40919986367225647,-3.2184255123138428,-0.8596981167793274,2.1264047622680664,0.8286120891571045,0.11751314997673035,-0.1291522979736328,1.6705442667007446,0.15938764810562134,1.459352731704712
553,30.530719757080078,13.12962818145752,-9.882341384887695,0.6959571838378906,0.43582677841186523,-0.0799708366394043,-21.91377830505371,8.403396606445312,-11.060800552368164,2.9470901489257812,14.953119277954102,3.603609561920166,2.6214683055877686,0.8321495652198792,-1.2829035520553589,-9.057826042175293,2.1271162033081055,2.155252695083618,-2.1028034687042236,0.22748024761676788,-0.7492707967758179,6.845203399658203,4.406583309173584,2.8589181900024414
554,54.87419509887695,12.874868392944336,-20.567180633544922,-72.88384246826172,8.986442565917969,0.5597171783447266,-39.80348205566406,13.540512084960938,-6.320056915283203,-5.698734283447266,-1.0728402137756348,-0.1952681541442871,1.4203027486801147,-0.3634869158267975,0.029162509366869926,1.0285165309906006,-2.2856738567352295,0.055058278143405914,-3.6356072425842285,0.3166165053844452,0.6719626188278198,9.925448417663574,2.009843111038208,3.639507532119751
555,40.66832733154297,27.94574737548828,-37.711273193359375,-75.68013000488281,14.64860725402832,0.938159167766571,-35.55509948730469,3.827119827270508,-5.188252925872803,-15.032251358032227,-1.2216053009033203,-0.41836535930633545,2.0539040565490723,-0.07656770944595337,0.12954606115818024,-0.2450435906648636,-1.8547204732894897,0.39875903725624084,-4.205994606018066,1.1473007202148438,0.8080494403839111,6.204380512237549,-0.20526301860809326,1.0077950954437256
556,13.20956802368164,23.406368255615234,-27.931774139404297,-61.81175231933594,20.0,-0.8680073618888855,-11.739013671875,-6.263661861419678,1.34165620803833,-15.178625106811523,-0.7541377544403076,-0.1978297233581543,2.5946500301361084,-0.3075924217700958,0.020891277119517326,-1.6392418146133423,-1.1775107383728027,0.09338942915201187,-3.318340539932251,0.49821048974990845,0.5618560910224915,-0.22275695204734802,-1.2864446640014648,-0.7767433524131775
557,-11.188714981079102,14.462821006774902,-14.88856029510498,-39.112342834472656,20.0,-2.045391798019409,11.152732849121094,-5.55300760269165,1.5375313758850098,-1.7178001403808594,-0.05049252510070801,0.042383670806884766,2.8601624965667725,-0.2792759835720062,0.2064228057861328,-2.2745203971862793,-0.851245105266571,0.2339889407157898,-1.8108094930648804,-0.07295627146959305,0.40486934781074524,-4.306097507476807,-1.1692743301391602,-1.2491353750228882
558,-16.77776527404785,2.8547730445861816,-4.461430072784424,-16.60378074645996,20.0,-4.428948879241943,15.918699264526367,2.1557750701904297,-2.1231932640075684,8.559762954711914,0.2998121380805969,0.11239981651306152,2.545165777206421,-0.32805120944976807,0.18733589351177216,-1.8733797073364258,-0.6251409649848938,-0.08554339408874512,-0.6581571102142334,-0.496366411447525,-0.30594244599342346,-5.1817708015441895,-0.4003823697566986,-1.8911833763122559
559,-7.881840705871582,1.677375316619873,-0.3441685140132904,-1.3247599601745605,20.0,-4.528253555297852,11.545001029968262,1.3243474960327148,-0.5805392265319824,8.763938903808594,0.11177271604537964,0.14330482482910156,0.671212911605835,-0.15059460699558258,0.21869559586048126,1.4945392608642578,0.695947527885437,-1.1777689456939697,0.02479068748652935,-0.8004447221755981,-1.0947734117507935,-5.467255115509033,-0.4859532117843628,-2.5713982582092285
560,-25.545982360839844,-0.44137465953826904,2.683133602142334,3.664287567138672,3.730931282043457,-0.7543678283691406,39.70305633544922,-18.49991226196289,16.738985061645508,7.442901611328125,0.3613605499267578,-0.02250814437866211,-1.363122582435608,0.20571616291999817,0.9849440455436707,8.240772247314453,5.476345539093018,-3.3280465602874756,3.063552141189575,-1.0370049476623535,0.16202972829341888,-9.627523422241211,0.6317402720451355,-3.6405601501464844
561,-38.00083541870117,5.206705093383789,-2.2939295768737793,-12.184600830078125,-1.5408666133880615,0.3477034568786621,38.78430938720703,-12.894319534301758,29.51634979248047,-25.354551315307617,-16.193592071533203,-1.8341550827026367,-2.988995313644409,0.44093817472457886,0.5762108564376831,9.941458702087402,0.7507891058921814,-2.309877872467041,2.1417338848114014,-0.9780259132385254,-0.5728965997695923,-1.3308123350143433,8.621390342712402,1.0852893590927124
562,0.729949951171875,-2.2346982955932617,-1.26870858669281,-14.660865783691406,-0.7347152233123779,0.305691123008728,-0.9929132461547852,-16.019235610961914,23.409975051879883,-68.177001953125,-2.2018847465515137,-6.432949542999268,-1.8440508842468262,0.2896645665168762,-0.25992923974990845,4.710853576660156,-1.3689104318618774,-0.9918861389160156,1.2551896572113037,0.04756045341491699,0.022518374025821686,1.203822135925293,-2.664181709289551,0.6629337072372437
563,-17.297290802001953,-8.430341720581055,7.032306671142578,-5.890384674072266,-0.22725749015808105,0.07023471593856812,17.1313419342041,-23.415485382080078,29.558691024780273,-59.092857360839844,8.395729064941406,-3.8775696754455566,-2.304229259490967,-0.23901768028736115,0.5188409090042114,2.5974576473236084,-0.975080132484436,0.18466709554195404,1.2085670232772827,-0.10816632956266403,0.2525599002838135,0.6538493037223816,-2.186192274093628,0.29510289430618286
564,-17.557239532470703,2.418365478515625,-1.6965529918670654,-7.230128765106201,-0.3508394956588745,0.048032283782958984,25.473831176757812,-28.344528198242188,33.410423278808594,-53.372249603271484,17.875123977661133,0.9484707117080688,-1.9751237630844116,-0.26256000995635986,0.1458488255739212,-1.0778425931930542,-0.5237448811531067,0.7187171578407288,1.7237955331802368,-0.03129241615533829,0.29362809658050537,-0.19107994437217712,-1.6241400241851807,0.25037992000579834
565,2.5996155738830566,6.359089374542236,-5.085423469543457,-0.27807044982910156,-0.12221395969390869,0.02586841583251953,1.8537263870239258,-16.90496063232422,23.51542091369629,-41.176002502441406,19.926780700683594,2.4928059577941895,-0.8195688724517822,-0.08846411854028702,-0.7934461832046509,-4.056342601776123,-0.5245198011398315,1.0069949626922607,2.3127896785736084,0.04617655277252197,0.0462581068277359,-0.9751420021057129,-1.4068937301635742,-0.05857989192008972
566,-0.5254573822021484,5.828604698181152,-2.4239397048950195,4.976802825927734,-0.17827868461608887,-0.03740262985229492,-1.3857040405273438,-14.728256225585938,11.362060546875,-29.146316528320312,20.0,5.62757682800293,-0.3968625068664551,0.5707095265388489,-1.0222575664520264,-5.301882266998291,-1.5049128532409668,1.4796984195709229,2.321040153503418,0.34734997153282166,-0.19333279132843018,-1.3314108848571777,-1.1374119520187378,-0.33023834228515625
567,14.708934783935547,0.846480131149292,-0.3560013771057129,11.47962760925293,0.38009917736053467,-0.07102823257446289,-15.23497486114502,-7.072053909301758,3.459040403366089,-14.785432815551758,20.0,5.4202141761779785,0.3157173693180084,0.6341328620910645,-0.933097779750824,-5.0301737785339355,-0.8377872109413147,2.310652256011963,1.6301850080490112,0.195953369140625,-0.26023465394973755,-0.08106318861246109,-1.027308464050293,0.7818295359611511
568,23.667356491088867,0.26635169982910156,-0.5856375694274902,11.760775566101074,0.4352927505970001,-0.18944168090820312,-23.81987190246582,1.230878472328186,-6.044644355773926,-11.524717330932617,19.57335090637207,5.42327356338501,1.0299594402313232,0.9588483572006226,-0.8958505392074585,-4.903909683227539,-0.013140646740794182,2.099257230758667,-0.3716941773891449,0.034176055341959,-0.6181984543800354,2.9956231117248535,0.8270925879478455,0.8200501203536987
569,43.45838928222656,5.584750175476074,-15.256776809692383,-27.932865142822266,-17.34929084777832,9.834872245788574,-39.09571075439453,10.595107078552246,-9.626194953918457,-0.1670684814453125,0.17467117309570312,0.1428360939025879,2.3582839965820312,0.5708691477775574,0.5573535561561584,0.849327564239502,-1.6664206981658936,-6.901642799377441,-2.9068565368652344,0.17767448723316193,-0.033736616373062134,10.12919807434082,4.48291540145874,3.285284996032715
570,33.08744812011719,19.50238609313965,-33.506866455078125,-84.06172180175781,16.045732498168945,2.2676150798797607,-28.945106506347656,6.5042195320129395,-3.7634708881378174,-13.098464965820312,-1.5819509029388428,-0.38826990127563477,1.6717000007629395,-0.1677728295326233,0.17265969514846802,0.1517580896615982,-1.9495573043823242,0.3248533010482788,-2.906374931335449,0.628008246421814,0.43010061979293823,6.9694671630859375,-0.4589475393295288,1.1222387552261353
571,28.04426383972168,15.214813232421875,-24.7548885345459,-62.28443908691406,20.0,-1.0533994436264038,-28.329914093017578,3.931434154510498,-4.9572553634643555,-13.598644256591797,-0.6703692674636841,-0.0934247374534607,1.9909247159957886,-0.19822818040847778,0.33361339569091797,-0.9696968197822571,-1.3070971965789795,0.30488431453704834,-3.3164632320404053,0.9343973994255066,0.4325963854789734,2.8988099098205566,-0.4660487174987793,0.4816444516181946
572,11.600772857666016,24.86722755432129,-27.659564971923828,-33.935970306396484,20.0,-1.768214225769043,-7.696410179138184,-15.740768432617188,6.483460903167725,-10.679636001586914,-0.5891575813293457,-0.1524801254272461,2.361438035964966,-0.20513638854026794,0.2243501842021942,-1.588104248046875,-1.0069342851638794,0.17526507377624512,-2.2146034240722656,-0.01387711800634861,0.0922764465212822,-2.426988124847412,-1.5372408628463745,-0.9390217065811157
573,10.403108596801758,15.598647117614746,-12.244667053222656,-9.99427604675293,20.0,-3.512094020843506,-5.203937530517578,-7.861905097961426,2.920370578765869,-0.22895431518554688,-0.12907838821411133,0.026999711990356445,2.4307258129119873,-0.20443999767303467,0.21268728375434875,-1.459283471107483,-1.0337952375411987,-0.09484148025512695,-1.5342339277267456,-0.509184718132019,-0.10735826939344406,-4.804012775421143,-1.3173811435699463,-1.666460633277893
574,-15.648839950561523,2.724043607711792,-7.56660270690918,-12.664589881896973,20.0,-3.027087926864624,15.940530776977539,0.23348045349121094,1.7235221862792969,10.060543060302734,0.4100464880466461,0.10404443740844727,1.4298679828643799,-0.23273994028568268,0.1986198127269745,0.09404134750366211,-0.32559651136398315,-0.18406841158866882,-0.7114271521568298,-0.6370360255241394,-0.05173025652766228,-5.1044111251831055,0.23827087879180908,-1.910570740699768
575,-21.68657112121582,-1.3958101272583008,-0.24818187952041626,-10.235358238220215,20.0,-4.734118938446045,29.648157119750977,-1.877455711364746,2.9059951305389404,10.89283561706543,0.2911491394042969,0.1276860237121582,0.11737427115440369,-0.25817030668258667,0.20058681070804596,2.8467090129852295,1.414557933807373,-0.15725483000278473,1.2904901504516602,-1.0054188966751099,-0.5047270655632019,-6.8490729331970215,0.9610626101493835,-2.243731737136841
576,-30.718191146850586,-1.9709668159484863,4.477839946746826,-0.08808517456054688,1.9686412811279297,-0.5568013191223145,35.71148681640625,-12.32518482208252,21.19003677368164,-21.328433990478516,-13.751371383666992,-4.247565269470215,-2.1599676609039307,0.6969563961029053,1.2174293994903564,8.629233360290527,6.248498439788818,-2.3799047470092773,0.9479892253875732,-0.022031307220458984,-0.1889043152332306,2.374624013900757,-2.0888218879699707,1.7396255731582642
577,-23.0770263671875,-13.334440231323242,7.1693115234375,-8.337776184082031,-1.7219841480255127,0.19196057319641113,29.10154914855957,-21.697786331176758,29.959535598754883,-62.21726989746094,7.645939350128174,-2.424283742904663,-3.027467727661133,-0.37443801760673523,1.0672354698181152,8.18581485748291,-0.4466077983379364,-1.2351617813110352,0.8836578130722046,-0.06298269331455231,0.22422684729099274,1.5300153493881226,-2.5406112670898438,0.14388684928417206
578,-9.195452690124512,0.7434576749801636,-2.2431583404541016,-10.97507095336914,-0.3721531629562378,0.14142894744873047,15.274845123291016,-21.68960952758789,31.206628799438477,-72.94380950927734,2.3813223838806152,-3.2483863830566406,-2.226259708404541,-0.37202149629592896,0.2519002854824066,4.468321323394775,-0.38530391454696655,-1.3204877376556396,1.8029438257217407,0.12013851851224899,-0.09796365350484848,0.27632156014442444,-2.1579105854034424,0.21162891387939453
579,-10.222834587097168,-2.321272850036621,1.7548534870147705,-5.893956184387207,-0.2609579861164093,0.1509791612625122,7.870636940002441,-25.481443405151367,31.162328720092773,-71.91106414794922,6.24052095413208,-0.21778568625450134,-2.17332124710083,-0.620564877986908,0.3594525158405304,1.5796154737472534,-0.030718108639121056,-0.3442403972148895,1.9972740411758423,0.14520730078220367,-0.019547976553440094,-0.6085860133171082,-1.6377061605453491,0.018081769347190857
580,-10.477349281311035,2.720841884613037,-1.253896951675415,-4.410796165466309,-0.3494466245174408,0.0973348617553711,9.737638473510742,-21.031890869140625,31.99089241027832,-59.9611701965332,13.625422477722168,1.2138409614562988,-1.8157767057418823,-0.43317535519599915,0.21725121140480042,-1.6545130014419556,-0.0326341837644577,0.5998889803886414,2.3158605098724365,0.216578409075737,-0.09215918928384781,-1.477882742881775,-1.0926361083984375,-0.1956162005662918
581,-6.258522987365723,-3.307485818862915,1.587522029876709,2.9902210235595703,-0.20472991466522217,0.005521059036254883,4.984783172607422,-12.4368257522583,17.59336280822754,-43.4206657409668,20.0,4.091880798339844,-1.7588939666748047,-0.5277544856071472,-0.20808979868888855,-2.6823277473449707,-0.6302240490913391,1.6041865348815918,2.3372440338134766,0.5107985734939575,-0.10901836305856705,-1.9967983961105347,-0.6907720565795898,-0.226944237947464
582,-5.084269046783447,2.4239251613616943,0.3814355134963989,0.2228240966796875,-0.3448615074157715,-0.08348608016967773,11.827906608581543,-9.905691146850586,10.365976333618164,-14.900359153747559,20.0,8.84904956817627,-0.8367303609848022,-0.5563024878501892,-0.32180166244506836,-5.073901653289795,-2.0507938861846924,2.6646440029144287,2.7820632457733154,0.45343318581581116,-0.2702288031578064,-2.1392743587493896,-0.6845884919166565,-0.4632532000541687
583,-2.2392053604125977,14.142199516296387,-7.495268821716309,7.088384628295898,0.14539432525634766,-0.1393904685974121,4.121435165405273,-25.97504425048828,15.085660934448242,-6.226773262023926,20.0,4.0028839111328125,-0.6399418711662292,0.16259832680225372,-0.4595213830471039,-5.174020767211914,-1.4557301998138428,2.9087040424346924,2.0531117916107178,0.35829222202301025,0.04312700033187866,-0.7673952579498291,-1.268326759338379,3.6475017070770264
584,14.527905464172363,8.549489974975586,-5.318541526794434,11.243130683898926,0.49297332763671875,-0.20177030563354492,-5.7398858070373535,-10.111257553100586,4.904023170471191,0.1955852508544922,20.0,2.9411563873291016,0.05002934858202934,0.5660457015037537,-0.7586114406585693,-4.206491470336914,0.21890172362327576,2.5329678058624268,0.46722593903541565,0.08080759644508362,-0.4140329957008362,2.5472476482391357,0.4481855034828186,3.071647882461548
585,48.97925567626953,19.26203727722168,-12.909031867980957,9.581539154052734,0.42923474311828613,-0.11732101440429688,-42.22658157348633,-3.3484721183776855,-1.3715994358062744,-4.058349609375,9.223644256591797,1.5617566108703613,2.5163514614105225,2.0664470195770264,0.43620049953460693,-2.414057731628418,10.146289825439453,-1.7874023914337158,-2.591092586517334,0.054763272404670715,-0.10077047348022461,7.670047283172607,5.081043243408203,3.34997820854187
586,47.13011169433594,26.272811889648438,-26.51483726501465,-53.044986724853516,9.651124954223633,20.0,-38.100990295410156,2.7645599842071533,-1.588573694229126,-8.861370086669922,-1.3685439825057983,-0.3948061466217041,1.5655827522277832,-0.9995013475418091,-0.3108041286468506,0.7677454352378845,-2.302919387817383,2.392430067062378,-4.276045322418213,-0.32765883207321167,1.2105035781860352,9.690707206726074,1.2699941396713257,1.7530617713928223
587,13.344806671142578,26.826047897338867,-29.202123641967773,-69.95149993896484,10.326428413391113,2.0753560066223145,-10.60798454284668,-0.5732786655426025,-1.9476385116577148,-17.489044189453125,-0.9501813650131226,-0.23797233402729034,2.001338005065918,-0.04634936898946762,-0.11774004995822906,0.03250613063573837,-1.9795453548431396,0.009412996470928192,-3.1359636783599854,0.12783457338809967,1.1284823417663574,2.548386812210083,-0.23375968635082245,0.005838642828166485
588,12.039505004882812,13.073066711425781,-21.846158981323242,-66.81578063964844,20.0,1.078892707824707,-10.140396118164062,10.223264694213867,-8.108054161071777,-0.43735408782958984,-0.22525113821029663,0.04977774620056152,2.458540916442871,-0.1339709460735321,-0.0056632570922374725,-1.0486005544662476,-1.4700230360031128,-0.14087960124015808,-3.0617570877075195,0.31564071774482727,0.8310859203338623,1.0041882991790771,-0.4714081287384033,-0.4262837767601013
589,-0.4569673538208008,12.982011795043945,-12.934650421142578,-33.43280792236328,20.0,-1.4704290628433228,1.254755973815918,0.16240651905536652,-3.8832685947418213,-3.425264358520508,-0.18633705377578735,0.03904604911804199,2.5505151748657227,0.06227674335241318,0.03553543612360954,-1.347733497619629,-1.2767224311828613,-0.10800178349018097,-2.182570219039917,-0.033889297395944595,-0.2866356372833252,-2.584139823913574,-0.19177374243736267,-1.6688965559005737
590,-11.653823852539062,7.576484680175781,-1.360365867614746,-19.360475540161133,20.0,-3.4724884033203125,14.32365608215332,-0.44236111640930176,0.10376286506652832,3.4348812103271484,-0.07451558113098145,0.13199758529663086,2.7564516067504883,-0.08918610215187073,0.07667068392038345,-1.5192302465438843,-1.2418195009231567,-0.19655051827430725,-0.5906764268875122,-0.4633401036262512,-0.6405978798866272,-5.0948662757873535,-0.9868127703666687,-2.0411136150360107
591,-26.336341857910156,5.754932880401611,-0.751074492931366,-10.195362091064453,20.0,-4.6259541511535645,26.460145950317383,-4.204730987548828,5.810366630554199,9.542593002319336,0.2577623128890991,0.08880758285522461,0.5290124416351318,-0.06031704694032669,0.03814833611249924,1.7244606018066406,1.073843002319336,-0.26128333806991577,0.84946608543396,-0.7550442218780518,-0.532383382320404,-6.80053186416626,-1.0412408113479614,-2.4134373664855957
592,-29.82891273498535,-6.629215717315674,7.756256103515625,-2.165496826171875,4.541563510894775,-1.399897813796997,33.49604797363281,-4.9612956047058105,7.24826192855835,12.049911499023438,0.47773438692092896,0.10903644561767578,-1.8004258871078491,0.10459741204977036,0.8849954009056091,6.1840620040893555,3.7431485652923584,-1.2409902811050415,2.551342010498047,-0.8038464188575745,0.11133795231580734,-8.616073608398438,0.3053359389305115,-2.4913294315338135
593,-16.975765228271484,-6.002558708190918,3.1465768814086914,-1.0910110473632812,-0.7133946418762207,0.019428253173828125,20.37247085571289,-16.91175079345703,22.456689834594727,-47.98117446899414,-20.0,-5.4156928062438965,-2.775437355041504,0.472919225692749,0.6287553906440735,10.04965591430664,1.1278576850891113,-2.2996981143951416,1.0511724948883057,0.738001823425293,0.14568167924880981,1.554335117340088,-2.6849732398986816,-0.711719810962677
594,-10.792238235473633,-3.7313404083251953,1.9733567237854004,-11.715883255004883,-0.7112170457839966,0.22862911224365234,10.744194030761719,-28.014556884765625,30.76317596435547,-70.30426025390625,2.3079419136047363,-1.869592308998108,-2.455310583114624,-0.13073761761188507,0.5556879639625549,6.70211935043335,-0.1409788578748703,-1.2779051065444946,1.2631100416183472,0.15218991041183472,-0.014477413147687912,0.9288091659545898,-2.3964624404907227,0.034699223935604095
595,-4.930335998535156,-4.744060516357422,1.9612154960632324,-9.629070281982422,-0.4003802537918091,0.14976012706756592,5.537299156188965,-19.813358306884766,29.2353515625,-77.93505096435547,5.451654434204102,-0.23740579187870026,-1.4441587924957275,-0.49566495418548584,0.4409884810447693,2.368899345397949,-0.5735462307929993,-0.3891451954841614,1.947363257408142,0.18211954832077026,-0.03046029806137085,-0.32108068466186523,-1.8197171688079834,-0.011502236127853394
596,-8.021211624145508,-3.5065836906433105,2.021906614303589,-5.430720329284668,-0.358379602432251,0.0982062816619873,2.0277204513549805,-16.486862182617188,21.425355911254883,-69.44395446777344,11.127996444702148,2.6323068141937256,-1.1804779767990112,-0.5073753595352173,0.2471715807914734,-1.1140834093093872,-1.2512933015823364,0.9450352191925049,2.172365427017212,0.4418606162071228,-0.1273142546415329,-1.4810822010040283,-1.1080141067504883,-0.1680399477481842
597,-4.715332508087158,1.990942120552063,-0.8938372731208801,-0.9685039520263672,-0.14363360404968262,-0.05923914909362793,1.2152490615844727,-22.062496185302734,20.476091384887695,-39.997249603271484,18.452695846557617,4.548166751861572,-0.8150692582130432,-0.6811221837997437,0.005620506592094898,-3.921246290206909,-1.2368624210357666,1.0403292179107666,2.1155757904052734,0.364378422498703,-0.07092846930027008,-1.8521826267242432,-0.764042854309082,-0.24293029308319092
598,-10.762921333312988,6.484838485717773,-2.111006021499634,6.689496040344238,0.13674724102020264,-0.06638288497924805,17.30013656616211,-27.558738708496094,21.45975112915039,-19.90449333190918,20.0,6.642860412597656,-0.7413713335990906,-0.3458084762096405,0.04181037098169327,-3.628826856613159,0.13069573044776917,1.22514009475708,2.2628602981567383,0.3789609372615814,-0.04412870854139328,-1.7682257890701294,-0.6780043244361877,-0.6520029902458191
599,-7.822627544403076,8.422168731689453,-4.412898063659668,5.935996055603027,-0.2227402925491333,-0.04981374740600586,5.196518898010254,-25.552942276000977,19.805675506591797,-16.364910125732422,20.0,6.754103660583496,-1.220450520515442,-0.19586598873138428,-0.3004772961139679,-3.2250418663024902,-0.8540058732032776,1.3334934711456299,1.759971261024475,0.23346105217933655,-0.02002139389514923,-1.286621332168579,-0.9691463708877563,0.2984406054019928
600,0.8601245880126953,4.588354110717773,-1.8631105422973633,7.720950126647949,0.08217263221740723,-0.07403278350830078,4.687040328979492,-19.858318328857422,13.766584396362305,-16.01691436767578,20.0,6.051597595214844,-0.8510398268699646,-0.02904529497027397,-0.30648064613342285,-2.4540908336639404,-1.2836416959762573,1.6897125244140625,1.7132008075714111,0.08368819206953049,-0.013232417404651642,-0.6346970796585083,-1.3502193689346313,1.9299942255020142
601,3.5344746112823486,6.67981481552124,-3.9126124382019043,5.205574989318848,0.247078537940979,-0.09950590133666992,0.7824854850769043,-18.38437843322754,9.50377082824707,-7.398213863372803,20.0,3.2104973793029785,-0.4053051769733429,0.157382071018219,-0.5161156058311462,-2.4459214210510254,-0.3620890974998474,1.6388603448867798,1.4100755453109741,0.04569508880376816,0.05299932509660721,0.27571558952331543,-1.456786870956421,2.309093475341797
602,24.13003158569336,15.214744567871094,-10.137035369873047,3.5295028686523438,0.1816607117652893,-0.03966379165649414,-17.907880783081055,-4.985251426696777,-2.4606871604919434,-3.763500213623047,20.0,3.94419002532959,1.2161914110183716,1.0100921392440796,-1.279894471168518,-5.425576686859131,-0.10329636186361313,1.6322753429412842,-0.6523578763008118,-0.13945700228214264,-0.6668007373809814,4.183006286621094,1.278687834739685,2.3203957080841064
603,58.87409591674805,15.94129467010498,-23.554033279418945,-27.614089965820312,-18.5567684173584,17.17424774169922,-46.511070251464844,1.6716868877410889,-3.8364944458007812,-4.872303009033203,2.128520965576172,0.3316335678100586,2.194103717803955,0.9818443655967712,0.3038218319416046,-2.1941139698028564,9.960214614868164,-4.850654602050781,-3.4006688594818115,-0.7141363024711609,-0.5958561897277832,10.083175659179688,7.065774917602539,4.253048896789551
604,46.12823486328125,24.577369689941406,-32.231510162353516,-55.29320526123047,7.537787437438965,5.431210041046143,-33.10036849975586,-2.143324613571167,2.8023080825805664,-15.90500259399414,-2.068849802017212,-0.648525595664978,1.544312596321106,-0.3290882110595703,0.31786513328552246,1.0044891834259033,-2.503781318664551,0.3144674301147461,-3.8213629722595215,0.15267711877822876,2.0350942611694336,7.4975385665893555,0.22272202372550964,0.6711112260818481
605,23.347949981689453,30.23395347595215,-35.74929428100586,-74.37582397460938,19.890071868896484,0.16907572746276855,-22.66844367980957,1.427428960800171,-6.0590691566467285,-14.379324913024902,-0.8122456669807434,-0.07277297973632812,1.86326003074646,-0.12336178123950958,0.1169031411409378,-0.3020448088645935,-1.7453839778900146,0.11390357464551926,-3.7111093997955322,0.12744157016277313,0.9700620174407959,1.7145130634307861,-0.11507216095924377,-0.9226088523864746
606,16.706459045410156,15.245638847351074,-25.306724548339844,-57.586463928222656,20.0,-2.1745383739471436,-13.329507827758789,8.147661209106445,-7.0979790687561035,0.24576950073242188,-0.39262938499450684,0.12860727310180664,2.141286849975586,-0.29570460319519043,0.08736983686685562,-1.044907569885254,-1.31273353099823,0.1781042516231537,-3.798511505126953,0.044044844806194305,0.3631027340888977,0.5940861105918884,-1.5895978212356567,-1.333591341972351
607,8.29539680480957,12.157163619995117,-17.458820343017578,-33.00895690917969,20.0,-5.851832866668701,1.968994140625,-2.7079367637634277,-1.6137990951538086,-4.450019836425781,-0.07889676094055176,0.14606881141662598,2.9865429401397705,0.06164349988102913,0.25093990564346313,-1.5899397134780884,-1.2034857273101807,0.15147855877876282,-1.9315345287322998,-0.1720145344734192,-0.4388529658317566,-4.314030170440674,-0.5167198181152344,-1.578163504600525
608,-20.367591857910156,14.110897064208984,-15.447305679321289,-18.912721633911133,20.0,-4.347447395324707,19.370121002197266,-4.781075954437256,4.925605297088623,9.930057525634766,0.2036076784133911,0.10090112686157227,2.5287911891937256,0.0068233683705329895,-0.0415547713637352,-0.9856287837028503,-1.0061957836151123,-0.48497992753982544,-0.6364423632621765,-0.39924564957618713,-0.3866276443004608,-5.237667560577393,-0.4118841290473938,-1.2826526165008545
609,-17.377334594726562,-7.871238708496094,4.851578235626221,-2.243955612182617,20.0,-4.945380687713623,20.623620986938477,4.245862007141113,-0.37731409072875977,9.946977615356445,0.36057400703430176,0.04297304153442383,-0.05911175161600113,-0.09843610972166061,0.1415678709745407,3.239248752593994,1.658758282661438,-0.17304769158363342,0.20326435565948486,-0.5764889121055603,-0.5737417340278625,-5.724883079528809,0.9828299283981323,-2.4676032066345215
610,-25.569435119628906,-4.850136756896973,5.751046657562256,2.1795272827148438,0.4996795654296875,-0.2945852279663086,37.639888763427734,-19.20063591003418,16.154767990112305,9.070175170898438,0.2581307888031006,-0.055675506591796875,-1.8775184154510498,-0.3540109395980835,1.2332154512405396,9.852230072021484,5.725183486938477,-3.2269811630249023,2.2383878231048584,-1.7662622928619385,-0.30877095460891724,-2.996674060821533,9.168024063110352,-0.5114383697509766
611,-12.461430549621582,0.4432152509689331,-4.198993682861328,-12.794517517089844,-1.608828067779541,0.42688894271850586,8.873988151550293,-15.068525314331055,19.0125789642334,-67.49678039550781,-2.9945645332336426,-8.712932586669922,-1.9972351789474487,0.2588529586791992,-0.1991797387599945,7.828049659729004,-0.4176487624645233,-1.8117905855178833,1.162163257598877,0.3941086232662201,-0.08947056531906128,1.5356963872909546,-2.957603931427002,0.748959481716156
612,-15.948699951171875,-2.0146002769470215,3.292595863342285,-9.597234725952148,-0.4241712689399719,0.1736743450164795,15.057315826416016,-30.32709503173828,33.11138916015625,-75.424072265625,3.462463617324829,-5.164956092834473,-2.1511576175689697,0.2496912032365799,0.22820496559143066,5.008675575256348,-0.26478245854377747,-0.5570971369743347,1.3840045928955078,0.2510228753089905,-0.1821306347846985,0.5646430253982544,-2.291287422180176,0.22269585728645325
613,-11.526135444641113,-2.046672821044922,1.8738213777542114,-8.538034439086914,-0.48334527015686035,0.10034298896789551,14.429797172546387,-26.2044734954834,28.562833786010742,-73.1890640258789,8.017599105834961,-1.5158960819244385,-1.6698323488235474,-0.004446865059435368,0.0692381039261818,1.18759024143219,-1.0586625337600708,0.6466248035430908,2.0349926948547363,0.16594696044921875,-0.34367626905441284,-0.552099883556366,-1.7560653686523438,-0.007468476891517639
614,-15.6995267868042,0.0011289119720458984,0.263556569814682,-4.9606733322143555,-0.27322959899902344,-0.00497126579284668,18.158048629760742,-26.11455726623535,29.288890838623047,-55.888153076171875,17.894472122192383,2.5458297729492188,-1.5145899057388306,-0.27682143449783325,-0.10882201045751572,-2.2421109676361084,-0.35946959257125854,1.3073965311050415,2.276777982711792,0.15013331174850464,-0.2443363219499588,-1.2809514999389648,-1.1985256671905518,0.10618056356906891
615,-4.2563276290893555,3.603494167327881,-1.380742073059082,2.7618770599365234,-0.1401674747467041,-0.1127927303314209,7.015963554382324,-22.186277389526367,26.004362106323242,-39.77464294433594,20.0,3.1840779781341553,-0.9189468026161194,-0.09576519578695297,-0.12309382855892181,-4.045046329498291,-0.37344035506248474,1.0570154190063477,2.5506458282470703,0.1523895114660263,-0.2662350833415985,-1.7808723449707031,-0.9405575394630432,-0.23907682299613953
616,-9.404349327087402,1.096530795097351,-0.21818435192108154,7.794863700866699,-0.1539621353149414,-0.06484365463256836,7.365335464477539,-18.913246154785156,24.44723129272461,-30.679357528686523,20.0,6.799644947052002,-1.2500702142715454,-0.09277386963367462,-0.2213502675294876,-3.496605396270752,-1.2477537393569946,1.2871389389038086,2.333390235900879,0.23125740885734558,-0.21079093217849731,-1.8579282760620117,-0.7293736338615417,-0.6353882551193237
617,-6.075235366821289,4.643780708312988,-1.7737162113189697,6.9389801025390625,0.07889628410339355,-0.10033774375915527,11.029814720153809,-20.483247756958008,20.956340789794922,-16.74242401123047,20.0,7.5248332023620605,-1.1369746923446655,-0.1532822698354721,-0.3314330279827118,-2.921433210372925,-1.0170315504074097,1.0425400733947754,2.341848373413086,0.05749697610735893,-0.1490086168050766,-1.3856052160263062,-1.0684984922409058,0.4869624078273773
618,5.255317211151123,5.965853691101074,-4.233006477355957,5.549169540405273,0.12261474132537842,-0.02184009552001953,-4.93361759185791,-14.516427993774414,12.812403678894043,-16.96556854248047,20.0,5.523334503173828,-0.5006616115570068,0.04784210026264191,-0.7632985711097717,-3.5571162700653076,-0.8677324056625366,1.2596766948699951,2.110684633255005,0.10318075865507126,0.03754483535885811,-0.9042837023735046,-1.3542221784591675,2.1952340602874756
619,8.473723411560059,5.710448741912842,-2.641526699066162,7.164066314697266,0.22553294897079468,-0.07363057136535645,-10.24559211730957,-9.07095718383789,2.9066267013549805,-8.214029312133789,20.0,3.8360400199890137,-0.4923858642578125,0.5281417369842529,-0.8446397185325623,-3.304617166519165,-0.1326930671930313,1.3232358694076538,0.6979689598083496,0.09123948216438293,-0.22245575487613678,1.1975338459014893,-0.5250256657600403,2.555878162384033
620,50.60816192626953,14.533662796020508,-10.441226959228516,6.533893585205078,0.5289816856384277,0.023694515228271484,-39.06134033203125,11.454812049865723,-11.779545783996582,2.7235183715820312,11.590226173400879,2.3283510208129883,2.451479434967041,1.8755838871002197,-0.20148706436157227,-4.727685928344727,6.760390281677246,-0.268526554107666,-3.1378841400146484,0.38338807225227356,-0.7894794940948486,9.570446014404297,6.576016902923584,3.2890446186065674
621,62.318084716796875,29.84383773803711,-34.64097595214844,-61.83280563354492,8.266768455505371,-2.9466352462768555,-43.42012023925781,-3.684457302093506,3.9095234870910645,-13.412445068359375,-1.8446167707443237,-0.4665873050689697,1.480015516281128,-0.47215816378593445,0.28035062551498413,0.9017699956893921,-2.333707571029663,0.8312031030654907,-4.167509078979492,0.04757493734359741,1.4891935586929321,9.986970901489258,1.184706449508667,1.656882882118225
622,20.961910247802734,31.048015594482422,-40.137142181396484,-79.432373046875,12.170656204223633,0.9743185043334961,-18.174806594848633,-0.03032231330871582,-3.198401927947998,-15.668370246887207,-0.9874104261398315,-0.17495250701904297,2.1009793281555176,-0.03658527880907059,0.0994192510843277,-0.5163161754608154,-1.7333729267120361,0.3115116059780121,-3.650895595550537,0.48198822140693665,1.0436381101608276,4.1015238761901855,-0.48331618309020996,0.48313936591148376
623,15.708850860595703,23.437786102294922,-29.21143341064453,-54.56172180175781,19.126161575317383,-0.2588636875152588,-8.189225196838379,-3.89081072807312,-1.0677502155303955,-7.027149677276611,-0.40868115425109863,-0.06501603126525879,2.828108310699463,-0.049156516790390015,0.04175671935081482,-1.5060534477233887,-1.2960498332977295,0.05982718616724014,-2.689683437347412,-0.12911127507686615,0.2849266529083252,0.18585185706615448,-1.197625756263733,-0.5690629482269287
624,-3.7445030212402344,10.826348304748535,-16.689895629882812,-31.90114974975586,20.0,-0.4892926812171936,2.064382553100586,0.09185290336608887,-0.018500089645385742,-0.686793327331543,-0.004818081855773926,0.027153968811035156,2.690944194793701,-0.1231045201420784,0.04636886715888977,-1.748121738433838,-1.038496732711792,0.15603508055210114,-2.1926846504211426,-0.2191912680864334,0.3508175015449524,-2.2143490314483643,-0.7168814539909363,-0.8425894975662231
625,-5.070158004760742,9.4242582321167,-4.375040054321289,-8.45744800567627,20.0,-2.5471999645233154,8.680700302124023,-2.5575382709503174,0.16179543733596802,0.6380195617675781,-0.01844915747642517,0.04909372329711914,2.4513278007507324,0.046768736094236374,0.041054677218198776,-1.2020288705825806,-0.7799884080886841,-0.34089815616607666,-0.9435738921165466,-0.462121844291687,-0.21256914734840393,-5.226587772369385,-0.24242450296878815,-1.5429223775863647
626,-18.569271087646484,-2.4579925537109375,2.015058755874634,-4.005716323852539,20.0,-4.431640148162842,24.114238739013672,-1.4551048278808594,2.4444923400878906,7.330028533935547,0.17531895637512207,0.08121204376220703,0.3645870089530945,0.037587881088256836,0.10578508675098419,2.4752087593078613,1.4717515707015991,-0.10801176726818085,0.8777956366539001,-0.924728512763977,-0.7201359868049622,-7.7384352684021,0.3045920133590698,-2.1557071208953857
627,-34.58826446533203,-3.0896103382110596,4.216033935546875,-2.4508018493652344,2.2726011276245117,-0.6687302589416504,39.62434005737305,-10.38570499420166,11.041607856750488,15.180068969726562,0.36106765270233154,-0.0016021728515625,-2.2375216484069824,0.18030405044555664,0.8098524808883667,8.098685264587402,5.2568583488464355,-2.4959182739257812,2.72695255279541,-1.1869513988494873,-0.08263713866472244,-8.72221565246582,0.580504834651947,-3.1589581966400146
628,-21.652847290039062,9.282186508178711,-6.352044105529785,-13.051563262939453,-1.4219143390655518,0.30295753479003906,24.005891799926758,-20.35997200012207,25.43075942993164,-29.985639572143555,-17.829139709472656,-5.560977935791016,-2.4986090660095215,0.7421737313270569,0.11621509492397308,7.414920330047607,0.30861613154411316,-1.9390774965286255,1.7516038417816162,-0.23899419605731964,-0.4243023693561554,-0.07968415319919586,4.457793712615967,0.7343122959136963
629,-2.424675941467285,-5.392849445343018,3.672116756439209,-6.540241241455078,-0.36828136444091797,0.16298151016235352,0.09668302536010742,-19.40760040283203,28.571115493774414,-68.14553833007812,0.46128416061401367,-9.491170883178711,-2.193010091781616,0.3405807614326477,0.3530481159687042,5.076892852783203,-0.5064000487327576,-1.085415244102478,1.2204080820083618,-0.1402517706155777,-0.07083432376384735,1.5432229042053223,-2.9552111625671387,0.6634753942489624
630,-15.367009162902832,-7.483246803283691,4.7921977043151855,-6.4697771072387695,-0.36290085315704346,0.147682785987854,12.05528450012207,-21.59511947631836,27.67804718017578,-70.23345184326172,11.75206184387207,-4.129763126373291,-2.4499459266662598,0.12434276193380356,0.8029587864875793,2.589536428451538,-0.6426117420196533,0.8340148329734802,1.2199249267578125,0.035372793674468994,0.06872093677520752,0.6183240413665771,-2.186171054840088,0.19085592031478882
631,-11.809280395507812,-8.263860702514648,3.711548328399658,-3.649242401123047,-0.26465821266174316,-0.07300972938537598,16.949779510498047,-13.058361053466797,25.437589645385742,-63.402427673339844,20.0,0.17908844351768494,-1.9827231168746948,-0.5965937972068787,0.23662658035755157,-0.059468913823366165,-0.7449027299880981,0.9048289060592651,1.9260047674179077,0.06164450943470001,-0.15377187728881836,-0.4154348373413086,-1.6170681715011597,-0.06025899946689606
632,0.6377429962158203,-0.5012633800506592,-0.5595062971115112,-0.5717887878417969,-0.15294218063354492,-0.0411219596862793,-4.100096225738525,-11.958429336547852,18.607540130615234,-49.36011505126953,20.0,2.5141756534576416,-1.3322492837905884,-0.5499452352523804,-0.15495237708091736,-2.626159191131592,-1.3039058446884155,1.1609346866607666,2.0322048664093018,0.368394672870636,-0.09378030151128769,-1.135622501373291,-1.24900221824646,-0.015537232160568237
633,-1.8003296852111816,1.6879212856292725,0.4600251317024231,3.4611148834228516,0.030731916427612305,-0.07248353958129883,8.95802116394043,-16.78267478942871,13.015437126159668,-28.2474308013916,20.0,5.106959342956543,-0.31767407059669495,-0.5401143431663513,-0.23649188876152039,-4.118262767791748,-1.112383484840393,1.7807722091674805,2.6186180114746094,0.407476544380188,-0.18304443359375,-1.406249761581421,-1.120984435081482,-0.309253990650177
634,7.84735631942749,2.1267335414886475,-1.9336419105529785,7.7518815994262695,0.15102386474609375,-0.1425163745880127,-16.310592651367188,-5.987746238708496,5.239962577819824,-19.222259521484375,20.0,6.08590030670166,-0.17090491950511932,-0.30649709701538086,-0.87831711769104,-4.189375400543213,-1.3092209100723267,1.2427722215652466,2.116787910461426,0.683641254901886,-0.28060486912727356,-1.3029943704605103,-1.0478990077972412,-0.7159891128540039
635,21.515304565429688,9.40910816192627,-3.9574837684631348,8.659261703491211,0.4173043668270111,-0.10646188259124756,-19.834442138671875,-15.471521377563477,0.35047662258148193,-10.09549617767334,20.0,4.465257167816162,1.1050517559051514,0.18121378123760223,-0.5292462706565857,-5.534048080444336,-0.14238545298576355,0.911751389503479,0.6354660987854004,0.2060217559337616,-0.3481132686138153,1.6555984020233154,0.14244528114795685,0.9444556832313538
636,34.80001449584961,7.007304668426514,-5.57773494720459,11.865140914916992,0.5615358352661133,0.08144617080688477,-31.62554359436035,6.838696002960205,-12.480161666870117,-2.6348838806152344,13.95462417602539,3.9538917541503906,2.2872681617736816,1.1312587261199951,-0.05437871813774109,-1.3271806240081787,8.63603687286377,-0.30547618865966797,-2.590643882751465,0.1380643993616104,-0.5717406868934631,6.916240692138672,4.166934013366699,2.0664641857147217
637,50.469730377197266,22.263010025024414,-28.06949806213379,-77.0768051147461,12.849297523498535,3.1200835704803467,-37.002464294433594,11.22924518585205,-6.166909217834473,-3.527324676513672,-1.0456633567810059,-0.15483999252319336,1.00870943069458,-0.09568600356578827,-0.038950130343437195,0.9594452977180481,-2.233180522918701,0.22090740501880646,-4.401053428649902,0.4584537148475647,0.8755905032157898,9.777480125427246,1.9840689897537231,2.2332499027252197
638,41.29227828979492,20.554973602294922,-35.020103454589844,-88.39290618896484,17.630050659179688,0.9671750068664551,-31.581584930419922,6.1833953857421875,-6.2843017578125,-15.909603118896484,-1.1844241619110107,-0.2172529697418213,2.225144624710083,-0.09549989551305771,0.2117462456226349,-0.847173810005188,-1.5569299459457397,0.3905182480812073,-4.0074028968811035,0.7992565035820007,0.8917250633239746,4.753828525543213,-0.2597512900829315,0.9101549386978149
639,9.768147468566895,13.586930274963379,-28.872543334960938,-62.41514587402344,20.0,-0.42734700441360474,-8.119443893432617,2.9013876914978027,-4.493565559387207,-6.809562683105469,-0.2784659266471863,-0.03693556785583496,2.6631813049316406,-0.03825634717941284,0.2050018459558487,-1.898004174232483,-1.0968958139419556,0.006162233650684357,-3.515073299407959,0.7563748359680176,0.22170107066631317,1.077704906463623,0.2818184494972229,0.614277184009552
640,-9.207380294799805,13.551618576049805,-17.06281280517578,-38.575965881347656,20.0,-1.6061720848083496,9.850227355957031,-4.251503944396973,1.44638991355896,-3.5720348358154297,-0.2719687223434448,-0.12339973449707031,2.8826205730438232,-0.2552243769168854,0.06881831586360931,-2.453265905380249,-0.7432005405426025,0.263441801071167,-1.9677354097366333,0.10648003220558167,-0.2276185154914856,-3.0474205017089844,-0.5389933586120605,-0.7758259773254395
641,-17.1882381439209,13.504194259643555,-8.601069450378418,-13.365214347839355,20.0,-2.9898264408111572,19.34929084777832,-8.68342399597168,5.924086570739746,4.55265998840332,0.18521414697170258,-0.03512120246887207,2.317263603210449,-0.2795463502407074,0.02299310825765133,-1.5553008317947388,-0.044045206159353256,-0.0859435647726059,-0.38281700015068054,-0.5549091100692749,-0.29955244064331055,-5.334689140319824,0.09812133759260178,-1.8134597539901733
642,-14.799349784851074,-6.511180400848389,5.785401344299316,-10.231340408325195,20.0,-4.629214763641357,13.345327377319336,13.843846321105957,-8.17202091217041,11.288485527038574,0.18375623226165771,0.24462628364562988,0.9038474559783936,-0.09721316397190094,0.19925779104232788,0.5560113191604614,0.6657871603965759,-0.22530707716941833,0.0148016307502985,-0.17415454983711243,-1.1751197576522827,-4.898959159851074,0.19684818387031555,-1.8127268552780151
643,-19.09583854675293,2.241270065307617,2.485585927963257,-1.5825424194335938,14.03835391998291,-3.3763020038604736,28.197650909423828,-6.899983882904053,7.260255813598633,9.034704208374023,0.19955548644065857,0.018523216247558594,-1.3087197542190552,0.37616661190986633,0.48930561542510986,4.666604042053223,3.25126051902771,-1.538118839263916,1.8328336477279663,-0.42067986726760864,-1.1479240655899048,-6.736786842346191,0.1312107890844345,-3.063016176223755
644,-29.208309173583984,1.4650250673294067,1.47064208984375,-3.5395050048828125,-0.6177549362182617,0.007733345031738281,37.03373718261719,-24.16238021850586,21.294891357421875,13.623607635498047,0.5844459533691406,-0.024010658264160156,-2.995260000228882,-0.46328380703926086,0.9220520257949829,8.945526123046875,2.543358564376831,-3.170398235321045,2.9914166927337646,-2.031414747238159,-0.25432825088500977,-2.3704638481140137,8.876472473144531,0.20832407474517822
645,-9.11213493347168,-2.831099510192871,-0.8710311651229858,-12.847774505615234,-0.9155786037445068,0.3494911193847656,15.094223976135254,-11.370705604553223,18.75330352783203,-48.147220611572266,4.792911052703857,-10.094459533691406,-2.549139976501465,-0.0422302708029747,0.23563940823078156,6.025766372680664,-0.1547471582889557,-2.1869654655456543,1.0019662380218506,-0.16231375932693481,0.2939174771308899,1.9085674285888672,-3.154787302017212,0.8293893337249756
646,-12.624423027038574,-0.7838923931121826,1.7246832847595215,-7.582897186279297,-0.37500184774398804,0.24975132942199707,17.07123565673828,-24.600263595581055,29.227771759033203,-56.510414123535156,12.677774429321289,-6.0189104080200195,-2.571377992630005,0.1084628626704216,0.510564386844635,3.6161015033721924,-0.3557630777359009,-0.42587241530418396,1.3131186962127686,-0.22612209618091583,0.13678519427776337,1.1261677742004395,-2.660407066345215,0.4417387545108795
647,-14.366508483886719,-3.9231863021850586,1.553609848022461,-6.059576988220215,-0.33353596925735474,0.06977425515651703,19.560760498046875,-15.790719985961914,25.12256622314453,-52.3716926574707,17.772016525268555,-1.8659290075302124,-2.5184366703033447,-0.015850700438022614,0.15348969399929047,1.1016918420791626,-0.38127338886260986,0.10688944905996323,1.6533135175704956,0.020526520907878876,0.08298823982477188,0.3426149785518646,-2.114640235900879,0.11089162528514862
648,-4.32419490814209,-0.9515687227249146,0.1358511745929718,-2.3718619346618652,-0.18371307849884033,0.035082459449768066,7.020147323608398,-18.091175079345703,27.203250885009766,-48.8214111328125,20.0,-1.004101037979126,-1.9548817873001099,-0.25103679299354553,-0.0020539946854114532,-1.7429920434951782,-0.178489089012146,0.7214455604553223,1.8785936832427979,-0.017441004514694214,0.20526546239852905,-0.22203466296195984,-1.8173692226409912,0.3147044777870178
649,-7.441396713256836,7.834395408630371,-3.868283748626709,-0.8092460632324219,-0.38539648056030273,0.06307315826416016,12.248703002929688,-19.01056480407715,17.61164665222168,-32.30620193481445,20.0,5.600026607513428,-1.280336618423462,0.3143296241760254,-0.44372475147247314,-4.159066677093506,-1.288694977760315,2.262110471725464,2.333937406539917,0.2597889006137848,0.006005872040987015,-0.8007184267044067,-1.4789214134216309,-0.30196839570999146
