Timestep,left_hip_pitch_joint_Torque,left_hip_roll_joint_Torque,left_hip_yaw_joint_Torque,left_knee_joint_Torque,left_ankle_pitch_joint_Torque,left_ankle_roll_joint_Torque,right_hip_pitch_joint_Torque,right_hip_roll_joint_Torque,right_hip_yaw_joint_Torque,right_knee_joint_Torque,right_ankle_pitch_joint_Torque,right_ankle_roll_joint_Torque,left_hip_pitch_joint_Vel,left_hip_roll_joint_Vel,left_hip_yaw_joint_Vel,left_knee_joint_Vel,left_ankle_pitch_joint_Vel,left_ankle_roll_joint_Vel,right_hip_pitch_joint_Vel,right_hip_roll_joint_Vel,right_hip_yaw_joint_Vel,right_knee_joint_Vel,right_ankle_pitch_joint_Vel,right_ankle_roll_joint_Vel
50,-2.4711437225341797,5.080063819885254,-4.567331790924072,-3.7873096466064453,-0.12396454811096191,-0.04468727111816406,-2.9459798336029053,-13.979255676269531,19.415401458740234,-69.57636260986328,8.20956802368164,0.07098335027694702,0.010140249505639076,-0.13034313917160034,-0.2569291591644287,0.47388607263565063,-1.5536683797836304,1.7416151762008667,0.7772417068481445,0.2829945683479309,-0.6842584609985352,-1.5430681705474854,0.5451871752738953,-0.3988392949104309
51,4.634493827819824,5.698639869689941,-3.7105650901794434,-3.1877002716064453,-0.3174571990966797,-0.17272722721099854,2.337132453918457,-6.8839616775512695,16.18663215637207,-39.24504852294922,-8.876016616821289,5.252248764038086,2.777214288711548,0.06874607503414154,-0.5803086161613464,-3.5934598445892334,-5.161181926727295,0.45979827642440796,2.0699374675750732,0.33858218789100647,-0.7329232096672058,-1.7519707679748535,0.44831952452659607,-0.29171228408813477
52,-7.478765487670898,3.3301897048950195,-1.8427486419677734,-5.598419189453125,0.11455535888671875,0.015491604804992676,-8.685791969299316,5.12410831451416,2.645571708679199,-9.270512580871582,-4.571578025817871,2.305290699005127,3.0712265968322754,0.12590374052524567,-1.0499762296676636,-9.068062782287598,2.125130413332954e-05,0.9206662774085999,0.883686900138855,0.8593978881835938,-0.016715945675969124,0.10876330733299255,-2.911801815032959,2.0511960983276367
53,8.327078819274902,11.03766918182373,-10.926326751708984,-60.20573806762695,-20.0,6.91879940032959,-10.933809280395508,-2.3098464012145996,-1.014468789100647,5.170232772827148,0.632648766040802,-0.06324005126953125,1.5369322299957275,0.42035454511642456,-0.0023979409597814083,-3.089409828186035,8.691683769226074,0.9903455972671509,-0.3604642450809479,0.6301569938659668,0.4113483726978302,4.372892379760742,-0.009337196126580238,3.594299554824829
54,-12.565788269042969,9.15524959564209,-15.165440559387207,-90.72078704833984,-18.262950897216797,7.656139850616455,-2.2181904315948486,6.547598838806152,-4.773426055908203,4.095119476318359,0.028904199600219727,-0.3007383346557617,1.368303894996643,0.06740245968103409,0.38360628485679626,-0.7713188529014587,-0.29078155755996704,0.34527382254600525,-0.4576067626476288,0.17818884551525116,0.13262119889259338,6.955077648162842,-0.39650413393974304,2.2697207927703857
55,-23.893417358398438,10.419695854187012,-21.49417495727539,-83.21939849853516,-18.91517448425293,4.243364334106445,-3.063540458679199,2.370311737060547,-0.7134942412376404,-11.0278959274292,-0.48154139518737793,-0.22095704078674316,1.3539892435073853,-0.0669516921043396,0.2231905162334442,-1.5676344633102417,0.08830511569976807,0.5476999282836914,0.7836906313896179,0.2709962725639343,-0.03667533025145531,1.7575589418411255,-1.8500480651855469,1.8399591445922852
56,-14.06298542022705,16.469566345214844,-20.12864112854004,-64.8617172241211,-17.663347244262695,0.5372780561447144,-3.2670795917510986,-5.297532081604004,3.7318363189697266,0.30159902572631836,0.013552665710449219,-0.22304153442382812,1.5069547891616821,-0.3097774088382721,0.4940105080604553,-1.8697932958602905,0.14634278416633606,0.9863576889038086,1.0783648490905762,0.09962470084428787,0.7542447447776794,1.0231043100357056,-2.5832583904266357,1.3376295566558838
57,-13.20457649230957,19.534832000732422,-17.776683807373047,-47.80083465576172,-15.000032424926758,-1.9983381032943726,-2.32135009765625,-4.979768753051758,2.369694232940674,-1.9868106842041016,0.08287858963012695,-0.14694786071777344,1.3636763095855713,-0.2854938209056854,0.3251417875289917,-1.6219780445098877,-0.5320602655410767,1.0292603969573975,1.742859125137329,0.039975062012672424,0.7418329119682312,-1.3844307661056519,-2.7320125102996826,1.2357922792434692
58,2.285348892211914,9.122268676757812,-9.517374038696289,-22.728330612182617,-8.055654525756836,-1.3740261793136597,-13.826016426086426,-0.26939520239830017,-1.2648388147354126,-3.26324462890625,-0.04735374450683594,-0.16092096269130707,0.8663007616996765,-0.13585160672664642,0.14388084411621094,-1.004122018814087,-0.4977162480354309,0.41387850046157837,1.8193449974060059,0.013755496591329575,0.23501494526863098,-4.089393138885498,-2.963214874267578,0.05238794907927513
59,-7.684750080108643,-2.473684787750244,-1.1692914962768555,-18.55097198486328,-6.157044887542725,-0.49856916069984436,0.8284454345703125,-0.3399348258972168,-0.09737682342529297,4.242561340332031,-6.05519962310791,-0.033439457416534424,0.7544481754302979,-0.2678300440311432,0.5413252115249634,-0.49978744983673096,-1.0475544929504395,0.23336836695671082,2.180448055267334,-0.24574534595012665,0.6021087169647217,-5.338055610656738,-0.0001416380109731108,-0.23043404519557953
60,-5.2122650146484375,-3.5806751251220703,1.8467345237731934,6.614408493041992,0.15289020538330078,-0.13929247856140137,14.939994812011719,-4.002972602844238,7.406503677368164,-48.780364990234375,-19.11570167541504,12.074064254760742,-0.1133938580751419,0.15300485491752625,0.6590642929077148,4.8371734619140625,-2.0956034660339355,-1.1796844005584717,1.4910099506378174,-0.023928560316562653,-0.4168456196784973,-1.3703190088272095,3.2037360668182373,-4.488554000854492
61,-23.99277687072754,-9.093587875366211,7.260516166687012,-0.805389404296875,0.26289796829223633,0.015259265899658203,9.964760780334473,-2.763204574584961,9.035293579101562,-81.50457763671875,-20.0,11.633194923400879,-1.4557486772537231,0.9664254188537598,1.0591405630111694,9.02745246887207,0.8865344524383545,-0.6827496886253357,2.4706857204437256,0.40642428398132324,-0.8649394512176514,-0.7612844705581665,-0.7602412700653076,-5.019364356994629
62,-18.47809600830078,-8.138141632080078,2.80928897857666,-11.679882049560547,-0.42693328857421875,0.014041423797607422,-7.230382919311523,-4.966641426086426,14.762811660766602,-68.85067749023438,-17.801013946533203,10.468452453613281,-1.9225138425827026,0.6368000507354736,0.953446626663208,7.157464981079102,1.9962660074234009,-1.007409691810608,0.9862235188484192,0.6696183085441589,-0.4603119492530823,-0.23038747906684875,0.27706462144851685,-2.3364644050598145
63,-7.452302932739258,-1.6459665298461914,-0.4451441764831543,-12.692052841186523,-0.8943972587585449,0.15082091093063354,-12.716095924377441,-8.460637092590332,20.27147674560547,-61.11333465576172,-15.291690826416016,8.719538688659668,-1.0129878520965576,0.27167272567749023,0.9040991067886353,2.7536988258361816,-1.108583927154541,0.0009402860305272043,0.9284972548484802,0.5282246470451355,-0.5484940409660339,-0.7618577480316162,-0.3604927659034729,-0.7837480306625366
64,-3.4139108657836914,-4.826973915100098,1.7132818698883057,-7.286906719207764,-0.301393985748291,0.09542679786682129,-15.832931518554688,-1.97318434715271,12.041732788085938,-56.06500244140625,-5.331705570220947,9.351154327392578,-0.31745538115501404,-0.41530948877334595,0.26296061277389526,-1.1941945552825928,-2.3107924461364746,1.6111564636230469,1.2215169668197632,0.45191189646720886,-0.9098052978515625,-1.241672158241272,-0.2534453868865967,-0.32973426580429077
65,-3.835632085800171,-0.9300990104675293,-1.3422812223434448,-3.3067455291748047,-0.15515613555908203,-0.03438758850097656,-13.929561614990234,-8.482791900634766,16.081655502319336,-45.770164489746094,2.6536123752593994,8.16133975982666,0.8228259086608887,-0.7930808663368225,-0.29605621099472046,-5.589658260345459,-3.2171173095703125,2.585139513015747,1.2243309020996094,0.5889882445335388,-0.5286661982536316,-1.3338438272476196,-0.1900172084569931,0.9083638787269592
66,15.76697826385498,9.96168041229248,-6.616037368774414,1.2667083740234375,-0.039368629455566406,-0.07877635955810547,-17.48737144470215,-6.206605434417725,1.8600273132324219,4.739749908447266,9.999126434326172,1.8167777061462402,2.5716371536254883,-1.0930886268615723,-1.0252083539962769,-11.112309455871582,-1.369941674056463e-05,3.739637851715088,-1.470670223236084,-0.10879027843475342,-0.4597368538379669,4.135685443878174,1.9509556293487549,3.63533878326416
67,46.168617248535156,16.47646141052246,-22.45319938659668,-74.33939361572266,-20.0,6.996748924255371,-52.36184310913086,6.849372863769531,-7.164381980895996,-1.07720947265625,-0.3170013427734375,-0.2966947555541992,-0.17348593473434448,0.1710147261619568,-0.17639265954494476,0.6086419820785522,-0.6996039152145386,0.0751657485961914,-5.07646369934082,-0.5959586501121521,-0.6680173277854919,12.701759338378906,4.5648512840271,1.7850697040557861
68,12.76020336151123,7.2645721435546875,-28.230998992919922,-77.70370483398438,-18.68441390991211,9.320754051208496,-30.424373626708984,10.814437866210938,-5.873708724975586,-19.736984252929688,-1.3718547821044922,-0.16663825511932373,0.8288635015487671,-0.10102027654647827,0.14253774285316467,-0.3595452606678009,-0.933790385723114,0.1291951835155487,-5.052560806274414,0.18889112770557404,0.03870910406112671,8.338746070861816,3.0494742393493652,0.90910404920578
69,-2.3034133911132812,9.870253562927246,-25.67543601989746,-70.89640045166016,-14.423747062683105,5.309078693389893,-15.330734252929688,3.194244384765625,-1.951491117477417,-14.480059623718262,-0.9378910064697266,-0.07423782348632812,1.132136344909668,-0.35407495498657227,0.37332817912101746,-1.1201016902923584,-0.6677976250648499,0.4858493208885193,-5.025443077087402,0.397431880235672,0.528190553188324,4.194040298461914,2.2787270545959473,1.0915387868881226
70,-19.620492935180664,8.020933151245117,-16.14756965637207,-52.99493408203125,-10.670902252197266,3.039008617401123,5.733482360839844,-0.30277591943740845,-0.19989371299743652,-8.492831230163574,-0.6621304750442505,-0.12415945529937744,1.1669143438339233,-0.7271972298622131,0.2276080697774887,-1.4801901578903198,-0.5240039229393005,0.4688957929611206,-4.116697311401367,-0.011656459420919418,0.4758005738258362,0.3309067487716675,0.5987043976783752,0.6323910355567932
71,-8.810362815856934,17.419641494750977,-14.720431327819824,-43.085052490234375,-0.20451080799102783,-3.6249184608459473,4.0236005783081055,3.049445152282715,-3.670313835144043,-2.2082319259643555,-0.511188268661499,-0.07334864139556885,1.7035574913024902,-0.4706740975379944,0.04351921007037163,-1.7441115379333496,-0.31941482424736023,0.7149794101715088,-2.545462131500244,0.297672837972641,-0.2490130513906479,-2.9659459590911865,-1.8021624088287354,-0.65134197473526
72,-23.77873420715332,16.341459274291992,-11.256830215454102,-44.30915451049805,10.878745079040527,-10.249920845031738,8.96101188659668,1.9553351402282715,-1.5915448665618896,8.06601333618164,0.07951688766479492,0.03357744216918945,1.6332913637161255,-0.6483399868011475,0.019703365862369537,-2.102341651916504,-0.2218395471572876,1.0565425157546997,-1.9520349502563477,0.14691300690174103,-0.37455615401268005,-3.3501462936401367,-3.4991066455841064,-1.5967769622802734
73,-26.568344116210938,20.319833755493164,-8.650671005249023,-26.776962280273438,17.82252311706543,-6.013049602508545,22.07912254333496,-5.610738277435303,3.9635541439056396,8.270057678222656,0.5445351600646973,0.0892343521118164,1.4653515815734863,-0.3844408094882965,-0.21450582146644592,-1.3185455799102783,-0.7978689670562744,-3.154698133468628,-0.22312211990356445,-0.2418576329946518,-0.5182947516441345,-4.7645344734191895,-3.1235389709472656,-1.9141302108764648
74,-14.776336669921875,10.890335083007812,-1.3993130922317505,-6.746219158172607,20.0,-3.772618293762207,14.929485321044922,-3.229635000228882,2.5767345428466797,8.237236022949219,0.33654022216796875,0.11832380294799805,0.014464904554188251,0.22798050940036774,0.4334659278392792,1.7219626903533936,-0.0300501249730587,-4.78181266784668,0.627169668674469,-0.07705859839916229,-0.43385550379753113,-5.9391770362854,-3.2550249099731445,-2.2868435382843018
75,-43.4859504699707,-1.0343847274780273,4.681601524353027,-2.369903564453125,7.1484222412109375,-0.9897928237915039,60.487510681152344,-22.510608673095703,19.660860061645508,11.70941162109375,0.8373086452484131,-0.05962514877319336,-3.3397269248962402,0.02435734122991562,1.209921956062317,9.355502128601074,6.193044662475586,-4.223621845245361,3.8872640132904053,-1.8704895973205566,-0.02101421356201172,-4.7959513664245605,7.03975772857666,-5.944675445556641
76,-55.538848876953125,0.5784702301025391,-2.494997024536133,-15.555744171142578,-1.6091761589050293,0.6490593552589417,70.02957916259766,-11.231898307800293,26.881298065185547,-48.93572998046875,-20.0,3.3853261470794678,-5.324967861175537,0.919996440410614,-0.1919301599264145,11.006074905395508,3.5516886711120605,0.3230762779712677,1.194381594657898,-0.07646140456199646,-0.5082600116729736,-1.307252287864685,7.055289268493652,-0.27138715982437134
77,-24.58884620666504,-3.40246319770813,4.11895227432251,-17.841447830200195,-1.2061774730682373,0.026385784149169922,31.193044662475586,-15.874067306518555,32.513160705566406,-53.7130241394043,-13.853269577026367,-0.1477982997894287,-5.240318775177002,0.5343853235244751,0.019082559272646904,6.706099987030029,1.730974793434143,2.0000665187835693,1.1229575872421265,0.1360313594341278,0.0012843683362007141,1.0981837511062622,-2.207967758178711,0.20201537013053894
78,-8.512031555175781,-8.23703670501709,5.914157390594482,-10.036346435546875,-0.6983152627944946,-0.24082660675048828,9.535541534423828,-8.55315113067627,26.224870681762695,-60.918399810791016,-5.115642070770264,3.6867265701293945,-4.713799476623535,0.17345841228961945,0.4414553642272949,2.720730781555176,0.5585294365882874,1.597702980041504,1.6099002361297607,-0.06020553410053253,-0.07129822671413422,0.6014937162399292,-2.0603721141815186,-0.002639390528202057
79,7.617156028747559,-2.632913827896118,-0.19422292709350586,-2.427607297897339,-0.35442209243774414,-0.09399557113647461,-15.035669326782227,-13.618362426757812,22.875417709350586,-63.33039093017578,1.0105104446411133,2.8112146854400635,-3.9160220623016357,-0.1854695826768875,-0.07146105170249939,-0.29351186752319336,-1.037893533706665,1.8590753078460693,1.8583881855010986,0.01024007797241211,-0.0893591120839119,0.02481236308813095,-1.9643292427062988,-0.16851262748241425
80,15.260236740112305,-5.768583297729492,2.435593843460083,5.212271690368652,0.06924676895141602,-0.14321422576904297,-22.655609130859375,-11.810420036315918,15.915983200073242,-67.10384368896484,7.890550136566162,3.162367820739746,-2.670240640640259,-0.3938458263874054,-0.23478077352046967,-1.9066721200942993,-2.2636666297912598,2.3043177127838135,2.125005006790161,0.18917526304721832,-0.06650206446647644,-0.5434291362762451,-1.6977232694625854,0.22586706280708313
81,12.525540351867676,-6.237619876861572,4.438408374786377,7.346972465515137,0.38007020950317383,-0.2251887321472168,-22.943708419799805,-13.271347999572754,11.948649406433105,-56.191001892089844,16.34845733642578,4.003522872924805,-1.8267346620559692,-0.35045507550239563,0.29490265250205994,-2.915123462677002,-1.5333799123764038,2.6562705039978027,2.048259973526001,0.3381538391113281,0.06908343732357025,-0.9739493131637573,-1.4271113872528076,0.2175922393798828
82,20.402917861938477,15.324234008789062,-10.437198638916016,1.392730712890625,0.13422131538391113,-0.19167470932006836,-23.442073822021484,-18.814462661743164,2.9682796001434326,-19.349355697631836,20.0,6.2738566398620605,-0.056797824800014496,0.510545015335083,-0.4290693402290344,-6.668233871459961,-1.3082956075668335,1.560125708580017,1.389162540435791,0.32881784439086914,-0.30699998140335083,-0.055586859583854675,-0.24736018478870392,-0.7611080408096313
83,42.954132080078125,10.494880676269531,-9.368915557861328,11.10232162475586,0.49782925844192505,-0.027588844299316406,-35.6953125,-4.101350784301758,-6.333977222442627,-1.2508125305175781,16.294654846191406,4.204693794250488,2.8588218688964844,0.533564031124115,-0.9882360696792603,-10.256429672241211,-0.2533024549484253,1.7928444147109985,-1.6722872257232666,-0.5205341577529907,-0.697256863117218,5.715528964996338,3.703935146331787,1.3792173862457275
84,53.37432098388672,21.464494705200195,-40.64573669433594,-49.6467170715332,-20.0,15.750452041625977,-50.724342346191406,-2.7758047580718994,0.7062559127807617,-6.900764465332031,-0.9269366264343262,-0.08390331268310547,1.5088438987731934,-0.1591445803642273,0.26468902826309204,3.008864402770996,-0.029122844338417053,-0.8274111747741699,-3.9155797958374023,-0.46557533740997314,0.8632107973098755,9.708571434020996,2.908876657485962,2.976557731628418
85,22.414730072021484,19.154285430908203,-36.63592529296875,-64.6965560913086,-2.940520763397217,3.0818324089050293,-24.3739070892334,-0.2659395933151245,-0.24980831146240234,-16.81976318359375,-1.1276209354400635,-0.31202077865600586,1.7466439008712769,-0.3015521168708801,0.10892549157142639,0.3015337586402893,-2.1333115100860596,0.6111229658126831,-3.908216714859009,-0.23510602116584778,1.4940311908721924,5.064541339874268,1.4525638818740845,2.2713980674743652
86,-0.6043796539306641,17.230478286743164,-31.532363891601562,-66.95480346679688,0.6868860721588135,1.2125385999679565,-4.518747329711914,2.3874831199645996,-3.4368021488189697,-8.06669807434082,-0.6368891000747681,-0.15307903289794922,2.1002426147460938,-0.13518092036247253,-0.020577147603034973,-0.47521358728408813,-1.8446218967437744,0.3034488558769226,-3.152111768722534,0.035148121416568756,1.1507612466812134,0.9305851459503174,0.12808218598365784,2.248572587966919
87,-18.937763214111328,11.389300346374512,-16.86606788635254,-70.3965072631836,4.507479667663574,-3.6470470428466797,9.273601531982422,7.984383583068848,-7.341119766235352,1.8430066108703613,-0.07725071907043457,-0.14721417427062988,2.346409797668457,-0.24769732356071472,-0.12900319695472717,-1.2770593166351318,-1.5328948497772217,0.3879084885120392,-2.06589674949646,-0.15218672156333923,0.02118651755154133,-1.3476965427398682,-0.4726472496986389,1.1774225234985352
88,-3.6450624465942383,12.9247465133667,-4.307981491088867,-32.46544647216797,13.026617050170898,-9.285229682922363,0.17357826232910156,-0.6724848747253418,-1.5352035760879517,2.524601936340332,-0.16374421119689941,-0.14032894372940063,2.3912317752838135,-0.42109808325767517,0.2030785083770752,-1.514938235282898,-1.1973559856414795,0.5989765524864197,-1.7755664587020874,-0.664147138595581,-0.319404661655426,-2.2632038593292236,-1.6673293113708496,-0.3438072204589844
89,-10.94500732421875,11.757792472839355,-7.278930187225342,-32.9298210144043,19.898832321166992,-8.883481979370117,4.9677629470825195,5.979671955108643,-2.357518196105957,6.132848739624023,0.30706971883773804,0.02791464328765869,2.149566411972046,-0.40463921427726746,0.1256781816482544,-1.4820668697357178,-1.2046271562576294,-0.14674623310565948,-1.3934582471847534,-0.20846503973007202,-0.19775040447711945,-2.7996268272399902,-0.4260196387767792,-0.5785275101661682
90,-16.131406784057617,9.137076377868652,-0.9242703914642334,-12.285944938659668,20.0,-5.164118766784668,21.35148048400879,-7.0338521003723145,5.1246819496154785,2.3129539489746094,0.00816357135772705,-0.05871772766113281,1.5423518419265747,-0.07767520844936371,0.070813849568367,0.01680196449160576,-0.9204318523406982,-4.585977554321289,0.7257519364356995,-0.6544546484947205,-0.38055551052093506,-6.511194229125977,-0.865385115146637,-1.6731160879135132
91,-36.30797576904297,-7.3348517417907715,10.523390769958496,1.5680122375488281,10.205329895019531,-1.9208197593688965,45.89323043823242,-9.662306785583496,11.096138954162598,11.922809600830078,0.5981539487838745,-0.029131412506103516,-1.9783838987350464,0.16682195663452148,1.1391316652297974,6.802902698516846,4.180912017822266,-3.2953543663024902,3.073756694793701,-0.843841016292572,0.7303803563117981,-9.410780906677246,0.8650359511375427,-2.0953094959259033
92,-38.46666717529297,7.532120704650879,-5.60671329498291,-12.83995246887207,-1.1153244972229004,0.5029600858688354,42.80643844604492,-17.58407211303711,21.421669006347656,-38.80659103393555,-20.0,0.5701339244842529,-3.03468656539917,1.0599093437194824,-0.5786080360412598,7.3843488693237305,2.1658458709716797,-0.6424688100814819,1.3657723665237427,0.5201183557510376,-0.16519449651241302,1.1353657245635986,-3.063788414001465,0.26235926151275635
93,-23.073726654052734,-7.097781658172607,6.276367664337158,-8.859748840332031,-0.7320847511291504,0.11487865447998047,31.389678955078125,-18.518516540527344,32.31695556640625,-54.53676986694336,-0.10432863235473633,-1.623859167098999,-3.3181052207946777,0.3885625898838043,-0.3150539696216583,5.80356502532959,1.322773814201355,1.5835721492767334,1.4858871698379517,-0.005311399698257446,-0.25005167722702026,1.1357252597808838,-2.517495632171631,0.09041552245616913
94,-10.519786834716797,-1.323033332824707,1.5860915184020996,-9.991569519042969,-0.7722830772399902,-0.11252593994140625,10.106744766235352,-11.69780158996582,24.117477416992188,-66.68402862548828,3.2230305671691895,0.8408130407333374,-2.8538122177124023,0.5562455654144287,-0.4160943329334259,1.9989237785339355,-0.9764025211334229,2.042609930038452,2.0192923545837402,0.1875261813402176,-0.4814298152923584,0.13795194029808044,-2.0695810317993164,-0.16671022772789001
95,2.774874687194824,-10.021871566772461,5.601302623748779,1.181687355041504,0.06245279312133789,-0.2278134822845459,-6.12492561340332,-12.408910751342773,24.973100662231445,-70.18988037109375,7.516494274139404,-0.31628796458244324,-2.1406564712524414,-0.3278203308582306,-0.24517138302326202,0.14221370220184326,-0.7575712203979492,1.6872557401657104,2.2929422855377197,0.11623509228229523,-0.2078736424446106,-0.5051204562187195,-1.8529973030090332,-0.03947649896144867
96,0.13127565383911133,-3.559451103210449,4.1410627365112305,-1.055891990661621,-0.16744351387023926,-0.17274761199951172,-2.2701196670532227,-9.377849578857422,11.69713020324707,-40.28125,17.95591926574707,2.1517550945281982,-1.4152456521987915,-0.1539531946182251,0.5364353060722351,-2.355823278427124,-1.5107742547988892,2.205265522003174,2.3641836643218994,0.20486873388290405,-0.09879514575004578,-0.7959677577018738,-1.6082218885421753,0.13667559623718262
97,6.883846282958984,0.48516738414764404,-2.0713112354278564,4.166420936584473,0.1811230182647705,-0.17811155319213867,-10.752936363220215,-10.827407836914062,11.213976860046387,-31.00751495361328,20.0,1.2103123664855957,-0.5768091082572937,-0.20222075283527374,-0.09473608434200287,-3.8321616649627686,-0.9877535700798035,1.6178534030914307,2.4057302474975586,0.3732187747955322,-0.14842066168785095,-1.005799651145935,-1.4850033521652222,-0.09524622559547424
98,19.291444778442383,-0.20012402534484863,0.467740535736084,7.645801544189453,0.25772225856781006,-0.14482688903808594,-24.07634735107422,-4.698185920715332,1.1799077987670898,-18.18205451965332,20.0,3.1833338737487793,0.42280498147010803,-0.17274430394172668,0.25419652462005615,-5.2130818367004395,-0.705413281917572,1.7884784936904907,1.1879324913024902,0.1613364964723587,-0.16089272499084473,0.6821569800376892,-0.3200591802597046,-0.4561840295791626
99,36.111942291259766,13.563922882080078,-11.65379524230957,6.149425506591797,0.44095325469970703,-0.11450856924057007,-33.460723876953125,4.8244404792785645,-11.307758331298828,-0.20807838439941406,12.514820098876953,3.996670722961426,2.7387540340423584,0.14065782725811005,-1.334588885307312,-9.469775199890137,1.2653257846832275,0.20304341614246368,-1.7040674686431885,0.08159386366605759,-0.5174306631088257,5.4960761070251465,3.877138137817383,-0.5759943723678589
100,59.22941970825195,19.399024963378906,-32.28386306762695,-62.98179626464844,2.8024308681488037,2.1516661643981934,-52.410560607910156,2.694211006164551,-2.6604461669921875,-6.729358673095703,-1.1521550416946411,0.2058548927307129,1.345390796661377,-0.8663737177848816,-0.37967419624328613,0.8788800835609436,-2.2576911449432373,-0.29367440938949585,-3.9184720516204834,-0.4513868987560272,0.4138219952583313,8.936346054077148,1.404402494430542,2.3962228298187256
101,13.582165718078613,12.344195365905762,-34.136600494384766,-71.29277801513672,-1.5812492370605469,3.9593303203582764,-14.431886672973633,8.664473533630371,-4.193474769592285,-12.24941635131836,-0.6330461502075195,-0.2014317512512207,1.9917665719985962,0.1098749116063118,0.07284346967935562,0.186338871717453,-2.1968510150909424,0.4343007802963257,-3.288195848464966,0.9175305366516113,0.8977916240692139,4.849518775939941,1.2257096767425537,2.230980157852173
102,11.544164657592773,8.0142240524292,-27.54561996459961,-70.26432037353516,3.4204564094543457,0.29316556453704834,-17.894777297973633,5.317948341369629,-5.552511215209961,-9.50172233581543,-0.7214356660842896,-0.17842864990234375,2.3401784896850586,-0.11387686431407928,0.1844053864479065,-0.7821540832519531,-1.697724461555481,0.5944074392318726,-3.170487403869629,0.7762746810913086,0.4338153302669525,1.2926650047302246,0.11912772804498672,1.3121832609176636
103,-11.407878875732422,15.87265682220459,-17.776931762695312,-48.860389709472656,10.481620788574219,-4.040111541748047,3.4452571868896484,-3.0628371238708496,-0.30729520320892334,-2.6548099517822266,-0.23653870820999146,-0.13067597150802612,2.3105132579803467,-0.2692021131515503,0.0986764058470726,-1.3040900230407715,-1.4705277681350708,0.3611166477203369,-2.516939878463745,0.2927367389202118,-0.1096828356385231,-1.722831130027771,-0.18950922787189484,0.43085113167762756
104,-16.63867950439453,13.158690452575684,-12.999175071716309,-46.215354919433594,13.999038696289062,-7.961483001708984,13.92654800415039,-4.254714488983154,2.643784999847412,3.5449771881103516,-0.07460784912109375,-0.08065560460090637,2.8203675746917725,-0.5294898152351379,0.27539801597595215,-2.0157432556152344,-1.202987790107727,0.7557650804519653,-0.8449527025222778,-0.2551104724407196,0.04904105141758919,-4.020242691040039,-1.4053481817245483,-0.05934316664934158
105,-23.145156860351562,11.15606689453125,-6.925139904022217,-28.808494567871094,20.0,-6.665580749511719,16.71041488647461,-0.23258662223815918,-0.42997241020202637,8.502559661865234,0.19865870475769043,-0.0440065860748291,2.3047401905059814,-0.16282141208648682,0.11240796744823456,-1.3283143043518066,-1.3738694190979004,-3.0999927520751953,0.3074619174003601,-0.38231027126312256,-0.6729727983474731,-5.443488597869873,-1.8301712274551392,-1.4536982774734497
106,-25.7060489654541,4.804878234863281,0.5549225807189941,-5.282070159912109,20.0,-4.035436630249023,30.015485763549805,-4.83753776550293,5.297699928283691,10.535594940185547,0.6526066064834595,0.005522727966308594,-0.34205788373947144,0.3331623375415802,0.2562105655670166,3.350248098373413,1.1612656116485596,-4.457515239715576,1.9335474967956543,-0.5201277732849121,-0.8564080595970154,-7.335844993591309,0.6188060641288757,-2.6592133045196533
107,-45.205501556396484,-1.6148301362991333,5.258007049560547,-5.616668701171875,-0.2307119369506836,0.35993432998657227,50.3445930480957,-15.328285217285156,23.587421417236328,-5.662576675415039,-8.847920417785645,2.4595696926116943,-2.5696616172790527,0.4161987006664276,1.2007224559783936,7.589824199676514,4.228896141052246,-2.814107656478882,2.496299982070923,-0.8342071175575256,-0.659652054309845,-2.3381998538970947,8.844971656799316,-5.823093414306641
108,-22.754182815551758,-7.514001846313477,2.1843419075012207,-9.810832977294922,-1.1308850049972534,0.48448848724365234,29.159788131713867,-4.3790154457092285,21.041046142578125,-63.7813606262207,-4.193230628967285,-2.3571770191192627,-2.9583981037139893,0.23622968792915344,-0.021640734747052193,6.47437047958374,1.1503019332885742,1.5783231258392334,1.3846770524978638,0.01146593689918518,-0.2687113881111145,1.0713438987731934,-2.529388189315796,0.3928797245025635
109,-20.54341697692871,-4.302517414093018,3.7269539833068848,-10.057756423950195,-0.6333160400390625,-0.12974834442138672,21.482553482055664,-13.482473373413086,31.396442413330078,-50.62911605834961,3.1766586303710938,-0.5551864504814148,-3.290905714035034,-0.06075851619243622,0.4047914743423462,3.988985300064087,0.512998104095459,2.176741361618042,1.3954966068267822,0.006182029843330383,-0.08861589431762695,0.7090005874633789,-2.24452805519104,0.04929269850254059
110,-6.263759613037109,0.3410416841506958,-1.5556199550628662,-6.876753807067871,-0.41162335872650146,-0.13802289962768555,7.127758979797363,-15.820235252380371,29.873191833496094,-55.10102081298828,6.533102035522461,0.4442915618419647,-2.6118247509002686,-0.4304688274860382,-0.15565666556358337,0.6086335182189941,-0.08394552767276764,2.1616344451904297,1.833074927330017,0.06286907196044922,0.004491925239562988,0.13696996867656708,-2.02962589263916,-0.0670468658208847
111,5.279337406158447,0.17575502395629883,-0.8159976005554199,1.6285042762756348,-0.14715051651000977,-0.14164113998413086,-9.840653419494629,-15.716991424560547,23.08906364440918,-60.243507385253906,14.037582397460938,0.2473846673965454,-1.8885045051574707,-0.3645687997341156,-0.5094799995422363,-1.1301400661468506,-1.2745740413665771,2.450951099395752,2.016177177429199,0.2740774154663086,0.05359813570976257,-0.47252562642097473,-1.7724907398223877,0.3071667551994324
112,-2.4585580825805664,0.39380165934562683,2.0475759506225586,-2.732088088989258,-0.11360085010528564,-0.22249174118041992,0.021753311157226562,-13.728960037231445,8.702887535095215,-29.02069664001465,20.0,2.5160529613494873,-1.1390485763549805,-0.039782822132110596,-0.05119616165757179,-4.582104682922363,-0.7723667621612549,2.7937896251678467,2.0627307891845703,0.3895571231842041,0.07443664222955704,-0.7631235122680664,-1.5172953605651855,-0.06039169430732727
113,27.92206382751465,10.85343074798584,-7.528536796569824,4.945072174072266,0.14580869674682617,-0.24710345268249512,-22.536365509033203,-6.7670183181762695,-2.0747246742248535,-8.525300979614258,20.0,5.171306133270264,1.267320990562439,0.35143840312957764,-0.5857935547828674,-8.192207336425781,-0.9010868072509766,1.438223958015442,0.7259290814399719,-0.0035501993261277676,-0.4260406494140625,1.7892348766326904,0.522881269454956,0.3072872459888458
114,37.594482421875,9.947389602661133,-14.978724479675293,-16.5011043548584,-17.99970054626465,8.084216117858887,-40.51148986816406,-4.465201377868652,-2.699230670928955,-9.364526748657227,6.121220588684082,2.0166573524475098,2.6969950199127197,0.6553104519844055,0.16963139176368713,-2.350295066833496,8.619159698486328,-3.303309202194214,-1.2912760972976685,-0.5548731684684753,-0.21028469502925873,5.6346588134765625,3.093306064605713,2.505608558654785
115,20.656511306762695,24.472679138183594,-31.794239044189453,-67.09554290771484,1.4068472385406494,2.462357997894287,-27.249046325683594,0.5972055196762085,-0.5364863872528076,-7.53765869140625,-0.9784715175628662,-0.21509504318237305,1.614617109298706,-0.18073022365570068,0.2909535765647888,0.45953914523124695,-2.273122787475586,0.44206851720809937,-2.460305690765381,-0.399745911359787,0.8407317399978638,5.0452656745910645,0.852429986000061,2.7021868228912354
116,30.645700454711914,24.832250595092773,-35.47119903564453,-64.58592224121094,7.404599189758301,0.2955605983734131,-33.19799041748047,7.680917739868164,-6.642030715942383,-5.29949951171875,-0.5488710403442383,-0.23863649368286133,1.6978830099105835,-0.025133788585662842,0.2049345076084137,-0.007522694766521454,-2.039588689804077,0.4909077286720276,-3.6743156909942627,0.4439164996147156,0.8972833156585693,4.870842933654785,0.8198500275611877,1.4810304641723633
117,10.127082824707031,18.48436737060547,-33.26801681518555,-66.22319030761719,8.336852073669434,-0.7889220714569092,-13.97916030883789,0.3154022693634033,-1.384070873260498,-6.43918514251709,-0.4060628414154053,-0.14713799953460693,2.0789151191711426,-0.22442923486232758,0.14989891648292542,-0.7829391956329346,-1.6805431842803955,0.6127949953079224,-3.428269147872925,0.29536202549934387,0.8066970705986023,2.439225196838379,0.9559543132781982,0.8939803242683411
118,6.409412384033203,15.220643043518066,-23.45922088623047,-51.8037109375,17.54119873046875,-5.74666690826416,-10.745509147644043,5.3749918937683105,-5.564084053039551,-6.7657856941223145,-0.6518312692642212,-0.08179640769958496,2.280076503753662,-0.06672922521829605,-0.01298687607049942,-1.3663147687911987,-1.333095908164978,0.6042286157608032,-2.877689838409424,0.5916128158569336,-0.012080485932528973,-1.4121342897415161,-0.4571269750595093,-0.41454705595970154
119,-1.2267475128173828,8.787008285522461,-14.111640930175781,-40.27833557128906,20.0,-9.773913383483887,-0.025224685668945312,1.1744441986083984,-2.2822022438049316,2.413172721862793,-0.14450526237487793,0.05655837059020996,2.702087163925171,-0.272940456867218,0.16816487908363342,-2.025111436843872,-0.9244644641876221,0.8685104250907898,-2.021841049194336,0.18920603394508362,-0.35839954018592834,-3.0428884029388428,-1.1626516580581665,-0.7526364326477051
120,0.5072898864746094,9.795388221740723,-9.57699966430664,-22.807666778564453,20.0,-7.9562883377075195,3.8960132598876953,-4.6927008628845215,2.0144009590148926,2.7829437255859375,-0.09077215194702148,-0.019600391387939453,2.8842384815216064,-0.08017389476299286,0.19245803356170654,-1.5895143747329712,-1.2511624097824097,-3.294412851333618,-0.6491352319717407,-0.124615877866745,-0.5058255791664124,-5.337027072906494,-1.8497763872146606,-2.149484872817993
121,-28.443857192993164,-3.818849802017212,-0.7215080261230469,-9.354877471923828,20.0,-4.228960990905762,30.15001678466797,-3.5918664932250977,5.117539405822754,9.6142578125,0.525490939617157,0.07672786712646484,0.6381412148475647,-0.3750975430011749,0.07256291806697845,2.0293869972229004,0.9291556477546692,-4.082049369812012,0.965639591217041,-0.516817033290863,-0.1097538024187088,-7.441849231719971,-0.22615884244441986,-2.850158214569092
122,-62.96528625488281,-4.105578899383545,7.34796142578125,-5.656017303466797,0.7405567169189453,0.14992094039916992,71.25988006591797,-10.622108459472656,12.604243278503418,-10.503593444824219,-13.394883155822754,5.503246784210205,-2.978379249572754,0.2516811788082123,0.6981732249259949,8.519759178161621,6.875892162322998,-3.119633674621582,2.0884759426116943,-0.7306581735610962,0.05644795298576355,-2.409841775894165,9.768510818481445,5.05938720703125
123,-34.24102783203125,-7.760589599609375,4.346061706542969,-14.050680160522461,-1.8132076263427734,0.4851229190826416,45.37974548339844,-17.732725143432617,25.70488739013672,-43.37482452392578,2.62553071975708,-3.616715908050537,-3.754119634628296,-0.18746164441108704,0.6613036394119263,7.096283912658691,1.1508740186691284,1.589566707611084,1.1810753345489502,0.041978295892477036,0.28418296575546265,1.6204372644424438,-2.986797571182251,0.7770275473594666
124,-25.558429718017578,-1.6633930206298828,1.0710160732269287,-11.848179817199707,-0.6681854724884033,-0.08735418319702148,34.585540771484375,-16.861665725708008,29.520444869995117,-61.933895111083984,2.058920383453369,-1.6357842683792114,-4.2248663902282715,-0.30916157364845276,0.045443058013916016,4.071599006652832,1.3116575479507446,2.0728566646575928,1.7455246448516846,0.04115442931652069,-0.16734179854393005,0.6975562572479248,-2.3900561332702637,0.07360132038593292
125,-6.171545028686523,4.149544715881348,-2.044219493865967,-6.967367172241211,-0.6097111105918884,-0.1308445930480957,11.906472206115723,-19.869422912597656,28.55155372619629,-51.18114471435547,7.936415195465088,-0.583602249622345,-3.6323461532592773,-0.10294534265995026,-0.20374155044555664,0.7205073833465576,-0.23375307023525238,2.3026957511901855,2.2533318996429443,0.12149031460285187,-0.23842275142669678,0.08712911605834961,-2.2176032066345215,-0.14953431487083435
126,7.48001766204834,5.139596462249756,-3.305169105529785,1.085810661315918,-0.09995436668395996,-0.16651678085327148,-7.2527947425842285,-24.99371910095215,27.275087356567383,-60.47492980957031,10.659997940063477,-0.45480993390083313,-2.5384116172790527,-0.04310673475265503,-0.6492249965667725,-1.7759604454040527,-0.6653240323066711,2.0603063106536865,2.6806862354278564,0.10383857786655426,-0.26223471760749817,-0.5316541790962219,-1.9927663803100586,-0.09459583461284637
127,10.425207138061523,-2.0478265285491943,2.2833704948425293,7.480001449584961,0.08687257766723633,-0.18793201446533203,-11.53962516784668,-14.659448623657227,15.389083862304688,-47.32786560058594,20.0,0.5295175313949585,-1.6402262449264526,0.35521984100341797,-0.17743566632270813,-2.2492387294769287,-1.4678778648376465,2.3488528728485107,2.8387675285339355,0.3062763214111328,-0.22301682829856873,-0.9805160760879517,-1.8196303844451904,0.08250129222869873
128,19.333898544311523,3.998112201690674,-2.957416296005249,3.6487178802490234,0.20891928672790527,-0.22474431991577148,-23.575721740722656,-13.121228218078613,6.810064792633057,-22.941984176635742,20.0,1.615599513053894,-0.2440536767244339,0.49291691184043884,-0.21464349329471588,-4.835501670837402,-1.3368356227874756,1.4908373355865479,2.2892136573791504,0.19836759567260742,-0.27632930874824524,-0.34633761644363403,-1.0938159227371216,-0.4315190613269806
129,31.303804397583008,0.7042908668518066,-2.6029715538024902,10.411144256591797,0.543480634689331,-0.09814691543579102,-34.92926788330078,-2.466698169708252,-4.584022045135498,-17.811220169067383,20.0,2.5052685737609863,1.3072633743286133,0.5049039125442505,-0.4064022898674011,-6.429725646972656,0.10468529164791107,1.4574737548828125,0.27081409096717834,-0.07012856006622314,-0.48245570063591003,2.5435311794281006,1.3024846315383911,-0.5596805214881897
130,47.056488037109375,13.613866806030273,-23.020246505737305,-23.65255355834961,-19.873205184936523,8.998167037963867,-47.04866027832031,-2.933046579360962,-3.5851447582244873,-2.189441680908203,0.10878944396972656,0.2652626037597656,2.897662401199341,0.6286265254020691,0.14767153561115265,-2.598001480102539,9.905189514160156,-5.504650115966797,-2.581731081008911,-0.39381471276283264,-0.17915502190589905,8.547589302062988,4.93330192565918,2.295910596847534
131,21.477985382080078,24.358173370361328,-41.48929977416992,-74.43978881835938,2.614422559738159,0.7850971221923828,-24.610340118408203,-2.4403975009918213,2.8618946075439453,-15.224520683288574,-1.6722075939178467,-0.23968172073364258,1.655322551727295,-0.03955230116844177,0.20677095651626587,0.5688112378120422,-2.444390058517456,0.7733650207519531,-2.546309471130371,-0.03420363366603851,0.8830072283744812,4.278831481933594,-0.35400041937828064,2.4955739974975586
132,24.758529663085938,19.938444137573242,-29.906715393066406,-66.74919891357422,8.484102249145508,-3.3944098949432373,-23.92989730834961,2.4888598918914795,-2.897516965866089,-7.383856773376465,-0.5758814811706543,-0.280303955078125,2.1430158615112305,-0.3388257622718811,0.2702105641365051,-0.43179476261138916,-1.930742621421814,0.8863620758056641,-2.702174425125122,-0.009042087942361832,1.1561800241470337,1.9062011241912842,-1.5085662603378296,0.9149155020713806
133,4.763788223266602,22.198802947998047,-27.357473373413086,-54.32297134399414,9.12344741821289,-4.052794456481934,-7.278386116027832,-0.7440926432609558,-1.6157302856445312,-1.8327628374099731,0.06308239698410034,-0.04578423500061035,2.2999775409698486,-0.3232733905315399,0.21844062209129333,-0.9342161417007446,-1.7048227787017822,0.7919949293136597,-2.4824559688568115,-0.07204481214284897,0.8712098598480225,-0.07199297845363617,0.036454685032367706,1.033606767654419
134,-7.999740123748779,17.832605361938477,-18.482080459594727,-43.608253479003906,13.1171293258667,-5.643660068511963,5.778794765472412,-0.23765450716018677,-1.9228003025054932,-1.8527107238769531,-0.25133049488067627,-0.06862854957580566,2.624032497406006,-0.11096160113811493,0.047194983810186386,-1.4009020328521729,-1.5588724613189697,0.3718582093715668,-0.9799478650093079,-0.14981043338775635,-0.025723330676555634,-3.9978020191192627,-0.5807384848594666,0.6016823053359985
135,-4.430373191833496,8.606809616088867,-4.739058494567871,-21.086246490478516,20.0,-6.882582187652588,7.366230010986328,-3.0651235580444336,1.9405086040496826,6.907745361328125,0.047838687896728516,-0.172987699508667,2.5826644897460938,-0.274104505777359,0.019206922501325607,-0.9643740653991699,-1.6012568473815918,-2.4507381916046143,0.040974847972393036,-0.8303650617599487,-0.2069530040025711,-4.628782272338867,-1.1301133632659912,-1.474872350692749
136,-8.70867919921875,-3.2823448181152344,2.9858384132385254,-3.072479248046875,20.0,-4.593992233276367,10.350520133972168,3.5060372352600098,-0.663455605506897,5.938276290893555,0.22652024030685425,0.08071231842041016,0.8112634420394897,0.01109260693192482,0.3555618226528168,2.011409044265747,0.17882713675498962,-2.500135660171509,0.6584829092025757,-0.3616737723350525,-0.014035090804100037,-6.205508232116699,0.19051353633403778,-2.10068416595459
137,-45.1357421875,-5.148017883300781,7.747851848602295,-9.38917350769043,6.577441692352295,-1.8100533485412598,45.998695373535156,-4.519496917724609,5.8090691566467285,-19.909603118896484,-13.839632987976074,5.237846374511719,-1.5680361986160278,0.3847407102584839,0.2610567510128021,5.851211071014404,3.477062225341797,-2.1738433837890625,2.4003982543945312,-0.33976003527641296,-0.7507058382034302,-1.6036603450775146,8.200882911682129,0.5602498054504395
138,-26.115968704223633,-7.4022016525268555,5.468465328216553,-7.002540588378906,-1.0418652296066284,0.2915557622909546,28.573055267333984,-22.01336669921875,18.34967613220215,-67.15348815917969,4.116808891296387,-3.1326253414154053,-2.5588390827178955,0.5000886917114258,0.2097214162349701,5.665416240692139,0.5473363399505615,0.8297184109687805,1.4269925355911255,0.27103206515312195,-0.26265332102775574,0.8268068432807922,-2.4379689693450928,0.2558977007865906
139,-23.824644088745117,-3.80269193649292,2.4705982208251953,-8.491045951843262,-0.4588139057159424,-0.04640936851501465,25.739166259765625,-28.814428329467773,33.60395812988281,-60.162052154541016,7.24582576751709,-2.0896286964416504,-2.9282054901123047,-0.2970123291015625,0.035380035638809204,3.3893682956695557,1.1119881868362427,1.3488365411758423,1.5937224626541138,0.06893425434827805,-0.07734423130750656,0.336770623922348,-2.0940093994140625,0.020331621170043945
140,-16.093860626220703,0.26010167598724365,1.1231576204299927,-6.083372116088867,-0.5255939960479736,-0.07877159118652344,17.397281646728516,-17.912275314331055,24.902231216430664,-53.7203254699707,14.364550590515137,-0.5462268590927124,-3.0036306381225586,0.03674847632646561,0.16375166177749634,1.096960425376892,0.5535072088241577,2.140045642852783,1.8593227863311768,0.2333424687385559,-0.22856056690216064,-0.30861425399780273,-1.7413395643234253,-0.14306841790676117
141,0.07959747314453125,0.034469425678253174,-0.16844087839126587,-2.0239644050598145,-0.43198204040527344,-0.15070724487304688,1.455460548400879,-12.859359741210938,16.68485450744629,-42.0435791015625,20.0,0.11059367656707764,-2.213486671447754,-0.07895472645759583,-0.18646326661109924,-1.4629980325698853,-1.4687526226043701,2.4489994049072266,2.220611333847046,0.24361026287078857,-0.3480643033981323,-0.7509937286376953,-1.6353839635849,0.048337697982788086
142,0.5086188316345215,2.8364529609680176,-1.1537156105041504,1.8490467071533203,0.11858314275741577,-0.23689603805541992,-1.6742658615112305,-15.998392105102539,15.638649940490723,-34.05206298828125,20.0,-0.394567608833313,-1.5670582056045532,0.08286301791667938,-0.3005565404891968,-3.3373911380767822,-0.3210832178592682,1.6443315744400024,2.3035576343536377,0.34971052408218384,-0.3520967662334442,-0.9833879470825195,-1.4916445016860962,-0.08188195526599884
143,21.026044845581055,6.233048439025879,-4.599091053009033,5.644495010375977,0.12136468291282654,-0.12821173667907715,-24.744237899780273,-12.88193416595459,11.697469711303711,-23.139724731445312,20.0,2.4661459922790527,0.17486214637756348,0.19085945188999176,-0.4092189371585846,-6.174411296844482,-0.1413925141096115,1.1392765045166016,1.9045093059539795,0.2054668664932251,-0.2914878726005554,-0.3631546199321747,-0.9210995435714722,-0.641192615032196
144,51.979129791259766,6.6445183753967285,-12.1512451171875,-16.280811309814453,-17.203956604003906,7.642563343048096,-46.25108337402344,6.285523414611816,-11.622259140014648,0.9397602081298828,13.094085693359375,4.395608901977539,2.543414831161499,0.6599912643432617,-0.005963709205389023,-2.6012799739837646,10.396233558654785,-3.5233571529388428,-1.5923856496810913,0.00840469729155302,-0.12378600239753723,6.075544357299805,4.4253621101379395,-0.47096386551856995
145,32.31093215942383,30.10719108581543,-38.0661506652832,-64.4740982055664,-0.10935544967651367,3.8514678478240967,-32.339359283447266,-3.525500774383545,1.1615102291107178,-6.742877960205078,-1.16886568069458,0.19838666915893555,1.6646384000778198,-0.22944137454032898,0.23950612545013428,0.4407002627849579,-2.2294061183929443,0.6161977052688599,-2.980111837387085,-0.3186023533344269,0.7202577590942383,6.77199649810791,1.5236680507659912,2.9458062648773193
146,39.711849212646484,15.833938598632812,-31.161447525024414,-62.09450912475586,4.410217761993408,1.4866642951965332,-38.25940704345703,12.745790481567383,-9.769429206848145,-11.345117568969727,-0.8290635347366333,-0.2441856861114502,1.932816743850708,-0.1315663605928421,0.10806155204772949,-0.21532994508743286,-1.8469103574752808,0.3487468957901001,-3.8240444660186768,0.45896726846694946,0.3078218698501587,4.638336658477783,1.2302864789962769,1.3659031391143799
147,-0.45806121826171875,25.532939910888672,-31.544612884521484,-60.798423767089844,5.011688232421875,-2.219809055328369,-0.7313785552978516,-8.887377738952637,4.591028213500977,-8.298868179321289,-0.5871008634567261,-0.14886808395385742,2.62467098236084,-0.08364284783601761,0.24053090810775757,-1.0814192295074463,-1.7204625606536865,0.7742615342140198,-2.6237571239471436,0.28180718421936035,0.5947730541229248,0.22784800827503204,-0.2578331530094147,1.492903232574463
148,-0.6957159042358398,11.345065116882324,-21.013957977294922,-51.448516845703125,13.227670669555664,-5.772397518157959,-6.278413772583008,6.123723030090332,-5.734466075897217,0.21711444854736328,-0.15800748765468597,-0.12003275752067566,2.568875312805176,-0.04327885061502457,0.11466695368289948,-1.4763705730438232,-1.3934693336486816,0.72126305103302,-2.3760690689086914,0.32429829239845276,-0.3342110514640808,-1.6455000638961792,-0.07436143606901169,0.18191155791282654
149,-12.741262435913086,11.549678802490234,-12.763212203979492,-37.295562744140625,18.91647720336914,-7.123085021972656,3.421894073486328,4.353256702423096,-1.8608677387237549,6.240041732788086,-0.04310953617095947,-0.028493940830230713,2.0233492851257324,-0.3019229769706726,-0.1228051483631134,-1.49718177318573,-1.232184886932373,0.2170630544424057,-2.4573943614959717,0.38239866495132446,-0.33674806356430054,-1.5638071298599243,-0.9133006930351257,-0.3690139353275299
150,-3.3439435958862305,8.981267929077148,-10.737383842468262,-29.278667449951172,20.0,-8.739336013793945,11.323325157165527,-2.657489776611328,1.3146129846572876,2.2835845947265625,0.09513640403747559,-0.04187965393066406,2.756331443786621,-0.18301433324813843,-0.027386892586946487,-1.6360199451446533,-1.0995979309082031,-1.3360724449157715,-0.3263883590698242,0.11320315301418304,-0.4905450642108917,-4.263251304626465,-0.8100444078445435,-1.6384867429733276
151,-7.228584289550781,-7.305781364440918,7.455016613006592,-2.998464584350586,20.0,-5.372925758361816,11.670406341552734,-0.6510841846466064,2.164494276046753,5.185779571533203,0.16475331783294678,0.03322935104370117,1.5717097520828247,-0.5090602040290833,0.28546059131622314,0.6240143179893494,-0.11205365508794785,-3.360642433166504,0.49786993861198425,-0.18301768600940704,0.34437665343284607,-5.4689412117004395,-0.2891593277454376,-2.7458596229553223
152,-41.9721794128418,-0.8251360654830933,5.711793422698975,-0.8505363464355469,7.9458465576171875,-1.5964584350585938,48.52775573730469,-18.303607940673828,12.886479377746582,9.648223876953125,0.4931309223175049,0.1447734832763672,-1.9671827554702759,0.02903527021408081,1.1853362321853638,6.928213596343994,4.919684410095215,-4.0206427574157715,2.942620277404785,-1.3458613157272339,0.13564077019691467,-6.33236026763916,6.838995933532715,-4.176971912384033
153,-45.71208190917969,-1.9665312767028809,-0.919213593006134,-13.622631072998047,-1.412980318069458,0.6290991902351379,57.617462158203125,-15.009943008422852,13.279800415039062,-58.83015823364258,-7.252809524536133,-2.010249137878418,-3.5741844177246094,0.7016972303390503,-0.3042062819004059,7.476701259613037,1.676841139793396,0.5455847382545471,1.1716021299362183,0.39221614599227905,-0.07005544006824493,1.3434529304504395,-2.493380069732666,0.40084707736968994
154,-12.556787490844727,-4.611293315887451,4.703746795654297,-7.496984481811523,-0.5143325328826904,-0.05268216133117676,17.748123168945312,-26.190353393554688,34.581424713134766,-67.10994720458984,-2.933199405670166,-0.3703375458717346,-3.58508563041687,0.05898687243461609,0.061862677335739136,5.2296671867370605,1.6112940311431885,1.3503050804138184,1.5250228643417358,-0.19401320815086365,-0.09398462623357773,0.8633819818496704,-2.3950963020324707,-0.0029906928539276123
155,-8.804807662963867,3.641845703125,-1.9214811325073242,-6.619921684265137,-0.555517315864563,-0.07507681846618652,14.066381454467773,-21.22226333618164,29.101299285888672,-59.163063049316406,-0.2499399185180664,-0.1909162402153015,-3.1284632682800293,0.29534685611724854,-0.3285210430622101,2.793457269668579,0.4626539945602417,1.522066354751587,2.1545310020446777,-0.09008614718914032,-0.2986963391304016,0.18982326984405518,-2.1910457611083984,-0.0009840279817581177
156,3.995455741882324,-5.904940128326416,3.8840725421905518,-0.8417739868164062,-0.18014347553253174,-0.16581392288208008,-8.719087600708008,-11.7449951171875,20.71519660949707,-59.42409133911133,3.3953988552093506,-0.5034730434417725,-2.601686477661133,-0.04650197550654411,0.08804415166378021,0.9543596506118774,-0.3476652204990387,1.5043712854385376,2.1974024772644043,-0.12320943921804428,-0.13273735344409943,-0.20457857847213745,-2.038721799850464,-0.022021129727363586
157,4.296382904052734,-5.447128772735596,2.4997618198394775,0.15973520278930664,-0.10576868057250977,-0.12420368194580078,-9.323271751403809,-10.288928031921387,13.397762298583984,-57.23836898803711,13.774304389953613,0.6937623620033264,-1.9146977663040161,-0.10903360694646835,0.04396475479006767,-1.0969074964523315,-1.0663237571716309,1.7689340114593506,2.2399985790252686,0.17739275097846985,-0.06025782600045204,-0.757269561290741,-1.631088376045227,0.2943432033061981
158,15.640539169311523,-1.340874433517456,0.2184138298034668,1.7740840911865234,-0.01537179946899414,-0.1315016746520996,-18.30317497253418,-8.957757949829102,5.2495832443237305,-43.58708190917969,19.159849166870117,2.025310754776001,-0.24344347417354584,-0.10842803865671158,-0.27391284704208374,-3.9320898056030273,-2.4843714237213135,2.0790529251098633,2.729109764099121,0.2945043742656708,-0.2907923758029938,-1.4159436225891113,-1.4303077459335327,0.12897983193397522
159,13.92813491821289,6.362673759460449,-3.6615936756134033,1.5992584228515625,0.3399477005004883,-0.247880220413208,-18.673555374145508,-12.518359184265137,-2.5559518337249756,-9.484609603881836,20.0,2.8386247158050537,0.8815991878509521,0.30223193764686584,-0.18360844254493713,-7.441473007202148,-0.5744649767875671,0.43088066577911377,0.8716048002243042,0.0694049671292305,-0.6084323525428772,0.7891879081726074,0.6035155057907104,-0.49295303225517273
160,46.45944595336914,7.710592746734619,-7.773255348205566,15.288436889648438,0.5115504264831543,0.08748984336853027,-44.11984634399414,-0.4728255271911621,-4.78646183013916,-5.349065780639648,7.480196475982666,2.2890625,3.4784882068634033,0.055986128747463226,-0.7871230840682983,-9.466567993164062,-0.2571198642253876,1.2066611051559448,-1.7676037549972534,-0.6002944707870483,-0.3947032392024994,5.698390007019043,3.785710096359253,1.3025096654891968
161,38.930824279785156,17.771045684814453,-27.63445472717285,-37.00002670288086,-18.320846557617188,14.054459571838379,-35.69771194458008,0.10212806612253189,-0.22562932968139648,-7.880882263183594,-1.008026123046875,-0.07381916046142578,1.912588357925415,0.37060749530792236,-0.1253221333026886,0.6586700677871704,-1.8549208641052246,-6.593216896057129,-3.1521036624908447,-0.05187428370118141,0.9010789394378662,7.7310709953308105,1.2366604804992676,2.595954656600952
162,16.864177703857422,14.738632202148438,-28.543991088867188,-65.48944091796875,-0.21222257614135742,4.8844990730285645,-19.823678970336914,6.078315734863281,-5.053462982177734,-13.365700721740723,-0.786829948425293,-0.17492341995239258,1.820222020149231,-0.07775704562664032,0.06254179775714874,0.47345593571662903,-2.243422031402588,0.30160248279571533,-2.9108569622039795,0.23352058231830597,0.8363576531410217,3.582737684249878,0.41428419947624207,2.5861690044403076
163,-11.820140838623047,10.188239097595215,-19.77318000793457,-70.84062194824219,2.4023585319519043,1.5288084745407104,-0.9638309478759766,11.854155540466309,-9.484561920166016,-3.5821104049682617,-0.2514244318008423,-0.15163922309875488,1.7775282859802246,0.08889812231063843,-0.048828985542058945,-0.22730565071105957,-1.9549473524093628,0.03238117694854736,-2.5911667346954346,0.738892138004303,-0.19545824825763702,0.6779834628105164,0.4104352593421936,1.743747591972351
164,6.259910583496094,11.60876750946045,-15.859942436218262,-62.59730529785156,13.04506778717041,-5.512033939361572,-11.039383888244629,5.999350547790527,-4.285306930541992,1.1465705633163452,-0.37877655029296875,-0.1880517601966858,2.033123731613159,-0.4112848937511444,0.1071406677365303,-0.9713531136512756,-1.524316430091858,0.7209061980247498,-2.5845651626586914,0.42505335807800293,-0.2654862701892853,0.10885211080312729,-1.397200107574463,0.11256325989961624
165,8.054811477661133,13.007712364196777,-10.59421443939209,-34.47172546386719,20.0,-10.647263526916504,-5.657662391662598,1.7664594650268555,-2.784210443496704,-0.08899784088134766,-0.07700681686401367,-0.020021557807922363,2.4624407291412354,-0.487667977809906,0.2513573169708252,-1.4435820579528809,-1.1364933252334595,0.922655463218689,-2.017855167388916,0.29441317915916443,-0.6097407937049866,-1.4189273118972778,-1.6449731588363647,-0.8768053650856018
166,-6.420360565185547,27.827789306640625,-13.995840072631836,-29.098712921142578,20.0,-6.954141616821289,6.945358753204346,-14.54188346862793,9.968149185180664,-0.025365829467773438,0.07637488842010498,-0.019031405448913574,2.5159995555877686,-0.6297472715377808,0.050030115991830826,-1.433864712715149,-1.1770802736282349,-1.7233614921569824,-0.6244024038314819,-0.37070780992507935,0.1253843754529953,-4.6135969161987305,-0.8888251185417175,-0.6625319719314575
167,-35.74147033691406,19.8525447845459,-7.961198806762695,-15.435281753540039,20.0,-3.6093902587890625,35.409854888916016,-11.415376663208008,8.026265144348145,7.885753631591797,0.2610757350921631,-0.056778907775878906,0.5997042059898376,0.25325360894203186,0.15592671930789948,1.7835198640823364,0.272483229637146,-4.654982089996338,1.7615447044372559,-0.5433648824691772,-0.3435707986354828,-8.79108715057373,-0.4598377048969269,-1.5828098058700562
168,-50.120933532714844,1.3457551002502441,3.3588500022888184,-1.6950950622558594,0.9311504364013672,0.23287677764892578,65.30884552001953,-16.319904327392578,23.840362548828125,-11.715412139892578,-14.147335052490234,6.2930908203125,-2.1437017917633057,1.3017563819885254,1.3133962154388428,8.88018798828125,6.114513874053955,-3.4134652614593506,2.734856128692627,-1.015220046043396,-1.2790260314941406,-2.137397289276123,7.752262115478516,-6.105249881744385
169,-29.720138549804688,-7.4578094482421875,2.2493557929992676,-12.917461395263672,-1.6171250343322754,0.5262984037399292,29.441482543945312,-13.422773361206055,26.56199836730957,-50.17931365966797,-10.398892402648926,12.752690315246582,-3.1591131687164307,0.27119624614715576,-0.011897407472133636,7.890953063964844,1.2873462438583374,0.9549704194068909,1.489847183227539,-0.09431996941566467,-0.043644070625305176,1.1183364391326904,-2.6930534839630127,2.445195198059082
170,-27.244991302490234,-5.986399173736572,5.121612548828125,-14.149528503417969,-0.8404883146286011,-0.06622934341430664,30.981935501098633,-20.440523147583008,35.216217041015625,-64.85318756103516,1.947295904159546,1.7600221633911133,-3.412982702255249,-0.14777179062366486,0.3936641812324524,3.8860936164855957,0.7147642374038696,1.920722484588623,1.545555591583252,0.04234127700328827,0.04047878086566925,0.7374303340911865,-2.308318614959717,-0.05779525637626648
171,-9.78718376159668,-11.946288108825684,6.57232666015625,-3.1552181243896484,-0.3669464886188507,-0.16628503799438477,9.14810848236084,-6.896599769592285,26.92424201965332,-66.87232971191406,3.3506593704223633,1.5004760026931763,-3.4807634353637695,-1.032954454421997,0.4993645250797272,2.0301194190979004,0.13125218451023102,2.5403435230255127,1.7428441047668457,-0.02904653549194336,0.15080265700817108,0.1829785704612732,-2.0659937858581543,-0.06393358111381531
172,2.624331474304199,-1.670823574066162,1.4734134674072266,-2.0123229026794434,-0.24240803718566895,-0.2692115306854248,-6.230006217956543,-12.546934127807617,19.48047637939453,-69.76115417480469,8.648117065429688,3.665137767791748,-2.7640902996063232,-0.8266972303390503,0.4415872097015381,-0.7335978150367737,-0.62675940990448,1.7786986827850342,2.129098415374756,0.1645171046257019,-0.04542355239391327,-0.6712600588798523,-1.6788705587387085,0.06171552836894989
173,6.776830196380615,7.508401393890381,-5.2489423751831055,0.5891742706298828,-0.11192965507507324,-0.0823819637298584,-7.031058311462402,-20.875036239624023,16.988597869873047,-46.53731918334961,18.623788833618164,3.5996906757354736,-1.52289617061615,-0.22761909663677216,-0.2726728320121765,-3.2914834022521973,-1.3451863527297974,1.953641653060913,2.5807931423187256,0.5488685965538025,-0.1683608889579773,-1.4014657735824585,-1.355215072631836,-0.08135712146759033
174,5.251752853393555,-1.0647754669189453,2.3059024810791016,7.149846076965332,0.10862088203430176,-0.19437742233276367,-10.432144165039062,-22.219825744628906,13.77358341217041,-36.692626953125,20.0,2.8336257934570312,-0.92253178358078,-0.29268118739128113,0.3065100610256195,-4.21574068069458,-1.4505659341812134,2.083692789077759,2.4277050495147705,0.37187182903289795,-0.019055256620049477,-1.4707520008087158,-1.2461520433425903,-0.1304398477077484
175,18.416744232177734,7.357077598571777,-6.250199794769287,9.044031143188477,0.37653541564941406,-0.1145472526550293,-26.290420532226562,-18.45333480834961,10.897762298583984,-26.288867950439453,20.0,6.000809669494629,0.13242343068122864,0.13552013039588928,-0.25093674659729004,-5.102616786956787,-0.5939655900001526,1.943778157234192,2.09617280960083,0.48525547981262207,-0.09839474409818649,-1.2451430559158325,-0.6980331540107727,-1.0160095691680908
176,31.5615291595459,11.011015892028809,-8.376899719238281,12.755098342895508,0.3736915588378906,-0.13533401489257812,-27.843143463134766,-15.478017807006836,2.49783992767334,-9.247135162353516,20.0,5.434428691864014,1.7414367198944092,0.47790640592575073,-0.616075873374939,-5.510675430297852,-0.9075068831443787,0.9777405261993408,-0.018941907212138176,-0.06736554950475693,-0.4849056005477905,2.590583562850952,1.4041820764541626,0.03880522400140762
177,60.56732177734375,14.404566764831543,-25.76871681213379,-15.770706176757812,-16.50118637084961,8.686159133911133,-58.911376953125,-5.218077182769775,-1.6641780138015747,-4.490016937255859,-0.0910177230834961,0.14771032333374023,2.8211116790771484,0.7668578028678894,0.26706770062446594,-2.641972541809082,9.031214714050293,-6.00393533706665,-3.357072353363037,-0.7110997438430786,0.05849820375442505,9.396198272705078,5.178684711456299,2.777559518814087
178,43.1408805847168,25.485984802246094,-41.28238296508789,-55.4318962097168,2.7433927059173584,4.909298896789551,-36.34446716308594,3.206749200820923,-1.7834949493408203,-14.74655532836914,-1.656657338142395,-0.27654457092285156,1.3106200695037842,-0.12086889892816544,0.1589449942111969,0.8593114018440247,-2.2763516902923584,0.060206376016139984,-4.29840612411499,0.19259291887283325,1.2388843297958374,7.329375743865967,0.7126290202140808,2.439842462539673
179,13.622171401977539,25.790983200073242,-34.32344055175781,-54.7425537109375,3.9068264961242676,0.8424584269523621,-10.570362091064453,-3.1415393352508545,-1.0319435596466064,-13.80402660369873,-0.6246641874313354,-0.20705842971801758,1.939687967300415,0.11132989823818207,0.03948728367686272,0.16561339795589447,-2.1984915733337402,0.4195135831832886,-3.3085319995880127,0.18187543749809265,0.6353306770324707,1.966908574104309,0.6703174114227295,1.8310796022415161
180,7.725522041320801,22.73700523376465,-25.70701789855957,-55.004817962646484,10.28635311126709,-5.641544342041016,-8.506414413452148,-2.48063325881958,-0.3243880271911621,-1.927940845489502,-0.44066500663757324,-0.16669487953186035,2.2923667430877686,-0.11644235998392105,0.10067784786224365,-0.5414258241653442,-1.9090712070465088,0.8620187640190125,-3.041916847229004,-0.3199155330657959,0.4288327097892761,0.15937311947345734,-0.6589778065681458,1.2514809370040894
181,-10.320653915405273,11.050240516662598,-15.694123268127441,-42.31051254272461,14.244752883911133,-5.797364234924316,6.900054454803467,-0.18771815299987793,0.15682029724121094,-0.7020092010498047,-0.09092903137207031,-0.17707642912864685,2.5142457485198975,-0.15543381869792938,0.16503098607063293,-1.0625730752944946,-1.765533685684204,0.38406306505203247,-1.990660309791565,-0.40982162952423096,0.4612954258918762,-2.722923517227173,-0.8569385409355164,-0.0152928801253438
182,-5.95878791809082,10.158198356628418,-10.015403747558594,-35.25502395629883,20.0,-9.740484237670898,5.511580944061279,4.361690998077393,-3.380864143371582,5.117927551269531,-0.06275415420532227,-0.013870954513549805,2.716306447982788,-0.2218984067440033,-0.020493406802415848,-1.232576847076416,-1.4773203134536743,-0.5830743908882141,-0.759743332862854,-0.5582225918769836,-0.21162185072898865,-4.24445915222168,-2.022796869277954,-1.1178135871887207
183,-26.135072708129883,6.3636322021484375,-9.301248550415039,-32.9770393371582,20.0,-6.874770641326904,16.514616012573242,4.919623374938965,-2.1787123680114746,10.613104820251465,0.5087438821792603,0.08202934265136719,2.2290146350860596,0.03211449831724167,-0.022805511951446533,-0.8011772632598877,-1.6726529598236084,-3.0253543853759766,0.058960918337106705,-0.4045502245426178,-0.5881943106651306,-4.846989154815674,-0.45495396852493286,-1.7764509916305542
184,-16.44489288330078,-7.925526142120361,7.471243858337402,4.431774139404297,20.0,-4.207159996032715,25.179386138916016,-7.242578506469727,8.501310348510742,4.698444366455078,0.22305428981781006,-0.023725509643554688,-0.8131422400474548,-0.3331294357776642,0.29855889081954956,4.485767364501953,2.2175676822662354,-2.847268581390381,1.6691728830337524,-0.816855788230896,0.5236632227897644,-8.182931900024414,0.7623990774154663,-2.811375856399536
185,-56.107444763183594,-0.5352835655212402,3.167717695236206,-7.276847839355469,-0.5193109512329102,0.27991437911987305,66.89373779296875,-19.62278938293457,26.44427490234375,-43.35956573486328,-20.0,-3.7332375049591064,-3.1803696155548096,1.066115140914917,0.6759387850761414,8.866689682006836,4.667374610900879,-1.2361451387405396,1.2780930995941162,0.7592968344688416,0.0650438740849495,1.189078450202942,-2.472193956375122,-0.6388501524925232
186,-26.398027420043945,-5.310573577880859,3.203514575958252,-12.2923583984375,-1.3297080993652344,0.20728325843811035,36.890689849853516,-23.174243927001953,33.266231536865234,-56.1423225402832,-0.13751888275146484,-0.719555675983429,-3.288027286529541,-0.005045747384428978,0.05240580812096596,6.423503875732422,1.277119755744934,0.8876155614852905,1.7924761772155762,0.05553067475557327,-0.06746907532215118,0.937829852104187,-2.507049322128296,0.14111311733722687
187,-15.075645446777344,-1.5356086492538452,1.7520698308944702,-10.397194862365723,-0.5926400423049927,-0.052986860275268555,13.948770523071289,-14.953146934509277,23.427936553955078,-55.23700714111328,-0.45954322814941406,-0.5400726795196533,-3.475041151046753,-0.07801734656095505,-0.08165960013866425,3.5061142444610596,0.9298909902572632,1.348425269126892,1.9813553094863892,0.06571900844573975,-0.23178791999816895,0.4095099866390228,-2.2838263511657715,-0.01871490478515625
188,-2.307703971862793,5.5961809158325195,-3.1271438598632812,-5.7396979331970215,-0.489804744720459,-0.06539177894592285,-0.9540519714355469,-23.116697311401367,24.912813186645508,-63.893455505371094,5.393062591552734,2.219717502593994,-2.8754289150238037,0.3585166037082672,-0.3759916424751282,0.25185471773147583,-0.36016321182250977,1.5626417398452759,2.2955985069274902,0.31009572744369507,-0.3039224147796631,-0.36634910106658936,-1.904986023902893,-0.23863062262535095
189,10.034271240234375,0.663841962814331,-0.035794734954833984,1.9640483856201172,-0.1647658348083496,-0.12309074401855469,-15.09398078918457,-18.910554885864258,16.368629455566406,-63.848350524902344,16.525697708129883,1.3626620769500732,-1.8541853427886963,0.49818068742752075,-0.4305248558521271,-2.026118278503418,-2.1015281677246094,1.7742100954055786,2.5626349449157715,0.3155524730682373,-0.4397621750831604,-1.0759717226028442,-1.6820765733718872,0.28750935196876526
190,5.343886852264404,-1.2957701683044434,0.8909984827041626,2.5803585052490234,0.16111278533935547,-0.1443333625793457,-8.515867233276367,-19.076948165893555,13.03084945678711,-34.2320556640625,20.0,2.817923069000244,-0.8458796143531799,0.2831196188926697,-0.1460043042898178,-4.454864501953125,-1.4332298040390015,2.0210485458374023,2.5502166748046875,0.2637534737586975,-0.23834820091724396,-1.259041666984558,-1.4290094375610352,-0.09644478559494019
191,13.234773635864258,-6.864921569824219,4.367911338806152,13.848154067993164,0.38060855865478516,-0.20862340927124023,-16.683490753173828,-9.549849510192871,11.265345573425293,-36.03325653076172,20.0,2.229001045227051,-0.16002079844474792,0.00023322831839323044,0.3174235224723816,-3.1660985946655273,-1.4279248714447021,2.0199265480041504,2.624488353729248,0.08219832181930542,-0.3392883539199829,-1.2635425329208374,-1.5036907196044922,-0.26335713267326355
192,16.364490509033203,5.554166316986084,-4.463067054748535,6.103780746459961,0.41287267208099365,-0.1533820629119873,-23.778778076171875,-12.793966293334961,5.146437644958496,-18.50128746032715,20.0,4.987981796264648,0.6058424711227417,0.24946627020835876,0.30641135573387146,-4.679632186889648,0.3344757854938507,1.6401795148849487,1.2801183462142944,0.01772727072238922,-0.2935831546783447,0.348652720451355,-0.31790751218795776,-0.6487286686897278
193,55.08416748046875,14.556065559387207,-14.518922805786133,11.94691276550293,0.5171511173248291,-0.02390575408935547,-48.48494338989258,2.9498565196990967,-4.675650596618652,-4.728887557983398,12.075593948364258,3.3606531620025635,3.6280295848846436,0.3505619168281555,-1.2422183752059937,-7.814698696136475,0.7237440347671509,0.9271939992904663,-1.940996766090393,-0.006826619617640972,-0.12078642845153809,6.204256534576416,3.98319935798645,1.7419109344482422
194,47.01326370239258,21.287384033203125,-32.890262603759766,-62.39817810058594,2.1754684448242188,19.654390335083008,-44.39110565185547,6.10548734664917,-4.076397895812988,-6.185859680175781,-1.0989644527435303,-0.07669878005981445,1.667047381401062,-0.40817975997924805,-0.19963976740837097,0.5186440944671631,-3.7161903381347656,-2.122586727142334,-4.038412094116211,0.062148988246917725,0.8929402232170105,9.294551849365234,1.7357499599456787,3.087143659591675
195,32.16899490356445,21.457416534423828,-42.51076889038086,-59.46406173706055,2.046837091445923,2.161928415298462,-29.30206298828125,-0.14035272598266602,-1.7923448085784912,-16.127485275268555,-0.9450811147689819,-0.3153262138366699,1.8167755603790283,-0.09975862503051758,-0.012845396995544434,0.17447015643119812,-2.082329273223877,0.473758339881897,-4.010398864746094,0.4788702428340912,0.7707387208938599,4.991129398345947,1.0680463314056396,1.8260794878005981
196,9.215794563293457,12.820257186889648,-22.233001708984375,-51.405914306640625,4.240167140960693,1.216892123222351,-12.042095184326172,-0.9770073890686035,-1.5568249225616455,-12.847694396972656,-0.6664853096008301,-0.18133807182312012,2.089951515197754,-0.1137038990855217,0.16401062905788422,-0.536954402923584,-1.7185815572738647,0.2449069619178772,-3.657768487930298,0.3206140398979187,0.659860372543335,-0.08614911139011383,1.0299160480499268,0.9825434684753418
197,-15.181489944458008,13.310089111328125,-19.9494686126709,-50.75229263305664,8.40618896484375,-1.5724081993103027,14.351058959960938,-1.6764581203460693,0.02379786968231201,0.6118593215942383,-0.19897300004959106,-0.07581031322479248,2.668809413909912,-0.2686755955219269,0.04808209091424942,-1.2347385883331299,-1.594442367553711,0.12153744697570801,-1.748541235923767,-0.11172753572463989,0.25254562497138977,-3.3231496810913086,0.24345587193965912,0.8344743847846985
198,-28.958301544189453,10.006355285644531,-5.742604732513428,-31.787599563598633,13.096900939941406,-5.257046699523926,24.089054107666016,-6.480871200561523,3.034959316253662,5.487802505493164,-0.055365562438964844,-0.15104138851165771,2.5442981719970703,-0.21422038972377777,0.04047342389822006,-1.0606021881103516,-1.6270051002502441,-1.7284122705459595,0.09825848042964935,-0.8458738923072815,-0.31982260942459106,-5.997199058532715,-1.1295366287231445,-0.6127613186836243
199,-15.94473934173584,3.820655584335327,2.5053019523620605,-9.161067008972168,20.0,-4.796160697937012,15.952740669250488,2.1510705947875977,0.7900339365005493,12.391437530517578,0.35157251358032227,-0.016168594360351562,1.0165276527404785,0.053257595747709274,0.12564140558242798,1.4500722885131836,-0.46469753980636597,-3.0520644187927246,0.6703535318374634,-0.6643140316009521,-0.2096383422613144,-5.504853248596191,-0.7410491108894348,-1.5536655187606812
200,-36.56534194946289,-3.6855578422546387,9.604995727539062,-2.833993911743164,6.812683582305908,-1.6229352951049805,43.01340103149414,-9.474690437316895,12.503681182861328,-12.014959335327148,-12.570476531982422,4.467596054077148,-1.3858057260513306,0.20213186740875244,0.4950486719608307,6.060903072357178,3.2258949279785156,-2.8182578086853027,2.2262184619903564,-0.9700151681900024,-0.738017737865448,-2.3582921028137207,8.574384689331055,-5.728707313537598
201,-29.322071075439453,-3.55078387260437,1.6920232772827148,-7.500400543212891,-0.9247593879699707,0.43259942531585693,26.352706909179688,-13.030075073242188,18.986295700073242,-79.8930435180664,-0.7550673484802246,-1.2939484119415283,-2.8810088634490967,0.6639531850814819,-0.4466893970966339,6.387413024902344,1.5382989645004272,0.7875024676322937,1.2578811645507812,0.22301538288593292,-0.5205190181732178,0.8271922469139099,-2.4596571922302246,0.20708435773849487
202,-20.082714080810547,-4.812094688415527,4.608188629150391,-8.343685150146484,-0.6539576053619385,-0.056555747985839844,29.94955062866211,-25.246150970458984,36.792293548583984,-73.81202697753906,8.606879234313965,0.7591149806976318,-2.178508758544922,0.32531121373176575,-0.0700339525938034,3.4188830852508545,0.6667311191558838,1.7593483924865723,2.2349586486816406,0.19206354022026062,-0.4342702031135559,-0.10603557527065277,-2.027024269104004,-0.1799795776605606
203,-20.186038970947266,-5.072628498077393,3.7583768367767334,-6.101398468017578,-0.5309416055679321,-0.15283870697021484,19.372806549072266,-17.371034622192383,28.45750617980957,-54.76893615722656,14.588350296020508,1.1323766708374023,-2.4927525520324707,-0.19001631438732147,0.03672149032354355,1.1612001657485962,0.053047217428684235,2.0825088024139404,2.276230812072754,0.16953395307064056,-0.24812066555023193,-0.5635019540786743,-1.6542283296585083,0.01108938455581665
204,-11.78195571899414,-5.6149516105651855,4.28561544418335,0.4208512306213379,-0.24225080013275146,-0.18870115280151367,9.08757209777832,-10.661901473999023,21.907773971557617,-45.99004364013672,18.32440948486328,0.7612341642379761,-2.9885551929473877,-0.4023600220680237,0.16141143441200256,0.7736713290214539,-0.3969959020614624,2.4387149810791016,2.203517436981201,0.2287461757659912,-0.29739049077033997,-0.8515395522117615,-1.4927945137023926,0.10990579426288605
205,3.2138328552246094,1.794477939605713,-0.7341761589050293,-0.6807069778442383,-0.09597504138946533,-0.22648978233337402,-4.9980387687683105,-17.278085708618164,19.688817977905273,-42.400169372558594,19.789579391479492,1.530571699142456,-2.111889600753784,-0.4412820637226105,0.2190450131893158,-1.7304869890213013,-0.5194520950317383,1.9673435688018799,2.3958303928375244,0.23541206121444702,-0.18264427781105042,-1.217635989189148,-1.350529432296753,0.05232954025268555
206,13.248424530029297,4.688624382019043,-3.370530843734741,2.6847000122070312,-0.09715104103088379,-0.14717602729797363,-18.704349517822266,-15.58392333984375,14.396566390991211,-26.738231658935547,20.0,3.2115283012390137,-0.8574439287185669,-0.31536629796028137,0.24484053254127502,-4.25739049911499,-1.890817403793335,1.8225897550582886,2.240097761154175,0.21853718161582947,0.04288948327302933,-1.2499842643737793,-1.288084864616394,-0.2234686017036438
207,19.389759063720703,4.790175914764404,-3.9343161582946777,10.53467082977295,0.4856914281845093,-0.14284682273864746,-26.104419708251953,-8.443168640136719,2.658327341079712,-26.45262336730957,20.0,3.6523542404174805,-0.039024412631988525,0.21326132118701935,-0.4108443856239319,-4.2356061935424805,-0.8116790056228638,1.147343397140503,2.1369903087615967,0.5268656611442566,-0.34074389934539795,-1.2891950607299805,-1.1947340965270996,-0.4827026128768921
208,62.82891845703125,15.848403930664062,-14.2685546875,7.753761291503906,0.7645618915557861,-0.008067965507507324,-56.87771224975586,5.48192024230957,-9.31242561340332,4.3232269287109375,9.14812183380127,2.2177155017852783,3.5739853382110596,0.9883876442909241,-0.27617961168289185,-5.158168792724609,8.846954345703125,-2.5739893913269043,-2.493304967880249,0.45307299494743347,-0.32162046432495117,8.077593803405762,5.91977071762085,1.7756683826446533
209,57.61212158203125,32.70112609863281,-46.2491569519043,-58.68531036376953,0.631195068359375,-3.515183448791504,-49.373924255371094,-11.552044868469238,6.8716888427734375,-11.968376159667969,-1.606292724609375,-0.22707509994506836,1.5072212219238281,-0.09222137928009033,0.6877042055130005,0.6356164216995239,-2.3143603801727295,0.9033997654914856,-4.41374397277832,-0.44839727878570557,1.3327680826187134,9.44226360321045,2.4089977741241455,2.363347291946411
210,26.395292282104492,18.22638511657715,-42.38654327392578,-69.53087615966797,0.024415016174316406,2.401003837585449,-25.42363739013672,8.609546661376953,-7.820076942443848,-17.22051239013672,-1.051137924194336,-0.14508318901062012,2.0653648376464844,0.19106510281562805,0.07202807068824768,-0.17584772408008575,-1.9822146892547607,0.5222088098526001,-3.763343572616577,0.33124637603759766,0.20852167904376984,3.573272228240967,1.5282460451126099,1.7513164281845093
211,5.347864151000977,21.444257736206055,-30.383377075195312,-52.573394775390625,3.674025058746338,-2.503258466720581,-6.871572494506836,-9.927574157714844,4.926535606384277,-5.927037715911865,-0.5563013553619385,-0.17218446731567383,2.358631134033203,-0.0473066009581089,0.3271809220314026,-0.8038979768753052,-1.77930748462677,0.8504666090011597,-3.576080322265625,-0.3589560389518738,0.6581015586853027,0.9074329137802124,0.5757481455802917,1.9939398765563965
212,-9.768320083618164,6.524817943572998,-21.87478256225586,-60.69917297363281,8.367731094360352,-4.352866172790527,4.728639602661133,7.464569091796875,-4.389851093292236,-1.0941276550292969,-0.386455774307251,-0.2300976812839508,2.7447779178619385,-0.11706425994634628,0.06444574892520905,-1.5778692960739136,-1.4477367401123047,0.45205157995224,-2.230088472366333,-0.10474571585655212,0.16712449491024017,-2.2824594974517822,-1.3090201616287231,0.10835868865251541
213,-5.0186767578125,3.6446995735168457,-8.554143905639648,-29.831832885742188,19.00264549255371,-9.184965133666992,1.294278621673584,2.856752634048462,-3.0652613639831543,2.106966018676758,-0.04509401321411133,-0.03157758712768555,2.6656734943389893,-0.15042835474014282,0.23418056964874268,-1.7498092651367188,-1.1585164070129395,-0.21155503392219543,-1.6898998022079468,-0.19079342484474182,-0.209992453455925,-4.344540119171143,-1.2453614473342896,-1.1002719402313232
214,-7.4421796798706055,4.489019393920898,-5.079423904418945,-23.403831481933594,20.0,-7.103335857391357,7.886959552764893,6.258443832397461,-3.4875648021698,10.365707397460938,0.20012450218200684,0.11315202713012695,2.4822072982788086,-0.16654019057750702,0.02748243138194084,-1.1635810136795044,-1.3671653270721436,-2.468461036682129,-0.9012598991394043,-0.1516895443201065,-0.5956375002861023,-3.8352651596069336,-1.6654430627822876,-1.4450455904006958
215,-18.389822006225586,-0.07123279571533203,-2.8992724418640137,-11.755766868591309,20.0,-4.565553188323975,20.427404403686523,-1.9937710762023926,3.726414203643799,6.350893020629883,0.46338319778442383,0.03522157669067383,1.5459177494049072,-0.3331913352012634,0.026358002796769142,0.42424044013023376,-0.33191004395484924,-2.4780757427215576,0.5879441499710083,-0.4074804484844208,-0.19394689798355103,-5.877208709716797,0.2799099087715149,-2.0802488327026367
216,-42.96357727050781,-3.244486093521118,5.460879325866699,-0.3472480773925781,8.362627029418945,-1.556394100189209,51.263343811035156,-12.318208694458008,11.137589454650879,11.722404479980469,0.4151632785797119,0.04865837097167969,-2.0515964031219482,-0.21937550604343414,0.14547643065452576,7.245476722717285,4.786695957183838,-3.0997610092163086,2.9085285663604736,-1.0727988481521606,-0.17298682034015656,-3.682805061340332,10.343229293823242,-5.738397598266602
217,-41.7816047668457,-2.487912893295288,2.7551522254943848,-12.0789794921875,-1.2898788452148438,0.41825175285339355,45.952728271484375,-14.017985343933105,18.319995880126953,-35.5604362487793,-20.0,-4.952017307281494,-3.5873091220855713,0.6090951561927795,0.06773530691862106,8.238197326660156,2.0756947994232178,0.24149033427238464,1.1543920040130615,0.7014286518096924,0.2656193673610687,1.5532443523406982,-3.0893187522888184,0.754557192325592
218,-17.10201072692871,1.2168118953704834,-0.8901457786560059,-12.334251403808594,-0.8313959836959839,0.0650625228881836,20.608779907226562,-25.777873992919922,36.29247283935547,-65.12391662597656,-2.472778797149658,0.12176436185836792,-3.439488172531128,0.06470800191164017,-0.5023921728134155,4.51249885559082,0.8211538195610046,1.210323691368103,1.4154244661331177,0.0018745362758636475,-0.2061503529548645,1.0482248067855835,-2.4463725090026855,-0.029850997030735016
219,-1.435011863708496,-7.049564838409424,5.607291221618652,-1.9354619979858398,-0.2966025173664093,-0.14792132377624512,4.709328651428223,-15.89665412902832,27.445234298706055,-76.59595489501953,-0.9762401580810547,0.3787330985069275,-2.7678446769714355,-0.14942730963230133,0.05810600519180298,2.602013111114502,-0.12867747247219086,1.444345474243164,2.013777732849121,-0.011002451181411743,-0.15158921480178833,0.2375638782978058,-2.1887683868408203,0.005758002400398254
220,-0.5214529037475586,-2.1725690364837646,1.8323564529418945,-2.776035785675049,-0.185008704662323,-0.13528156280517578,-2.9155330657958984,-15.832470893859863,20.13319206237793,-63.659358978271484,4.487990379333496,1.7870203256607056,-2.2323293685913086,-0.11084263771772385,0.14636054635047913,0.08289553225040436,-0.3834080696105957,1.4977037906646729,2.289454460144043,0.10769584774971008,-0.2231839895248413,-0.46163296699523926,-1.8605823516845703,-0.06143464148044586
221,2.0595192909240723,2.6801233291625977,-1.6397147178649902,0.17635536193847656,-0.13321983814239502,-0.1021728515625,-8.540445327758789,-17.550872802734375,13.52383804321289,-46.983760833740234,12.238712310791016,0.7525004148483276,-1.9509996175765991,0.13670219480991364,-0.17633512616157532,-1.7530597448349,-0.8926100134849548,1.5614091157913208,2.145892858505249,0.2733317017555237,-0.345474511384964,-0.7889761924743652,-1.6065735816955566,0.35707220435142517
222,13.185945510864258,1.2387518882751465,-1.4432415962219238,4.166221618652344,0.0762932300567627,-0.13042378425598145,-13.659186363220215,-15.195627212524414,12.480387687683105,-35.455162048339844,17.55500602722168,0.8796926140785217,-0.5385634303092957,0.0331607311964035,-0.44152554869651794,-3.570950984954834,-1.581562876701355,1.2095540761947632,2.455134153366089,0.26169145107269287,-0.3913055956363678,-1.038007140159607,-1.5584725141525269,0.08027306199073792
223,22.595703125,2.5516631603240967,-2.0016136169433594,6.666378021240234,0.29796290397644043,-0.06603026390075684,-30.440719604492188,-7.566221714019775,3.779970169067383,-22.92228889465332,19.03545379638672,2.4274203777313232,0.7296087741851807,0.276849627494812,-0.22994858026504517,-5.577071189880371,-1.5549403429031372,1.6614030599594116,1.4013081789016724,0.16852977871894836,-0.39585939049720764,0.13218402862548828,-0.5547899603843689,-0.5184817314147949
224,39.91454315185547,9.951885223388672,-8.612154006958008,8.866558074951172,0.7360563278198242,-0.11908698081970215,-39.63282012939453,-1.7716550827026367,-5.580081939697266,-2.563100814819336,10.550260543823242,2.920238971710205,3.12416934967041,0.26289334893226624,-0.7717769742012024,-9.31103801727295,1.5765821933746338,0.5222585797309875,-1.7487496137619019,-0.4870840907096863,-0.377603143453598,5.178999423980713,3.0625624656677246,0.6494532227516174
225,53.492103576660156,27.4993953704834,-34.76820373535156,-71.00695037841797,2.494321823120117,4.882091522216797,-39.922080993652344,-1.303342580795288,1.2276883125305176,-5.3335418701171875,-0.8181993961334229,-0.000286102294921875,1.5301682949066162,0.24533948302268982,0.5250617265701294,1.0732204914093018,-2.452793598175049,0.5331829786300659,-3.247495412826538,-0.12360535562038422,1.3731729984283447,8.621511459350586,1.3859813213348389,2.867414951324463
226,24.676868438720703,20.651275634765625,-35.760623931884766,-59.64552307128906,3.6633644104003906,1.428985357284546,-25.88077163696289,-0.8023428916931152,-1.9880790710449219,-16.027935028076172,-0.9519951343536377,-0.3225395679473877,1.9855817556381226,-0.027980297803878784,0.3372148275375366,0.15446464717388153,-2.147346258163452,0.5504395961761475,-3.1449708938598633,0.08790923655033112,1.4405794143676758,4.115466117858887,0.2505645155906677,1.0829237699508667
227,6.348090171813965,21.46514892578125,-27.10623550415039,-53.353675842285156,4.178704261779785,0.8953716158866882,-9.389181137084961,-0.6746802926063538,-2.9018356800079346,-7.430553913116455,-0.439713716506958,-0.009598970413208008,2.2643344402313232,0.07405908405780792,0.19893385469913483,-0.3284091651439667,-1.9582678079605103,0.3937252163887024,-2.625307083129883,0.018003201112151146,0.6821416020393372,0.6797043681144714,-0.15676365792751312,1.62313711643219
228,11.362536430358887,11.03484058380127,-19.28026580810547,-51.13649368286133,13.88944149017334,-4.186569690704346,-15.177372932434082,8.604866027832031,-7.090906620025635,0.2628057599067688,-0.37552595138549805,-0.14651323854923248,2.3398735523223877,-0.11721212416887283,0.09419210255146027,-0.730861485004425,-1.6928731203079224,0.5223769545555115,-2.798651695251465,-0.06492608785629272,-0.14967238903045654,0.004490082152187824,-1.6993614435195923,-0.137618288397789
229,-23.904796600341797,14.174883842468262,-19.45421028137207,-60.50199890136719,18.30067253112793,-6.919943809509277,11.571868896484375,4.327141761779785,-3.099410057067871,2.0352840423583984,0.27641457319259644,0.07520967721939087,2.4755234718322754,0.0665338933467865,0.008726142346858978,-1.554421067237854,-1.4688796997070312,0.29505276679992676,-1.5712836980819702,0.24309417605400085,-0.7523930072784424,-3.1305205821990967,-0.07203776389360428,0.24130100011825562
230,-3.321615219116211,3.939114809036255,-5.897878646850586,-27.74224281311035,20.0,-8.767885208129883,3.7465980052948,-2.158141851425171,1.4615864753723145,3.413135528564453,-0.2952890396118164,-0.14427804946899414,2.580317974090576,-0.12996095418930054,0.31077244877815247,-1.5007954835891724,-1.1730417013168335,-1.6361069679260254,-0.5234866738319397,-0.29432278871536255,-0.6187267899513245,-4.883271217346191,-2.1887638568878174,-1.8822730779647827
231,-18.737077713012695,-1.119717001914978,0.5010011196136475,-9.029109001159668,20.0,-4.716250896453857,22.822349548339844,0.9046688675880432,1.9113047122955322,9.419620513916016,0.5984664559364319,0.11270999908447266,1.2378628253936768,-0.049687694758176804,0.27815547585487366,1.0628106594085693,0.15559068322181702,-3.22359299659729,0.9454092979431152,-0.12964531779289246,-0.33692243695259094,-6.305102348327637,0.024502448737621307,-2.09989333152771
232,-54.048606872558594,-1.0795882940292358,7.529288291931152,-3.4686279296875,5.49985408782959,-1.0682125091552734,62.677391052246094,-13.78115463256836,13.531381607055664,-15.547384262084961,-17.349000930786133,7.433562278747559,-2.578784942626953,0.4789981544017792,0.5801552534103394,7.909548759460449,5.764132976531982,-3.5912344455718994,1.7618335485458374,-0.8237546682357788,-0.572900116443634,-1.9027055501937866,10.231311798095703,-0.4267458915710449
233,-29.01718521118164,-5.907313346862793,4.438412666320801,-9.951210021972656,-1.507702112197876,0.4796713590621948,33.5218620300293,-17.318330764770508,28.793594360351562,-46.191287994384766,-20.0,-2.354722499847412,-3.424433946609497,0.31711065769195557,0.6590591073036194,7.9022369384765625,0.7802730202674866,0.696038007736206,1.054036259651184,0.21734143793582916,0.2443019449710846,1.61638343334198,-2.783968210220337,-0.11977112293243408
234,-23.922338485717773,-1.9253270626068115,0.8525986671447754,-13.698193550109863,-0.6281694173812866,0.008460044860839844,31.246665954589844,-18.536571502685547,29.04293441772461,-62.45184326171875,-3.7143330574035645,-0.5834083557128906,-3.4179346561431885,0.015241039916872978,0.004283975809812546,4.132604122161865,1.0756728649139404,1.5492291450500488,1.7078149318695068,-0.030972406268119812,-0.20962178707122803,0.8628381490707397,-2.394968271255493,0.08060729503631592
235,-9.032615661621094,-6.894264221191406,4.448564529418945,-3.0057220458984375,-0.3687896728515625,-0.1363811492919922,11.1082124710083,-11.314948081970215,28.668170928955078,-66.9727783203125,0.615748405456543,0.11635975539684296,-3.38521671295166,-0.41011500358581543,0.23989014327526093,2.4371910095214844,0.5978233814239502,2.028120279312134,1.9875808954238892,-0.019994646310806274,-0.1496974229812622,0.24621525406837463,-2.11503005027771,-0.05883339047431946
236,7.043006896972656,-3.1728928089141846,0.9901805520057678,-0.9290218949317932,-0.2644796371459961,-0.18842744827270508,-11.218761444091797,-14.899712562561035,23.36444854736328,-76.6344985961914,5.708220958709717,2.1551566123962402,-2.355504035949707,-0.6469200253486633,0.04138626530766487,-0.3725747764110565,-0.7922694087028503,1.6217612028121948,2.444870710372925,0.20300719141960144,-0.05983186140656471,-0.726317286491394,-1.7654564380645752,-0.11409258842468262
237,8.529033660888672,-1.921201467514038,1.1692204475402832,2.6674108505249023,0.14337360858917236,-0.1521921157836914,-13.067401885986328,-8.440549850463867,9.384222984313965,-49.51471710205078,7.866106986999512,1.319437861442566,-1.4772697687149048,-0.5125806927680969,-0.18591924011707306,-1.8378233909606934,-0.367183655500412,1.4675145149230957,2.6241469383239746,0.3518858551979065,-0.2851034998893738,-1.0672537088394165,-1.5151903629302979,0.07458415627479553
238,6.660680294036865,6.20393705368042,-2.3087992668151855,2.037668228149414,-0.17069625854492188,-0.13210391998291016,-12.316058158874512,-18.368576049804688,7.344145774841309,-29.065643310546875,16.9146785736084,2.4530420303344727,-0.7526660561561584,0.11934293806552887,0.10179096460342407,-3.752110481262207,-1.784736156463623,1.2937265634536743,2.4244885444641113,0.4109562337398529,-0.3129122853279114,-1.2554709911346436,-1.5467160940170288,-0.2890097498893738
239,17.587554931640625,4.012466907501221,-3.035978078842163,7.773153305053711,0.4570460319519043,-0.0769805908203125,-18.808334350585938,-14.593463897705078,6.939085006713867,-22.912654876708984,20.0,5.172149658203125,0.7028685212135315,0.2744450271129608,0.0013985822442919016,-5.115919589996338,-0.30447301268577576,1.4556576013565063,2.5212595462799072,0.3984830677509308,-0.37585288286209106,-1.07322359085083,-1.250003457069397,-0.5866478681564331
240,28.332645416259766,10.053082466125488,-8.703788757324219,9.314340591430664,0.24827945232391357,-0.041358232498168945,-32.743003845214844,-8.77100944519043,-1.0636383295059204,-5.8843536376953125,15.302764892578125,3.611328601837158,1.8691415786743164,0.5316773653030396,-0.563124418258667,-6.64423942565918,-0.3951305150985718,1.2845840454101562,-0.37953582406044006,-0.02519224025309086,-0.44876131415367126,3.2042582035064697,1.29684579372406,1.1602497100830078
241,42.44195556640625,20.303207397460938,-41.28932189941406,-44.95091247558594,-20.0,12.313833236694336,-47.9478645324707,-4.982515811920166,-0.7775315046310425,-1.51556396484375,-0.28014326095581055,0.033286094665527344,2.8805508613586426,0.8666006326675415,-0.05300578102469444,-2.9260635375976562,10.421041488647461,-6.073183536529541,-3.2860379219055176,-0.11440042406320572,0.3461175262928009,9.728608131408691,2.896559476852417,3.65242075920105
242,21.02285385131836,19.04536247253418,-35.348533630371094,-69.98458862304688,-1.842566967010498,3.406141519546509,-23.327457427978516,-4.389351844787598,2.5524682998657227,-16.68002700805664,-1.1081905364990234,-0.4240279197692871,1.621098279953003,-0.14840099215507507,0.2622041702270508,0.34129178524017334,-2.1608047485351562,0.4129959046840668,-3.02154541015625,-0.3061195909976959,1.414119005203247,5.287683010101318,1.3835805654525757,2.4017622470855713
243,24.2253475189209,13.002900123596191,-26.093626022338867,-55.01382064819336,2.936631679534912,0.28959715366363525,-26.456207275390625,7.84011173248291,-6.889738082885742,-10.848869323730469,-0.8946031928062439,-0.21692728996276855,1.690180778503418,-0.28472307324409485,0.10774602741003036,-0.1395658403635025,-1.7865403890609741,0.4894520044326782,-3.3515093326568604,-0.03803791105747223,1.0325260162353516,2.303177833557129,-0.4032226800918579,1.0007699728012085
244,-9.503373146057129,17.519437789916992,-25.30155372619629,-62.21360397338867,6.696072578430176,-3.142960786819458,4.633397579193115,3.2182693481445312,-4.840628623962402,-1.5938818454742432,-0.01501542329788208,-0.027092576026916504,2.154012680053711,-0.016942160204052925,0.008033808320760727,-0.8114907145500183,-1.7365058660507202,0.40326905250549316,-2.2272520065307617,0.09618189930915833,-0.004395074211061001,-0.7224835157394409,0.33334681391716003,0.6963207721710205
245,-0.3130760192871094,6.112496376037598,-12.066703796386719,-46.126983642578125,14.53039836883545,-8.438677787780762,-3.554567337036133,4.549953460693359,-3.3496150970458984,1.60174560546875,-0.3748171329498291,-0.09107232093811035,2.3813893795013428,-0.34182262420654297,0.14872875809669495,-1.3567970991134644,-1.3838289976119995,0.6910898685455322,-1.7516144514083862,-0.18660162389278412,-0.21465733647346497,-1.9273688793182373,-1.8781676292419434,-0.6453773975372314
246,-14.945655822753906,15.014423370361328,-17.16647720336914,-48.11714172363281,19.36414909362793,-11.235428810119629,5.629309177398682,4.041811943054199,-2.5462238788604736,6.7100982666015625,0.20349979400634766,0.11109933257102966,2.315857172012329,-0.2883033752441406,-0.012749604880809784,-1.661030888557434,-1.1110330820083618,-0.040221914649009705,-1.1268575191497803,0.05293241888284683,-0.5667749047279358,-2.6720917224884033,-1.9830543994903564,-0.23845165967941284
247,-21.557083129882812,11.262863159179688,-7.082066535949707,-29.61188507080078,20.0,-6.793616771697998,14.99668025970459,-0.5745185017585754,0.8979995250701904,5.1570587158203125,0.27204346656799316,-0.05992603302001953,1.8420984745025635,-0.03942427039146423,-0.07655592262744904,-1.0789538621902466,-1.3355697393417358,-3.3639214038848877,0.027359560132026672,-0.01882208324968815,-0.8222627639770508,-4.866978168487549,-1.513335943222046,-1.657947301864624
248,-14.060775756835938,-7.728268623352051,9.258987426757812,5.704119682312012,18.18656349182129,-3.8428211212158203,26.7919864654541,-6.017789363861084,7.509992599487305,4.983039855957031,0.40756744146347046,-0.053125858306884766,-0.5246915221214294,-0.15805158019065857,0.2931501269340515,3.713841676712036,2.0734829902648926,-3.0363166332244873,2.1506266593933105,-0.12087448686361313,0.23594768345355988,-8.420395851135254,0.17765194177627563,-3.208892822265625
249,-47.29436111450195,0.8246049880981445,2.590796709060669,-5.990318298339844,-0.3240499496459961,0.2097640037536621,58.584190368652344,-14.938557624816895,17.418222427368164,-22.88718032836914,-15.495576858520508,8.225236892700195,-2.6091511249542236,0.708315908908844,0.7169758081436157,8.167732238769531,4.9622063636779785,-2.912004232406616,2.0761609077453613,-0.47046494483947754,-0.20065057277679443,-2.0230469703674316,8.853288650512695,2.849888563156128
250,-27.114727020263672,0.27060484886169434,-0.7393029928207397,-12.60982894897461,-1.427990198135376,0.47173619270324707,32.065765380859375,-18.077342987060547,27.34190559387207,-49.117591857910156,-2.604337215423584,-3.408400535583496,-3.279062032699585,0.3982301950454712,-0.20691682398319244,6.683088302612305,0.7222927212715149,0.8220193982124329,1.2306846380233765,0.04078936576843262,-0.16230067610740662,1.3956173658370972,-2.5996367931365967,0.197398841381073
251,-19.2404842376709,-7.047337532043457,5.803851127624512,-10.653225898742676,-0.5879489183425903,-0.06031441688537598,16.44329261779785,-15.936463356018066,27.820228576660156,-67.95750427246094,3.65750789642334,-0.453667014837265,-3.7405083179473877,0.050515316426754,0.18852727115154266,3.3736412525177,0.6970178484916687,1.897894024848938,1.2778741121292114,-0.023887857794761658,-0.15900641679763794,0.5828799605369568,-2.1150100231170654,-0.04991794377565384
252,-4.7225494384765625,-7.069897174835205,3.425253391265869,-3.743043899536133,-0.4360746145248413,-0.13881826400756836,9.763587951660156,-10.780928611755371,27.30839729309082,-63.44223403930664,10.995333671569824,0.6516309380531311,-2.8962323665618896,-0.4458291530609131,0.058415040373802185,0.5593259930610657,-0.7014657855033875,2.447718620300293,1.9166005849838257,0.05287496745586395,-0.11488880217075348,-0.18939734995365143,-1.8215702772140503,-0.14996227622032166
253,3.645400047302246,-3.069739818572998,2.2410950660705566,0.3305649757385254,-0.1273787021636963,-0.25054359436035156,-2.6442432403564453,-13.314528465270996,16.751270294189453,-47.22999572753906,15.043972969055176,-0.3996146023273468,-1.9619532823562622,-0.5840223431587219,0.12162818014621735,-1.5830124616622925,-1.6916261911392212,1.9787541627883911,2.2437376976013184,0.1247691884636879,-0.0324721559882164,-0.5531176328659058,-1.738609790802002,0.34716567397117615
254,9.518119812011719,8.734140396118164,-6.3573527336120605,1.5825214385986328,0.04930448532104492,-0.1282796859741211,-14.086644172668457,-17.992794036865234,11.76146411895752,-40.02276611328125,18.750904083251953,0.8585313558578491,-0.8430952429771423,0.18098506331443787,-0.6832735538482666,-4.0711541175842285,-2.0872302055358887,1.3949871063232422,2.4180057048797607,0.5866941213607788,-0.23442691564559937,-1.1587562561035156,-1.3989733457565308,-0.08780458569526672
255,13.367964744567871,-0.603408694267273,1.988307237625122,7.654836654663086,0.4325851798057556,-0.14911460876464844,-19.679330825805664,-9.632360458374023,3.7650809288024902,-20.971712112426758,20.0,4.095479488372803,-0.20490291714668274,0.22145608067512512,-0.08466575294733047,-5.221858978271484,-0.27457955479621887,1.5247352123260498,1.7097151279449463,0.3075556457042694,-0.37581387162208557,-0.4092662036418915,-0.9331597685813904,-0.657798707485199
256,34.03817367553711,7.460853576660156,-6.415999889373779,11.471672058105469,0.3488902747631073,-0.11414217948913574,-30.781904220581055,-10.563091278076172,0.5516947507858276,-12.9273681640625,18.162233352661133,4.516643524169922,1.9857429265975952,0.35168832540512085,-0.3061992824077606,-7.105866432189941,-0.07678812742233276,0.7085474729537964,0.24741674959659576,-0.10465101897716522,-0.459739089012146,2.4726688861846924,0.7835726737976074,0.1767720729112625
257,59.40240478515625,16.92117691040039,-23.131568908691406,-26.067142486572266,-17.4403018951416,12.391660690307617,-55.35462951660156,0.08198171854019165,-3.214024305343628,-5.287349700927734,-0.21816349029541016,0.12080192565917969,2.1601176261901855,0.24466434121131897,0.24272671341896057,-1.4962093830108643,7.143167972564697,2.509561538696289,-2.5591635704040527,-0.1618683785200119,0.3044784963130951,7.641061782836914,3.5955264568328857,2.510969400405884
258,34.45561218261719,20.6574764251709,-39.39141082763672,-68.33689880371094,0.6987900733947754,3.6737310886383057,-33.60040283203125,1.498781442642212,-2.260145902633667,-9.803863525390625,-1.2250337600708008,-0.2191023826599121,1.8435320854187012,-0.1785256713628769,0.3247702121734619,0.5466698408126831,-2.322968006134033,0.46853476762771606,-3.3547286987304688,0.07378584891557693,0.9818887710571289,6.7088446617126465,0.3689425587654114,2.278005599975586
259,-1.4905505180358887,16.830488204956055,-31.750102996826172,-65.45033264160156,1.8281497955322266,1.432540774345398,-8.912210464477539,1.1602448225021362,-2.477670907974243,-10.84446907043457,-0.3815324306488037,-0.17771506309509277,1.79074227809906,-0.06145063787698746,0.3034461736679077,-0.14679357409477234,-2.011443614959717,0.30573469400405884,-3.243293046951294,0.2773788273334503,0.6822213530540466,2.5781452655792236,1.3406744003295898,1.982361912727356
260,3.3870725631713867,26.821252822875977,-28.05681610107422,-59.70209503173828,7.270981788635254,-5.593420028686523,-2.6027450561523438,-6.9452972412109375,3.162597417831421,-3.1793384552001953,-0.4724635183811188,-0.22659969329833984,2.421617031097412,-0.39792731404304504,0.28302690386772156,-0.913703978061676,-1.6570403575897217,1.0824843645095825,-2.1599836349487305,-0.37626373767852783,0.6672671437263489,-0.002512435195967555,-0.1919635683298111,1.2735857963562012
261,-10.609756469726562,20.24205207824707,-17.47863006591797,-41.84441375732422,14.16783618927002,-8.186813354492188,1.9061126708984375,-1.6536469459533691,-0.44695228338241577,-1.238912582397461,-0.2557016611099243,-0.14428186416625977,2.243088722229004,-0.27266359329223633,0.14424747228622437,-1.2038575410842896,-1.5007009506225586,0.720077395439148,-1.5771689414978027,-0.4851590394973755,0.08822338283061981,-2.867720603942871,-0.9385538101196289,0.21438176929950714
262,1.2255582809448242,22.57901382446289,-17.816537857055664,-41.90457534790039,20.0,-10.30482292175293,-1.0563788414001465,1.6745374202728271,-1.3654206991195679,7.829241752624512,-0.02034282684326172,-0.07315635681152344,2.3534746170043945,-0.09877970814704895,-0.11809622496366501,-0.9820878505706787,-1.383159875869751,-1.5002851486206055,-0.8278732895851135,-0.42725104093551636,-0.38563838601112366,-2.8496127128601074,-2.2220449447631836,-1.3048913478851318
263,-20.29851531982422,-1.827390193939209,-11.52993392944336,-37.910667419433594,20.0,-8.549083709716797,12.679081916809082,4.237310409545898,-0.7015078067779541,5.602678298950195,0.33745718002319336,0.033353328704833984,2.540844202041626,-0.12084309756755829,0.1392626166343689,-1.4735618829727173,-1.288262963294983,-1.843321442604065,0.4139806032180786,-0.3304828703403473,-0.15624982118606567,-4.8581438064575195,-1.3787177801132202,-2.516286849975586
264,-21.175071716308594,0.6978100538253784,0.1406438797712326,-8.147693634033203,20.0,-4.465697288513184,19.775352478027344,-1.275865077972412,3.005556106567383,8.634273529052734,0.5235002040863037,0.20238733291625977,0.25253868103027344,-0.12052745372056961,0.08318598568439484,2.0746092796325684,0.5877386331558228,-3.582397222518921,1.1769356727600098,-0.3600977659225464,0.23463362455368042,-6.149040222167969,1.150110125541687,-1.7938337326049805
265,-34.74279022216797,-5.10374641418457,7.492176532745361,-4.397769927978516,7.88722038269043,-1.7592816352844238,46.252994537353516,-8.936108589172363,12.967628479003906,-22.095081329345703,-14.245205879211426,6.124032974243164,-1.5603519678115845,0.021843016147613525,0.25346192717552185,5.961291313171387,4.20306921005249,-2.2946548461914062,2.2281460762023926,-0.7474779486656189,0.048695050179958344,-1.610863447189331,7.089195728302002,1.3209599256515503
266,-33.4932861328125,-6.143708229064941,4.7712483406066895,-5.396236419677734,-1.0693845748901367,0.3314697742462158,33.31393814086914,-16.702587127685547,23.462194442749023,-73.5857925415039,-2.5477185249328613,-3.9147918224334717,-3.644735336303711,0.6350671648979187,-0.04140142723917961,8.095187187194824,1.9032100439071655,1.1002649068832397,1.2222074270248413,0.19427531957626343,-0.403173565864563,0.6665467023849487,-2.2845561504364014,0.5291083455085754
267,-21.7120304107666,-8.11252498626709,6.1987152099609375,-10.517827987670898,-0.683539628982544,-0.13455677032470703,28.5449275970459,-21.066129684448242,32.01216506958008,-64.58912658691406,1.6497011184692383,-0.6874529123306274,-3.4731709957122803,0.01462312787771225,0.4561930000782013,5.3509440422058105,1.5978574752807617,1.3642634153366089,1.7372440099716187,0.1090310662984848,-0.15458154678344727,0.09434280544519424,-1.9599827527999878,0.1604282259941101
268,-11.660186767578125,-0.6276962757110596,0.15686839818954468,-10.533594131469727,-0.7928481101989746,-0.07974982261657715,11.670978546142578,-13.950910568237305,25.020071029663086,-51.33439254760742,6.069337368011475,1.3497352600097656,-3.1047379970550537,-0.3094077408313751,0.15340743958950043,1.5380498170852661,-0.5638854503631592,1.7001621723175049,2.082181215286255,0.029766619205474854,-0.22985021770000458,-0.42126622796058655,-1.7243620157241821,-0.1382824331521988
269,-2.3950576782226562,-0.08995866775512695,-0.16026243567466736,-2.2738475799560547,-0.09725777059793472,-0.11478281021118164,-0.27616214752197266,-17.926794052124023,23.649749755859375,-60.96669006347656,12.157999038696289,1.271125316619873,-2.4617340564727783,-0.36346858739852905,-0.047084741294384,-1.271529197692871,0.03726150467991829,1.9712944030761719,2.366987466812134,0.1636897623538971,-0.14299653470516205,-1.0712659358978271,-1.4148098230361938,0.22083982825279236
270,-0.25791358947753906,0.14220714569091797,0.8210165500640869,-0.5691890716552734,-0.4136672019958496,-0.12506818771362305,-3.1082448959350586,-10.096893310546875,10.417531967163086,-30.914188385009766,20.0,2.0587167739868164,-1.7937334775924683,-0.10529313236474991,-0.04268712177872658,-3.7980363368988037,-1.9660758972167969,2.879563808441162,2.468433380126953,0.35276392102241516,-0.24611610174179077,-1.464224934577942,-1.2197189331054688,-0.19789889454841614
271,13.286054611206055,2.8106181621551514,-1.7686711549758911,5.653537750244141,0.2044386863708496,-0.26179075241088867,-15.105891227722168,-10.479061126708984,6.459649085998535,-16.233362197875977,20.0,2.6997132301330566,-0.6446456909179688,-0.06951560080051422,-0.1462944597005844,-5.560912132263184,-1.7844294309616089,2.2438786029815674,2.0234007835388184,0.2773154377937317,-0.26125475764274597,-0.691250205039978,-0.7634817361831665,-0.5147476196289062
272,29.599044799804688,9.414956092834473,-7.273903846740723,10.19558334350586,0.6465238332748413,-0.15361952781677246,-27.42222023010254,-1.7886914014816284,-0.6887519359588623,-10.040886878967285,20.0,5.190640449523926,1.0919889211654663,0.4006095230579376,-0.7812257409095764,-7.315091133117676,0.9012782573699951,1.6103144884109497,0.2270585596561432,0.1586645543575287,-0.6369787454605103,2.391944169998169,1.663216233253479,-0.9251158833503723
273,69.20671844482422,7.592368125915527,-19.497966766357422,-23.492977142333984,-18.00579833984375,7.390293121337891,-67.51492309570312,9.823993682861328,-9.90503215789795,-3.4291954040527344,-0.3031272888183594,0.2911562919616699,3.1675355434417725,0.6010264754295349,-0.033534929156303406,-2.4911468029022217,9.262155532836914,-4.410510540008545,-3.418269395828247,0.25635531544685364,-0.3206144869327545,10.113661766052246,5.2995734214782715,1.7317448854446411
274,27.08917808532715,24.77290916442871,-44.985267639160156,-66.80591583251953,-0.46186208724975586,6.027945518493652,-28.49571418762207,-8.217985153198242,6.067100524902344,-17.134578704833984,-1.5686020851135254,-0.21105623245239258,1.6570558547973633,-0.11133682727813721,0.37503403425216675,0.4213942885398865,-2.2510507106781006,0.42982614040374756,-4.041416168212891,0.3250070810317993,1.3779923915863037,6.253876686096191,2.1626136302948,2.298889398574829
275,21.792675018310547,16.365678787231445,-34.921051025390625,-62.13570022583008,3.081228017807007,2.1460418701171875,-23.067476272583008,5.085777282714844,-5.105897903442383,-12.597016334533691,-1.0729990005493164,-0.20444750785827637,1.9762303829193115,-0.17852137982845306,0.08314146846532822,-0.2991834282875061,-1.8754210472106934,0.45272934436798096,-3.9461843967437744,0.6600915789604187,0.9268282055854797,2.0504167079925537,-0.11190824955701828,1.2452219724655151
276,-1.284806251525879,18.73649787902832,-22.890789031982422,-56.38964080810547,9.80317211151123,-3.8126628398895264,-2.097848892211914,3.2448534965515137,-5.775486946105957,-1.632473111152649,-0.20749017596244812,-0.0077648162841796875,2.22446870803833,-0.16717474162578583,-0.10676698386669159,-0.8620513677597046,-1.7220488786697388,0.38334307074546814,-3.3535077571868896,0.35998597741127014,-0.41856318712234497,-0.3922848403453827,-0.2300865203142166,1.209628701210022
277,-6.426947593688965,19.507612228393555,-14.291356086730957,-43.732513427734375,17.88382339477539,-8.47612476348877,4.6293840408325195,-2.9369051456451416,1.2796345949172974,2.6896772384643555,-0.17536640167236328,-0.1503245234489441,2.450033187866211,-0.45547154545783997,-0.10497282445430756,-1.3867573738098145,-1.4553625583648682,0.5627937316894531,-2.5385475158691406,-0.22459003329277039,-0.5607653856277466,-1.7923774719238281,-1.71260666847229,0.19985836744308472
278,-8.128044128417969,20.249862670898438,-11.410219192504883,-31.29286766052246,20.0,-7.972908020019531,9.749139785766602,-7.13368034362793,4.775396347045898,1.462646484375,0.06217694282531738,-0.10521292686462402,2.6293487548828125,-0.2565787136554718,0.010385178029537201,-1.3893461227416992,-1.3346431255340576,-1.6530780792236328,-1.010522484779358,-0.439684122800827,-0.3040113151073456,-4.88051700592041,-1.4633402824401855,-0.6383529305458069
279,-26.289485931396484,12.04791259765625,-5.673401355743408,-23.06952476501465,20.0,-4.904263496398926,25.18709373474121,-2.5753793716430664,2.8639984130859375,11.065645217895508,0.37033987045288086,-0.03233075141906738,2.4035074710845947,0.19139111042022705,0.10207581520080566,-0.618286669254303,-1.5940148830413818,-4.791354179382324,0.7376441359519958,-0.349954217672348,-0.4180595278739929,-6.234559059143066,-1.2837824821472168,-1.792814016342163
280,-19.465423583984375,-1.1786304712295532,5.794090270996094,2.7939414978027344,20.0,-3.3094825744628906,28.781841278076172,-6.92946720123291,8.214374542236328,11.917648315429688,0.6097466945648193,-0.017389297485351562,-0.8179945945739746,-0.03732393682003021,0.30051714181900024,5.204446315765381,2.6632063388824463,-4.045032978057861,2.0639848709106445,-0.887226939201355,0.31373822689056396,-6.837827205657959,0.6939250230789185,-2.896390676498413
281,-54.25459289550781,-0.42274904251098633,2.690173625946045,-9.786201477050781,-0.5939664840698242,0.423555850982666,64.25415802001953,-12.850882530212402,22.249710083007812,-24.753925323486328,-15.823509216308594,7.806334018707275,-2.854598045349121,0.8612788915634155,0.6764299869537354,8.364920616149902,4.960464000701904,-1.5477004051208496,2.625174045562744,-0.5457432270050049,-0.7602793574333191,-1.1783668994903564,8.121055603027344,0.3073989152908325
282,-25.74421501159668,-5.0270843505859375,2.099709987640381,-14.885299682617188,-1.4849783182144165,0.3318042755126953,28.396183013916016,-10.886483192443848,21.56281852722168,-45.73475646972656,-2.513916015625,-4.703083038330078,-3.4721343517303467,0.27674826979637146,-0.25496476888656616,5.589026927947998,0.5846647620201111,1.945747971534729,1.3696871995925903,0.0864390879869461,-0.17644965648651123,1.6814751625061035,-2.943370819091797,0.4909880459308624
283,-15.925827026367188,-2.6095428466796875,2.3969931602478027,-7.462214469909668,-0.4150850772857666,-0.13038969039916992,19.557859420776367,-24.772125244140625,37.86591339111328,-71.2950668334961,2.9773106575012207,-0.47671711444854736,-3.4360768795013428,-0.040351107716560364,-0.0582670122385025,2.6014091968536377,1.0989930629730225,2.7091293334960938,1.769794225692749,0.046246618032455444,-0.03600242733955383,0.8607709407806396,-2.540518045425415,0.014199972152709961
284,-3.7620277404785156,-1.288084864616394,0.9668242931365967,-1.6326494216918945,-0.3415724039077759,-0.2783515453338623,2.6005659103393555,-21.938465118408203,30.463476181030273,-71.46185302734375,6.439576148986816,0.45760440826416016,-3.0546865463256836,-0.2559633255004883,-0.16329696774482727,0.3097437024116516,0.6650543212890625,1.729264259338379,2.090843677520752,0.05251295864582062,0.03943808376789093,0.14543646574020386,-2.227435827255249,-0.017026707530021667
285,0.6037797927856445,-0.5900582671165466,1.0314531326293945,1.9365863800048828,-0.3372843265533447,-0.10411787033081055,-2.3146018981933594,-19.314449310302734,24.84920310974121,-62.7630615234375,19.04938507080078,-1.1283665895462036,-2.5255074501037598,-0.17426487803459167,-0.1353674829006195,-1.452656626701355,-0.960227906703949,2.636662244796753,2.2898972034454346,0.07823920249938965,-0.016453050076961517,-0.485629677772522,-1.8845665454864502,0.37747883796691895
286,15.739408493041992,2.5535902976989746,-2.1388964653015137,4.217050552368164,0.09963512420654297,-0.2424325942993164,-21.319358825683594,-20.406919479370117,15.932988166809082,-53.489505767822266,20.0,-0.9603868722915649,-1.0380483865737915,-0.06386931985616684,-0.41427505016326904,-3.9666266441345215,-1.226991891860962,1.8155404329299927,2.537749767303467,0.17890393733978271,0.0018053241074085236,-1.0990511178970337,-1.6626142263412476,0.4501553177833557
287,15.129936218261719,5.3556742668151855,-2.813033103942871,8.334820747375488,0.29764461517333984,-0.17971253395080566,-17.931556701660156,-11.734434127807617,2.5895211696624756,-20.331689834594727,20.0,0.9096708297729492,-0.19569727778434753,0.7281520366668701,-0.2996833622455597,-4.373623371124268,-0.8110975623130798,0.9918352961540222,2.01481556892395,0.45195528864860535,-0.12574182450771332,-0.5354263782501221,-1.055708408355713,-0.2411087304353714
288,37.693119049072266,3.432079553604126,-4.152299880981445,10.292545318603516,0.4190112352371216,-0.04465675354003906,-34.24953079223633,-0.36273741722106934,-3.2292490005493164,-9.305891036987305,18.168315887451172,2.9161112308502197,2.042105197906494,0.7101083397865295,-0.3629609942436218,-6.467913627624512,-0.8650333881378174,1.0421316623687744,-0.17570343613624573,-0.07868953049182892,-0.26129230856895447,3.274521827697754,1.9337372779846191,-0.46010535955429077
289,45.002464294433594,12.405223846435547,-23.783910751342773,-33.557334899902344,-18.157222747802734,12.167601585388184,-45.159820556640625,2.511996269226074,-4.786587715148926,-4.323085784912109,-0.39676523208618164,0.23863983154296875,2.0335216522216797,0.3004690408706665,0.05423692241311073,0.43830370903015137,-1.801579475402832,-7.752272605895996,-2.553745746612549,-0.413141131401062,-0.02613958716392517,7.497969150543213,3.8548476696014404,2.6668970584869385
290,34.31393051147461,23.990840911865234,-44.82932662963867,-76.26122283935547,2.317416191101074,0.013213872909545898,-33.13372039794922,1.7828176021575928,-1.128648042678833,-10.659460067749023,-1.4301267862319946,-0.2366771697998047,1.9929018020629883,-0.009918451309204102,0.47902196645736694,0.2543833553791046,-2.3167622089385986,0.9148600697517395,-3.0917656421661377,0.15494892001152039,0.8200535774230957,5.497591972351074,-0.7269877195358276,2.6714115142822266
291,2.8535356521606445,20.72589874267578,-34.104652404785156,-64.20359802246094,2.2281155586242676,-0.5079236030578613,-8.135786056518555,-2.528123140335083,1.0304045677185059,-9.232491493225098,-0.20579570531845093,-0.3181793689727783,2.225654125213623,-0.04200499504804611,0.22575661540031433,-0.464811235666275,-1.9923996925354004,0.74489426612854,-2.537111282348633,0.4197053909301758,0.938993513584137,1.4489423036575317,0.4866376519203186,1.296716332435608
292,3.2127370834350586,11.638797760009766,-24.333770751953125,-56.422401428222656,9.939485549926758,-4.215778350830078,-9.98165512084961,4.464511871337891,-4.646434783935547,-2.5955629348754883,-0.4668886661529541,-0.08647596836090088,2.1446447372436523,-0.17474451661109924,0.013441182672977448,-0.9341552257537842,-1.613848328590393,0.7251401543617249,-2.3787429332733154,0.27905234694480896,0.17536000907421112,-0.7583143711090088,-0.9849289655685425,0.6230553388595581
293,8.176026344299316,18.599407196044922,-18.650712966918945,-38.126312255859375,15.249979019165039,-8.524698257446289,-6.058897018432617,-3.3861160278320312,0.10248959064483643,1.7092132568359375,-0.0445178747177124,-0.09515857696533203,2.5999295711517334,-0.2351248562335968,0.16815826296806335,-1.3377494812011719,-1.231929063796997,0.9900392293930054,-1.8418642282485962,-0.1074102371931076,-0.09945709258317947,-1.8867268562316895,-0.8283249735832214,-0.5245769023895264
294,-11.915205001831055,9.30217170715332,-9.098194122314453,-30.17110824584961,18.18313217163086,-7.922243595123291,6.432746410369873,-4.249973297119141,2.7519216537475586,2.328531265258789,-0.05215764045715332,0.009411334991455078,2.5347416400909424,-0.49304401874542236,0.22124134004116058,-1.5557875633239746,-1.2694895267486572,-0.13096489012241364,-1.0877246856689453,-0.6417065858840942,0.051196951419115067,-3.775423765182495,-1.4054694175720215,-0.7100769877433777
295,-8.424650192260742,11.138608932495117,-8.818761825561523,-12.802071571350098,20.0,-4.325050354003906,8.490118026733398,0.6331737041473389,0.6047033071517944,7.966225624084473,0.39626771211624146,0.01660466194152832,1.8585032224655151,-0.1967826634645462,-0.09719116985797882,-0.2596139907836914,-1.4730916023254395,-2.8488001823425293,-0.4520665109157562,-0.42259812355041504,-0.07071860134601593,-3.979072093963623,0.4252392053604126,-1.320556879043579
296,-30.019756317138672,-3.014292001724243,0.52607262134552,-18.556825637817383,19.967771530151367,-4.976221561431885,28.518404006958008,0.6896247863769531,1.3445733785629272,8.998836517333984,0.1057707667350769,0.07305693626403809,0.5490797162055969,-0.16465631127357483,0.019249916076660156,1.4540966749191284,-0.05165925621986389,-1.98740553855896,1.0725475549697876,-0.41852301359176636,-0.00895469170063734,-5.899312973022461,-0.3718155026435852,-1.6615487337112427
297,-49.00209426879883,-7.707674026489258,8.433324813842773,1.5766334533691406,0.9292478561401367,-0.085052490234375,62.07696533203125,-14.143341064453125,25.087026596069336,-37.8146858215332,-18.450817108154297,9.051715850830078,-2.440997362136841,0.43945491313934326,1.1743608713150024,8.987866401672363,5.929522514343262,-1.9808340072631836,2.336280345916748,-0.8942776918411255,-0.400503009557724,-2.0331876277923584,10.761534690856934,0.4666411876678467
298,-29.02925682067871,-10.749320983886719,5.136896133422852,-13.172462463378906,-1.6190600395202637,0.3321084976196289,34.325439453125,-11.158531188964844,22.845834732055664,-71.28890228271484,-2.003134250640869,-3.9473717212677,-2.9954142570495605,-0.08564915508031845,0.3026444613933563,6.715985298156738,1.26498544216156,1.5080695152282715,1.4350452423095703,0.09572695195674896,-0.3114178478717804,0.8594262599945068,-2.4661765098571777,0.5948126316070557
299,-17.086078643798828,1.841134786605835,-0.5094863176345825,-9.387238502502441,-0.5495929718017578,-0.15962135791778564,21.92734146118164,-22.245037078857422,34.76530838012695,-62.82674789428711,-5.98019552230835,-0.3813091516494751,-2.7134695053100586,-0.29403409361839294,0.14871792495250702,4.03956413269043,1.112798810005188,0.6457461714744568,2.0402255058288574,0.004760339856147766,-0.3794264495372772,0.32055267691612244,-2.2535481452941895,0.16938108205795288
300,-11.655073165893555,2.1862010955810547,-1.2553207874298096,-8.469999313354492,-0.7197903394699097,0.03233528137207031,8.184508323669434,-13.398508071899414,27.369857788085938,-58.28616714477539,3.3542087078094482,1.416221022605896,-2.5207624435424805,-0.164552241563797,-0.09627638012170792,0.6714820861816406,-1.0093990564346313,1.7508422136306763,2.2480554580688477,0.17579463124275208,-0.4790455102920532,-0.34439146518707275,-1.844985008239746,-0.23355929553508759
301,-5.137831687927246,2.7167789936065674,-0.4263659715652466,-1.0993423461914062,-0.21355557441711426,-0.13291120529174805,2.357149124145508,-22.448423385620117,27.569021224975586,-66.94963836669922,12.992545127868652,3.566448450088501,-1.990645170211792,0.05144960805773735,0.02511800453066826,-1.9868336915969849,-1.6098262071609497,2.0211586952209473,2.5386130809783936,0.2867695987224579,-0.3920838236808777,-1.0922865867614746,-1.4802639484405518,0.19404637813568115
302,3.3874239921569824,1.355896234512329,-0.5364211797714233,2.0490055084228516,0.07827305793762207,-0.15561819076538086,-7.194148063659668,-15.95493221282959,17.475879669189453,-36.14453125,20.0,3.0898451805114746,-1.1049877405166626,0.10291467607021332,0.1125149354338646,-4.429908275604248,-0.9729918241500854,2.23878812789917,2.614771604537964,0.29764866828918457,-0.3288106918334961,-1.4089657068252563,-1.2948871850967407,-0.1646493673324585
303,24.246692657470703,10.620684623718262,-8.26530647277832,7.226724624633789,0.1375582218170166,-0.14464426040649414,-24.857357025146484,-11.646953582763672,9.060266494750977,-15.830058097839355,20.0,4.807493686676025,0.6584123969078064,0.3766908049583435,-0.38711562752723694,-6.654067039489746,-1.723358392715454,1.5856750011444092,1.5448278188705444,0.0341479554772377,-0.4155508279800415,0.47532954812049866,-0.04798033460974693,0.2982320785522461
304,35.871604919433594,7.470855236053467,-7.387026309967041,12.823432922363281,0.6501386165618896,-0.09261846542358398,-39.97941970825195,-3.1936333179473877,0.368672251701355,-11.438462257385254,11.330761909484863,2.8734166622161865,2.370490074157715,0.2258632630109787,-1.0581743717193604,-8.665531158447266,0.5090535879135132,0.8377754092216492,-0.9175780415534973,-0.2638891041278839,-0.2312907576560974,4.1173481941223145,2.640453338623047,0.625091552734375
305,59.29531478881836,19.739660263061523,-26.99262046813965,-52.10017776489258,4.069742202758789,3.4007296562194824,-52.84531784057617,7.8903398513793945,-5.5299577713012695,-6.675487518310547,-0.9141379594802856,0.05109405517578125,1.687746524810791,-0.3485332429409027,-0.0642961710691452,0.6187850832939148,-2.084930896759033,-0.07626339793205261,-3.038529396057129,0.10210201144218445,0.8199936151504517,7.499838352203369,1.0830007791519165,2.371310234069824
306,13.93789291381836,19.120277404785156,-35.262237548828125,-68.10454559326172,1.130659580230713,2.077061653137207,-24.187808990478516,5.171562194824219,-5.270861625671387,-9.823875427246094,-0.6288087368011475,-0.18333864212036133,1.7725577354431152,-0.07559309154748917,0.016383182257413864,-0.1481088101863861,-2.1362037658691406,0.1327560842037201,-3.8796632289886475,0.7718517184257507,0.7595889568328857,5.5175275802612305,0.9270898699760437,1.8718547821044922
307,9.728171348571777,13.135565757751465,-25.026657104492188,-54.73676681518555,4.554075241088867,-0.8080350160598755,-11.745721817016602,-3.2392287254333496,0.006577730178833008,-12.110394477844238,-0.6251809597015381,-0.1898500919342041,2.1410751342773438,-0.28707650303840637,0.2524486780166626,-0.7458309531211853,-1.6278572082519531,0.6051132678985596,-3.1932265758514404,0.24636436998844147,0.6661701798439026,1.0655865669250488,0.44895443320274353,1.1736303567886353
308,-11.37063980102539,20.42176055908203,-22.367177963256836,-52.82414245605469,10.485747337341309,-4.198836803436279,4.764024257659912,-0.9360229969024658,-0.8626531958580017,-2.2477054595947266,-0.29435741901397705,-0.10405492782592773,2.312229633331299,-0.21870283782482147,0.05228621885180473,-1.325961709022522,-1.4419982433319092,0.40081527829170227,-2.082338333129883,0.22166657447814941,0.15107281506061554,-2.4405276775360107,-0.23567311465740204,0.6545257568359375
309,-10.624146461486816,11.44605541229248,-12.596278190612793,-37.7309455871582,19.73939323425293,-9.324370384216309,8.488855361938477,-0.47535085678100586,-0.3559828996658325,5.964883804321289,-0.11624431610107422,-0.12033379077911377,2.4303488731384277,-0.3771268129348755,-0.002652157098054886,-1.469826579093933,-1.1719108819961548,-0.7126457095146179,-0.9556407332420349,-0.34193313121795654,-0.2513267397880554,-3.364459991455078,-2.206873893737793,-0.9298310279846191
310,-13.286999702453613,15.423491477966309,-6.437526226043701,-20.419841766357422,20.0,-5.273672103881836,12.70456314086914,-6.2237138748168945,3.810899257659912,4.923311233520508,0.306196928024292,0.022144079208374023,2.3198184967041016,-0.14376357197761536,0.029835093766450882,-0.9550768136978149,-1.5209252834320068,-3.8899219036102295,0.37768158316612244,-0.5829262733459473,-0.31219038367271423,-5.6234588623046875,-1.1433755159378052,-1.4239113330841064
311,-31.142738342285156,3.4771273136138916,2.208228588104248,-11.532981872558594,20.0,-4.155677318572998,31.628515243530273,-3.3363795280456543,4.680208206176758,11.31197738647461,0.5216572284698486,0.015526771545410156,0.018446950241923332,0.17248676717281342,0.3276658356189728,2.731165885925293,0.9946430325508118,-3.6296236515045166,2.019073247909546,-0.6197662949562073,-0.19190652668476105,-7.6678338050842285,0.6222821474075317,-2.3164985179901123
312,-47.051856994628906,-2.755105495452881,4.52640438079834,-4.384513854980469,0.3914804458618164,0.20978164672851562,56.27685546875,-13.482755661010742,24.32202911376953,-27.131011962890625,-16.13703155517578,8.512001037597656,-2.305675745010376,0.615236759185791,0.7978571653366089,7.3029465675354,5.28422737121582,-2.456723690032959,2.217785120010376,-0.7373360991477966,-0.379263311624527,-1.4863417148590088,7.798426628112793,0.721988320350647
313,-19.769363403320312,0.943274974822998,-1.3221884965896606,-7.751941680908203,-1.2487080097198486,0.4049346446990967,17.38323974609375,-19.341548919677734,28.94369888305664,-63.38301086425781,-11.159064292907715,0.23054295778274536,-3.448507785797119,0.5259163975715637,-0.32417184114456177,7.387908935546875,1.465570092201233,0.7871837615966797,1.0181330442428589,0.002187192440032959,-0.35136520862579346,1.1937789916992188,-2.5155439376831055,0.15278050303459167
314,-19.981647491455078,-8.684591293334961,6.696237564086914,-9.273521423339844,-0.5866787433624268,-0.08551168441772461,28.286701202392578,-16.824277877807617,34.680381774902344,-71.23828125,-2.8914332389831543,2.0814809799194336,-2.928971290588379,0.10106588900089264,0.39049050211906433,4.499075412750244,1.3543168306350708,1.5850894451141357,1.7574784755706787,0.06306789815425873,-0.04038421809673309,0.4458480179309845,-2.1748220920562744,0.0778902918100357
315,-13.324851989746094,-8.486502647399902,5.849013328552246,-7.027565956115723,-0.5670652389526367,-0.13889503479003906,9.802345275878906,-9.417607307434082,27.14903450012207,-66.28439331054688,4.143135070800781,3.0547804832458496,-3.000223159790039,-0.48611465096473694,0.8296168446540833,1.476261854171753,0.755216121673584,2.3819451332092285,1.881166696548462,-0.07520817220211029,0.05909024178981781,-0.18085217475891113,-1.8198668956756592,-0.06558305025100708
316,-10.229095458984375,-0.83887779712677,0.260805606842041,-1.9815016984939575,-0.532275915145874,-0.15122318267822266,11.496806144714355,-9.633737564086914,23.309574127197266,-57.410301208496094,15.784299850463867,2.825895071029663,-2.8866968154907227,-0.34521162509918213,0.35071688890457153,-0.32658132910728455,-1.1829209327697754,2.9996232986450195,2.2771990299224854,0.20473212003707886,-0.17368371784687042,-0.9297565221786499,-1.4609375,0.17012785375118256
317,2.8142004013061523,2.6820573806762695,-2.7768008708953857,-0.9354057312011719,-0.1692814826965332,-0.2313098907470703,-5.035922050476074,-15.942117691040039,16.413034439086914,-47.27569580078125,19.133718490600586,4.333787441253662,-1.8016477823257446,-0.28801754117012024,-0.32077673077583313,-3.3827881813049316,-2.0446205139160156,2.5298173427581787,2.6285181045532227,0.5217013359069824,-0.09398380666971207,-1.6264736652374268,-1.111024022102356,-0.0101051926612854
318,22.372512817382812,8.855389595031738,-6.36676025390625,4.430595397949219,0.24793481826782227,-0.18426275253295898,-24.062658309936523,-10.817607879638672,4.853065490722656,-19.373889923095703,20.0,6.745944499969482,0.015152471140027046,0.15465593338012695,-1.047527551651001,-6.055062770843506,-2.093381404876709,1.9477288722991943,2.293508768081665,0.5427188277244568,-0.4486977756023407,-0.95477294921875,-0.17939484119415283,-0.9674693942070007
319,38.213226318359375,6.953245162963867,-5.373468399047852,7.860206604003906,0.5295488834381104,-0.19324874877929688,-37.64542770385742,-1.95391845703125,-7.815370082855225,0.978607177734375,13.926044464111328,3.7780821323394775,2.5384013652801514,0.2338092029094696,-0.840499758720398,-10.335265159606934,-0.40904709696769714,0.8841365575790405,-1.2941701412200928,-0.51008141040802,-0.7135571837425232,4.763269901275635,3.86159086227417,0.9192551374435425
320,63.33757019042969,23.5023193359375,-33.611385345458984,-29.253307342529297,-19.991945266723633,16.560022354125977,-53.717262268066406,-5.8484368324279785,2.3752593994140625,-5.935802459716797,-1.030034065246582,-0.03739786148071289,2.9412503242492676,0.596973180770874,-0.013842077925801277,-2.808607816696167,7.677140712738037,-5.214514255523682,-3.8689258098602295,-0.45279356837272644,0.8359649777412415,10.304496765136719,1.6009634733200073,2.835400342941284
321,13.942041397094727,14.334832191467285,-33.65347671508789,-64.38660430908203,-1.3509769439697266,5.572012901306152,-21.001508712768555,6.708920478820801,-4.445161819458008,-18.292190551757812,-0.8294990062713623,-0.23021554946899414,1.8075766563415527,0.13558167219161987,0.0040091872215271,0.3855364918708801,-2.241197347640991,0.2734052836894989,-3.7628612518310547,0.36512455344200134,1.0527786016464233,4.657568454742432,2.185129165649414,2.5472495555877686
322,1.1971464157104492,10.206435203552246,-20.88160514831543,-53.005531311035156,-1.0890674591064453,2.6785953044891357,-3.631840705871582,2.979253053665161,-3.481017589569092,-8.231825828552246,-0.6880329847335815,-0.23065400123596191,2.164776563644409,0.12348077446222305,0.007046978920698166,-0.12539902329444885,-2.0724337100982666,0.23151762783527374,-2.973423719406128,0.4526163935661316,0.7194892168045044,1.0164530277252197,0.620673656463623,1.5351661443710327
323,-10.560172080993652,11.874776840209961,-15.137937545776367,-60.50484848022461,6.233395576477051,-2.737112522125244,2.471902847290039,5.1412882804870605,-5.043965816497803,1.9539598226547241,-0.19075053930282593,-0.06564092636108398,2.34228515625,-0.16415102779865265,-0.022342568263411522,-0.7713168859481812,-1.807262659072876,0.30875861644744873,-2.4245190620422363,0.12352072447538376,0.04819229245185852,-0.11848211288452148,-0.522209882736206,1.402449369430542
324,-21.085311889648438,10.916589736938477,-10.172392845153809,-51.94242858886719,12.981813430786133,-8.994551658630371,12.796675682067871,2.908113479614258,-3.1835646629333496,1.1616363525390625,-0.12857627868652344,-0.14275288581848145,2.582515001296997,-0.15998360514640808,0.08023591339588165,-1.4445981979370117,-1.5879864692687988,0.6449206471443176,-1.0697745084762573,-0.05608982592821121,-0.6754247546195984,-2.8825252056121826,-2.0658211708068848,-0.04759738966822624
325,-7.487537384033203,12.66848373413086,-3.88567852973938,-24.940048217773438,20.0,-7.606945991516113,6.628781795501709,-7.789167404174805,5.628892421722412,0.07239913940429688,0.015923261642456055,-0.13420343399047852,2.3422696590423584,-0.3003529906272888,0.11416567116975784,-1.1067173480987549,-1.40993332862854,-2.997480630874634,0.25085145235061646,-0.7833329439163208,-0.37095707654953003,-6.392245292663574,-1.7935703992843628,-1.49445378780365
326,-32.06748962402344,-5.525950908660889,5.297386169433594,-16.240821838378906,20.0,-5.9006829261779785,27.709360122680664,6.6804304122924805,-1.474792242050171,15.503475189208984,0.5694178342819214,0.08475971221923828,0.5592734217643738,-0.0171308983117342,0.47618645429611206,1.5255869626998901,-0.045319728553295135,-3.939026355743408,1.0569738149642944,-0.46585699915885925,-0.303621768951416,-5.975808143615723,-1.1929179430007935,-2.32462215423584
327,-42.740394592285156,-6.065340518951416,7.517226219177246,-0.5261344909667969,4.33029842376709,-0.5440793037414551,53.26136016845703,-11.19456958770752,11.836760520935059,12.735771179199219,0.8271465301513672,0.03922605514526367,-2.4157555103302,0.4061630368232727,1.2596755027770996,8.416952133178711,6.060773849487305,-3.1577765941619873,2.839280605316162,-0.8228459358215332,-0.9032953977584839,-3.2696540355682373,10.25691032409668,-6.2733330726623535
328,-35.71333694458008,0.787909746170044,-2.584768056869507,-15.64508056640625,-1.7892731428146362,0.5935771465301514,43.88459777832031,-14.0658597946167,22.04185676574707,-56.325923919677734,-0.7008318901062012,-1.4270604848861694,-3.2353200912475586,0.5484338998794556,-0.4286258816719055,6.781614303588867,0.3745112121105194,1.7006425857543945,1.13078773021698,0.37165525555610657,-0.044645391404628754,1.3124067783355713,-2.7091152667999268,0.7121894359588623
329,-19.966285705566406,-6.255797863006592,4.9751386642456055,-9.760211944580078,-0.46382689476013184,-0.16383910179138184,22.464746475219727,-13.146807670593262,30.345861434936523,-57.01631546020508,0.3512115478515625,-0.7392340898513794,-3.5282039642333984,-0.1285003423690796,-0.3348608911037445,4.239423751831055,0.7228368520736694,1.8856374025344849,1.2711511850357056,0.023570820689201355,-0.10587751120328903,0.9035546779632568,-2.313363790512085,0.06770947575569153
330,-4.47572135925293,-2.4163434505462646,2.4473865032196045,-5.864312171936035,-0.475860595703125,-0.19043707847595215,6.299065589904785,-13.206521987915039,21.041292190551758,-62.60025405883789,2.733365535736084,-0.35798922181129456,-2.7734296321868896,0.07730797678232193,-0.1617598533630371,1.3032939434051514,-0.8174771666526794,1.6660597324371338,1.8560543060302734,0.26952093839645386,-0.15475618839263916,0.13151875138282776,-2.0426368713378906,0.0421270877122879
331,-0.7384147644042969,-3.8206520080566406,3.7602648735046387,-2.13754940032959,-0.16622209548950195,-0.16711997985839844,-0.6976909637451172,-12.516440391540527,17.421642303466797,-56.524253845214844,11.64981460571289,1.4205565452575684,-2.0283045768737793,-0.035959769040346146,0.223579540848732,-1.5849127769470215,-1.246341347694397,1.9908065795898438,2.1897687911987305,0.17109425365924835,-0.21551096439361572,-0.4231222867965698,-1.8111310005187988,0.3082443177700043
332,6.035139560699463,2.4149553775787354,-2.934511184692383,1.2557563781738281,0.04222273826599121,-0.13428330421447754,-13.23249340057373,-14.266806602478027,11.390785217285156,-36.55457305908203,18.182111740112305,0.47094762325286865,-1.3930542469024658,0.08421216160058975,-0.3867589235305786,-3.953099012374878,-0.8926975727081299,1.7528027296066284,1.9939123392105103,0.45877525210380554,-0.19717435538768768,-0.7256124019622803,-1.5994442701339722,0.1762671172618866
333,11.082242012023926,0.05623725801706314,0.06790411472320557,7.075126647949219,0.1829546093940735,-0.1813199520111084,-11.887121200561523,-15.027532577514648,9.561051368713379,-18.991838455200195,20.0,1.2454516887664795,-0.2807188630104065,-0.028956158086657524,-0.16427743434906006,-5.21182918548584,-0.33866673707962036,1.1895815134048462,1.7983430624008179,0.36784520745277405,0.009261339902877808,-0.2898905873298645,-1.4646916389465332,-0.31951892375946045
334,31.193622589111328,4.257305145263672,-4.145671844482422,11.670909881591797,0.3650810718536377,-0.054641008377075195,-35.938724517822266,-6.264884948730469,-0.6866657733917236,-24.322107315063477,20.0,2.3783607482910156,1.2065256834030151,0.10475749522447586,-0.6387539505958557,-6.657913684844971,0.3094528317451477,1.2110801935195923,0.4758705198764801,0.21884401142597198,-0.24058619141578674,1.5722299814224243,0.20620588958263397,-0.42424485087394714
335,59.04098892211914,12.183890342712402,-23.782405853271484,-59.70831298828125,10.193382263183594,0.3725263476371765,-51.113487243652344,2.6883041858673096,-6.921573638916016,-2.628673553466797,3.26846981048584,1.1418898105621338,1.0936992168426514,-0.3514263927936554,-0.0834951102733612,1.0533217191696167,-2.089383363723755,0.0610775351524353,-1.9676120281219482,-0.8860697746276855,-0.8030120134353638,6.397344589233398,4.192789554595947,1.494594931602478
336,32.73550033569336,20.20035171508789,-39.482784271240234,-81.54156494140625,4.184203147888184,0.38026654720306396,-37.63887023925781,12.786331176757812,-7.408411026000977,-4.9059906005859375,-1.2220211029052734,-0.062103271484375,1.3756422996520996,-0.07987387478351593,0.3508579730987549,0.27381670475006104,-2.118685007095337,0.8026260137557983,-3.986711025238037,0.5350632071495056,0.4701113998889923,7.704949378967285,0.8583261370658875,2.0518524646759033
337,26.25480079650879,19.96784019470215,-38.56595230102539,-61.62274169921875,3.7496681213378906,0.44176554679870605,-21.992252349853516,-4.737520217895508,2.329648494720459,-12.913028717041016,-0.6260005235671997,-0.23740863800048828,2.168609619140625,-0.2635658085346222,0.44945603609085083,-0.5901268124580383,-1.7972147464752197,0.8083633184432983,-3.532069683074951,0.5039983987808228,1.0224049091339111,4.114292144775391,1.0123803615570068,1.6130547523498535
338,-2.4270858764648438,20.823734283447266,-34.714576721191406,-62.85224533081055,6.669314384460449,-2.6515982151031494,-2.5066919326782227,-4.309145450592041,1.1787934303283691,-7.604180335998535,-0.5212295055389404,-0.14559149742126465,2.5038299560546875,-0.3203743100166321,0.16629701852798462,-1.347105622291565,-1.4869372844696045,0.8735226988792419,-2.4519245624542236,0.261054128408432,0.6461887359619141,-0.0930778756737709,-0.01944928616285324,1.4750220775604248
339,-16.57065200805664,18.512439727783203,-21.448345184326172,-53.54597091674805,12.959156036376953,-5.911354064941406,6.223989009857178,-1.6344962120056152,-0.5612114667892456,1.0866641998291016,-0.05766862630844116,-0.1525181531906128,2.439551830291748,-0.34701377153396606,0.035612739622592926,-1.8859158754348755,-1.1908011436462402,0.5549529194831848,-1.6775707006454468,-0.03965751826763153,0.1262335330247879,-2.5375516414642334,0.1843007653951645,0.4860179126262665
340,-1.5725889205932617,13.0804443359375,-14.390162467956543,-36.75224304199219,18.72916030883789,-11.11948013305664,3.089118480682373,0.4107307195663452,-0.4983628988265991,4.999839782714844,-0.2763986587524414,-0.11887478828430176,2.9166669845581055,-0.5272894501686096,-0.029242800548672676,-2.2566752433776855,-0.7180635929107666,0.4796466529369354,-0.4028860330581665,-0.33709442615509033,-0.06248621642589569,-3.5922775268554688,-2.4319026470184326,-1.1861258745193481
341,-21.21702003479004,9.382868766784668,-5.61024808883667,-26.667695999145508,20.0,-6.906683921813965,14.13092041015625,-3.58471941947937,2.0459299087524414,6.537666320800781,0.4583725929260254,0.06850957870483398,2.543839454650879,-0.3879348337650299,0.04144049435853958,-1.8023439645767212,-1.0875757932662964,-3.298072338104248,0.5765562653541565,-0.7852938771247864,-0.24976278841495514,-5.281803607940674,-0.7095481753349304,-1.568616509437561
342,-17.879941940307617,-3.525158643722534,6.211942195892334,2.3584413528442383,19.52655029296875,-4.0453104972839355,22.80040740966797,-1.5780277252197266,3.4614734649658203,8.3076171875,0.32497525215148926,0.03835248947143555,-0.40020960569381714,-0.1496499925851822,0.49252626299858093,3.4520652294158936,2.066692590713501,-3.585472583770752,1.6411997079849243,-0.764712393283844,0.04783707484602928,-6.939858913421631,0.3753512501716614,-2.356738328933716
343,-53.595298767089844,8.059147834777832,-0.3708457946777344,-10.085311889648438,-0.1381206512451172,0.2398395538330078,58.303897857666016,-11.7789888381958,13.842592239379883,-7.9328155517578125,-13.859390258789062,5.3143134117126465,-2.9867749214172363,0.9606224298477173,0.4853076636791229,7.445839881896973,5.327905654907227,-3.6500096321105957,2.9038524627685547,-1.019036889076233,-1.1131155490875244,-1.916527509689331,7.112962245941162,-4.428934574127197
344,-25.913496017456055,-11.631540298461914,6.732427597045898,-9.682867050170898,-1.4582566022872925,0.5352470874786377,32.24821853637695,-10.044278144836426,21.489763259887695,-50.723487854003906,0.8857841491699219,-3.7668449878692627,-3.844123601913452,0.5265272259712219,0.1816835105419159,6.979076862335205,0.2521181106567383,1.6045827865600586,1.0829784870147705,0.015527680516242981,-0.2247546911239624,1.2121453285217285,-2.5268824100494385,0.4779422879219055
345,-19.34348487854004,-0.7858686447143555,0.8828046917915344,-12.134451866149902,-0.4733690023422241,-0.11847281455993652,25.736146926879883,-18.90018081665039,30.466751098632812,-49.93447494506836,4.097296714782715,0.24192804098129272,-3.5757029056549072,0.1659483015537262,0.03705456107854843,3.3211379051208496,0.8940032124519348,1.715218186378479,1.5594708919525146,-0.02404654026031494,-0.1431608498096466,0.7115361094474792,-2.2807998657226562,0.008171409368515015
346,-6.847492218017578,-1.5443788766860962,0.6369555592536926,-5.075247764587402,-0.49958282709121704,-0.09984207153320312,9.272104263305664,-13.17651653289795,24.91958236694336,-49.66245651245117,10.094806671142578,-0.8183081150054932,-3.117011308670044,-0.05204509198665619,-0.2666839361190796,0.6918281316757202,-0.5137374401092529,2.2773516178131104,1.9680763483047485,0.02336038649082184,-0.1728229969739914,0.19246646761894226,-2.1728055477142334,-0.007468283176422119
347,0.9645910263061523,-2.6941165924072266,1.5853923559188843,-0.659477710723877,-0.1762094497680664,-0.18103885650634766,0.47034645080566406,-6.216659069061279,15.430362701416016,-50.13798141479492,19.377885818481445,-0.2586859464645386,-2.195605754852295,0.0779048353433609,-0.5347069501876831,-1.6645326614379883,-1.284179449081421,2.4842095375061035,2.4618566036224365,0.3121091425418854,-0.319885790348053,-0.4843962490558624,-1.9180470705032349,0.21821048855781555
348,4.088140487670898,-3.69285249710083,3.6164512634277344,2.961864471435547,0.05098700523376465,-0.2681889533996582,-10.034631729125977,-14.15992259979248,15.855856895446777,-41.553096771240234,20.0,-0.06457017362117767,-1.4371742010116577,-0.32704219222068787,-0.11650261282920837,-3.9610607624053955,-0.8361310958862305,2.1511003971099854,2.467439651489258,0.10204599052667618,-0.2154560387134552,-0.7711559534072876,-1.7797378301620483,0.08594118058681488
349,10.917895317077637,2.0616230964660645,-0.6467708349227905,9.999380111694336,0.18732690811157227,-0.21612930297851562,-15.82449722290039,-10.622064590454102,6.675261974334717,-24.923728942871094,20.0,2.464888095855713,-1.0170971155166626,0.2650436758995056,0.0761987641453743,-3.3197457790374756,-1.083855390548706,1.431693196296692,2.2326974868774414,0.3837329149246216,-0.2706351578235626,-0.686293363571167,-1.7443428039550781,-0.20694735646247864
350,17.62689781188965,3.9134445190429688,-4.001661777496338,6.148738861083984,0.23863708972930908,-0.07445597648620605,-20.211580276489258,-6.985714912414551,2.941650390625,-15.177473068237305,20.0,1.745297908782959,0.03991951793432236,0.4487058222293854,-0.3262079656124115,-4.876830101013184,-0.67939293384552,1.4252002239227295,1.0565781593322754,0.4262825548648834,-0.27230018377304077,1.082139015197754,-0.4909939169883728,-0.43588918447494507
351,65.55989837646484,12.717512130737305,-21.82712745666504,-38.658592224121094,-17.855287551879883,9.417909622192383,-59.356544494628906,6.841251373291016,-12.404322624206543,-3.2772560119628906,10.463478088378906,3.371685266494751,1.92152738571167,0.053437650203704834,-0.8142074346542358,-0.04787960648536682,-3.2964224815368652,-8.135560989379883,-2.568072557449341,-0.4319302439689636,-0.22603431344032288,7.287153720855713,5.605795860290527,0.18432407081127167
352,68.23928833007812,23.99292755126953,-43.649208068847656,-67.80647277832031,4.695805549621582,0.9661688804626465,-59.60760498046875,8.716279029846191,-6.478595733642578,-7.990966796875,-1.7412844896316528,0.13139104843139648,1.440788745880127,-0.21690678596496582,0.3388516902923584,0.7137097120285034,-2.3498971462249756,0.5470472574234009,-5.418789863586426,0.3746633529663086,1.047985315322876,9.884754180908203,0.915510892868042,2.660978078842163
353,28.606971740722656,29.412723541259766,-47.756126403808594,-61.641990661621094,4.941038608551025,-0.574756383895874,-20.519433975219727,-11.986108779907227,5.08110237121582,-21.01300048828125,-0.7995076179504395,-0.3186933994293213,2.423457622528076,-0.031310148537158966,0.2303590327501297,-0.26493629813194275,-2.1328928470611572,0.8032793998718262,-4.308341979980469,0.3037085235118866,1.173628330230713,2.4124484062194824,1.7348864078521729,1.8114564418792725
354,-11.685005187988281,12.994190216064453,-26.666217803955078,-68.11339569091797,3.933196544647217,0.695550262928009,9.136541366577148,1.653038501739502,-2.1243996620178223,-1.2222157716751099,-0.25450992584228516,-0.10956573486328125,2.9335343837738037,-0.22349967062473297,0.022600755095481873,-1.1213407516479492,-1.795546531677246,0.19828389585018158,-2.856865406036377,0.080511175096035,0.7211047410964966,-0.7442345023155212,1.4368958473205566,2.0445117950439453
355,3.514704704284668,9.237385749816895,-15.796491622924805,-44.28752136230469,15.653359413146973,-5.491877555847168,-8.479789733886719,2.842304229736328,-4.741235733032227,0.4827880859375,-0.598960280418396,-0.18877184391021729,2.8522140979766846,-0.30671197175979614,0.12091286480426788,-1.4411879777908325,-1.527562141418457,0.41010600328445435,-2.804417848587036,-0.3406951129436493,-0.2008335143327713,-2.413637161254883,-0.6563454270362854,0.21362029016017914
356,-24.16631317138672,7.673417568206787,-6.339076995849609,-35.57130432128906,20.0,-7.6661882400512695,18.327186584472656,4.000161170959473,-1.708627700805664,6.789741516113281,0.25516632199287415,-0.04271543025970459,2.718381404876709,-0.3128960132598877,0.11793984472751617,-1.6174962520599365,-1.4020328521728516,-0.43820250034332275,-1.6411938667297363,-0.14656393229961395,-0.2919199764728546,-4.007930755615234,0.20392237603664398,-0.5503601431846619
357,-23.389076232910156,-0.650248646736145,-3.3355486392974854,-35.565216064453125,20.0,-8.266559600830078,19.54025650024414,6.688408851623535,-3.164140224456787,9.261096954345703,0.14796090126037598,0.02053523063659668,2.6567931175231934,-0.30810418725013733,0.13273873925209045,-1.5300066471099854,-1.3106409311294556,-1.9777058362960815,-0.07276806980371475,-0.05935301259160042,-0.5187053680419922,-5.360111713409424,0.10991649329662323,-1.593390703201294
358,-17.119712829589844,3.0484893321990967,0.21806681156158447,-11.06443977355957,20.0,-4.886652946472168,18.048673629760742,-2.449568271636963,1.9995436668395996,10.191547393798828,0.11338692903518677,0.08584213256835938,1.6002615690231323,-0.129832923412323,0.23810745775699615,0.5171478390693665,-0.7170690894126892,-4.80662727355957,1.0654183626174927,-0.47318559885025024,-0.8272273540496826,-6.095930576324463,-0.31719303131103516,-2.30846905708313
359,-38.9775505065918,3.5071401596069336,2.599919080734253,-7.761848449707031,13.17711067199707,-2.268244743347168,44.436649322509766,-9.73909854888916,8.715361595153809,-3.901796340942383,-11.23891830444336,5.188357353210449,-1.107810616493225,0.07046546787023544,0.2293441891670227,5.510940074920654,3.188354969024658,-4.072745323181152,2.1749606132507324,-0.7146576046943665,-0.5365557074546814,-1.8155226707458496,7.148832321166992,-5.991912841796875
360,-46.21332550048828,1.8344471454620361,1.3073924779891968,-10.832443237304688,-0.940910816192627,0.5848192572593689,52.22235107421875,-18.614017486572266,23.829763412475586,-35.087921142578125,-18.670351028442383,-1.654771089553833,-3.1346166133880615,0.8258234262466431,-0.2935069799423218,6.7793073654174805,2.7027428150177,0.6357218027114868,1.1887304782867432,0.2752635180950165,-0.24376049637794495,1.3266406059265137,-2.6698801517486572,-0.32469552755355835
361,-14.504520416259766,-2.857551097869873,1.6161623001098633,-5.8625335693359375,-0.7006707191467285,0.010924100875854492,21.657123565673828,-22.044673919677734,42.24895095825195,-62.77030563354492,-4.439398765563965,-1.869317889213562,-3.1653523445129395,-0.004132378846406937,-0.5254614353179932,5.3918280601501465,1.262906551361084,1.8168178796768188,1.4111599922180176,-0.25073131918907166,-0.19780468940734863,1.1063892841339111,-2.4981601238250732,-0.019850820302963257
362,-9.577171325683594,-0.13209819793701172,1.2498356103897095,-7.6498308181762695,-0.49023497104644775,-0.14838933944702148,12.594911575317383,-16.338539123535156,29.4657039642334,-63.316162109375,-0.37900829315185547,-1.0081291198730469,-2.777597188949585,0.24052909016609192,-0.362779438495636,2.4078927040100098,0.7466390132904053,2.0107319355010986,1.8511462211608887,-0.039480164647102356,-0.2045792192220688,0.3408711850643158,-2.1516876220703125,-0.005198217928409576
363,-3.208894729614258,-4.87158727645874,4.887785911560059,-2.017338275909424,-0.3758814334869385,-0.24704384803771973,5.153618812561035,-14.243492126464844,24.099123001098633,-53.4239501953125,6.3561811447143555,1.019487738609314,-2.3192551136016846,-0.0978611558675766,0.4295218884944916,0.3098793625831604,-0.6285485029220581,1.7127976417541504,2.045060873031616,-0.2607860267162323,-0.018459439277648926,0.04141156002879143,-2.032397508621216,0.010316312313079834
364,-0.30764293670654297,-4.3140177726745605,1.562737226486206,0.059103965759277344,-0.06824100017547607,-0.15842127799987793,0.7554225921630859,-3.548081636428833,10.760976791381836,-43.62104797363281,13.012235641479492,0.5810456871986389,-1.8096052408218384,0.10213203728199005,0.11728924512863159,-1.2379980087280273,-0.8531511425971985,1.435164451599121,2.222644567489624,0.16454213857650757,-0.18099121749401093,-0.40059155225753784,-1.7639504671096802,0.24011433124542236
365,8.054946899414062,3.332077741622925,-3.1194982528686523,-0.16851806640625,-0.09744787216186523,-0.06658697128295898,-14.075590133666992,-13.352450370788574,10.8726167678833,-37.70204162597656,18.72728729248047,0.5225687623023987,-0.8202922940254211,0.2666436731815338,-0.3583628237247467,-4.383724212646484,-1.4356480836868286,1.7022173404693604,2.202906608581543,0.3709399402141571,-0.2116183340549469,-0.8347091674804688,-1.559728980064392,0.17713400721549988
366,15.837241172790527,5.470037460327148,-3.703418731689453,4.335346221923828,0.23762652277946472,-0.16717660427093506,-19.284202575683594,-15.72321605682373,7.566770553588867,-19.42146110534668,20.0,2.0861494541168213,0.6696350574493408,0.17438621819019318,-0.3531210720539093,-7.821218490600586,0.047841694205999374,0.7440027594566345,1.333419680595398,0.08092688024044037,-0.09818264842033386,0.29874810576438904,-0.6189213991165161,-0.4205796420574188
367,48.12968063354492,12.230710983276367,-9.931680679321289,16.494770050048828,0.5909674167633057,0.030198216438293457,-43.81844711303711,4.271058559417725,-6.93641996383667,1.1117229461669922,7.364169597625732,1.8044226169586182,2.9442431926727295,1.0761239528656006,0.20826369524002075,-2.9096760749816895,9.708207130432129,-3.236175060272217,-1.799026370048523,0.36837923526763916,0.216953307390213,6.445607662200928,3.8354363441467285,1.2310370206832886
368,28.74051284790039,19.49941062927246,-31.90719985961914,-71.14339447021484,2.891505718231201,2.5978221893310547,-28.849950790405273,2.392098903656006,-0.495877742767334,-7.464099884033203,-1.1900770664215088,-0.061148643493652344,1.7005935907363892,-0.297531396150589,0.3816094398498535,0.562541663646698,-2.2043590545654297,0.520473062992096,-2.658137083053589,0.3142143487930298,1.4696985483169556,6.699281215667725,-0.21559129655361176,2.7623400688171387
369,15.743133544921875,22.791757583618164,-33.99081039428711,-76.31721496582031,5.138566493988037,-1.1484172344207764,-21.592744827270508,6.996754169464111,-7.357517719268799,-6.994390487670898,-0.3130251169204712,-0.20592713356018066,1.828050971031189,-0.3139785826206207,0.1502668261528015,-0.21266302466392517,-1.8673691749572754,0.8260562419891357,-3.0156843662261963,0.585157573223114,0.5895226001739502,4.955204963684082,0.7164780497550964,1.699269413948059
370,17.394344329833984,21.443117141723633,-28.431842803955078,-57.80059051513672,9.765274047851562,-4.41455078125,-15.737858772277832,-5.021291255950928,0.8802065849304199,-14.293675422668457,-0.897963285446167,-0.22971808910369873,2.644275665283203,-0.28185412287712097,0.2067663073539734,-1.232567310333252,-1.4022043943405151,0.9212068319320679,-1.7945464849472046,0.28837963938713074,0.30573156476020813,-0.972545325756073,-1.1852192878723145,0.0900876522064209
371,-24.226831436157227,18.724178314208984,-17.12712287902832,-57.58592987060547,10.07109260559082,-7.4798197746276855,11.727109909057617,-2.616044044494629,0.18603184819221497,6.549746513366699,0.38137438893318176,0.06493568420410156,2.6247317790985107,-0.49162155389785767,0.27602988481521606,-1.8718760013580322,-1.276301383972168,0.7647416591644287,-1.2302829027175903,-0.27667054533958435,-0.011220649816095829,-1.6079598665237427,0.19440260529518127,1.020707607269287
372,-6.943744659423828,21.562545776367188,-12.581926345825195,-37.62995910644531,15.496355056762695,-9.360595703125,2.059892177581787,-3.6959524154663086,1.9368629455566406,2.932048797607422,-0.25258541107177734,-0.15052403509616852,2.5942368507385254,-0.5346157550811768,0.1485435664653778,-1.9447649717330933,-0.8938603401184082,-0.24007639288902283,-0.445183128118515,-0.5157309770584106,-0.11427224427461624,-3.097381830215454,-1.5334720611572266,-0.012448624707758427
373,-14.098782539367676,3.7954275608062744,0.0530160591006279,-20.69771385192871,20.0,-5.976456642150879,8.801746368408203,6.904754638671875,-3.9244725704193115,7.237269401550293,0.3412942886352539,-0.03284168243408203,2.147493362426758,-0.2571972608566284,0.1440204679965973,-1.2854957580566406,-1.2040727138519287,-2.476449728012085,0.04280239716172218,-0.17046955227851868,-0.44642698764801025,-3.4573450088500977,-0.5113564729690552,-1.3718186616897583
374,-20.056167602539062,6.273663520812988,-2.459385871887207,-10.197458267211914,18.048248291015625,-3.7999749183654785,20.36362075805664,-8.537227630615234,7.8958516120910645,5.088354110717773,0.11443710327148438,0.01684713363647461,1.0119258165359497,-0.39754900336265564,0.2385757565498352,0.5393643379211426,-0.0633469820022583,-2.6311285495758057,1.4266912937164307,-0.6407133936882019,0.2502887547016144,-5.752030849456787,-0.88788241147995,-1.414402961730957
375,-40.27503204345703,2.229722023010254,4.382992744445801,2.2414512634277344,2.385045051574707,-0.2869124412536621,46.18436813354492,-15.47790241241455,23.834646224975586,-31.621417999267578,-19.975683212280273,6.012031078338623,-2.0902106761932373,0.7533971667289734,1.5139806270599365,8.485651016235352,5.9587788581848145,-2.9808218479156494,2.582214593887329,-1.0661976337432861,-0.7919850945472717,-2.9870951175689697,10.741697311401367,-5.61776065826416
376,-32.453025817871094,-1.3994636535644531,-1.5132060050964355,-13.956459045410156,-1.64119291305542,0.504777193069458,34.97654724121094,-8.767036437988281,16.837188720703125,-57.715904235839844,-9.239012718200684,-0.5906484127044678,-2.8673009872436523,0.8514688611030579,-0.42539024353027344,7.268200874328613,1.0813889503479004,0.7191095948219299,1.165680170059204,0.32790571451187134,-0.38021397590637207,0.8250821828842163,-2.2385120391845703,0.3039754033088684
377,-29.37401580810547,-9.466228485107422,8.339116096496582,-11.00035285949707,-0.6993534564971924,-0.08062195777893066,38.410404205322266,-13.640861511230469,30.721843719482422,-53.113548278808594,0.2952139377593994,-0.5808631181716919,-3.0830516815185547,0.13103076815605164,0.14103974401950836,4.985057353973389,0.6850695610046387,1.8209879398345947,1.6681218147277832,0.05880078673362732,-0.2598540782928467,0.43399232625961304,-2.05332088470459,0.0710657462477684
378,-17.687454223632812,-0.9617739915847778,0.9940733313560486,-9.27330493927002,-0.645704984664917,-0.14011693000793457,15.818314552307129,-14.794793128967285,26.094249725341797,-54.98856735229492,5.599081039428711,0.9261163473129272,-3.3801283836364746,-0.1085427850484848,-0.14291173219680786,2.066774606704712,-0.4622988998889923,1.8797919750213623,1.8204752206802368,0.12053214013576508,-0.31592610478401184,-0.1551511138677597,-1.7675871849060059,-0.13330227136611938
379,-1.8877782821655273,-3.831885814666748,2.851104259490967,-2.1594269275665283,-0.2095038890838623,-0.18227887153625488,0.18602371215820312,-10.323102951049805,23.17751693725586,-54.0260124206543,10.195693016052246,2.144336700439453,-2.8191757202148438,-0.4260604977607727,0.01044475194066763,-0.3010237514972687,-1.150966763496399,1.8459478616714478,2.0572524070739746,0.04919840395450592,-0.271533727645874,-0.5408432483673096,-1.6280851364135742,0.09685610979795456
380,-0.4544496536254883,-0.8709716796875,1.69871187210083,-3.4726200103759766,-0.2825784683227539,-0.09962892532348633,2.3932456970214844,-8.138753890991211,10.297416687011719,-29.967514038085938,20.0,5.548737525939941,-1.6388804912567139,-0.2259868085384369,0.30511242151260376,-3.9791030883789062,-2.289705514907837,3.3149538040161133,2.467886209487915,0.2527408301830292,-0.2533482313156128,-1.033886432647705,-1.4140183925628662,-0.34662675857543945
381,18.49829864501953,2.049234628677368,-3.0075178146362305,9.293777465820312,0.4052317142486572,-0.3180246353149414,-29.675048828125,-14.014054298400879,9.141998291015625,-40.07844161987305,20.0,3.5363430976867676,-0.7461222410202026,-0.3235720992088318,-0.5132026076316833,-5.04926061630249,-1.5021414756774902,1.7131264209747314,2.29935884475708,0.33861249685287476,-0.43077608942985535,-1.3111166954040527,-1.3804694414138794,-0.2638900876045227
382,23.524232864379883,6.554688453674316,-3.8757071495056152,9.751253128051758,0.5038501620292664,-0.15378785133361816,-24.443592071533203,-15.618389129638672,6.111919403076172,-12.969282150268555,20.0,4.665339946746826,0.738677978515625,0.027986396104097366,-0.026675917208194733,-6.604227066040039,0.44528961181640625,1.1779556274414062,0.4806740880012512,0.07122005522251129,-0.2835344076156616,1.2691593170166016,0.12504339218139648,-0.6408845782279968
383,57.325843811035156,17.98052978515625,-24.339391708374023,-26.66398048400879,-20.0,8.895315170288086,-54.159854888916016,2.0852932929992676,-8.409616470336914,-0.2843589782714844,3.2528038024902344,1.0791163444519043,2.557718515396118,0.6777041554450989,-0.13101890683174133,-3.1331918239593506,12.011682510375977,-5.902900695800781,-2.836425304412842,-0.15307004749774933,-0.7296041250228882,8.511898040771484,6.1865034103393555,2.732574462890625
384,37.53074264526367,25.701454162597656,-45.23908233642578,-72.45453643798828,-1.155256748199463,3.5259432792663574,-32.266143798828125,-5.124031066894531,4.459385395050049,-12.073211669921875,-1.7006086111068726,-0.32527971267700195,1.9554556608200073,-0.12607361376285553,0.4881587028503418,0.28353792428970337,-2.26431941986084,0.6635127067565918,-3.326669216156006,0.01669771783053875,1.280324101448059,6.82216739654541,1.0849584341049194,2.5683658123016357
385,30.44341468811035,21.428564071655273,-34.661380767822266,-59.03384017944336,4.426502227783203,-0.21890509128570557,-32.94983673095703,7.6854023933410645,-7.194384574890137,-11.725253105163574,-0.88120037317276,-0.24261391162872314,1.8604180812835693,-0.16608203947544098,0.039106737822294235,-0.21402610838413239,-1.8535559177398682,0.518588125705719,-4.141129493713379,0.5617257952690125,0.620637834072113,4.107034683227539,-0.10348352044820786,0.8567051887512207
386,-0.7483968734741211,17.472686767578125,-26.022733688354492,-60.450599670410156,6.487698554992676,-2.1763603687286377,-0.8495559692382812,-0.27075040340423584,-1.491239070892334,-6.530396461486816,-0.2535667419433594,-0.034488677978515625,2.4665205478668213,-0.20154087245464325,0.030241435393691063,-1.0861637592315674,-1.5890254974365234,0.35068565607070923,-3.0581867694854736,0.3772384524345398,0.25938722491264343,0.22904694080352783,0.10668373852968216,1.0979434251785278
387,-16.58970069885254,16.930274963378906,-16.742965698242188,-38.83869552612305,9.839513778686523,-3.998234272003174,12.017688751220703,-6.551598072052002,3.7403507232666016,-1.777994155883789,-0.1558365523815155,-0.1451888084411621,2.574951410293579,-0.3151305615901947,-0.007153395563364029,-1.462634801864624,-1.4342496395111084,0.24086688458919525,-1.7072279453277588,-0.09452635794878006,0.3024316728115082,-3.215576171875,-0.2568500339984894,0.6788703799247742
388,-21.02239990234375,8.999823570251465,-10.487847328186035,-36.409481048583984,17.384035110473633,-7.773998260498047,13.963197708129883,0.46705806255340576,-0.5252379179000854,5.279680252075195,-0.044202566146850586,-0.12653660774230957,2.3326938152313232,-0.2191886007785797,-0.019878843799233437,-1.4231160879135132,-1.241554856300354,-1.1547789573669434,-0.45920881628990173,-0.32945895195007324,-0.10019669681787491,-5.464443206787109,-1.0571666955947876,-0.9005523324012756
389,-12.040274620056152,5.943008899688721,-2.034501075744629,-16.556673049926758,20.0,-5.305129051208496,11.337080955505371,0.4481015205383301,-0.4065265655517578,11.514633178710938,0.13962411880493164,0.03423643112182617,2.0390591621398926,-0.09466379880905151,0.04635758325457573,-0.5757135152816772,-1.6433537006378174,-4.14870023727417,0.24996359646320343,-0.5350014567375183,-0.37051549553871155,-4.942906379699707,-2.186642646789551,-1.9496256113052368
390,-19.242868423461914,-7.654751300811768,9.65185546875,4.069694519042969,16.715396881103516,-3.305483818054199,29.038877487182617,-4.946650981903076,6.651048183441162,6.102592468261719,0.5455926656723022,0.0079498291015625,-0.7327685356140137,-0.32738685607910156,0.24917076528072357,4.832798957824707,2.3746352195739746,-3.0844674110412598,2.057643175125122,-0.8593624234199524,0.31090521812438965,-5.744107246398926,4.271427154541016,-4.682450294494629
391,-49.786781311035156,1.6101264953613281,1.4078419208526611,-8.37222671508789,-0.6064977645874023,0.350553035736084,55.31892776489258,-15.588432312011719,17.49020767211914,-40.40507888793945,-18.77639389038086,-7.459717750549316,-2.894650459289551,1.0069844722747803,0.209265798330307,8.041923522949219,3.9538228511810303,-0.9063169956207275,1.2899627685546875,0.5583855509757996,-0.06741376221179962,1.2163180112838745,-2.3929715156555176,-0.19073641300201416
392,-24.7047176361084,-8.259870529174805,5.342337608337402,-8.384761810302734,-1.06679368019104,0.1972956657409668,26.99081039428711,-15.630599975585938,34.67852783203125,-62.298118591308594,-1.657501220703125,-0.0772693008184433,-3.6486103534698486,0.3006458878517151,0.18581950664520264,7.363594055175781,1.4081616401672363,2.1605281829833984,1.414797067642212,0.14379437267780304,-0.1722242534160614,0.8706045150756836,-2.2951133251190186,-0.07799471169710159
393,-18.74706268310547,-2.0936477184295654,2.7376515865325928,-13.503140449523926,-0.746292233467102,-0.23180913925170898,20.389636993408203,-19.655258178710938,25.922950744628906,-59.44108581542969,4.490662097930908,1.2507877349853516,-3.5177812576293945,0.10283374041318893,0.3534097671508789,3.1261119842529297,0.922771692276001,1.6140519380569458,1.8227540254592896,0.14843520522117615,-0.08896569162607193,0.15163712203502655,-2.014021396636963,-0.03511600196361542
394,-2.1169700622558594,-0.34835267066955566,-0.5946837067604065,-5.387829303741455,-0.4409770369529724,-0.10361933708190918,0.770726203918457,-14.766702651977539,21.76911735534668,-51.68842697143555,8.287324905395508,1.3742456436157227,-2.899008274078369,-0.22756852209568024,-0.10093004256486893,0.0010209940373897552,-0.08608276396989822,1.741321325302124,2.137458562850952,0.06956267356872559,-0.1743965744972229,-0.31457147002220154,-1.8659747838974,-0.14654673635959625
395,2.098423957824707,0.18420356512069702,0.3281896710395813,-0.7380294799804688,-0.3201467990875244,-0.12081146240234375,-5.265202522277832,-17.159404754638672,14.815543174743652,-44.407318115234375,18.313892364501953,2.2534711360931396,-2.1210503578186035,-0.14570783078670502,-0.12256958335638046,-2.570556640625,-1.6606677770614624,2.2396931648254395,2.295261859893799,0.19374622404575348,-0.15621457993984222,-0.7478188276290894,-1.6904488801956177,0.012439101934432983
396,12.669242858886719,-1.077831506729126,-0.3749837875366211,7.183637619018555,0.27112317085266113,-0.15809345245361328,-18.415573120117188,-14.151193618774414,12.404274940490723,-42.834285736083984,20.0,0.33152467012405396,-1.181482195854187,-0.2006153017282486,-0.4843529760837555,-3.5451581478118896,-1.3983845710754395,2.4501500129699707,2.34600830078125,0.30760568380355835,-0.22099435329437256,-1.097320795059204,-1.5624830722808838,-0.05087904632091522
397,16.596813201904297,2.451599597930908,-0.38123998045921326,7.217840194702148,0.2360856533050537,-0.25913023948669434,-20.890766143798828,-13.713942527770996,7.645638465881348,-28.531599044799805,20.0,3.577732563018799,0.21086466312408447,0.05557724088430405,-0.02725527621805668,-5.240635871887207,-1.3064939975738525,1.7428706884384155,2.3927159309387207,0.23961792886257172,-0.21675685048103333,-1.161483645439148,-1.4958322048187256,-0.3072817921638489
398,26.71982192993164,5.257835388183594,-4.9466552734375,11.794853210449219,0.5209690928459167,-0.13079547882080078,-29.322040557861328,-4.466431617736816,0.9212968349456787,-13.792158126831055,20.0,4.485363960266113,1.3445385694503784,0.42458027601242065,-0.3090123236179352,-5.7181267738342285,-0.09299715608358383,1.0639700889587402,0.5003730654716492,0.15040957927703857,-0.378182977437973,1.8541791439056396,0.596110463142395,-0.5392124652862549
399,63.026397705078125,16.196563720703125,-22.127464294433594,-28.614295959472656,-17.92176628112793,11.25033187866211,-55.341453552246094,-3.8609485626220703,-4.212100505828857,-4.75921630859375,5.055808067321777,1.610680103302002,2.1432790756225586,-0.14358289539813995,-0.11711385101079941,-2.337862014770508,5.9287285804748535,-7.938055038452148,-2.427995443344116,-1.2269457578659058,-0.46164870262145996,7.245543479919434,5.065823078155518,2.188620090484619
400,47.03636932373047,29.681140899658203,-44.42499923706055,-59.52381134033203,2.7216665744781494,4.019762992858887,-42.43647003173828,-3.396074056625366,2.0784811973571777,-12.176948547363281,-1.4729976654052734,-0.20284748077392578,1.875087857246399,-0.17000196874141693,0.6395509839057922,0.3479692041873932,-2.2702770233154297,0.5016526579856873,-3.8159499168395996,-0.5861111283302307,1.4544800519943237,6.069376468658447,2.0656898021698,2.942668914794922
401,29.48599624633789,29.095386505126953,-45.33316421508789,-55.15766143798828,5.999874591827393,1.004844069480896,-26.36701774597168,-1.2247008085250854,-1.217775821685791,-9.745312690734863,-0.8340390920639038,-0.33373451232910156,2.1940970420837402,-0.015600219368934631,0.27308711409568787,-0.10737202316522598,-2.118319511413574,0.5632150173187256,-4.045481204986572,-0.013556130230426788,1.4348026514053345,3.232757329940796,1.150699496269226,1.2401992082595825
402,-4.022176742553711,13.571844100952148,-27.194992065429688,-56.14230728149414,9.480366706848145,-1.0804499387741089,-2.7812118530273438,7.853431701660156,-7.638318061828613,-3.3670825958251953,-0.3894561529159546,-0.008410453796386719,2.1513044834136963,0.17563354969024658,-0.05034138262271881,-0.5053343176841736,-1.9516222476959229,0.1382439136505127,-3.659738540649414,0.26861652731895447,0.1340949982404709,0.4309670627117157,0.6229888796806335,1.1752738952636719
403,-9.71866226196289,10.13831901550293,-21.972824096679688,-59.651832580566406,13.942508697509766,-5.319302082061768,4.124434471130371,-0.22465312480926514,0.12201212346553802,-1.5508546829223633,-0.3844141960144043,-0.12285280227661133,2.552654266357422,-0.16606010496616364,0.0024527758359909058,-1.432897686958313,-1.5500707626342773,0.47377586364746094,-2.3781697750091553,-0.26319608092308044,-0.0259933453053236,-3.0535027980804443,-0.676576554775238,0.659954845905304
404,-5.726795196533203,5.1511735916137695,-11.56818675994873,-33.76383972167969,20.0,-8.743806838989258,4.559986114501953,6.986628532409668,-3.949204921722412,7.40410041809082,-0.0012443065643310547,-0.09625208377838135,2.71620512008667,-0.3020046055316925,-0.07702728360891342,-1.6634011268615723,-1.3384498357772827,0.35732734203338623,-1.5704262256622314,-0.09923533350229263,-0.2693745195865631,-3.462824583053589,-1.6072320938110352,-0.8577963709831238
405,-18.48925018310547,1.5676445960998535,-4.483264923095703,-19.966482162475586,20.0,-5.931537628173828,15.802482604980469,0.886483371257782,-0.27268338203430176,7.100715637207031,0.390583872795105,0.021643638610839844,2.2260308265686035,-0.09231279045343399,-0.07366962730884552,-0.8755108118057251,-1.5144872665405273,-3.1378328800201416,-0.5469111800193787,-0.20825904607772827,-0.5169366598129272,-4.850722789764404,-0.04349782317876816,-1.9273231029510498
406,-16.20785903930664,-4.579400539398193,5.494214057922363,-1.7193470001220703,20.0,-4.198213577270508,25.57445526123047,-3.1843252182006836,4.6185102462768555,8.000082015991211,0.17364253103733063,0.06995201110839844,0.24125529825687408,-0.2435322105884552,0.020311884582042694,3.160027027130127,1.1836637258529663,-3.104170799255371,1.2262743711471558,-0.4220438003540039,-0.0228135883808136,-6.836299896240234,-0.05256212502717972,-2.4323956966400146
407,-54.96755599975586,-5.230162143707275,8.075531005859375,-6.297172546386719,3.635653495788574,-0.7054071426391602,61.087890625,-15.753952026367188,17.215145111083984,-31.840484619140625,-16.385143280029297,-7.485640525817871,-2.8535573482513428,1.119444489479065,0.9318894147872925,8.089250564575195,6.658449172973633,-2.7247748374938965,1.6595860719680786,1.0529276132583618,0.6663641929626465,0.9455183744430542,-3.5892791748046875,2.368973970413208
408,-36.27674865722656,-3.6259589195251465,0.5071922540664673,-12.972940444946289,-1.947877287864685,0.5076737403869629,45.97669982910156,-21.59052085876465,35.27608871459961,-51.66138458251953,5.7340898513793945,-3.9202985763549805,-3.7961881160736084,0.02623233012855053,-0.4686903655529022,6.508105278015137,-0.21817733347415924,1.7882534265518188,1.4481611251831055,0.1835363805294037,-0.21484500169754028,1.014557957649231,-2.485286235809326,0.16136939823627472
409,-22.567153930664062,-6.584270477294922,6.293873310089111,-8.110840797424316,-0.25243282318115234,-0.16186952590942383,34.05486297607422,-19.658287048339844,35.81118392944336,-69.92708587646484,5.587442398071289,0.37567245960235596,-3.8325390815734863,-0.40389299392700195,0.10774987190961838,3.8957533836364746,1.727180004119873,2.585742950439453,2.130922794342041,0.06251469254493713,-0.10353831946849823,0.20646226406097412,-2.1117584705352783,-0.09763266146183014
410,-5.930181503295898,2.4272708892822266,0.4854477643966675,-6.662358283996582,-0.6092674732208252,-0.2695884704589844,4.087362289428711,-19.573781967163086,24.293296813964844,-61.81865310668945,6.964713096618652,0.40424400568008423,-3.6177377700805664,-0.22551880776882172,0.30201271176338196,0.44502201676368713,0.6505481600761414,1.8946417570114136,2.3313045501708984,-0.09186403453350067,-0.30142611265182495,-0.41413071751594543,-1.7687482833862305,-0.06383644789457321
411,14.712173461914062,4.578770160675049,-5.068737983703613,1.8809118270874023,-0.22913670539855957,-0.0928950309753418,-16.46143913269043,-19.312023162841797,20.901954650878906,-57.01043701171875,15.260529518127441,-0.87345290184021,-2.1557061672210693,-0.10118097066879272,-0.45113304257392883,-1.987531065940857,-1.3337879180908203,1.8557095527648926,2.701507329940796,0.13141267001628876,-0.27148348093032837,-1.0472171306610107,-1.7174715995788574,0.36481648683547974
412,9.320096969604492,3.513946294784546,-1.538022756576538,5.911020278930664,0.12306642532348633,-0.14596986770629883,-12.312204360961914,-20.865617752075195,15.4476318359375,-42.58317947387695,20.0,-0.523612916469574,-1.267180323600769,0.13949182629585266,-0.4549150764942169,-3.0619144439697266,-1.7101986408233643,1.82806396484375,2.770787239074707,0.2389022260904312,-0.2526693642139435,-1.3419358730316162,-1.4725338220596313,0.15096119046211243
413,21.527103424072266,-1.2221088409423828,1.0360345840454102,8.997207641601562,0.4396395683288574,-0.19176363945007324,-28.200563430786133,-12.252047538757324,10.480901718139648,-44.36641311645508,20.0,0.8733295798301697,0.26522374153137207,0.2462383210659027,-0.0008153961971402168,-4.582583904266357,-0.8381802439689636,1.5639086961746216,2.8780412673950195,0.14686551690101624,-0.2814985513687134,-1.7301826477050781,-1.317521333694458,0.038941532373428345
414,22.649417877197266,0.35722970962524414,-1.0724022388458252,10.808876037597656,0.4406662881374359,-0.18272733688354492,-22.197261810302734,-2.8110249042510986,-5.655087471008301,-5.553493976593018,20.0,3.9516289234161377,1.1152746677398682,0.4219655692577362,0.11251361668109894,-4.40176248550415,-0.0038883723318576813,0.4712153971195221,0.636029064655304,-0.07711583375930786,-0.5105308890342712,1.7762634754180908,1.2188968658447266,-0.5487052798271179
415,52.73219299316406,13.627998352050781,-12.893569946289062,9.200695037841797,0.5455255508422852,0.07253068685531616,-52.67761993408203,4.139738082885742,-6.098891735076904,-2.1347885131835938,0.546722412109375,0.3476674556732178,3.90793514251709,0.37215542793273926,-0.9484661221504211,-8.695321083068848,1.2545034885406494,0.26756253838539124,-2.934426784515381,-0.16138054430484772,-0.3266499638557434,8.368119239807129,5.784702777862549,1.9846854209899902
416,63.3684196472168,29.172321319580078,-45.28687286376953,-57.14654541015625,2.032928705215454,4.253549575805664,-49.03557205200195,-5.942248344421387,4.729745864868164,-16.537696838378906,-1.9409432411193848,-0.2791175842285156,1.9520223140716553,-0.3308648467063904,-0.15962643921375275,1.5258783102035522,-1.420076608657837,0.711463987827301,-3.783273696899414,0.3103443682193756,1.7126580476760864,6.938960552215576,0.04713254049420357,1.7897298336029053
417,11.605530738830566,24.914302825927734,-44.22549819946289,-62.07648849487305,2.9459476470947266,1.1186662912368774,-14.246414184570312,-3.5240578651428223,0.3811631202697754,-12.486543655395508,-0.5856480598449707,-0.1477513313293457,2.1418020725250244,-0.030392318964004517,-0.09971953928470612,0.04096958786249161,-2.157258987426758,0.6424915790557861,-3.2044012546539307,0.37372905015945435,1.288233995437622,2.0618624687194824,-0.12570828199386597,1.880139946937561
418,2.4790964126586914,5.810324192047119,-20.056442260742188,-51.574371337890625,4.319100379943848,1.1010481119155884,-5.366815567016602,8.339659690856934,-8.314096450805664,-2.634526252746582,-0.2827603816986084,-0.09933018684387207,2.422264337539673,0.1732044816017151,-0.1040055900812149,-0.35873979330062866,-1.965785026550293,0.15461882948875427,-2.6860687732696533,0.593237042427063,0.23207400739192963,-0.3370341658592224,-0.7092114090919495,1.0078017711639404
419,-26.232196807861328,20.975360870361328,-22.201345443725586,-57.65921401977539,7.630177021026611,-3.8333728313446045,15.787126541137695,-7.312600612640381,3.0611371994018555,2.558077812194824,0.09174120426177979,-0.062360286712646484,2.5199830532073975,0.014692585915327072,-0.22262120246887207,-1.0094815492630005,-1.7882304191589355,0.25607064366340637,-1.327463984489441,-0.1877848356962204,-0.29877257347106934,-3.0938050746917725,-0.6379255652427673,1.4366376399993896
420,-20.13759994506836,-5.200930595397949,2.1813294887542725,-39.48777389526367,15.703729629516602,-6.524563789367676,12.373570442199707,9.641923904418945,-5.599482536315918,10.28415584564209,0.29207444190979004,-0.190515398979187,2.459137439727783,-0.3703601658344269,0.08090884983539581,-1.2660431861877441,-1.5606869459152222,0.1304745227098465,-0.8974584341049194,-0.3657297194004059,-0.4250698685646057,-2.2076051235198975,-0.6891264915466309,-0.9713329076766968
421,-13.86937141418457,6.974845886230469,-1.001549243927002,-19.40899658203125,20.0,-5.6057448387146,9.297660827636719,-2.4447309970855713,2.8701119422912598,1.1695327758789062,-0.010560870170593262,-0.0019009113311767578,1.8838118314743042,-0.4905620217323303,-0.09747187793254852,-0.7299891710281372,-1.5170670747756958,-2.3678791522979736,0.07568559050559998,-0.6797122955322266,-0.24872928857803345,-5.000632286071777,-0.6051210165023804,-1.7750080823898315
422,-28.855621337890625,0.31107521057128906,7.742030143737793,1.1717758178710938,13.892847061157227,-3.0908737182617188,38.148399353027344,-4.638438701629639,6.132241249084473,7.901813507080078,0.20108425617218018,0.041751861572265625,-1.0417643785476685,0.36505329608917236,0.23693977296352386,4.786015033721924,1.8743075132369995,-3.4989421367645264,2.631671667098999,-0.21717597544193268,0.19869540631771088,-8.963659286499023,-1.1313424110412598,-2.2144837379455566
423,-32.609737396240234,-0.8741822242736816,1.6646050214767456,-4.495738983154297,-0.42241382598876953,0.3558652400970459,33.753326416015625,-19.56734275817871,20.79061508178711,-59.809776306152344,-20.0,-8.667634963989258,-2.155191421508789,0.998440682888031,-0.020786814391613007,7.209041118621826,2.94809889793396,-1.811077356338501,1.4887396097183228,0.5139550566673279,-0.2049008309841156,2.8160154819488525,-0.6998547315597534,0.16539698839187622
424,-26.950237274169922,-14.024572372436523,8.68648624420166,-5.699867248535156,-0.7617626190185547,0.2662196159362793,32.296485900878906,-14.592805862426758,36.66056442260742,-67.19745635986328,-7.671478748321533,-2.090947389602661,-2.9162487983703613,-0.1985166072845459,0.32754504680633545,7.320137023925781,2.0828447341918945,1.807049036026001,1.4891798496246338,-0.06317442655563354,-0.08939045667648315,0.9522494673728943,-2.4166882038116455,0.2909226715564728
425,-18.037124633789062,-6.852126121520996,5.315966606140137,-10.817919731140137,-0.8025798797607422,-0.19621872901916504,18.690948486328125,-8.263152122497559,26.604930877685547,-68.57403564453125,-2.8839235305786133,0.878332257270813,-2.8212437629699707,-0.5222589373588562,0.6942679286003113,4.193015098571777,0.7494021058082581,1.9110466241836548,2.0029993057250977,-0.1254504770040512,-0.22721973061561584,0.14267762005329132,-2.031541585922241,0.048286110162734985
426,-7.377216339111328,1.4642229080200195,-1.1615198850631714,-7.8952178955078125,-0.5634974837303162,-0.1424422264099121,-1.5127744674682617,-13.391742706298828,20.389745712280273,-61.01829528808594,4.094412803649902,0.3333132565021515,-2.924800157546997,-0.44140881299972534,0.3886423408985138,0.9816240668296814,-0.5602346062660217,1.8378010988235474,1.954063057899475,0.06945623457431793,-0.37121742963790894,-0.5650364756584167,-1.6500601768493652,-0.10807681083679199
427,5.539619445800781,0.7821749448776245,-0.8264560699462891,-1.8487987518310547,-0.21190667152404785,-0.14551925659179688,-5.918523788452148,-15.082194328308105,20.77425765991211,-55.30489730834961,12.320352554321289,0.6547797918319702,-1.4205538034439087,-0.32883375883102417,0.36915311217308044,-2.2724764347076416,-1.902590036392212,1.8581349849700928,2.5096397399902344,0.2062961310148239,-0.2844403386116028,-1.1891032457351685,-1.421494483947754,0.30150941014289856
428,3.2278103828430176,4.253493785858154,-3.5955464839935303,3.609670639038086,0.13162779808044434,-0.09604692459106445,-9.65119743347168,-20.04411506652832,18.739931106567383,-42.85179901123047,19.251195907592773,2.363546371459961,-0.732683539390564,-0.17739489674568176,-0.1513504683971405,-4.053905963897705,-1.508734107017517,2.087589979171753,2.504823923110962,0.42377007007598877,-0.2081734538078308,-1.6167579889297485,-1.094193696975708,0.012627482414245605
429,9.166730880737305,6.05873966217041,-2.5731778144836426,4.075397491455078,0.1492147445678711,-0.18326163291931152,-7.5384931564331055,-8.50088882446289,1.9735052585601807,-3.49725341796875,20.0,5.357434272766113,0.13280904293060303,0.2864184081554413,0.07178950309753418,-5.789813041687012,-1.0448967218399048,1.8201289176940918,1.0934022665023804,0.2711402177810669,-0.3959457278251648,0.46646392345428467,0.2713150084018707,-0.7064111828804016
430,44.488739013671875,9.315387725830078,-8.843290328979492,8.394332885742188,0.4471445679664612,-0.08761835098266602,-43.317344665527344,3.762885570526123,-5.518237113952637,-3.3204116821289062,8.673606872558594,2.579594373703003,2.924604892730713,0.0245974138379097,-0.7328681349754333,-10.275091171264648,-0.0025538948830217123,1.599128246307373,-1.8689643144607544,-0.19354595243930817,-0.1593884974718094,5.523998737335205,4.157873630523682,1.0306134223937988
431,38.276756286621094,16.99567413330078,-30.524505615234375,-38.92062759399414,-20.0,13.775479316711426,-37.8785285949707,-2.0603647232055664,0.07099127769470215,-6.5535125732421875,-0.9762084484100342,-0.013320446014404297,1.8084888458251953,0.29946744441986084,-0.15845677256584167,0.19024622440338135,-0.4506082534790039,-6.616364002227783,-3.761641263961792,-0.07831431180238724,0.6987928152084351,8.642162322998047,2.0219502449035645,2.6765217781066895
432,6.235827922821045,6.893310546875,-28.133481979370117,-77.2000961303711,-2.9022598266601562,3.8166890144348145,-12.873762130737305,16.43743896484375,-10.472654342651367,-11.295467376708984,-0.7594351768493652,-0.15875530242919922,1.5460854768753052,0.046649396419525146,-0.12375962734222412,0.414892315864563,-2.1946258544921875,0.33780020475387573,-3.3111093044281006,0.7753970623016357,0.17101405560970306,4.805941104888916,1.0011441707611084,2.1581950187683105
433,4.475008964538574,23.417829513549805,-23.681541442871094,-66.00216674804688,2.583956718444824,-2.199148178100586,-10.131587028503418,-4.765074729919434,0.9182981848716736,-9.040210723876953,-0.7107112407684326,-0.17931842803955078,1.997002363204956,-0.29017072916030884,0.00880986638367176,-0.5535762906074524,-1.771918773651123,0.7493898868560791,-2.807551383972168,0.10275834053754807,0.015284723602235317,1.1762561798095703,-0.782052755355835,2.0237889289855957
434,-7.730952739715576,7.030028343200684,-9.441452026367188,-52.41495132446289,8.120708465576172,-3.91068696975708,0.935276985168457,7.645442008972168,-4.997743606567383,-1.9628806114196777,-0.1717376708984375,-0.2025841474533081,2.164346694946289,-0.3851393759250641,0.13805584609508514,-1.1756635904312134,-1.4696859121322632,0.36503103375434875,-2.1853322982788086,0.30246204137802124,-0.12020864337682724,-1.3524885177612305,-1.4120641946792603,0.5721688270568848
435,-14.952590942382812,19.908449172973633,-14.793573379516602,-43.03432846069336,13.106711387634277,-7.788334846496582,9.609177589416504,-4.432765483856201,3.217801570892334,2.94272518157959,0.2454495131969452,-0.10903300344944,2.3130111694335938,-0.5806644558906555,0.07947506010532379,-1.6384507417678833,-1.2455458641052246,0.7375392317771912,-1.0408474206924438,0.01950642094016075,0.11549181491136551,-3.475252151489258,-0.1048767939209938,0.08189579844474792
436,-10.698234558105469,8.629136085510254,-4.532668113708496,-23.34433364868164,20.0,-7.329853057861328,10.375283241271973,1.750385046005249,-2.036118984222412,6.866323471069336,-0.1897735595703125,-0.0807950496673584,2.0546817779541016,-0.22442151606082916,0.11854345351457596,-0.8623996376991272,-1.5286850929260254,-3.3205251693725586,-0.010469665750861168,-0.02129446715116501,-0.3692966103553772,-4.425238132476807,-2.8060824871063232,-1.9765019416809082
437,-25.88250732421875,18.021486282348633,-7.237409591674805,-21.756380081176758,20.0,-4.037995338439941,22.323253631591797,-6.567209720611572,5.122703552246094,10.373868942260742,0.6787480115890503,0.15278267860412598,1.489999771118164,0.006875166203826666,0.13019180297851562,0.02549569308757782,-1.0826129913330078,-4.807223320007324,1.312974452972412,-0.3204469084739685,-0.43094512820243835,-5.580512523651123,-0.6879689693450928,-1.3891700506210327
438,-29.436182022094727,3.4148457050323486,3.450800895690918,1.2175369262695312,12.13198471069336,-1.789266586303711,36.10096740722656,-17.33831787109375,14.258392333984375,9.757007598876953,0.3845271170139313,-0.09646844863891602,-1.598644733428955,0.1227986216545105,0.5712871551513672,5.9853668212890625,3.0886125564575195,-3.866464853286743,2.9910385608673096,-1.6130445003509521,-0.7397185564041138,-2.8112242221832275,7.130111217498779,-4.428908824920654
439,-43.13711929321289,-4.329129219055176,2.741611957550049,-8.977901458740234,-0.846224308013916,0.5627074241638184,57.90460968017578,-11.41722297668457,18.933189392089844,-56.719261169433594,-3.5998218059539795,5.788139820098877,-3.0521624088287354,1.06423020362854,0.25019437074661255,8.265390396118164,2.5111138820648193,0.9127300977706909,1.4892594814300537,0.5059769153594971,0.006745092570781708,0.8988566398620605,-2.957028865814209,0.6527568101882935
440,-35.71216583251953,-5.567360877990723,4.927456378936768,-15.896671295166016,-1.018561840057373,-0.026285648345947266,40.5567512512207,-24.96535873413086,39.35129928588867,-58.6805419921875,4.070414066314697,0.06837964057922363,-3.6066651344299316,-0.14094214141368866,0.04301540181040764,4.110347270965576,2.0948359966278076,2.285672426223755,1.4463386535644531,-0.06044721603393555,0.15634870529174805,0.7944638133049011,-2.2341179847717285,0.14400292932987213
441,-8.29539680480957,-3.2729275226593018,2.477903366088867,-3.321929931640625,-0.5826349258422852,-0.1901993751525879,7.3835906982421875,-13.682711601257324,29.36026954650879,-71.53401184082031,7.747149467468262,2.1225972175598145,-3.6326332092285156,-0.095123291015625,-0.08052085340023041,2.3340184688568115,0.5843381881713867,2.550184965133667,1.8487991094589233,-0.0031858980655670166,-0.1276039481163025,-0.12506815791130066,-1.8837063312530518,-0.11093613505363464
442,1.529205322265625,1.2092158794403076,-0.4181620180606842,-2.0852816104888916,-0.2546761929988861,-0.24788308143615723,-5.738697528839111,-17.967647552490234,25.246219635009766,-59.21495056152344,10.992737770080566,1.3763666152954102,-3.039943218231201,0.013225005939602852,-0.07386921346187592,-0.21217915415763855,0.13785919547080994,1.807654857635498,1.9591891765594482,0.09105239808559418,-0.019982196390628815,-0.6137956976890564,-1.65176522731781,0.3443797826766968
443,9.634347915649414,2.0297019481658936,-1.9271221160888672,1.5361299514770508,-0.1721358299255371,-0.1367194652557373,-6.564180850982666,-14.280577659606934,10.134343147277832,-31.407085418701172,15.577753067016602,0.1991899609565735,-1.748679518699646,0.08982745558023453,-0.5701665282249451,-1.9379854202270508,-1.5047831535339355,1.549946665763855,2.428236961364746,0.2645059823989868,-0.10863444209098816,-0.8444059491157532,-1.6469933986663818,0.18136048316955566
444,6.179394245147705,1.3794300556182861,-0.16750264167785645,3.492147445678711,0.12107658386230469,-0.11966061592102051,-11.913049697875977,-17.435739517211914,10.471733093261719,-31.557973861694336,20.0,1.2354891300201416,-1.123315691947937,0.3019576370716095,-0.3500567376613617,-3.562915802001953,-1.2042773962020874,1.8005080223083496,2.2197747230529785,0.30920955538749695,-0.044554442167282104,-0.9388066530227661,-1.5188486576080322,0.09824037551879883
445,21.5831356048584,2.5487287044525146,-3.233020305633545,6.813365936279297,0.39790600538253784,-0.13948535919189453,-22.075794219970703,-1.6652319431304932,0.8436173796653748,-17.24203872680664,20.0,2.735297679901123,0.34372439980506897,0.6052898168563843,-0.8387622237205505,-5.200844764709473,0.03587367758154869,1.2625223398208618,1.5446354150772095,0.42491668462753296,-0.29032719135284424,0.22563670575618744,-0.4799049496650696,-0.5629722476005554
446,42.81195068359375,6.309317588806152,-5.314253807067871,13.354877471923828,0.3880652189254761,-0.07671058177947998,-44.399383544921875,-6.287493705749512,-3.1712255477905273,-14.251044273376465,15.89459228515625,5.14639949798584,2.305081605911255,0.5444110035896301,-1.007930874824524,-6.996700763702393,-0.11099758744239807,0.8764188885688782,-1.155167579650879,-0.24518533051013947,-0.5675030946731567,4.571137428283691,2.733933925628662,-0.5810257196426392
447,69.4394760131836,21.527502059936523,-27.646482467651367,-50.44124221801758,1.8055527210235596,20.0,-57.782447814941406,3.795994758605957,-3.4394214153289795,-5.543212890625,-0.7389945983886719,0.2107405662536621,1.8244165182113647,-0.9236822128295898,0.39142459630966187,0.5176031589508057,-2.3215315341949463,2.910036563873291,-3.806488513946533,-0.5953075289726257,0.8692803978919983,9.59914493560791,3.4027864933013916,2.6946263313293457
448,31.726139068603516,23.784412384033203,-45.37315368652344,-70.84365844726562,0.8046174049377441,1.5008926391601562,-30.21787452697754,-0.37893182039260864,-1.2224111557006836,-14.87985610961914,-1.3075922727584839,-0.2854948043823242,2.256441116333008,-0.1329965442419052,0.4980684518814087,0.10458429902791977,-2.3297901153564453,0.8841041326522827,-3.8125951290130615,0.10272669047117233,1.143796443939209,5.815331935882568,0.47206878662109375,1.6112219095230103
449,-5.037328720092773,14.560193061828613,-31.75701904296875,-74.6463394165039,5.359273910522461,1.1436189413070679,-6.685565948486328,8.755130767822266,-7.331347465515137,-8.458105087280273,-0.31770944595336914,-0.056897878646850586,2.089219570159912,0.048928193747997284,0.0935656726360321,-0.64365553855896,-1.844864845275879,0.24708926677703857,-3.6270296573638916,0.671847939491272,0.11142529547214508,1.6351872682571411,1.5758711099624634,1.5239167213439941
450,3.639486312866211,10.0961332321167,-24.02454376220703,-60.41157150268555,11.931718826293945,-4.213558197021484,-8.594305038452148,1.8360464572906494,-2.7512576580047607,-3.346752166748047,-0.6848667860031128,-0.1191554069519043,2.3209242820739746,-0.21361272037029266,0.17913666367530823,-1.33054518699646,-1.4393686056137085,0.7669495344161987,-3.2394440174102783,0.21780617535114288,-0.3544445335865021,-0.9790249466896057,-0.7541012763977051,0.8356401324272156
451,-23.973270416259766,12.200263023376465,-14.684377670288086,-51.10879135131836,16.49380111694336,-8.830914497375488,17.44937515258789,-2.341642379760742,1.6912174224853516,2.3744869232177734,0.07505941390991211,-0.11411595344543457,2.6562206745147705,-0.4634763300418854,0.21102561056613922,-2.2153327465057373,-1.1403703689575195,0.7574627995491028,-1.59218168258667,-0.20722945034503937,-0.3687489628791809,-4.026413440704346,-0.7820909023284912,0.13763925433158875
452,-11.477099418640137,11.659356117248535,-5.883523941040039,-30.267879486083984,20.0,-8.221181869506836,11.894800186157227,-1.2587283849716187,-0.07740902900695801,8.503368377685547,0.15758919715881348,-0.05180835723876953,2.623105525970459,-0.22538292407989502,0.3180527985095978,-1.7282814979553223,-1.150083065032959,-2.9210171699523926,-0.3648737967014313,-0.4236650764942169,-0.7609509825706482,-4.909780502319336,-0.8508289456367493,-1.069283366203308
453,-15.244331359863281,-1.2354780435562134,0.7297137975692749,-12.977209091186523,20.0,-4.876549243927002,13.913961410522461,4.2350873947143555,0.11839008331298828,10.50851058959961,0.31369447708129883,0.015972614288330078,1.9245153665542603,-0.31907355785369873,0.4517610967159271,-0.4080132246017456,-0.6844334006309509,-3.7693212032318115,0.26049137115478516,-0.29268550872802734,-0.31272268295288086,-4.48731803894043,-0.4716097414493561,-2.0723981857299805
454,-26.64691162109375,-0.5936710238456726,4.7618842124938965,0.08963584899902344,18.99921989440918,-3.291163444519043,34.72357940673828,-6.312317848205566,7.029690742492676,7.799983978271484,0.3966224193572998,0.06704473495483398,-1.4921280145645142,-0.05651368945837021,0.3632431626319885,5.688397407531738,3.6441681385040283,-4.047563552856445,2.2705118656158447,-0.463086873292923,-0.23008956015110016,-7.790903091430664,0.9402604103088379,-2.646505117416382
455,-50.135467529296875,-2.0984621047973633,3.370431661605835,-10.727699279785156,-0.88623046875,0.4577779769897461,64.27791595458984,-15.927251815795898,19.721269607543945,-18.60843276977539,-15.870527267456055,8.677834510803223,-2.9461004734039307,0.0681709349155426,0.41553276777267456,7.9306769371032715,3.738654375076294,-0.9879157543182373,2.070613384246826,-0.9686765074729919,-0.1685311645269394,-1.1107008457183838,6.2474260330200195,2.1640563011169434
456,-25.407888412475586,-6.345748424530029,5.002304553985596,-11.794769287109375,-1.1593830585479736,0.23201322555541992,34.420616149902344,-15.499467849731445,24.67354965209961,-56.962158203125,0.9526925086975098,-1.6664243936538696,-3.342444658279419,0.09370319545269012,0.317268431186676,5.760380268096924,0.8952634334564209,2.5326743125915527,1.706916332244873,-0.07402385026216507,0.055851444602012634,1.1711974143981934,-2.708815813064575,0.36274954676628113
457,-21.102182388305664,-4.9493937492370605,3.1879005432128906,-8.536063194274902,-0.4860708713531494,-0.1916208267211914,19.91445541381836,-13.693455696105957,27.645401000976562,-65.89613342285156,6.798066139221191,0.31723088026046753,-4.1703691482543945,-0.12075456976890564,0.037686530500650406,3.4076414108276367,1.5915448665618896,2.997373580932617,1.790940523147583,0.056211501359939575,-0.16475005447864532,0.2916155159473419,-2.171382427215576,-0.0462934672832489
458,-1.3605155944824219,-3.880356788635254,2.5279111862182617,-5.004514217376709,-0.5745641589164734,-0.29311084747314453,6.541721343994141,-15.944314002990723,23.608854293823242,-58.407047271728516,11.191143035888672,1.6564863920211792,-2.9955832958221436,-0.3760393559932709,0.10184995830059052,-0.11996972560882568,-0.2261480689048767,2.465571165084839,2.5057528018951416,0.11646205186843872,-0.09072902798652649,-0.41861993074417114,-1.9434276819229126,-0.05541923642158508
459,4.311426162719727,6.017064571380615,-3.9730889797210693,0.37358665466308594,-0.21210408210754395,-0.18582534790039062,-8.490022659301758,-20.79275894165039,15.891740798950195,-44.897705078125,17.679506301879883,2.5137147903442383,-2.370194911956787,0.141150563955307,-0.44220778346061707,-2.2218520641326904,-1.3057565689086914,1.9931538105010986,2.574592113494873,0.44210755825042725,-0.19527548551559448,-0.9513285756111145,-1.683802843093872,0.025368332862854004
460,12.04564094543457,-4.963737964630127,3.520883083343506,5.92397403717041,0.19798898696899414,-0.20079517364501953,-15.195263862609863,-11.927961349487305,9.48386287689209,-32.624755859375,20.0,1.1817675828933716,-1.3538258075714111,-0.24325187504291534,-0.14544455707073212,-3.583897829055786,-1.0805065631866455,2.055673122406006,2.613236904144287,0.2340325564146042,-0.1859394907951355,-1.033930778503418,-1.6987128257751465,-0.08379361033439636
461,20.62631607055664,8.771651268005371,-5.824121475219727,5.413476943969727,0.14136528968811035,-0.16125702857971191,-21.954572677612305,-11.398611068725586,3.6702728271484375,-17.683517456054688,20.0,5.346970558166504,0.28570571541786194,0.474813848733902,-0.28286540508270264,-5.907194137573242,-1.5012340545654297,1.4301950931549072,1.9323878288269043,0.31522494554519653,-0.3751697242259979,0.028496047481894493,-0.5633755922317505,-0.8053874373435974
462,43.09779739379883,10.58879280090332,-9.501220703125,12.756053924560547,0.6862143278121948,-0.058132171630859375,-43.00425720214844,-2.5819091796875,-2.6817808151245117,-8.703801155090332,16.95389747619629,4.65942907333374,2.4160780906677246,0.7626913189888,-0.7730749249458313,-8.197348594665527,0.3602183759212494,0.8778154253959656,-1.2578023672103882,-0.2902623414993286,-0.5665733218193054,5.082616329193115,3.145267963409424,0.5691112279891968
463,61.40263748168945,22.28628158569336,-34.3782958984375,-34.15170669555664,-18.24190902709961,13.842230796813965,-56.62720489501953,-5.501657485961914,1.3536217212677002,-9.168346405029297,-1.0315003395080566,0.06904935836791992,1.388347864151001,-0.610785722732544,-0.012781471014022827,1.247893214225769,-2.3660786151885986,-0.13001680374145508,-3.651304006576538,-0.8724666237831116,0.8530743718147278,8.638835906982422,1.7150853872299194,3.76322078704834
464,26.841270446777344,29.018815994262695,-46.799896240234375,-74.72467041015625,2.803122043609619,1.590644359588623,-25.524993896484375,3.292752742767334,-2.7766761779785156,-11.689090728759766,-0.8136399984359741,-0.4091200828552246,1.8280898332595825,-0.028184637427330017,-0.06838054955005646,0.5030684471130371,-2.415469169616699,0.6745072603225708,-3.81943678855896,0.20864297449588776,1.2326111793518066,5.171609401702881,1.1520326137542725,1.9469616413116455
465,2.0393552780151367,18.474658966064453,-27.176349639892578,-63.059574127197266,2.7002954483032227,1.3013360500335693,-3.3601856231689453,-0.9851381182670593,-2.203618288040161,-9.446748733520508,-0.4432332515716553,-0.15058159828186035,2.3851606845855713,0.1201193779706955,-0.07163990288972855,-0.5401646494865417,-2.374715566635132,0.3562384843826294,-2.815772771835327,0.12839320302009583,0.7798064947128296,0.4440225660800934,1.52024245262146,1.4970026016235352
466,3.498079299926758,17.683645248413086,-18.92406463623047,-47.52666473388672,12.953973770141602,-5.8672566413879395,-5.965888977050781,-4.5937700271606445,1.163980484008789,-1.302433967590332,-0.613692045211792,-0.15848863124847412,2.554274082183838,-0.2839871644973755,0.06301085650920868,-0.9575365781784058,-1.7989140748977661,0.5105850696563721,-2.466165542602539,-0.7477864027023315,0.5878031849861145,-1.4449961185455322,-0.9199067950248718,0.8032352924346924
467,-15.33885383605957,5.053692817687988,-9.360013008117676,-49.179386138916016,16.713279724121094,-7.879024505615234,9.7379150390625,8.82417106628418,-5.244800567626953,4.918519020080566,0.09936773777008057,-0.08574157953262329,2.7286083698272705,-0.3124728798866272,0.10582713782787323,-1.5263872146606445,-1.5684702396392822,0.3516562283039093,-1.467555284500122,-0.41784700751304626,0.3210357427597046,-3.0830276012420654,-1.032402753829956,-0.40606263279914856
468,-14.914613723754883,1.1027768850326538,-8.70393180847168,-38.012054443359375,20.0,-9.409750938415527,6.250251293182373,11.970129013061523,-7.3018598556518555,6.767580986022949,0.16494423151016235,0.07262659072875977,2.4668097496032715,-0.24163436889648438,-0.01857665926218033,-1.663362741470337,-1.3046112060546875,0.16623403131961823,-0.822790265083313,0.08516257256269455,-0.25742077827453613,-4.226806163787842,-0.4653184711933136,-1.0076810121536255
469,1.3241825103759766,1.108596920967102,-2.377347707748413,-12.999086380004883,20.0,-6.438570976257324,2.293168783187866,4.31401252746582,-3.7033910751342773,7.4566850662231445,0.10438814759254456,0.05440187454223633,2.3559887409210205,-0.020922578871250153,0.11625275015830994,-0.7760839462280273,-1.6061787605285645,-3.2214739322662354,-0.2340654581785202,0.07267817854881287,-0.6898347735404968,-4.172885894775391,-0.17300710082054138,-2.4500882625579834
470,-24.463939666748047,0.2603190541267395,3.3626580238342285,-8.93356990814209,20.0,-4.387302398681641,31.121810913085938,-8.758370399475098,8.18096923828125,8.201486587524414,0.23391193151474,0.1638195514678955,0.7352914810180664,-0.2046276330947876,0.36083078384399414,2.2280101776123047,0.6461876630783081,-3.138516664505005,1.7736769914627075,-0.3793691098690033,0.1528605818748474,-6.670893669128418,-0.1690278947353363,-1.425560474395752
471,-50.08977127075195,-6.172251224517822,7.123859405517578,-4.017845153808594,2.836275100708008,-0.4322237968444824,60.156700134277344,-15.405082702636719,13.65165901184082,-27.875247955322266,-16.93559455871582,-3.518791437149048,-2.323385000228882,0.8746969699859619,1.174433946609497,7.684250354766846,6.012533187866211,-2.7545273303985596,1.2727257013320923,-0.42074811458587646,-0.3564036190509796,0.4186544418334961,-2.8815994262695312,1.8279576301574707
472,-34.96331024169922,-4.325329780578613,1.8240821361541748,-10.518657684326172,-1.662283182144165,0.46239399909973145,41.04286575317383,-27.800960540771484,38.0847282409668,-64.69021606445312,1.8390398025512695,-1.5567128658294678,-3.658067464828491,-0.0614662691950798,-0.05189917981624603,6.977244853973389,0.9599720239639282,1.4878783226013184,1.2737069129943848,-0.05619504302740097,-0.06031908094882965,1.085084319114685,-2.437885046005249,-0.041083984076976776
473,-18.497039794921875,-9.755744934082031,6.463231086730957,-7.376365661621094,-0.4842590093612671,-0.12697553634643555,27.263416290283203,-7.304014682769775,24.716678619384766,-60.827880859375,1.3155639171600342,-1.2397531270980835,-3.7409512996673584,-0.3541289269924164,0.1390734761953354,5.486557960510254,0.6719961762428284,2.310689687728882,1.8510817289352417,0.10139144957065582,-0.12518846988677979,0.4103119373321533,-2.231708526611328,0.10572000592947006
474,-11.643272399902344,0.44484376907348633,1.2835807800292969,-10.88037395477295,-0.561261773109436,-0.2172679901123047,12.819936752319336,-19.495691299438477,26.43478012084961,-62.27277755737305,5.348560333251953,1.5153775215148926,-3.3577089309692383,-0.5249027013778687,0.33323872089385986,0.9823406338691711,0.4940509796142578,2.0653469562530518,2.2728471755981445,-0.018613100051879883,-0.13286729156970978,-0.35172122716903687,-1.884234070777893,-0.11466629803180695
475,6.6326985359191895,-1.7905290126800537,0.7767643928527832,2.457858085632324,-0.22852206230163574,-0.16474437713623047,-8.030523300170898,-14.800026893615723,24.389816284179688,-65.00363159179688,11.692131042480469,1.415719985961914,-2.439037561416626,-0.6123144030570984,0.384637713432312,-0.7036675214767456,-1.2972965240478516,2.3209567070007324,2.6016032695770264,-0.02439984679222107,-0.1228584349155426,-0.9580931067466736,-1.65598726272583,0.22175966203212738
476,4.892292022705078,5.456024169921875,-4.496739387512207,1.4971866607666016,0.08363938331604004,-0.1435093879699707,-10.944517135620117,-15.195707321166992,14.148789405822754,-35.40555953979492,17.68724250793457,-0.44404467940330505,-2.0671753883361816,-0.21768426895141602,-0.3631689250469208,-2.1953489780426025,-0.953952431678772,2.164064884185791,2.3986644744873047,0.3547572195529938,-0.18800190091133118,-1.2256847620010376,-1.4048036336898804,0.016340315341949463
477,14.79867935180664,2.6245501041412354,-0.14176958799362183,5.3762922286987305,0.15300941467285156,-0.22462224960327148,-15.171405792236328,-15.2913236618042,8.373741149902344,-33.044654846191406,20.0,2.373744487762451,-0.6117369532585144,0.028029460459947586,-0.0696234405040741,-3.877622604370117,-1.1471740007400513,1.7478700876235962,2.761122703552246,0.24528768658638,-0.37010514736175537,-1.5168853998184204,-1.347675085067749,-0.18763762712478638
478,19.45671272277832,4.287471771240234,-4.08568000793457,7.350677490234375,0.3250153064727783,-0.13431715965270996,-21.49929428100586,-8.217708587646484,0.061234474182128906,-15.023113250732422,20.0,3.7193121910095215,0.6010088920593262,0.5533018112182617,-0.3544468581676483,-4.9748215675354,-0.6373743414878845,1.2139748334884644,1.709882378578186,0.44929343461990356,-0.4835139214992523,0.009459735825657845,-0.052115462720394135,-0.7487173676490784
479,33.957763671875,7.407474040985107,-6.69265079498291,10.505908966064453,0.49765050411224365,-0.11162444204092026,-32.697471618652344,-0.6873864531517029,-5.981842994689941,-6.136926651000977,15.107792854309082,4.612301349639893,2.2206573486328125,0.7707290053367615,-0.8587166666984558,-6.501165866851807,0.5311657786369324,-0.10847319662570953,-0.7834716439247131,-0.11201372742652893,-1.0135676860809326,4.132177829742432,2.7979490756988525,-0.0009519122540950775
480,47.26336669921875,9.731138229370117,-24.856164932250977,-23.982362747192383,-18.537490844726562,9.371659278869629,-51.66564178466797,-0.5570141077041626,-2.957799196243286,-7.301105499267578,-0.7914419174194336,0.15813589096069336,2.285506248474121,0.9978210926055908,-0.1692221611738205,-2.3397581577301025,9.220438957214355,-6.683225154876709,-3.8128933906555176,0.008818788453936577,0.06324940174818039,8.755844116210938,2.340602397918701,2.8669967651367188
481,22.671606063842773,19.83235740661621,-35.367191314697266,-68.83938598632812,-1.4436521530151367,6.340643882751465,-19.114826202392578,-2.89547061920166,2.83980655670166,-12.660282135009766,-0.8226940631866455,-0.30086517333984375,1.2908927202224731,-0.012862980365753174,0.2608068585395813,0.9019482731819153,-2.3022186756134033,0.16039501130580902,-3.833402395248413,-0.09088385850191116,1.3076953887939453,5.781309604644775,1.5934381484985352,2.8352136611938477
482,12.2020263671875,11.917933464050293,-24.25044059753418,-63.53397750854492,3.7324790954589844,-1.2420597076416016,-10.097391128540039,5.683840751647949,-5.55124044418335,-10.835658073425293,-0.8538342714309692,-0.2594728469848633,2.032371759414673,-0.13622751832008362,0.15876717865467072,-0.0800529196858406,-2.0755362510681152,0.5736883282661438,-2.793029308319092,-0.0035246117040514946,0.7314619421958923,1.185491681098938,-0.8450455069541931,1.3286232948303223
483,-9.310018539428711,25.531381607055664,-25.651397705078125,-53.59131622314453,7.002509593963623,-2.4924697875976562,6.0500335693359375,-4.770805835723877,2.0216751098632812,-0.3305997848510742,0.12385416030883789,-0.10975146293640137,2.295997142791748,-0.06307366490364075,0.07807140052318573,-0.5813654661178589,-1.9309476613998413,0.31217077374458313,-1.824788212776184,-0.05313368886709213,0.6998554468154907,-1.4408376216888428,0.5844705104827881,1.6042511463165283
484,-5.650564193725586,15.494593620300293,-11.170143127441406,-42.97636032104492,14.448266983032227,-6.024343967437744,1.8082733154296875,2.0313401222229004,-3.3589792251586914,2.388176918029785,-0.3444528579711914,-0.13982939720153809,2.4085276126861572,-0.17466451227664948,0.008127130568027496,-0.9326519966125488,-1.709719181060791,0.25901034474372864,-0.9840987920761108,-0.4929695725440979,-0.23325543105602264,-3.274419069290161,-1.3586583137512207,0.3765002489089966
485,-29.839662551879883,1.744472861289978,2.020890235900879,-28.413068771362305,17.425495147705078,-5.793349266052246,22.554758071899414,-1.5752325057983398,2.103274345397949,5.623195648193359,0.20435786247253418,-0.16544079780578613,1.9256329536437988,-0.11916855722665787,0.19526031613349915,-0.5403903722763062,-1.8195183277130127,-2.9344043731689453,0.26821181178092957,-0.8234223127365112,-0.17875243723392487,-5.6559157371521,-1.5073089599609375,-1.6337324380874634
486,-14.60100269317627,-6.6707024574279785,3.5535895824432373,-13.844451904296875,20.0,-5.084045886993408,11.640462875366211,9.162589073181152,-3.319586753845215,10.757623672485352,0.3410007953643799,0.09579992294311523,0.8920571804046631,-0.14511986076831818,0.2648479640483856,0.9091066718101501,-0.9884408712387085,-2.1611790657043457,0.7141678333282471,-0.3840526044368744,-0.06303424388170242,-5.561481475830078,-0.8256204128265381,-2.6085407733917236
487,-31.797279357910156,-0.5321327447891235,7.715718746185303,-2.8097667694091797,11.666269302368164,-2.5160655975341797,38.720787048339844,-6.423349857330322,7.919882774353027,-25.467885971069336,-13.758092880249023,5.818586826324463,-1.4747774600982666,0.506842315196991,0.1781136393547058,5.687697410583496,2.5124974250793457,-2.760706663131714,1.6748862266540527,0.13970136642456055,-0.3715040981769562,0.6677213907241821,-1.21866774559021,-8.563030242919922
488,-37.24209976196289,-11.04088020324707,8.352299690246582,-5.076778411865234,-0.7505338191986084,0.32588136196136475,50.8592529296875,-15.265042304992676,22.49976921081543,-66.81233978271484,4.226004123687744,-1.3828155994415283,-2.668834686279297,0.8550606369972229,0.2295149266719818,7.663721084594727,1.824559211730957,0.6915416717529297,1.6396249532699585,0.3874049782752991,-0.5521582961082458,0.8162820339202881,-2.357100248336792,0.10076357424259186
489,-19.62995147705078,-11.424616813659668,7.468701362609863,-8.882625579833984,-0.622422456741333,-0.04974365234375,17.254175186157227,-20.148012161254883,35.16511535644531,-81.79724884033203,3.422499656677246,1.6972994804382324,-2.8196370601654053,-0.5078644156455994,0.49052733182907104,4.863881587982178,1.7591294050216675,2.007201910018921,1.9146679639816284,-0.06511647999286652,-0.3244859278202057,0.02685210481286049,-1.9975556135177612,-0.09530177712440491
490,-14.980260848999023,3.0213663578033447,-2.734893321990967,-9.118305206298828,-0.7145596742630005,-0.1090540885925293,12.426031112670898,-18.069761276245117,26.634675979614258,-56.15365219116211,9.264022827148438,1.6162630319595337,-2.7515461444854736,-0.39893174171447754,-0.10307952016592026,1.8434861898422241,0.33464425802230835,2.1005234718322754,2.1153504848480225,0.3083084225654602,-0.35472625494003296,-0.6596313118934631,-1.578670620918274,-0.20653092861175537
491,-5.053194046020508,-3.0537009239196777,3.730593204498291,-4.527276039123535,-0.3999202251434326,-0.19478893280029297,3.4810009002685547,-16.424150466918945,18.540945053100586,-51.676998138427734,19.27039337158203,2.8130998611450195,-2.0390641689300537,-0.532731831073761,0.5557050704956055,-1.6282912492752075,-0.4832180142402649,2.6361324787139893,2.3557381629943848,0.2578114867210388,-0.16812705993652344,-1.2019566297531128,-1.3053340911865234,0.009205877780914307
492,-2.296635627746582,3.906700372695923,-2.3946919441223145,1.373443603515625,-0.22421669960021973,-0.17481231689453125,-1.0647153854370117,-15.109643936157227,15.574190139770508,-28.096529006958008,20.0,2.998793840408325,-1.7175575494766235,-0.33509621024131775,0.15874359011650085,-3.1673665046691895,-1.50482976436615,2.8975343704223633,2.304314374923706,0.3810335695743561,-0.28433263301849365,-1.3603219985961914,-1.1638586521148682,-0.3342590630054474
493,14.571413040161133,4.785619735717773,-4.391749382019043,6.705073356628418,0.31181514263153076,-0.25382518768310547,-18.246564865112305,-13.75008773803711,9.940205574035645,-20.595727920532227,20.0,2.899019956588745,-0.767553985118866,-0.27352723479270935,-0.46642547845840454,-4.135185718536377,-0.7414014339447021,1.671125888824463,1.9701353311538696,0.5130270719528198,-0.1866406500339508,-0.9325300455093384,-0.9843350648880005,-0.5686840415000916
494,43.766334533691406,10.341625213623047,-8.272296905517578,4.857032775878906,0.45778608322143555,-0.1220860481262207,-36.34572982788086,6.968714714050293,-6.773200035095215,0.5228748321533203,18.233129501342773,4.445307731628418,2.4116175174713135,0.11598765850067139,-0.9323735237121582,-9.320097923278809,0.8622967600822449,1.0441254377365112,-1.0611176490783691,0.22888317704200745,-0.4320240616798401,4.884008884429932,3.7460031509399414,-0.8786768317222595
495,56.82363510131836,24.004032135009766,-33.282249450683594,-53.36083221435547,7.258480072021484,16.015865325927734,-57.50707244873047,-2.1130290031433105,-1.9606373310089111,-6.953411102294922,-1.047128677368164,0.24827861785888672,0.5315132141113281,-0.17518356442451477,-0.1434936821460724,0.8831671476364136,-0.965376615524292,-0.3620571494102478,-3.977085590362549,-0.45506080985069275,0.09593965858221054,9.526572227478027,2.5357141494750977,2.427567958831787
496,29.074874877929688,23.0133056640625,-35.808780670166016,-61.74618911743164,0.627295732498169,2.5899782180786133,-26.5982608795166,1.3477826118469238,-0.7928221225738525,-16.075456619262695,-0.9986159801483154,-0.2244434356689453,2.0179684162139893,-0.05437261611223221,0.14035791158676147,0.06574738025665283,-2.089407205581665,0.4244769811630249,-3.8437178134918213,0.28656402230262756,0.8585978150367737,5.2145280838012695,1.6827481985092163,2.3254146575927734
497,14.537860870361328,27.030099868774414,-38.462974548339844,-64.65223693847656,4.584195137023926,-0.545447826385498,-16.234333038330078,-3.4673023223876953,-0.1583714485168457,-10.054245948791504,-0.8402470350265503,-0.22561860084533691,2.4840383529663086,0.1657227724790573,0.008332647383213043,-0.68416428565979,-1.8336122035980225,0.6067161560058594,-3.4220080375671387,0.43629154562950134,0.5433592200279236,0.9739779233932495,0.014363303780555725,1.5504616498947144
498,-4.410355567932129,22.866342544555664,-25.09037208557129,-59.95610809326172,12.14305305480957,-6.6654558181762695,0.606842041015625,-7.498019218444824,2.960566282272339,-1.5442085266113281,-0.2530260682106018,-0.20001554489135742,3.0250842571258545,-0.1682143211364746,0.15032023191452026,-1.7296035289764404,-1.454089641571045,0.7651306986808777,-2.43513822555542,-0.490638792514801,0.43314212560653687,-1.9429126977920532,-0.502577006816864,0.4661248028278351
499,-14.38150405883789,10.300671577453613,-7.64046049118042,-32.42620849609375,17.722938537597656,-7.767400741577148,8.121528625488281,3.03212833404541,-2.808746814727783,4.882439613342285,-0.009512662887573242,-0.05270493030548096,2.6107842922210693,-0.14174360036849976,-0.02966713160276413,-1.4791450500488281,-1.2886065244674683,-1.080396056175232,-1.812985897064209,-0.7049992680549622,-0.3418891429901123,-3.0609383583068848,-1.1299628019332886,-0.6490259766578674
500,-31.116405487060547,7.067208766937256,-7.128804683685303,-34.06035614013672,18.80328941345215,-5.924161911010742,24.429550170898438,0.11622381210327148,2.7991669178009033,7.176828384399414,0.39674440026283264,0.052001744508743286,2.606170654296875,-0.17396488785743713,0.04742421954870224,-1.747625708580017,-1.2039629220962524,-1.1873241662979126,-0.17222030460834503,-0.4787336587905884,0.18989089131355286,-5.248082637786865,0.15326537191867828,0.16305409371852875
501,-18.597177505493164,-3.7935168743133545,3.769815444946289,-7.598315238952637,20.0,-5.174274921417236,19.517425537109375,4.623044967651367,-2.0823726654052734,10.64461898803711,0.10308670997619629,-0.09954595565795898,0.7913401126861572,0.09461871534585953,0.11635361611843109,1.5751242637634277,0.0074613988399505615,-3.6573879718780518,0.713209867477417,-0.4076308012008667,-0.29033517837524414,-5.547565937042236,-0.7412149906158447,-1.8756479024887085
502,-30.98126220703125,-11.439873695373535,12.209634780883789,-0.06699371337890625,11.772890090942383,-2.5544114112854004,42.71543884277344,-8.415838241577148,8.963726043701172,10.58823013305664,0.6764216423034668,-0.0005311965942382812,-2.0740408897399902,-0.1168256402015686,1.0082131624221802,7.448446750640869,5.284950256347656,-3.211029529571533,2.8068277835845947,-1.0141184329986572,0.2597459554672241,-5.0450758934021,6.686501502990723,-4.2070794105529785
503,-33.97224807739258,-1.1403257846832275,-0.33387768268585205,-13.221395492553711,-1.3958556652069092,0.44200432300567627,41.91556167602539,-12.74677562713623,11.394786834716797,-57.373653411865234,-6.027232646942139,-3.4998044967651367,-2.980262041091919,0.44150301814079285,-0.15348245203495026,6.962883949279785,1.6971516609191895,-0.5316935181617737,1.232326865196228,0.27785903215408325,-0.14574408531188965,1.3656773567199707,-2.8256657123565674,0.5270512104034424
504,-25.68056869506836,-2.8013672828674316,3.144284725189209,-12.34173583984375,-0.8508315086364746,0.13028454780578613,32.68168640136719,-22.267446517944336,28.993446350097656,-55.310909271240234,3.0491795539855957,-2.19291353225708,-3.154930830001831,0.19397100806236267,-0.12802626192569733,3.767062187194824,0.4794136881828308,1.405524730682373,1.580068826675415,0.17880851030349731,-0.25011271238327026,0.8230214715003967,-2.3150041103363037,0.021311074495315552
505,-13.588947296142578,-4.693700790405273,4.252015113830566,-4.614439964294434,-0.44793134927749634,-0.09955310821533203,16.69645118713379,-19.815250396728516,30.385272979736328,-63.63665771484375,5.709075927734375,-2.38407301902771,-3.1611433029174805,-0.40550461411476135,0.15264086425304413,1.3873562812805176,-0.16369715332984924,2.4208531379699707,1.9416927099227905,-0.11580406129360199,-0.16685502231121063,0.21513430774211884,-2.116645574569702,0.06557720899581909
506,-3.8608083724975586,0.15182828903198242,-0.4344576299190521,0.8181001543998718,-0.07810389995574951,-0.17448997497558594,3.801820755004883,-20.40658950805664,30.184947967529297,-67.12561798095703,14.551959991455078,-1.7400906085968018,-2.854398250579834,-0.38024142384529114,-0.08017069101333618,-0.2608984112739563,0.40757235884666443,2.5863771438598633,2.2336654663085938,0.10414727032184601,-0.12530335783958435,-0.6038814783096313,-1.698047399520874,-0.12937426567077637
507,12.533060073852539,6.313258171081543,-4.994293689727783,2.538395881652832,-0.140067458152771,-0.21134328842163086,-16.67058563232422,-18.237470626831055,17.8857421875,-38.54876708984375,17.384571075439453,-2.332876682281494,-1.881129264831543,-0.10066165030002594,-0.7966377139091492,-1.8483033180236816,-1.045283555984497,1.5367939472198486,2.2437446117401123,0.26990649104118347,-0.13855023682117462,-0.7675020694732666,-1.6825075149536133,0.3432951867580414
508,7.997439861297607,7.831864356994629,-2.05489444732666,0.5483055114746094,-0.005291461944580078,-0.19408679008483887,-6.647139549255371,-14.533650398254395,4.167828559875488,-18.83786392211914,20.0,0.038487330079078674,-0.6545073986053467,0.8433395624160767,-0.31028226017951965,-4.570269584655762,-1.0494130849838257,0.6136482954025269,2.4439027309417725,0.39266103506088257,-0.3548097610473633,-0.9008698463439941,-1.5867362022399902,-0.0444258451461792
509,24.040504455566406,4.027209758758545,-4.158158302307129,5.0078582763671875,0.21042072772979736,0.00893402099609375,-20.804595947265625,0.36288177967071533,-6.522803783416748,-1.6391477584838867,20.0,1.3764569759368896,1.1308108568191528,0.9708392024040222,-0.44482916593551636,-7.759645462036133,-0.5443320870399475,1.0092686414718628,0.03161303326487541,0.1332065761089325,-0.4548088312149048,2.9355854988098145,1.4665504693984985,-0.3194202184677124
510,53.44195556640625,6.627320289611816,-12.980956077575684,-9.44019889831543,-8.214184761047363,3.9191548824310303,-56.56916809082031,5.649456977844238,-6.86766242980957,-9.107379913330078,1.1391105651855469,0.6763498783111572,2.206217050552368,-0.02035278081893921,-0.5395532846450806,-0.2064450979232788,-3.6657931804656982,-3.9265103340148926,-2.4827842712402344,-0.315494179725647,-0.1699356585741043,6.41140079498291,4.732895851135254,1.5771280527114868
511,23.245786666870117,18.574384689331055,-31.163959503173828,-65.72724151611328,0.15999937057495117,2.4958245754241943,-24.335243225097656,4.019413471221924,-2.3301165103912354,-7.7179718017578125,-1.284430742263794,-0.08604049682617188,1.7405614852905273,-0.17198577523231506,0.2821647822856903,0.7342916131019592,-2.447092056274414,0.5782809257507324,-3.193138599395752,0.23730739951133728,0.7296744585037231,5.50126838684082,0.6466808319091797,2.3947629928588867
512,20.9625301361084,17.083969116210938,-28.009418487548828,-71.62651824951172,7.4061431884765625,-3.069585084915161,-21.268024444580078,4.571619987487793,-4.996909141540527,-8.38425064086914,-0.6157294511795044,-0.22004461288452148,2.3176815509796143,-0.3652840554714203,0.407316118478775,-0.3009461760520935,-2.0305278301239014,0.9340060949325562,-3.128214120864868,0.16585837304592133,0.36296582221984863,2.765902280807495,-0.11482809484004974,1.0169087648391724
513,-4.667383193969727,19.34787368774414,-26.82392692565918,-63.94851303100586,10.449628829956055,-3.9444286823272705,-4.8470563888549805,4.912245750427246,-4.683907508850098,-1.450434684753418,-0.16843999922275543,-0.010805606842041016,2.250159502029419,-0.15674595534801483,0.21710947155952454,-0.8215430378913879,-1.8033607006072998,0.5211946964263916,-3.049456834793091,0.6130669713020325,-0.3224661350250244,0.7609543204307556,0.10114237666130066,1.2409393787384033
514,-9.252931594848633,17.565893173217773,-20.883949279785156,-54.820640563964844,15.354130744934082,-7.245185852050781,3.9366698265075684,-4.11416482925415,2.6019787788391113,-1.5388250350952148,-0.3094747066497803,-0.17715942859649658,2.578263521194458,-0.32836082577705383,0.24134647846221924,-1.5615273714065552,-1.4513360261917114,0.6676032543182373,-1.870867133140564,0.3225146532058716,-0.2200058549642563,-2.3848488330841064,-1.1831456422805786,0.29827311635017395
515,-3.013678550720215,18.934986114501953,-9.349693298339844,-36.58436965942383,20.0,-9.866684913635254,4.638620376586914,-5.418628692626953,3.426966905593872,5.068265914916992,0.06426072120666504,-0.13225793838500977,2.8608672618865967,-0.7519932389259338,0.16021327674388885,-1.7729672193527222,-1.0434648990631104,-0.7865310907363892,-0.7354231476783752,-0.39612770080566406,0.026578031480312347,-3.3189799785614014,-1.6891382932662964,-1.140203595161438
516,-15.676640510559082,2.4334731101989746,-1.392311930656433,-17.276029586791992,20.0,-5.33503532409668,9.670694351196289,7.489991188049316,-5.134404182434082,6.337619781494141,0.22133994102478027,0.08821439743041992,2.1916823387145996,-0.16257838904857635,0.23898489773273468,-0.8012434840202332,-1.3569440841674805,-3.542041301727295,-0.17016471922397614,0.17230163514614105,-0.5970788598060608,-4.570960998535156,-1.2440632581710815,-2.353356122970581
517,-13.15250015258789,-1.926551103591919,-2.467015266418457,-14.25711441040039,20.0,-4.4336442947387695,12.059326171875,2.945815324783325,0.28971636295318604,9.858606338500977,0.38992220163345337,0.17572593688964844,1.6165634393692017,-0.6387816667556763,0.12517675757408142,-0.11434098333120346,-0.7800165414810181,-2.2938904762268066,0.409330278635025,-0.02431003749370575,-0.12284587323665619,-4.038756847381592,-0.30249759554862976,-2.3557825088500977
518,-42.90603256225586,-0.9783939123153687,6.910174369812012,2.7874984741210938,8.863689422607422,-1.6381196975708008,54.499298095703125,-20.92923927307129,18.243507385253906,-31.850505828857422,-16.485599517822266,6.192302703857422,-1.8538095951080322,0.11404484510421753,1.0738277435302734,7.4490251541137695,5.617989540100098,-2.7326366901397705,2.568531036376953,-0.9486613869667053,-0.41363584995269775,-2.703608989715576,9.984907150268555,-5.889664649963379
519,-40.956764221191406,-7.167038917541504,3.6939404010772705,-11.455810546875,-1.4300613403320312,0.38410788774490356,50.05393981933594,-12.01070785522461,15.340497970581055,-51.348304748535156,-5.302570819854736,-4.700328350067139,-3.4337034225463867,0.6024631261825562,0.3794498145580292,8.278275489807129,2.4122462272644043,0.4243071377277374,1.1653070449829102,0.32182368636131287,0.009803500026464462,1.3737282752990723,-2.6499040126800537,0.6528180837631226
520,-23.925216674804688,-3.5586884021759033,2.2018864154815674,-11.676948547363281,-0.734309196472168,0.02248239517211914,31.671875,-20.094257354736328,33.3138542175293,-63.32685089111328,-6.117528438568115,0.07573306560516357,-3.647486448287964,-0.1412256807088852,-0.22622771561145782,5.533166885375977,2.5647237300872803,1.3407924175262451,1.7002712488174438,0.066923588514328,-0.13840773701667786,0.7930435538291931,-2.3321950435638428,0.08350029587745667
521,-9.639898300170898,-1.9412267208099365,2.5558667182922363,-8.963631629943848,-0.8578238487243652,-0.10102224349975586,7.208227157592773,-16.97344970703125,27.85618782043457,-67.44767761230469,0.6838679313659668,0.9464408159255981,-3.522067070007324,-0.22742336988449097,-0.01290224865078926,1.9806780815124512,0.3198084533214569,1.915136456489563,1.9570510387420654,0.024696707725524902,-0.18262623250484467,0.0289892740547657,-2.025848150253296,-0.12343069911003113
522,5.991270542144775,-0.5128573775291443,-0.13628315925598145,-0.5403329133987427,-0.2071068286895752,-0.15401721000671387,-8.360865592956543,-19.921113967895508,24.90158462524414,-74.84938049316406,3.3746447563171387,1.8913402557373047,-2.4830427169799805,-0.19762422144412994,-0.21124325692653656,-0.621076226234436,-0.6620196104049683,1.839084267616272,2.4465153217315674,0.1888609677553177,-0.18787355720996857,-0.853069543838501,-1.712965488433838,-0.14628207683563232
523,6.703006267547607,1.5968294143676758,-0.7187151908874512,1.8109560012817383,-0.14565038681030273,-0.15205669403076172,-11.941947937011719,-20.313663482666016,16.43938446044922,-45.67103576660156,12.460208892822266,0.18836915493011475,-1.7490568161010742,-0.20061354339122772,-0.2902810871601105,-2.548238515853882,-2.1275618076324463,1.7500109672546387,2.3479011058807373,0.16952835023403168,-0.103805311024189,-1.0003374814987183,-1.549626111984253,0.3955792188644409
524,10.636368751525879,8.123636245727539,-4.4758124351501465,1.7915019989013672,0.12816810607910156,-0.12336349487304688,-14.692140579223633,-20.462093353271484,10.702242851257324,-29.489398956298828,20.0,3.337101697921753,-0.49899569153785706,0.4123188555240631,-0.3183302581310272,-5.486626148223877,-1.8912203311920166,1.6353453397750854,2.3380935192108154,0.27877700328826904,-0.17129924893379211,-1.274782657623291,-1.3224663734436035,-0.10130196809768677
525,25.51540756225586,2.7762575149536133,-2.174872875213623,12.715505599975586,0.6316392421722412,-0.12714266777038574,-26.141141891479492,-9.390077590942383,6.48148250579834,-18.02519416809082,20.0,5.687355995178223,0.9420238733291626,0.5684134364128113,0.08909041434526443,-5.902055740356445,-0.0702357217669487,1.6639412641525269,1.282772421836853,-0.19177314639091492,-0.44737741351127625,0.6271105408668518,-0.0007638633251190186,-0.9213649034500122
526,37.179725646972656,13.820557594299316,-13.064016342163086,9.71701431274414,0.39008140563964844,-0.05234098434448242,-37.697750091552734,0.5560691356658936,-4.828182220458984,-6.485832214355469,10.794437408447266,3.3962275981903076,3.0341413021087646,0.8555049896240234,-1.398234248161316,-8.83840560913086,1.0510480403900146,0.5601324439048767,-1.1887962818145752,-0.2619044780731201,-0.5653036832809448,4.545195579528809,2.7284188270568848,1.3907732963562012
527,46.45417022705078,24.798320770263672,-36.466365814208984,-68.8436279296875,-2.9965696334838867,10.485387802124023,-39.91105270385742,-0.9903818964958191,0.8099937438964844,-3.994098663330078,-0.7532514333724976,-0.09225702285766602,2.0425403118133545,-0.37580767273902893,0.0710524469614029,0.16695314645767212,-2.8973140716552734,0.35518497228622437,-3.0219032764434814,-0.24451646208763123,1.2827496528625488,8.417909622192383,1.2832781076431274,3.059868574142456
528,18.479267120361328,23.292020797729492,-36.72097396850586,-62.183921813964844,1.242457389831543,0.362323522567749,-22.20309829711914,-1.421474814414978,-1.0374813079833984,-14.411375999450684,-0.851692795753479,-0.31569814682006836,1.8873575925827026,-0.12827634811401367,0.0781693309545517,0.008087392896413803,-2.00160813331604,0.6655288338661194,-2.861947536468506,-0.008160015568137169,1.312369465827942,4.251006126403809,0.2307479977607727,1.8792283535003662
529,14.916747093200684,18.76545524597168,-25.665733337402344,-54.800235748291016,5.407635688781738,-0.7454090118408203,-18.486257553100586,4.985041618347168,-6.280679225921631,-7.815702438354492,-0.5145094394683838,-0.11495089530944824,2.0165138244628906,-0.06227099895477295,-0.12030217796564102,-0.4561634659767151,-1.6966814994812012,0.41988226771354675,-2.882646083831787,0.09245311468839645,0.45158669352531433,1.3940075635910034,-0.1982843428850174,1.2191948890686035
530,-17.47701644897461,13.284870147705078,-19.237747192382812,-61.65778732299805,6.399618148803711,-1.9166183471679688,7.712641716003418,-0.29107964038848877,-0.9849435091018677,-2.290983200073242,-0.06015193462371826,-0.07857656478881836,2.358579158782959,-0.09264501929283142,0.05298755317926407,-1.3742185831069946,-1.431579828262329,0.24013158679008484,-1.7378877401351929,-0.19446028769016266,0.18591850996017456,-2.1667776107788086,0.3943316340446472,1.2430676221847534
531,-8.530485153198242,9.941012382507324,-10.41799545288086,-34.90935516357422,16.142841339111328,-7.761742115020752,4.403225898742676,0.7060928344726562,-0.3570331335067749,2.8274402618408203,-0.2837333679199219,-0.17083914577960968,2.3710203170776367,-0.3375827670097351,0.12619708478450775,-1.6819905042648315,-1.1719030141830444,0.5026740431785583,-0.935457170009613,-0.47142475843429565,0.1451234668493271,-3.9489426612854004,-1.3334516286849976,-0.08897852152585983
532,-17.95008087158203,3.2075881958007812,-3.1710989475250244,-19.442781448364258,20.0,-5.70285701751709,16.491857528686523,5.647127151489258,-3.713526964187622,9.647043228149414,0.28667259216308594,-0.03993868827819824,1.904171347618103,0.08939127624034882,-0.0558525025844574,-0.6539702415466309,-1.5590721368789673,-3.4623525142669678,0.11659155786037445,-0.25791069865226746,-0.6394844651222229,-4.37898588180542,-1.5762724876403809,-1.8864192962646484
533,-10.728628158569336,3.7380664348602295,2.5387117862701416,-2.7571139335632324,19.62990379333496,-3.742448329925537,17.702817916870117,-7.3748674392700195,7.051711559295654,5.313863754272461,0.32921284437179565,0.05556297302246094,0.42084017395973206,0.038896385580301285,0.18569543957710266,2.401221752166748,0.39414456486701965,-3.263651132583618,1.59266996383667,-0.5566496253013611,0.05685374140739441,-6.734823226928711,-0.3329712450504303,-2.1145942211151123
534,-39.11124038696289,-1.075620412826538,5.103521347045898,-7.059349060058594,6.248100280761719,-1.2194247245788574,42.52869415283203,-8.503135681152344,16.00916290283203,-29.45380973815918,-17.561079025268555,8.029796600341797,-1.7379205226898193,0.6181654930114746,0.4158722162246704,5.890846252441406,3.47334361076355,-2.9194111824035645,1.9965543746948242,-0.46995338797569275,-0.25142398476600647,-1.2949159145355225,7.333377361297607,1.2378884553909302
535,-35.071189880371094,-10.764507293701172,7.604073524475098,-8.45010757446289,-1.0437524318695068,0.37295854091644287,42.27925491333008,-17.61507225036621,23.14708709716797,-58.27918243408203,3.7234513759613037,-3.3734230995178223,-3.1140222549438477,0.41095802187919617,0.44426536560058594,6.0938873291015625,1.4396566152572632,0.9346407055854797,1.1222715377807617,0.14924806356430054,-0.14649882912635803,1.0801241397857666,-2.3589556217193604,0.2330896258354187
536,-20.496421813964844,-9.234587669372559,5.397437572479248,-5.178504943847656,-0.6008155345916748,-0.011403083801269531,27.942859649658203,-13.554713249206543,31.932933807373047,-68.95388793945312,3.880903959274292,-1.1996878385543823,-3.356588125228882,-0.22404354810714722,0.1016390398144722,5.378302574157715,0.1769149899482727,2.826733112335205,1.8570795059204102,0.03938637673854828,-0.4383498430252075,0.31306445598602295,-2.157655715942383,0.03962913900613785
537,-10.528778076171875,2.125964879989624,-1.2140984535217285,-9.09727668762207,-0.3562808036804199,-0.24721240997314453,7.4634904861450195,-22.100446701049805,31.782615661621094,-69.97947692871094,5.67304801940918,0.9005335569381714,-2.8440351486206055,-0.1599801629781723,0.07305844128131866,1.3906863927841187,0.6871747970581055,2.1508145332336426,2.2019596099853516,0.2979126274585724,-0.26679426431655884,-0.5837438106536865,-1.6756656169891357,-0.19614242017269135
538,-6.890273094177246,-3.9121921062469482,3.1868152618408203,-0.5304654836654663,-0.41130828857421875,-0.17550182342529297,4.937018394470215,-15.629674911499023,22.867610931396484,-55.94194412231445,14.461915016174316,1.5270216464996338,-2.66375994682312,-0.40235236287117004,0.31462323665618896,-0.2580697536468506,-0.8410578370094299,2.7466881275177,2.301276445388794,0.278053343296051,-0.1476668268442154,-0.9933871030807495,-1.4074231386184692,0.2215547263622284
539,5.620942115783691,1.4581141471862793,-1.3603776693344116,1.888627052307129,0.08153414726257324,-0.25476932525634766,-11.56308364868164,-14.627105712890625,14.597333908081055,-36.940025329589844,19.221494674682617,1.5049755573272705,-2.2758171558380127,-0.4584696292877197,-0.044852711260318756,-1.754349946975708,-0.3362351953983307,1.900329351425171,2.1371347904205322,0.3389175832271576,-0.1670679748058319,-1.1811991930007935,-1.293601155281067,0.01755461096763611
540,9.627476692199707,10.094245910644531,-5.092341423034668,-1.5115489959716797,-0.19665145874023438,-0.13689470291137695,-11.487167358398438,-17.775753021240234,6.759098529815674,-16.59744644165039,20.0,4.604250907897949,-0.833171010017395,0.10083454847335815,-0.021367590874433517,-5.684169769287109,-0.962442934513092,1.8417218923568726,2.0752503871917725,0.2983434200286865,-0.30159980058670044,-1.139930009841919,-0.8829327821731567,-0.9208645224571228
541,44.865867614746094,6.439427375793457,-6.628818988800049,12.581806182861328,0.61799156665802,-0.10342979431152344,-41.308876037597656,-6.064072608947754,-0.47329771518707275,-12.300878524780273,20.0,5.096109867095947,1.9695857763290405,0.00218129251152277,-0.321184903383255,-8.387338638305664,0.5725576281547546,1.7240391969680786,-0.2965012192726135,-0.258713960647583,-0.3615718185901642,3.1817824840545654,2.197864055633545,-0.7856513857841492
542,57.91048049926758,17.68451690673828,-33.16700744628906,-17.502708435058594,-16.807130813598633,8.677133560180664,-57.17132568359375,-4.265539169311523,-2.034015417098999,-4.756008148193359,-0.5010170936584473,0.26291465759277344,3.0261149406433105,0.7189636826515198,0.26893311738967896,-1.6936404705047607,6.8501362800598145,-3.8188154697418213,-3.5460174083709717,-0.296588659286499,0.06941444426774979,9.5440673828125,3.7818427085876465,2.6258373260498047
543,28.37099838256836,16.286184310913086,-37.166324615478516,-64.02918243408203,-0.09157705307006836,5.645329475402832,-27.79291534423828,2.739973545074463,-0.7347865104675293,-17.510469436645508,-1.253833532333374,-0.2687702178955078,1.658531904220581,-0.0734734758734703,0.259976863861084,0.5311824679374695,-2.2569494247436523,0.28535741567611694,-3.5360171794891357,0.17515821754932404,1.0594900846481323,4.820387840270996,2.1158294677734375,2.215076446533203
544,17.62718963623047,24.55263900756836,-35.01245880126953,-60.736717224121094,5.091340065002441,-0.35480380058288574,-17.792871475219727,2.574880838394165,-4.310837745666504,-5.922290802001953,-0.7629026770591736,-0.12339591979980469,1.8752855062484741,-0.048865798860788345,0.04462800174951553,0.042157549411058426,-2.054792881011963,0.5585386753082275,-3.6703033447265625,0.3009614944458008,0.37535640597343445,2.779252529144287,0.30777403712272644,2.2646799087524414
545,-8.773723602294922,24.144224166870117,-29.040616989135742,-67.54686737060547,7.73607873916626,-4.300792694091797,2.1106834411621094,-2.462165594100952,0.3705757260322571,-3.780083179473877,-0.31481045484542847,-0.23827695846557617,2.2577338218688965,-0.013109256513416767,-0.07311713695526123,-0.8640605211257935,-1.7965235710144043,0.5219694375991821,-2.6435439586639404,0.15447735786437988,-0.026037950068712234,-0.8918304443359375,-0.21804845333099365,1.1837880611419678
546,0.7816410064697266,11.500426292419434,-11.397558212280273,-37.28920364379883,15.99927806854248,-7.059603214263916,-0.5212554931640625,-1.9950087070465088,0.7281416654586792,1.8899078369140625,-0.17750954627990723,-0.1934736967086792,2.5360679626464844,-0.3378690481185913,0.19257189333438873,-1.273677945137024,-1.500287413597107,0.4719045162200928,-2.0837337970733643,-0.36763498187065125,0.15896661579608917,-2.034109592437744,-1.1914854049682617,-0.5334464907646179
547,-13.800237655639648,3.133286952972412,-7.489053726196289,-32.76203155517578,20.0,-8.40652847290039,13.663431167602539,7.538890838623047,-4.8701372146606445,3.885274887084961,0.042662620544433594,0.04152488708496094,2.642061233520508,0.013812094926834106,0.08121831715106964,-1.181298851966858,-1.5043758153915405,-1.699885368347168,-0.423808217048645,0.021555542945861816,-0.5988672971725464,-4.619604587554932,-1.9727814197540283,-1.6033557653427124
548,-16.72934913635254,3.3427815437316895,-0.27380040287971497,-13.3984375,20.0,-5.053574562072754,15.954111099243164,-3.1167619228363037,3.8223562240600586,6.977813720703125,0.4033292531967163,0.06609821319580078,1.6766008138656616,-0.1402464061975479,0.11325953900814056,0.2836426794528961,-0.9892665147781372,-3.9256064891815186,0.645943284034729,-0.4460029602050781,-0.25559061765670776,-6.245368480682373,-0.37633925676345825,-1.9675471782684326
549,-36.57982635498047,-3.791762351989746,7.996326446533203,-5.406682968139648,14.694366455078125,-3.0590357780456543,43.000938415527344,-6.489309310913086,7.3713274002075195,12.572128295898438,0.461628794670105,0.061374664306640625,-1.1981858015060425,0.11481070518493652,0.3228406012058258,5.51406192779541,3.064774513244629,-3.3376388549804688,2.9785280227661133,-0.5571423768997192,-0.03588050603866577,-6.882320404052734,2.969696044921875,-2.976738452911377
550,-40.50523376464844,-5.668268203735352,4.163023471832275,-7.874240875244141,-0.7632293701171875,0.3503608703613281,47.888099670410156,-18.664487838745117,15.666400909423828,-60.85674285888672,1.888155460357666,-3.1561269760131836,-3.1029303073883057,0.7694302201271057,0.16704760491847992,7.677900314331055,3.1797802448272705,-1.2183114290237427,1.1675835847854614,0.06278014183044434,-0.2946825921535492,1.2297956943511963,-2.637589454650879,1.0487192869186401
551,-21.086830139160156,-3.51039457321167,3.0114994049072266,-9.178333282470703,-0.9241640567779541,0.23183035850524902,26.454002380371094,-23.782629013061523,38.66215133666992,-56.73008728027344,-0.8497982025146484,-0.4096190333366394,-3.344870090484619,0.0033420640975236893,0.154161274433136,5.909727573394775,1.2297062873840332,1.6618009805679321,1.4720993041992188,-0.12469984591007233,-0.1156776025891304,0.9247525930404663,-2.409848928451538,0.030738726258277893
552,-17.650985717773438,-5.398968696594238,3.0490012168884277,-8.767053604125977,-0.49712371826171875,-0.08844327926635742,22.9466552734375,-11.935494422912598,30.8875789642334,-55.9019660949707,2.4808850288391113,0.4575522840023041,-3.1500298976898193,-0.5133651494979858,0.18201151490211487,3.1544363498687744,1.472302794456482,2.670339584350586,1.886199712753296,-0.04758360981941223,0.110658198595047,0.43975692987442017,-2.182037591934204,0.07508856058120728
553,-6.3017778396606445,6.647105693817139,-3.105741500854492,-8.179980278015137,-0.8484387397766113,-0.2091526985168457,2.702669143676758,-18.85519790649414,19.793048858642578,-59.11165237426758,10.464788436889648,1.4382708072662354,-2.737433433532715,0.12136995792388916,-0.22371834516525269,-0.7550944685935974,-1.6446226835250854,2.31091570854187,2.1761932373046875,0.21584758162498474,-0.19681203365325928,-0.4214208126068115,-1.72682523727417,0.01624716818332672
554,7.464461803436279,5.111436367034912,-2.9687442779541016,2.4573936462402344,0.13072752952575684,-0.18952155113220215,-5.116672515869141,-20.802629470825195,17.058189392089844,-47.99536895751953,16.81574249267578,1.506177306175232,-1.4096488952636719,0.459087610244751,-0.5346679091453552,-2.821355104446411,-1.4401378631591797,1.8423174619674683,2.7877235412597656,0.3324143886566162,-0.34029123187065125,-1.0120396614074707,-1.6283046007156372,0.04719269275665283
555,5.941879749298096,-3.160276174545288,2.280748128890991,4.908901214599609,0.11473727226257324,-0.16336727142333984,-11.651960372924805,-8.69402027130127,6.675355911254883,-26.29285430908203,20.0,4.459718227386475,-0.8097112774848938,0.48663848638534546,-0.2487742006778717,-4.029545307159424,-1.3616780042648315,2.075315237045288,2.6150522232055664,0.3974010944366455,-0.36400118470191956,-1.076920747756958,-1.51358962059021,-0.38727638125419617
556,14.911754608154297,0.6275547742843628,-1.3776510953903198,8.073362350463867,0.26211583614349365,-0.19426822662353516,-25.140043258666992,-11.498595237731934,8.052674293518066,-26.010021209716797,20.0,3.4863643646240234,-0.16984140872955322,0.2831941246986389,-0.3657611012458801,-5.191023826599121,-0.7535520792007446,1.322074055671692,1.9053704738616943,0.28805267810821533,-0.3308961093425751,-0.6104963421821594,-1.2268139123916626,-0.7565729022026062
557,44.90058517456055,5.749577045440674,-7.012909412384033,12.05242919921875,0.6139575242996216,-0.05238521099090576,-44.6095085144043,1.0998780727386475,-3.2266781330108643,-9.97823429107666,15.586952209472656,5.387197971343994,2.2019543647766113,0.2144601196050644,-1.0070449113845825,-7.668334484100342,0.7244687676429749,0.9593914747238159,-1.0292997360229492,-0.0482608899474144,-0.21419799327850342,4.076324462890625,2.363055467605591,-0.6650264859199524
558,60.014060974121094,18.08306312561035,-33.94556427001953,-58.31310272216797,1.7791998386383057,20.0,-52.52351760864258,2.009249687194824,-2.347402334213257,-3.651386260986328,-0.6639547348022461,0.22174692153930664,1.783109188079834,0.020513571798801422,0.14613410830497742,0.18985331058502197,-1.850509524345398,-5.637157917022705,-3.590320587158203,-0.2098073959350586,1.0540844202041626,9.16784381866455,2.5888254642486572,2.8340699672698975
559,35.279571533203125,24.477344512939453,-47.61467361450195,-71.04342651367188,-0.8350925445556641,3.816309928894043,-33.2244873046875,0.30228060483932495,-2.167504072189331,-15.425235748291016,-1.1860240697860718,-0.24280691146850586,1.9105350971221924,-0.06368553638458252,0.33126187324523926,0.13219039142131805,-2.0598273277282715,0.5252566337585449,-3.5712854862213135,0.10632514953613281,0.8876622915267944,5.183078765869141,0.40286558866500854,2.4036171436309814
560,-0.40529632568359375,25.446273803710938,-34.4205322265625,-69.33465576171875,1.8065682649612427,-0.6699507236480713,-1.5244312286376953,-8.370126724243164,3.7341294288635254,-8.855840682983398,-0.37774401903152466,-0.2692842483520508,2.6269400119781494,-0.1616712361574173,0.3061491847038269,-0.9076602458953857,-1.7797956466674805,0.5518541932106018,-2.3531980514526367,-0.24311044812202454,1.0169545412063599,0.5350050926208496,0.2969205677509308,1.687698245048523
561,1.6343317031860352,18.143280029296875,-19.01702308654785,-38.60369110107422,7.594374656677246,-3.59540057182312,-5.537454605102539,-1.72723388671875,-1.0854638814926147,-2.414672374725342,-0.27518582344055176,-0.16068804264068604,2.480588674545288,-0.20886801183223724,0.21887362003326416,-1.0048809051513672,-1.5578447580337524,0.62168949842453,-2.0838143825531006,-0.5927760004997253,0.4103514552116394,-1.814831018447876,0.29038292169570923,0.7831929326057434
562,-26.322303771972656,15.230935096740723,-16.192506790161133,-43.80784606933594,10.15786361694336,-4.761836051940918,16.028335571289062,-1.5679566860198975,0.6032669544219971,5.0127153396606445,-0.02827399969100952,-0.051219940185546875,2.3606905937194824,-0.0421132892370224,0.12344623357057571,-1.213636040687561,-1.6067897081375122,0.23794932663440704,-0.9702587723731995,-0.6170946359634399,-0.05233204737305641,-3.7846896648406982,-0.45438605546951294,0.88557368516922
563,-14.16506576538086,-8.257891654968262,0.5555421113967896,-27.9932861328125,18.352577209472656,-7.73209285736084,9.139422416687012,9.675952911376953,-4.266495704650879,7.109760284423828,0.05554544925689697,-0.15918397903442383,2.2491679191589355,-0.33377668261528015,0.23543091118335724,-1.2718729972839355,-1.397183895111084,-0.0608561635017395,-0.22239993512630463,-0.45933204889297485,0.060521576553583145,-4.454104900360107,-1.0328348875045776,-1.1610087156295776
564,-11.236858367919922,-5.896255016326904,6.183678150177002,-5.949906349182129,20.0,-5.673617362976074,15.222071647644043,2.8196966648101807,-1.4079970121383667,7.103431701660156,0.34124886989593506,0.051000118255615234,1.0303133726119995,-0.2225942760705948,0.32752668857574463,1.3040481805801392,-0.5169597864151001,-2.9540956020355225,0.8273458480834961,-0.6109888553619385,-0.2298372983932495,-5.733060836791992,0.41762056946754456,-2.237269163131714
565,-29.04635238647461,-2.6930129528045654,8.297579765319824,-1.8249244689941406,11.366876602172852,-2.5419702529907227,31.548887252807617,-4.803421497344971,8.190131187438965,-31.792572021484375,-15.212019920349121,4.866232872009277,-1.3835326433181763,0.4703570604324341,0.21650859713554382,5.652034759521484,3.043687343597412,-2.9604249000549316,1.7357966899871826,0.22805507481098175,-0.17399796843528748,0.10706022381782532,-4.813185691833496,-4.895937442779541
566,-38.579647064208984,-4.257950305938721,3.721529006958008,-7.4074249267578125,-0.8592090606689453,0.3590785264968872,44.33008575439453,-21.554405212402344,26.991052627563477,-68.37139129638672,0.7329387664794922,-2.8498940467834473,-2.8427443504333496,0.5205654501914978,-0.4447556734085083,6.563060760498047,2.456160545349121,-0.3645123839378357,1.5303300619125366,0.2088230699300766,-0.4195030927658081,0.678986132144928,-2.2576935291290283,0.31244713068008423
567,-19.693809509277344,-7.591540813446045,5.33201789855957,-6.865234375,-0.7088236808776855,0.10787248611450195,20.209197998046875,-17.496366500854492,35.46674346923828,-74.45482635498047,1.4168553352355957,-0.5582876205444336,-2.974640130996704,-0.19412273168563843,-0.15862104296684265,4.855522155761719,1.413870096206665,1.8591574430465698,1.8332340717315674,0.07603423297405243,-0.23669297993183136,0.03187071159482002,-1.8888813257217407,-0.06583057343959808
568,-4.321054458618164,-5.357149600982666,4.1417236328125,-3.6278858184814453,-0.4484902024269104,-0.1973888874053955,-1.0497407913208008,-10.785064697265625,23.533395767211914,-73.38861846923828,2.807656764984131,0.4567916691303253,-2.7714951038360596,-0.3028736412525177,0.19488465785980225,3.134760856628418,-0.012076717801392078,1.8418413400650024,2.0601963996887207,0.15447108447551727,-0.28063687682151794,-0.6714949011802673,-1.6060752868652344,-0.05782872438430786
569,-8.258515357971191,-2.0515336990356445,2.9295029640197754,-6.399014949798584,-0.43088483810424805,-0.1871967315673828,8.305580139160156,-11.813282012939453,17.43227195739746,-48.932655334472656,12.212078094482422,1.2063360214233398,-2.1800684928894043,-0.2125406563282013,0.7378524541854858,0.034202735871076584,-1.1702635288238525,1.9947471618652344,2.3710598945617676,0.2030027061700821,-0.2620807886123657,-1.0726723670959473,-1.2897248268127441,0.12361834943294525
570,1.3253741264343262,4.155847549438477,-3.617184638977051,-1.763625144958496,-0.04281473159790039,-0.14045357704162598,-6.109864711761475,-18.405494689941406,14.538193702697754,-40.97438430786133,14.352415084838867,1.6344120502471924,-1.4006847143173218,-0.1658211052417755,0.2505364418029785,-2.7857859134674072,-0.9143487215042114,1.6667722463607788,2.4944212436676025,0.3626997768878937,-0.19809988141059875,-1.47312593460083,-1.1389859914779663,0.09315228462219238
571,4.125599384307861,4.235014915466309,-2.775874137878418,3.3151683807373047,-0.05948758125305176,-0.046202659606933594,-10.408954620361328,-14.981825828552246,11.206642150878906,-21.819799423217773,20.0,2.2660439014434814,-0.9102503061294556,-0.08578747510910034,0.05369693785905838,-4.407037734985352,-1.4631677865982056,2.831939458847046,2.2021777629852295,0.341623455286026,-0.18475255370140076,-1.4123859405517578,-1.1005886793136597,-0.247858464717865
572,15.77535343170166,6.288582801818848,-4.278109550476074,7.344169616699219,0.3264461159706116,-0.266751766204834,-20.793088912963867,-12.501507759094238,3.0198287963867188,-19.17911720275879,20.0,5.128877639770508,0.06247387081384659,0.18853707611560822,-0.3684094548225403,-5.8362812995910645,-0.23395153880119324,1.5288474559783936,1.6545517444610596,0.3899731934070587,-0.3999064564704895,-0.6414200663566589,-0.5652086138725281,-0.6427826881408691
573,64.244873046875,12.33214282989502,-11.758895874023438,13.023063659667969,0.6305696964263916,-0.09336555004119873,-57.61886978149414,5.950072288513184,-9.755767822265625,2.1256752014160156,8.949532508850098,2.302199363708496,3.383850574493408,1.0218557119369507,0.13326513767242432,-3.285623788833618,10.586721420288086,-3.883908748626709,-2.67779803276062,0.2520655393600464,-0.43889033794403076,8.118178367614746,6.070279121398926,1.1532187461853027
574,53.567989349365234,17.656208038330078,-39.4807243347168,-62.11516571044922,-0.23647737503051758,6.36877965927124,-47.59563446044922,4.5761260986328125,-1.5477455854415894,-11.1778564453125,-1.6081557273864746,-0.06710386276245117,1.1840940713882446,-0.11197452247142792,0.15260331332683563,0.8230026960372925,-2.1290688514709473,0.08001145720481873,-4.622341632843018,0.28629153966903687,0.6393747925758362,9.25222110748291,2.291921377182007,2.1807453632354736
575,18.800003051757812,17.5131893157959,-40.389400482177734,-64.09857177734375,-2.2199950218200684,4.506948947906494,-18.84969711303711,1.3743796348571777,-1.3861603736877441,-16.723003387451172,-0.9256672859191895,-0.17835760116577148,1.7308446168899536,0.1066192165017128,0.08089163154363632,0.04216401278972626,-1.947677731513977,0.347745418548584,-4.043970584869385,0.8679172992706299,0.6346006989479065,3.7737808227539062,1.877747893333435,2.2445833683013916
576,5.6823883056640625,16.284040451049805,-25.118850708007812,-57.49811935424805,3.5512092113494873,-0.8801001310348511,-4.416872024536133,-4.933553695678711,0.6242318153381348,-8.073179244995117,-0.6741188764572144,-0.2312452793121338,2.482943296432495,-0.14519472420215607,0.23036912083625793,-0.8389366865158081,-1.717934250831604,0.6314862370491028,-2.988917827606201,0.20113085210323334,0.38155514001846313,-0.3023841977119446,0.6071245074272156,1.2187608480453491
577,-3.266737937927246,5.896890640258789,-8.46096420288086,-44.18109893798828,13.372316360473633,-6.58262825012207,1.685439109802246,4.903368949890137,-4.5345845222473145,1.0709381103515625,-0.4172048568725586,-0.12210351228713989,2.8061394691467285,-0.5110535025596619,0.27138128876686096,-1.439876914024353,-1.4861483573913574,0.5062974691390991,-2.1736385822296143,-0.22156347334384918,-0.17474301159381866,-1.9919089078903198,-1.948439121246338,-0.29834169149398804
578,-27.647335052490234,12.802206993103027,-11.654494285583496,-45.571067810058594,19.1075439453125,-8.432863235473633,18.55923080444336,4.261746406555176,-2.9286670684814453,4.493352890014648,0.16495704650878906,0.04425787925720215,2.6355936527252197,-0.053881023079156876,0.09278746694326401,-1.4778556823730469,-1.354909896850586,-1.571026086807251,-0.5706899166107178,0.21696484088897705,-0.8971472978591919,-5.115142345428467,-2.2341532707214355,-0.737265944480896
579,-20.24007797241211,10.573196411132812,-1.6001255512237549,-12.566060066223145,20.0,-4.662283897399902,18.551321029663086,-10.103033065795898,8.184298515319824,7.562877655029297,0.35065245628356934,-0.06808829307556152,1.1948907375335693,-0.0696716159582138,0.1850755661725998,0.6346651315689087,-0.4252033233642578,-4.85081148147583,0.47967445850372314,-0.5062882900238037,-0.36003097891807556,-6.792165756225586,-1.3579212427139282,-1.576205849647522
580,-22.03682518005371,-1.047210931777954,4.219223976135254,-8.40628433227539,18.890338897705078,-3.5595273971557617,27.552799224853516,-2.006226062774658,4.001213550567627,13.438201904296875,0.5231119394302368,0.020162582397460938,-0.7253805994987488,0.016304180026054382,0.5451634526252747,4.321960926055908,2.0611329078674316,-3.6650259494781494,1.9024103879928589,-0.41258713603019714,0.11748071014881134,-7.6233296394348145,0.13778439164161682,-2.60054349899292
581,-47.69892883300781,-6.277168273925781,5.502714157104492,-7.659614562988281,-0.5085697174072266,0.4034534692764282,53.32932662963867,-8.013232231140137,12.636712074279785,-28.96247100830078,-15.856642723083496,8.625500679016113,-2.860884666442871,0.3981230854988098,0.16816066205501556,7.692132472991943,3.7834103107452393,-0.758314847946167,2.000274658203125,0.35161614418029785,0.5283259153366089,0.580772876739502,-5.429591178894043,5.710101127624512
582,-35.548763275146484,-3.0694141387939453,2.962758779525757,-14.831637382507324,-1.4907132387161255,0.23339223861694336,43.692481994628906,-20.235300064086914,31.658836364746094,-39.88711166381836,8.72974681854248,-2.9221901893615723,-3.471848249435425,-0.25881996750831604,-0.19920916855335236,4.964127063751221,-0.7366195917129517,2.5297250747680664,1.3988029956817627,-0.020013943314552307,-0.08714423328638077,1.1639941930770874,-2.463479995727539,0.03355318307876587
583,-18.004304885864258,4.521331787109375,-2.309152603149414,-9.212708473205566,-0.3172193169593811,-0.15122270584106445,17.623546600341797,-24.330482482910156,34.60258865356445,-62.64011764526367,9.841323852539062,0.35470572113990784,-3.6257898807525635,-0.1605471521615982,-0.5589962601661682,1.5248969793319702,0.2548961043357849,2.770009994506836,1.6135808229446411,0.1292732059955597,-0.07158981263637543,0.32692402601242065,-2.0258469581604004,-0.16398917138576508
584,-4.569167137145996,1.6624412536621094,0.5240257978439331,-0.6944586038589478,-0.20482328534126282,-0.2588510513305664,10.618110656738281,-17.942554473876953,27.616846084594727,-49.262123107910156,13.46766471862793,0.2954838275909424,-2.916111469268799,0.08648593723773956,-0.34446510672569275,-0.28614506125450134,0.1926639974117279,2.404123544692993,2.09291672706604,0.15186680853366852,-0.05448181927204132,-0.016047243028879166,-1.8856487274169922,-0.004939377307891846
585,16.912654876708984,2.243924617767334,-0.9924294948577881,5.731679916381836,-0.061007022857666016,-0.22020387649536133,-22.298133850097656,-18.21790885925293,22.999197006225586,-68.06513214111328,16.427471160888672,1.13081693649292,-1.6254366636276245,0.24113038182258606,-0.48942238092422485,-1.9746065139770508,-1.3795634508132935,1.9534666538238525,2.5517818927764893,0.11093990504741669,-0.2503845989704132,-0.8502863645553589,-1.7912102937698364,0.3552486300468445
586,12.295766830444336,-0.08046412467956543,0.12580931186676025,7.47722053527832,0.29177606105804443,-0.17193937301635742,-17.78902244567871,-19.0576171875,16.25994110107422,-45.92572021484375,20.0,1.062786340713501,-0.6762499809265137,0.29874172806739807,-0.37325403094291687,-2.765374183654785,-0.882653534412384,1.7890771627426147,2.598487615585327,0.19158613681793213,-0.200694277882576,-1.1751227378845215,-1.5082470178604126,0.07925090193748474
587,20.190141677856445,-0.6192847490310669,-0.3081122636795044,8.454198837280273,0.26318955421447754,-0.16803646087646484,-30.518718719482422,-12.790735244750977,7.8676018714904785,-40.14640808105469,20.0,1.6504210233688354,0.49525341391563416,0.4753054082393646,-0.2813328206539154,-3.944997787475586,-0.9927210807800293,1.3538339138031006,2.403923749923706,0.3587811291217804,-0.0981052964925766,-1.4025111198425293,-1.3157440423965454,-0.02763146162033081
588,40.977203369140625,4.320323467254639,-5.052446365356445,5.746479034423828,0.623856782913208,-0.09683787822723389,-39.39204025268555,8.289000511169434,-11.937267303466797,4.960365295410156,14.253299713134766,3.4862208366394043,2.781932830810547,0.2761400043964386,-0.7376670837402344,-8.400480270385742,1.6801918745040894,0.8696563839912415,-1.886050820350647,-0.07526885718107224,-0.34646713733673096,5.829238414764404,4.319955825805664,0.29466313123703003
589,62.72221374511719,19.774229049682617,-32.69996643066406,-54.48683547973633,-0.8687102794647217,19.757266998291016,-55.034629821777344,1.0286651849746704,-4.119428634643555,-7.699119567871094,-1.162341594696045,0.09424591064453125,1.5298327207565308,-0.10208640992641449,-0.2973303198814392,-0.04806166887283325,1.1161792278289795,-8.257055282592773,-4.239966869354248,-0.3383021354675293,0.10859164595603943,9.679906845092773,2.4786901473999023,2.1317050457000732
590,23.489059448242188,19.578516006469727,-37.802215576171875,-66.28880310058594,-1.1613497734069824,3.5787596702575684,-19.058046340942383,2.058178186416626,-0.8830440044403076,-14.139450073242188,-0.9984692335128784,-0.1798691749572754,2.2908143997192383,0.04700253903865814,0.4333609342575073,-0.05456540733575821,-2.0967633724212646,0.6563093066215515,-3.5448157787323,0.425984263420105,0.6285392045974731,5.492180824279785,0.534122109413147,2.3120789527893066
591,-8.721954345703125,24.884464263916016,-37.47816848754883,-76.3729248046875,-0.040593862533569336,1.095681071281433,-2.66998291015625,-6.015923500061035,3.4440290927886963,-9.78835678100586,-0.4485194683074951,-0.23447370529174805,2.4616432189941406,-0.004298150539398193,0.18812158703804016,-1.0896377563476562,-1.6126580238342285,0.5117083191871643,-2.7632129192352295,0.361503541469574,0.7164266109466553,0.5294201374053955,0.5677511096000671,2.208625555038452
592,-22.01396942138672,18.623838424682617,-18.999086380004883,-53.82159423828125,4.187819480895996,-1.8802391290664673,11.248199462890625,-5.145120143890381,2.288667917251587,-0.3901481628417969,-0.16224825382232666,-0.2360701560974121,2.372957229614258,-0.15879082679748535,0.08400856703519821,-1.5419083833694458,-1.3243837356567383,0.3310362696647644,-1.7393628358840942,-0.1393558531999588,0.5289791226387024,-2.293003797531128,0.03613044321537018,1.426488995552063
593,-4.972864151000977,8.05514144897461,-9.252558708190918,-25.288352966308594,13.067177772521973,-7.496750354766846,3.752030849456787,-5.363491058349609,2.434511423110962,0.9484519958496094,-0.37554216384887695,-0.2390890121459961,2.4720358848571777,-0.3468542993068695,0.24345026910305023,-1.6584126949310303,-1.0903681516647339,0.13559092581272125,-0.744780421257019,-0.8383612632751465,0.43891316652297974,-4.477453231811523,-2.342482805252075,-0.5527555346488953
594,-27.946561813354492,2.7307872772216797,-1.0441572666168213,-24.65982437133789,18.975082397460938,-5.0165324211120605,21.649412155151367,6.811593055725098,-3.813823699951172,11.210981369018555,0.6175750494003296,0.05457472801208496,1.9979158639907837,-0.03971966356039047,0.09216629713773727,-0.9464535713195801,-1.517124056816101,-2.7030441761016846,0.3470654785633087,-0.517166793346405,-0.16640512645244598,-5.022712230682373,-0.7578204870223999,-1.1842386722564697
595,-11.507448196411133,-2.6304502487182617,8.559218406677246,-8.104445457458496,20.0,-4.897974014282227,15.673937797546387,2.490410804748535,-0.19844305515289307,9.348007202148438,0.20275497436523438,0.03277587890625,1.0577607154846191,-0.1963164359331131,0.3621332049369812,1.1275123357772827,-0.4246578514575958,-2.8283450603485107,1.3219232559204102,-0.7358521223068237,-0.06922226399183273,-5.299099445343018,-1.1658134460449219,-2.2660422325134277
596,-24.762283325195312,-2.567085027694702,9.876507759094238,-2.710948944091797,11.998516082763672,-2.6687350273132324,30.612390518188477,-2.5222768783569336,5.489444732666016,-14.436906814575195,-14.46187686920166,6.039379119873047,-1.043568730354309,0.04221866652369499,0.5380305051803589,5.24569845199585,2.428527593612671,-3.0406672954559326,1.924423098564148,-0.8539849519729614,-0.3897174298763275,-1.5543986558914185,7.039552211761475,-5.35645866394043
597,-32.835479736328125,-8.924640655517578,5.99619197845459,-5.4683837890625,-0.6899216175079346,0.36194753646850586,38.195770263671875,-17.06240463256836,15.035562515258789,-60.69070053100586,-0.39540624618530273,-1.2472018003463745,-2.985954523086548,0.3541701138019562,0.4000716209411621,8.050939559936523,1.6865150928497314,0.2689642906188965,0.9655476808547974,0.06483078002929688,0.029214680194854736,1.473022222518921,-2.8033578395843506,0.8654912710189819
598,-29.502656936645508,-3.823289632797241,2.3751578330993652,-11.405006408691406,-0.6543831825256348,0.06814050674438477,35.389381408691406,-23.18122673034668,33.70716857910156,-70.75566101074219,-1.091176986694336,-0.751126766204834,-3.168499231338501,-0.18097180128097534,0.047537773847579956,5.6996355056762695,2.3014779090881348,2.0077919960021973,1.5929464101791382,-0.01367846131324768,-0.11623039841651917,0.6801990866661072,-2.2478067874908447,0.2991762161254883
599,-18.266897201538086,-0.20422089099884033,1.2847789525985718,-8.5935640335083,-0.7942911386489868,-0.15340614318847656,15.19144344329834,-21.18338394165039,35.8736457824707,-68.19709014892578,3.3752121925354004,0.4970361292362213,-3.3678956031799316,-0.4472882151603699,0.32507407665252686,2.866776704788208,0.9536203742027283,2.433061122894287,1.7627921104431152,-0.15645042061805725,-0.0205228328704834,0.03281203657388687,-1.9010339975357056,0.04617847502231598
600,-5.370718002319336,1.260085105895996,0.44342660903930664,-3.61570405960083,-0.4945124387741089,-0.21674346923828125,2.3019304275512695,-14.041302680969238,22.554105758666992,-63.020713806152344,10.454480171203613,2.94236421585083,-3.037815809249878,0.02720496989786625,0.5787824392318726,0.5398419499397278,-0.7003028392791748,2.4443538188934326,2.0174756050109863,0.04464671015739441,-0.15313270688056946,-0.6329230666160583,-1.5503103733062744,0.2896949052810669
601,-2.083489418029785,1.6107802391052246,-2.388300657272339,-2.481144905090332,-0.1722501516342163,-0.15383100509643555,-1.1502513885498047,-17.505428314208984,17.881132125854492,-46.42454528808594,18.64154052734375,0.44505566358566284,-2.4021944999694824,-0.15371383726596832,-0.08964275568723679,-2.4244179725646973,-0.5699319243431091,2.5237009525299072,2.1974880695343018,0.22123983502388,-0.11706292629241943,-1.167816162109375,-1.2848836183547974,0.2107912003993988
602,16.1747989654541,7.745562553405762,-5.603741645812988,2.4613704681396484,-0.02131330966949463,-0.18440866470336914,-20.087812423706055,-15.865906715393066,8.391912460327148,-32.921669006347656,20.0,2.7152395248413086,-0.6917935609817505,0.21695879101753235,-0.7958046793937683,-5.555663585662842,-0.9951114058494568,1.9479827880859375,2.572707176208496,0.3903263211250305,-0.37738364934921265,-1.699676752090454,-1.1455180644989014,-0.23558911681175232
603,22.77134895324707,4.854040145874023,-2.8390541076660156,10.757186889648438,0.24878215789794922,-0.18874382972717285,-23.926944732666016,-15.478633880615234,3.7482306957244873,-17.457300186157227,20.0,5.00074577331543,1.0375386476516724,0.3837142586708069,-0.46735942363739014,-7.029787063598633,-1.1323084831237793,1.168408751487732,1.8444758653640747,0.1994132101535797,-0.26650094985961914,-0.2461327761411667,-0.21144403517246246,-0.6186141967773438
604,49.057212829589844,3.5786991119384766,-4.663078308105469,17.693849563598633,0.6666673421859741,-0.04232144355773926,-46.566070556640625,5.839764595031738,-8.343629837036133,-4.691518783569336,11.895238876342773,3.7613162994384766,2.8320233821868896,0.7095138430595398,0.18466389179229736,-2.3904333114624023,7.813811302185059,-2.282197952270508,-1.536818504333496,-0.09178943932056427,-0.058680422604084015,5.762581825256348,3.8820621967315674,0.3385356664657593
605,48.882232666015625,21.941600799560547,-29.973094940185547,-54.681488037109375,2.0237016677856445,19.023075103759766,-47.89636993408203,6.682174205780029,-6.059228420257568,-7.123813629150391,-1.1063618659973145,0.11916923522949219,1.2860711812973022,-0.6111359596252441,0.19808872044086456,0.558720588684082,-2.0382862091064453,2.6019763946533203,-4.131678581237793,-0.3782270848751068,0.12167462706565857,8.664763450622559,2.094719171524048,2.1414127349853516
606,34.452781677246094,16.832584381103516,-36.036582946777344,-60.60013961791992,3.004981517791748,1.095339298248291,-31.517486572265625,5.6066975593566895,-3.150136947631836,-13.66339111328125,-0.9731388092041016,-0.21787405014038086,1.6048859357833862,-0.16254596412181854,0.31859922409057617,0.0955708846449852,-1.9767787456512451,0.6492742300033569,-4.583834171295166,0.38360536098480225,0.5694370865821838,5.669018745422363,0.9188803434371948,1.3157744407653809
607,16.229629516601562,14.543391227722168,-29.562480926513672,-56.63743209838867,9.217059135437012,-3.814762592315674,-11.797700881958008,0.8052361011505127,-2.118616819381714,-11.061041831970215,-0.6976768970489502,-0.10695457458496094,2.4375994205474854,-0.1633586883544922,0.3407462239265442,-0.8135824203491211,-1.7532471418380737,0.889819860458374,-3.679543972015381,0.5229440927505493,0.35724973678588867,1.0136154890060425,-0.35535186529159546,0.918449342250824
608,-13.008905410766602,27.527381896972656,-30.511734008789062,-45.87025833129883,10.967494010925293,-4.129472255706787,8.406121253967285,-5.93131160736084,3.423295021057129,-0.4155759811401367,-0.042368777096271515,-0.09420037269592285,2.381880521774292,-0.03223311901092529,-0.2134179323911667,-1.0554778575897217,-1.6641913652420044,0.38418877124786377,-2.5748260021209717,0.5867640376091003,0.013203742913901806,-2.010497808456421,-0.07409725338220596,1.046359896659851
609,-17.908634185791016,8.345986366271973,-9.061772346496582,-33.785255432128906,15.453116416931152,-5.068449974060059,12.13222599029541,-1.450287938117981,-0.0706108808517456,4.981503486633301,0.07043679058551788,-0.12232501804828644,2.27437162399292,-0.15166154503822327,-0.12620313465595245,-1.1961166858673096,-1.4997848272323608,0.048642173409461975,-1.7077972888946533,0.09894101321697235,-0.3063912093639374,-3.339517593383789,0.0392410047352314,0.023166514933109283
610,-6.662301063537598,-5.297675132751465,5.2146196365356445,-12.496131896972656,20.0,-6.1347808837890625,11.468093872070312,0.40987420082092285,0.11441200971603394,4.670265197753906,-0.04953444004058838,-0.12316608428955078,2.225903034210205,-0.3862059414386749,0.15437202155590057,-0.7111505270004272,-1.530259370803833,-2.1417288780212402,-0.5735139846801758,-0.4121030867099762,-0.09456093609333038,-4.570480823516846,-0.8240637183189392,-2.1634676456451416
611,-34.58599853515625,0.3001611828804016,4.688901424407959,-10.519119262695312,19.016464233398438,-4.614675521850586,37.68606948852539,-5.588651657104492,5.093102931976318,7.393802642822266,0.27945876121520996,0.10647439956665039,-0.11554516106843948,0.08552957326173782,0.2939908802509308,3.18210506439209,0.8130455613136292,-3.981837749481201,1.8388066291809082,-0.5814515948295593,-0.32446780800819397,-8.66315746307373,-0.5076916217803955,-2.676132917404175
612,-40.25297546386719,-2.494964122772217,4.71234130859375,-2.8119659423828125,0.2478494644165039,0.28916120529174805,52.169403076171875,-13.045772552490234,21.442035675048828,-37.463226318359375,-20.0,0.9540252685546875,-2.210341691970825,0.5638582110404968,0.7305198311805725,8.184617042541504,5.156383514404297,-2.581766128540039,2.501887321472168,-0.9026176333427429,-0.5381999611854553,-1.8964937925338745,10.339544296264648,0.4037378132343292
613,-19.19877052307129,-2.413628101348877,-0.03610438108444214,-11.165714263916016,-1.4770005941390991,0.4502677917480469,22.128496170043945,-16.125856399536133,25.774700164794922,-63.486976623535156,-1.0870294570922852,-3.5185155868530273,-2.4981698989868164,0.38691645860671997,-0.22758348286151886,6.1805853843688965,-0.17928865551948547,1.3635003566741943,1.4702039957046509,-0.09997669607400894,-0.4083119034767151,1.2015594244003296,-2.7358975410461426,0.4077850580215454
614,-20.481048583984375,-6.086284160614014,4.9125895500183105,-9.638174057006836,-0.42196303606033325,-0.1300983428955078,21.583518981933594,-20.89776611328125,29.800765991210938,-66.79928588867188,2.6724700927734375,-0.3281087279319763,-2.6957311630249023,-0.008824188262224197,0.15176597237586975,3.1815614700317383,0.2689383924007416,1.7993751764297485,1.666347622871399,-0.014414094388484955,-0.23117849230766296,0.4707808792591095,-2.204568386077881,0.09494451433420181
615,-7.565075874328613,-1.7862091064453125,1.1051148176193237,-3.214611053466797,-0.2800115942955017,-0.1478865146636963,9.481523513793945,-16.695165634155273,28.660219192504883,-63.114078521728516,4.466869354248047,1.0094504356384277,-2.305828809738159,-0.2349591702222824,0.07528418302536011,1.0997604131698608,-0.06036454439163208,1.8480103015899658,2.090294122695923,-0.0038488060235977173,-0.26793473958969116,-0.14193512499332428,-1.938602089881897,-0.05322088301181793
616,-3.2760887145996094,-0.9516536593437195,0.6677559614181519,-1.2552947998046875,-0.23816192150115967,-0.14253520965576172,-0.3120403289794922,-17.166746139526367,25.33172607421875,-65.59212493896484,12.167001724243164,1.633450984954834,-1.761661171913147,-0.19546636939048767,0.08316190540790558,-1.452974796295166,-0.5415229201316833,2.07200026512146,2.3024680614471436,0.17239893972873688,-0.2245796173810959,-0.8765672445297241,-1.5091397762298584,0.23488445580005646
617,-0.8097224235534668,1.5406997203826904,0.014615952968597412,3.129286766052246,-0.1012730598449707,-0.17928743362426758,0.03997802734375,-17.945743560791016,19.661781311035156,-36.875732421875,20.0,2.437784433364868,-1.312926173210144,-0.1787613183259964,0.15684285759925842,-2.67564058303833,-1.0821243524551392,2.0531017780303955,2.437412977218628,0.11796937137842178,-0.28420132398605347,-1.1369380950927734,-1.3880592584609985,-0.003866434097290039
618,6.5290141105651855,0.6180614829063416,-1.8995323181152344,6.767308235168457,0.12942028045654297,-0.13739871978759766,-12.300193786621094,-15.297412872314453,16.448162078857422,-42.569358825683594,20.0,2.3933963775634766,-0.6920809149742126,-0.2099410742521286,-0.3534826636314392,-3.414808988571167,-1.1241302490234375,1.962518334388733,2.356140613555908,0.3538205027580261,-0.18804866075515747,-1.449939489364624,-1.165175437927246,-0.021411597728729248
619,10.68271255493164,5.836260795593262,-2.990076780319214,6.830277442932129,0.2501683235168457,-0.1677563190460205,-16.830524444580078,-15.519147872924805,9.100236892700195,-17.742151260375977,20.0,3.2704269886016846,-0.33998334407806396,0.22580650448799133,-0.21599067747592926,-3.9291012287139893,-0.35689428448677063,1.493748664855957,1.3432486057281494,0.36373889446258545,-0.15965114533901215,-0.3578333258628845,-0.48461201786994934,-0.5361208319664001
620,50.55937194824219,12.691822052001953,-10.77427864074707,2.9432334899902344,0.4120941162109375,-0.07800102233886719,-45.75386047363281,10.762959480285645,-10.577049255371094,5.726005554199219,5.20560359954834,1.3380775451660156,3.24416446685791,-0.023666776716709137,-1.2743488550186157,-11.028935432434082,1.2962781190872192,0.7480858564376831,-2.3534772396087646,0.08089201897382736,-0.5575577616691589,8.591864585876465,5.883516788482666,2.204172372817993
621,59.11658477783203,32.44606399536133,-45.83587646484375,-57.011512756347656,0.8102881908416748,-1.117332935333252,-47.394309997558594,-13.348393440246582,9.025089263916016,-16.054540634155273,-1.846745491027832,-0.3075270652770996,1.8396379947662354,-0.25922346115112305,0.47577714920043945,0.3615339398384094,-2.03511118888855,0.36363551020622253,-3.0242044925689697,-0.12646809220314026,1.681363582611084,7.629891872406006,0.7521588802337646,2.568526268005371
622,10.366594314575195,29.093942642211914,-40.93101119995117,-71.59654235839844,-0.4060549736022949,1.0678383111953735,-19.237327575683594,3.0335428714752197,-5.132980823516846,-11.156986236572266,-0.656468391418457,-0.17346715927124023,1.746640920639038,-0.013022273778915405,-0.03506738692522049,-0.27813291549682617,-1.81392240524292,0.7382022142410278,-3.245175838470459,0.4942436218261719,0.848433792591095,3.8950297832489014,0.5027934908866882,2.1789464950561523
623,17.103675842285156,20.824626922607422,-27.972076416015625,-54.90580749511719,6.940664768218994,-3.7647178173065186,-14.406072616577148,-2.1475443840026855,-1.328762412071228,-5.90731143951416,-0.6004459857940674,-0.21757614612579346,2.4140782356262207,-0.13045936822891235,0.07067516446113586,-1.026203989982605,-1.494503378868103,0.8885599970817566,-2.789184808731079,0.0017050951719284058,0.44200146198272705,1.5850545167922974,-1.493865966796875,0.9511555433273315
624,-10.724187850952148,15.040027618408203,-19.269393920898438,-47.961158752441406,9.047891616821289,-2.413536548614502,2.625643730163574,1.332888126373291,-1.1999131441116333,-3.927621841430664,0.06563252210617065,-0.09318757057189941,2.3695273399353027,-0.03858255594968796,-0.0697672963142395,-1.507943868637085,-1.2786304950714111,0.24036705493927002,-2.0857656002044678,0.19227416813373566,0.2618507742881775,-2.0199289321899414,0.10398579388856888,0.5788028836250305
625,-1.2604084014892578,10.571352005004883,-7.588804721832275,-30.06786346435547,17.660409927368164,-9.585467338562012,0.695380687713623,0.9509748816490173,-2.3218369483947754,2.8814029693603516,-0.25252795219421387,-0.09260177612304688,2.6052277088165283,-0.12323524057865143,0.18158501386642456,-1.8453681468963623,-0.9977976679801941,0.46650341153144836,-1.410469651222229,-0.07325002551078796,-0.10255401581525803,-3.434450626373291,-1.3129538297653198,-0.9746732115745544
626,-17.62920570373535,5.607229232788086,-5.3490519523620605,-21.005014419555664,20.0,-6.112699508666992,17.27345848083496,-0.11505186557769775,-0.2848231792449951,7.160982131958008,0.27230632305145264,0.0701749324798584,2.360236883163452,0.1160745769739151,0.11436619609594345,-1.1635435819625854,-1.4104944467544556,-3.1170895099639893,-0.009230679832398891,-0.35727208852767944,-0.6982857584953308,-4.875125885009766,-1.0480316877365112,-1.5288156270980835
627,-24.866989135742188,-3.634676933288574,2.161834239959717,-5.653090953826904,20.0,-4.410803318023682,28.610708236694336,-1.233779788017273,3.9966068267822266,8.225879669189453,0.34322047233581543,0.020104408264160156,-0.15131975710391998,0.08561994880437851,0.12843945622444153,3.202483654022217,1.219792366027832,-3.634554386138916,1.619579792022705,-0.43225207924842834,-0.43519750237464905,-7.1201887130737305,-0.5338699221611023,-2.4754388332366943
628,-47.111873626708984,1.7124650478363037,2.26108455657959,-6.6121368408203125,0.5202550888061523,0.13437986373901367,50.49933624267578,-20.452686309814453,16.0339412689209,15.721809387207031,0.4260537624359131,0.07312798500061035,-2.8499162197113037,0.3160795569419861,0.7097355723381042,7.97807502746582,5.4931254386901855,-3.591630697250366,2.485219717025757,-1.6277916431427002,-1.5823383331298828,-2.2991318702697754,7.92432975769043,-6.258271217346191
629,-26.181058883666992,-4.452634811401367,2.8833208084106445,-10.651123046875,-1.3275997638702393,0.5500242710113525,34.192657470703125,-11.614429473876953,23.671838760375977,-44.83362579345703,-20.0,-1.7566629648208618,-3.2342772483825684,0.5016189813613892,0.10876534134149551,7.622421741485596,1.7920880317687988,1.4859064817428589,1.3781259059906006,0.16822579503059387,-0.1601182520389557,1.4483466148376465,-2.807884693145752,0.3311913013458252
630,-17.63709831237793,-3.845857620239258,2.5152976512908936,-11.308124542236328,-0.8269835114479065,-0.11526846885681152,16.336841583251953,-19.995182037353516,29.347545623779297,-65.0579833984375,2.469205141067505,0.4084413945674896,-3.3615050315856934,0.19316381216049194,0.20907345414161682,4.4201483726501465,0.21512717008590698,1.8842196464538574,1.4638687372207642,0.08006815612316132,-0.16824644804000854,0.7782509922981262,-2.269598960876465,-0.053951457142829895
631,-10.37425708770752,-7.619299411773682,5.305490493774414,-7.192350387573242,-0.519452691078186,-0.14913034439086914,11.145096778869629,-12.913414001464844,24.408201217651367,-63.86639404296875,13.324657440185547,0.89311683177948,-2.991556167602539,-0.25091642141342163,0.5053922533988953,0.9126492738723755,-0.877952516078949,2.842851400375366,1.9020992517471313,0.007890492677688599,-0.20542629063129425,-0.08487565815448761,-1.8859896659851074,-0.08457353711128235
632,2.390498161315918,-5.054855823516846,1.1442546844482422,-1.1291770935058594,-0.06133317947387695,-0.22954416275024414,-7.226882457733154,-10.169636726379395,17.274452209472656,-50.043243408203125,14.331197738647461,-0.4045324921607971,-2.389920234680176,-0.7975571751594543,0.004606095142662525,-1.69290292263031,-0.7553366422653198,2.637390613555908,1.8858261108398438,0.13631252944469452,-0.05955856293439865,-0.4688962697982788,-1.6658954620361328,0.2919164299964905
633,4.7740559577941895,4.953551292419434,-2.463240146636963,2.391002655029297,-0.062129974365234375,-0.2248215675354004,0.5081052780151367,-15.818878173828125,12.73754596710205,-35.53449630737305,20.0,0.14940278232097626,-1.0107935667037964,-0.14281894266605377,-0.24572132527828217,-3.6797642707824707,-1.3526253700256348,2.1618850231170654,2.517855644226074,0.5367854833602905,-0.15188384056091309,-1.0257388353347778,-1.4649934768676758,0.054234713315963745
634,12.711601257324219,1.4425379037857056,-1.61928129196167,9.419106483459473,0.20484471321105957,-0.17730998992919922,-20.220558166503906,-11.872069358825684,10.991259574890137,-24.04423713684082,20.0,-0.36891496181488037,-0.6013166308403015,-0.2031749188899994,-0.7002010345458984,-3.436678886413574,-2.0142505168914795,1.6481126546859741,2.1115317344665527,0.5079272389411926,-0.21211642026901245,-0.7956559658050537,-1.3207427263259888,-0.3054717183113098
635,26.465251922607422,9.499577522277832,-4.785927772521973,6.6632537841796875,0.6076083183288574,-0.20340004563331604,-28.024120330810547,-16.248384475708008,3.4409141540527344,-15.766708374023438,20.0,2.0651659965515137,1.0513150691986084,0.11337501555681229,-0.4373204708099365,-6.154928684234619,0.59674471616745,0.15808036923408508,0.530794084072113,0.1015913188457489,-0.19120220839977264,1.9327926635742188,0.35655349493026733,-0.3972671329975128
636,54.02848815917969,10.721150398254395,-17.923128128051758,-24.055946350097656,-19.9688777923584,9.36784839630127,-54.3656120300293,4.644091606140137,-10.892605781555176,-4.430900573730469,4.667383193969727,1.5950560569763184,-0.13106799125671387,0.473103791475296,-0.6524714231491089,-1.0995569229125977,0.6793003082275391,-11.146810531616211,-2.8803353309631348,-0.5480765104293823,-0.6988710165023804,7.594184398651123,5.1302361488342285,1.9764105081558228
637,43.0158805847168,21.9443359375,-40.74949264526367,-70.12345886230469,1.6843411922454834,3.774150848388672,-33.094207763671875,4.73463249206543,-2.7735097408294678,-7.539470672607422,-1.3520572185516357,-0.1643385887145996,1.9393393993377686,0.026799336075782776,0.48470401763916016,0.6163392663002014,-2.4821114540100098,0.5291222333908081,-3.427039384841919,0.3484109342098236,0.7431293725967407,7.673702716827393,1.2729583978652954,2.0491130352020264
638,16.698974609375,23.701271057128906,-40.13673782348633,-75.71344757080078,3.365109443664551,-0.6857554912567139,-23.01363182067871,-0.4125349521636963,-0.5542721748352051,-12.412095069885254,-0.7860757112503052,-0.1885519027709961,2.1110002994537354,-0.1334839165210724,0.25836968421936035,-0.35775166749954224,-1.9753059148788452,0.8878114223480225,-3.632518768310547,0.6784742474555969,0.9162095189094543,3.838862419128418,0.6903964281082153,1.9372073411941528
639,-0.689910888671875,20.80312728881836,-29.545970916748047,-60.51931381225586,8.936111450195312,-2.1610264778137207,-7.379758834838867,1.7792561054229736,-3.194483518600464,-5.611658573150635,-0.3584897518157959,-0.15165925025939941,1.907973289489746,-0.10363598167896271,-0.020235169678926468,-0.8881483674049377,-1.591993808746338,0.40434443950653076,-3.618795871734619,0.7232672572135925,0.21141330897808075,0.7799772024154663,1.0734446048736572,1.3428077697753906
640,-6.9370436668396,15.791413307189941,-17.128355026245117,-56.77183532714844,12.311960220336914,-5.714954376220703,5.076379776000977,-0.5459831357002258,-1.3358638286590576,0.03851509094238281,-0.32680150866508484,-0.1178351640701294,2.4422659873962402,-0.35381951928138733,0.06039471924304962,-1.6888917684555054,-1.2884678840637207,0.5471847057342529,-2.3929879665374756,0.13483361899852753,-0.21927890181541443,-1.6172555685043335,-0.3321199417114258,0.6063752174377441
