Timestep,left_hip_pitch_joint_Torque,left_hip_roll_joint_Torque,left_hip_yaw_joint_Torque,left_knee_joint_Torque,left_ankle_pitch_joint_Torque,left_ankle_roll_joint_Torque,right_hip_pitch_joint_Torque,right_hip_roll_joint_Torque,right_hip_yaw_joint_Torque,right_knee_joint_Torque,right_ankle_pitch_joint_Torque,right_ankle_roll_joint_Torque,left_hip_pitch_joint_Vel,left_hip_roll_joint_Vel,left_hip_yaw_joint_Vel,left_knee_joint_Vel,left_ankle_pitch_joint_Vel,left_ankle_roll_joint_Vel,right_hip_pitch_joint_Vel,right_hip_roll_joint_Vel,right_hip_yaw_joint_Vel,right_knee_joint_Vel,right_ankle_pitch_joint_Vel,right_ankle_roll_joint_Vel
50,-7.262217998504639,-5.327668190002441,3.100518226623535,-4.049335479736328,-0.35152697563171387,0.1433386206626892,1.1073973178863525,-11.843555450439453,27.804004669189453,-99.56048583984375,-2.3572440147399902,-1.16322660446167,-1.1543534994125366,-0.07525813579559326,0.037287820130586624,6.856180191040039,-1.0449825525283813,-0.00022548774722963572,0.5663658976554871,-0.03061014413833618,-0.3569309115409851,-0.37344783544540405,-0.29971441626548767,0.056013308465480804
51,5.843353271484375,0.4825059473514557,-1.7104525566101074,-10.37340259552002,-0.4006924629211426,-0.00886678695678711,-5.014657020568848,-7.2804718017578125,21.91649627685547,-85.96070098876953,-20.0,-1.272261381149292,1.9585694074630737,0.026398591697216034,-0.29158610105514526,1.7481729984283447,-3.749793767929077,-0.8311192393302917,2.0538694858551025,0.30522000789642334,-0.3139355778694153,-1.3860870599746704,-0.16738510131835938,0.5892412662506104
52,-0.03706932067871094,3.9314169883728027,-2.057642936706543,-7.717958450317383,0.015311241149902344,0.10221219062805176,-20.816783905029297,-6.725455284118652,17.577383041381836,-66.77556610107422,-20.0,-0.7723850011825562,3.101531982421875,0.1932297945022583,-0.2790469825267792,-3.3602395057678223,-4.095364093780518,-0.7352924346923828,1.940044641494751,0.417127788066864,-0.2824667692184448,-1.1525869369506836,-2.4029104709625244,0.5194429755210876
53,-20.681886672973633,6.878574371337891,-3.564603328704834,-3.1688919067382812,-0.046503543853759766,0.1570039987564087,1.3823575973510742,-11.950634956359863,15.835306167602539,-47.86199951171875,-15.120088577270508,2.426806688308716,2.8039989471435547,0.5258749723434448,-0.6389244198799133,-6.899806499481201,-3.8071224689483643,0.18676860630512238,1.5791516304016113,0.4675483703613281,-0.5503665804862976,-1.2795640230178833,-1.8194169998168945,0.013372771441936493
54,-14.695121765136719,0.3045010566711426,0.6235268115997314,3.3240890502929688,-2.971466064453125,0.03804183006286621,1.061666488647461,-2.7519054412841797,6.595004081726074,-13.85938835144043,-4.948122024536133,2.804828405380249,2.399951457977295,0.3727501630783081,-0.552396297454834,-9.064981460571289,-8.698023520992137e-06,1.0443052053451538,0.6887309551239014,0.3238163888454437,-0.5869461297988892,-0.31427350640296936,-1.9015190601348877,0.20998145639896393
55,-7.992132186889648,3.6036622524261475,-6.876457214355469,-32.477760314941406,-12.411019325256348,-2.0266172885894775,6.730802536010742,-9.354696273803711,4.6343770027160645,-7.484371185302734,-3.150888204574585,2.2044663429260254,1.1713290214538574,0.20556139945983887,-0.28567683696746826,-1.497985601425171,4.16154670715332,1.3864198923110962,0.9834769368171692,0.13993524014949799,-0.40174752473831177,-0.03294418752193451,-1.2814643383026123,0.8758845925331116
56,-3.2614526748657227,9.820869445800781,-7.661004066467285,-44.35721206665039,-12.463747024536133,-2.37953519821167,-5.063752174377441,-1.731947422027588,1.3919618129730225,3.85537052154541,-0.1114954948425293,-0.12154829502105713,1.5978955030441284,-0.20721270143985748,0.13207268714904785,-1.4994865655899048,2.9702963829040527,1.3676115274429321,0.7360337972640991,-0.14916256070137024,0.48139268159866333,1.864471197128296,-3.634847402572632,0.805006742477417
57,-17.722623825073242,14.723804473876953,-12.66283893585205,-54.94403839111328,-8.990339279174805,-4.170033931732178,3.4230804443359375,-0.8205374479293823,0.36587977409362793,0.5251021385192871,-6.482429027557373,-0.08280777931213379,1.147136926651001,0.032430361956357956,0.06519138813018799,-0.11661193519830704,-0.8782755136489868,0.962500810623169,1.4819954633712769,-0.08414014428853989,0.3862721621990204,0.26474031805992126,-0.00022472812270279974,0.5025900602340698
58,-2.743643045425415,4.866181373596191,-1.9718708992004395,-18.5926570892334,-5.474225997924805,-1.849904179573059,-10.305749893188477,2.7172813415527344,2.6884727478027344,-28.315454483032227,-9.446701049804688,5.890174388885498,0.47852781414985657,0.19205674529075623,-0.30299150943756104,0.5105287432670593,-0.8985601663589478,0.15731588006019592,0.7707576155662537,0.11178003996610641,-0.5066004395484924,-0.02043706551194191,-0.008366086520254612,-1.956792950630188
59,-5.0068206787109375,-3.6479849815368652,4.424069881439209,-18.719345092773438,-5.093318462371826,0.9821098446846008,-6.3806047439575195,-0.7337801456451416,7.0309624671936035,-40.06183624267578,-12.027868270874023,-1.5243252515792847,0.7419232130050659,0.3088037371635437,-0.09571155905723572,0.47743090987205505,-1.0665618181228638,-0.24961444735527039,0.9554010629653931,0.6580468416213989,0.25941288471221924,-0.16079369187355042,-1.146393060684204,1.2101688385009766
60,-10.404182434082031,-7.042105197906494,5.387166976928711,3.9409523010253906,0.0063779354095458984,-0.05810827016830444,-2.4227495193481445,-10.122478485107422,20.223312377929688,-69.49329376220703,-15.115427017211914,-6.7484636306762695,0.4608541429042816,0.2296331524848938,0.32474419474601746,2.2067246437072754,-1.4555989503860474,-0.336914598941803,1.2761974334716797,0.19800369441509247,-0.19138501584529877,-0.26458218693733215,0.2878604233264923,0.6131241917610168
61,-21.63671875,-7.118250846862793,4.749937057495117,4.132289886474609,0.18555480241775513,-0.04891037940979004,2.906454086303711,-12.74682331085205,28.444366455078125,-86.67054748535156,-20.0,-11.087066650390625,-1.4295142889022827,0.2037414163351059,0.005514934659004211,6.830540180206299,0.464830607175827,-0.6674039363861084,1.3547495603561401,0.5220727920532227,-0.3368232846260071,-0.5181630849838257,1.9450814723968506,0.107258141040802
62,-14.027868270874023,1.6455364227294922,-0.9552869200706482,-8.465347290039062,-0.28937625885009766,0.05038154125213623,-6.264166355133057,-17.54151725769043,32.939720153808594,-76.92630004882812,-20.0,-5.2665510177612305,-1.220163345336914,0.6066229939460754,0.3327043056488037,4.7964606285095215,1.225568175315857,-0.7766503691673279,0.939754068851471,0.7794191241264343,-0.4948638677597046,-0.3233335018157959,-0.7203481197357178,0.501650333404541
63,-10.24993896484375,3.856943130493164,-4.166709899902344,-7.388242721557617,-0.547143816947937,0.12425088882446289,-8.667600631713867,-24.1087646484375,39.857872009277344,-77.08911895751953,-15.351941108703613,-2.471968650817871,-0.4997512698173523,0.1535768359899521,-0.16567617654800415,1.7213892936706543,-0.18621470034122467,-0.7571637034416199,1.160197377204895,0.5610214471817017,-0.3178974688053131,-0.6585956811904907,-0.6986536979675293,0.5058257579803467
64,-11.626630783081055,-4.134380340576172,3.7654967308044434,-2.3699049949645996,-0.2168809175491333,0.10023045539855957,-8.722541809082031,-9.00462818145752,24.100940704345703,-73.2890396118164,-10.661465644836426,-0.5318401455879211,-0.7034404873847961,0.0971105694770813,-0.17715470492839813,0.2963375151157379,-0.3279133439064026,0.6652820706367493,1.301873803138733,0.5907777547836304,-0.732010006904602,-1.1595215797424316,-0.4980071783065796,0.35874903202056885
65,-12.259156227111816,-6.167494773864746,3.3094842433929443,2.2404398918151855,-0.19412803649902344,-0.08981549739837646,-3.815927028656006,-14.865833282470703,27.45623016357422,-65.51544952392578,-6.62569522857666,1.9604331254959106,-0.7073061466217041,-0.018610231578350067,0.28471097350120544,0.26704153418540955,-1.3237371444702148,0.6289913654327393,1.1709342002868652,0.8515835404396057,-0.24888643622398376,-1.2091320753097534,-0.28850868344306946,0.07492916285991669
66,-11.535959243774414,-0.2875380218029022,1.1069607734680176,-3.2371110916137695,-0.16033387184143066,-0.030945301055908203,2.1210508346557617,-12.581664085388184,20.23174285888672,-40.38624572753906,1.8962738513946533,1.8447749614715576,-0.3086368143558502,-0.03729916736483574,0.5601139068603516,-2.053577423095703,-1.5766911506652832,1.3250982761383057,1.4856101274490356,0.8477375507354736,-0.1486901193857193,-1.3470405340194702,-0.7364946603775024,0.33212506771087646
67,-0.3553699254989624,12.807060241699219,-9.119816780090332,-6.6709136962890625,-0.21228766441345215,-0.020983338356018066,-13.42352294921875,-14.09168529510498,7.152493476867676,-11.612184524536133,8.65052604675293,1.9406380653381348,0.2217092365026474,0.3097814917564392,-0.3735259175300598,-7.145052909851074,-1.9729825258255005,0.9426403641700745,0.7202668190002441,0.8870068788528442,-0.29754209518432617,-0.809220552444458,-0.579865038394928,0.8003889322280884
68,27.13068199157715,12.324338912963867,-15.53670597076416,-50.32933807373047,-20.0,-8.728289604187012,-32.099552154541016,-3.7486395835876465,-3.8272714614868164,2.569561004638672,4.163205146789551,0.8922221660614014,0.5626934170722961,0.8147159814834595,-0.05826902389526367,0.5717638731002808,-1.9365485906600952,0.543093204498291,-1.6862949132919312,0.19203287363052368,-0.8095080256462097,4.690065860748291,2.960296392440796,1.7439888715744019
69,45.68079376220703,21.37755012512207,-28.841705322265625,-108.8704605102539,-3.284463882446289,-4.0902628898620605,-55.150245666503906,0.4997391700744629,-4.1923933029174805,-1.3061714172363281,-0.8013968467712402,-0.10540246963500977,1.323142170906067,0.021318495273590088,1.2313731908798218,-0.6682568788528442,-0.8994550108909607,1.5058104991912842,-4.541537284851074,-1.2132028341293335,-0.26504114270210266,10.530196189880371,3.3451104164123535,2.246244192123413
70,11.39700698852539,25.27934455871582,-35.8861083984375,-84.09695434570312,-6.820516586303711,-0.9708623886108398,-27.521331787109375,-3.736881732940674,3.5850448608398438,-15.984943389892578,-1.1748147010803223,-0.2746739387512207,1.3856227397918701,-0.29692867398262024,0.7603979110717773,-1.2457902431488037,-0.5169621706008911,1.226572036743164,-4.736124515533447,-0.5210952758789062,1.042144536972046,6.633285045623779,1.3358795642852783,2.1138193607330322
71,14.347126960754395,17.915616989135742,-32.95227813720703,-64.20169830322266,-4.3394551277160645,-0.7304741144180298,-21.864334106445312,-1.8653161525726318,-1.5289161205291748,-17.823833465576172,-0.857158899307251,-0.2232370376586914,2.1088483333587646,0.016045764088630676,0.4615423381328583,-1.8629179000854492,-0.334218293428421,0.871557354927063,-3.7483136653900146,-0.0024762023240327835,0.8916863203048706,-0.1139872744679451,1.311318278312683,1.137203574180603
72,-16.225257873535156,7.698931694030762,-22.636341094970703,-67.70710754394531,2.57438588142395,-2.987036943435669,0.7921152114868164,0.283894419670105,-1.7561891078948975,-0.7977237701416016,-0.6395015716552734,-0.19931530952453613,2.244819164276123,-0.16053971648216248,0.5366588830947876,-2.421015739440918,-0.3688433766365051,0.5589101910591125,-2.9742794036865234,-0.32590049505233765,0.6811237931251526,-2.9816153049468994,-1.7019661664962769,-1.2699984312057495
73,-29.013458251953125,11.961130142211914,-18.41466522216797,-45.199275970458984,4.231269836425781,-5.213103771209717,17.609758377075195,-1.247650384902954,0.6820200085639954,6.867637634277344,0.20128202438354492,0.12882184982299805,2.0931451320648193,-0.31094902753829956,0.10880259424448013,-2.502910852432251,-0.2742820978164673,0.5970019102096558,-1.4755939245224,-0.8126645684242249,-0.021920880302786827,-4.736538410186768,-2.0820555686950684,-1.097099781036377
74,-26.5814208984375,-2.314812183380127,-3.818882703781128,-12.642587661743164,11.918825149536133,-3.270695447921753,19.7125244140625,4.2615742683410645,-2.069927453994751,9.413549423217773,0.34505653381347656,0.10406184196472168,0.9151389002799988,-0.13198865950107574,-0.11215373128652573,-0.9457234740257263,-0.2250910997390747,-0.9705270528793335,-0.8632485270500183,-0.7340990900993347,-0.6449167728424072,-5.366583824157715,-1.7916404008865356,-1.5383386611938477
75,-44.49261474609375,-13.306875228881836,10.388458251953125,4.8457794189453125,0.10858678817749023,-0.07356929779052734,57.09306335449219,-11.380252838134766,14.035467147827148,7.651050567626953,0.3535795211791992,-0.10091018676757812,-2.28307843208313,-0.8427366018295288,0.0743991956114769,7.456795692443848,3.681440591812134,-2.041612386703491,2.643947124481201,-0.8381897211074829,0.8233322501182556,-10.723830223083496,-3.1144614219665527,-2.7828309535980225
76,-48.59333801269531,5.40170955657959,-2.9731860160827637,-9.945205688476562,-0.9879112243652344,0.23552870750427246,66.04597473144531,-17.839513778686523,38.83302307128906,-44.90235900878906,-19.787660598754883,-12.42646598815918,-3.527942180633545,0.06200370192527771,-1.4741202592849731,9.932523727416992,3.3857975006103516,-1.9027494192123413,1.7848352193832397,0.29473167657852173,-0.6691038608551025,-0.7039591073989868,1.912954568862915,1.5009500980377197
77,-26.61328125,-6.246354103088379,6.673094272613525,-6.902427673339844,-0.8689219951629639,0.11294269561767578,22.041032791137695,-23.939987182617188,50.059593200683594,-61.00654602050781,-20.0,-13.98942756652832,-4.727729797363281,-0.37133127450942993,-0.14070948958396912,10.611664772033691,2.2875399589538574,-1.0679147243499756,1.2443759441375732,0.4816145896911621,0.23874616622924805,0.08062353730201721,-0.739371657371521,2.5010623931884766
78,-19.655147552490234,3.238975763320923,0.6969643831253052,-19.736713409423828,-0.9680414199829102,0.09219872951507568,11.442530632019043,-15.737787246704102,36.955894470214844,-54.53544998168945,-15.136714935302734,-11.280599594116211,-4.774145603179932,-0.12045834958553314,0.43372440338134766,5.497203350067139,2.02083158493042,-0.6084301471710205,2.17049241065979,0.6823969483375549,0.4860360324382782,-0.3509804606437683,-0.6982806324958801,2.9280292987823486
79,-2.0951480865478516,0.04399251937866211,-1.1874693632125854,-13.785675048828125,-0.7867577075958252,0.13194534182548523,-6.748575210571289,-11.771014213562012,22.680021286010742,-45.81037521362305,-12.255216598510742,-7.083207607269287,-4.193248271942139,-0.5899235010147095,0.5978913307189941,0.47473517060279846,0.8379560112953186,0.1766142100095749,1.4143599271774292,0.0007789433002471924,1.005673885345459,0.17295671999454498,-0.43294474482536316,1.4739798307418823
80,14.430660247802734,-1.7699036598205566,1.4122931957244873,-2.0847396850585938,-0.2969801425933838,-0.010392308235168457,-22.885156631469727,-2.8122315406799316,11.951589584350586,-57.70629119873047,-14.623350143432617,-0.7879246473312378,-2.5433313846588135,-0.6228682994842529,0.6823503375053406,-2.6059677600860596,-0.8034271597862244,0.5479924082756042,2.0820133686065674,-0.07165256142616272,0.32383906841278076,-1.3547022342681885,2.4956612586975098,2.9202375411987305
81,23.70194435119629,-4.1805524826049805,2.364710807800293,8.177444458007812,0.3572150468826294,-0.04561734199523926,-39.269866943359375,-6.5415120124816895,13.433805465698242,-72.61026763916016,2.2409873008728027,4.109155654907227,-0.8913847804069519,-0.26575905084609985,1.3929893970489502,-3.897279739379883,-0.9247507452964783,1.4374233484268188,1.7976691722869873,0.08797018229961395,0.15141277015209198,-0.6798988580703735,-1.5177409648895264,-0.023012608289718628
82,3.3744335174560547,11.554637908935547,-9.38742733001709,1.7321357727050781,-0.24381780624389648,0.025379657745361328,-11.34007453918457,-19.109962463378906,7.888012886047363,-39.56210708618164,16.092493057250977,8.786561012268066,-0.11717253178358078,0.4300900995731354,-0.07951443642377853,-6.390594959259033,-2.2797975540161133,2.0081634521484375,1.7595598697662354,0.6473978757858276,0.004999805241823196,-1.0996910333633423,-1.1536216735839844,0.4862698018550873
83,2.8600709438323975,1.3208487033843994,-1.4333922863006592,9.917276382446289,0.26830077171325684,-0.11913537979125977,-4.626263618469238,-15.212076187133789,-1.8914155960083008,-15.685966491699219,20.0,5.069125175476074,0.33245787024497986,0.36343324184417725,-0.4948253929615021,-6.360074996948242,-1.7038151025772095,2.403350591659546,1.4453539848327637,0.6500198841094971,0.016039840877056122,-0.3797958493232727,-1.475938081741333,2.6973464488983154
84,13.384204864501953,3.9987165927886963,-4.518797397613525,8.794488906860352,0.2259218692779541,-0.14501047134399414,-11.012596130371094,-6.566378593444824,-7.487580299377441,-2.5131072998046875,20.0,4.107220649719238,1.1199532747268677,0.3740822672843933,-1.2664268016815186,-7.19332218170166,-1.6224573850631714,2.126776695251465,-0.7628433108329773,0.3198699653148651,-0.6555266976356506,3.304147243499756,1.1680021286010742,1.5394208431243896
85,43.742549896240234,6.576929092407227,-16.443706512451172,-26.40270233154297,-19.114200592041016,3.1706345081329346,-42.039207458496094,-0.978278636932373,-3.846430778503418,-2.3678817749023438,4.971321105957031,0.9771213531494141,1.0226101875305176,0.5390723943710327,0.3587995767593384,-0.8735857605934143,8.593721389770508,-0.19321578741073608,-3.812344789505005,-0.6802828907966614,-0.702576220035553,9.72219181060791,7.305186748504639,3.446573495864868
86,37.277347564697266,22.45137596130371,-29.732606887817383,-70.25129699707031,-0.6491103172302246,2.9350948333740234,-32.75834655761719,1.5670006275177002,-1.4392539262771606,-12.424999237060547,-1.9186207056045532,-0.42683184146881104,0.7441487312316895,-0.11685734987258911,0.2518472373485565,1.6468991041183472,-2.6404411792755127,0.40989744663238525,-4.5757060050964355,-0.5188187956809998,0.13631905615329742,8.743000030517578,1.1107470989227295,0.930138111114502
87,12.881318092346191,20.909038543701172,-30.23101043701172,-89.22750854492188,1.4801928997039795,-0.6731438040733337,-16.590362548828125,6.103478908538818,-2.7830255031585693,-15.757101058959961,-0.9076818823814392,-0.14695969223976135,1.2023502588272095,-0.2385818064212799,-0.05838172882795334,0.4706723093986511,-2.1595206260681152,0.41603800654411316,-4.060080051422119,0.3234020471572876,0.589158296585083,2.9522786140441895,-0.08247623592615128,0.01087977085262537
88,5.277610778808594,24.986331939697266,-26.209985733032227,-74.7255859375,8.18277359008789,-4.299591541290283,-5.561838150024414,-4.487116813659668,0.06761550903320312,-5.336963653564453,-0.448520302772522,0.0006373971700668335,1.8535109758377075,-0.1481270045042038,0.22968925535678864,-0.47318682074546814,-1.8795063495635986,0.5330678224563599,-3.330972671508789,0.051949482411146164,0.6245921850204468,-0.657738208770752,-0.9853852391242981,-0.12760373950004578
89,0.6895570755004883,10.912853240966797,-18.50072479248047,-55.84254837036133,12.020515441894531,-4.784731864929199,-2.809117317199707,3.499730110168457,-3.3572447299957275,0.1085367202758789,-0.07902586460113525,0.010604262351989746,1.9588699340820312,-0.19691814482212067,0.25092852115631104,-0.9333714842796326,-1.570569634437561,0.3522246181964874,-2.7112419605255127,0.04760976880788803,0.3749573528766632,-3.206723213195801,-0.2889466881752014,-0.7523550987243652
90,-14.915693283081055,15.592036247253418,-16.69367218017578,-45.170379638671875,17.553810119628906,-9.482475280761719,17.90218734741211,-7.649929046630859,3.7487967014312744,6.181108474731445,-0.17854690551757812,-0.015883922576904297,2.6539270877838135,-0.25542697310447693,0.3427429795265198,-1.519017219543457,-1.4223058223724365,0.5143849849700928,-0.43854743242263794,-0.7071278095245361,-0.006058796774595976,-5.579094886779785,-2.970031499862671,-2.061410903930664
91,-29.475894927978516,-4.789115905761719,3.611558437347412,-13.74736499786377,14.088252067565918,-4.504199981689453,27.049253463745117,0.12355494499206543,2.361356735229492,11.072105407714844,0.6570127010345459,0.11887311935424805,1.3114511966705322,-0.2648075819015503,0.42715752124786377,0.47437021136283875,-0.4675292670726776,-1.55366051197052,0.7463986277580261,-0.8072302937507629,0.22154995799064636,-6.444682598114014,-1.4846832752227783,-2.4650650024414062
92,-39.8974723815918,2.9313039779663086,-0.6047800779342651,-4.787688255310059,3.713834762573242,-0.7922749519348145,41.575965881347656,-7.899725437164307,8.2415771484375,15.109886169433594,0.5994176864624023,0.11295032501220703,-1.257476806640625,-0.17670327425003052,-0.3043091297149658,4.446887493133545,2.105151653289795,-2.3013503551483154,2.387680768966675,-1.5806275606155396,-0.7392023205757141,-3.421898365020752,5.060356140136719,0.12311601638793945
93,-28.59159278869629,-3.7251572608947754,3.7370033264160156,3.8089523315429688,-0.2532191276550293,0.1905672550201416,41.435890197753906,-21.27035903930664,31.764135360717773,-47.75455856323242,-19.376876831054688,-7.873451232910156,-2.8780975341796875,0.4024598300457001,-0.7592814564704895,10.643750190734863,3.1269187927246094,-1.8717001676559448,2.0807361602783203,-0.07287472486495972,-0.5109448432922363,-0.42896953225135803,5.609117031097412,0.061861347407102585
94,-15.631657600402832,1.7400493621826172,-1.4363975524902344,-15.31412124633789,-1.138249158859253,0.20248770713806152,12.230827331542969,-19.261404037475586,45.134281158447266,-71.86734008789062,-12.497126579284668,-7.759866714477539,-2.341782331466675,0.22821122407913208,-0.9426440000534058,6.669882774353027,0.04507856070995331,-1.5871403217315674,1.5071779489517212,0.11449474096298218,-0.22193118929862976,1.1542890071868896,-2.714207649230957,0.5315481424331665
95,-14.049211502075195,-6.4931511878967285,5.909616947174072,-8.739425659179688,-0.26812052726745605,0.10882699489593506,8.750086784362793,-14.91918659210205,39.74848175048828,-84.91043090820312,-9.648634910583496,-5.829703330993652,-2.0359458923339844,-0.07360374927520752,0.008983736857771873,3.445265054702759,1.176591396331787,-0.7665958404541016,1.8405719995498657,0.05290520191192627,0.09788283705711365,0.366080641746521,-2.3406150341033936,0.6339483261108398
96,-16.595129013061523,-2.246821880340576,3.152463912963867,-6.057991981506348,-0.6492481827735901,0.08296215534210205,14.005730628967285,-13.502629280090332,32.88283920288086,-72.70206451416016,1.7291208505630493,0.07366862893104553,-2.1305181980133057,-0.07036856561899185,0.44629403948783875,0.7853301763534546,-0.3732101619243622,0.4199249744415283,2.194103717803955,0.010869771242141724,-0.0339650958776474,-0.38737407326698303,-1.8329306840896606,0.13617345690727234
97,-8.277677536010742,-0.2631533145904541,0.2868359088897705,-3.9271841049194336,-0.23736107349395752,0.006011009216308594,1.3321857452392578,-9.867456436157227,19.54582977294922,-53.1223030090332,6.179185390472412,2.8431129455566406,-2.0689542293548584,0.22818896174430847,0.35918059945106506,-1.8074440956115723,-0.08119642734527588,1.1719591617584229,2.185405969619751,0.2974981665611267,-0.12698277831077576,-0.8498802781105042,-1.4267308712005615,-0.020554140210151672
98,2.5593652725219727,-5.729737758636475,3.4295310974121094,2.472841262817383,-0.057031676173210144,-0.09924721717834473,-5.718418121337891,-4.526549816131592,13.340726852416992,-39.86066818237305,17.200437545776367,4.202391147613525,-1.3374838829040527,-0.29091519117355347,0.6697248816490173,-3.586344003677368,-0.03282098099589348,1.779966950416565,2.287121295928955,0.14880473911762238,-0.06525059789419174,-1.1021329164505005,-1.3892033100128174,-0.006201565265655518
99,-1.6563019752502441,9.511354446411133,-7.495982646942139,-0.4225482940673828,-0.36724853515625,-0.06467437744140625,0.5509252548217773,-13.845964431762695,5.09324836730957,-12.282371520996094,20.0,5.6907453536987305,-0.8948490023612976,0.20365677773952484,-0.6054614782333374,-5.9538421630859375,-1.033117413520813,1.5052688121795654,2.049027442932129,0.6365846991539001,-0.1691330075263977,-1.031429409980774,-1.1812095642089844,-0.3079170882701874
100,12.133886337280273,9.59719181060791,-5.878527641296387,6.630268096923828,0.09032940864562988,-0.0865316390991211,-12.0721435546875,-11.912797927856445,0.0335918664932251,-6.33640193939209,20.0,4.253425598144531,0.04351063072681427,0.6022975444793701,-0.8880020976066589,-7.544862270355225,-0.7468143105506897,1.17953360080719,0.34545454382896423,0.2624059021472931,-0.33022063970565796,1.9201381206512451,0.39523953199386597,1.5579816102981567
101,42.14772415161133,5.069834232330322,-5.203092098236084,13.05465316772461,0.37464141845703125,0.026960372924804688,-31.785154342651367,10.824819564819336,-11.996728897094727,1.1576271057128906,11.31737995147705,2.636636257171631,2.7582271099090576,0.5552136898040771,-0.6943371295928955,-5.409625053405762,3.2527408599853516,4.601768970489502,-2.307821035385132,-0.008485734462738037,-0.7260130047798157,7.576375484466553,5.766714096069336,2.118628740310669
102,51.77265930175781,12.319003105163574,-19.0978946685791,-77.89224243164062,0.22081422805786133,1.9914754629135132,-48.88151931762695,12.623802185058594,-9.28244686126709,-6.01837158203125,-1.355374813079834,-0.15104150772094727,1.144450306892395,-0.43984609842300415,0.37543055415153503,1.392592191696167,-2.625434160232544,0.5589821338653564,-4.816109657287598,-0.21114946901798248,-0.12796375155448914,10.851317405700684,3.2545201778411865,1.4320251941680908
103,15.129451751708984,25.12145233154297,-30.79428482055664,-85.68490600585938,1.2965972423553467,-1.424100399017334,-15.936969757080078,0.39995694160461426,-0.5036258101463318,-22.35000991821289,-1.44908607006073,-0.18894994258880615,1.8773529529571533,-0.052284665405750275,0.17895202338695526,0.23731058835983276,-2.3410675525665283,0.5803037881851196,-3.834629535675049,0.8734431862831116,0.1796770691871643,2.8933768272399902,0.4347974956035614,0.6222954988479614
104,-1.4170770645141602,20.13932991027832,-26.819849014282227,-84.6155776977539,4.395875930786133,-3.1774094104766846,-1.2328472137451172,-5.4759368896484375,2.899562358856201,-6.113622665405273,-0.6003501415252686,-0.13271090388298035,2.4550247192382812,-0.2736472189426422,0.3523443639278412,-0.8830801248550415,-1.9039227962493896,0.676152765750885,-2.7667713165283203,0.46116358041763306,0.6148114800453186,-1.2359342575073242,-1.781490445137024,-0.19352605938911438
105,-13.280862808227539,15.384902000427246,-21.56131935119629,-75.13363647460938,11.395315170288086,-6.915671348571777,5.885112762451172,3.540816068649292,-5.321430206298828,4.0583696365356445,0.05835533142089844,0.0494990348815918,2.59247088432312,-0.040947504341602325,0.2404504120349884,-1.5370529890060425,-1.630950689315796,0.6553002595901489,-1.7325962781906128,0.4049536883831024,-0.6315180659294128,-3.5612130165100098,-2.1734724044799805,-1.3154287338256836
106,-9.905460357666016,17.719730377197266,-20.014667510986328,-57.31703186035156,17.83293914794922,-9.95712661743164,4.77993106842041,-1.1916604042053223,0.5509443283081055,8.950902938842773,0.375543475151062,0.09667086601257324,2.645146608352661,-0.15566898882389069,0.19612950086593628,-1.99277925491333,-1.2201857566833496,0.8401937484741211,-0.922777533531189,0.11197637021541595,-0.8516479134559631,-4.181428909301758,-0.7965041399002075,-1.7456575632095337
107,-15.181609153747559,6.941444396972656,-7.059173107147217,-34.06376647949219,19.275087356567383,-8.150846481323242,12.440973281860352,-4.575280666351318,5.06489372253418,9.890185356140137,0.11005306243896484,0.04990816116333008,2.4418416023254395,-0.40626105666160583,0.40361443161964417,-1.7589528560638428,-1.0678095817565918,-1.6001513004302979,-0.12728288769721985,-0.3974134624004364,-0.06388814747333527,-3.860771894454956,-2.0686757564544678,-2.418874740600586
108,-25.540363311767578,-3.715928077697754,1.022873044013977,-12.359392166137695,14.315652847290039,-3.971125602722168,25.223167419433594,4.333731651306152,0.9626952409744263,9.385978698730469,0.5921664237976074,0.18031072616577148,1.3703022003173828,-0.3045673966407776,0.29646822810173035,0.10345721989870071,0.05503636598587036,-1.8455750942230225,1.1991746425628662,-0.06880291551351547,0.21451745927333832,-4.595508575439453,-0.9084256887435913,-2.405006170272827
109,-30.371320724487305,-2.320307731628418,4.164555549621582,5.1052398681640625,1.6146059036254883,-0.1955399513244629,33.76610565185547,-9.874349594116211,9.817460060119629,8.049863815307617,0.5615930557250977,0.09427642822265625,-1.556698203086853,-0.12024080753326416,0.484208881855011,7.003058433532715,4.987514019012451,-2.920574426651001,2.7215864658355713,-0.36167848110198975,0.7272926568984985,-6.527294158935547,0.8604448437690735,-2.598781108856201
110,-42.071319580078125,5.989353179931641,-4.158514499664307,-6.744510650634766,-1.2795610427856445,0.37909865379333496,53.484745025634766,-19.948657989501953,38.91937255859375,-36.824363708496094,-17.999637603759766,-12.422845840454102,-2.988997220993042,0.32804298400878906,-0.8465449810028076,10.194843292236328,1.804357886314392,-1.667830228805542,1.4957401752471924,-0.7422815561294556,-0.5377095341682434,-0.44429871439933777,4.921115875244141,0.9160417914390564
111,-11.08383560180664,-0.5925081968307495,2.508418083190918,-12.616252899169922,-0.6342363357543945,0.14226245880126953,6.956549167633057,-20.376079559326172,39.126197814941406,-58.73371124267578,-20.0,-9.226826667785645,-2.628556251525879,0.12811912596225739,-0.3413625955581665,7.327742099761963,1.394139289855957,-0.9828348159790039,1.324083685874939,0.16870954632759094,0.5381286144256592,1.1772620677947998,-3.116617202758789,1.9318759441375732
112,-20.878894805908203,-3.427335739135742,3.582386016845703,-14.626659393310547,-0.78667151927948,0.1083529144525528,20.38500213623047,-15.951053619384766,33.730220794677734,-69.18594360351562,-0.1497516632080078,-4.37774658203125,-2.726238965988159,0.0706368237733841,0.0914945900440216,2.788966178894043,1.1690092086791992,0.12624680995941162,1.4141699075698853,-0.05818396061658859,0.32942384481430054,0.6367809772491455,-2.29422664642334,0.48074817657470703
113,-7.109352111816406,-3.376924753189087,2.4570515155792236,-10.388280868530273,-0.8242170810699463,0.008189916610717773,9.892824172973633,-7.325362682342529,22.125844955444336,-61.024330139160156,3.89091157913208,2.074705123901367,-1.6393134593963623,-0.16070561110973358,0.12308566272258759,-2.144329071044922,-1.317169427871704,0.7476288676261902,2.273414373397827,-0.1313762068748474,0.14582516252994537,-0.25018489360809326,-1.934990644454956,0.016850218176841736
114,0.48039674758911133,-1.8499267101287842,1.5698235034942627,2.9927825927734375,0.08371615409851074,-0.04404020309448242,-9.461481094360352,-12.387458801269531,17.101163864135742,-64.74175262451172,8.493206024169922,4.800245761871338,-1.2513971328735352,-0.09218929708003998,0.039228662848472595,-4.031519412994385,-0.5232029557228088,1.3792932033538818,2.369532346725464,-0.0160701721906662,-0.07805442065000534,-0.9658768177032471,-1.624836802482605,0.30629968643188477
115,2.3493728637695312,-0.7018007040023804,-0.11204725503921509,8.121163368225098,0.06315159797668457,-0.11945390701293945,-10.248278617858887,-9.114924430847168,12.977167129516602,-40.939884185791016,14.625578880310059,6.827743053436279,-0.9737204909324646,0.23925498127937317,-0.15392902493476868,-3.9729278087615967,-0.781227707862854,1.169631004333496,2.167506694793701,0.3604065477848053,-0.14813654124736786,-1.2213367223739624,-1.3158018589019775,-0.21207982301712036
116,4.171426296234131,2.5284371376037598,-1.9347625970840454,5.007900238037109,-0.03293800354003906,-0.023540973663330078,-5.357769966125488,-7.7576680183410645,3.8193202018737793,-16.691234588623047,20.0,5.931435585021973,-0.346552312374115,0.605499267578125,-0.32473328709602356,-4.855910301208496,-1.5514342784881592,2.0691370964050293,1.974761962890625,0.6200114488601685,-0.0729934573173523,-0.9791537523269653,-1.4170063734054565,0.5962552428245544
117,12.961234092712402,1.2263579368591309,-1.0513215065002441,6.280439376831055,0.29023540019989014,-0.17294836044311523,-3.988182544708252,-2.606638193130493,-6.665525913238525,3.3238706588745117,20.0,4.039905548095703,0.8170171976089478,0.1999254822731018,-0.4108794331550598,-6.046797752380371,-0.7675008177757263,1.7713195085525513,0.22116534411907196,-0.04563460126519203,-0.40725448727607727,2.7887890338897705,0.7266550660133362,1.522559642791748
118,43.001670837402344,8.977771759033203,-16.61052703857422,-29.072938919067383,-20.0,7.961174488067627,-42.4417610168457,9.88647174835205,-13.247690200805664,0.07464981079101562,6.775983810424805,1.5126209259033203,1.4357264041900635,0.6583237648010254,0.08589114993810654,1.0311466455459595,-6.531955242156982,2.6599314212799072,-3.1930058002471924,0.08646409958600998,-1.098233938217163,9.214838027954102,7.76075553894043,2.2690727710723877
119,55.136722564697266,21.541040420532227,-23.75274085998535,-83.6632308959961,6.076903343200684,-1.5411649942398071,-53.09918975830078,9.689655303955078,-6.955506801605225,-11.286376953125,-2.0642237663269043,-0.2290787696838379,1.3216125965118408,-0.41923287510871887,0.22053015232086182,0.8605080842971802,-2.4077789783477783,0.567285418510437,-5.330708026885986,0.3086761236190796,-0.1074485257267952,9.976324081420898,2.0640549659729004,1.2841548919677734
120,36.80412673950195,25.659208297729492,-30.39175033569336,-79.31820678710938,9.504870414733887,-5.068498134613037,-31.074687957763672,-2.2251901626586914,-0.5417993068695068,-23.77188491821289,-1.4766712188720703,-0.2195863127708435,2.461509943008423,-0.07916146516799927,0.3420824110507965,-0.4480407238006592,-2.0356109142303467,0.8824068307876587,-4.787461280822754,1.222684383392334,0.5869120359420776,2.0731821060180664,0.21474739909172058,-0.1359548419713974
121,-6.205574035644531,12.789047241210938,-21.726158142089844,-71.19139099121094,13.539772987365723,-5.048027038574219,1.6601409912109375,-1.9182004928588867,-1.166161298751831,-5.770417213439941,-0.5773248672485352,-0.004680156707763672,2.673279285430908,-0.3112579584121704,0.20385104417800903,-1.3894180059432983,-1.654017686843872,0.4899614453315735,-3.6789000034332275,0.614260196685791,0.1181640774011612,-2.5046231746673584,-1.5917317867279053,-1.0182195901870728
122,-32.57793426513672,18.48651885986328,-20.448421478271484,-56.75429153442383,13.393888473510742,-5.72313928604126,27.250465393066406,-10.105926513671875,6.189916610717773,7.8412675857543945,0.3445436954498291,0.0574643611907959,2.861419439315796,-0.3786866068840027,0.29518669843673706,-1.963353157043457,-1.4629324674606323,0.5203405618667603,-1.6291786432266235,-0.24588067829608917,0.25628846883773804,-4.53540563583374,-1.5767220258712769,-1.035571575164795
123,-21.500213623046875,-0.5154033899307251,2.240849018096924,-5.847148418426514,16.956771850585938,-4.57097053527832,28.09484100341797,-4.9947967529296875,3.700176239013672,5.885276794433594,0.26712632179260254,-0.003756999969482422,1.5228334665298462,0.0015488467179238796,0.3660450577735901,0.4477800726890564,0.2356007695198059,-1.4415459632873535,0.5857865810394287,-0.6103867292404175,0.02613440342247486,-7.301822185516357,-1.5542021989822388,-2.510427951812744
124,-35.784000396728516,-4.164506912231445,3.8627564907073975,-9.740740776062012,8.367255210876465,-2.5653319358825684,38.711997985839844,0.0308377742767334,3.4443511962890625,17.493831634521484,0.6005492210388184,0.09721851348876953,-0.23677675426006317,0.09105206280946732,0.3521614372730255,3.669710874557495,2.3170526027679443,-2.524559497833252,2.373997211456299,-0.8628158569335938,-0.2609468996524811,-7.072770118713379,-1.7175830602645874,-3.9679205417633057
125,-41.288230895996094,2.9802567958831787,0.34318214654922485,-2.9748306274414062,-0.5543203353881836,0.2133488655090332,51.648033142089844,-13.841333389282227,23.767133712768555,-16.241989135742188,-16.29152488708496,-15.234577178955078,-2.61331844329834,0.21340736746788025,-0.19715501368045807,8.376801490783691,2.7633650302886963,-2.3564484119415283,1.8433949947357178,-1.4087005853652954,-0.5584807395935059,-0.4292224943637848,5.735619068145752,2.1380553245544434
126,-16.48807144165039,1.1627333164215088,0.14527678489685059,-8.462562561035156,-0.7740445137023926,0.24934649467468262,16.971376419067383,-23.86859130859375,40.639747619628906,-51.34354019165039,-19.58890151977539,-13.09634017944336,-3.026540517807007,0.08514909446239471,-0.4903525710105896,7.709136962890625,1.1293753385543823,-1.3441162109375,1.9447822570800781,-0.2820773720741272,0.41517573595046997,0.6134253144264221,2.4502739906311035,1.769286036491394
127,-12.93110179901123,-3.9259746074676514,3.322660207748413,-10.487161636352539,-0.4411768913269043,0.12864160537719727,13.71565055847168,-17.86447525024414,38.967437744140625,-82.98541259765625,-5.947917461395264,-4.779287815093994,-2.5548312664031982,0.35495203733444214,0.11819808930158615,4.131950855255127,1.7052186727523804,-0.3801202178001404,1.7460412979125977,0.024979427456855774,0.21123841404914856,1.094164490699768,-2.9035086631774902,0.5749036073684692
128,-6.446901321411133,-0.6702382564544678,0.1489863395690918,-10.162988662719727,-0.7112059593200684,0.08110928535461426,2.9625720977783203,-15.177696228027344,31.5758056640625,-66.78565979003906,2.405818462371826,-1.1089329719543457,-2.0424091815948486,0.003051426261663437,0.023285038769245148,-0.3950711190700531,0.18688131868839264,0.2884194254875183,2.060298204421997,-0.16897639632225037,0.17127375304698944,0.35178107023239136,-2.473078489303589,0.13441410660743713
129,-9.693441390991211,-9.908751487731934,5.7880377769470215,0.28013038635253906,-0.26038211584091187,0.012140512466430664,6.894428253173828,-4.732985496520996,19.124671936035156,-67.67327117919922,15.266413688659668,2.852681875228882,-1.9482529163360596,-0.15869097411632538,0.10667487978935242,-2.332359552383423,0.0651603415608406,1.7486473321914673,2.239053249359131,0.1739100217819214,0.07380873709917068,-0.4911269545555115,-1.859021544456482,0.23186427354812622
130,-2.8496718406677246,-2.454298973083496,2.5686235427856445,1.3322792053222656,-0.338712215423584,-0.17618536949157715,3.2629880905151367,-8.23432731628418,9.293628692626953,-34.38093566894531,20.0,5.66746187210083,-1.3969532251358032,-0.24729186296463013,0.22241945564746857,-4.261131286621094,-1.3213533163070679,1.763599157333374,2.4553062915802,0.22284989058971405,-0.07631397247314453,-0.8326651453971863,-1.6798804998397827,-0.11488330364227295
131,9.433425903320312,2.960726737976074,-3.374394655227661,6.134172439575195,0.17742455005645752,-0.11556482315063477,-18.252010345458984,-12.660062789916992,6.699324131011963,-27.59930419921875,20.0,6.3530964851379395,-0.870587170124054,-0.04361322149634361,-0.4129925072193146,-5.447491645812988,-0.7302414774894714,1.403807282447815,1.965329647064209,0.5155218243598938,-0.03328678384423256,-0.833987295627594,-1.6546165943145752,0.25362592935562134
132,19.263946533203125,0.16070997714996338,0.2781488597393036,10.925525665283203,0.31338226795196533,-0.15390276908874512,-14.687929153442383,-7.762447834014893,0.9534122347831726,-11.715523719787598,20.0,4.555091381072998,0.5844832062721252,-0.24168634414672852,-0.017984332516789436,-5.762583255767822,-0.520982027053833,0.934607982635498,0.9056880474090576,0.07295262813568115,-0.016993822529911995,1.4513726234436035,-0.32614386081695557,0.3890366554260254
133,38.998985290527344,13.619375228881836,-14.447025299072266,-26.839630126953125,-16.776880264282227,-6.399964332580566,-33.15447235107422,2.854900360107422,-10.782674789428711,3.371257781982422,11.033966064453125,2.7162692546844482,1.983332633972168,0.1383223533630371,0.586890459060669,0.46355271339416504,-2.663118600845337,7.912580490112305,-2.0044660568237305,-0.4651150405406952,-0.6970233917236328,7.678750038146973,5.581532955169678,1.8900225162506104
134,52.33386993408203,29.664138793945312,-32.08409881591797,-83.37295532226562,5.828486919403076,-3.5798463821411133,-52.83123779296875,6.914421081542969,-6.740398406982422,-8.999809265136719,-1.5654621124267578,-0.10658550262451172,1.4808523654937744,-0.3007766604423523,0.32648125290870667,0.8136371374130249,-2.56071400642395,0.9851601123809814,-4.3484272956848145,-0.17795421183109283,-0.2848094403743744,8.62502670288086,2.445279836654663,2.2135190963745117
135,32.68976974487305,31.01435661315918,-38.639060974121094,-82.90624237060547,9.82630729675293,-6.978093147277832,-26.7264461517334,-4.9987335205078125,2.122265577316284,-17.269018173217773,-1.2438175678253174,-0.31718361377716064,2.4507968425750732,-0.22669252753257751,0.22536246478557587,-0.37772446870803833,-2.1062581539154053,1.2532404661178589,-3.7345938682556152,0.27349144220352173,0.3381401598453522,2.8049864768981934,0.1481664776802063,0.6589949727058411
136,17.18974494934082,15.883062362670898,-26.52057647705078,-61.44047927856445,12.8153715133667,-6.929184913635254,-17.602672576904297,0.9601225852966309,-1.9034967422485352,-7.895911693572998,-0.5862789750099182,-0.1187625527381897,2.724947214126587,-0.05732550844550133,0.27637845277786255,-1.0150620937347412,-1.7318346500396729,1.0384118556976318,-3.7454757690429688,0.8195552825927734,0.7636984586715698,-1.040687084197998,-0.13831502199172974,-0.4005607068538666
137,-17.98355484008789,14.532705307006836,-24.847200393676758,-67.3097915649414,17.973529815673828,-7.646133899688721,11.743574142456055,-2.3574953079223633,-0.5528703331947327,5.160653114318848,-0.06693768501281738,0.0070095062255859375,2.8915858268737793,-0.037390682846307755,0.21814529597759247,-1.7193446159362793,-1.6757032871246338,0.6139223575592041,-2.5216217041015625,0.3500782251358032,0.15201368927955627,-2.9617276191711426,-1.173302412033081,-1.5543619394302368
138,-22.09223747253418,13.23085880279541,-20.864233016967773,-49.995216369628906,19.298927307128906,-9.08249568939209,19.73886489868164,-7.400889873504639,4.750611305236816,8.02881908416748,0.2191779613494873,0.12604713439941406,3.1748900413513184,-0.23070025444030762,0.20209109783172607,-2.232607841491699,-1.3222285509109497,0.7385699152946472,-0.6228614449501038,-0.4549607038497925,0.06880611926317215,-4.410186290740967,-1.785757064819336,-1.1863936185836792
139,-26.508975982666016,0.73853999376297,-3.538115978240967,-24.56139373779297,20.0,-6.130100727081299,20.848777770996094,1.4638934135437012,-0.6027317047119141,11.078412055969238,0.44840264320373535,0.0742044448852539,2.5242128372192383,-0.056713104248046875,0.15714505314826965,-1.3684117794036865,-1.1871057748794556,-2.380877733230591,0.47205886244773865,-0.8592509031295776,-0.6763250231742859,-4.657546043395996,-1.4019194841384888,-2.191018581390381
140,-29.321775436401367,-5.377335071563721,4.135857582092285,-6.726747512817383,16.622329711914062,-4.288005352020264,30.015670776367188,3.1842591762542725,2.462869167327881,11.174060821533203,0.705264687538147,0.12903690338134766,-0.35892048478126526,0.11426392197608948,0.1732288897037506,3.112868309020996,2.346686601638794,-2.2005350589752197,1.580659031867981,-0.6710485219955444,-0.6035011410713196,-5.345766067504883,1.0186549425125122,-2.6286449432373047
141,-36.93924331665039,-3.0385031700134277,3.5612950325012207,-1.9847297668457031,-0.339569091796875,0.12766313552856445,44.637847900390625,-13.237634658813477,15.430339813232422,12.706979751586914,0.26822540163993835,0.04895734786987305,-2.3906540870666504,-0.44885027408599854,-0.21401134133338928,7.4391398429870605,4.664534091949463,-2.7981503009796143,2.902163505554199,-1.3090629577636719,-0.4697279930114746,-2.3234434127807617,6.0150275230407715,2.779331684112549
142,-35.41900634765625,-0.5357620716094971,1.1775214672088623,-6.1937103271484375,-1.1704256534576416,0.2977871894836426,43.90443420410156,-20.043354034423828,43.24015426635742,-36.159393310546875,-16.26618194580078,-14.048696517944336,-3.875535011291504,-0.12783658504486084,-0.3421083092689514,9.544140815734863,1.8845312595367432,-1.4807475805282593,1.9196422100067139,-0.05746307224035263,0.3203551471233368,-0.05427825450897217,4.6463141441345215,1.0376712083816528
143,-4.287176132202148,6.31264066696167,-3.9582879543304443,-16.715511322021484,-0.6816718578338623,0.18222284317016602,6.844300270080566,-21.08678436279297,44.30254364013672,-66.17132568359375,-10.854776382446289,-6.209166526794434,-2.507338523864746,0.15298280119895935,-0.1491701304912567,3.9236533641815186,1.375696063041687,-1.2236435413360596,1.5200903415679932,-0.08818987011909485,0.3015970289707184,1.2895230054855347,-2.8138420581817627,0.43699774146080017
144,-8.581445693969727,4.515072822570801,-1.1554863452911377,-7.010936737060547,-0.4745774269104004,0.17044678330421448,9.515987396240234,-19.360029220581055,34.77503967285156,-72.30943298339844,-1.9674606323242188,-2.2237823009490967,-2.124505043029785,0.6400676369667053,-0.16756778955459595,0.6302993893623352,1.1845483779907227,0.018076591193675995,2.1044905185699463,-0.08374793827533722,0.0745057612657547,0.3608974814414978,-2.408890724182129,0.18786072731018066
145,-7.535219192504883,-4.227231979370117,2.540818452835083,-4.157076835632324,-0.7063767910003662,0.030934929847717285,3.3205738067626953,-7.96605920791626,24.955442428588867,-64.4311294555664,6.4853644371032715,3.534212589263916,-1.7071219682693481,0.4400206506252289,-0.022062059491872787,-2.705082893371582,-1.4036285877227783,0.9210824370384216,2.298823833465576,-0.05345255136489868,0.06176328659057617,-0.33255696296691895,-1.8966256380081177,0.018947377800941467
146,-5.805285453796387,-3.7033567428588867,1.0816335678100586,5.759798049926758,0.10727882385253906,-0.018535852432250977,0.18308258056640625,-10.015565872192383,18.609445571899414,-50.078094482421875,16.51177406311035,5.209408760070801,-1.933350920677185,0.41186633706092834,-0.4573182463645935,-3.0163676738739014,-0.6154871582984924,1.7983837127685547,2.1096856594085693,0.31033945083618164,0.02308046817779541,-0.7808455228805542,-1.5630650520324707,0.007676482200622559
147,14.524116516113281,-7.993682384490967,5.271848678588867,8.214048385620117,0.2543116807937622,-0.21807098388671875,-16.561201095581055,0.15085232257843018,6.7839813232421875,-39.45838165283203,16.949121475219727,3.610724925994873,-0.6544698476791382,0.08061627298593521,0.08523787558078766,-3.5776660442352295,-0.5959010720252991,1.5874412059783936,2.319878578186035,0.25523459911346436,0.060830362141132355,-0.9463692903518677,-1.6058826446533203,0.1105237603187561
148,4.935991287231445,8.535085678100586,-6.160528659820557,1.2342872619628906,-0.13936161994934082,-0.07568049430847168,-4.831058979034424,-12.600658416748047,1.1821765899658203,-8.768033981323242,20.0,5.057898044586182,0.030510835349559784,0.5495290756225586,-0.5029199719429016,-5.723465442657471,-1.2995892763137817,1.3407258987426758,1.3215250968933105,0.46288758516311646,0.02398025244474411,0.4167642891407013,-0.5009478330612183,-0.07495790719985962
149,30.230472564697266,5.206770420074463,-5.285234451293945,3.7378501892089844,0.28043133020401,-0.03250432014465332,-26.366016387939453,17.603954315185547,-16.88060760498047,7.067939758300781,11.301850318908691,2.9074594974517822,1.816430687904358,0.4517584443092346,-1.3183656930923462,-9.561650276184082,-0.3967740833759308,1.4835431575775146,-2.1082279682159424,0.3873891234397888,-1.175286889076233,7.4596405029296875,5.447511672973633,0.48717233538627625
150,49.93144226074219,9.11037540435791,-22.122005462646484,-69.95231628417969,5.85629940032959,3.417123794555664,-43.194801330566406,5.117821216583252,-4.5154571533203125,-7.7162322998046875,-1.1881341934204102,0.06855058670043945,1.6315720081329346,-0.24974662065505981,0.31538572907447815,1.2028682231903076,-2.85622239112854,0.48457619547843933,-3.2994296550750732,0.07212461531162262,-0.5324749946594238,9.533515930175781,3.776954174041748,2.19087553024292
151,43.47883224487305,14.740503311157227,-22.544771194458008,-77.9329833984375,7.479630947113037,-2.9618101119995117,-43.0376091003418,7.977856636047363,-5.494341850280762,-18.83403778076172,-1.7213473320007324,-0.31305384635925293,2.0658042430877686,-0.40577805042266846,0.5606316924095154,0.15361276268959045,-2.277825355529785,0.8281517624855042,-4.2409162521362305,1.1328907012939453,0.4037784934043884,5.359216690063477,-0.19549275934696198,0.011346444487571716
152,2.3189144134521484,27.747657775878906,-30.16339874267578,-72.83418273925781,8.934947967529297,-5.843255043029785,-7.936115264892578,-12.157748222351074,5.280811309814453,-13.020631790161133,-0.6078519821166992,-0.0270349383354187,2.253899335861206,-0.3084646463394165,0.5113129615783691,-0.7117536664009094,-1.9287934303283691,0.9347198009490967,-3.7135210037231445,0.8967709541320801,0.6698224544525146,-0.33966365456581116,-0.18505197763442993,0.4235144853591919
153,-13.334342002868652,12.194828987121582,-21.215900421142578,-73.6373519897461,14.315557479858398,-7.4639973640441895,8.867790222167969,-1.5928223133087158,-1.214422583580017,0.8205366134643555,-0.21497464179992676,-0.09588932991027832,2.617743968963623,-0.4279080927371979,0.5812619924545288,-1.6499950885772705,-1.5963340997695923,0.9168329238891602,-2.2655653953552246,0.3141225576400757,0.2100469321012497,-3.4526848793029785,-1.3672516345977783,-1.4557085037231445
154,-9.046564102172852,15.111148834228516,-17.758939743041992,-49.412078857421875,18.152812957763672,-11.466476440429688,8.220349311828613,-3.727665901184082,-0.4644448757171631,6.810457229614258,0.020434856414794922,0.16524076461791992,2.988027334213257,-0.43856942653656006,0.5272029638290405,-2.145294666290283,-1.0776989459991455,0.9760196208953857,-0.7337270379066467,-0.3375467360019684,-0.6791747808456421,-5.003813743591309,-2.4527103900909424,-1.5870380401611328
155,-17.433849334716797,6.296977519989014,-10.505332946777344,-37.190189361572266,20.0,-8.335762023925781,15.023204803466797,4.44625997543335,-0.6658260822296143,12.645707130432129,0.5420866012573242,0.10302972793579102,2.9405086040496826,-0.31917330622673035,0.4012700319290161,-1.835125207901001,-1.2532296180725098,-1.5252776145935059,0.48800504207611084,-0.13645288348197937,-0.6581915020942688,-4.862100601196289,-1.6019752025604248,-2.179220676422119
156,-30.96300506591797,-2.6072781085968018,3.473402500152588,1.205092430114746,12.657584190368652,-3.014826774597168,34.09223556518555,-6.4899468421936035,8.31714153289795,9.550716400146484,0.46028709411621094,0.08495426177978516,-0.043589893728494644,-0.17831306159496307,0.3172912895679474,3.16903018951416,2.1863303184509277,-3.1285243034362793,2.1284046173095703,-0.5187676548957825,-0.3656282424926758,-6.386875152587891,-1.5539159774780273,-2.599494218826294
157,-45.178871154785156,4.446255207061768,1.3241825103759766,1.5300254821777344,-0.38733577728271484,0.29689502716064453,51.579246520996094,-19.230979919433594,31.411724090576172,-24.113658905029297,-20.0,-9.466997146606445,-2.8875348567962646,0.21787840127944946,0.0617438443005085,10.417659759521484,4.030257225036621,-2.1599581241607666,2.2199196815490723,-1.180945873260498,0.028262723237276077,-1.7703334093093872,8.499841690063477,4.162508010864258
158,-20.848604202270508,-2.3010151386260986,1.5800304412841797,-14.100753784179688,-1.0941576957702637,0.24201536178588867,23.498756408691406,-18.394941329956055,32.1230583190918,-44.68250274658203,-20.0,-5.618123531341553,-2.954026937484741,0.1380925178527832,-0.3501483201980591,8.292128562927246,2.0093326568603516,-0.9814044833183289,1.4060701131820679,0.07397979497909546,0.32985255122184753,1.5055813789367676,-3.0907111167907715,1.404710292816162
159,-17.566701889038086,5.536759376525879,-1.7314094305038452,-16.41648292541504,-0.8291165828704834,0.10323739051818848,15.172503471374512,-27.74509620666504,38.59986877441406,-57.445281982421875,-5.954148292541504,-2.600275993347168,-3.00189471244812,0.2970944344997406,-0.2343994528055191,3.4733705520629883,1.6915004253387451,-0.8348838090896606,1.5453747510910034,-0.12678088247776031,0.3001510798931122,0.9696928858757019,-2.613980293273926,0.33573630452156067
160,-9.639434814453125,-5.690703392028809,3.832129716873169,-6.319280624389648,-0.6181166172027588,0.11168622970581055,6.946313858032227,-10.901200294494629,29.536069869995117,-62.44211959838867,1.1188125610351562,1.2605658769607544,-2.83207631111145,0.003533853217959404,0.21632510423660278,0.456861674785614,0.3174968957901001,0.5589814782142639,1.7222460508346558,-0.18325884640216827,0.43652161955833435,0.4277963638305664,-2.316840648651123,0.1835377961397171
161,-1.155777931213379,-1.1122618913650513,0.24001765251159668,-3.105940818786621,-0.2627061605453491,0.017376422882080078,1.5069637298583984,-9.804640769958496,21.142818450927734,-63.7155876159668,8.444132804870605,4.0266337394714355,-1.9259543418884277,0.056433819234371185,-0.2381729781627655,-2.8170948028564453,0.38526973128318787,1.4855315685272217,2.3353450298309326,-0.034558892250061035,0.1469651162624359,-0.4620518684387207,-1.8756325244903564,0.09528449177742004
162,-0.22730255126953125,-5.438536643981934,3.5094094276428223,5.55612850189209,-0.17037242650985718,-0.13828182220458984,-4.327853202819824,-8.528818130493164,14.492300987243652,-54.746681213378906,15.318864822387695,6.252569198608398,-1.4141432046890259,0.0077480231411755085,-0.19543640315532684,-3.756915807723999,-0.508526623249054,1.7525566816329956,2.503863573074341,0.20622038841247559,-0.005273789167404175,-1.2488571405410767,-1.7427700757980347,0.1002914309501648
163,11.066606521606445,3.9103965759277344,-3.537008285522461,4.723554611206055,-0.0707406997680664,-0.09888029098510742,-14.616621017456055,-8.296648979187012,5.596147537231445,-21.414928436279297,20.0,6.192781448364258,-0.4310826063156128,0.3697797358036041,-0.6098977327346802,-5.182328224182129,-1.8390549421310425,1.7464869022369385,2.3263118267059326,0.49821293354034424,0.09165067225694656,-1.0993173122406006,-1.5062106847763062,0.21028146147727966
164,7.355423450469971,0.06451988220214844,1.7550441026687622,9.089607238769531,0.3235495090484619,-0.19032835960388184,-4.402191162109375,-4.40785026550293,-5.851388931274414,-3.5687217712402344,20.0,4.674038887023926,-0.14188967645168304,0.42867225408554077,-0.14458030462265015,-4.737740516662598,-1.1597861051559448,1.4891762733459473,0.8224441409111023,0.03168436139822006,-0.3810971975326538,1.5367754697799683,-0.016168326139450073,0.7268339991569519
165,18.8590145111084,7.388440132141113,-6.7059197425842285,7.162500381469727,0.36714375019073486,-0.04930424690246582,-10.841781616210938,-1.3515565395355225,-5.118528842926025,-1.7070178985595703,20.0,4.502938270568848,1.032865285873413,0.6951491236686707,-0.876979649066925,-5.637688159942627,-0.19754649698734283,1.2779828310012817,-1.4586330652236938,-0.29124271869659424,-0.7414647936820984,5.451165676116943,3.1938705444335938,1.363054871559143
166,54.16679382324219,11.465795516967773,-15.830259323120117,-63.1207160949707,2.586291551589966,15.481109619140625,-50.040130615234375,8.90710735321045,-8.148414611816406,-4.50030517578125,-0.49318695068359375,0.023919105529785156,1.2654954195022583,-0.5656340718269348,0.29642120003700256,1.511083722114563,-3.083047389984131,1.844859004020691,-4.137308120727539,-0.7767586708068848,-0.2166319489479065,10.279993057250977,5.857251167297363,3.1638619899749756
167,29.909202575683594,27.90576171875,-32.124969482421875,-97.06739044189453,7.320730686187744,-4.642999649047852,-32.57231140136719,7.259977340698242,-6.03253698348999,-17.86334991455078,-1.9286853075027466,-0.36833763122558594,1.3175758123397827,-0.2940370738506317,-0.06726432591676712,0.6808133721351624,-2.5163674354553223,1.0748802423477173,-4.4990925788879395,0.3977809250354767,-0.19125507771968842,4.848006725311279,0.882871150970459,0.6732692718505859
168,28.41690444946289,24.25860023498535,-29.439910888671875,-93.81819152832031,11.58553695678711,-6.878939628601074,-20.938207626342773,0.19610118865966797,-1.58176589012146,-8.052318572998047,-0.8081142902374268,-0.14484238624572754,2.4779598712921143,-0.19564726948738098,0.33898741006851196,-0.6369746923446655,-2.049088478088379,1.1369959115982056,-4.110486030578613,0.8078163266181946,0.6236982941627502,1.1694456338882446,-0.7757596373558044,-0.6723352670669556
169,-11.658170700073242,19.50789451599121,-23.873987197875977,-72.93699645996094,11.775588989257812,-5.032127380371094,11.78051471710205,-7.4121575355529785,3.531569004058838,-1.0813398361206055,-0.10119819641113281,0.04797673225402832,3.1083812713623047,-0.3129306435585022,0.3829426169395447,-1.6602004766464233,-1.7071168422698975,0.5767948031425476,-2.3381102085113525,0.2120097577571869,0.8063517808914185,-2.340980291366577,-1.409462332725525,-0.49121060967445374
170,-11.607893943786621,21.265384674072266,-15.89107894897461,-44.12016296386719,17.81591033935547,-7.31877326965332,7.169312000274658,-7.462961196899414,2.3728561401367188,5.590078353881836,0.14323973655700684,0.04536867141723633,3.025879383087158,-0.31517231464385986,0.4513794183731079,-1.9129068851470947,-1.435166835784912,0.4996127784252167,-1.5557936429977417,-0.3944094479084015,0.5400308966636658,-3.5290424823760986,-1.184376835823059,-0.5197453498840332
171,-24.888473510742188,-7.70578670501709,3.9210171699523926,-15.063629150390625,17.900728225708008,-5.626011371612549,25.916332244873047,2.3735873699188232,-0.3581348657608032,5.291072845458984,0.1395726203918457,-0.0672907829284668,2.1824357509613037,-0.15133139491081238,0.5744971632957458,-0.5686724185943604,-0.45358872413635254,-1.0071375370025635,0.26637008786201477,-0.555176854133606,0.30820411443710327,-5.857494831085205,-2.362844944000244,-2.815931797027588
172,-36.746437072753906,-3.04514217376709,5.246250629425049,2.6383056640625,5.3356852531433105,-1.296250343322754,42.17144775390625,-9.511652946472168,8.409635543823242,9.11532974243164,0.5307576656341553,0.18479633331298828,-0.6090322732925415,0.20619474351406097,0.6231246590614319,4.687297821044922,3.3543660640716553,-2.914137363433838,2.7977659702301025,-1.1086958646774292,-0.06532346457242966,-9.032059669494629,-2.0682108402252197,-2.6889381408691406
173,-38.99850082397461,8.85460090637207,-4.752935886383057,-5.703243255615234,-0.8990199565887451,0.343076229095459,48.2969970703125,-14.966822624206543,33.932865142822266,-22.35268211364746,-17.450742721557617,-14.230121612548828,-2.4511454105377197,0.2984101474285126,-0.8221468925476074,8.120399475097656,1.6274406909942627,-2.11814284324646,2.0786516666412354,-1.52773118019104,-0.6920616030693054,-0.45741841197013855,4.3720903396606445,3.0684876441955566
174,-22.382457733154297,-13.841654777526855,10.785848617553711,-3.9502410888671875,-0.43212437629699707,0.13116157054901123,20.161285400390625,-15.599846839904785,41.408912658691406,-50.01771926879883,-16.70391273498535,-11.097040176391602,-3.685012102127075,-0.3351842761039734,0.600964367389679,9.413769721984863,1.9186909198760986,-0.5331186652183533,1.5058907270431519,-0.3380950689315796,0.6591664552688599,-0.17386585474014282,3.619980812072754,2.0301201343536377
175,-3.522216796875,-1.7382144927978516,-1.1458073854446411,-16.510395050048828,-0.6262242794036865,0.11780767142772675,3.288635730743408,-10.50158977508545,32.75930404663086,-84.21978759765625,-6.688125133514404,-5.804281234741211,-2.5329103469848633,-0.37227797508239746,0.13324487209320068,3.697335958480835,2.0250799655914307,-0.04879308119416237,1.5161058902740479,-0.06151370704174042,0.38741594552993774,0.9707576036453247,-2.705955982208252,0.6043887734413147
176,-1.102086067199707,-1.0671749114990234,0.43674373626708984,-10.172155380249023,-0.7223783135414124,0.03972703218460083,-2.0652995109558105,-9.136970520019531,22.168296813964844,-74.5335693359375,-1.3483777046203613,0.5319912433624268,-1.4970108270645142,-0.42803484201431274,-0.0593305267393589,-1.1195125579833984,0.23269249498844147,0.39227890968322754,2.0839338302612305,0.012707024812698364,0.2070050984621048,-0.015677176415920258,-2.1720988750457764,0.10444843769073486
177,-7.473202705383301,-2.954376697540283,3.7530760765075684,-0.34513092041015625,-0.4182889461517334,-0.0468747615814209,4.5331268310546875,-12.39105224609375,18.880290985107422,-62.899314880371094,10.843225479125977,3.1936450004577637,-1.149590253829956,-0.3044339716434479,0.536732017993927,-3.561026096343994,-1.1711302995681763,1.1712137460708618,2.2226057052612305,0.08401264250278473,0.2035824954509735,-0.6162254810333252,-1.7377358675003052,0.36776411533355713
178,-3.8199620246887207,1.0921446084976196,-0.8806154727935791,5.82546329498291,0.030518531799316406,-0.04759812355041504,2.4028549194335938,-8.295799255371094,7.172425746917725,-44.081844329833984,17.727989196777344,4.122993469238281,-1.0005507469177246,0.2534635365009308,-0.25682324171066284,-3.88246488571167,-1.1439006328582764,1.764936923980713,2.449496269226074,0.5915672779083252,-0.29259130358695984,-1.2504260540008545,-1.3788341283798218,-0.040516197681427
179,8.54061222076416,0.8090969324111938,-1.3396413326263428,4.567834854125977,0.11816024780273438,-0.12491822242736816,-11.638845443725586,-10.072866439819336,3.136662483215332,-19.166969299316406,20.0,5.974141597747803,-0.15768687427043915,0.19537308812141418,-0.5668420791625977,-5.415072441101074,-0.8975786566734314,1.688768982887268,2.1563212871551514,0.6913592219352722,-0.26348376274108887,-1.0290640592575073,-1.1858712434768677,-0.3798890709877014
180,13.92748737335205,6.144694805145264,-3.3845155239105225,6.3508758544921875,0.22473856806755066,-0.1340017318725586,-10.538589477539062,-9.120779037475586,-3.7704100608825684,-2.3665037155151367,20.0,4.609569549560547,0.9369021058082581,0.3388650417327881,-0.5402181148529053,-6.999614238739014,0.07320372015237808,1.3076308965682983,0.20577038824558258,0.12468316406011581,-0.49024882912635803,2.417229175567627,1.029769778251648,0.6791572570800781
181,42.2552490234375,8.05703067779541,-8.676990509033203,-1.7779159545898438,-8.885610580444336,-3.717315673828125,-39.126251220703125,6.188880920410156,-8.51036262512207,0.6841468811035156,4.154027938842773,0.9566583633422852,2.0323996543884277,0.76410973072052,0.30919814109802246,-0.5080817937850952,5.470978260040283,-0.1026650071144104,-2.655651807785034,0.050259917974472046,-0.6358791589736938,8.788829803466797,6.950533390045166,2.3855550289154053
182,36.11409378051758,23.122905731201172,-27.261629104614258,-85.8559799194336,2.695669412612915,-1.2346420288085938,-35.81684875488281,3.4329257011413574,-3.4842045307159424,-10.952239990234375,-1.8302868604660034,-0.2696493864059448,1.6640626192092896,-0.2494739592075348,0.24981871247291565,0.8777814507484436,-2.612351655960083,0.8332459926605225,-3.401502847671509,-0.27782168984413147,-0.35717037320137024,7.752696990966797,1.2962356805801392,0.7473130822181702
183,12.860305786132812,17.25127410888672,-28.66455078125,-93.7646713256836,8.732719421386719,-4.201421737670898,-20.65209197998047,9.23232650756836,-4.992829322814941,-13.177285194396973,-0.8697584867477417,-0.08814594149589539,1.8677687644958496,-0.11334378272294998,0.0817825198173523,-0.28283050656318665,-2.0993640422821045,0.7155349254608154,-3.557720422744751,0.9305270910263062,-0.009867853485047817,2.9902849197387695,0.3572228252887726,0.10242356359958649
184,21.356443405151367,14.341028213500977,-20.917152404785156,-66.25802612304688,14.142776489257812,-5.884407997131348,-20.318782806396484,0.6059398651123047,-2.17364501953125,-9.55215835571289,-0.8407285213470459,-0.04378652572631836,2.31866717338562,-0.2855153977870941,0.258722186088562,-1.1119831800460815,-1.5182595252990723,0.8502832055091858,-3.373906135559082,0.995742917060852,0.304919570684433,-1.057663917541504,-1.499921441078186,-0.6310449242591858
185,8.320551872253418,14.576349258422852,-20.20177459716797,-51.24943542480469,16.873661041259766,-9.530296325683594,-5.858050346374512,-6.608860015869141,1.0998737812042236,-1.6449165344238281,-0.2324364185333252,0.028873920440673828,2.8536536693573,-0.3473184406757355,0.5462518930435181,-1.880570650100708,-1.0427536964416504,1.262191653251648,-2.4494152069091797,0.4699329435825348,0.3804880678653717,-4.203205108642578,-1.576082706451416,-1.2108558416366577
186,-30.87665557861328,21.1851806640625,-20.7812557220459,-47.325958251953125,18.92974281311035,-7.762948989868164,27.892169952392578,-12.30221176147461,6.9667840003967285,12.221213340759277,0.49892711639404297,0.10040545463562012,3.074754476547241,-0.4425053596496582,0.411436527967453,-2.2994606494903564,-1.1120290756225586,-0.025731414556503296,-0.3893261253833771,-0.5769882202148438,0.10574230551719666,-5.127498149871826,-1.1010780334472656,-0.7333337664604187
187,-35.18006134033203,-2.2825214862823486,-4.9906086921691895,-21.24515151977539,18.449689865112305,-5.221768856048584,29.38277244567871,4.790610313415527,-0.9278650283813477,13.502524375915527,0.46644914150238037,-0.005924701690673828,1.7352957725524902,-0.16180256009101868,0.1552007645368576,-0.4760756492614746,-0.3418946862220764,-1.5215816497802734,0.9383845329284668,-0.6731778979301453,-0.677764892578125,-5.32435941696167,-1.2013429403305054,-2.4083940982818604
188,-34.59278106689453,1.804500699043274,2.117957592010498,-0.06851005554199219,8.81356430053711,-1.8832955360412598,42.26019287109375,-10.276487350463867,11.31380844116211,12.327947616577148,0.5616222620010376,0.11592340469360352,-0.8476929664611816,0.21662302315235138,0.24606356024742126,4.44044828414917,3.080610752105713,-2.787553071975708,3.142590045928955,-0.8827435970306396,-0.16693857312202454,-6.87971305847168,-0.987065315246582,-1.9627768993377686
189,-38.804508209228516,5.0579729080200195,-2.6679391860961914,-1.8216171264648438,-0.7681145668029785,0.28057336807250977,49.04988098144531,-20.266361236572266,37.268917083740234,-29.23987579345703,-17.079341888427734,-15.221242904663086,-3.0638492107391357,0.49454864859580994,-0.5962467193603516,9.571228981018066,1.9171171188354492,-2.5117764472961426,1.846063256263733,-1.196759819984436,-0.7667723298072815,-0.5946405529975891,4.680741786956787,1.555206298828125
190,-22.332077026367188,-1.3359758853912354,2.8174972534179688,-13.554718017578125,-0.6795644760131836,0.255969762802124,26.60751724243164,-20.319368362426758,41.97648620605469,-42.46405792236328,-16.963476181030273,-9.558645248413086,-3.1973633766174316,0.19006913900375366,-0.3082507252693176,7.1025390625,2.10579252243042,-1.0428129434585571,1.2804311513900757,-0.29999858140945435,0.16263657808303833,1.691537857055664,-3.116957187652588,1.445297122001648
191,-19.530866622924805,-8.970324516296387,6.859861373901367,-7.157812118530273,-0.5728206634521484,0.05863445997238159,22.12370491027832,-8.967700958251953,38.43509292602539,-64.87181854248047,-3.7668871879577637,-6.73948860168457,-3.6077775955200195,-0.16999302804470062,0.4463440477848053,5.500903606414795,2.010385751724243,-0.15000829100608826,1.530290961265564,-0.33878517150878906,0.24314957857131958,1.1605441570281982,-2.7655205726623535,0.7430684566497803
192,-6.620962142944336,3.4426679611206055,-2.21258807182312,-12.624896049499512,-0.7228066921234131,0.0883709192276001,3.6037893295288086,-14.93068790435791,34.6239013671875,-67.24616241455078,2.167543888092041,-0.7848992347717285,-3.111184597015381,0.03926306217908859,0.3855004608631134,0.49247798323631287,1.2992243766784668,0.7016556859016418,1.8445781469345093,-0.2668776512145996,0.20894359052181244,0.3080105185508728,-2.2168102264404297,0.01016777753829956
193,7.929747581481934,-3.1335856914520264,-0.10016241669654846,-2.1876039505004883,-0.4004533290863037,-0.018985867500305176,-8.489200592041016,-2.709388256072998,18.002559661865234,-61.46120834350586,5.547347545623779,2.722601890563965,-1.5565146207809448,-0.022805845364928246,-0.0908501148223877,-2.5821421146392822,-0.5945312976837158,0.935709536075592,2.49017333984375,0.04789908230304718,0.1649072915315628,-0.49934399127960205,-1.919747233390808,-0.03207266330718994
194,2.2954676151275635,4.694520950317383,-2.9218201637268066,-2.9767799377441406,-0.3990437984466553,0.0037012100219726562,-6.4936842918396,-7.251601219177246,7.678915977478027,-35.65774917602539,17.67047882080078,5.397143840789795,-0.6457802057266235,0.5498257875442505,-0.5242457389831543,-6.406700134277344,-1.9099587202072144,1.7948657274246216,2.5505146980285645,0.3845546841621399,-0.061545923352241516,-1.0499776601791382,-1.5242069959640503,-0.26147735118865967
195,5.371832847595215,-4.361790657043457,4.126162528991699,11.852474212646484,0.36309123039245605,-0.18796730041503906,-5.310682773590088,-2.122818946838379,-9.451667785644531,-12.40371036529541,20.0,5.761220455169678,-0.3582063913345337,0.5987858772277832,-0.13935059309005737,-5.476513385772705,-0.9148687124252319,2.022636651992798,2.0036284923553467,0.39553242921829224,-0.27592819929122925,-0.043282400816679,-1.3967479467391968,1.0933009386062622
196,22.622356414794922,-2.050105094909668,-1.3711435794830322,7.728525161743164,0.23220789432525635,-0.15128135681152344,-22.17408561706543,6.811084747314453,-6.576408863067627,-3.14306640625,20.0,4.521570205688477,0.9136275053024292,0.28411224484443665,-0.2353244125843048,-7.055459499359131,-0.9231317043304443,1.7247108221054077,-0.9759612679481506,-0.0034307155292481184,-0.3186740279197693,4.605877876281738,2.561955690383911,-0.03563022240996361
197,40.827049255371094,9.368592262268066,-18.028722763061523,-37.02113342285156,-19.9975643157959,3.5910024642944336,-38.80321502685547,7.4112067222595215,-9.271543502807617,-2.6574440002441406,1.1538972854614258,0.5275068283081055,2.303189516067505,0.9789599180221558,0.7875956296920776,3.5807552337646484,-5.088520526885986,2.508272647857666,-2.6035258769989014,0.0741763710975647,-0.5528863072395325,8.747791290283203,7.230649471282959,3.172722578048706
198,31.1529541015625,21.121294021606445,-26.714414596557617,-85.41691589355469,5.40738582611084,-2.8229267597198486,-38.22575378417969,6.484190940856934,-4.856900691986084,-13.717430114746094,-2.1691439151763916,-0.3600132465362549,1.2519872188568115,-0.23512470722198486,0.11104285717010498,1.0292634963989258,-2.6388115882873535,0.6826934218406677,-4.06779146194458,0.40445560216903687,-0.10971076786518097,6.475114822387695,-0.12069308757781982,1.1761620044708252
199,26.585861206054688,18.753536224365234,-29.980201721191406,-81.5631103515625,8.75011920928955,-3.7460341453552246,-24.286088943481445,2.3146862983703613,-2.324256420135498,-11.555922508239746,-0.6237001419067383,-0.15523815155029297,1.894439458847046,-0.07449674606323242,0.29239821434020996,0.06495216488838196,-2.281015396118164,0.8179426789283752,-4.224236011505127,1.194696307182312,0.5201590061187744,2.502419948577881,0.0015148405218496919,0.38611772656440735
200,3.19708251953125,14.145902633666992,-20.938623428344727,-67.86141204833984,11.732269287109375,-3.2102441787719727,-0.7487983703613281,-1.0971813201904297,-1.7059147357940674,-6.440377235412598,-0.49631404876708984,-0.03774392604827881,2.4685661792755127,-0.16737119853496552,0.25862056016921997,-0.8078797459602356,-1.9166438579559326,0.26370251178741455,-2.966865301132202,0.9393187165260315,0.1542232185602188,-1.8516829013824463,-1.4139200448989868,-0.2925315797328949
201,-11.738771438598633,21.12288475036621,-25.361452102661133,-66.62379455566406,16.132963180541992,-9.079182624816895,8.265579223632812,-8.417798042297363,2.1363980770111084,3.251413345336914,-0.07293891906738281,-0.02671074867248535,2.8324055671691895,-0.08593229949474335,0.26542261242866516,-1.5972751379013062,-1.6701257228851318,0.8313628435134888,-1.4106799364089966,0.1302713006734848,-0.6188681721687317,-4.789096832275391,-2.32332181930542,-1.7771841287612915
202,-21.54994773864746,13.754745483398438,-13.80351448059082,-50.67574691772461,15.435726165771484,-8.710441589355469,18.183439254760742,-2.034761428833008,3.188283920288086,13.622398376464844,0.6371622085571289,0.16579151153564453,3.0667145252227783,-0.3084009289741516,0.3651161789894104,-1.9475624561309814,-1.4587385654449463,0.6667822599411011,-0.03514981269836426,-0.19929224252700806,-0.22351092100143433,-4.374746322631836,-0.9583659768104553,-0.9428754448890686
203,-23.345062255859375,6.077284336090088,-10.354130744934082,-27.97954559326172,19.310400009155273,-5.652273178100586,16.181964874267578,-0.591368556022644,2.458733081817627,12.281876564025879,0.4565005898475647,0.029605627059936523,2.499321460723877,-0.32745999097824097,0.21926532685756683,-1.4411747455596924,-1.3794177770614624,-1.130600929260254,0.5399949550628662,-0.43964871764183044,-0.14676520228385925,-3.5009310245513916,-0.05898686870932579,-1.401285171508789
204,-29.331872940063477,-10.14326286315918,9.787481307983398,6.571971893310547,9.059358596801758,-2.089667320251465,32.72408676147461,-2.3515000343322754,5.862362384796143,4.027933120727539,0.2437726855278015,0.009971141815185547,-0.8111393451690674,-0.4953489303588867,0.2087697684764862,4.884424209594727,3.344101667404175,-2.4002389907836914,2.277836322784424,-0.4082517921924591,0.30025503039360046,-6.833296775817871,0.2946924567222595,-2.2695062160491943
205,-35.191551208496094,6.158731460571289,-1.6660538911819458,-0.3286476135253906,-0.7042274475097656,0.21555614471435547,49.87091827392578,-22.995765686035156,34.844215393066406,-36.36033248901367,-20.0,-13.514654159545898,-2.2982065677642822,0.07173699885606766,-0.07931625097990036,10.018291473388672,2.4875736236572266,-2.264540195465088,2.102088212966919,-1.1745859384536743,-0.5403826236724854,-0.30936869978904724,4.653196334838867,2.044772148132324
206,-24.621868133544922,-5.093205451965332,3.476682186126709,-11.34701156616211,-0.9030164480209351,0.21075177192687988,22.499460220336914,-24.596904754638672,45.804866790771484,-65.05400085449219,-10.092034339904785,-5.645329475402832,-3.0308990478515625,-0.38788875937461853,0.40911024808883667,8.671121597290039,1.0669503211975098,-1.246850609779358,1.0082225799560547,-0.1281777322292328,0.4984451234340668,1.6449114084243774,-3.1229476928710938,1.1838816404342651
207,-17.157936096191406,-3.3908982276916504,2.1861419677734375,-14.194445610046387,-0.5399448871612549,0.11255645751953125,14.570500373840332,-10.54234790802002,34.5026741027832,-87.978515625,-12.581011772155762,-4.986790180206299,-2.9315171241760254,-0.12241329997777939,0.21311503648757935,4.450377941131592,2.027556896209717,-0.9417619705200195,1.600553035736084,0.12305186688899994,0.16038665175437927,0.41445639729499817,-2.460130214691162,0.9002301692962646
208,-12.646039962768555,0.711098313331604,-0.45073485374450684,-10.783342361450195,-0.7968661785125732,0.17185580730438232,16.040475845336914,-15.60116958618164,36.851356506347656,-76.48046875,-0.7961654663085938,1.518576979637146,-2.1282052993774414,-0.05439899116754532,0.04213899374008179,-0.1684088110923767,0.6746066212654114,0.38504552841186523,2.464848041534424,0.27090200781822205,0.11894533038139343,-0.6663084030151367,-1.7938662767410278,-0.0992559939622879
209,-16.569087982177734,-7.501218795776367,6.309140682220459,-0.8018627166748047,-0.5012920498847961,-0.026666879653930664,17.831565856933594,-5.998132228851318,21.617708206176758,-56.51277542114258,11.40635871887207,5.178657054901123,-2.2525627613067627,-0.2299707680940628,0.5946564674377441,-2.0109403133392334,-0.4188328981399536,1.8174244165420532,2.765331268310547,0.32847917079925537,0.07545451074838638,-1.2373461723327637,-1.4284131526947021,0.06611478328704834
210,9.273405075073242,7.827837944030762,-7.27152681350708,-3.637115478515625,-0.18156519532203674,-0.06453633308410645,-17.487947463989258,-15.513514518737793,14.240462303161621,-29.672758102416992,15.673147201538086,5.801365852355957,-1.305592656135559,-0.1805066615343094,-0.6072731614112854,-6.093466758728027,-0.01984335668385029,1.4732385873794556,2.500504493713379,0.3860572576522827,0.07674567401409149,-1.4400877952575684,-1.3697808980941772,0.6100107431411743
211,4.039582252502441,0.2732168138027191,2.5797476768493652,11.092107772827148,-0.03373241424560547,-0.17392301559448242,-0.957554817199707,-14.087824821472168,7.195233345031738,-19.235565185546875,20.0,5.756880760192871,-0.3741137683391571,0.006703931838274002,0.35093724727630615,-5.826949119567871,-0.968596339225769,1.645707130432129,2.4664924144744873,0.20398953557014465,0.24770593643188477,-0.8809805512428284,-1.626664638519287,1.9972726106643677
212,10.997694969177246,2.9340357780456543,-3.516096353530884,11.905461311340332,0.18143653869628906,-0.08205342292785645,-16.14230728149414,-7.814282417297363,0.04827946424484253,-15.840327262878418,20.0,4.997012138366699,-0.21988442540168762,0.23657488822937012,-0.39471614360809326,-4.6875410079956055,-1.7197551727294922,1.6937744617462158,1.2430111169815063,0.2684327960014343,-0.18019793927669525,0.6677709817886353,-0.5991044044494629,1.85189950466156
213,25.388687133789062,7.467742919921875,-6.024868011474609,9.206718444824219,0.5502181053161621,-0.10298013687133789,-21.959888458251953,-8.106389999389648,1.7235236167907715,-9.148276329040527,20.0,3.9731905460357666,1.2431716918945312,0.5771628022193909,-0.33720850944519043,-5.724809169769287,-0.33483389019966125,1.353455901145935,-1.0415990352630615,-0.266595721244812,-0.4917513430118561,4.407548904418945,2.480849266052246,1.3293874263763428
214,49.32255554199219,15.789134979248047,-22.493070602416992,-23.619733810424805,-16.470186233520508,-4.175034523010254,-46.398170471191406,5.574674606323242,-7.8640642166137695,-0.6352691650390625,-0.17000675201416016,0.0032711029052734375,2.0921831130981445,1.031216025352478,0.6555343270301819,-1.460732102394104,11.009952545166016,-0.6379975080490112,-3.642251491546631,0.1202504113316536,-0.6828469634056091,10.626364707946777,6.769374370574951,2.3367390632629395
215,24.20354461669922,23.935718536376953,-31.192419052124023,-67.63502502441406,-1.1263446807861328,4.854124069213867,-24.88623809814453,-10.98776912689209,6.844821929931641,-18.66413116455078,-1.9468357563018799,-0.3785165548324585,1.3713347911834717,0.00011015217751264572,0.3485478162765503,1.3522889614105225,-2.8052711486816406,0.30526596307754517,-3.797009229660034,-0.2388920783996582,0.7872032523155212,6.54623556137085,1.2576102018356323,0.804462194442749
216,24.70295524597168,23.783893585205078,-28.565465927124023,-86.64312744140625,5.491052150726318,-0.6780157685279846,-24.677467346191406,7.3494367599487305,-6.29856014251709,-13.50509262084961,-1.0848009586334229,-0.10224390029907227,1.7592133283615112,-0.243108332157135,0.02929583005607128,0.23388294875621796,-2.2368314266204834,0.48410987854003906,-3.7707793712615967,0.24913372099399567,0.5853249430656433,1.637388825416565,-1.0630205869674683,-0.4845219850540161
217,3.885347366333008,21.337156295776367,-25.686845779418945,-71.6351089477539,11.289575576782227,-2.557480812072754,-4.126361846923828,-2.3778607845306396,0.12641191482543945,-3.9874725341796875,-0.17598307132720947,0.03606778383255005,2.184492826461792,-0.24236619472503662,0.14434731006622314,-0.6604371666908264,-1.8709416389465332,0.25963857769966125,-3.058478355407715,0.10809560865163803,0.8509165048599243,-2.0124192237854004,-0.265700101852417,-0.45510101318359375
218,-15.90374755859375,24.613731384277344,-26.056339263916016,-72.74679565429688,13.7320556640625,-6.584460258483887,12.380553245544434,-5.949217796325684,0.4279858469963074,5.032077789306641,-0.09848284721374512,0.06634783744812012,2.6929335594177246,-0.013987015932798386,0.2006394863128662,-1.4880696535110474,-1.716312289237976,0.5212358236312866,-1.3039814233779907,-0.52065509557724,-0.07526345551013947,-4.710659027099609,-1.3183966875076294,-0.8082587122917175
219,-27.761138916015625,12.528396606445312,-13.164647102355957,-48.788169860839844,15.99802303314209,-8.117993354797363,21.267019271850586,-3.388932228088379,4.351203441619873,12.04974365234375,0.18117237091064453,-0.02696084976196289,2.7990517616271973,-0.20996350049972534,0.3193274140357971,-1.878192663192749,-1.4764578342437744,0.35101521015167236,0.2160295993089676,-0.896381139755249,0.2866230010986328,-5.122536659240723,-3.3228652477264404,-1.6977545022964478
220,-27.65163803100586,-3.779292583465576,0.20157843828201294,-16.367490768432617,16.71184539794922,-4.628686904907227,22.683429718017578,6.276987075805664,-1.9964838027954102,10.749805450439453,0.6629059314727783,0.09641122817993164,1.6979137659072876,0.11106495559215546,0.12607407569885254,-0.2628471553325653,-0.9103645086288452,-2.159928321838379,1.357273817062378,-0.6806366443634033,-0.24684056639671326,-6.019216060638428,-1.9860663414001465,-2.8938028812408447
221,-34.491058349609375,-0.8881288170814514,3.401423215866089,2.150745391845703,7.443299770355225,-1.329838752746582,38.42499542236328,-8.247077941894531,9.611188888549805,13.545036315917969,0.8860292434692383,0.1538252830505371,-1.4537928104400635,-0.015526177361607552,-0.3175007700920105,5.41254997253418,3.3256092071533203,-2.7921676635742188,2.6647605895996094,-1.5843968391418457,-0.9834722280502319,-1.9149434566497803,8.104766845703125,0.7162489891052246
222,-28.453521728515625,-9.457396507263184,6.543768882751465,0.0891265869140625,-0.757796049118042,0.267575740814209,37.40321350097656,-18.39732551574707,32.07219696044922,-39.341949462890625,-17.999250411987305,-3.6161746978759766,-2.861436605453491,-0.1090681254863739,-0.37596988677978516,9.89239501953125,1.3426467180252075,-1.1397314071655273,1.4406381845474243,-0.15431424975395203,-0.18810436129570007,0.5239402055740356,2.9732532501220703,0.5679304599761963
223,-5.054018974304199,1.9664416313171387,-0.7565360069274902,-11.135889053344727,-0.3701667785644531,0.11930608749389648,3.0414938926696777,-25.335803985595703,41.8350944519043,-77.51023864746094,-9.02820873260498,-5.972897529602051,-2.0467023849487305,-0.024687509983778,-0.2106700837612152,6.49413537979126,2.1685194969177246,-0.8198642134666443,1.546262264251709,0.09494277834892273,-0.040444910526275635,0.8464239239692688,-2.6809606552124023,0.4015389084815979
224,-23.715129852294922,0.7864267826080322,1.123576283454895,-13.212931632995605,-0.8535544872283936,0.10181480646133423,21.66292953491211,-23.836374282836914,41.852378845214844,-71.30274963378906,2.9882047176361084,-1.1380857229232788,-2.178697109222412,-0.1294388324022293,0.29934966564178467,2.1685359477996826,1.7076389789581299,0.0722486600279808,1.7281626462936401,-0.02617548406124115,0.16438430547714233,0.10250730812549591,-2.072152853012085,0.10137423872947693
225,-18.048683166503906,-6.060313701629639,4.0620436668396,-5.584410667419434,-0.7654460668563843,0.042139291763305664,18.137054443359375,-5.518318176269531,24.611026763916016,-62.080692291259766,11.07627010345459,2.5338778495788574,-2.3278188705444336,-0.3024804890155792,0.16837692260742188,-0.46125149726867676,-0.25296181440353394,1.4589062929153442,2.1432130336761475,0.1049552708864212,-0.09579309076070786,-0.7291631698608398,-1.606262445449829,-0.12239500880241394
226,-9.179675102233887,-9.075830459594727,6.54304313659668,1.7985010147094727,-0.1411423683166504,-0.1797633171081543,9.360339164733887,-4.79150390625,15.703091621398926,-45.96733093261719,16.538888931274414,4.29606819152832,-2.2266194820404053,-0.40826407074928284,0.8319717049598694,-1.3602505922317505,-0.3974837064743042,1.6989411115646362,2.230243682861328,0.370547890663147,0.08041803538799286,-1.050086259841919,-1.3551379442214966,-0.07492008805274963
227,2.988776683807373,6.671799182891846,-5.641944885253906,-3.5020389556884766,-0.2786451578140259,-0.07545208930969238,-5.944344520568848,-11.37826919555664,15.746908187866211,-29.91009521484375,20.0,8.495960235595703,-1.285384178161621,-0.29396960139274597,-0.036286983639001846,-5.135139465332031,-0.8240590691566467,1.5900471210479736,2.3086907863616943,0.498208224773407,0.05817776918411255,-1.4914467334747314,-1.1439391374588013,-0.49792206287384033
228,0.27419471740722656,2.784970760345459,-0.6876643896102905,6.165620803833008,-0.018926501274108887,-0.13376402854919434,3.9215173721313477,-5.110795974731445,-1.9366103410720825,-3.361149311065674,20.0,4.675436019897461,-0.943533718585968,-0.16927705705165863,-0.38581493496894836,-5.432346343994141,-0.9071123003959656,1.4448425769805908,1.6507713794708252,0.4647420048713684,-0.0948333591222763,-0.041695065796375275,-0.9261134266853333,1.4563912153244019
229,19.32144546508789,12.899283409118652,-8.765127182006836,3.804473876953125,0.0022246837615966797,-0.007206439971923828,-12.695752143859863,-3.8702187538146973,-7.369961738586426,1.2300701141357422,20.0,4.147181510925293,0.6929944157600403,0.43234702944755554,-1.1449356079101562,-8.38198471069336,-1.3955131769180298,1.9066922664642334,-0.596282958984375,0.0959138497710228,-0.7322894334793091,4.179457187652588,2.4322638511657715,1.9246212244033813
230,60.429508209228516,14.710004806518555,-23.61762046813965,-41.20368194580078,-20.0,-0.24477297067642212,-55.40933609008789,-0.021762609481811523,-3.999227285385132,-1.5722084045410156,0.1827392578125,-0.04618215560913086,1.3675429821014404,-1.1280059814453125,-0.46431592106819153,1.4831631183624268,-2.779132843017578,-0.1452515423297882,-3.6704232692718506,-0.9841565489768982,-0.2460446059703827,11.258496284484863,8.233397483825684,2.754801034927368
231,50.3160400390625,25.409374237060547,-30.524824142456055,-71.49080657958984,5.279158115386963,0.010979115962982178,-48.29930877685547,9.275086402893066,-7.674736022949219,-19.74421501159668,-2.5099234580993652,-0.3172228932380676,1.4565322399139404,-0.1537371128797531,-0.08553214371204376,0.9316966533660889,-2.487293243408203,0.33483999967575073,-4.978518962860107,0.30580204725265503,-0.009731992147862911,7.408086776733398,1.1383490562438965,0.3755478262901306
232,16.914230346679688,17.474348068237305,-26.237560272216797,-83.1032943725586,10.748517990112305,-3.7129430770874023,-16.09729766845703,7.3978424072265625,-5.869460105895996,-15.043367385864258,-0.9789045453071594,-0.03030860424041748,1.9809074401855469,0.03552594408392906,-0.24351663887500763,-0.19111835956573486,-2.1220695972442627,0.301501989364624,-4.616302967071533,1.0223292112350464,-0.36778056621551514,1.4010956287384033,-0.34677302837371826,-0.3740328550338745
233,0.27364063262939453,24.52960968017578,-20.678939819335938,-63.47938537597656,11.978317260742188,-6.201932907104492,4.373063087463379,-13.227752685546875,8.096944808959961,-5.086435317993164,-0.37555205821990967,-0.044417500495910645,2.7673697471618652,-0.1255090832710266,0.19117453694343567,-1.4147226810455322,-2.193758964538574,0.737794041633606,-3.1661553382873535,0.3514714241027832,0.9226166009902954,-2.871858596801758,-1.027504801750183,-0.1418793499469757
234,-24.91520118713379,12.942358016967773,-15.656160354614258,-58.427303314208984,17.28215980529785,-7.711575508117676,20.450729370117188,1.4060941934585571,-1.6868383884429932,9.04819393157959,0.29277896881103516,-0.026468276977539062,2.9007837772369385,-0.19858130812644958,0.1491982787847519,-1.7722316980361938,-1.59895658493042,0.4435861110687256,-1.5052837133407593,-0.011531795375049114,0.2955324947834015,-4.20651912689209,-1.0442180633544922,-1.6195273399353027
235,-11.047971725463867,1.5890440940856934,-1.4604125022888184,-26.013458251953125,20.0,-7.479272842407227,11.295938491821289,4.866026401519775,-4.204543113708496,7.955209732055664,-0.03684568405151367,0.15613031387329102,2.768606185913086,-0.12873613834381104,0.22210809588432312,-1.4423750638961792,-1.4570847749710083,-1.2958887815475464,-0.3616669476032257,-0.21302874386310577,-0.3853648602962494,-4.93126916885376,-3.19079852104187,-2.386093854904175
236,-23.056692123413086,9.001974105834961,-1.6577339172363281,-17.571338653564453,19.461193084716797,-4.708967208862305,23.75330924987793,-8.280430793762207,6.697816848754883,10.52187728881836,0.582115650177002,0.17565417289733887,2.1255710124969482,-0.09825386852025986,0.3985643684864044,-0.4246456027030945,-1.1922931671142578,-2.7977495193481445,1.150156021118164,-0.8405320048332214,-0.1933782398700714,-5.722676753997803,-2.543497323989868,-1.7913763523101807
237,-45.417701721191406,-5.245424270629883,4.761159896850586,4.898162841796875,1.6501617431640625,-0.013950347900390625,51.838233947753906,-8.047080993652344,10.175201416015625,13.218292236328125,1.0051040649414062,-0.041350364685058594,-1.4470975399017334,0.09346053004264832,0.09843109548091888,7.902236461639404,5.448266506195068,-3.0942115783691406,3.6243882179260254,-0.8830432891845703,-0.24474802613258362,-7.986467361450195,0.24794790148735046,-3.6230978965759277
238,-43.73249053955078,6.736517906188965,-3.5288686752319336,-12.50014877319336,-1.5800056457519531,0.370302677154541,51.42962646484375,-19.622798919677734,37.08262252807617,-30.391006469726562,-17.059101104736328,-13.670771598815918,-2.8659751415252686,0.3360980153083801,-0.8116337656974792,8.709625244140625,1.188022255897522,-1.914257287979126,2.0031440258026123,-1.2400801181793213,-0.7450754046440125,0.058387018740177155,2.6203324794769287,3.357318162918091
239,-20.395044326782227,-8.432064056396484,9.149152755737305,-8.253841400146484,-0.4282217025756836,0.09252631664276123,25.632827758789062,-16.82207489013672,36.08135223388672,-56.63052749633789,-19.839111328125,-7.331311225891113,-3.1768245697021484,0.16323158144950867,0.29863861203193665,7.819728374481201,1.9187746047973633,-0.9320323467254639,2.432821750640869,0.08483552187681198,0.4471362829208374,-0.6245217323303223,2.6125283241271973,3.64058256149292
240,-5.251184463500977,5.630023956298828,-4.036906719207764,-16.449167251586914,-0.7725374698638916,0.14976775646209717,0.9087114334106445,-23.860288619995117,36.22250747680664,-69.28780364990234,-8.427184104919434,-3.9544382095336914,-2.399028778076172,0.23909679055213928,0.1044595018029213,2.0168731212615967,0.9882559180259705,-0.620274007320404,1.938530445098877,-0.14022324979305267,0.10570560395717621,0.9727945327758789,-2.7717032432556152,0.34415048360824585
241,-6.815013885498047,2.834402322769165,-2.937565803527832,-9.44487476348877,-0.7581355571746826,0.17897820472717285,0.835810661315918,-12.97198486328125,28.747600555419922,-68.04434967041016,0.45059680938720703,1.4061200618743896,-1.7517378330230713,0.5404798984527588,-0.42567917704582214,-2.806593179702759,-1.0944080352783203,0.6687376499176025,2.263118267059326,0.15767568349838257,0.05255860090255737,0.007318228483200073,-2.1715073585510254,-0.08540154993534088
242,0.28461265563964844,-3.873627185821533,2.985200881958008,5.966760635375977,0.1631501019001007,-0.046874046325683594,-6.672242164611816,-15.621678352355957,23.962865829467773,-55.45608139038086,12.528509140014648,4.276398658752441,-1.4011911153793335,-0.00772129837423563,0.07364550232887268,-3.99418306350708,0.09526360034942627,1.4759833812713623,2.1367530822753906,-0.1190682128071785,0.2543172538280487,-0.1979118436574936,-2.02717924118042,0.2148226797580719
243,-6.036489486694336,-4.774112701416016,3.6009488105773926,10.119569778442383,-0.04482465982437134,-0.14426183700561523,2.315397262573242,-9.595635414123535,12.976264953613281,-46.876827239990234,20.0,6.546344757080078,-1.657511591911316,0.2482086420059204,0.177467942237854,-2.8329572677612305,-0.3896447420120239,1.8580405712127686,2.0547611713409424,0.23069903254508972,0.08524420112371445,-0.552361011505127,-1.6929826736450195,-0.07243150472640991
244,6.653263092041016,4.415334701538086,-4.2886271476745605,0.9103336334228516,-0.11142385005950928,-0.09404587745666504,-6.556147575378418,-6.564202308654785,2.57844877243042,-20.807987213134766,20.0,7.159517765045166,-0.6386290192604065,0.4517534375190735,-0.7411678433418274,-5.285159587860107,-0.7183533906936646,1.7772533893585205,2.210191011428833,0.5200525522232056,-0.15187084674835205,-0.7734322547912598,-1.6550655364990234,-0.11204874515533447
245,21.01169204711914,2.6269960403442383,-1.7403526306152344,6.426301956176758,0.10733604431152344,-0.15081429481506348,-14.788595199584961,2.7639994621276855,-8.62612247467041,5.685810089111328,20.0,4.228030681610107,0.7843161225318909,0.3134726881980896,-0.49776214361190796,-7.1225080490112305,-1.299518346786499,1.4515036344528198,-0.7247613668441772,-0.17109251022338867,-0.23784475028514862,4.455003261566162,2.179544448852539,0.6121666431427002
246,49.3740234375,13.401418685913086,-21.968219757080078,-85.26946258544922,4.375533103942871,3.8177850246429443,-44.2432975769043,17.053119659423828,-14.382383346557617,0.8358535766601562,0.27761077880859375,0.26481008529663086,1.3784618377685547,0.1855909824371338,0.2287336140871048,1.517737627029419,-2.990795373916626,0.5627049803733826,-2.9530551433563232,-0.20695088803768158,-1.1791715621948242,9.738606452941895,7.083245754241943,2.610086441040039
247,25.065385818481445,25.59424591064453,-28.225208282470703,-93.27086639404297,5.17460823059082,-3.8353357315063477,-35.10737228393555,3.176809072494507,-2.4401960372924805,-16.01247787475586,-2.1599740982055664,-0.3098316192626953,1.3361380100250244,-0.20441564917564392,0.3301054537296295,0.3580445647239685,-2.3514914512634277,1.0807489156723022,-4.302736282348633,0.5822609066963196,-0.22479696571826935,6.271810054779053,0.38232043385505676,1.127841830253601
248,18.313596725463867,20.30687713623047,-27.8387393951416,-79.7978744506836,7.360754013061523,-2.5256049633026123,-12.470355987548828,-0.07254600524902344,1.0147151947021484,-11.389250755310059,-0.6143207550048828,-0.21705076098442078,2.292116403579712,-0.23394212126731873,0.3737049102783203,-0.6407737731933594,-1.9604616165161133,0.765667736530304,-3.342829704284668,1.2316595315933228,0.6800495982170105,1.7100859880447388,-0.3232589364051819,-0.10001958161592484
249,0.23750877380371094,15.05993938446045,-23.854902267456055,-81.72409057617188,13.967058181762695,-7.028703212738037,-4.895541191101074,1.2460665702819824,-4.308687210083008,-3.6638264656066895,-0.34368622303009033,0.04403984546661377,2.6006643772125244,-0.2556780278682709,0.3523101210594177,-1.6742584705352783,-1.5482743978500366,0.771926999092102,-2.6341803073883057,0.9821450710296631,-0.1313844472169876,-1.9061088562011719,-0.836556077003479,-0.6914606690406799
250,-5.469849586486816,13.555788040161133,-17.211774826049805,-53.10206985473633,18.289438247680664,-10.782172203063965,6.408176422119141,-1.5727031230926514,-1.1826786994934082,2.855062484741211,-0.08867835998535156,0.04726696014404297,3.0290687084198,-0.2617424428462982,0.41959697008132935,-2.331789970397949,-1.082155704498291,1.0423026084899902,-1.1940561532974243,0.5940497517585754,-0.6521521806716919,-4.374147891998291,-1.6488310098648071,-1.7136154174804688
251,-12.253482818603516,16.455215454101562,-17.327922821044922,-35.7336540222168,19.828079223632812,-7.7266693115234375,7.54699182510376,-8.543270111083984,5.518000602722168,8.801864624023438,0.28906333446502686,0.11017441749572754,2.583641767501831,-0.3985183835029602,0.21941308677196503,-2.018803596496582,-0.9729973077774048,-1.3351577520370483,-0.4555943012237549,-0.1720518171787262,-0.5401798486709595,-4.804263114929199,-0.8390491604804993,-1.613645315170288
252,-14.649835586547852,-0.763217568397522,-2.1202664375305176,-9.19526481628418,19.505935668945312,-4.755622863769531,18.745227813720703,1.293191909790039,1.1914767026901245,11.346482276916504,0.3652132749557495,0.08429861068725586,1.6809163093566895,-0.18948110938072205,0.38287919759750366,-0.07294991612434387,0.19069477915763855,-1.9069359302520752,0.5637315511703491,-0.15175701677799225,-0.5190888047218323,-4.285517692565918,-0.7343407869338989,-2.4068925380706787
253,-33.58528518676758,-5.893385887145996,5.92336368560791,-2.757547378540039,7.60028600692749,-1.9596500396728516,37.202064514160156,-5.2197370529174805,8.710288047790527,10.651866912841797,0.5485891103744507,0.1120448112487793,-0.6936938762664795,-0.4560495615005493,0.455099493265152,3.945812702178955,3.0763916969299316,-2.149871587753296,2.1567904949188232,-0.4818784296512604,0.23002852499485016,-4.96470832824707,-0.1801040768623352,-2.3823063373565674
254,-38.56322479248047,12.47084903717041,-5.58879280090332,-3.945812225341797,-0.762725830078125,0.27892184257507324,41.72972106933594,-22.892568588256836,29.55579376220703,-11.16340446472168,-13.385961532592773,-6.6137166023254395,-2.6629934310913086,-0.13492055237293243,-0.8436693549156189,7.975877285003662,2.22281813621521,-1.657273530960083,2.2497875690460205,-1.7237153053283691,-0.47403836250305176,-1.0006582736968994,4.249029636383057,3.4640378952026367
255,-21.85357666015625,-3.0544512271881104,5.1894330978393555,-5.741996765136719,-0.519322395324707,0.08718061447143555,24.63038444519043,-16.13427734375,35.768211364746094,-44.761112213134766,-17.69400405883789,-6.875664234161377,-3.551180839538574,0.47571298480033875,-0.02170141041278839,9.032012939453125,2.38175368309021,-1.186057448387146,1.6429661512374878,-0.3999643921852112,0.11548063158988953,-0.2699441611766815,3.449383020401001,1.5286139249801636
256,-4.101439476013184,-0.8239549398422241,1.5835533142089844,-15.654918670654297,-0.7307381629943848,0.08995330333709717,6.0309038162231445,-18.62616729736328,31.298973083496094,-67.55770111083984,-9.299115180969238,-5.249301433563232,-2.2984466552734375,0.44565632939338684,0.27628302574157715,3.749384880065918,1.574776530265808,-0.9201196432113647,1.8268741369247437,-0.22060401737689972,0.27339789271354675,1.1054250001907349,-3.004214286804199,0.9410417079925537
257,-14.218478202819824,-6.810333251953125,2.8859472274780273,-4.693785667419434,-0.5748274326324463,0.12564823031425476,9.131099700927734,-10.760004043579102,33.21279525756836,-74.85077667236328,1.4643480777740479,-1.0359416007995605,-2.5755176544189453,0.05856796354055405,-0.04330303892493248,1.636689305305481,0.3904368281364441,0.04551481083035469,1.997378945350647,-0.0970102846622467,0.1306193619966507,0.2645355761051178,-2.3431804180145264,0.1476653814315796
258,-7.6229352951049805,-8.540103912353516,5.199446678161621,-5.033749580383301,-0.3339231014251709,0.03581523895263672,5.0335845947265625,-5.843839168548584,19.95372200012207,-59.897796630859375,12.368300437927246,3.1028523445129395,-2.1640567779541016,-0.09547962248325348,0.2788987457752228,-1.5435354709625244,0.5404893755912781,1.5037535429000854,2.232160806655884,0.1880543977022171,0.20151709020137787,-0.45357200503349304,-1.8342864513397217,0.06680840253829956
259,5.49466609954834,-0.8456089496612549,-0.18214282393455505,-1.0606422424316406,-0.36869513988494873,-0.08089113235473633,-12.979166030883789,-9.216548919677734,13.602858543395996,-44.787933349609375,18.717567443847656,6.793997764587402,-1.3570753335952759,-0.16756990551948547,0.0750119686126709,-4.6554694175720215,-0.8608840703964233,2.0888290405273438,2.196195125579834,0.2814124822616577,0.17080450057983398,-1.0185755491256714,-1.542862057685852,-0.1399187445640564
260,3.6413280963897705,0.9810237884521484,0.14868152141571045,4.424440383911133,-0.12921762466430664,-0.18897128105163574,2.2982654571533203,-11.151422500610352,4.76112699508667,-24.809154510498047,20.0,7.770167827606201,0.1362612247467041,-0.19307701289653778,0.1328694075345993,-6.62557315826416,-1.8629493713378906,1.9649237394332886,2.6139588356018066,0.19884976744651794,0.19557900726795197,-0.8637414574623108,-1.7059236764907837,1.6805015802383423
261,13.548425674438477,7.681338787078857,-5.175323963165283,11.266626358032227,0.36276984214782715,-0.15835809707641602,-18.758071899414062,-12.680368423461914,1.103269338607788,-13.940584182739258,20.0,4.384797096252441,0.6797879338264465,0.30038905143737793,-0.090482696890831,-6.645468711853027,-1.1309983730316162,1.1768569946289062,1.0013223886489868,0.0023145624436438084,-0.04633549973368645,1.4990204572677612,-0.3809090852737427,2.976572275161743
262,27.891494750976562,12.876697540283203,-10.931217193603516,9.440361022949219,0.39056137204170227,-0.0029271841049194336,-20.686384201049805,3.065460205078125,-9.066997528076172,1.2570953369140625,20.0,4.033927917480469,2.0837154388427734,1.216296672821045,-0.6287714242935181,-2.198340892791748,8.993513107299805,3.9233407974243164,-1.7660728693008423,-0.060354962944984436,-0.5566668510437012,6.27443790435791,4.840061664581299,1.6797109842300415
263,46.04267501831055,17.98846435546875,-25.48052406311035,-73.51847839355469,2.2900094985961914,0.734564483165741,-42.24900817871094,7.544045448303223,-5.904908180236816,-1.9921455383300781,-0.7758321762084961,-0.15610337257385254,1.3743151426315308,-0.3127366304397583,0.05440302938222885,1.3626374006271362,-2.820126533508301,0.4191789925098419,-4.121567249298096,-0.5878651738166809,0.022592350840568542,10.567426681518555,5.724670886993408,0.9675048589706421
264,40.182960510253906,22.42477035522461,-28.99696922302246,-74.00747680664062,5.452178955078125,-1.5984201431274414,-40.751502990722656,6.299659729003906,-4.769575595855713,-20.80673599243164,-1.937758445739746,-0.10587108135223389,1.5810872316360474,-0.24868367612361908,0.022768734022974968,0.45346054434776306,-2.3589792251586914,0.52544105052948,-5.139442443847656,0.6858471035957336,1.0551855564117432,5.510563850402832,1.727873682975769,0.8778610825538635
265,10.035356521606445,15.701541900634766,-21.687969207763672,-73.2967300415039,6.782407760620117,-0.9742740392684937,-6.909008026123047,0.1090993881225586,-2.344735622406006,-12.835689544677734,-0.9057484269142151,-0.08339548110961914,2.3882813453674316,-0.2921642065048218,0.10757152736186981,-0.5658755898475647,-2.0278398990631104,0.2359563261270523,-4.034104347229004,0.6630075573921204,1.1300157308578491,-0.02403140440583229,-0.06039096787571907,0.4485940933227539
266,-0.9488620758056641,19.363489151000977,-19.32945442199707,-61.53728485107422,14.731025695800781,-5.703444480895996,0.39537811279296875,-1.0671977996826172,-4.05386209487915,-1.7998123168945312,-0.5417933464050293,-0.06121373176574707,2.777055025100708,-0.12362431734800339,0.07917742431163788,-1.235036849975586,-1.8455376625061035,0.3930622637271881,-2.886664390563965,0.2458094209432602,-0.04062739759683609,-3.5825629234313965,-2.445786952972412,-1.5940170288085938
267,-26.060749053955078,18.50518798828125,-15.178956031799316,-50.6239128112793,18.76195526123047,-7.398027420043945,19.073162078857422,-9.015869140625,5.065954685211182,8.662467956542969,0.49163997173309326,0.14362239837646484,2.7216758728027344,-0.1811075657606125,0.25385385751724243,-1.725480556488037,-1.6421196460723877,0.40767768025398254,-1.5493991374969482,-0.5964938402175903,-0.09279381483793259,-5.092954635620117,-0.8746240139007568,-1.0448321104049683
268,-11.158700942993164,6.279417514801025,-8.946263313293457,-41.341957092285156,20.0,-10.27000904083252,9.703866004943848,7.308606147766113,-3.9739413261413574,15.292159080505371,0.22490215301513672,0.0703272819519043,1.968870997428894,-0.4242703318595886,0.13654080033302307,-0.7771297693252563,0.3686882257461548,-1.1909650564193726,-0.7859474420547485,-0.8885276913642883,-0.4643922448158264,-3.192984104156494,-2.3595290184020996,-2.106104612350464
269,-19.1324405670166,-3.05605411529541,4.683719158172607,-7.249716758728027,18.285825729370117,-5.015504837036133,30.84939956665039,-3.3979740142822266,4.473531246185303,5.512575149536133,0.5990856885910034,0.15670371055603027,1.1393858194351196,0.05823714658617973,0.5824978947639465,2.0489017963409424,1.7843514680862427,-2.46112322807312,1.6949822902679443,-0.5986271500587463,-0.08944623172283173,-6.129644870758057,-0.7155174612998962,-1.8271684646606445
270,-48.09326171875,-4.201844692230225,4.826389789581299,-1.5531158447265625,-0.2933931350708008,0.1819314956665039,49.72361755371094,-7.033149719238281,11.001791954040527,15.504037857055664,0.8128955364227295,-0.059441566467285156,-2.2856833934783936,-0.34397247433662415,-0.02225341461598873,7.756659507751465,5.293202877044678,-2.4374783039093018,3.5466115474700928,-0.8550571203231812,0.475565642118454,-6.999728679656982,1.1481059789657593,-3.434133291244507
271,-34.23872756958008,-0.5892651677131653,1.614306092262268,-10.412487030029297,-1.403198480606079,0.2709958553314209,41.19994354248047,-15.771137237548828,30.57202911376953,-28.237070083618164,-15.849313735961914,-12.90327262878418,-3.4152650833129883,-0.12892276048660278,-0.3193347752094269,8.456024169921875,1.3640660047531128,-1.065931797027588,2.0158612728118896,-0.24393922090530396,-0.018906086683273315,-0.1819552779197693,4.428299427032471,1.0713121891021729
272,-15.822908401489258,1.7241122722625732,-0.18680834770202637,-11.45510482788086,-0.5612783432006836,0.10512351989746094,18.963939666748047,-22.379114151000977,36.47747802734375,-62.46052551269531,-7.519165992736816,-7.171341419219971,-3.533612012863159,0.061372511088848114,-0.322063148021698,5.721185684204102,1.4574135541915894,-0.8538261651992798,1.617082118988037,-0.052383214235305786,-0.03077758103609085,1.4383974075317383,-3.1048316955566406,0.5856257677078247
273,-10.023524284362793,0.8481713533401489,0.37130582332611084,-9.655716896057129,-0.5334477424621582,0.08561748266220093,13.969500541687012,-17.043561935424805,39.84010314941406,-66.5424575805664,1.177445411682129,-4.486893653869629,-2.8841097354888916,0.23480768501758575,0.17073093354701996,1.8953219652175903,1.3070179224014282,-0.41309744119644165,2.1904191970825195,-0.010617643594741821,0.19480593502521515,0.6882131695747375,-2.767210006713867,0.21735236048698425
274,-11.453432083129883,-5.455927848815918,4.153644561767578,-6.867363929748535,-0.7227525115013123,0.09352540969848633,10.474550247192383,-8.4518461227417,20.70383071899414,-59.743560791015625,13.141018867492676,1.3362435102462769,-2.8080859184265137,-0.036423034965991974,0.388291597366333,-1.8425054550170898,-0.23437562584877014,1.4024624824523926,2.458512783050537,0.00489431619644165,0.09449759125709534,-0.07260584831237793,-2.3078973293304443,-0.03304821252822876
275,-4.3588056564331055,-4.680799961090088,1.6568723917007446,2.3411636352539062,-0.2637343406677246,-0.08307647705078125,0.8444280624389648,-9.895508766174316,15.594053268432617,-51.65091323852539,20.0,4.17431116104126,-2.5758466720581055,-0.14709950983524323,-0.008407389745116234,-3.49596905708313,-1.0926705598831177,1.9232028722763062,2.4517574310302734,0.3249649107456207,0.055334895849227905,-0.6513558030128479,-1.8566205501556396,-0.1801397204399109
276,6.383279323577881,8.444401741027832,-5.240900993347168,0.8838005065917969,-0.11970925331115723,-0.11336565017700195,-8.719654083251953,-16.850759506225586,10.737628936767578,-28.810741424560547,20.0,6.710834503173828,-1.4619159698486328,0.18753954768180847,-0.5426850318908691,-6.639125347137451,-0.9875418543815613,1.7980310916900635,2.398015022277832,0.3763255774974823,0.02837716042995453,-0.747571587562561,-1.8206168413162231,0.7387725710868835
277,20.686813354492188,2.6973395347595215,-1.294100284576416,11.331920623779297,0.3654581308364868,-0.17122101783752441,-18.229246139526367,-3.971508741378784,-6.705619812011719,-12.146191596984863,20.0,4.8512067794799805,-0.02403935231268406,0.265338659286499,-0.5274297595024109,-7.335832118988037,0.23566189408302307,1.2851916551589966,1.2565497159957886,0.07921964675188065,-0.3592025637626648,1.4886754751205444,-0.2596953213214874,1.295158863067627
278,43.82392120361328,11.062210083007812,-9.293994903564453,14.42367935180664,0.4077117443084717,-0.045014262199401855,-38.10282897949219,0.2141110897064209,-6.922307968139648,-4.421924591064453,17.541122436523438,3.9618515968322754,2.156071424484253,1.0558509826660156,0.10669887065887451,-2.4689197540283203,9.17999267578125,-0.23411619663238525,-2.0935068130493164,-0.34998422861099243,-0.2755279839038849,7.144874572753906,5.39167594909668,1.5865637063980103
279,40.38631820678711,20.701343536376953,-26.60675048828125,-68.9676513671875,2.082408905029297,1.7201571464538574,-35.516021728515625,8.40511417388916,-7.12570858001709,-7.226692199707031,-1.0996551513671875,-0.06655693054199219,1.4423805475234985,-0.063561350107193,0.10062159597873688,1.6825517416000366,-3.1358156204223633,0.4455717206001282,-3.4949638843536377,-0.2846928536891937,-0.30353423953056335,7.785609245300293,4.3801140785217285,1.6880289316177368
280,47.83064270019531,22.564373016357422,-33.129520416259766,-83.65277099609375,9.501392364501953,-5.7947797775268555,-42.607765197753906,8.112968444824219,-5.792662143707275,-12.32325553894043,-1.544617772102356,-0.2144467979669571,1.8306641578674316,-0.2811206579208374,0.20024606585502625,0.5616229772567749,-2.6104719638824463,1.0074524879455566,-4.7798075675964355,0.45625776052474976,0.23412226140499115,5.2852959632873535,0.8015700578689575,0.1368667036294937
281,7.138174057006836,23.322996139526367,-35.442901611328125,-88.32777404785156,9.752359390258789,-3.8964529037475586,-0.7087841033935547,-1.7201714515686035,1.1955523490905762,-10.316595077514648,-0.6412521600723267,-0.040532976388931274,2.85014009475708,-0.07665962725877762,-0.08790037035942078,-0.6809934973716736,-2.2773773670196533,0.416916161775589,-3.0511186122894287,1.0040066242218018,0.4606441259384155,-0.6952863931655884,-0.43661418557167053,0.12931151688098907
282,-11.661280632019043,8.734391212463379,-18.043685913085938,-77.1109619140625,13.734607696533203,-4.910947322845459,4.064177513122559,3.530445098876953,-4.012362957000732,2.9077024459838867,-0.15359139442443848,-0.03198838233947754,2.852546215057373,-0.1398233324289322,0.10121531039476395,-1.5347256660461426,-1.7582706212997437,0.23982316255569458,-2.4457714557647705,0.780560314655304,0.08654368668794632,-2.8181517124176025,-1.4201273918151855,-1.2998237609863281
283,-8.285130500793457,9.104907035827637,-9.800323486328125,-47.02531051635742,17.90719223022461,-5.955379486083984,11.631288528442383,-1.2691165208816528,-0.4558044373989105,6.699287414550781,0.2902703285217285,0.14016246795654297,3.2895169258117676,-0.39143106341362,0.3065202832221985,-2.0018460750579834,-1.443313717842102,0.21344852447509766,-0.9477745294570923,0.21608346700668335,-0.0011310349218547344,-3.948462963104248,-0.7459875345230103,-1.1879479885101318
284,-24.725910186767578,12.441123962402344,-6.925148963928223,-18.921302795410156,18.753461837768555,-4.222371578216553,23.131973266601562,-13.009466171264648,7.144497871398926,5.029483795166016,0.10357046127319336,0.07533645629882812,2.5231361389160156,-0.20244449377059937,0.22927866876125336,-1.0068285465240479,-0.8606034517288208,-2.018247604370117,0.9034767746925354,-0.8995077013969421,-0.5886848568916321,-6.784589767456055,-1.1375845670700073,-1.2228416204452515
285,-30.384958267211914,-4.546324253082275,7.212037086486816,5.0849761962890625,8.193115234375,-1.7066903114318848,35.14496612548828,-4.965192794799805,7.921581268310547,11.79452133178711,0.5785600543022156,-7.915496826171875e-05,-0.3816660940647125,0.11788546293973923,0.6481302380561829,4.515016555786133,3.5371389389038086,-2.19700026512146,2.7173140048980713,-0.962689220905304,-0.23219192028045654,-8.269905090332031,0.4092697203159332,-1.5776054859161377
286,-27.400325775146484,5.0215559005737305,-2.8173670768737793,-0.6201171875,-0.734107494354248,0.2207794189453125,34.449623107910156,-18.267906188964844,33.6343879699707,-29.559532165527344,-20.0,-7.590361595153809,-1.8812588453292847,-0.08338330686092377,-0.3898184597492218,9.032681465148926,1.5341274738311768,-2.2165067195892334,2.0972344875335693,-1.330763816833496,-0.6009541749954224,-0.22412554919719696,4.509838104248047,0.7629932165145874
287,-20.1442813873291,5.054202079772949,-1.8644042015075684,-12.300434112548828,-0.6103370189666748,0.23598670959472656,14.88632583618164,-21.978679656982422,38.50640106201172,-49.47600555419922,-18.361257553100586,-6.794809818267822,-2.441425323486328,0.3758431077003479,-0.44596439599990845,7.2758588790893555,1.7993720769882202,-1.5343786478042603,1.7769980430603027,-0.06970495730638504,0.3720282018184662,-0.028083384037017822,1.9424972534179688,2.0590693950653076
288,-12.865425109863281,-3.1476263999938965,3.0614962577819824,-13.608978271484375,-0.7756267786026001,0.1406635046005249,12.926101684570312,-13.63691520690918,34.53530502319336,-61.56535339355469,-5.321927547454834,-5.456047058105469,-1.8509029150009155,0.16225150227546692,0.3170580565929413,2.8474202156066895,0.6114442944526672,-0.6471053957939148,1.448256492614746,-0.249471053481102,0.5060039758682251,1.2388875484466553,-2.79293155670166,0.6018610000610352
289,-13.796318054199219,-5.171018123626709,3.236272096633911,-4.946273326873779,-0.45443838834762573,0.09494936466217041,10.61791706085205,-8.759078979492188,24.793663024902344,-74.9833755493164,-0.3162221908569336,0.08021202683448792,-2.045428991317749,0.11090248078107834,0.09093219041824341,0.4131762981414795,0.009936419315636158,0.4933401048183441,1.7954188585281372,-0.06381353735923767,0.19983088970184326,0.26348719000816345,-2.2563419342041016,0.25219854712486267
290,-4.289091110229492,-3.7749335765838623,3.140495538711548,-3.3355226516723633,-0.2875862419605255,-0.06350445747375488,2.412548065185547,-11.862825393676758,18.747411727905273,-64.86555480957031,5.465198516845703,4.010288238525391,-1.2900968790054321,0.02572569251060486,0.4502916634082794,-2.846160888671875,-0.2082512229681015,0.7366892099380493,2.1809308528900146,-0.02204412966966629,0.1493947058916092,-0.41043561697006226,-1.8028349876403809,0.1444733738899231
291,1.697876214981079,-4.849750995635986,1.4182101488113403,6.269796371459961,-0.1162104606628418,-0.03729867935180664,-8.036853790283203,-6.279598712921143,17.17148208618164,-61.5770149230957,10.736831665039062,5.918097496032715,-0.6502991914749146,-0.2040659785270691,0.02908322587609291,-3.6275038719177246,-1.6867281198501587,1.113914132118225,2.4101788997650146,0.1610657274723053,0.009189054369926453,-1.0881311893463135,-1.5325005054473877,0.1694963574409485
292,-0.810922384262085,5.4662299156188965,-3.1682612895965576,4.774684906005859,0.1760411262512207,-0.04369688034057617,-4.72012996673584,-15.158620834350586,10.234661102294922,-29.19131851196289,19.671585083007812,7.287773132324219,-0.5598102807998657,0.21984781324863434,-0.404406875371933,-4.41870641708374,-0.6216070652008057,1.4005331993103027,2.1301748752593994,0.44296783208847046,-0.08669772744178772,-1.1524879932403564,-1.3637691736221313,0.17965304851531982
293,6.0630316734313965,4.633020877838135,-2.953974723815918,4.1154632568359375,-0.02788376808166504,-0.06680178642272949,-3.649101734161377,-9.876412391662598,2.8240225315093994,-8.345325469970703,20.0,4.4201483726501465,0.4136994481086731,0.28488889336586,-0.5460146069526672,-6.082142353057861,-0.9508043527603149,1.7125012874603271,1.4552966356277466,0.2436436265707016,-0.037026576697826385,0.2773566246032715,-0.9498777389526367,1.9963194131851196
294,26.046815872192383,2.2461585998535156,-2.6356000900268555,11.882583618164062,0.4605417847633362,-0.13406729698181152,-25.008716583251953,1.770174503326416,-8.21958065032959,-4.723377227783203,18.249469757080078,4.287561416625977,1.3663498163223267,0.24620306491851807,-0.7385225892066956,-6.2778425216674805,-0.06860175728797913,1.2213910818099976,-1.4979395866394043,-0.2677181363105774,-0.43755629658699036,4.741298198699951,2.799694061279297,1.2215721607208252
295,73.8307113647461,10.116430282592773,-24.696603775024414,-57.61327362060547,-6.561143398284912,6.135385036468506,-48.79534149169922,13.344442367553711,-10.762038230895996,0.2988624572753906,-0.2973642349243164,0.059533119201660156,-0.20380079746246338,0.38776344060897827,-0.12770190834999084,1.0624912977218628,-1.475990653038025,-0.1937752366065979,-4.0177717208862305,-0.20401419699192047,-0.8709580302238464,11.250924110412598,5.684283256530762,2.158296823501587
296,14.780765533447266,18.873390197753906,-29.222597122192383,-88.64411926269531,0.6490411758422852,1.4366978406906128,-21.441951751708984,3.0799367427825928,-0.8550598621368408,-18.446931838989258,-1.848123550415039,-0.26771020889282227,1.3850082159042358,-0.026824792847037315,0.1169651597738266,0.7282823324203491,-2.4975924491882324,0.4665796160697937,-3.921558380126953,0.6252931356430054,-0.06821121275424957,6.062704086303711,0.11428225785493851,1.018467903137207
297,20.21817398071289,14.328191757202148,-19.982885360717773,-69.42977905273438,7.569588661193848,-2.275819778442383,-17.66446876525879,3.9371399879455566,-3.09243106842041,-15.17612075805664,-0.742108941078186,-0.15847623348236084,1.9411734342575073,-0.015240470878779888,0.1506156623363495,-0.14737027883529663,-2.0704896450042725,0.5482540726661682,-3.4264559745788574,1.2417906522750854,0.18073229491710663,0.41767746210098267,-0.15178720653057098,-0.2962224781513214
298,7.001908302307129,8.338469505310059,-17.26807403564453,-63.809051513671875,14.732540130615234,-4.419201374053955,-3.300882339477539,0.06456661224365234,-2.811631202697754,-4.757635116577148,-0.5915622711181641,0.010876655578613281,2.6391730308532715,-0.19471046328544617,0.291526198387146,-1.1114308834075928,-1.7314376831054688,0.46088188886642456,-2.05971360206604,0.7216746807098389,-0.3013010323047638,-3.752694845199585,-2.4388539791107178,-1.4602149724960327
299,-22.785884857177734,14.619011878967285,-16.866802215576172,-61.46931076049805,16.660919189453125,-9.602849006652832,19.173912048339844,-10.044480323791504,5.5414581298828125,8.239105224609375,0.24782752990722656,0.05176496505737305,3.174720287322998,-0.4291139543056488,0.5606992840766907,-2.0406668186187744,-1.4840269088745117,0.9574982523918152,-0.06494391709566116,-0.3428248167037964,-0.2846572697162628,-5.698544979095459,-3.2601966857910156,-2.3881797790527344
300,-19.900390625,8.512630462646484,-10.318906784057617,-37.10329055786133,17.264301300048828,-7.507842540740967,10.925384521484375,5.55023717880249,-2.7397937774658203,14.516365051269531,0.6388533115386963,0.23743486404418945,2.6793973445892334,-0.23352310061454773,0.3312339186668396,-1.5530239343643188,-1.334791898727417,-0.9370467066764832,0.41042008996009827,-0.10899516940116882,-0.7768718004226685,-4.681545257568359,-1.8196195363998413,-2.2824337482452393
301,-23.336444854736328,13.67123794555664,-5.313322067260742,-12.040102005004883,14.956249237060547,-2.9685616493225098,20.356792449951172,-11.157129287719727,10.394623756408691,9.432928085327148,0.4911237955093384,0.14409828186035156,1.1910767555236816,-0.2569245398044586,0.1738104373216629,0.57505202293396,-0.39528417587280273,-2.798591375350952,1.2647744417190552,-0.6244170069694519,-0.08771346509456635,-5.200886249542236,-0.44330644607543945,-1.162984848022461
302,-41.18705749511719,-1.297668695449829,2.494364023208618,0.6061477661132812,1.794076919555664,-0.012879371643066406,45.52482986450195,-9.28325080871582,11.353896141052246,13.589134216308594,0.6886847019195557,-0.06488895416259766,-1.6094896793365479,-0.2281208336353302,-0.13951155543327332,6.386444091796875,4.454432964324951,-1.8895409107208252,3.0171494483947754,-1.3718645572662354,-1.0491392612457275,-1.6356573104858398,7.173967361450195,-0.7189693450927734
303,-34.808467864990234,-5.140570640563965,4.297570705413818,-3.5454063415527344,-1.1653757095336914,0.1568155288696289,47.00499725341797,-17.57923126220703,38.04671859741211,-40.15807342529297,-17.694698333740234,-2.193204641342163,-2.7330446243286133,0.04072698950767517,-0.02731620892882347,9.478253364562988,0.788264274597168,-1.0485985279083252,1.8590435981750488,-0.2493421882390976,4.204362630844116e-05,0.01989048719406128,4.152580261230469,0.2625948488712311
304,-17.876205444335938,-1.1088721752166748,2.2129759788513184,-13.03192138671875,-0.4098091125488281,0.06570243835449219,13.980862617492676,-24.376529693603516,40.777557373046875,-75.4441909790039,-8.151416778564453,-5.507670879364014,-3.0112881660461426,-0.02834133803844452,0.2694549858570099,6.194288730621338,2.5113027095794678,-0.9067497253417969,1.42359459400177,-0.07453373074531555,0.05449637770652771,1.1153082847595215,-2.8283274173736572,0.6101524829864502
305,-17.010616302490234,2.611084222793579,-3.6514077186584473,-10.235679626464844,-0.8293366432189941,0.17418700456619263,15.732641220092773,-16.25333595275879,41.813148498535156,-66.74816131591797,-5.8777594566345215,-2.862873077392578,-2.9064176082611084,0.06879763305187225,-0.5888593196868896,3.1906886100769043,0.9394548535346985,-0.4354918897151947,1.8008171319961548,0.22067493200302124,0.027272269129753113,0.4169764816761017,-2.347123146057129,0.3450273871421814
306,-11.737594604492188,-1.961222529411316,3.110441207885742,-8.983810424804688,-0.6059653162956238,0.08156180381774902,7.9902849197387695,-12.388046264648438,30.518535614013672,-61.96706008911133,4.094961166381836,-0.5068259239196777,-2.675955295562744,0.006185423582792282,-0.09447471797466278,-0.8928965330123901,0.2804030179977417,1.0422165393829346,2.0748395919799805,0.1623174250125885,0.06291651725769043,-0.22248475253582,-1.9857686758041382,0.011136665940284729
307,-2.476144790649414,-5.718809604644775,4.186249732971191,1.9770689010620117,-0.20217841863632202,-0.10197114944458008,-0.802215576171875,-11.03315258026123,22.204904556274414,-56.06932067871094,13.102863311767578,4.435583114624023,-2.1141324043273926,-0.1546402871608734,0.46429702639579773,-2.5649852752685547,-0.27106204628944397,1.6485267877578735,2.217844009399414,0.2233131229877472,0.21254484355449677,-0.6243405342102051,-1.7179961204528809,0.09402790665626526
308,3.3196520805358887,3.181553363800049,-1.630550742149353,0.7728309631347656,-0.2965240478515625,-0.11617708206176758,-4.636945724487305,-9.371224403381348,12.794978141784668,-34.69853973388672,20.0,9.35814094543457,-1.1459823846817017,0.18102774024009705,0.3747154474258423,-5.1793928146362305,-1.7120094299316406,1.875542163848877,2.4248712062835693,0.35510706901550293,0.04008082300424576,-1.13094961643219,-1.4158304929733276,-0.582439124584198
309,4.144486427307129,3.3635005950927734,-2.6184403896331787,6.986011505126953,0.2374669313430786,-0.13730430603027344,-7.3504414558410645,-12.793671607971191,4.9940080642700195,-22.906993865966797,20.0,6.510919094085693,-0.6160477995872498,0.264932781457901,-0.07138688117265701,-6.137623310089111,-0.26021480560302734,1.6295660734176636,2.0720291137695312,0.35767698287963867,-0.014415392652153969,-0.6457080245018005,-1.6616220474243164,1.8648245334625244
310,18.496843338012695,5.979928970336914,-5.9907426834106445,10.494403839111328,0.09266257286071777,-0.08092451095581055,-15.621455192565918,-7.7732834815979,-0.1749914586544037,-9.930973052978516,20.0,4.373294353485107,0.7440862059593201,0.5707017779350281,-0.6102109551429749,-6.533998966217041,-1.276541829109192,1.2226669788360596,0.752687394618988,0.2487490326166153,-0.10155847668647766,1.9120105504989624,-0.08680807799100876,2.943284034729004
311,39.36762237548828,6.76867151260376,-17.06354331970215,-27.932233810424805,-16.119403839111328,2.134819269180298,-37.71156311035156,3.5208592414855957,-7.590871810913086,-0.08501815795898438,14.070720672607422,2.6298632621765137,2.1575450897216797,0.6474575400352478,0.28116750717163086,-1.0162301063537598,8.484134674072266,0.24285736680030823,-2.614276170730591,-0.4456678032875061,-0.45568564534187317,7.773435115814209,6.237126350402832,2.284879207611084
312,44.19649124145508,29.94615364074707,-34.141090393066406,-74.69068145751953,0.06399869918823242,0.6662595272064209,-38.602134704589844,0.4906885623931885,-2.6900510787963867,-6.709926605224609,-1.3520002365112305,-0.23205780982971191,1.4058024883270264,-0.13378582894802094,0.25843027234077454,1.2232123613357544,-2.73862624168396,0.6873401403427124,-4.318083763122559,-0.4432557225227356,0.3162866532802582,9.060494422912598,3.8662383556365967,1.5023531913757324
313,18.586380004882812,25.63815689086914,-37.886409759521484,-96.3839111328125,2.3313148021698,-1.7980313301086426,-21.02658462524414,-2.236889123916626,-0.01940774917602539,-16.58451271057129,-1.5061472654342651,-0.17285847663879395,1.9721118211746216,-0.12526020407676697,0.15101495385169983,-0.08451100438833237,-2.2569189071655273,0.6841515302658081,-3.975992202758789,-0.13190029561519623,0.676712691783905,3.3022398948669434,-0.30504119396209717,1.0339146852493286
314,15.731678009033203,17.951313018798828,-25.27520179748535,-71.93778991699219,7.900881767272949,-2.3454184532165527,-12.042764663696289,4.315362930297852,-4.358489513397217,-6.017594337463379,-0.34684911370277405,-0.11266468465328217,2.544544219970703,-0.05855303257703781,0.1349826157093048,-0.8072101473808289,-1.9085097312927246,0.5668745040893555,-3.459994077682495,0.32238802313804626,0.6728391647338867,-0.1869458705186844,-0.018203476443886757,0.026954656466841698
315,7.250299453735352,14.109910011291504,-18.75562286376953,-50.46586990356445,15.902854919433594,-5.42740535736084,-5.0914106369018555,-3.4107589721679688,-0.3255760669708252,-0.6654167175292969,-0.397244930267334,-0.046955108642578125,2.9255917072296143,-0.03357255086302757,0.41498371958732605,-1.3255119323730469,-1.6358957290649414,0.286176472902298,-2.8418941497802734,-0.02191830426454544,0.6381176710128784,-2.4727890491485596,-1.358565330505371,-1.0659931898117065
316,-10.748361587524414,5.56927490234375,-12.251022338867188,-32.900306701660156,16.626968383789062,-5.980331897735596,7.957486152648926,0.7791748642921448,-0.7339650392532349,2.791994094848633,0.01808762550354004,0.09675908088684082,2.771491527557373,-0.15672066807746887,0.258120059967041,-1.47929847240448,-1.5929243564605713,0.3045434057712555,-1.812637209892273,-0.17718979716300964,0.353898286819458,-4.806100368499756,-1.3673863410949707,-1.1665674448013306
317,-35.44927978515625,10.485960006713867,-11.68797779083252,-38.488094329833984,15.853265762329102,-5.820512771606445,27.85542869567871,-6.516690254211426,5.054476737976074,11.895353317260742,0.3840341567993164,0.0539703369140625,2.421579360961914,-0.18672709167003632,0.12481360137462616,-1.4912216663360596,-1.6279478073120117,-0.7840387225151062,-0.1729799211025238,-0.7748973965644836,0.17890062928199768,-5.830095291137695,-1.349826693534851,-1.4160327911376953
318,-31.7117919921875,0.08375021815299988,-1.9801782369613647,-25.95110321044922,17.573129653930664,-4.356077671051025,30.025325775146484,6.694951057434082,-1.7121062278747559,17.995315551757812,0.6478569507598877,0.0733346939086914,2.310258388519287,-0.08666721731424332,-0.005751052871346474,-0.7699493169784546,-1.5311274528503418,-1.5847362279891968,1.3203740119934082,-0.7081214189529419,-0.355597585439682,-4.295349597930908,-1.0129024982452393,-2.5819966793060303
319,-41.02344512939453,-7.2231364250183105,10.318453788757324,0.6724872589111328,8.465591430664062,-2.2017016410827637,40.420616149902344,-6.086560249328613,9.024670600891113,10.172945022583008,0.6388145685195923,0.13985013961791992,-1.3950104713439941,-0.20920489728450775,-0.19177553057670593,4.966605186462402,2.8474185466766357,-2.159369707107544,2.7519946098327637,-0.8722234964370728,0.3411571681499481,-5.998247146606445,0.5650693774223328,-2.114734172821045
320,-38.797096252441406,-0.4246353507041931,1.643531084060669,-0.8627662658691406,-0.6643972396850586,0.17065763473510742,58.71381759643555,-20.14876365661621,44.53042221069336,-36.48058319091797,-17.098567962646484,-7.117551803588867,-2.777660608291626,-0.023389024659991264,-0.588841438293457,9.551733016967773,2.5356719493865967,-2.1644625663757324,1.8765348196029663,-0.844506025314331,-0.6439401507377625,-0.4514370560646057,5.267172336578369,1.1778595447540283
321,-16.154834747314453,2.472398281097412,-1.3478713035583496,-10.716150283813477,-0.6083478927612305,0.2232065200805664,17.00680160522461,-23.76454734802246,51.4471549987793,-71.44416809082031,-9.71957015991211,-9.583826065063477,-2.8508968353271484,-0.2601669728755951,-0.7166176438331604,7.410929203033447,2.9352946281433105,-1.7820062637329102,1.4437942504882812,-0.1832830309867859,0.044414177536964417,1.5194239616394043,-3.1607472896575928,0.7524834871292114
322,-13.203459739685059,-6.877303123474121,5.975754737854004,-7.2642974853515625,-0.7583884000778198,0.11892712116241455,13.158994674682617,-7.648745536804199,43.46943664550781,-86.95442962646484,-10.034611701965332,-5.920508861541748,-2.4107799530029297,-0.28112608194351196,0.4421674907207489,5.012274742126465,1.1090251207351685,-0.8960142135620117,1.8920944929122925,-0.1788710355758667,0.24119311571121216,0.711588442325592,-2.581998348236084,0.6732717752456665
323,-13.13815975189209,7.191542148590088,-4.511377811431885,-15.155867576599121,-0.7836612462997437,0.20403918623924255,11.523531913757324,-13.1396484375,36.60795211791992,-71.83141326904297,-2.5075578689575195,0.044940635561943054,-1.8541901111602783,0.010106872767210007,-0.23945221304893494,-0.8075878024101257,0.4485608637332916,0.25518617033958435,2.5801444053649902,-0.08617816865444183,0.012482479214668274,-0.3691801428794861,-2.0109305381774902,0.12054513394832611
324,-6.533168792724609,-2.1989500522613525,2.4649875164031982,0.19123268127441406,-0.3844645023345947,-0.011812925338745117,0.2748908996582031,-5.349017143249512,21.272933959960938,-64.22602844238281,3.0531516075134277,3.244455337524414,-1.57337486743927,0.40412986278533936,0.1006956547498703,-2.7632381916046143,-0.8851661086082458,1.0795263051986694,2.7405500411987305,0.2402065247297287,-0.06157669425010681,-1.056047797203064,-1.5601423978805542,-0.07208675146102905
325,-4.775237083435059,-9.643587112426758,7.344640731811523,4.881760597229004,0.04346063733100891,-0.1384124755859375,-6.2425384521484375,-6.726517677307129,13.814324378967285,-56.80268096923828,15.50299072265625,6.280396938323975,-1.7110888957977295,-0.0758662149310112,0.9549494385719299,-4.034212589263916,0.14767347276210785,1.8481454849243164,2.4049925804138184,0.13380025327205658,-0.00027035176753997803,-1.4381020069122314,-1.2243239879608154,0.14862722158432007
326,7.694553852081299,6.695298194885254,-7.641767501831055,2.3724365234375,-0.2557488679885864,-0.032866477966308594,-11.61266803741455,-12.8706693649292,7.145639896392822,-18.45317268371582,20.0,4.730122089385986,-0.8028635382652283,0.055785853415727615,-0.2973715364933014,-6.340115070343018,-0.998441219329834,2.028066396713257,1.878626823425293,0.4456164538860321,0.22760537266731262,-0.9199106693267822,-1.0295305252075195,1.5579971075057983
327,9.034674644470215,-3.477360725402832,2.930447816848755,13.811022758483887,0.2728302478790283,-0.18807744979858398,-2.0443029403686523,0.5197958946228027,-8.152806282043457,-7.046672344207764,20.0,4.704209327697754,-0.19452808797359467,0.20419034361839294,-0.31979987025260925,-4.350769996643066,-1.3462589979171753,2.2110323905944824,1.4877969026565552,0.5962830781936646,-0.14698021113872528,0.30296868085861206,-0.25843575596809387,0.19856128096580505
328,38.83124923706055,11.730307579040527,-10.145820617675781,1.4469337463378906,0.3341558575630188,-0.12973237037658691,-35.695919036865234,9.79883861541748,-13.335399627685547,5.2647705078125,13.376791000366211,3.19289493560791,2.1787161827087402,0.29845350980758667,-1.2411879301071167,-9.84509563446045,-0.26809197664260864,1.1709598302841187,-2.721766948699951,0.2521038353443146,-0.8023213148117065,7.515902996063232,6.317873477935791,0.9126111268997192
329,44.78380584716797,13.3270845413208,-17.544790267944336,-62.24095153808594,2.385366439819336,3.000117301940918,-42.06910705566406,6.0219926834106445,-4.674479961395264,-8.353092193603516,-1.4099068641662598,0.04744577407836914,1.0968525409698486,-5.017966032028198e-05,0.3263518512248993,1.4395089149475098,-2.8165762424468994,0.2973572313785553,-4.422758102416992,-0.28555408120155334,-0.4422838091850281,10.181716918945312,2.9114136695861816,2.6755940914154053
330,15.285726547241211,15.565093994140625,-23.64357566833496,-87.02513122558594,1.4966535568237305,-1.4203648567199707,-17.584070205688477,9.191192626953125,-4.393243312835693,-17.583202362060547,-1.2354570627212524,-0.3579759895801544,1.5464451313018799,-0.10957279801368713,0.12023772299289703,0.37480244040489197,-2.2900772094726562,0.5649521946907043,-3.962465763092041,0.9521059393882751,0.06435203552246094,4.361139297485352,0.5058037638664246,0.23727364838123322
331,17.270824432373047,21.5177001953125,-26.153627395629883,-71.92739868164062,6.637078762054443,-5.755749225616455,-15.995132446289062,-3.5504753589630127,0.41074085235595703,-10.944766998291016,-0.7967325448989868,-0.07608252763748169,2.0806362628936768,-0.18875721096992493,0.22486336529254913,-0.5177569389343262,-1.9105995893478394,0.8543756604194641,-3.521867513656616,0.8968565464019775,0.2672550082206726,-0.22477012872695923,-0.8655669093132019,-0.5102953910827637
332,-9.556241989135742,10.307851791381836,-19.4869327545166,-77.93494415283203,12.312731742858887,-6.245614051818848,3.8053579330444336,4.114903926849365,-5.183073997497559,2.0301132202148438,-0.07962274551391602,0.07649540901184082,2.358487367630005,-0.0725662112236023,0.34954094886779785,-1.407274842262268,-1.589240312576294,0.6270942091941833,-2.6382694244384766,0.8201163411140442,-0.4988451302051544,-2.80717396736145,-1.1874953508377075,-1.369218111038208
333,-4.762005805969238,10.797024726867676,-15.364523887634277,-56.90797805786133,17.028453826904297,-11.603673934936523,8.102245330810547,-1.0478256940841675,-0.4774177074432373,8.94583511352539,0.13251829147338867,0.11149835586547852,3.133089065551758,-0.368025004863739,0.5410440564155579,-2.415128231048584,-1.5719308853149414,1.3208873271942139,-1.1359483003616333,0.27267423272132874,-0.6308193206787109,-3.0356483459472656,-2.3546667098999023,-1.9402791261672974
334,-24.61937713623047,10.157365798950195,-12.285107612609863,-29.554086685180664,15.532873153686523,-5.722795009613037,20.576900482177734,-9.297823905944824,8.053555488586426,5.10099983215332,0.29122161865234375,0.09289312362670898,2.648125410079956,-0.35881057381629944,0.2899906635284424,-1.5967973470687866,-1.2597588300704956,-2.6974310874938965,0.5202296376228333,-0.3331661522388458,-0.29705125093460083,-5.344456195831299,-2.600430488586426,-1.9279804229736328
335,-32.223960876464844,-0.3387138545513153,0.270991712808609,2.632380485534668,9.04168701171875,-1.5177836418151855,33.81504821777344,-7.6026997566223145,8.01616382598877,8.42636489868164,0.5646662712097168,0.10582685470581055,-0.3743208348751068,-0.03950447589159012,0.006570414640009403,3.2129108905792236,2.094683885574341,-3.406881093978882,2.3353517055511475,-0.53877854347229,-0.41835641860961914,-7.913811206817627,-1.5992419719696045,-1.8581128120422363
336,-36.01660919189453,8.091935157775879,-3.301893711090088,-2.215545654296875,-0.4730048179626465,0.3677520751953125,41.153594970703125,-20.360502243041992,19.764081954956055,18.592727661132812,0.6267058849334717,-0.19612979888916016,-2.6094512939453125,-0.4564298987388611,-0.919792115688324,8.252013206481934,2.3710012435913086,-2.5734357833862305,3.495805501937866,-1.8456071615219116,-0.5144760608673096,-2.251498222351074,5.717067241668701,-0.03698208928108215
337,-27.325546264648438,-4.826773166656494,4.25104284286499,-8.280231475830078,-0.7726548910140991,0.25223731994628906,36.52871322631836,-12.551309585571289,36.26234817504883,-34.118900299072266,-13.848516464233398,-12.706098556518555,-3.0679855346679688,0.15260423719882965,-0.09388072788715363,8.834278106689453,0.9418596625328064,-0.9687579870223999,1.4720383882522583,-1.0680633783340454,-0.28756821155548096,0.19758491218090057,4.554139137268066,0.5888892412185669
338,-7.102474212646484,2.7038326263427734,0.11379849910736084,-15.223719596862793,-0.4686746597290039,0.08731114864349365,3.981924533843994,-17.642288208007812,31.820533752441406,-56.039241790771484,-18.66721534729004,-7.8898444175720215,-2.7376890182495117,0.07861784100532532,-0.17803630232810974,4.402088165283203,1.684329628944397,-0.7479991316795349,1.6871989965438843,-0.5152541399002075,0.19289544224739075,0.004469066858291626,1.919404149055481,1.892695426940918
339,1.3807611465454102,-1.253364086151123,0.3358662724494934,-8.656405448913574,-0.5884720087051392,0.12338662147521973,-5.712458610534668,-10.091474533081055,25.168987274169922,-65.19596862792969,-6.170219421386719,-5.111642837524414,-1.7615150213241577,0.205979123711586,0.0917021632194519,0.6193467378616333,-0.275356650352478,0.2673107981681824,1.464996099472046,-0.33123666048049927,0.3194495141506195,1.2466758489608765,-2.773169755935669,0.6874016523361206
340,-3.585636615753174,-0.1431131362915039,0.3762763738632202,-1.585886001586914,-0.2182307243347168,-0.041666943579912186,3.034478187561035,-12.593417167663574,22.05768394470215,-65.73350524902344,-2.317185878753662,-1.7911157608032227,-0.9515461325645447,0.4861604571342468,0.009482860565185547,-1.673062801361084,-1.0036431550979614,-0.009423013776540756,2.105384111404419,-0.11641529947519302,0.11791151016950607,0.46133625507354736,-2.4627275466918945,0.5664061307907104
341,0.9305076599121094,-4.777544021606445,1.465721607208252,1.8275890350341797,-0.057506561279296875,0.057331085205078125,-12.043354034423828,-10.051763534545898,17.806320190429688,-64.68262481689453,5.787583351135254,2.9986824989318848,-0.40305760502815247,0.23634174466133118,-0.16722562909126282,-3.8494057655334473,-1.4184989929199219,0.9101590514183044,2.020249605178833,0.04140682518482208,0.10201259702444077,-0.0982513576745987,-1.9311569929122925,0.3155350685119629
342,0.1302785873413086,-2.9116857051849365,1.5069963932037354,7.751420021057129,0.20824086666107178,-0.016592025756835938,-10.435775756835938,-9.619549751281738,12.649128913879395,-48.87430953979492,14.887264251708984,5.209745407104492,-0.3939809799194336,0.22652368247509003,-0.3477292060852051,-4.038445949554443,-0.6353956460952759,2.1193504333496094,1.7840312719345093,0.23926669359207153,-0.03368033468723297,-0.4320182800292969,-1.682495355606079,0.19963997602462769
343,-0.720728874206543,7.527899265289307,-5.371556282043457,-4.2956085205078125,-0.3792412281036377,-0.11379384994506836,1.9484729766845703,-2.453252077102661,-5.1358642578125,-1.7850067615509033,20.0,5.557347774505615,0.4803818166255951,0.7955193519592285,-1.0841997861862183,-8.447113037109375,-1.4181668758392334,1.9374456405639648,0.7628666162490845,0.44946804642677307,-0.4088978171348572,1.0231714248657227,-0.20124348998069763,-0.279154896736145
344,32.864498138427734,-2.1778719425201416,-7.981402397155762,-34.95269012451172,-20.0,-6.952142715454102,-30.32085418701172,10.01582145690918,-11.199706077575684,4.471549987792969,8.427918434143066,2.0383260250091553,1.6397228240966797,1.0305804014205933,0.1482892483472824,3.184781074523926,-0.924613356590271,0.3092663288116455,-1.7535837888717651,0.3399852514266968,-0.2112736701965332,7.517371654510498,4.880749702453613,1.5858440399169922
345,46.21936798095703,17.638750076293945,-24.321563720703125,-93.44651794433594,6.729706764221191,-5.336482048034668,-54.79064178466797,18.216602325439453,-15.106928825378418,-7.361732482910156,-1.4715542793273926,-0.07865011692047119,0.9342299699783325,-0.37514442205429077,0.12390092015266418,0.848379373550415,-2.3388402462005615,1.015695333480835,-4.591002464294434,0.47678855061531067,-0.8093762993812561,9.43502426147461,1.6458816528320312,0.3495074510574341
346,27.403650283813477,12.544952392578125,-26.925039291381836,-92.97970581054688,9.889010429382324,-5.5261640548706055,-24.28667449951172,6.124027252197266,-3.0389976501464844,-16.98092269897461,-0.9936419725418091,-0.08368507027626038,2.0388600826263428,-0.21620498597621918,0.4149777889251709,-0.48152655363082886,-1.9412970542907715,1.1629927158355713,-4.066469669342041,1.7164936065673828,0.13514137268066406,3.812023401260376,0.7748486399650574,-0.19678598642349243
347,-0.825200080871582,19.871007919311523,-25.801298141479492,-74.22460174560547,8.760581970214844,-4.464693069458008,-2.9699745178222656,-7.684810638427734,2.9450676441192627,-7.737931251525879,-0.606838583946228,-2.0369887351989746e-05,2.4885265827178955,-0.24519281089305878,0.5332667827606201,-1.389739990234375,-1.5920604467391968,0.7606163024902344,-3.261580467224121,1.5065083503723145,0.43193286657333374,-0.3259073495864868,-0.7617946267127991,-0.04623369872570038
348,-14.46561050415039,18.87125015258789,-22.16187858581543,-58.777835845947266,13.391766548156738,-6.644355297088623,11.398082733154297,-13.655607223510742,6.880763053894043,-0.6977939605712891,-0.12224936485290527,-0.04011350870132446,2.7601475715637207,-0.6176121830940247,0.4321286678314209,-2.132509469985962,-1.172649621963501,0.8247662782669067,-1.4924393892288208,0.2692919373512268,0.5184146761894226,-3.6600451469421387,-1.6314163208007812,-0.2088741809129715
349,-24.394100189208984,7.877248764038086,-7.597068786621094,-29.8887996673584,15.743132591247559,-5.5635786056518555,21.389123916625977,-4.2270941734313965,1.1866127252578735,6.3567962646484375,0.1372671127319336,-0.03694558143615723,2.563070774078369,-0.38872769474983215,0.3450479805469513,-1.8357505798339844,-1.1205378770828247,-1.493493676185608,0.2826416492462158,-0.3438892066478729,-0.18228913843631744,-5.711644649505615,-2.985414743423462,-1.821987271308899
350,-36.86839294433594,-5.471935272216797,3.3821287155151367,-6.925234794616699,9.917502403259277,-2.776296615600586,36.52759552001953,0.36786115169525146,2.4441795349121094,10.45785903930664,0.6100983619689941,0.07927513122558594,0.4504711925983429,-0.07325199991464615,0.22689399123191833,1.5772708654403687,1.1571599245071411,-2.119220495223999,2.3410794734954834,-0.45154058933258057,-0.676654577255249,-7.892373561859131,-2.656069755554199,-3.1450860500335693
351,-40.575782775878906,7.765138626098633,-1.438347339630127,2.7632064819335938,-0.2088942527770996,0.16649913787841797,46.74607467651367,-22.18179702758789,21.1553955078125,16.577350616455078,0.9183073043823242,0.10518336296081543,-2.3445045948028564,0.2122621089220047,0.05839486047625542,8.80777359008789,3.141528844833374,-2.1609277725219727,4.293246746063232,-1.8191007375717163,-0.8926922082901001,-2.1845288276672363,8.573151588439941,2.189702272415161
352,-31.335535049438477,-4.744443893432617,1.5583677291870117,-9.010055541992188,-0.9388186931610107,0.21053218841552734,37.10234832763672,-13.136699676513672,40.139137268066406,-33.849971771240234,-15.15347671508789,-8.992298126220703,-3.279315233230591,0.1250990629196167,-0.3349268436431885,9.687305450439453,1.5585540533065796,-1.6540870666503906,1.5783127546310425,-0.36529868841171265,0.10028772056102753,0.1694565713405609,2.926569938659668,0.7850499749183655
353,-20.533905029296875,-3.6082682609558105,4.38508415222168,-20.027729034423828,-0.8509657382965088,0.1597590446472168,20.848403930664062,-11.168692588806152,36.59145736694336,-56.09062194824219,-2.190718173980713,-2.443387031555176,-2.973479986190796,-0.01869210973381996,0.7084559202194214,3.9789857864379883,1.387418270111084,-0.19659423828125,1.380418300628662,-0.3039248287677765,0.43733417987823486,1.262441635131836,-2.772364377975464,0.466377317905426
354,-6.155350685119629,-5.896420001983643,1.6471962928771973,-6.875032901763916,-0.45250940322875977,0.0751563310623169,3.615976333618164,-3.825838804244995,27.175458908081055,-70.6187515258789,1.6429619789123535,-0.06512127816677094,-2.6083931922912598,-0.5115546584129333,-0.06987874209880829,0.7554136514663696,0.9707667231559753,0.5161232352256775,1.9401439428329468,-0.2978250980377197,0.04084061086177826,0.2972610890865326,-2.3753347396850586,0.23059692978858948
355,-8.409790992736816,-0.8620867729187012,0.8715852499008179,-5.635570526123047,-0.4956260919570923,-0.002523660659790039,4.097555160522461,-12.948171615600586,26.93899917602539,-54.26572799682617,15.312492370605469,2.1735682487487793,-2.253999710083008,-0.4108333885669708,0.16629278659820557,-3.000185251235962,0.7606601119041443,1.311065435409546,1.9453643560409546,-0.07787270843982697,0.24560222029685974,-0.2691851854324341,-1.8768073320388794,0.20937864482402802
356,1.6435494422912598,-3.301758289337158,1.5430891513824463,5.700990676879883,-0.26586639881134033,-0.06609487533569336,0.14883041381835938,-2.8048439025878906,14.84405517578125,-45.38664245605469,20.0,6.156627655029297,-1.3072184324264526,-0.05513245612382889,-0.017337212339043617,-3.7652766704559326,-1.085808277130127,2.2422685623168945,2.3809738159179688,0.40441077947616577,0.14565914869308472,-0.9291677474975586,-1.5148104429244995,-0.29585981369018555
357,1.9277544021606445,4.003269195556641,-1.6005114316940308,2.5159988403320312,-0.17464780807495117,-0.17485618591308594,-3.7958273887634277,-10.753218650817871,4.687047481536865,-18.73294448852539,20.0,5.838841438293457,-0.7430989742279053,0.1343124955892563,-0.15714822709560394,-5.708024501800537,-2.1361477375030518,2.2631189823150635,2.10396409034729,0.39494794607162476,0.09797132760286331,-0.5872154235839844,-1.6527639627456665,1.2345539331436157
358,16.685300827026367,10.919304847717285,-7.573953151702881,5.221427917480469,0.2711763381958008,-0.18615186214447021,-13.804417610168457,-12.001052856445312,-0.1907426416873932,-4.42350959777832,20.0,3.8063879013061523,0.75565505027771,0.4393574595451355,-0.5171167254447937,-8.385324478149414,-1.0647715330123901,0.9459633231163025,0.16638019680976868,-0.060103096067905426,-0.12667952477931976,2.8470051288604736,0.5843440294265747,2.774132251739502
359,43.32509231567383,11.312010765075684,-25.691923141479492,-45.873260498046875,-20.0,2.4823832511901855,-36.61445617675781,3.154153347015381,-7.093161582946777,0.9659156799316406,9.077868461608887,1.6775965690612793,1.0752501487731934,0.4431695342063904,0.28443002700805664,1.0246613025665283,-2.2405271530151367,0.8194636106491089,-2.359110116958618,-0.6020464897155762,-0.6990222930908203,8.364065170288086,7.135586261749268,2.3900628089904785
360,50.96993637084961,23.4334659576416,-29.10121726989746,-78.93167877197266,3.755598545074463,-0.8578542470932007,-52.68647003173828,13.227682113647461,-10.468011856079102,-10.058692932128906,-1.8737192153930664,-0.2023477554321289,1.236091136932373,-0.33795806765556335,0.053043220192193985,0.9611614346504211,-2.4319887161254883,0.579759418964386,-4.956576824188232,0.09214481711387634,-0.40469250082969666,9.026899337768555,2.633239984512329,1.0738887786865234
361,12.60950756072998,25.270191192626953,-29.894065856933594,-84.08781433105469,2.399841785430908,-1.5635786056518555,-12.432071685791016,-5.45503044128418,4.392245292663574,-17.06617546081543,-1.1982313394546509,-0.2039778232574463,2.0696284770965576,-0.2175411880016327,0.3028700351715088,-0.23065784573554993,-2.1425106525421143,0.6053578853607178,-4.261230945587158,0.6276140213012695,1.0207754373550415,3.0529837608337402,-0.1056106835603714,0.6446235775947571
362,-0.4346427917480469,18.097740173339844,-25.85690689086914,-78.2638168334961,7.256906509399414,-1.0829923152923584,-0.7492389678955078,2.653533935546875,-3.491516590118408,-5.328081130981445,-0.23559868335723877,-0.07729262113571167,2.4849987030029297,-0.13135628402233124,0.048137400299310684,-1.0425126552581787,-1.745793104171753,0.2100767195224762,-3.172833204269409,0.8552839756011963,0.5603762269020081,-1.0992393493652344,0.503256618976593,-0.43051546812057495
363,-3.1873397827148438,22.21554183959961,-20.398452758789062,-50.86061096191406,14.52525806427002,-5.169639587402344,2.590972900390625,-10.715459823608398,3.427313804626465,1.702871322631836,-0.45412397384643555,0.04934340715408325,2.6984691619873047,-0.27197545766830444,0.19298630952835083,-1.513391137123108,-1.5196021795272827,0.38870546221733093,-2.225188732147217,-0.2212926745414734,0.2932329475879669,-2.9932656288146973,-2.2029688358306885,-0.2853798568248749
364,-19.900558471679688,8.340968132019043,-13.87033462524414,-51.76311492919922,18.189552307128906,-7.816401481628418,15.46859359741211,2.9901320934295654,-2.7494757175445557,7.148658752441406,0.3188920021057129,-0.02412128448486328,2.950221061706543,0.04126046970486641,0.29726463556289673,-1.9829356670379639,-1.4362112283706665,0.4004404544830322,-0.6543489694595337,-0.16009673476219177,-0.40691903233528137,-4.911147594451904,-1.8866549730300903,-2.1541073322296143
365,-28.62993621826172,5.487103462219238,-4.086315155029297,-27.494213104248047,19.55812644958496,-5.315908908843994,21.418729782104492,-1.0031113624572754,2.562265396118164,11.894896507263184,0.46941232681274414,0.1508340835571289,2.3276147842407227,-0.13976117968559265,0.17449571192264557,-1.4864994287490845,-1.2854540348052979,-1.7265746593475342,0.3579406142234802,-0.6938604712486267,-0.4934612214565277,-4.875190734863281,-1.621738076210022,-2.3562448024749756
366,-36.7211799621582,-4.798779487609863,5.879743576049805,-6.661903381347656,12.068662643432617,-3.399284839630127,38.64748001098633,-7.446906566619873,9.190980911254883,9.664453506469727,0.5743193626403809,0.0986948013305664,0.07797480374574661,-0.13001520931720734,0.36582961678504944,2.217789888381958,1.4185523986816406,-2.4663426876068115,2.3464200496673584,-1.2023494243621826,-0.022538909688591957,-6.904409885406494,-0.8256916403770447,-2.535356044769287
367,-38.64699172973633,3.182734727859497,1.478440761566162,1.9316062927246094,-0.23091650009155273,0.18059921264648438,47.54920196533203,-14.308055877685547,17.58843231201172,17.31949234008789,0.812532901763916,-0.03113842010498047,-2.4080543518066406,0.31676363945007324,0.15176595747470856,9.353348731994629,3.2223634719848633,-2.412142515182495,2.1050362586975098,-1.6425237655639648,-0.5200679302215576,-1.7184886932373047,7.762461185455322,4.874558925628662
368,-27.497955322265625,-7.775489807128906,3.4796977043151855,-11.731426239013672,-1.0328266620635986,0.2925368547439575,32.80310821533203,-12.71530532836914,37.294883728027344,-36.079917907714844,-16.81527328491211,-9.529107093811035,-2.932551145553589,-0.5294312834739685,-0.33298856019973755,8.701630592346191,1.0090056657791138,-0.6417863368988037,1.4954453706741333,-0.33862167596817017,0.3241904675960541,0.417536199092865,3.0771796703338623,0.35972481966018677
369,-15.936001777648926,4.529536247253418,-1.4866442680358887,-15.875580787658691,-0.5442123413085938,0.056291818618774414,17.6074275970459,-17.980566024780273,37.426998138427734,-65.08840942382812,-7.086354732513428,-7.5943827629089355,-2.524848699569702,-0.017345285043120384,-0.2172311395406723,4.086682319641113,1.9675707817077637,-0.8704267144203186,1.542884111404419,-0.17390874028205872,0.20611804723739624,1.2800943851470947,-2.84546160697937,0.7025342583656311
370,-13.229024887084961,-6.378484725952148,5.707962989807129,-5.934525489807129,-0.6462926864624023,0.049922697246074677,10.881475448608398,-5.169436454772949,32.21437454223633,-71.94634246826172,-0.6900968551635742,-3.2306861877441406,-2.4751482009887695,-0.03304043412208557,0.64247065782547,1.4680765867233276,0.544228732585907,0.06817217171192169,1.862141489982605,-0.22356295585632324,0.15879395604133606,0.5191035866737366,-2.440790891647339,0.38193219900131226
371,-7.289070129394531,1.0465421676635742,-1.2474775314331055,-6.986413955688477,-0.5074160099029541,0.07650566101074219,4.3012847900390625,-16.03608512878418,28.978256225585938,-69.91067504882812,9.075119018554688,2.663360834121704,-1.8576338291168213,-0.14509448409080505,0.3324195444583893,-2.9874136447906494,0.10087578743696213,1.0768847465515137,2.2296674251556396,-0.12728726863861084,0.1385960727930069,-0.3807404637336731,-1.8152297735214233,0.041099026799201965
372,-1.0666933059692383,-3.72088360786438,2.1262030601501465,5.024518966674805,-0.25751280784606934,-0.08304619789123535,-0.986083984375,-6.094836235046387,14.696772575378418,-55.38039779663086,17.994226455688477,7.417464733123779,-1.122536301612854,0.036133039742708206,0.2493114322423935,-4.214629173278809,-1.5315386056900024,1.556131362915039,2.6119542121887207,0.21645598113536835,-0.005564764142036438,-1.1661245822906494,-1.460466980934143,-0.10892069339752197
373,4.221837043762207,5.602439880371094,-5.547211647033691,3.5884971618652344,-0.03667163848876953,-0.04085993766784668,-9.065431594848633,-8.360795974731445,8.834893226623535,-16.876008987426758,20.0,4.80494499206543,-0.586720883846283,0.18543590605258942,-0.6607988476753235,-5.867748737335205,-2.0591161251068115,1.7207568883895874,2.062861680984497,0.42947185039520264,0.13337166607379913,-0.7119190096855164,-1.4483636617660522,1.2968305349349976
374,24.60049057006836,5.23304557800293,-2.7578248977661133,9.312419891357422,0.4492030143737793,-0.15440702438354492,-19.590051651000977,-3.302947521209717,-5.8545098304748535,-3.4941139221191406,19.26044464111328,4.23655366897583,1.0058543682098389,0.3150436580181122,-0.37184858322143555,-7.2576904296875,-1.193724513053894,1.3016393184661865,-0.06336291134357452,-0.14761674404144287,-0.2252790480852127,3.0316429138183594,1.331656575202942,1.13321852684021
375,36.588294982910156,8.093571662902832,-14.109456062316895,-15.935273170471191,-17.259510040283203,-6.6261515617370605,-34.246524810791016,-4.3028764724731445,-6.384041786193848,-6.2873382568359375,8.828954696655273,2.5252318382263184,2.2871222496032715,0.753352165222168,0.45298701524734497,-1.6463452577590942,8.518475532531738,3.063584089279175,-2.1634020805358887,-0.7316769361495972,-0.5132774114608765,6.495983123779297,4.880214691162109,1.7907718420028687
376,24.12712287902832,15.43532657623291,-25.83531379699707,-81.6563720703125,2.9214353561401367,-0.5332776308059692,-28.63214874267578,15.162054061889648,-10.428544998168945,-3.87158203125,-1.07147216796875,-0.13937893509864807,1.208032488822937,0.13435812294483185,-0.04572725668549538,1.2714526653289795,-2.792041540145874,0.6251339912414551,-3.6207520961761475,0.04751526936888695,-0.6801759600639343,7.452202796936035,2.3438267707824707,0.24524284899234772
377,29.955904006958008,9.706033706665039,-20.340126037597656,-85.75214385986328,8.64054012298584,-2.6581969261169434,-31.011451721191406,16.781301498413086,-9.070975303649902,-11.2176513671875,-1.1688417196273804,-0.018909692764282227,1.6366567611694336,-0.07126940041780472,0.16994497179985046,0.1986493319272995,-2.1833698749542236,0.6086440086364746,-4.339513301849365,1.3865768909454346,0.20407699048519135,4.744588375091553,-0.8830309510231018,-0.16998425126075745
378,4.83077335357666,18.412324905395508,-28.401025772094727,-81.7914047241211,11.659594535827637,-4.712453842163086,-6.119455337524414,-2.3040504455566406,-0.5103415250778198,-9.658584594726562,-0.3306879997253418,0.020851850509643555,2.2227699756622314,-0.13291418552398682,0.14427365362644196,-0.9546098709106445,-1.776869535446167,0.5523455739021301,-3.355865240097046,1.2225836515426636,-0.10214857012033463,-0.3141714632511139,-0.4196115732192993,-0.2660912573337555
379,-6.176419258117676,21.338823318481445,-24.458595275878906,-59.48224639892578,13.824767112731934,-8.21487045288086,7.632823944091797,-11.117254257202148,5.864762306213379,0.44182682037353516,-0.3267202377319336,-0.03917288780212402,2.858952283859253,-0.33527517318725586,0.25730258226394653,-1.7501955032348633,-1.450047254562378,0.8755829930305481,-1.6863160133361816,0.39887356758117676,0.16554899513721466,-3.071298837661743,-3.0575125217437744,-0.6942310929298401
380,-13.981675148010254,9.967031478881836,-15.508454322814941,-45.14582443237305,15.469093322753906,-7.614098072052002,8.246931076049805,-2.6730973720550537,1.355114459991455,6.6724395751953125,0.5355215072631836,0.037670135498046875,2.80776309967041,-0.4496856927871704,0.2954075336456299,-2.0271358489990234,-1.2136553525924683,0.6340165138244629,-0.807642936706543,0.027674581855535507,0.22871334850788116,-4.127031326293945,-0.8806820511817932,-0.9975559711456299
381,-25.997379302978516,8.162515640258789,-4.533308982849121,-15.558374404907227,16.783992767333984,-4.169572353363037,26.753923416137695,-8.951164245605469,5.25405216217041,7.970447540283203,0.17882227897644043,0.01680898666381836,2.028010129928589,-0.16871817409992218,0.13589131832122803,-0.5361394882202148,-0.8153303861618042,-2.7466483116149902,1.0645990371704102,-0.8182340860366821,-0.45284879207611084,-5.85862922668457,-2.054809808731079,-2.0057501792907715
382,-46.12916946411133,-5.485480308532715,6.226395606994629,5.201221466064453,1.2267646789550781,0.0021915435791015625,49.00275421142578,-12.214194297790527,14.174505233764648,10.470695495605469,0.8917845487594604,-0.010428905487060547,-1.8161720037460327,-0.1744121015071869,0.38283616304397583,7.671238899230957,5.338834285736084,-2.9138200283050537,3.2420287132263184,-1.0522626638412476,0.45108187198638916,-8.72704029083252,0.9375753998756409,-2.5722193717956543
383,-39.54441833496094,10.740967750549316,-6.142739772796631,-12.474372863769531,-1.413231372833252,0.379746675491333,50.56049346923828,-18.764657974243164,39.21636199951172,-29.438203811645508,-18.473026275634766,-5.959441184997559,-2.8445122241973877,0.45516857504844666,-0.5669869184494019,8.249964714050293,2.025642156600952,-1.618037462234497,1.7339879274368286,-1.1081016063690186,-0.8432366251945496,-0.2575814127922058,4.079057216644287,0.7234784364700317
384,-12.387544631958008,-5.508224010467529,4.973657131195068,-8.597736358642578,-0.5887622833251953,0.11656534671783447,15.91808032989502,-17.749120712280273,38.98817443847656,-53.42508316040039,-18.39027214050293,-7.472110748291016,-2.451101064682007,-0.11273373663425446,0.15472744405269623,6.495173931121826,1.1461529731750488,-0.825747549533844,1.9248005151748657,-0.2718932330608368,0.8687337040901184,0.5612858533859253,2.481264591217041,1.2572014331817627
385,-16.51043701171875,-0.9163822531700134,0.5179886817932129,-10.44578742980957,-0.5966501235961914,0.08220767974853516,11.19616413116455,-9.331977844238281,34.02077102661133,-66.40264129638672,-6.169363975524902,-5.799576282501221,-2.848330497741699,0.13035467267036438,0.02689391002058983,3.6130692958831787,0.7751863598823547,-0.6730772852897644,1.4966219663619995,-0.13615810871124268,0.10201746225357056,0.9665617346763611,-2.665132522583008,0.584241509437561
386,-10.761165618896484,-1.4191827774047852,0.30932438373565674,-9.57338809967041,-0.5647899508476257,0.1497427225112915,11.123527526855469,-8.350510597229004,28.82202911376953,-64.39885711669922,1.8355393409729004,-2.4490718841552734,-2.3323752880096436,0.09444611519575119,-0.3646182119846344,-0.49767616391181946,0.2657530903816223,0.6292287707328796,2.071798324584961,0.0816585123538971,0.017526328563690186,0.09322850406169891,-2.2352871894836426,0.2505379617214203
387,-1.8022775650024414,-7.54630708694458,5.798532485961914,-0.3324861526489258,-0.3680713176727295,-0.055029869079589844,-1.4314584732055664,-2.611314535140991,20.946346282958984,-65.42091369628906,10.037764549255371,3.3191704750061035,-1.5205706357955933,-0.2223910391330719,0.26634401082992554,-3.184570074081421,-1.3143342733383179,1.764142632484436,2.423402786254883,0.03778757154941559,-0.013981461524963379,-0.5818118453025818,-1.8129630088806152,0.05663341283798218
388,0.7948989868164062,3.274644136428833,-1.212510108947754,3.38848876953125,0.020665407180786133,-0.15117168426513672,-7.85547399520874,-14.165857315063477,14.93472671508789,-42.707847595214844,17.07784652709961,6.41984224319458,-1.0763158798217773,0.14105232059955597,0.3225246071815491,-4.994740962982178,-0.903647780418396,1.6755080223083496,2.3131535053253174,0.22847743332386017,-0.03510352596640587,-0.9587118029594421,-1.554090976715088,-0.08984839916229248
389,8.841760635375977,6.2252516746521,-6.120438575744629,4.869062423706055,0.0044384002685546875,-0.09589123725891113,-12.054234504699707,-13.756024360656738,7.599452495574951,-16.766557693481445,20.0,4.773990631103516,-0.15306423604488373,0.27823716402053833,-0.4057124853134155,-6.86548376083374,-0.9898509979248047,1.001264214515686,1.5544418096542358,0.34016403555870056,0.12464076280593872,-0.0373428538441658,-1.116706371307373,0.8308207988739014
390,16.613561630249023,-3.4434866905212402,1.394719123840332,16.210844039916992,0.4131813049316406,-0.03421163558959961,-17.13045310974121,2.453279972076416,-6.305137634277344,-16.028553009033203,20.0,5.5061259269714355,0.24156777560710907,0.2363642305135727,-0.7714882493019104,-4.719470500946045,-0.8301860094070435,1.8934235572814941,0.5340719819068909,0.3296903371810913,-0.31487837433815,1.6788171529769897,0.2147080898284912,0.37059077620506287
391,37.21085739135742,5.893345832824707,-12.487312316894531,-33.80567932128906,-18.493051528930664,2.501749038696289,-31.800378799438477,9.02932071685791,-13.52094841003418,2.5705604553222656,11.284749031066895,2.827822208404541,1.4034146070480347,1.1183515787124634,0.354295015335083,0.7270016670227051,2.4865565299987793,-0.19582322239875793,-2.154309034347534,-0.04633750766515732,-0.9436490535736084,7.4747138023376465,5.721670627593994,1.5570398569107056
392,49.9317741394043,20.747236251831055,-27.329769134521484,-82.32261657714844,4.698472023010254,-0.37215930223464966,-46.549137115478516,10.926214218139648,-8.24806022644043,-7.025020599365234,-1.4356956481933594,-0.14964085817337036,1.524256944656372,0.025012120604515076,0.26615872979164124,0.9952735304832458,-2.656501293182373,0.5614751577377319,-4.063892364501953,0.3167480230331421,-0.40319156646728516,8.792162895202637,2.7321865558624268,0.426776260137558
393,27.118379592895508,23.629989624023438,-35.99126434326172,-90.56294250488281,9.688224792480469,-4.822872161865234,-29.626705169677734,-0.3166005611419678,0.026375532150268555,-16.08562660217285,-1.1979175806045532,-0.07631278038024902,1.9134280681610107,-0.07398857921361923,0.27051782608032227,-0.21632663905620575,-2.1268203258514404,1.04914128780365,-4.448694705963135,0.9338145852088928,0.32657039165496826,3.8667356967926025,1.244944453239441,0.4765101373195648
394,7.960515975952148,16.757204055786133,-29.14868927001953,-77.75990295410156,12.097991943359375,-5.190158367156982,-7.328226089477539,-1.6074268817901611,-0.15311789512634277,-8.592613220214844,-0.7148755788803101,-0.0729106068611145,2.559157133102417,-0.09459541738033295,0.19181126356124878,-1.2500454187393188,-1.7207908630371094,0.6371729969978333,-3.472925901412964,1.0560407638549805,0.4816712737083435,-0.81798255443573,-0.19874203205108643,-0.010452210903167725
395,-0.6807327270507812,16.75322723388672,-24.602249145507812,-65.0335922241211,16.240894317626953,-7.891589164733887,-1.0073480606079102,-5.39444637298584,0.13667845726013184,2.65771484375,-0.22598671913146973,-0.006965160369873047,2.974821090698242,-0.20151975750923157,0.3683830499649048,-2.0145599842071533,-1.3479256629943848,0.817655086517334,-2.6296188831329346,0.3493320345878601,0.14974288642406464,-2.5642518997192383,-1.236702799797058,-0.6962849497795105
396,-18.899206161499023,2.3254175186157227,-8.945141792297363,-36.026222229003906,19.780956268310547,-7.745316505432129,18.122743606567383,0.8160294890403748,-1.0969736576080322,5.667516708374023,0.13333463668823242,0.05473899841308594,3.156144618988037,-0.2607358396053314,0.42353227734565735,-2.3206546306610107,-1.2018566131591797,0.13786107301712036,-0.9668882489204407,-0.02423648163676262,-0.265908807516098,-4.301809787750244,-2.1735286712646484,-1.468682050704956
397,-35.18707275390625,3.8334405422210693,-4.0550994873046875,-18.257099151611328,16.001773834228516,-4.391680717468262,30.528244018554688,-7.885583877563477,7.507197856903076,6.3605194091796875,0.33039045333862305,0.05921053886413574,1.7751288414001465,-0.2363598346710205,0.2646658420562744,-0.6332689523696899,-0.020316611975431442,-1.4839534759521484,0.9411963224411011,-0.6567694544792175,-0.10337752848863602,-7.2266058921813965,-2.4225144386291504,-1.6015349626541138
398,-44.69745635986328,-5.616450786590576,6.114040374755859,6.617088317871094,0.5270414352416992,-0.055791378021240234,54.58496856689453,-10.801033020019531,12.763585090637207,15.464492797851562,0.9281904697418213,-0.06453895568847656,-1.432355284690857,-0.04753284156322479,0.6499680280685425,8.149301528930664,5.159159183502197,-2.821040153503418,3.6718122959136963,-0.885430097579956,0.4933202266693115,-8.861505508422852,-0.7947409152984619,-2.941348075866699
399,-34.230690002441406,5.4886474609375,-3.7125132083892822,-10.085189819335938,-1.326995849609375,0.3171820640563965,44.95477294921875,-16.261756896972656,34.01353454589844,-34.501556396484375,-20.0,-3.9956672191619873,-2.4767701625823975,0.21228601038455963,-0.4705256223678589,9.614274024963379,1.8018863201141357,-2.2241146564483643,1.8615124225616455,-0.8696249723434448,-0.614855170249939,0.2534334063529968,1.7406127452850342,1.202462911605835
400,-30.13815689086914,-7.894071578979492,7.9242634773254395,-11.09954833984375,-0.6939749717712402,0.17234861850738525,26.37163543701172,-15.984515190124512,40.74982452392578,-58.16837692260742,-18.597103118896484,-6.823094367980957,-3.7189886569976807,-0.4613901972770691,0.3596678674221039,8.35142707824707,2.4653713703155518,-0.7270295023918152,1.8312361240386963,-0.3129635751247406,0.5632727146148682,-0.6689057946205139,4.619497776031494,1.6830847263336182
401,-13.866540908813477,0.8346922397613525,-0.6792924404144287,-16.860305786132812,-0.8994479179382324,0.11469799280166626,14.858891487121582,-16.836788177490234,39.35350036621094,-74.36957550048828,-3.557018280029297,-3.6919829845428467,-3.173032760620117,-0.265842080116272,0.4908691644668579,2.8429436683654785,2.0523717403411865,-0.0798766165971756,1.8167119026184082,0.09690959006547928,0.903761625289917,0.9613679647445679,-1.5826351642608643,-0.197276771068573
402,1.0532417297363281,5.699339866638184,-4.561467170715332,-11.47805118560791,-0.8504698872566223,0.11353302001953125,-3.4992408752441406,-15.4857816696167,28.991512298583984,-60.2717399597168,3.971428871154785,1.592766284942627,-2.075296401977539,-0.036455899477005005,-0.026252400130033493,-2.6639037132263184,0.07636581361293793,0.6584035754203796,2.1820781230926514,-0.0525098592042923,0.16984893381595612,-0.4961409568786621,-1.890214443206787,-0.11801131069660187
403,4.0625996589660645,-6.180340766906738,4.258851051330566,5.34091854095459,-0.11939740180969238,-0.06626319885253906,-9.943255424499512,-6.775899887084961,12.257829666137695,-52.46547317504883,12.19263744354248,4.581615924835205,-1.549190878868103,-0.172647625207901,0.36947616934776306,-3.705545663833618,-1.0887700319290161,1.3858295679092407,2.1098761558532715,0.024296768009662628,0.1511296033859253,-0.8445543646812439,-1.6506259441375732,0.20909158885478973
404,-1.3726811408996582,4.551711082458496,-3.4401233196258545,4.094856262207031,-0.14271926879882812,-0.06872320175170898,5.6230926513671875,-16.531660079956055,12.430647850036621,-27.36275863647461,20.0,8.428544998168945,-0.6935526132583618,0.13426855206489563,-0.12316436320543289,-4.907334327697754,-2.2639052867889404,1.4647347927093506,2.40212345123291,0.3118361234664917,0.16038985550403595,-1.0483243465423584,-1.4735854864120483,-0.0073277950286865234
405,3.3972644805908203,4.480640888214111,-2.2123425006866455,7.708513259887695,0.2972602844238281,-0.09431004524230957,-3.2870664596557617,-13.006430625915527,3.0195600986480713,-11.666276931762695,20.0,4.680450439453125,-0.4016834795475006,0.2895016074180603,-0.29088741540908813,-4.993896007537842,-1.3384937047958374,1.6401623487472534,1.8537439107894897,0.12477216124534607,0.02416667342185974,-0.05288812518119812,-1.5740957260131836,2.0378527641296387
406,13.422588348388672,2.2685844898223877,-3.242734909057617,7.756496429443359,0.19176173210144043,-0.09569334983825684,-11.09721851348877,-3.1466963291168213,-2.0360584259033203,-9.0408296585083,20.0,4.446026802062988,0.5148866772651672,0.3109729588031769,-0.913835346698761,-5.592810153961182,-1.664454460144043,1.414757251739502,0.633355438709259,0.04752656817436218,-0.30146458745002747,2.102447032928467,-0.03193202614784241,1.667911171913147
407,36.86170959472656,5.34696102142334,-4.4452409744262695,9.73006820678711,0.7022196054458618,-0.09082913398742676,-31.463926315307617,9.743831634521484,-10.2852783203125,0.7753486633300781,15.251953125,3.1717264652252197,2.3054769039154053,0.4257811903953552,-0.8810780048370361,-7.758040904998779,0.7202348113059998,1.1834869384765625,-3.0269935131073,-0.21865567564964294,-0.5831589102745056,7.940232753753662,5.904261589050293,1.4964029788970947
408,41.078033447265625,17.224138259887695,-21.173782348632812,-69.98854064941406,1.7583198547363281,3.7460575103759766,-33.68264389038086,8.466453552246094,-5.554778099060059,-6.534095764160156,-1.151397705078125,-0.06814289093017578,1.0186030864715576,-0.2134220153093338,0.24069702625274658,1.8965973854064941,-2.8688127994537354,0.1957826018333435,-4.353288650512695,-0.031196005642414093,0.2121250480413437,9.847189903259277,4.032539367675781,2.1099562644958496
409,44.865753173828125,21.715717315673828,-25.84510612487793,-64.69064331054688,7.277052879333496,-1.340820074081421,-37.975215911865234,5.231375694274902,-5.370567798614502,-20.42119598388672,-1.7495431900024414,-0.2540798783302307,1.732685923576355,-0.2548356354236603,0.17603807151317596,0.9321833848953247,-2.609130382537842,0.4249498248100281,-4.643275737762451,0.7157890200614929,0.3675152063369751,4.639296531677246,0.17162947356700897,0.33150067925453186
410,4.803928375244141,23.021142959594727,-31.0222225189209,-83.05854034423828,13.200199127197266,-4.645562648773193,-7.170064926147461,-4.819759368896484,1.3245136737823486,-10.742015838623047,-0.6945967674255371,-0.09381914138793945,2.204285144805908,-0.28685593605041504,0.11830222606658936,-0.30164414644241333,-2.2058918476104736,0.558364748954773,-3.8496806621551514,0.4970228374004364,0.3742411434650421,-0.9745051860809326,-0.8062677979469299,-0.6054103970527649
411,-16.7022705078125,16.74104881286621,-20.804189682006836,-77.82402801513672,15.635221481323242,-7.292126655578613,14.872507095336914,-1.4353100061416626,-1.619034767150879,3.358692169189453,-0.12749433517456055,0.07960295677185059,2.8950257301330566,-0.14575475454330444,0.27619582414627075,-1.3328742980957031,-1.927857518196106,0.5887222290039062,-1.8449039459228516,0.087555892765522,-0.2993830144405365,-4.158153533935547,-2.5327906608581543,-1.1513779163360596
412,-19.28936195373535,10.658390045166016,-10.307186126708984,-47.79416275024414,20.0,-10.04831314086914,15.601433753967285,-0.8462753295898438,1.6088361740112305,9.918863296508789,0.38780927658081055,0.015505313873291016,2.9400699138641357,-0.5017156600952148,0.2951296865940094,-1.7741090059280396,-1.470318078994751,0.30569660663604736,-0.4971969425678253,-0.43408384919166565,-0.19808389246463776,-4.87846040725708,-2.5206549167633057,-2.451533079147339
413,-29.432331085205078,7.339043140411377,0.2253727912902832,-21.89000701904297,19.801673889160156,-5.206596851348877,24.927196502685547,-1.8205673694610596,3.252703905105591,10.47879409790039,0.5800502300262451,0.17753982543945312,1.9731658697128296,-0.2963313162326813,0.29179203510284424,-0.5078043937683105,-0.9108408689498901,-1.8182364702224731,0.7954500913619995,-0.5164186954498291,-0.09093550592660904,-6.048559665679932,-1.2120764255523682,-2.4164910316467285
414,-32.497718811035156,-7.112301349639893,8.024907112121582,1.7129707336425781,9.280817985534668,-2.1787948608398438,38.89890670776367,-0.48499178886413574,4.541919708251953,14.785663604736328,0.8014180660247803,0.13525104522705078,-0.8180472254753113,-0.35790014266967773,0.2535681128501892,4.838093280792236,2.992043972015381,-2.526400327682495,2.4115726947784424,-0.6310517191886902,0.04862130433320999,-5.911581993103027,0.7450160384178162,-2.7074408531188965
415,-50.23822784423828,3.4086835384368896,-0.084930419921875,-3.5501556396484375,-0.8646280765533447,0.2571706771850586,66.3534927368164,-19.458993911743164,38.06396484375,-33.24647521972656,-18.834583282470703,-3.7882373332977295,-3.1087229251861572,0.07616200298070908,-0.28919318318367004,9.602948188781738,2.2578725814819336,-1.7473348379135132,2.2182564735412598,-0.8724066615104675,-0.4660612642765045,-0.8935477137565613,7.191566467285156,0.5829269886016846
416,-19.986642837524414,4.223662376403809,-1.055617332458496,-12.896869659423828,-0.7323031425476074,0.17353129386901855,24.133724212646484,-27.687458038330078,44.792152404785156,-64.41236877441406,-7.642360687255859,-4.139088153839111,-3.166091203689575,0.6161050200462341,-0.11806437373161316,6.80316162109375,2.03263521194458,-1.248502254486084,1.5749603509902954,0.020877420902252197,-0.045432768762111664,1.3970187902450562,-2.90185546875,0.2735110819339752
417,-17.9088191986084,-4.191352844238281,4.256357669830322,-11.40003776550293,-0.6992809772491455,0.1176486611366272,20.722957611083984,-18.429574966430664,38.413658142089844,-73.80174255371094,-0.22971773147583008,-0.8666704893112183,-3.0611610412597656,0.23115243017673492,0.46813100576400757,2.7665562629699707,1.8159210681915283,-0.07859481126070023,2.061800718307495,-0.1983189582824707,0.1136837750673294,0.5926597714424133,-2.5842058658599854,0.23369932174682617
418,-1.9064302444458008,-3.7955920696258545,-0.7317981719970703,-4.005496501922607,-0.5504844784736633,0.10148584842681885,0.9571399688720703,-4.024534225463867,27.3743953704834,-66.17420196533203,3.0925023555755615,0.32929718494415283,-2.3430356979370117,0.029347578063607216,-0.462576687335968,0.22912032902240753,-0.28755202889442444,0.7136370539665222,2.5303456783294678,0.14786109328269958,-0.013701796531677246,-0.2251843512058258,-2.172765016555786,-0.07621192932128906
419,0.08165502548217773,-2.7737538814544678,3.7537076473236084,-5.090211868286133,-0.3794443607330322,-0.08360791206359863,-4.833928108215332,-6.447709560394287,14.206371307373047,-56.65486526489258,12.366114616394043,5.23369026184082,-1.4555429220199585,0.16087007522583008,0.20792095363140106,-3.9209561347961426,-1.3365452289581299,1.2788604497909546,2.7262535095214844,0.2159624695777893,-0.0262698233127594,-0.9133968949317932,-1.7727786302566528,0.010919302701950073
420,3.003159999847412,-2.4465365409851074,0.7223336696624756,6.664920806884766,0.19519460201263428,-0.0628056526184082,-6.1264495849609375,-10.917706489562988,9.275468826293945,-33.94176483154297,20.0,8.664941787719727,-0.8896542191505432,-0.03727942332625389,0.019226782023906708,-4.728570938110352,-0.35335060954093933,2.012720823287964,2.671154499053955,0.35894426703453064,-0.03168121352791786,-1.1400421857833862,-1.5214269161224365,-0.47336089611053467
421,6.833376884460449,-1.4389569759368896,0.7732061743736267,7.557395935058594,0.03590875864028931,-0.18979716300964355,-12.905186653137207,-6.843045711517334,0.833500325679779,-18.01044273376465,20.0,5.448845863342285,-0.5224258303642273,-0.2919079065322876,-0.02969992533326149,-5.246702194213867,-0.5003745555877686,1.6759037971496582,1.8494173288345337,0.16845856606960297,-0.007983899675309658,-0.14135891199111938,-1.4420281648635864,1.2894129753112793
422,16.852190017700195,6.375446796417236,-5.107205390930176,8.867664337158203,0.1160573959350586,-0.1451108455657959,-11.958510398864746,-0.7220755815505981,-4.104958534240723,-5.844017028808594,20.0,4.590502738952637,0.5203023552894592,0.3655998706817627,-0.6103224158287048,-5.359044075012207,-1.4733539819717407,0.5171229839324951,0.40437379479408264,0.23364582657814026,-0.5027629733085632,2.4211196899414062,0.9237716794013977,0.6364226341247559
423,34.036338806152344,10.012382507324219,-14.447701454162598,-22.528514862060547,-13.360929489135742,-4.752305507659912,-31.774822235107422,-4.362742900848389,-3.1582107543945312,-4.152605056762695,12.343180656433105,3.0041728019714355,2.126607656478882,0.7627894282341003,0.15846097469329834,-0.8203197121620178,8.454734802246094,1.7473081350326538,-1.9664661884307861,-0.330623596906662,-0.4040866196155548,6.338370323181152,4.656534671783447,1.7934346199035645
424,42.64910888671875,10.445724487304688,-21.957901000976562,-74.71871948242188,3.5994608402252197,0.7295911908149719,-37.801734924316406,13.207637786865234,-8.906984329223633,-5.504158020019531,-1.0651416778564453,-0.15970706939697266,1.4629771709442139,-0.20978684723377228,0.13221430778503418,1.3549878597259521,-2.784724473953247,0.5148642063140869,-3.474604606628418,-0.1423889696598053,-0.08896792680025101,7.666592597961426,2.8797807693481445,0.6767255663871765
425,32.65858459472656,25.70185661315918,-27.735340118408203,-77.94554138183594,4.543295860290527,-2.3854267597198486,-31.207809448242188,3.161776065826416,-3.4224424362182617,-13.05334758758545,-1.210364818572998,-0.0495295524597168,1.8819241523742676,-0.2553269863128662,0.25115323066711426,0.4452327489852905,-2.389497756958008,0.7216958999633789,-4.1284942626953125,0.46475863456726074,0.5046547651290894,4.376728534698486,0.37490057945251465,0.8249416947364807
426,0.24018192291259766,21.902563095092773,-29.746694564819336,-79.32193756103516,8.843433380126953,-4.008622169494629,-4.032655715942383,-2.8811404705047607,0.8037106990814209,-10.133179664611816,-0.5442526340484619,-0.10901731252670288,2.2573373317718506,-0.16891784965991974,0.07213890552520752,-0.5551066994667053,-2.0614125728607178,0.5037124752998352,-3.176762580871582,0.576957643032074,0.521554708480835,-1.1218292713165283,-0.025759482756257057,0.2836294174194336
427,-5.8810834884643555,16.89525604248047,-22.31817626953125,-74.49076843261719,11.334009170532227,-5.173525810241699,5.531987190246582,-2.28792667388916,-0.24856853485107422,3.945089340209961,-0.18354010581970215,-0.04756176471710205,2.927467107772827,-0.2590465247631073,0.29908764362335205,-1.4082109928131104,-1.7410287857055664,0.545049786567688,-1.7607837915420532,0.1250041425228119,0.4498901069164276,-3.041912794113159,-1.5049121379852295,-0.5278873443603516
428,-20.516693115234375,12.508692741394043,-14.483604431152344,-48.218231201171875,15.538536071777344,-6.236126899719238,14.965877532958984,-1.9896003007888794,0.1540919542312622,7.712381362915039,0.23927736282348633,0.040644168853759766,2.9809210300445557,-0.17294853925704956,0.38519200682640076,-1.8464945554733276,-1.822102427482605,0.3808857202529907,-0.4821029007434845,-0.20990324020385742,0.012591905891895294,-4.285992622375488,-1.6588940620422363,-1.0465881824493408
429,-23.66234588623047,6.669643402099609,-10.395711898803711,-29.778066635131836,18.737133026123047,-5.601963043212891,14.720782279968262,1.9528086185455322,0.19107329845428467,11.734735488891602,0.4876668453216553,0.04303550720214844,2.30340576171875,-0.20708198845386505,0.13611416518688202,-1.2173316478729248,-1.4745842218399048,-0.9017202258110046,-0.009640670381486416,-0.3329152464866638,-0.24275025725364685,-3.613337516784668,-0.6801332235336304,-1.8449511528015137
430,-18.089658737182617,-7.527703762054443,7.188364028930664,-5.0120158195495605,17.01401710510254,-4.808015823364258,19.56351089477539,0.4940652847290039,2.031074047088623,6.115840911865234,0.16930317878723145,0.13677120208740234,0.4551045894622803,-0.30455753207206726,0.255461186170578,1.717293620109558,0.5515516400337219,-1.6822532415390015,0.9474796056747437,-0.6334056854248047,-0.0286772008985281,-4.621235370635986,-1.3520032167434692,-1.7222126722335815
431,-38.08551025390625,3.4204800128936768,1.5779365301132202,-2.3428287506103516,1.7585325241088867,-0.24814701080322266,43.55461883544922,-10.772217750549316,18.237730026245117,-15.424302101135254,-15.201409339904785,-7.015929222106934,-1.5320309400558472,-0.10051736235618591,-0.07552878558635712,5.378028869628906,3.712441921234131,-2.4864425659179688,2.018253803253174,-1.4412118196487427,-0.4354909360408783,-1.4100722074508667,6.323359489440918,1.734788417816162
432,-26.209016799926758,-2.0817484855651855,1.9041883945465088,-1.3762664794921875,-0.8339710235595703,0.27606630325317383,31.055171966552734,-22.155261993408203,35.015106201171875,-52.19550704956055,-20.0,-6.459987163543701,-2.7303829193115234,0.13495579361915588,-0.7101736664772034,8.295201301574707,1.5462888479232788,-1.244286298751831,1.2933175563812256,0.045750200748443604,-0.09747692942619324,1.552332878112793,-3.1944236755371094,1.2796430587768555
433,-15.545005798339844,-0.48040997982025146,2.0674917697906494,-8.369583129882812,-0.38071346282958984,0.04312849044799805,13.64283561706543,-26.04163360595703,46.9114990234375,-87.09868621826172,-8.466713905334473,-6.673084259033203,-2.5870065689086914,0.370893269777298,-0.17646130919456482,5.917724132537842,2.8353872299194336,-1.7534527778625488,1.6534487009048462,0.07511022686958313,-0.054585617035627365,0.6915749311447144,-2.6148698329925537,0.6432546377182007
434,-10.448928833007812,-3.642876625061035,2.406123638153076,-6.652975082397461,-0.7805740833282471,0.21400728821754456,5.431850433349609,-19.360313415527344,39.917747497558594,-82.96240997314453,-4.109421730041504,-2.850780487060547,-2.4161105155944824,-0.11918681114912033,0.023642942309379578,3.3607468605041504,0.5474393963813782,-0.155927374958992,1.8700892925262451,-0.0551394522190094,0.10912775993347168,0.015268098562955856,-2.15519380569458,0.29427677392959595
435,-15.600625038146973,-3.5961196422576904,3.3944098949432373,-7.472761154174805,-0.6157082319259644,0.039031028747558594,15.546531677246094,-9.677806854248047,29.82164764404297,-77.44438934326172,5.05528450012207,3.7600579261779785,-1.9689961671829224,-0.021082092076539993,0.314403772354126,-0.13598847389221191,-0.8407958745956421,0.979849100112915,2.5562565326690674,0.11280694603919983,0.003229007124900818,-1.0191692113876343,-1.5412102937698364,0.0032503604888916016
436,-5.912829399108887,3.374567747116089,-1.5091629028320312,-4.242672920227051,-0.15589198470115662,-0.07716643810272217,-0.577484130859375,-15.04443073272705,19.914255142211914,-43.89054489135742,10.011453628540039,3.4053497314453125,-1.8123493194580078,0.14639601111412048,0.23372510075569153,-3.2912492752075195,0.14508213102817535,0.8194934725761414,2.4164609909057617,0.1625889241695404,0.016574710607528687,-1.3071050643920898,-1.293265700340271,0.1550084352493286
437,2.492629051208496,2.5469160079956055,-3.136855363845825,0.1968841552734375,-0.40967631340026855,0.046901702880859375,-5.362672805786133,-6.18281888961792,7.966791152954102,-34.807456970214844,18.178712844848633,8.740367889404297,-0.830329418182373,0.3825010657310486,-0.6790734529495239,-6.118887424468994,-1.6264499425888062,1.906585454940796,2.6655397415161133,0.5162311792373657,-0.28391164541244507,-1.9388258457183838,-0.950343668460846,-0.45719027519226074
438,20.987436294555664,2.951233386993408,-2.4449288845062256,8.811389923095703,0.3370472192764282,-0.17462849617004395,-23.738811492919922,-13.77052116394043,3.8478198051452637,-15.155174255371094,20.0,4.886027812957764,0.7401688694953918,0.05875854194164276,-0.44272616505622864,-8.043106079101562,-0.7651965618133545,1.1985831260681152,1.1366915702819824,-0.03043436072766781,-0.02050035633146763,0.616549015045166,0.14952552318572998,2.1384763717651367
439,28.078903198242188,8.622291564941406,-7.35256814956665,13.516731262207031,0.3428579568862915,0.010854482650756836,-20.59170913696289,7.234124660491943,-12.385194778442383,2.725290298461914,14.59499454498291,3.591745615005493,2.2210354804992676,0.6366479396820068,-1.281321406364441,-8.174013137817383,-0.878169596195221,1.5404869318008423,-1.4648711681365967,-0.10917661339044571,-0.8147035241127014,5.207175254821777,4.378235340118408,1.5345933437347412
440,58.516780853271484,11.983875274658203,-15.61085033416748,-56.62345886230469,7.061464309692383,1.9313571453094482,-50.801170349121094,8.265398979187012,-7.187400817871094,-5.421352386474609,-0.787358283996582,-0.05066251754760742,1.5613552331924438,-0.32018524408340454,0.27026212215423584,1.0075788497924805,-2.4298784732818604,0.12430065125226974,-3.8760900497436523,-0.6309531927108765,-0.26727163791656494,9.486333847045898,5.300786018371582,2.1161842346191406
441,20.605823516845703,26.85511589050293,-30.8314151763916,-79.38603973388672,5.502777576446533,-3.210188388824463,-25.958660125732422,0.5896788239479065,-0.9745298624038696,-16.268840789794922,-1.7344417572021484,-0.2711336612701416,1.7874802350997925,-0.2741014063358307,0.16979742050170898,0.05894007533788681,-2.178640127182007,0.9216364622116089,-4.165804862976074,0.14353029429912567,0.2927115857601166,4.93456506729126,0.41709423065185547,0.7230713367462158
442,1.2106103897094727,20.280261993408203,-22.007598876953125,-69.99714660644531,7.57717227935791,-5.326718330383301,-7.274238586425781,-0.4039137363433838,-0.7566959857940674,-11.074989318847656,-0.6486952304840088,-0.10413502156734467,1.958267331123352,-0.08452683687210083,0.09846646338701248,-0.7130598425865173,-1.861203670501709,0.6579729914665222,-3.6943740844726562,0.5749554634094238,0.4197874069213867,-0.12595057487487793,-0.3515898287296295,0.029433030635118484
443,-11.651596069335938,11.214981079101562,-19.162553787231445,-79.78907775878906,12.902081489562988,-6.5228190422058105,9.93787670135498,8.224631309509277,-5.805610179901123,3.829469680786133,-0.05141401290893555,-0.0071506500244140625,2.5965704917907715,-0.05495325103402138,0.04571889713406563,-1.6485040187835693,-1.5268468856811523,0.5404465794563293,-2.042247772216797,0.7756975293159485,-0.19631503522396088,-2.4121813774108887,-1.5185242891311646,-1.3202431201934814
444,-10.413829803466797,5.572066783905029,-11.18027114868164,-52.80965805053711,16.44993782043457,-9.027841567993164,4.594244480133057,0.8591890335083008,-1.0777872800827026,4.799131393432617,0.022315502166748047,0.09519386291503906,2.689822196960449,-0.35649996995925903,0.3126693069934845,-2.228243350982666,-1.074988842010498,0.7536766529083252,-1.273496389389038,0.34647220373153687,-0.08193432539701462,-3.684298515319824,-2.3800086975097656,-1.91550612449646
445,-23.15216827392578,4.561931610107422,-6.061924934387207,-31.560691833496094,16.901918411254883,-7.060096740722656,21.77667236328125,3.831531286239624,-2.3236331939697266,11.000510215759277,0.5415248870849609,0.16972732543945312,2.787349224090576,-0.11928106844425201,0.27299556136131287,-1.9990870952606201,-1.0986415147781372,-0.8985874652862549,0.2879444658756256,0.43925198912620544,-0.6234098672866821,-4.014464378356934,-2.0655364990234375,-2.554435968399048
446,-25.040164947509766,-1.4656686782836914,5.609996795654297,7.250846862792969,9.955974578857422,-2.308134078979492,29.804271697998047,-13.912321090698242,11.554405212402344,3.7220726013183594,0.4300410747528076,0.14509916305541992,-0.4106360673904419,0.033669885247945786,0.6064810752868652,4.07012414932251,2.9491324424743652,-3.097621440887451,1.9770175218582153,-0.45031967759132385,-0.1838025003671646,-7.054883003234863,-1.159706473350525,-2.0198473930358887
447,-36.33733367919922,0.6587284207344055,1.4522778987884521,2.7556533813476562,-0.5639100074768066,0.2870922088623047,47.43476104736328,-21.965557098388672,21.01763153076172,13.838451385498047,0.5224447250366211,-0.10683917999267578,-2.8377020359039307,-0.3923528790473938,0.1495344191789627,11.767162322998047,2.653099298477173,-2.254638671875,4.379502296447754,-1.4855544567108154,0.20220613479614258,-4.914070129394531,4.068447113037109,0.2249736785888672
448,-20.751461029052734,6.7263383865356445,-6.407981872558594,-18.322444915771484,-0.9020910263061523,0.29184913635253906,16.90313720703125,-17.961288452148438,36.396324157714844,-41.65276336669922,-20.0,-10.984400749206543,-2.819347620010376,0.3500901758670807,-0.6762799620628357,8.691194534301758,2.3563294410705566,-2.0472311973571777,1.2534533739089966,-0.23986682295799255,0.07814118266105652,0.7706032991409302,0.533287763595581,1.051169991493225
449,-24.294475555419922,-2.019113540649414,4.946976661682129,-15.845170021057129,-0.988788366317749,0.18800723552703857,21.806732177734375,-14.520859718322754,29.868854522705078,-57.76862716674805,-17.321304321289062,-16.420413970947266,-3.2512660026550293,0.08538030833005905,-0.45177462697029114,4.844357490539551,1.3750572204589844,-0.6583784818649292,1.206130862236023,-0.05891254544258118,0.3345317840576172,1.4012781381607056,-2.8645215034484863,1.8979040384292603
450,-13.63525104522705,-2.9083991050720215,3.6360063552856445,-13.285846710205078,-0.8238397836685181,0.07943296432495117,12.8787841796875,-15.089611053466797,31.20038414001465,-62.58650207519531,2.7491443157196045,-1.2883930206298828,-2.8260598182678223,0.1272556036710739,0.6299679279327393,-0.42539066076278687,0.3169967830181122,0.6840425133705139,1.674749493598938,-0.29597461223602295,0.2847903370857239,0.4742022156715393,-2.305419921875,0.16089138388633728
451,0.9416179656982422,-3.0218100547790527,0.02513861656188965,0.47625160217285156,-0.2076195627450943,-0.007868289947509766,-4.8476152420043945,-8.530380249023438,22.779603958129883,-60.8935661315918,8.053943634033203,2.848977565765381,-2.263777256011963,-0.08881552517414093,0.09321821480989456,-2.570610523223877,-0.1475185602903366,1.1450406312942505,1.9131983518600464,-0.1659933626651764,0.11313708126544952,-0.1960008144378662,-1.9411945343017578,-0.005850017070770264
452,-4.019026756286621,-5.108331680297852,3.1260313987731934,1.8280887603759766,-0.28314805030822754,-0.06300210952758789,4.125219345092773,-8.420948028564453,15.499114036560059,-51.940486907958984,20.0,6.623622417449951,-1.490065574645996,-0.043630633503198624,0.19443856179714203,-4.881752967834473,-0.885783314704895,2.2010796070098877,2.2905852794647217,0.17311561107635498,0.11226046085357666,-1.0091489553451538,-1.4979480504989624,-0.13886326551437378
453,6.371915340423584,-2.088787078857422,1.3538436889648438,7.783330917358398,-0.0030066967010498047,-0.1641254425048828,-7.1822285652160645,-4.657906532287598,3.4421939849853516,-24.83401107788086,20.0,7.762737274169922,-0.6775036454200745,-0.09518389403820038,0.12637874484062195,-5.507328033447266,-1.8497759103775024,2.76094126701355,2.3088974952697754,0.2579110860824585,0.01636350154876709,-0.9711523056030273,-1.5882688760757446,0.4593757390975952
454,13.80078125,4.509469985961914,-3.5502774715423584,7.739189147949219,0.3985203504562378,-0.27219390869140625,-15.98692798614502,-0.1277342438697815,-4.765025615692139,-7.344860553741455,20.0,4.946880340576172,-0.06678126752376556,0.27394622564315796,-0.2624833881855011,-6.2927069664001465,-0.22452956438064575,1.2644914388656616,0.3570498824119568,0.14276649057865143,-0.22959399223327637,1.8967037200927734,0.3471777141094208,1.9660383462905884
455,35.09960174560547,4.749165058135986,-5.615433216094971,10.983905792236328,0.3523421883583069,-0.01738286018371582,-23.553054809570312,7.99666690826416,-10.87658977508545,2.749065399169922,15.63720417022705,3.3028297424316406,2.0482900142669678,0.0960371121764183,-0.8411949872970581,-7.700988292694092,-0.24447044730186462,1.5756864547729492,-2.622520685195923,-0.2885221540927887,-0.7003096342086792,7.937987804412842,5.980049133300781,1.5234181880950928
456,62.40869140625,10.23266887664795,-12.890292167663574,-51.50269317626953,7.119520664215088,3.368980884552002,-49.57352828979492,11.963373184204102,-8.724461555480957,-9.33172607421875,-1.312546730041504,-0.030714988708496094,1.1970793008804321,-0.4878711402416229,0.25127193331718445,2.018298387527466,-2.991441249847412,0.12613891065120697,-4.540842533111572,-0.345369428396225,-0.09503322839736938,10.795388221740723,4.12131404876709,2.381951093673706
457,33.172630310058594,18.26616859436035,-28.138473510742188,-76.73712158203125,9.317242622375488,-1.137186884880066,-34.630531311035156,10.699899673461914,-7.2217936515808105,-23.734275817871094,-1.8505176305770874,-0.3065228760242462,1.3855398893356323,-0.15965262055397034,-0.08403709530830383,0.9801092743873596,-2.6091902256011963,0.44379347562789917,-4.992351055145264,1.2910972833633423,-0.012599142268300056,3.4894301891326904,0.49752530455589294,0.0064172702841460705
458,13.036175727844238,23.159603118896484,-26.27135467529297,-76.1939468383789,14.063695907592773,-3.983635902404785,-6.481630325317383,-5.232363700866699,2.272066831588745,-7.753698825836182,-0.6513968706130981,-0.06874895095825195,2.2941906452178955,-0.3438092768192291,0.11687857657670975,-0.20486924052238464,-2.2593274116516113,0.4419192671775818,-3.9741909503936768,1.0417776107788086,0.6401903629302979,-1.021336317062378,-0.8136413097381592,-0.5609484910964966
459,-4.227217674255371,24.801530838012695,-25.87942123413086,-69.00144958496094,17.48375701904297,-7.747119903564453,4.441957473754883,-7.837339401245117,0.13026165962219238,3.244513511657715,-0.14934349060058594,0.09769749641418457,2.8046185970306396,-0.18011578917503357,0.2086956650018692,-1.004138708114624,-2.0919294357299805,0.6735670566558838,-2.6870176792144775,0.2080155611038208,-0.2742031216621399,-3.5059683322906494,-1.6250300407409668,-0.700778067111969
460,-14.898555755615234,6.221759796142578,-11.213639259338379,-44.78587341308594,20.0,-8.988700866699219,14.498343467712402,1.2035468816757202,-0.154038667678833,10.138264656066895,0.30228114128112793,-0.009159564971923828,3.020050287246704,-0.2801932692527771,0.39622825384140015,-1.4005072116851807,-1.873923659324646,0.47418051958084106,-1.4484784603118896,-0.015729788690805435,-0.19927683472633362,-3.8003103733062744,-1.8509634733200073,-2.133134603500366
461,-30.17330551147461,12.628175735473633,-11.001466751098633,-46.35660171508789,20.0,-8.119272232055664,25.17852210998535,-3.407243490219116,3.206657886505127,10.792128562927246,0.4164867401123047,0.12985849380493164,2.89868426322937,-0.28382840752601624,0.27079346776008606,-1.4646550416946411,-1.6357685327529907,-1.6353528499603271,0.3525688052177429,-0.5274526476860046,-0.4626823365688324,-5.019723415374756,-1.9651285409927368,-2.8224265575408936
462,-37.03903579711914,-2.550474166870117,5.511621475219727,-8.056931495666504,16.060302734375,-4.1996893882751465,34.91224670410156,-1.3943595886230469,5.132503509521484,11.634662628173828,0.7176777720451355,0.21832847595214844,-0.03399036452174187,0.05802978575229645,0.3823632299900055,2.8117756843566895,1.6353124380111694,-2.3022844791412354,1.6541396379470825,-0.6543369889259338,-0.2989684045314789,-6.103169918060303,-0.09507212042808533,-2.254577875137329
463,-39.21009063720703,5.572629451751709,0.6019293069839478,2.0559425354003906,-0.29923582077026367,0.162261962890625,49.33562469482422,-17.701086044311523,33.19935989379883,-25.177976608276367,-19.552291870117188,-9.338247299194336,-2.2804818153381348,0.2569701671600342,-0.10487328469753265,9.22371768951416,3.3708462715148926,-2.6548094749450684,1.5497342348098755,-1.7899717092514038,-0.7866281867027283,-0.7137051820755005,7.229262828826904,-0.07973676919937134
464,-30.34600830078125,0.9786679744720459,0.250943660736084,-11.060199737548828,-0.9925956726074219,0.28235840797424316,36.14179992675781,-19.606597900390625,43.46652603149414,-48.10954666137695,-20.0,-6.894163608551025,-2.943324565887451,0.4789838194847107,-0.6528183221817017,8.725381851196289,2.002572774887085,-1.6569538116455078,2.3783092498779297,-0.1271803230047226,0.13040857017040253,-0.8037389516830444,2.8630499839782715,2.609330654144287
465,-5.314802169799805,-4.850643634796143,3.6554369926452637,-11.380990982055664,-0.48850226402282715,0.12551283836364746,2.5264434814453125,-17.347185134887695,40.35975646972656,-76.65544891357422,-12.236963272094727,-6.1660871505737305,-2.3088552951812744,0.2867980897426605,0.13392572104930878,4.924122333526611,2.1559674739837646,-1.1552863121032715,1.5856419801712036,0.007848978042602539,0.40357324481010437,1.1965347528457642,-2.9567370414733887,0.6658456325531006
466,-17.611068725585938,-7.124957084655762,5.666254043579102,-9.297531127929688,-0.7200589179992676,0.09621754288673401,17.35250473022461,-9.946470260620117,33.71179962158203,-75.30997467041016,-0.12821006774902344,-0.3586186468601227,-2.520829677581787,-0.08007732033729553,0.8367128968238831,1.2790027856826782,1.6184585094451904,0.017366912215948105,1.841327428817749,-0.15452392399311066,0.4091842770576477,0.39309969544410706,-2.3690083026885986,0.19355539977550507
467,-11.30191421508789,-3.819782257080078,1.3840937614440918,-4.064816951751709,-0.679620087146759,0.05917048454284668,13.726911544799805,-8.17415714263916,26.7557373046875,-70.16691589355469,5.702827453613281,3.24261474609375,-2.178887367248535,-0.3135259449481964,0.3533446788787842,-1.6690130233764648,-0.2541886568069458,0.9943369626998901,2.473741054534912,-0.01140788197517395,0.18612095713615417,-0.5806720852851868,-1.9180210828781128,0.015649408102035522
468,-5.099138259887695,2.907057285308838,-2.4363842010498047,-2.0526981353759766,-0.43303847312927246,-0.003891468048095703,5.015471458435059,-12.014758110046387,17.012964248657227,-43.89802932739258,14.982738494873047,4.666694164276123,-1.6678404808044434,-0.07188326865434647,-0.38392025232315063,-4.587643623352051,-1.5082789659500122,1.6317301988601685,2.686992883682251,0.31152865290641785,0.048019371926784515,-1.1963567733764648,-1.5389440059661865,-0.021549910306930542
469,3.622347831726074,3.8319733142852783,-1.714938998222351,3.6420555114746094,0.07602274417877197,-0.10398149490356445,-2.445460319519043,-15.132192611694336,10.041642189025879,-27.417129516601562,20.0,7.78706169128418,-0.5229552388191223,0.15172983705997467,-0.3921421766281128,-6.955116271972656,-0.43642693758010864,1.958781123161316,2.7979302406311035,0.36871251463890076,0.09839500486850739,-1.317719578742981,-1.50327467918396,0.5253051519393921
470,14.170560836791992,0.5593111515045166,-0.7264690399169922,13.577865600585938,0.05329704284667969,-0.14614057540893555,-11.792943954467773,-5.41968297958374,-2.1307120323181152,-12.004796981811523,20.0,5.259213447570801,0.5223029851913452,0.2743343710899353,-0.42351609468460083,-6.083646297454834,-2.2614285945892334,2.0758402347564697,2.0067121982574463,0.21188420057296753,0.030859919264912605,0.40109801292419434,-0.9767506122589111,2.6961207389831543
471,29.60186767578125,7.489911079406738,-6.196197032928467,8.32717514038086,0.5993210077285767,-0.14838862419128418,-28.3637638092041,5.360400199890137,-9.156982421875,3.2137622833251953,18.812946319580078,3.762761116027832,1.9200875759124756,0.3588923215866089,-0.7678565382957458,-8.336325645446777,-0.11657723784446716,1.3338966369628906,-1.7732332944869995,-0.36172419786453247,-0.5132530331611633,6.49411153793335,4.604991912841797,2.2179572582244873
472,39.79246139526367,13.685916900634766,-23.353002548217773,-50.359130859375,-10.11508560180664,1.4391531944274902,-39.77854919433594,1.1451023817062378,-2.408691883087158,-5.8575439453125,-0.8289976119995117,-0.14480113983154297,1.5209136009216309,-0.30514660477638245,0.38768672943115234,1.4610295295715332,-2.895808458328247,0.5796368718147278,-3.6534557342529297,-0.6272534132003784,0.47738805413246155,9.844888687133789,4.7080254554748535,2.9580154418945312
473,27.357175827026367,16.266216278076172,-23.333311080932617,-73.93273162841797,6.4667744636535645,-0.8240550756454468,-31.02068519592285,13.725936889648438,-9.970196723937988,-17.60980224609375,-1.7442706823349,-0.3473249673843384,1.5324498414993286,-0.2384050488471985,0.03796595335006714,0.652712345123291,-2.4448795318603516,0.4630758464336395,-4.2196760177612305,0.6232558488845825,0.20817770063877106,5.1943206787109375,-0.16028587520122528,-0.11277220398187637
474,16.378496170043945,17.352371215820312,-21.88067054748535,-67.66085815429688,11.016098022460938,-4.5980072021484375,-13.967269897460938,-0.7228033542633057,-1.807318091392517,-13.58449935913086,-0.630375325679779,0.02063550055027008,2.117784261703491,-0.16155895590782166,0.17681726813316345,-0.3110363781452179,-2.1040141582489014,0.4830990731716156,-3.6453425884246826,0.7072927951812744,0.2078389823436737,-0.38857147097587585,-0.008793741464614868,-0.10037194937467575
475,-7.345526218414307,16.29192352294922,-14.964958190917969,-57.94283676147461,11.94370174407959,-5.239825248718262,7.085051536560059,-4.093132972717285,1.5024068355560303,-1.1826801300048828,-0.3885340690612793,-0.025480151176452637,2.5051774978637695,-0.32549458742141724,0.2668457627296448,-1.0416227579116821,-1.8396782875061035,0.42306163907051086,-2.2369885444641113,0.2758396565914154,0.3093072175979614,-3.823171854019165,-1.9397993087768555,-0.6605990529060364
476,-15.581258773803711,0.46013343334198,-7.14455509185791,-44.5988883972168,19.54338264465332,-5.844202518463135,10.749614715576172,10.9089994430542,-8.104358673095703,9.842447280883789,0.35555577278137207,0.0784916877746582,2.349404811859131,-0.2585727274417877,0.22533118724822998,-1.1812856197357178,-1.70869779586792,0.13903793692588806,-1.4140410423278809,0.3718970715999603,-0.7025174498558044,-4.204889297485352,-1.404551386833191,-2.155582904815674
477,-15.813729286193848,0.10900521278381348,-0.7561593055725098,-19.647085189819336,20.0,-5.571453094482422,22.885364532470703,-0.860853374004364,1.7901592254638672,8.173316955566406,0.22335529327392578,0.14867639541625977,2.556887626647949,-0.30354374647140503,0.2668628692626953,-0.7311217188835144,-1.7010630369186401,-2.0117878913879395,0.7269124984741211,-0.016105081886053085,-0.6805099844932556,-5.6267290115356445,-2.49430251121521,-2.6531593799591064
478,-28.43110466003418,1.4059455394744873,1.7947742938995361,-6.0172319412231445,14.394318580627441,-3.197690486907959,31.18950080871582,-6.088237762451172,6.585445404052734,12.19413948059082,0.7879364490509033,0.1696944236755371,0.4079895615577698,0.08300020545721054,0.4123561382293701,2.879380702972412,1.030538558959961,-2.0923337936401367,2.250190496444702,-0.22122184932231903,-0.5666972398757935,-6.556217670440674,-0.03460640832781792,-2.6092121601104736
479,-42.66757583618164,-1.261556625366211,2.531421184539795,3.2760009765625,-0.2628459930419922,0.12787103652954102,52.31999588012695,-18.475902557373047,22.767839431762695,-34.146976470947266,-18.523944854736328,-14.596866607666016,-2.507765293121338,0.2079923450946808,-0.6349915266036987,10.470003128051758,2.7443931102752686,-2.708327293395996,1.8436248302459717,-0.35640573501586914,-0.20421671867370605,-0.26066914200782776,4.67193078994751,2.9350461959838867
480,-17.730920791625977,1.5675685405731201,1.0997421741485596,-11.555587768554688,-0.7221498489379883,0.2545607089996338,14.255317687988281,-27.515399932861328,45.02578353881836,-61.07433319091797,-20.0,-8.153938293457031,-2.711043119430542,0.30519089102745056,-0.1621730774641037,8.559357643127441,2.638298273086548,-1.650681972503662,1.2406647205352783,0.29957568645477295,0.32205140590667725,1.7996869087219238,-3.350525140762329,1.2981733083724976
481,-29.24449920654297,-2.8435440063476562,2.7520751953125,-16.699560165405273,-1.0896611213684082,0.1842624545097351,32.6672248840332,-23.153533935546875,45.955711364746094,-75.88550567626953,-0.9501285552978516,-3.9294896125793457,-2.8442559242248535,-0.05815610662102699,0.23551632463932037,3.5050036907196045,1.565743327140808,-0.45197179913520813,1.6915138959884644,-0.0964125245809555,0.3136906623840332,0.9382907152175903,-2.689096689224243,0.4818841814994812
482,-1.9857664108276367,-1.8757336139678955,0.9082980751991272,-5.289259433746338,-0.3442988395690918,0.0867159366607666,-3.8938984870910645,-16.276599884033203,30.980194091796875,-81.77742767333984,-2.4152941703796387,0.626261830329895,-2.348644256591797,0.03945322334766388,0.13907331228256226,0.3392789959907532,1.6484853029251099,0.4274933934211731,2.08847713470459,0.036741673946380615,0.16619426012039185,-0.06231851875782013,-2.2546651363372803,0.08398337662220001
483,-10.00330638885498,-5.746044158935547,4.392716407775879,-0.9033622741699219,-0.570225715637207,-0.03165721893310547,11.069653511047363,-13.553648948669434,27.32543182373047,-80.09114074707031,8.805444717407227,5.51659631729126,-1.722792148590088,-0.016670536249876022,0.3949303925037384,-2.146362781524658,-0.016639497131109238,1.3577555418014526,2.7851436138153076,0.18648432195186615,0.021831683814525604,-1.1073756217956543,-1.6351702213287354,-0.09494674205780029
484,-0.7445311546325684,0.2508166432380676,-0.8721379041671753,3.52553653717041,-0.15363645553588867,-0.07618093490600586,-6.647166728973389,-16.495777130126953,21.477876663208008,-59.06203842163086,15.67508316040039,9.4051513671875,-1.3280720710754395,0.057494957000017166,-0.08761744201183319,-3.6575610637664795,-0.5465251803398132,1.6572880744934082,2.8732922077178955,0.3928508162498474,-0.14792762696743011,-1.867757797241211,-1.1895705461502075,-0.29917657375335693
485,11.369120597839355,1.1392823457717896,-0.9409723281860352,6.950164794921875,0.1505413055419922,-0.14763760566711426,-17.876510620117188,-15.609198570251465,15.323719024658203,-31.725828170776367,19.520410537719727,6.50374698638916,-0.3839302062988281,-0.05374807491898537,0.3124065399169922,-4.716744422912598,-0.5039266347885132,1.4593157768249512,2.4094250202178955,0.13280831277370453,0.1535332202911377,-1.385090947151184,-1.4483259916305542,1.4734470844268799
486,8.682745933532715,7.431558132171631,-7.202854156494141,4.799007415771484,-0.08736944198608398,0.010639667510986328,-11.490091323852539,-10.974130630493164,3.6100850105285645,-11.959888458251953,20.0,4.681644439697266,0.3117358386516571,0.10331996530294418,-0.7742293477058411,-6.120333671569824,-1.5712478160858154,2.0524017810821533,1.2851933240890503,0.20836836099624634,0.051732707768678665,0.11742404848337173,-0.33819085359573364,2.298844337463379
487,14.225318908691406,5.004261016845703,-3.029728889465332,10.296646118164062,0.3634822368621826,-0.1601247787475586,-8.136884689331055,-0.09886577725410461,-9.100507736206055,-5.002472877502441,20.0,4.907534599304199,1.1411126852035522,0.7475337982177734,-1.144508957862854,-5.860127925872803,-1.067718267440796,1.5942697525024414,-0.08782476931810379,0.11747979372739792,-0.7841014862060547,2.8773598670959473,2.0243372917175293,1.2461512088775635
488,47.34674072265625,12.628787994384766,-18.30037498474121,-17.525455474853516,-13.886895179748535,6.889588356018066,-44.365570068359375,3.6195411682128906,-6.577868461608887,1.7938308715820312,0.19291400909423828,0.058991432189941406,2.547013759613037,0.9568389058113098,0.17232537269592285,-1.852595567703247,8.00350570678711,5.687388896942139,-2.9843053817749023,-0.01810794323682785,-0.5793685913085938,10.419471740722656,6.894043445587158,3.072892427444458
489,23.258377075195312,24.37784767150879,-26.010637283325195,-65.07363891601562,-0.30368614196777344,-0.618457555770874,-28.592802047729492,-12.151311874389648,7.117058753967285,-18.74327850341797,-2.0308821201324463,-0.4599277973175049,1.3326019048690796,-0.13489800691604614,0.3400726616382599,0.860913872718811,-2.5454413890838623,0.5878796577453613,-3.6001393795013428,-0.4465215802192688,1.1617635488510132,6.867833137512207,1.0076276063919067,1.3591827154159546
490,17.108993530273438,16.930828094482422,-26.476032257080078,-86.67051696777344,6.822467803955078,-1.3180454969406128,-18.888954162597656,11.807267189025879,-9.996960639953613,-12.178927421569824,-0.8546045422554016,-0.08282977342605591,1.6924076080322266,-0.014646511524915695,-0.08159001171588898,-0.110777847468853,-2.0390541553497314,0.3099304735660553,-3.2698445320129395,0.3933570981025696,0.35473519563674927,2.0619161128997803,-0.481283038854599,0.3063807487487793
491,11.304208755493164,15.106489181518555,-22.23904800415039,-64.0517349243164,10.0529203414917,-1.8125293254852295,-10.186237335205078,-2.7298672199249268,0.13622379302978516,-6.283408164978027,-0.42267799377441406,-0.05625172704458237,2.2398264408111572,0.00846705213189125,0.269497275352478,-0.8923026919364929,-1.7215406894683838,0.4645467698574066,-2.75972580909729,0.3490343987941742,0.8828191757202148,-1.5000025033950806,-0.8091107606887817,-0.024319017305970192
492,15.284082412719727,2.186741352081299,-11.537394523620605,-49.93791198730469,16.554548263549805,-6.480615615844727,-12.373806953430176,10.27725601196289,-9.836833953857422,1.1608848571777344,-0.2945854663848877,-0.00426483154296875,2.5876152515411377,-0.1324170082807541,0.3472554385662079,-1.3580751419067383,-1.4183791875839233,0.6497471332550049,-2.3964502811431885,0.35196518898010254,-0.06824921816587448,-3.0674943923950195,-1.6924724578857422,-2.1957414150238037
493,-15.587915420532227,8.212519645690918,-10.544661521911621,-32.94114303588867,18.34870719909668,-6.853919506072998,13.962664604187012,-4.282015323638916,1.090610146522522,5.661920547485352,0.16225266456604004,0.22153043746948242,2.496943950653076,-0.042325761169195175,0.3535391092300415,-1.3294165134429932,-1.3631224632263184,-0.9614131450653076,-1.1412057876586914,-0.2155938297510147,-0.6175364255905151,-4.824054718017578,-1.856391191482544,-1.9705973863601685
494,-19.811363220214844,0.2520488500595093,-5.60219144821167,-27.70108413696289,18.82661247253418,-5.509187698364258,18.694705963134766,4.0249924659729,0.42505359649658203,11.295198440551758,0.4702693223953247,0.10898733139038086,2.490920066833496,-0.24036210775375366,0.31865233182907104,-1.2444604635238647,-1.4667125940322876,-1.0867424011230469,0.15209956467151642,-0.06972457468509674,-0.2758379578590393,-5.045001029968262,-1.1384589672088623,-2.666529893875122
495,-34.35402297973633,-3.090517997741699,4.042983531951904,-2.339890480041504,12.111886978149414,-3.085085868835449,34.241024017333984,-7.844231605529785,7.551464080810547,9.894176483154297,0.42907238006591797,0.16836929321289062,-0.6884635090827942,-0.07076139003038406,0.14165502786636353,3.670227527618408,1.9460694789886475,-2.421987295150757,1.5673021078109741,-0.7281495332717896,-0.4396059215068817,-6.613717555999756,-0.7500127553939819,-2.664410352706909
496,-40.48757553100586,1.7028286457061768,1.738201379776001,3.1302757263183594,-0.3753366470336914,0.1818075180053711,60.376190185546875,-19.91960334777832,39.80253601074219,-43.249752044677734,-20.0,-7.426944732666016,-2.6013906002044678,0.1175384446978569,-0.1453082114458084,10.794589042663574,2.948504686355591,-2.256071090698242,1.8517661094665527,-1.6623798608779907,-0.7647304534912109,-0.2565493583679199,6.843271732330322,1.2501490116119385
497,-30.617313385009766,-4.665128231048584,4.085052967071533,-14.13357162475586,-1.0490705966949463,0.20711874961853027,30.841827392578125,-15.867328643798828,40.394161224365234,-48.07443618774414,-20.0,-7.699460029602051,-3.403402090072632,0.16874980926513672,-0.13166701793670654,9.338394165039062,1.5588934421539307,-1.1490764617919922,1.280285120010376,0.5650826692581177,0.4356503486633301,1.6070343255996704,-3.0817067623138428,0.35198307037353516
498,-24.680355072021484,-6.445654392242432,5.513206481933594,-15.810433387756348,-0.6877455711364746,0.06298089027404785,24.954313278198242,-15.38570499420166,40.70403289794922,-72.06273651123047,-5.110138893127441,-2.991049289703369,-3.5878565311431885,-0.16584144532680511,0.8670042753219604,4.7541303634643555,2.6552276611328125,-0.6387006044387817,1.5179401636123657,-0.005612850189208984,0.43392214179039,0.9824988842010498,-2.5964720249176025,0.4480295777320862
499,-3.976986885070801,-1.797443151473999,0.14206957817077637,-12.220867156982422,-0.8140196800231934,0.11446398496627808,0.3027791976928711,-11.613312721252441,27.547422409057617,-72.50756072998047,0.8619656562805176,2.231297254562378,-2.926100492477417,-0.44705453515052795,0.5356348752975464,-0.5755101442337036,1.4311035871505737,0.08281929790973663,2.0322694778442383,-0.04740716516971588,0.2580820620059967,-0.026877131313085556,-2.1415092945098877,-0.09935003519058228
500,2.103550910949707,-3.8800647258758545,1.7655718326568604,1.2965984344482422,-0.4851198196411133,0.0656437873840332,-0.47943973541259766,-8.974649429321289,22.976638793945312,-73.66846466064453,8.023726463317871,6.1559062004089355,-1.6822915077209473,-0.6544860005378723,0.29146021604537964,-2.939589738845825,-1.1601855754852295,1.5710690021514893,2.803309440612793,0.0487690269947052,0.08887413889169693,-0.9847860336303711,-1.7700295448303223,0.1873529702425003
501,-1.3134031295776367,-1.5079023838043213,1.4406142234802246,6.857105255126953,0.20668412744998932,-0.12502431869506836,-8.334749221801758,-14.579282760620117,12.536872863769531,-54.31656265258789,16.896957397460938,9.758434295654297,-1.815718650817871,-0.11756587028503418,0.20504020154476166,-3.1537582874298096,0.036579787731170654,2.020324945449829,2.4962961673736572,0.603627622127533,-0.007115170359611511,-1.608245611190796,-1.1836071014404297,-0.25370022654533386
502,0.05133342742919922,-3.9381909370422363,2.7706046104431152,7.89592170715332,-0.025243043899536133,-0.17128944396972656,-0.1711292266845703,-13.4111328125,12.487268447875977,-33.14334487915039,20.0,9.096185684204102,-1.289000153541565,-0.4140673279762268,0.4981914758682251,-2.9714269638061523,-0.7135568261146545,2.5086750984191895,2.4410669803619385,0.478258341550827,0.20710286498069763,-1.3595155477523804,-1.2721725702285767,0.952792227268219
503,17.050840377807617,9.133808135986328,-6.694479465484619,1.0894107818603516,-0.038428306579589844,-0.17446351051330566,-18.02668571472168,-11.408581733703613,1.6828980445861816,-15.262578964233398,20.0,5.002048969268799,0.12324480712413788,-0.14941367506980896,-0.13538140058517456,-6.045722007751465,-1.4614835977554321,1.9664467573165894,1.5960469245910645,0.2542305886745453,-0.030416447669267654,-0.0024271756410598755,-0.5617328882217407,2.7431888580322266
504,36.02181625366211,16.379295349121094,-13.713589668273926,5.860202789306641,0.41974157094955444,-0.08568668365478516,-25.706008911132812,-0.9631404876708984,-6.9041619300842285,6.659389495849609,18.50531768798828,3.3902692794799805,2.687516689300537,0.35980093479156494,-0.9958667755126953,-9.609305381774902,-0.48427245020866394,0.8775985240936279,-1.9629144668579102,-0.7609744668006897,-1.217307686805725,7.159558296203613,5.835990905761719,3.1508312225341797
505,39.14361572265625,7.3209614753723145,-25.898487091064453,-28.867923736572266,-20.0,2.9875879287719727,-41.15921401977539,-1.98146390914917,-0.6429437398910522,-7.719097137451172,-1.1117877960205078,-0.2875962257385254,2.547255516052246,0.7832673788070679,0.5362876653671265,-1.5392783880233765,9.638982772827148,-0.07133672386407852,-3.9206464290618896,-0.48553481698036194,-0.06153770536184311,10.835524559020996,4.430230140686035,3.0882089138031006
506,20.31613540649414,14.978850364685059,-21.54085922241211,-51.52308654785156,1.970834493637085,3.6491336822509766,-20.695934295654297,-0.7672043442726135,0.8517389297485352,-21.931161880493164,-1.5853568315505981,-0.43088972568511963,1.2770652770996094,-0.09942938387393951,0.04033442214131355,1.3151389360427856,-2.7336649894714355,0.06969223916530609,-3.9345643520355225,0.03976784273982048,1.107427954673767,5.082192420959473,1.1023988723754883,0.941678524017334
507,22.432607650756836,18.225711822509766,-22.813644409179688,-73.02022552490234,7.810443878173828,-2.0872740745544434,-19.290733337402344,10.172903060913086,-10.097663879394531,-11.160659790039062,-0.9056186676025391,-0.04972553253173828,1.7045462131500244,-0.031041579321026802,-0.18369551002979279,0.4320570230484009,-2.399928331375122,0.3841417729854584,-3.726207971572876,0.5107300877571106,0.06237269192934036,0.4164256155490875,-0.5647403001785278,-0.4118198752403259
508,5.938122749328613,21.447120666503906,-22.743650436401367,-66.9317855834961,14.701131820678711,-7.62058687210083,-4.70106315612793,-0.09853935241699219,-1.7199057340621948,-2.2243881225585938,-0.40283966064453125,0.01270151138305664,2.11210560798645,0.012917697429656982,-0.08986124396324158,-0.4547469913959503,-2.1198596954345703,0.5394545197486877,-3.031792163848877,0.40656179189682007,-0.11513780802488327,-3.023808479309082,-1.5636777877807617,-1.2729930877685547
509,-8.73948860168457,12.208395004272461,-17.86260414123535,-62.93659591674805,18.50299072265625,-8.570817947387695,8.372282028198242,1.6780016422271729,-0.022330641746520996,9.647372245788574,0.22057175636291504,0.011054515838623047,2.4926867485046387,-0.2692495286464691,0.10961993038654327,-1.1887258291244507,-1.8083351850509644,0.5362333059310913,-2.0003795623779297,0.175677090883255,0.338424950838089,-3.2808032035827637,-1.9438306093215942,-2.8525352478027344
510,-15.138498306274414,2.710458993911743,-6.965134620666504,-33.081703186035156,20.0,-8.271601676940918,16.96337127685547,2.7885303497314453,-2.6683297157287598,6.51344108581543,0.2516441345214844,0.27148962020874023,2.755565643310547,-0.1540617197751999,0.12778019905090332,-1.329012393951416,-1.6293396949768066,-0.4181146025657654,-0.209852397441864,-0.02707984670996666,-0.32084399461746216,-5.181586265563965,-2.1529500484466553,-3.1596357822418213
511,-28.44579315185547,0.4087321162223816,3.793952465057373,-9.519684791564941,15.860437393188477,-4.479416847229004,29.71712303161621,-5.343768119812012,5.421009540557861,9.676965713500977,0.5323991775512695,0.3025519847869873,0.9573420882225037,0.07719933241605759,0.33176344633102417,1.5126233100891113,0.22001467645168304,-1.9325908422470093,1.428879976272583,-0.47432637214660645,-0.20756199955940247,-6.760354995727539,-1.2074329853057861,-1.7180076837539673
512,-41.24784469604492,-0.33680856227874756,3.3874011039733887,7.22576904296875,0.19426345825195312,0.06101274490356445,49.79364013671875,-25.136804580688477,21.48204803466797,12.70278549194336,0.6064742803573608,-0.09321308135986328,-2.197610855102539,0.036618564277887344,0.4291285574436188,11.092876434326172,4.7579264640808105,-3.235029458999634,3.619598627090454,-2.1780893802642822,-1.2318719625473022,-1.530333399772644,8.923449516296387,2.366645574569702
513,-27.358821868896484,5.320579528808594,-5.341316223144531,-16.677433013916016,-1.4150516986846924,0.4397881031036377,29.510251998901367,-20.142173767089844,40.58123779296875,-39.26093673706055,-19.805896759033203,-7.068686485290527,-2.5883448123931885,0.203846275806427,-0.9761099815368652,9.046905517578125,1.6315456628799438,-1.822216272354126,1.5253455638885498,-0.43980175256729126,-0.25513970851898193,0.22979043424129486,3.3630518913269043,0.6094452738761902
514,-10.358728408813477,-2.4590277671813965,3.8746652603149414,-13.914043426513672,-0.6937096118927002,0.16151583194732666,6.434654235839844,-22.777496337890625,40.38095474243164,-79.51193237304688,-9.759998321533203,-5.317721366882324,-2.1623032093048096,0.07716988027095795,-0.15346018970012665,4.553796291351318,1.1022887229919434,-0.7006906867027283,1.3029124736785889,-0.07346725463867188,0.40539801120758057,1.3411669731140137,-2.9108667373657227,0.6070288419723511
515,-20.534929275512695,-6.850488185882568,5.275478839874268,-4.964685440063477,-0.5699472427368164,0.018174052238464355,24.626590728759766,-12.475937843322754,38.1205940246582,-84.86567687988281,-1.6115593910217285,-1.6382942199707031,-2.1972832679748535,-0.07325021177530289,0.0962257832288742,2.456481456756592,0.16394849121570587,-0.494707852602005,2.022245168685913,-0.02509079873561859,0.2692647874355316,0.27351659536361694,-2.361557960510254,0.44670599699020386
516,-7.492702484130859,-0.5300189852714539,0.6358286142349243,-8.174513816833496,-0.4887658357620239,0.11141324043273926,1.8588237762451172,-8.94070053100586,24.5804500579834,-57.10266876220703,6.380224227905273,0.3873187005519867,-2.0848751068115234,0.018574928864836693,0.14183646440505981,-1.3462930917739868,-0.4873124361038208,0.7885492444038391,2.020963430404663,0.08343736827373505,0.24379947781562805,-0.339486300945282,-1.9067823886871338,-0.002708032727241516
517,-5.477754592895508,-2.067145824432373,0.5297331809997559,-1.34033203125,-0.3604106903076172,0.02137899398803711,7.654618263244629,-11.026908874511719,16.27455711364746,-50.82952880859375,15.538718223571777,4.720063209533691,-1.35953688621521,-0.105977863073349,-0.33535510301589966,-4.095700740814209,-1.69928777217865,2.0687296390533447,2.447882652282715,0.3146001696586609,0.18558335304260254,-0.9857648611068726,-1.5208226442337036,0.03554129600524902
518,0.7143468856811523,-6.341714859008789,5.756430625915527,8.35308837890625,0.31742560863494873,-0.2559323310852051,-2.196101188659668,-9.89164924621582,7.6968255043029785,-42.264122009277344,20.0,7.8417582511901855,-0.8120084404945374,-0.10289563238620758,0.2928521931171417,-4.39377498626709,-0.2451646476984024,1.8932148218154907,2.6155917644500732,0.3908517360687256,0.10268128663301468,-1.3676551580429077,-1.3380540609359741,-0.20866769552230835
519,-1.2080421447753906,0.8976668119430542,0.08048796653747559,6.51390266418457,-0.09837818145751953,-0.18724679946899414,0.6048774719238281,-7.9193620681762695,0.7863436341285706,-10.63054084777832,20.0,5.136286735534668,-0.7246800661087036,0.0010472320718690753,0.18825294077396393,-4.283577919006348,-1.0408082008361816,1.415184497833252,2.1301891803741455,0.34460657835006714,0.025821805000305176,-0.5256848335266113,-1.5148861408233643,1.6862508058547974
520,5.933311462402344,5.5346198081970215,-4.2511444091796875,5.691986083984375,0.11928009986877441,-0.05821847915649414,-4.96483850479126,-8.465974807739258,1.5070724487304688,-10.462408065795898,20.0,4.174463272094727,-0.17637890577316284,0.2944706976413727,-0.38556718826293945,-4.908934593200684,-0.8000491261482239,1.5477250814437866,1.3910211324691772,0.4224299490451813,-0.1944018006324768,0.6901851296424866,-0.7645999789237976,1.559479832649231
521,27.23316192626953,4.601783752441406,-4.098787307739258,6.087085723876953,0.2449742555618286,-0.06048107147216797,-21.695384979248047,6.873753547668457,-8.784965515136719,0.8972988128662109,20.0,4.110221862792969,1.4016762971878052,0.23063348233699799,-0.6913462281227112,-7.542689800262451,-0.5098205804824829,2.0414040088653564,-1.653557300567627,-0.14484553039073944,-0.8583793044090271,6.033796787261963,4.085786819458008,0.49690189957618713
522,50.019039154052734,16.392127990722656,-23.850526809692383,-48.14000701904297,-20.0,-0.8704559803009033,-47.632972717285156,1.9153423309326172,-4.182369232177734,-5.009513854980469,-0.6938543319702148,0.11141252517700195,1.0254756212234497,-0.40763089060783386,0.18785659968852997,1.8473161458969116,-3.0116937160491943,0.9420402646064758,-3.9738447666168213,-0.6970927119255066,-0.21136651933193207,10.37799072265625,5.681473731994629,2.8584392070770264
523,36.903568267822266,19.464092254638672,-23.171573638916016,-85.48751068115234,5.216282367706299,-1.7256007194519043,-36.702186584472656,13.00100040435791,-9.108036994934082,-17.86948013305664,-1.9188249111175537,-0.3132252097129822,1.2687798738479614,-0.44758176803588867,0.09372135996818542,0.8195503950119019,-2.3999722003936768,0.7016247510910034,-4.737937927246094,0.2628668248653412,-0.12241291999816895,5.96585750579834,0.5481348633766174,0.48644155263900757
524,10.928196907043457,22.503461837768555,-26.1558780670166,-88.63317108154297,7.915888786315918,-3.6928367614746094,-8.580177307128906,4.015218734741211,-2.3557655811309814,-11.49588394165039,-0.5750963687896729,-0.0690743625164032,2.0336098670959473,-0.1925850659608841,0.12841634452342987,-0.3892216086387634,-2.0661215782165527,0.5518301129341125,-3.9965951442718506,1.1660557985305786,0.4031304717063904,0.40158993005752563,0.7768168449401855,0.14344903826713562
525,8.794885635375977,19.799707412719727,-20.26495361328125,-60.02029800415039,13.260607719421387,-6.220500946044922,-3.0576305389404297,-3.3407979011535645,-0.9623124599456787,-0.40185546875,-0.5445432662963867,-0.018264174461364746,2.629610300064087,-0.3756485879421234,0.2676611542701721,-1.0554982423782349,-1.7982233762741089,0.6332824230194092,-3.023371458053589,0.5125494599342346,0.08528043329715729,-1.784002661705017,-1.8149164915084839,-0.6029639840126038
526,-17.467864990234375,20.198259353637695,-23.07935333251953,-64.50342559814453,16.37384796142578,-9.384498596191406,15.354440689086914,-3.581573009490967,0.04447293281555176,3.5358448028564453,0.12408137321472168,0.04765725135803223,3.1131279468536377,-0.0011972859501838684,0.218532994389534,-1.8447332382202148,-1.6303828954696655,0.8035501837730408,-1.010730504989624,0.2720506489276886,-0.7474005222320557,-5.286708831787109,-1.7997050285339355,-1.4973124265670776
527,-24.826404571533203,15.623722076416016,-16.762868881225586,-45.15431213378906,18.698760986328125,-8.573119163513184,18.31170082092285,-2.2787585258483887,3.501230001449585,16.141368865966797,0.5242409706115723,0.09343338012695312,2.984938383102417,-0.1847359985113144,0.1403372585773468,-1.937620759010315,-1.3168312311172485,-0.0435522198677063,-0.005434664431959391,-0.1175621971487999,-0.5636471509933472,-3.8477585315704346,-1.8539046049118042,-1.5589478015899658
528,-25.674755096435547,1.0998780727386475,-1.1623413562774658,-15.712324142456055,18.459251403808594,-5.126267910003662,23.70191192626953,-3.7861132621765137,5.778598785400391,9.201395034790039,0.4277787208557129,0.022337913513183594,2.0049846172332764,-0.15234383940696716,0.25162944197654724,-0.3436563014984131,-0.7974945902824402,-2.6811683177948,1.211817979812622,-0.509527325630188,-0.016332242637872696,-4.240053653717041,-2.043532133102417,-2.396252393722534
529,-29.864213943481445,-0.8236408233642578,2.573350191116333,1.9330291748046875,8.314011573791504,-1.4185800552368164,33.200355529785156,-3.827352523803711,6.527798652648926,8.88473892211914,0.6526768207550049,0.10816335678100586,-0.8477436304092407,0.14767661690711975,0.06100673973560333,4.657662391662598,2.790862560272217,-3.5648529529571533,2.8439199924468994,-0.5117799043655396,0.030290259048342705,-6.0033793449401855,-0.5785497426986694,-2.9713218212127686
530,-32.3185920715332,4.92903470993042,-1.787628173828125,-0.6484146118164062,-0.5319118499755859,0.3877720832824707,44.13837432861328,-24.127986907958984,35.642677307128906,-31.407928466796875,-18.03117561340332,-18.183456420898438,-2.730308771133423,0.2270246148109436,-0.3441269099712372,9.53346061706543,2.8842127323150635,-2.1343748569488525,1.7007681131362915,-1.6516157388687134,-0.8003876805305481,-0.5243870615959167,7.238366603851318,-0.033019423484802246
531,-26.936052322387695,-1.639512062072754,3.196410894393921,-10.874797821044922,-0.9652025699615479,0.19960558414459229,27.947887420654297,-21.334081649780273,39.180931091308594,-51.43260192871094,-20.0,-5.264820575714111,-3.3838441371917725,0.33873704075813293,-0.23244377970695496,8.908171653747559,1.1028765439987183,-0.9987224340438843,1.3402066230773926,0.1285291165113449,0.500691294670105,2.5336039066314697,-2.3261094093322754,1.8465737104415894
532,-18.697063446044922,4.475413799285889,-2.4428372383117676,-19.81429672241211,-0.7411284446716309,0.14534127712249756,20.477209091186523,-24.684171676635742,38.66965103149414,-57.67372131347656,-5.430534362792969,-5.906663417816162,-2.9409897327423096,0.5325963497161865,-0.38015204668045044,2.870702028274536,1.737600564956665,-0.6779306530952454,1.5757367610931396,0.08802127838134766,0.3317006826400757,1.0518306493759155,-2.6911096572875977,0.6960036754608154
533,-2.686952590942383,-5.060515403747559,3.911125659942627,-4.340548992156982,-0.5007460117340088,0.0852741003036499,-0.31072330474853516,-12.678548812866211,31.31945037841797,-80.87145233154297,1.6624374389648438,1.3060680627822876,-2.2078123092651367,0.2347072958946228,-0.13751554489135742,-0.43400925397872925,0.49695077538490295,0.5257677435874939,2.1994550228118896,-0.10110533982515335,0.12508834898471832,0.04502639174461365,-2.2351298332214355,-0.012422129511833191
534,0.697819709777832,0.20512866973876953,-1.487170696258545,-3.3331642150878906,-0.44005274772644043,0.03371286392211914,-7.000176906585693,-9.463212013244629,22.905704498291016,-60.84069061279297,10.688720703125,3.4260363578796387,-1.3290014266967773,0.37340566515922546,-0.5793970227241516,-4.0631794929504395,-0.8559492230415344,1.1909937858581543,2.361177921295166,0.18955911695957184,0.14523857831954956,-0.7050570845603943,-1.7874468564987183,0.23538494110107422
535,2.5394186973571777,-2.232104539871216,2.8539950847625732,5.596904754638672,-0.0329136848449707,-0.10484075546264648,-5.525914192199707,-10.659723281860352,8.114006042480469,-32.00707244873047,20.0,8.426698684692383,-0.7054469585418701,0.5274157524108887,0.12692101299762726,-5.299766540527344,-1.2930124998092651,1.9328819513320923,2.274761438369751,0.27471598982810974,0.18549732863903046,-0.8760380744934082,-1.5417022705078125,-0.35928189754486084
536,10.198941230773926,-4.766181945800781,0.9975228309631348,8.700916290283203,0.11128902435302734,-0.1192927360534668,-10.918121337890625,4.872018814086914,-5.805112361907959,-15.344032287597656,20.0,6.495519638061523,-0.004605854395776987,0.14976641535758972,-0.5828722715377808,-5.478087902069092,-2.1653363704681396,2.3528692722320557,1.8838902711868286,0.27567771077156067,-0.150885671377182,-0.12043752521276474,-1.4175386428833008,0.7380231618881226
537,26.844024658203125,6.393982410430908,-5.556761741638184,6.583152770996094,0.5193079710006714,-0.17176198959350586,-23.1661319732666,-0.6808956861495972,-5.607266426086426,-6.546051979064941,20.0,4.918574333190918,2.016932725906372,0.52750164270401,-0.7495495080947876,-8.308075904846191,-0.4812413156032562,1.605547308921814,-0.43978872895240784,-0.041197519749403,-0.36205893754959106,3.641477584838867,1.7781436443328857,0.8420015573501587
538,45.77869415283203,9.962060928344727,-16.694738388061523,-60.60449981689453,6.147500038146973,1.8635470867156982,-41.36737060546875,8.740262985229492,-8.063475608825684,-0.084197998046875,0.9348106384277344,0.27569055557250977,1.6691858768463135,0.03937967121601105,0.5503625869750977,1.2885552644729614,-2.9934158325195312,0.38045427203178406,-2.7435200214385986,-0.7057228684425354,-0.47107821702957153,9.185651779174805,7.071015357971191,2.983297348022461
539,42.5245361328125,22.653396606445312,-26.52515983581543,-75.66514587402344,9.153003692626953,-4.024240016937256,-48.82807922363281,10.31254768371582,-9.323161125183105,-15.530265808105469,-2.209242582321167,-0.29782938957214355,1.3409637212753296,-0.2687838673591614,0.25915828347206116,0.6234419345855713,-2.365844488143921,0.7987809181213379,-4.625837326049805,0.1802995502948761,-0.5690314173698425,6.96506404876709,0.490810751914978,0.8879515528678894
540,25.224666595458984,19.19003677368164,-34.98910140991211,-88.72012329101562,13.566905975341797,-5.769444465637207,-23.81023406982422,0.4524693489074707,-0.11417663097381592,-15.246024131774902,-0.8197473287582397,-0.1671806275844574,2.115400791168213,-0.10577404499053955,0.30144429206848145,-0.6164552569389343,-1.8763010501861572,1.1089407205581665,-4.3149614334106445,1.095259428024292,0.3141983151435852,1.0154576301574707,0.46203261613845825,-0.002497435547411442
541,2.3500404357910156,17.471683502197266,-25.701641082763672,-58.42082214355469,13.776453018188477,-3.3555963039398193,2.5401506423950195,-7.599916458129883,3.6750848293304443,-2.835293769836426,-0.3010943830013275,0.002158641815185547,2.8189661502838135,-0.2826640009880066,0.23353424668312073,-1.337127923965454,-1.667958378791809,0.3718782663345337,-2.8157126903533936,0.693456768989563,0.720663845539093,-2.403701066970825,0.17367854714393616,0.6158880591392517
542,-13.605993270874023,17.58458137512207,-17.978260040283203,-44.03404235839844,16.196090698242188,-6.778143882751465,10.087532043457031,-11.758565902709961,5.114700794219971,4.582965850830078,-0.2160167694091797,-0.14807820320129395,2.8991026878356934,-0.4294762909412384,0.4245995581150055,-1.7200710773468018,-1.4664485454559326,0.5743381977081299,-1.6864997148513794,-0.35892897844314575,0.6736937165260315,-3.985675096511841,-1.5984725952148438,-0.8659641742706299
543,-27.738544464111328,1.8243240118026733,-6.1815643310546875,-25.113494873046875,19.25067138671875,-4.954074859619141,23.900726318359375,-0.6187820434570312,0.6279219388961792,8.615882873535156,0.3657701015472412,0.022632122039794922,2.662128210067749,-0.3576549291610718,0.32597026228904724,-1.5241241455078125,-1.4075489044189453,-0.5368421077728271,-0.0679655522108078,-0.7575432658195496,0.11095654964447021,-5.455698013305664,-1.3759793043136597,-2.106186628341675
544,-25.269405364990234,0.4942265748977661,0.975273609161377,-12.467886924743652,17.081539154052734,-4.788384437561035,27.517520904541016,2.3283791542053223,0.009147405624389648,13.90061092376709,0.5695801973342896,0.20522570610046387,0.7974745035171509,-0.023739030584692955,0.3140954375267029,1.690565586090088,0.7886428236961365,-1.3756334781646729,1.185671091079712,-0.8317738771438599,-0.4642222821712494,-5.269104957580566,-0.5555796027183533,-1.8387361764907837
545,-44.444522857666016,1.9374535083770752,3.0075395107269287,0.04339599609375,-0.13182449340820312,-0.0018105506896972656,49.194618225097656,-15.191854476928711,22.496652603149414,-10.497859954833984,-13.018285751342773,5.103023529052734,-1.9532150030136108,0.024613769724965096,0.01096488069742918,7.289802551269531,4.077292442321777,-2.801110029220581,2.005228042602539,-1.5869629383087158,-0.6504248976707458,-1.147021770477295,6.774345874786377,1.750524878501892
546,-35.308753967285156,-13.422049522399902,8.30777359008789,-2.2005271911621094,-0.9711241722106934,0.2384810447692871,47.63703918457031,-21.971446990966797,44.372074127197266,-64.99323272705078,-3.182816982269287,-6.000496864318848,-3.436257839202881,-0.40136605501174927,0.24100658297538757,10.383460998535156,2.2464888095855713,-1.3664382696151733,1.2657502889633179,-0.03477909415960312,0.22955602407455444,1.663001298904419,-3.2007758617401123,1.2586746215820312
547,-16.432113647460938,6.081418037414551,-3.1473312377929688,-17.526458740234375,-0.7512116432189941,0.17927205562591553,17.735153198242188,-23.36504364013672,44.45246887207031,-76.10651397705078,-5.779196739196777,-4.490071773529053,-3.0913262367248535,0.0020981039851903915,0.11217797547578812,5.258121013641357,2.8875439167022705,-0.7818592190742493,1.7926324605941772,0.022990122437477112,0.046905502676963806,0.6752673983573914,-2.5720248222351074,0.3056287169456482
548,-19.742612838745117,-1.6468439102172852,1.487331748008728,-10.408945083618164,-0.9845483303070068,0.09345981478691101,18.111454010009766,-14.97391414642334,38.2916259765625,-69.37541198730469,-1.6612858772277832,-0.26518669724464417,-3.355038642883301,-0.2832258939743042,0.23698744177818298,1.596435546875,1.014335036277771,-0.1397666186094284,2.0287575721740723,-0.031313732266426086,0.16530802845954895,0.016804667189717293,-2.1646645069122314,0.1992017924785614
549,4.027446746826172,-4.247905731201172,3.235161304473877,-3.339200019836426,-0.3116633892059326,0.034487009048461914,-7.7353835105896,-3.0151495933532715,22.34950065612793,-75.02088165283203,4.105607032775879,3.281186819076538,-2.313244581222534,-0.16170772910118103,0.6074503064155579,-1.760022521018982,0.41514262557029724,1.0241460800170898,2.5610837936401367,0.07926805317401886,-0.03321829438209534,-0.9697598218917847,-1.7614600658416748,-0.13287480175495148
550,0.7690949440002441,-2.655302047729492,1.7015559673309326,1.8147811889648438,-0.3543276786804199,-0.07584404945373535,-2.5394983291625977,-7.865737438201904,16.202585220336914,-58.288455963134766,13.268942832946777,7.503138065338135,-1.411515474319458,-0.1328364461660385,0.6619464159011841,-3.9006543159484863,-1.426297664642334,1.595342755317688,2.879533529281616,0.29008403420448303,-0.09153411537408829,-1.6472318172454834,-1.3186472654342651,-0.11555534601211548
551,10.520405769348145,4.105686664581299,-4.05853271484375,5.884979248046875,0.19332396984100342,-0.09904122352600098,-15.806615829467773,-16.03101348876953,13.644037246704102,-26.701160430908203,20.0,5.593554496765137,-0.5061591267585754,-0.16997961699962616,0.46107813715934753,-5.319737911224365,-1.0381309986114502,1.4202302694320679,2.3824291229248047,0.16674084961414337,0.23229944705963135,-1.1961113214492798,-1.5977909564971924,1.8060911893844604
552,-0.9917981624603271,0.4918065369129181,-1.5699193477630615,10.462868690490723,0.1931217908859253,-0.04179191589355469,1.8145389556884766,-10.097465515136719,2.4245035648345947,-11.537643432617188,20.0,4.3419189453125,-0.534062385559082,-0.08013109862804413,-0.3514719307422638,-3.716210126876831,-0.8242965340614319,2.103513717651367,2.1058921813964844,0.5422214269638062,0.18345117568969727,-0.6637839078903198,-1.4024289846420288,2.023608684539795
553,7.1478166580200195,11.849355697631836,-7.993652820587158,-1.5576667785644531,-0.21780848503112793,-0.11904025077819824,-1.4387362003326416,-6.838893890380859,-4.120416164398193,4.282764434814453,20.0,3.5911200046539307,0.60653156042099,0.1510740965604782,-1.1978862285614014,-7.244197845458984,-1.7366032600402832,1.530236840248108,0.21282066404819489,0.10447197407484055,-0.3625020682811737,2.792210817337036,1.2774198055267334,1.7010421752929688
554,41.78797912597656,9.091819763183594,-13.326000213623047,-23.864534378051758,-20.0,-8.381545066833496,-34.852867126464844,7.746315002441406,-11.429810523986816,2.7413291931152344,6.40914249420166,1.3002147674560547,1.9122530221939087,1.0617115497589111,0.2005445659160614,-1.6898701190948486,11.20907974243164,0.051323771476745605,-2.3775365352630615,-0.03317271173000336,-1.255919098854065,9.430142402648926,8.612604141235352,2.964669942855835
555,43.039833068847656,26.151689529418945,-28.861669540405273,-64.32548522949219,-0.7022109031677246,2.3519814014434814,-45.077659606933594,-0.3130679726600647,-0.8803107738494873,-12.541648864746094,-2.172361373901367,-0.3881857395172119,1.010145902633667,0.05718556419014931,-0.010280519723892212,1.6948084831237793,-2.808549404144287,0.2832808494567871,-4.626384735107422,0.10896030813455582,-0.35415932536125183,9.859416007995605,2.3196048736572266,0.7252179384231567
556,27.919109344482422,22.964332580566406,-26.80022430419922,-84.0970687866211,4.5519700050354,-2.709719657897949,-25.9925594329834,0.0388646125793457,0.892817497253418,-20.63741111755371,-1.414864420890808,-0.17877529561519623,1.6789640188217163,-0.3154025077819824,0.057338375598192215,0.28989866375923157,-2.288957357406616,0.7453087568283081,-4.5452165603637695,0.5311593413352966,0.840546727180481,3.591754913330078,-0.3329554796218872,-0.0760207325220108
557,-5.806911945343018,16.179956436157227,-20.87933349609375,-72.31404113769531,7.202822208404541,-1.455251693725586,4.9600830078125,0.8537602424621582,-1.9305367469787598,-9.49273681640625,-0.4639708995819092,0.029248550534248352,2.1989593505859375,-0.04552864655852318,0.029540525749325752,-0.608122706413269,-1.9969110488891602,0.18602682650089264,-3.1476500034332275,0.8160907626152039,0.7657225728034973,-2.0469741821289062,-1.0815637111663818,0.03695148602128029
558,-6.177940368652344,9.025641441345215,-14.964993476867676,-65.60254669189453,13.774175643920898,-5.335298538208008,3.527059555053711,1.9500610828399658,-3.528242826461792,2.8253746032714844,-0.12232589721679688,-0.03417325019836426,2.420576333999634,-0.2940068542957306,0.2656697630882263,-1.3913376331329346,-1.5529369115829468,0.3830638527870178,-2.1307787895202637,0.24559958279132843,0.40703898668289185,-4.382137298583984,-1.8152809143066406,-1.553455114364624
559,-7.8126373291015625,12.752626419067383,-15.593165397644043,-49.984840393066406,18.80276870727539,-10.057464599609375,9.156988143920898,1.8024742603302002,-4.30829381942749,11.565836906433105,0.17319536209106445,0.19263553619384766,2.8459296226501465,-0.280439555644989,0.29229113459587097,-1.8039159774780273,-1.3874731063842773,0.7809003591537476,-0.799836277961731,-0.319139689207077,-0.8544032573699951,-4.333336353302002,-3.199493646621704,-2.108978509902954
560,-24.11407470703125,5.450779914855957,-3.4321630001068115,-18.197757720947266,19.083398818969727,-4.909797668457031,26.735597610473633,-6.952378273010254,7.8748345375061035,7.798271179199219,0.6187617778778076,0.03505134582519531,2.4395511150360107,-0.14996202290058136,0.31883135437965393,-0.8200989365577698,-1.1533511877059937,-2.696103811264038,1.2242097854614258,-0.5783395767211914,-0.118248350918293,-6.385786056518555,-1.9018722772598267,-3.17641544342041
561,-30.976778030395508,-3.1658637523651123,5.4592790603637695,4.43438720703125,6.718611240386963,-1.2626619338989258,35.175838470458984,-7.771263122558594,8.92955207824707,10.836288452148438,0.6379532217979431,0.23356008529663086,-0.40635013580322266,0.01690497249364853,0.6791474223136902,4.751452922821045,3.015099287033081,-3.251587390899658,3.018383264541626,-0.9785121083259583,0.21450646221637726,-8.097543716430664,-0.3019343316555023,-2.153191566467285
562,-34.764644622802734,5.107019901275635,-3.6823313236236572,-1.909820556640625,-0.7920494079589844,0.399569034576416,40.887351989746094,-17.23088836669922,34.08597183227539,-37.26164627075195,-20.0,-3.6460790634155273,-2.3051185607910156,0.2631801664829254,-0.7031437158584595,9.613666534423828,1.0254266262054443,-1.9459092617034912,1.89103102684021,-0.9563882350921631,-0.5101127624511719,-0.34398984909057617,4.647420406341553,1.7557533979415894
563,-26.734432220458984,-7.272497177124023,7.551980495452881,-11.022163391113281,-0.5904402732849121,0.145782470703125,25.400001525878906,-19.33977508544922,36.58380889892578,-49.4124641418457,-18.44839096069336,-5.314801216125488,-3.1336681842803955,-0.23173294961452484,0.17605195939540863,8.653157234191895,1.3810487985610962,-0.6275818347930908,1.654293179512024,-0.32054150104522705,0.3495592176914215,-0.25279030203819275,2.892805814743042,1.654822826385498
564,-16.86892318725586,2.402060031890869,-0.8404728174209595,-17.245235443115234,-0.7183525562286377,0.06585121154785156,20.0479793548584,-23.21871566772461,37.89396667480469,-70.08609008789062,-3.897510051727295,-3.1535489559173584,-2.474472999572754,0.030552301555871964,0.30321004986763,3.1791305541992188,1.631971836090088,-0.6818105578422546,1.7277437448501587,-0.0539945513010025,0.5164121985435486,0.9395332932472229,-2.6237378120422363,0.5920049548149109
565,-2.27565860748291,2.5930604934692383,-1.6107380390167236,-8.985591888427734,-0.5637726783752441,0.14609837532043457,-6.388015270233154,-15.243121147155762,25.880876541137695,-68.87798309326172,2.5126469135284424,1.5377540588378906,-2.092010736465454,0.09780795872211456,-0.15627184510231018,-1.2455896139144897,1.052443027496338,0.4152873456478119,1.9445980787277222,-0.13925237953662872,0.19121092557907104,0.03871312737464905,-2.1588265895843506,-0.014369755983352661
566,-2.578432559967041,3.8720388412475586,-2.955519199371338,-2.269756317138672,-0.6186070442199707,0.04830789566040039,-1.668919563293457,-13.272153854370117,19.53777503967285,-57.533111572265625,10.001985549926758,4.868213653564453,-1.3814976215362549,0.46346476674079895,-0.8161331415176392,-4.408838272094727,-1.271866798400879,1.0636696815490723,2.1808483600616455,0.14736033976078033,-0.006885826587677002,-0.6622309684753418,-1.700384497642517,0.11418300867080688
567,9.446023941040039,-4.833157062530518,3.392198085784912,8.398357391357422,0.2342069149017334,-0.07539796829223633,-11.926877975463867,-8.092117309570312,8.261344909667969,-43.10807418823242,19.37325668334961,8.233070373535156,-0.200121209025383,0.48453858494758606,-0.31003469228744507,-5.340893268585205,-0.9216458201408386,2.0056707859039307,2.3955624103546143,0.28734323382377625,0.0037887990474700928,-1.0472897291183472,-1.5142607688903809,-0.22137528657913208
568,14.48946762084961,-4.946868896484375,1.6728289127349854,10.098976135253906,0.26650965213775635,-0.20655560493469238,-23.440486907958984,-1.0141680240631104,-3.1684768199920654,-24.094560623168945,20.0,6.2787675857543945,0.29243847727775574,0.24314773082733154,-0.44968095421791077,-5.554481506347656,-0.6956453919410706,1.3106154203414917,1.4766120910644531,0.31379473209381104,-0.0310063436627388,-0.23310424387454987,-1.225295066833496,0.6380277872085571
569,18.724382400512695,1.467042088508606,-1.3621656894683838,8.954856872558594,0.2409069538116455,-0.11300134658813477,-8.916851043701172,5.779597282409668,-10.146023750305176,1.3811588287353516,20.0,4.984034538269043,1.6963881254196167,0.5033107399940491,-0.4014042019844055,-6.1116204261779785,-0.9694804549217224,0.9843000769615173,-0.36591237783432007,0.07981430739164352,-0.42359647154808044,3.5554311275482178,1.6643515825271606,0.3457900583744049
570,29.502239227294922,7.743478298187256,-14.294401168823242,-31.69727897644043,-15.588458061218262,1.8875175714492798,-27.100196838378906,4.468647003173828,-7.728711128234863,-2.620624542236328,5.7560529708862305,1.7038555145263672,1.3741536140441895,0.09094402939081192,-0.12557218968868256,1.562845230102539,-2.938263177871704,-0.1719760000705719,-1.9636573791503906,-0.4944308400154114,-0.8566457629203796,6.76957368850708,4.943027496337891,2.460120439529419
571,48.5340576171875,12.124014854431152,-17.31184959411621,-74.14079284667969,9.831330299377441,-1.6018517017364502,-49.99713134765625,17.327857971191406,-12.218955993652344,-7.871894836425781,-1.4762372970581055,-0.21333050727844238,1.3823797702789307,-0.23787307739257812,0.281991183757782,0.8889422416687012,-2.4306042194366455,0.44977879524230957,-4.2792558670043945,0.14714977145195007,-0.4707499146461487,8.006372451782227,1.1995288133621216,0.9100872874259949
572,20.865367889404297,25.175495147705078,-33.191219329833984,-82.53144073486328,11.74056625366211,-5.739223003387451,-22.35447120666504,-3.066720485687256,1.563351035118103,-17.231224060058594,-1.0665266513824463,-0.15618762373924255,2.028024435043335,-0.09600047022104263,0.211012601852417,-0.2619527280330658,-2.033930778503418,1.0196900367736816,-3.8130946159362793,0.8637620806694031,0.164717897772789,1.7163188457489014,-0.5490671992301941,0.24150776863098145
573,17.063209533691406,21.993865966796875,-26.769498825073242,-66.04279327392578,13.857500076293945,-8.043169975280762,-14.467611312866211,-7.61081600189209,2.421982765197754,-4.42067813873291,-0.40945661067962646,-0.07115739583969116,2.719024181365967,-0.32153958082199097,0.4143086373806,-1.1774003505706787,-1.4327391386032104,1.207062005996704,-3.279257297515869,0.3749208152294159,0.613612949848175,-1.1330838203430176,-1.0186914205551147,-0.2098345309495926
574,-19.94723892211914,11.98286247253418,-22.390846252441406,-54.6007194519043,15.193375587463379,-3.3167386054992676,13.498462677001953,-1.8342469930648804,1.1207067966461182,3.3360071182250977,0.12308323383331299,0.0009372234344482422,2.7207984924316406,-0.25096842646598816,0.14603380858898163,-1.5782220363616943,-1.502366542816162,0.14973419904708862,-1.9390150308609009,0.313343346118927,0.5378417372703552,-3.6935184001922607,-0.6813443303108215,-0.49897515773773193
575,-30.654510498046875,5.66298246383667,-13.919011116027832,-42.39583969116211,17.867443084716797,-5.8400421142578125,23.392560958862305,-2.9542236328125,1.1395726203918457,8.311670303344727,0.20667266845703125,0.026671648025512695,2.6729085445404053,-0.25432926416397095,0.20277544856071472,-1.8625849485397339,-1.3710551261901855,0.22123081982135773,-0.1957167088985443,-0.35293227434158325,-0.053216297179460526,-5.587501049041748,-0.9483674168586731,-1.2170360088348389
576,-20.447513580322266,-0.9344595670700073,5.369715690612793,-5.5470781326293945,18.904462814331055,-4.862685203552246,24.133893966674805,-3.1933112144470215,3.5831151008605957,10.36640739440918,0.4353231191635132,0.048767805099487305,0.7766144871711731,-0.15706369280815125,0.32597535848617554,1.2806497812271118,0.7993696928024292,-1.1920562982559204,1.026163935661316,-0.6992207169532776,0.019582277163863182,-6.438797950744629,0.3796340823173523,-1.6815725564956665
577,-42.976314544677734,-5.422080993652344,7.450371742248535,6.639514923095703,0.024677276611328125,-0.024108171463012695,55.107177734375,-14.53260612487793,21.126474380493164,-10.32113265991211,-12.019431114196777,4.458297252655029,-2.171072006225586,-0.17771093547344208,0.6770876049995422,10.291443824768066,4.585546493530273,-1.8043138980865479,2.2187867164611816,-1.7020165920257568,-0.525109589099884,-1.0893338918685913,7.908608436584473,3.3867063522338867
578,-25.232418060302734,1.8985337018966675,-3.9327433109283447,-12.252326965332031,-1.246577262878418,0.20819568634033203,28.553926467895508,-21.107545852661133,37.32746124267578,-59.20417785644531,-16.13648223876953,-8.73840618133545,-2.758620262145996,0.09287038445472717,-0.7196967005729675,9.607425689697266,1.7315236330032349,-2.120002508163452,1.3586461544036865,0.10685539245605469,-0.1013648509979248,1.4520021677017212,-2.9482192993164062,1.6936709880828857
579,-22.58182144165039,-4.496800422668457,5.529911041259766,-14.241870880126953,-0.7127740383148193,0.13015341758728027,19.23486328125,-21.814424514770508,41.3113899230957,-80.7704849243164,-14.039337158203125,-4.873378276824951,-3.0669660568237305,-0.17612895369529724,0.290332555770874,5.773596286773682,2.2187678813934326,-1.6381325721740723,1.4473094940185547,0.022705823183059692,0.14519616961479187,0.8220434188842773,-2.5868661403656006,0.6766178607940674
580,-17.11568260192871,1.0767226219177246,-0.10130131244659424,-8.983262062072754,-0.699448823928833,0.20717918872833252,17.692276000976562,-17.561382293701172,45.09096145629883,-85.73689270019531,-6.8560919761657715,-1.1990431547164917,-2.991962194442749,-0.06789175420999527,0.3314303159713745,2.3174095153808594,1.7816905975341797,-0.38182586431503296,2.1098735332489014,-0.007580772042274475,0.025164008140563965,-0.24633821845054626,-2.0944766998291016,0.25565075874328613
581,-5.965322494506836,-5.051083564758301,3.166698455810547,-6.310894966125488,-0.6681320667266846,0.06396400928497314,0.9149332046508789,-2.9378719329833984,23.550865173339844,-62.60628890991211,-0.7302889823913574,0.6701370477676392,-2.7140512466430664,-0.13680605590343475,0.6545313596725464,-0.9579019546508789,0.024414977058768272,0.7331537008285522,2.2363648414611816,0.15102729201316833,0.032968685030937195,-0.8352671265602112,-1.6911553144454956,-0.009311780333518982
582,-6.51671028137207,-1.7121156454086304,0.3728252649307251,-2.9705657958984375,-0.5406665802001953,0.029195308685302734,11.097914695739746,-7.109111309051514,18.420211791992188,-47.195899963378906,12.988139152526855,6.069150924682617,-1.8229830265045166,-0.35477879643440247,0.17982584238052368,-4.149542808532715,-1.8062191009521484,2.1047446727752686,2.85760235786438,0.2971409261226654,-0.08037065714597702,-1.4689843654632568,-1.3254371881484985,-0.2013997733592987
583,-0.24886322021484375,7.38067102432251,-4.285464286804199,2.983081817626953,-0.045400381088256836,-0.13001203536987305,-5.86642599105835,-21.936992645263672,17.603694915771484,-31.753461837768555,20.0,7.313262939453125,-1.366220474243164,0.02575681358575821,-0.016848623752593994,-6.406228065490723,-1.4593744277954102,2.2042996883392334,2.41986346244812,0.3856848478317261,0.1803184449672699,-1.4043362140655518,-1.3297120332717896,1.3414984941482544
584,3.2467823028564453,3.9231154918670654,-2.3147685527801514,11.342639923095703,0.24765968322753906,-0.17527151107788086,2.8479461669921875,-14.453899383544922,4.8810882568359375,-8.30575942993164,20.0,4.145968914031982,-0.6792783737182617,0.12051888555288315,-0.3804389238357544,-5.589492321014404,-0.7043406963348389,1.8688647747039795,2.2428672313690186,0.3308071196079254,0.029241327196359634,-0.47848033905029297,-1.257485270500183,2.0598602294921875
585,24.140033721923828,9.368659973144531,-6.419301509857178,8.084867477416992,0.11056900024414062,-0.10872292518615723,-25.542804718017578,-6.152316570281982,3.0308618545532227,-11.657179832458496,20.0,4.412205696105957,0.7582077383995056,0.5480737686157227,-0.38264915347099304,-7.609072208404541,-1.3799700736999512,1.7401909828186035,0.11988744884729385,-0.16211068630218506,-0.40095481276512146,2.471306800842285,0.7776496410369873,2.4142465591430664
586,42.72114562988281,12.911827087402344,-11.659561157226562,16.13744354248047,0.7323818206787109,-0.024201631546020508,-36.07876205444336,-0.43880724906921387,-3.207106113433838,-1.5452537536621094,8.671266555786133,1.5148367881774902,2.539933919906616,1.2557882070541382,0.09606587886810303,-2.2093005180358887,9.146787643432617,-2.8565170764923096,-2.688297986984253,-0.32596805691719055,-0.34466931223869324,7.561428070068359,6.074837684631348,2.874601125717163
587,21.927898406982422,21.995258331298828,-33.14424133300781,-49.57041931152344,-19.373640060424805,3.1095242500305176,-25.52686309814453,-5.834316253662109,3.6813979148864746,-8.34415054321289,-1.3630738258361816,-0.3797273635864258,0.9707104563713074,-0.08769916743040085,-0.08919063955545425,1.865660309791565,-3.246015787124634,1.2659850120544434,-3.80348539352417,-0.71438068151474,0.5220955610275269,8.052021980285645,2.111363172531128,1.365303874015808
588,26.828805923461914,13.56946849822998,-22.984262466430664,-79.42253875732422,2.0154056549072266,3.424283981323242,-24.132118225097656,16.282058715820312,-10.13981819152832,-12.092811584472656,-0.9453984498977661,-0.11290061473846436,1.31171452999115,-0.14068956673145294,-0.1499682366847992,0.9953511357307434,-2.4781301021575928,0.06759174913167953,-4.080801486968994,0.7104097008705139,0.8940953612327576,4.416435718536377,0.7031347751617432,0.4821349084377289
589,9.93311882019043,17.186891555786133,-21.544593811035156,-75.16796112060547,9.220999717712402,-0.780756950378418,-7.240684509277344,2.1297483444213867,-5.165866374969482,-9.15629768371582,-0.6522940993309021,-0.06220269203186035,1.9832876920700073,0.10283440351486206,0.030448822304606438,-0.024471908807754517,-2.1793622970581055,0.009408466517925262,-3.282090187072754,0.7256283164024353,0.19456589221954346,-0.2991068959236145,-0.40353643894195557,-1.164501667022705
590,-4.206766128540039,14.359820365905762,-14.28506851196289,-66.04380798339844,13.537589073181152,-6.98542594909668,6.652266979217529,-1.1825668811798096,-1.0364311933517456,0.5975828170776367,-0.26891279220581055,0.10203814506530762,2.639400005340576,-0.14189951121807098,0.2639879882335663,-0.9866431951522827,-1.9029598236083984,0.36558374762535095,-1.7637382745742798,0.09566225111484528,-0.08686264604330063,-3.1644928455352783,-2.2674672603607178,-1.6499015092849731
591,-20.576496124267578,18.257638931274414,-17.103830337524414,-52.973358154296875,14.598836898803711,-8.729166030883789,15.464497566223145,-5.538827896118164,3.687481641769409,6.994281768798828,0.2997856140136719,0.09790706634521484,2.6996006965637207,-0.19665022194385529,0.20146900415420532,-1.4544997215270996,-1.6526265144348145,0.4180544912815094,-0.2854062616825104,-0.35479626059532166,-0.17741215229034424,-5.0925798416137695,-2.0611252784729004,-1.9926100969314575
592,-34.45903396606445,11.162578582763672,-5.093679428100586,-29.550891876220703,11.797871589660645,-3.8963959217071533,26.917064666748047,-5.758007526397705,6.161149024963379,12.895562171936035,0.46998023986816406,0.11792397499084473,2.168551445007324,-0.16895557940006256,0.1326078474521637,-0.8588427901268005,-1.6281169652938843,-1.8143750429153442,0.9579100012779236,-0.677090585231781,0.24072790145874023,-5.119207382202148,-2.5285484790802,-1.7155146598815918
593,-26.54758071899414,-12.614885330200195,10.25334358215332,10.52590560913086,2.0674920082092285,-0.2786293029785156,29.227148056030273,-8.484981536865234,8.032554626464844,3.2735977172851562,0.5503250956535339,0.04221820831298828,-0.709979772567749,-0.34055134654045105,0.9307078719139099,7.34199333190918,4.023283958435059,-2.4729578495025635,2.7181196212768555,-1.0523513555526733,0.5912336707115173,-8.980185508728027,-0.33337414264678955,-2.1738486289978027
594,-36.42124938964844,6.618349552154541,-5.158514022827148,-8.624744415283203,-1.1960430145263672,0.3352055549621582,39.88359069824219,-13.835254669189453,33.2798957824707,-41.62154006958008,-20.0,-7.625846862792969,-1.9943816661834717,-0.008668155409395695,-0.9014676809310913,9.480836868286133,0.8927245736122131,-1.5992552042007446,1.789358377456665,-0.12137829512357712,-0.4998612403869629,-0.5013676881790161,4.892767429351807,0.5426843762397766
595,-17.296058654785156,-5.533067226409912,4.961052417755127,-9.86288833618164,-0.47798919677734375,0.0856313705444336,16.875619888305664,-21.79915428161621,43.87141036987305,-82.1304702758789,-10.172384262084961,-4.113625526428223,-1.6458956003189087,-0.3908868730068207,-0.11828333884477615,7.107290267944336,1.3515264987945557,-1.4735521078109741,1.4778205156326294,0.08312399685382843,-0.020156309008598328,0.9718348979949951,-2.68414306640625,0.40228137373924255
596,-19.78156280517578,-5.319311618804932,4.7667036056518555,-11.190573692321777,-0.7741533517837524,0.11132276058197021,15.69084358215332,-11.769614219665527,35.20262145996094,-89.54241180419922,-9.286539077758789,-1.555395483970642,-1.5403437614440918,-0.3649817109107971,0.37777426838874817,3.57755970954895,0.07147204130887985,-0.7182677388191223,2.0049386024475098,0.20012266933918,-0.11673688143491745,-0.17588970065116882,-2.080031633377075,0.49043405055999756
597,-13.234004974365234,2.08133602142334,-0.07959270477294922,-11.089682579040527,-0.5192938446998596,0.12860584259033203,2.9403324127197266,-18.861953735351562,31.795822143554688,-61.535011291503906,1.0039622783660889,4.113325119018555,-1.6972662210464478,-0.3824896216392517,0.8957462310791016,-0.9562960267066956,0.26128089427948,0.6265038251876831,1.7950584888458252,0.10551409423351288,0.06597080826759338,-0.6771627068519592,-1.5368001461029053,-0.23676720261573792
598,-13.393402099609375,0.7890034914016724,-0.890332818031311,0.00832366943359375,-0.35239169001579285,0.02531576156616211,16.89284896850586,-15.566937446594238,23.361066818237305,-56.32420349121094,10.442938804626465,3.881221294403076,-1.430148720741272,-0.298152893781662,0.14761602878570557,-2.7116503715515137,-0.2218850553035736,1.5785014629364014,2.3755252361297607,0.3490477204322815,-0.15821389853954315,-1.355436086654663,-1.1888688802719116,0.08509992063045502
599,-6.624030590057373,1.415809154510498,0.19464993476867676,2.8782730102539062,-0.14678415656089783,-0.14070630073547363,1.3154544830322266,-18.83955192565918,22.552940368652344,-37.09135437011719,18.336124420166016,7.835176467895508,-1.386494755744934,-0.3884240686893463,0.38834789395332336,-4.211945533752441,0.06978460401296616,1.5896581411361694,2.1721582412719727,0.24253281950950623,-0.005700953304767609,-1.5415666103363037,-1.0063395500183105,-0.3884950280189514
600,0.08600020408630371,4.670546054840088,-2.735790967941284,4.93181037902832,-0.28772854804992676,-0.07664966583251953,-0.23070240020751953,-12.837581634521484,11.673675537109375,-25.815526962280273,20.0,7.567146301269531,-0.7372240424156189,-0.14679399132728577,0.027014534920454025,-5.361896991729736,-1.656343698501587,2.119175910949707,2.083693027496338,0.2593265771865845,0.0027431510388851166,-1.275304913520813,-1.210985541343689,1.763954520225525
601,6.967036247253418,8.152718544006348,-5.136471748352051,9.69332504272461,0.39645057916641235,-0.13398075103759766,-6.694094657897949,-17.605224609375,5.954369068145752,-11.87363338470459,20.0,3.809687614440918,-0.3271857500076294,0.3633914887905121,-0.3086371421813965,-4.914756774902344,-0.06404858082532883,1.9637386798858643,1.3526690006256104,0.35455548763275146,-0.012211356312036514,-0.0338919460773468,-0.8759698867797852,2.827572822570801
602,24.52669906616211,13.880148887634277,-11.35313606262207,4.222675323486328,-0.02238011360168457,-0.08737397193908691,-18.056140899658203,-5.643592834472656,-2.2643346786499023,0.2690906524658203,20.0,3.4621434211730957,1.5015360116958618,0.6227015852928162,-1.4006823301315308,-8.151416778564453,-0.9184607863426208,1.0387650728225708,-1.1938070058822632,-0.09850500524044037,-0.630494236946106,4.587723731994629,2.9597089290618896,2.1450839042663574
603,44.017120361328125,13.072715759277344,-21.53038215637207,-32.25496292114258,-20.0,-4.691579818725586,-38.59867858886719,-2.4090256690979004,-1.6303985118865967,-1.9509201049804688,-0.051201820373535156,-0.06841230392456055,1.418391227722168,-0.841965913772583,-0.133607417345047,1.0697288513183594,-2.987929105758667,0.06881415843963623,-3.2455945014953613,-1.2761958837509155,-0.31370389461517334,10.429239273071289,6.984734535217285,3.456904172897339
604,35.86177062988281,22.337600708007812,-22.48947525024414,-63.014766693115234,2.0174179077148438,-0.47591280937194824,-37.448753356933594,8.59196662902832,-5.580869674682617,-18.325769424438477,-2.2110981941223145,-0.44470417499542236,1.1696226596832275,-0.2801142632961273,0.040759164839982986,0.901016116142273,-2.3314740657806396,0.43525010347366333,-4.194149494171143,0.09689439833164215,0.5829685926437378,6.756701469421387,0.0730699822306633,0.3565414845943451
605,24.715951919555664,19.799182891845703,-24.1179141998291,-74.7652816772461,9.982556343078613,-4.75452184677124,-24.528745651245117,8.177800178527832,-7.446985244750977,-14.888919830322266,-0.8276122808456421,-0.05907750129699707,1.5930479764938354,0.01663837395608425,0.05260511860251427,-0.08728610724210739,-1.9890905618667603,0.6796402931213379,-4.336554527282715,1.0457099676132202,0.41807761788368225,1.3405338525772095,-0.32196903228759766,-1.0246928930282593
606,14.47381591796875,12.62228012084961,-15.689892768859863,-56.18843460083008,15.304346084594727,-7.0889787673950195,-8.883319854736328,3.6382029056549072,-4.473086833953857,-3.9772706031799316,-0.45059967041015625,0.0953054428100586,2.0902605056762695,-0.287019819021225,0.11551236361265182,-0.8585306406021118,-1.6637396812438965,0.5574988126754761,-3.70566987991333,0.7377982139587402,0.09702523797750473,-1.7250142097473145,-1.3751469850540161,-1.682698130607605
607,4.23604679107666,7.10563325881958,-15.995329856872559,-42.76799392700195,20.0,-11.088297843933105,4.188172340393066,-0.3055124282836914,-3.308873176574707,1.6932315826416016,-0.038170814514160156,0.18987274169921875,2.91314435005188,-0.0965949296951294,0.32830142974853516,-1.7769252061843872,-1.765632152557373,0.8791540265083313,-2.0322775840759277,0.433346688747406,-0.6552295684814453,-4.731480598449707,-1.1767120361328125,-2.1022305488586426
608,-26.312522888183594,11.879263877868652,-16.643310546875,-40.26399612426758,20.0,-7.71672248840332,23.14620018005371,-7.565463066101074,6.259265899658203,10.549293518066406,0.23219799995422363,0.12699079513549805,2.7894439697265625,-0.14791631698608398,0.26633089780807495,-1.469285011291504,-1.4757195711135864,-1.8569998741149902,-0.20465122163295746,-0.24112284183502197,-0.48205146193504333,-6.225561141967773,-1.6183125972747803,-2.1303248405456543
609,-31.48604965209961,-1.1310007572174072,-1.8152046203613281,-4.540295600891113,14.324928283691406,-3.1124773025512695,33.46921157836914,-2.2430531978607178,4.805202484130859,15.907236099243164,0.7069364786148071,0.1329054832458496,0.11165469884872437,0.04319538548588753,0.2018134891986847,2.920168876647949,1.4210354089736938,-2.053119659423828,0.9338954091072083,-0.40707093477249146,-0.45984309911727905,-5.392168998718262,-0.3838103711605072,-2.1357460021972656
610,-39.549461364746094,-1.5809721946716309,4.306923866271973,5.099201202392578,-0.1044158935546875,0.09660530090332031,52.184417724609375,-27.769062042236328,24.14298439025879,10.171016693115234,0.5049686431884766,-0.12645912170410156,-2.584991455078125,-0.327212929725647,0.42196524143218994,11.433806419372559,4.231027603149414,-2.570956230163574,3.635962724685669,-2.070474624633789,-0.7438759803771973,-2.7069191932678223,6.84952449798584,2.6797046661376953
611,-20.59954833984375,8.074493408203125,-7.687582969665527,-17.985774993896484,-1.2515110969543457,0.36097097396850586,15.081684112548828,-20.610244750976562,32.78466796875,-37.019615173339844,-20.0,-9.218276977539062,-2.86914324760437,0.5013303756713867,-0.8903229832649231,8.835915565490723,1.773613691329956,-1.998550295829773,1.2213168144226074,0.004359498620033264,-0.01654570922255516,0.6470264792442322,1.8589328527450562,1.0246145725250244
612,-8.107233047485352,-0.8576812744140625,3.124620199203491,-12.500951766967773,-0.5485577583312988,0.16719722747802734,11.237826347351074,-24.156373977661133,37.41999435424805,-82.33158874511719,-12.174049377441406,-6.610858917236328,-2.060030460357666,0.48248571157455444,-0.5707290768623352,4.5936808586120605,2.1325504779815674,-1.2085269689559937,1.5839643478393555,0.11194925010204315,0.18067947030067444,1.2626131772994995,-2.960014820098877,0.6944416165351868
613,-6.9055495262146,-5.992334842681885,5.733318328857422,-8.516827583312988,-0.7749853730201721,0.11167609691619873,6.4593305587768555,-14.276331901550293,27.985355377197266,-82.15398406982422,-4.702082633972168,-1.1092995405197144,-1.3668292760849,0.31325826048851013,0.13805422186851501,0.5942230820655823,-0.11258862912654877,0.27846986055374146,2.2178711891174316,-0.06987314671278,0.08721887320280075,0.23352578282356262,-2.5034923553466797,0.4402090609073639
614,-18.985889434814453,-4.828183174133301,3.4089486598968506,-3.263972282409668,-0.4745323657989502,0.0043294429779052734,14.768550872802734,-16.02898597717285,26.631656646728516,-64.8940658569336,6.839547157287598,3.48942494392395,-1.8601521253585815,0.048531465232372284,0.34738805890083313,-1.9083549976348877,-0.6551370620727539,1.2769464254379272,2.2091095447540283,0.01080881804227829,0.11903692781925201,-0.4413590431213379,-1.8701884746551514,0.01671263575553894
615,-1.3450002670288086,-1.9055626392364502,0.8598872423171997,1.8502941131591797,-0.09265482425689697,-0.10498547554016113,0.27190303802490234,-12.806244850158691,19.16061782836914,-53.01186752319336,13.297725677490234,6.003045082092285,-1.1277294158935547,-0.0544358566403389,0.24495968222618103,-4.016042232513428,-0.6362501978874207,1.3504812717437744,2.540839910507202,0.05701903998851776,0.03028005361557007,-1.0376410484313965,-1.5903369188308716,-0.03882107138633728
616,-4.863011837005615,-1.1886197328567505,0.3269975185394287,7.879330635070801,-0.0015832185745239258,-0.0747230052947998,0.7529792785644531,-14.508856773376465,15.2725248336792,-38.39372253417969,20.0,9.597148895263672,-1.1743489503860474,0.06377121806144714,-0.02186145819723606,-3.8312063217163086,-0.7730587720870972,1.91805899143219,2.3970160484313965,0.34885433316230774,-0.028705395758152008,-1.3352078199386597,-1.251681923866272,-0.49273502826690674
617,-4.457699775695801,2.6414010524749756,-0.610008955001831,6.231476783752441,-0.014552593231201172,-0.1609206199645996,5.7627058029174805,-14.427614212036133,10.128007888793945,-17.504867553710938,20.0,6.406010627746582,-1.1349729299545288,0.0023342608474195004,-0.14212477207183838,-3.7466351985931396,-0.8612366914749146,1.7977286577224731,2.1111502647399902,0.11389879882335663,-0.0750587061047554,-0.6024671792984009,-1.6497769355773926,2.0960569381713867
618,9.582558631896973,3.470637798309326,-3.256592273712158,5.40087890625,0.09847128391265869,-0.14439845085144043,-9.616365432739258,-7.626454830169678,7.311169147491455,-12.694815635681152,20.0,3.9789459705352783,-0.25751638412475586,0.060917507857084274,-0.3923702836036682,-4.847964286804199,-0.9812290072441101,1.1266614198684692,1.328221082687378,0.0850035548210144,-0.015915293246507645,0.6657490730285645,-0.8956958651542664,1.817979097366333
619,20.402219772338867,9.269342422485352,-7.069200038909912,6.152421951293945,0.2167561650276184,-0.010346174240112305,-19.706378936767578,-0.9290897846221924,-0.7199676036834717,-6.7548627853393555,20.0,3.968580484390259,0.7961209416389465,0.3124960660934448,-1.073000431060791,-6.912356853485107,-0.4958765208721161,1.2273694276809692,-1.1001365184783936,-0.19848422706127167,-0.45898786187171936,4.4185309410095215,2.364678144454956,1.6060997247695923
620,52.028099060058594,11.62267780303955,-21.71724510192871,-44.229522705078125,-20.0,2.15615177154541,-47.5658073425293,13.743173599243164,-11.314186096191406,1.1638984680175781,-0.12301445007324219,0.02294158935546875,0.5454034805297852,-0.4919922351837158,0.034343600273132324,1.9056583642959595,-2.746333599090576,0.6642436981201172,-4.126695156097412,-0.33047017455101013,-0.5280669331550598,11.807964324951172,6.999218940734863,2.879225492477417
621,48.701412200927734,33.51702880859375,-37.59490203857422,-85.07557678222656,5.8874993324279785,-3.6107795238494873,-41.36040496826172,-2.950721502304077,0.27364277839660645,-21.816139221191406,-2.3138961791992188,-0.3983689546585083,1.4573019742965698,-0.35334062576293945,0.25904303789138794,0.5639587044715881,-2.3584787845611572,1.0579700469970703,-4.357072830200195,0.24582305550575256,0.404629111289978,6.322035789489746,0.9143382906913757,0.6891062259674072
622,11.112021446228027,27.157039642333984,-31.945180892944336,-86.2540512084961,6.222146987915039,-5.210282325744629,-10.028039932250977,-0.6238522529602051,-0.3366544246673584,-13.112541198730469,-0.8118985295295715,-0.14064395427703857,2.1019837856292725,-0.14793552458286285,0.06394754350185394,-0.6119095087051392,-1.9787315130233765,0.8312157988548279,-3.5211570262908936,0.8556540608406067,0.6772183775901794,0.3819977939128876,-0.2199743688106537,-0.4123516082763672
623,11.076345443725586,22.995498657226562,-26.9180908203125,-69.33721160888672,13.873760223388672,-7.03985595703125,-2.5313892364501953,-4.061371803283691,-1.3568222522735596,1.1406378746032715,-0.29566049575805664,0.04908418655395508,3.0520079135894775,-0.13635896146297455,0.19796985387802124,-1.4959616661071777,-1.6895469427108765,0.750312328338623,-2.201749324798584,0.18661844730377197,0.027986792847514153,-1.729097843170166,-1.815746784210205,-1.0660314559936523
624,-15.382546424865723,13.056949615478516,-18.421358108520508,-44.695472717285156,12.286450386047363,-5.254558563232422,7.559577465057373,-2.2514851093292236,1.9717456102371216,3.758608818054199,0.13058924674987793,0.08196449279785156,2.764970302581787,-0.09522509574890137,0.18115675449371338,-1.7109599113464355,-1.4782840013504028,0.37835294008255005,-1.6276036500930786,0.15938785672187805,0.2827296257019043,-3.346508502960205,-1.8174850940704346,-0.8022462129592896
625,-15.508600234985352,6.427727699279785,-9.372871398925781,-28.89331817626953,18.22270965576172,-6.836408615112305,15.169048309326172,-0.27909067273139954,-0.2788054645061493,6.933002471923828,0.2837061882019043,-0.009045600891113281,2.750175952911377,0.031097516417503357,0.19166453182697296,-1.5667076110839844,-1.3724678754806519,-0.7385920882225037,-0.24744249880313873,-0.06739024817943573,-0.12523022294044495,-4.635794639587402,-1.7556370496749878,-2.578768253326416
626,-24.88872528076172,2.594316244125366,-2.089811086654663,-11.871601104736328,17.207942962646484,-4.303526878356934,24.558177947998047,-4.215572357177734,3.7959232330322266,9.66651725769043,0.4608440399169922,0.22317218780517578,1.2758105993270874,0.15120427310466766,0.18127486109733582,0.7915425300598145,0.08586949110031128,-1.730364203453064,1.0825053453445435,-0.6268854141235352,-0.4650484621524811,-5.420938491821289,-1.2631564140319824,-2.079127311706543
627,-45.8072509765625,0.5045139789581299,1.8859996795654297,0.4129180908203125,0.3844184875488281,0.02108478546142578,49.46073913574219,-16.99796485900879,15.961723327636719,10.808380126953125,0.6576482057571411,0.006328105926513672,-1.9082657098770142,0.23346465826034546,-0.15671144425868988,7.136861801147461,4.292091369628906,-2.8522872924804688,3.5831332206726074,-1.1994587182998657,0.016634222120046616,-8.232131004333496,-0.1488174945116043,-2.4389710426330566
628,-32.12632751464844,9.745819091796875,-6.292059421539307,-10.162666320800781,-1.1053223609924316,0.3679044246673584,38.71715545654297,-24.956912994384766,41.0693244934082,-28.569599151611328,-17.575462341308594,-17.032920837402344,-2.8978734016418457,0.5451316237449646,-0.9250491857528687,8.111503601074219,1.838141918182373,-1.8780279159545898,1.4769142866134644,-1.638655185699463,-1.0178864002227783,0.590708315372467,2.0681395530700684,1.4988014698028564
629,-13.756278991699219,-4.161317348480225,6.437395095825195,-7.255241394042969,-0.44364190101623535,0.11520802974700928,18.1373233795166,-18.66316032409668,40.205936431884766,-53.85829162597656,-17.541217803955078,-9.079962730407715,-2.8828649520874023,0.5057011246681213,-0.14925628900527954,7.035765171051025,2.1503751277923584,-0.9014712572097778,1.4339706897735596,0.054389532655477524,0.18705619871616364,1.6133394241333008,-3.2520761489868164,0.8140038847923279
