Timestep,left_hip_pitch_joint_Torque,left_hip_roll_joint_Torque,left_hip_yaw_joint_Torque,left_knee_joint_Torque,left_ankle_pitch_joint_Torque,left_ankle_roll_joint_Torque,right_hip_pitch_joint_Torque,right_hip_roll_joint_Torque,right_hip_yaw_joint_Torque,right_knee_joint_Torque,right_ankle_pitch_joint_Torque,right_ankle_roll_joint_Torque,left_hip_pitch_joint_Vel,left_hip_roll_joint_Vel,left_hip_yaw_joint_Vel,left_knee_joint_Vel,left_ankle_pitch_joint_Vel,left_ankle_roll_joint_Vel,right_hip_pitch_joint_Vel,right_hip_roll_joint_Vel,right_hip_yaw_joint_Vel,right_knee_joint_Vel,right_ankle_pitch_joint_Vel,right_ankle_roll_joint_Vel
50,1.7622652053833008,3.569671392440796,-1.9577419757843018,-0.016994357109069824,-0.13735604286193848,-0.012426167726516724,-5.129278182983398,-11.146659851074219,15.748957633972168,-74.8655776977539,-5.605000019073486,0.6687155961990356,-0.025384118780493736,0.008486280217766762,-0.2819100618362427,0.06220182031393051,-1.8978264331817627,-0.23986709117889404,0.4834620952606201,0.13151462376117706,-0.596174418926239,-1.024055004119873,0.28901880979537964,-0.2156529426574707
51,14.346071243286133,0.7858180999755859,-0.28469061851501465,-1.4718055725097656,-0.2207202911376953,0.08158457279205322,-5.259260177612305,2.2944934368133545,5.004559516906738,-51.15139389038086,-18.71920394897461,4.953273773193359,3.3807084560394287,0.31181252002716064,-0.3209668695926666,-4.623373508453369,-5.822173595428467,0.7474332451820374,1.873870849609375,0.2368924468755722,-0.8157589435577393,-1.024867296218872,-0.9316958785057068,-0.2773774266242981
52,-3.3932666778564453,3.6041698455810547,-2.4139037132263184,2.5507888793945312,-11.331154823303223,0.028467416763305664,-8.775370597839355,0.26187169551849365,4.784398555755615,-31.18665313720703,-11.816690444946289,5.40286922454834,3.9635186195373535,0.6339170336723328,-0.6695107221603394,-7.843274116516113,1.9068631900154287e-06,1.311907172203064,1.2445068359375,0.40295180678367615,-0.8317893743515015,0.5676319599151611,-4.707594871520996,0.9532453417778015
53,-5.991861343383789,9.667518615722656,-12.434884071350098,-54.62178039550781,-19.533010482788086,5.803034782409668,1.275634765625,-2.237413167953491,2.1185803413391113,1.8555970191955566,0.4238862991333008,0.18941545486450195,1.5486454963684082,0.7139755487442017,-0.3834516406059265,-0.9792076349258423,1.3060338497161865,0.5323154330253601,1.406978964805603,0.4533427953720093,-0.38076215982437134,0.8509684801101685,-3.333021879196167,3.789747953414917
54,-10.479471206665039,12.900442123413086,-13.825255393981934,-77.9114990234375,-20.0,2.9842443466186523,-7.630566596984863,6.8044233322143555,-4.1390700340271,9.227149963378906,0.4409160614013672,-0.336514949798584,1.7971773147583008,0.0825924277305603,-0.0797610729932785,-2.1111462116241455,5.856462478637695,0.12491941452026367,0.22552330791950226,0.1281881034374237,-0.001097109168767929,6.165748119354248,-3.2107033729553223,2.369863986968994
55,-23.70081329345703,19.103424072265625,-22.09267807006836,-84.03590393066406,-13.075643539428711,3.500356674194336,-0.5680358409881592,0.009498357772827148,1.1395822763442993,-3.953296661376953,0.2569546699523926,-0.23741483688354492,1.1171622276306152,0.037309274077415466,-0.19024522602558136,-0.9666522145271301,0.2667049765586853,0.2041398584842682,0.8012966513633728,0.36432623863220215,0.36392050981521606,4.099566459655762,-1.787278652191162,2.0465712547302246
56,-3.477095603942871,21.38235855102539,-22.098100662231445,-60.580841064453125,-13.402569770812988,4.342601776123047,-13.989294052124023,-5.8961501121521,2.689859390258789,-4.5103254318237305,-0.010101795196533203,-0.23935723304748535,1.1395032405853271,-0.056590043008327484,0.08148136734962463,-1.1900708675384521,0.023886024951934814,0.3568708300590515,0.6825035214424133,0.14916487038135529,0.776261568069458,2.9773571491241455,-0.9061885476112366,1.2759755849838257
57,-9.8394775390625,21.48471450805664,-22.642759323120117,-58.61677932739258,-14.659772872924805,2.6146650314331055,-6.840002536773682,-3.9453015327453613,1.001666784286499,-3.796072483062744,-0.07530272006988525,-0.1690780520439148,1.1951756477355957,0.0014038714580237865,0.0076233819127082825,-1.391538143157959,0.04811041057109833,0.4493274688720703,1.2693681716918945,-0.07346811145544052,0.3820757269859314,0.6788903474807739,-0.7406590580940247,0.2438853681087494
58,-0.2701120376586914,4.956287860870361,-10.441598892211914,-24.666288375854492,-8.801139831542969,2.276503801345825,-9.96243667602539,0.010345458984375,-1.3934848308563232,-7.011996269226074,-0.42593955993652344,-0.03662961721420288,0.9620144367218018,0.22961919009685516,-0.09848291426897049,-0.7229523658752441,-0.9799540638923645,-0.04837961867451668,1.9573085308074951,-0.15473036468029022,-0.40843915939331055,-3.2978744506835938,0.0002748951083049178,-0.21989724040031433
59,-13.658225059509277,-4.729507923126221,1.835324764251709,-8.295742988586426,-2.489595413208008,0.4464930295944214,3.6746654510498047,-2.075207471847534,2.556445360183716,-0.3859672546386719,-9.337711334228516,-0.08616876602172852,0.178594172000885,-0.14343968033790588,-0.07944385707378387,0.4034520983695984,-2.049792766571045,-0.05877937376499176,2.4387686252593994,-0.35579317808151245,-0.021480519324541092,-6.3231329917907715,-3.6679994082078338e-06,-1.1512373685836792
60,-3.8047409057617188,-9.642278671264648,5.443063259124756,4.833873748779297,0.3696300983428955,-0.1367628574371338,2.750316619873047,-2.2163312435150146,1.5334333181381226,3.198486328125,-13.3580961227417,0.06038308143615723,-0.7608328461647034,-0.5250322222709656,0.56382817029953,5.083303451538086,-1.4284303188323975,-1.41416335105896,2.035006046295166,-0.7418566942214966,-0.7256195545196533,-1.3542976379394531,4.4431281089782715,-5.199095726013184
61,-15.774312973022461,-6.326240539550781,4.954275131225586,-2.44580078125,0.16492581367492676,0.02640700340270996,12.185325622558594,-2.7367584705352783,6.7932209968566895,-69.90643310546875,-20.0,11.375955581665039,-1.1118988990783691,0.18202883005142212,0.6251934766769409,7.03217077255249,0.8953290581703186,-1.8456318378448486,1.3400828838348389,0.4037392735481262,-1.0970890522003174,-0.39952003955841064,0.9054729342460632,-6.0155558586120605
62,-20.992820739746094,-0.03360915184020996,-0.8890854120254517,-11.149301528930664,-0.6664016246795654,0.24351805448532104,-0.7533164024353027,-15.255268096923828,17.25446128845215,-72.3892593383789,-19.894620895385742,0.3383796215057373,-1.474926471710205,0.1871034801006317,0.4075798988342285,4.88527250289917,-0.4583549499511719,-0.42591315507888794,0.6501209139823914,0.3924071490764618,-0.5976685881614685,-0.05698377639055252,0.42236751317977905,0.8718538284301758
63,-9.50674819946289,-1.643090009689331,-0.7830072641372681,-10.036491394042969,-0.38935351371765137,0.12470376491546631,-10.374591827392578,-11.780658721923828,18.502796173095703,-66.86495971679688,-18.18876075744629,-0.03617548942565918,-0.9291766881942749,-0.2542423605918884,-0.026409659534692764,0.9095658659934998,-1.4081881046295166,0.5586216449737549,0.49990153312683105,0.5898088216781616,-0.28899210691452026,-0.16209490597248077,-0.04797056317329407,0.7073127031326294
64,-0.40598440170288086,-2.6282739639282227,2.2441649436950684,0.4159325659275055,0.020447969436645508,-0.015418529510498047,-16.20085906982422,-5.921664237976074,12.612377166748047,-67.1669692993164,-10.61516284942627,0.13513636589050293,-0.6388170719146729,-0.3878644108772278,-0.5225029587745667,-0.17908325791358948,-1.782378077507019,1.3765112161636353,0.802054762840271,0.4962381422519684,-0.9907423257827759,-0.2831745445728302,-1.0443519353866577,0.21216876804828644
65,-2.4180517196655273,-1.827269434928894,2.187105655670166,-0.9261941909790039,-0.03917646408081055,-0.12453341484069824,-13.107582092285156,-11.981429100036621,17.234703063964844,-60.77878189086914,-6.831779956817627,3.3657634258270264,0.4125841557979584,-0.20566026866436005,0.08939717710018158,-3.1537225246429443,-2.383212089538574,1.6652811765670776,0.904456377029419,0.572566032409668,-0.7884035706520081,-0.45506390929222107,-0.759679913520813,-0.13850168883800507
66,4.711272239685059,6.734573841094971,-3.9587666988372803,0.18129730224609375,-7.638710021972656,-0.013849735260009766,-13.330696105957031,-7.2394843101501465,6.79616117477417,-22.5787410736084,5.582432746887207,3.990231990814209,1.8551738262176514,0.19329020380973816,-0.1444854885339737,-7.30872917175293,9.209175186697394e-05,3.148649215698242,0.987170934677124,0.6495647430419922,-0.7638689875602722,-0.21287554502487183,-1.0474605560302734,0.6245270371437073
67,56.19057846069336,20.39108657836914,-25.841066360473633,-98.41575622558594,-10.824041366577148,9.602071762084961,-58.599815368652344,4.907341003417969,-7.213191509246826,3.5943641662597656,0.06591129302978516,0.2077503204345703,1.4487502574920654,0.3223617970943451,0.3101987838745117,0.09043575823307037,-1.4402188062667847,0.03671020269393921,-2.2498199939727783,0.05441095307469368,0.02043258771300316,7.941573143005371,2.690911054611206,4.063374042510986
68,19.121627807617188,34.464630126953125,-43.662330627441406,-107.39887237548828,-11.063339233398438,7.375394344329834,-48.60631561279297,1.360184669494629,-0.12065505981445312,-7.162860870361328,-1.05228590965271,-0.46175241470336914,0.8364697694778442,0.004314906895160675,0.35243988037109375,-0.5592918395996094,-0.9011650085449219,0.2940891981124878,-5.258682727813721,1.0758135318756104,1.9394735097885132,10.404095649719238,1.4673866033554077,2.61037278175354
69,14.086017608642578,23.931909561157227,-35.16851043701172,-82.73536682128906,-7.4403581619262695,6.164864540100098,-33.42845153808594,-7.765031337738037,2.0766420364379883,-24.42110252380371,-0.7808694839477539,-0.371429443359375,1.4482553005218506,-0.26783978939056396,0.32414206862449646,-1.802244782447815,-0.26897355914115906,0.2500189244747162,-4.79248571395874,0.623730480670929,1.9953086376190186,2.780209541320801,4.159968852996826,0.9316216111183167
70,-7.577607154846191,19.56305694580078,-23.74001693725586,-62.34087371826172,1.78789222240448,3.2519145011901855,-8.087543487548828,-5.410874366760254,-0.6699419021606445,-8.077396392822266,-1.0511536598205566,-0.13829874992370605,1.6136651039123535,-0.5783144235610962,0.30606862902641296,-2.4736995697021484,0.13220007717609406,0.2786010503768921,-4.216828346252441,-0.35972627997398376,1.305258870124817,-1.4711583852767944,1.7563114166259766,-0.601525068283081
71,0.03843879699707031,14.915051460266113,-18.43137550354004,-40.289756774902344,12.875704765319824,-0.9514259696006775,-2.431338310241699,4.301161766052246,-7.529829978942871,2.1811304092407227,-0.5384054183959961,0.11147665977478027,2.363447666168213,-0.2299785315990448,0.28817451000213623,-2.8465921878814697,0.09901820123195648,0.1683717668056488,-2.9580235481262207,-0.5153349041938782,-0.5164787173271179,-3.661381959915161,-0.07328175753355026,-1.841301441192627
72,-30.961748123168945,5.367790222167969,-11.015530586242676,-32.20855712890625,20.0,-4.126279830932617,17.836383819580078,4.213364601135254,-1.4175949096679688,8.998544692993164,-0.028237581253051758,0.12231588363647461,2.0183486938476562,-0.47313541173934937,-0.012728825211524963,-3.0116348266601562,0.08861735463142395,-0.06274297833442688,-2.0105764865875244,-0.6628515720367432,-0.8513084650039673,-4.5935797691345215,-1.582869052886963,-2.70219349861145
73,-34.094417572021484,3.354736566543579,-4.101047515869141,-10.908370018005371,18.446434020996094,-4.443542003631592,38.61518096923828,-2.010127305984497,3.87387752532959,12.380252838134766,0.5618318319320679,0.20048093795776367,0.398301899433136,-0.2525988817214966,-0.19237007200717926,0.35719311237335205,1.3877183198928833,-1.1652592420578003,0.31003057956695557,-0.7568544745445251,-0.9404333829879761,-6.030826091766357,-1.1805408000946045,-2.362870693206787
74,-43.0960807800293,-1.4983385801315308,4.040805816650391,-3.496990203857422,6.340916633605957,-1.589158535003662,55.7236213684082,-11.035802841186523,9.171335220336914,18.610177993774414,0.876892626285553,0.11294794082641602,-2.4868509769439697,0.35439300537109375,0.730087161064148,6.4386491775512695,4.746013641357422,-2.418365001678467,2.658790349960327,-0.90948486328125,-0.8148438334465027,-6.604083061218262,0.23115688562393188,-2.32407546043396
75,-34.805381774902344,-2.2805581092834473,0.7168979644775391,-7.048870086669922,-1.110447645187378,0.24224305152893066,52.186222076416016,-15.774962425231934,20.385238647460938,-31.75174903869629,-19.05198097229004,-5.419356346130371,-4.2869439125061035,0.5625802278518677,-0.0705694779753685,10.353106498718262,2.0722296237945557,-1.7469878196716309,1.0721896886825562,-0.07648653537034988,-0.4211876690387726,0.3013001084327698,1.1453123092651367,0.9545680284500122
76,-31.408775329589844,-2.6828277111053467,2.647050380706787,-19.81684112548828,-1.0396391153335571,0.1946173906326294,32.805782318115234,-14.763123512268066,22.294750213623047,-49.61320114135742,-17.848419189453125,-7.915968418121338,-4.47009801864624,0.08144984394311905,-0.5754933953285217,5.934061527252197,1.2417136430740356,-0.6420812010765076,1.7749269008636475,0.07242417335510254,0.17896732687950134,0.7453499436378479,-1.2979137897491455,2.652700424194336
77,-12.270837783813477,-1.652461051940918,1.9268810749053955,-8.574800491333008,-0.5298891067504883,0.09514623880386353,6.500931739807129,-17.040019989013672,24.197473526000977,-55.681392669677734,-16.5587215423584,-11.049760818481445,-4.715499401092529,-0.1579589545726776,-0.18053913116455078,3.3921570777893066,0.8460107445716858,0.3470679521560669,1.065963864326477,0.09319696575403214,0.35244500637054443,0.978143572807312,0.35264885425567627,-0.7103767991065979
78,5.757021903991699,-2.5237643718719482,2.737412929534912,-4.638156414031982,-0.2614481449127197,-0.08734484761953354,-12.789299011230469,-5.137564659118652,15.70536994934082,-59.193992614746094,-16.846044540405273,-2.8851544857025146,-3.886080503463745,0.07870638370513916,0.20426037907600403,0.2356487661600113,0.6417050957679749,-0.03884686902165413,1.498630404472351,-0.07314689457416534,-0.29061606526374817,-0.16381876170635223,0.0938519835472107,1.0466419458389282
79,16.148279190063477,-3.341733694076538,0.6343358159065247,2.571221351623535,-0.13954532146453857,0.06792616844177246,-22.554279327392578,-6.688784122467041,13.593192100524902,-63.431644439697266,-5.830411911010742,-1.7419852018356323,-2.4767069816589355,-0.10479822754859924,-0.1437503695487976,-1.8678367137908936,-0.8721145391464233,0.9865102171897888,1.6213587522506714,0.13659346103668213,-0.3555788993835449,0.16174612939357758,-2.123478651046753,0.2480567842721939
80,16.606321334838867,-3.186533212661743,2.6104133129119873,7.616170883178711,0.17045211791992188,-0.11693799495697021,-26.117673873901367,-9.320988655090332,12.020715713500977,-68.9805908203125,-0.5792608261108398,1.0503545999526978,-1.2420415878295898,-0.002102624624967575,-0.06282312422990799,-2.950639009475708,-1.555816650390625,0.9525511860847473,1.9583641290664673,0.26830336451530457,-0.5845417380332947,-0.44661349058151245,-1.8738303184509277,-0.042132407426834106
81,16.32779312133789,-5.173157691955566,3.360377311706543,9.850606918334961,0.34206581115722656,-0.08493494987487793,-30.80269432067871,-10.446039199829102,10.546867370605469,-62.68471908569336,9.081823348999023,2.321852207183838,-0.4229775667190552,0.03141756355762482,0.278993159532547,-3.4661221504211426,-1.438450813293457,1.552589774131775,1.7280774116516113,0.42244744300842285,-0.4980870485305786,-0.7455425262451172,-1.5826157331466675,0.3120839297771454
82,28.752147674560547,12.478327751159668,-9.422823905944824,2.8363800048828125,0.21230244636535645,0.024196624755859375,-30.369403839111328,-10.013599395751953,-3.141079902648926,-14.241427421569824,15.966351509094238,3.863797426223755,1.909118413925171,0.5072386264801025,-0.43086445331573486,-8.019311904907227,-1.5586771965026855,2.5632567405700684,0.4437684416770935,0.49081361293792725,-0.34567761421203613,1.4382392168045044,-0.07234059274196625,0.9239836931228638
83,97.20716857910156,17.666404724121094,-25.352947235107422,-50.789852142333984,3.658649444580078,12.709163665771484,-67.72368621826172,7.364515781402588,-7.498771667480469,-1.9520339965820312,0.6542186737060547,0.2706770896911621,0.9075607657432556,0.5775026679039001,0.12511034309864044,0.3123117685317993,-1.827397108078003,-0.4554968476295471,-2.6959402561187744,-0.18724822998046875,-0.45062705874443054,8.778648376464844,5.132650375366211,3.5249013900756836
84,40.86420440673828,21.5693302154541,-39.03519058227539,-75.24288940429688,5.270199775695801,5.284317970275879,-49.23268508911133,4.294692039489746,-1.2257890701293945,-17.42525863647461,-1.7977012395858765,-0.44737863540649414,1.79131019115448,0.08505579829216003,0.3007652759552002,-0.19790828227996826,-1.844889760017395,0.16588585078716278,-4.307619094848633,1.5178275108337402,2.0127413272857666,5.769634246826172,1.250880241394043,1.9159318208694458
85,22.79477310180664,28.19147491455078,-35.49285888671875,-67.51421356201172,8.202569007873535,2.7036476135253906,-26.700191497802734,-12.390130996704102,3.367844581604004,-14.473209381103516,-0.8105287551879883,-0.2941822409629822,2.274184226989746,-0.36048299074172974,0.3306480646133423,-1.364829182624817,-1.2119196653366089,0.35609108209609985,-4.066463947296143,0.4125674366950989,1.7569197416305542,0.7291632890701294,1.7974640130996704,0.0370141938328743
86,2.6663894653320312,14.993894577026367,-25.261825561523438,-57.477359771728516,19.500167846679688,-1.4282197952270508,-4.577020645141602,1.7808661460876465,-5.202692985534668,-1.4872350692749023,-0.5909336805343628,0.0011069774627685547,2.8036885261535645,-0.41091015934944153,0.20380666851997375,-2.279046058654785,-0.8571195602416992,0.08706673979759216,-3.0057432651519775,-0.14740031957626343,0.49832186102867126,-2.4504811763763428,0.43026432394981384,-1.4149483442306519
87,-23.238418579101562,11.114055633544922,-19.86659812927246,-45.64427947998047,20.0,-6.811138153076172,14.996990203857422,-1.3165271282196045,-0.42089784145355225,6.288455963134766,-0.14614295959472656,0.10886144638061523,2.817523241043091,-0.49402916431427,0.05819820612668991,-2.840548515319824,-0.6266565322875977,0.26377204060554504,-1.6571197509765625,-0.6555156111717224,-0.22543874382972717,-4.709454536437988,-0.8079802989959717,-2.0708725452423096
88,-13.081609725952148,4.321658134460449,-2.908094882965088,-5.875650405883789,20.0,-4.7558088302612305,19.214794158935547,-2.893744945526123,1.2626686096191406,12.170762062072754,0.37717151641845703,0.19369888305664062,1.9297302961349487,-0.22231724858283997,0.2709653377532959,-0.627419114112854,-0.10603996366262436,-2.3442211151123047,-0.6978367567062378,-0.9763526916503906,-0.6736928224563599,-3.9421486854553223,-0.5983325242996216,-1.8167706727981567
89,-21.91299819946289,-1.2474539279937744,-0.016606688499450684,-9.694441795349121,20.0,-4.380075931549072,25.31159210205078,0.7892351150512695,1.930032730102539,10.603141784667969,0.557793140411377,0.10095977783203125,0.17220593988895416,-0.33849602937698364,0.30225637555122375,2.2986955642700195,1.8834271430969238,-1.321500301361084,0.4243267774581909,-1.092776894569397,-0.7122486233711243,-4.310188293457031,1.4209121465682983,-2.2845678329467773
90,-45.63761520385742,-0.3437551259994507,2.9466147422790527,-3.4804534912109375,-0.2785320281982422,-0.027340412139892578,58.402347564697266,-17.210845947265625,14.817863464355469,14.093109130859375,0.34702110290527344,0.11686956882476807,-2.310832977294922,0.14090213179588318,0.7940070033073425,8.299379348754883,4.536477565765381,-2.9632811546325684,3.050534248352051,-1.8721342086791992,-1.0066659450531006,-2.161344528198242,8.389369010925293,2.584376335144043
91,-31.411407470703125,0.4628255367279053,-1.423374891281128,-14.496147155761719,-1.4922349452972412,0.4239931106567383,28.733436584472656,-18.826274871826172,28.649765014648438,-38.846961975097656,-20.0,-2.6744637489318848,-3.5263044834136963,0.02860613726079464,0.09010642766952515,6.942621231079102,0.033544376492500305,-0.3757875859737396,0.5210484266281128,-0.05451318621635437,0.2010461390018463,1.971699833869934,-2.791377067565918,-0.014668464660644531
92,-9.064413070678711,0.6390961408615112,-0.5460724830627441,-9.980559349060059,-0.3266400694847107,0.07362965494394302,14.861757278442383,-13.341118812561035,21.116491317749023,-54.268428802490234,-13.874403953552246,-2.675278663635254,-3.022944688796997,0.054961320012807846,-0.5010547041893005,4.020030975341797,0.3578121066093445,-0.01751890778541565,1.115296721458435,-0.0790322870016098,-0.09182195365428925,1.5097568035125732,-2.739865303039551,0.47832831740379333
93,-9.162226676940918,-3.8982596397399902,3.549957752227783,-5.7525529861450195,-0.29138386249542236,-0.015454649925231934,11.987516403198242,-8.634769439697266,17.45178985595703,-58.02471160888672,-6.996818542480469,-2.2900965213775635,-2.8366241455078125,0.17907005548477173,-0.4738563895225525,1.7079784870147705,0.675243079662323,0.22647477686405182,1.5858031511306763,0.06002421677112579,-0.3600704073905945,0.8165806531906128,-2.481205701828003,0.32159557938575745
94,-0.7509984970092773,-2.7016098499298096,2.630732536315918,-3.70931339263916,-0.5495700836181641,-0.004765033721923828,0.12704944610595703,-6.121951103210449,14.59919548034668,-56.74381637573242,-3.0725913047790527,1.0279252529144287,-1.9960718154907227,0.3555326461791992,-0.26927003264427185,-1.2659261226654053,-1.9739654064178467,1.0013387203216553,2.0123488903045654,0.21993307769298553,-0.504507303237915,0.16831007599830627,-2.21177077293396,0.07024551928043365
95,9.796924591064453,-8.141068458557129,5.12347412109375,5.987752914428711,0.4038122892379761,-0.14913535118103027,-15.664301872253418,-8.05213737487793,14.528446197509766,-61.30532455444336,1.3594601154327393,2.204735279083252,-1.138256311416626,0.021576708182692528,0.15437205135822296,-2.3863518238067627,-0.5632376074790955,0.747433602809906,2.1102023124694824,0.2795372009277344,-0.35909831523895264,-0.2507200837135315,-1.99617600440979,-0.06167849898338318
96,4.036768913269043,0.9404112696647644,-0.516829788684845,3.7627220153808594,-0.09601545333862305,0.010570049285888672,-6.95721960067749,-13.3281888961792,12.19661808013916,-40.714813232421875,12.391496658325195,2.0096137523651123,-0.3387692868709564,0.14693932235240936,0.09202692657709122,-4.023523330688477,-1.5000404119491577,2.005094528198242,2.1858577728271484,0.3836715817451477,-0.36330658197402954,-0.4454895257949829,-1.8503055572509766,0.19954872131347656
97,12.07043743133545,1.773382544517517,-1.8945010900497437,7.647943496704102,0.2883181571960449,-0.16215848922729492,-18.25229835510254,-7.838493347167969,6.922929286956787,-23.11871910095215,17.797311782836914,4.616970062255859,0.4160005450248718,0.28175467252731323,-0.062401626259088516,-4.886951923370361,-0.8545584678649902,1.6591248512268066,1.9158365726470947,0.5064082145690918,-0.2920571267604828,-0.3297956585884094,-1.850164532661438,-0.25048500299453735
98,33.884361267089844,5.642033576965332,-4.856525897979736,11.689144134521484,0.5749419927597046,-0.05850362777709961,-33.44522476196289,0.9619625210762024,-3.2072668075561523,-8.934404373168945,17.397499084472656,4.422107219696045,1.8980693817138672,0.33699527382850647,-0.38515523076057434,-6.0281500816345215,0.6880783438682556,2.1834492683410645,-0.5074634552001953,0.19912490248680115,-0.21142297983169556,3.521033525466919,0.6983749270439148,0.36258959770202637
99,86.63597869873047,20.04723358154297,-29.29803466796875,-76.7762680053711,13.631242752075195,3.6471877098083496,-74.55113220214844,17.576807022094727,-13.8266019821167,-4.699466705322266,-0.5551204681396484,0.20897722244262695,1.6118115186691284,-0.32502132654190063,0.03272998332977295,0.7728040218353271,-2.3783109188079834,0.015045113861560822,-3.6902754306793213,0.039755240082740784,-0.22642672061920166,9.295302391052246,2.4032247066497803,2.6147310733795166
100,47.52946472167969,34.19245147705078,-42.529075622558594,-61.49405288696289,13.956483840942383,0.5556875467300415,-49.284202575683594,-3.1506850719451904,1.8299627304077148,-20.98994255065918,-1.377711296081543,-0.3562033176422119,1.8536574840545654,0.00720997154712677,0.15340566635131836,-0.13902713358402252,-1.9270894527435303,0.31546127796173096,-4.760210990905762,1.4892395734786987,1.4579811096191406,4.225064277648926,1.5080214738845825,1.4887865781784058
101,2.5461816787719727,23.706113815307617,-36.1771354675293,-78.64798736572266,16.16599464416504,1.1505811214447021,-2.8357677459716797,-8.979329109191895,3.962254524230957,-7.208947658538818,-0.5106360912322998,-0.25825902819633484,2.842395544052124,-0.3787534236907959,0.17540132999420166,-1.6929652690887451,-1.3134382963180542,0.1969502866268158,-3.1318881511688232,0.7234088182449341,1.6731220483779907,-0.666023850440979,1.444343090057373,-0.08817850053310394
102,6.690485954284668,11.236469268798828,-21.86271095275879,-48.65339279174805,20.0,-3.4165291786193848,-10.468122482299805,3.4852025508880615,-7.099241256713867,1.7757139205932617,-0.5151670575141907,0.05126333236694336,2.9831888675689697,-0.42962756752967834,0.1915869265794754,-2.136748790740967,-0.9788609743118286,0.3102012872695923,-2.921566963195801,0.09636138379573822,0.25471410155296326,-1.8418409824371338,-0.14377130568027496,-1.3390929698944092
103,-26.2498779296875,8.28664779663086,-15.471657752990723,-26.697063446044922,20.0,-5.823652267456055,21.868619918823242,-6.100996017456055,2.3533811569213867,3.719972610473633,0.02170434594154358,0.10355401039123535,2.9123401641845703,-0.21367453038692474,0.07550743967294693,-2.258831262588501,-0.9218230843544006,-0.560588002204895,-1.089102029800415,-0.3694697320461273,-0.4437408745288849,-5.322310924530029,-0.1563299000263214,-1.6030479669570923
104,-34.1380500793457,-3.1669445037841797,-0.0187455415725708,-10.823572158813477,20.0,-5.3451433181762695,40.138492584228516,-7.08877420425415,6.181319236755371,14.022510528564453,0.44497597217559814,0.04748249053955078,0.9805768132209778,-0.3814230263233185,0.17571616172790527,1.1966279745101929,1.2374311685562134,-1.5553382635116577,0.9981160759925842,-1.2699891328811646,-0.5245363116264343,-6.107520580291748,-0.3640746474266052,-2.206515312194824
105,-51.65654754638672,2.639596939086914,0.7380533218383789,-3.3660850524902344,0.09609413146972656,-0.007965564727783203,59.92639923095703,-14.157827377319336,11.829940795898438,19.610488891601562,0.8287210464477539,0.08619260787963867,-2.3162460327148438,0.5997187495231628,0.47604361176490784,8.130317687988281,5.05452823638916,-3.219046115875244,3.481499671936035,-1.3921432495117188,-0.8379748463630676,-6.9848456382751465,0.6373316049575806,-2.040796995162964
106,-33.40970230102539,5.8822197914123535,-4.678338050842285,-14.455434799194336,-1.4478687047958374,0.43302273750305176,37.991554260253906,-11.751583099365234,22.268329620361328,-26.02520179748535,-16.9798583984375,-4.614923477172852,-3.3656551837921143,1.1646509170532227,-0.9170616865158081,7.733164310455322,1.0360808372497559,-1.4571157693862915,1.7772349119186401,-0.08689986169338226,-0.8973476886749268,-0.12301535904407501,3.588310956954956,0.07063138484954834
107,-11.030263900756836,-9.217514991760254,6.6695404052734375,-13.984583854675293,-0.7321116924285889,0.100494384765625,14.756474494934082,-18.25155258178711,28.93169593811035,-52.11112976074219,-10.433273315429688,-3.864811420440674,-2.5786728858947754,-0.04785219579935074,0.005771726369857788,2.6421356201171875,-0.32731446623802185,-0.6238104104995728,1.100494146347046,-0.18647216260433197,0.1731499433517456,1.8549667596817017,-2.969947338104248,0.5301846265792847
108,-4.292736053466797,-7.495364189147949,4.450850486755371,-1.1237468719482422,-0.08499985933303833,0.06606400012969971,0.7150053977966309,-6.63718318939209,20.07906150817871,-72.28267669677734,-9.321457862854004,-1.8022987842559814,-2.656015634536743,-0.20197851955890656,-0.0823211669921875,1.2329351902008057,0.06957279145717621,0.25785475969314575,1.3483370542526245,-0.11380474269390106,-0.13172197341918945,1.01578688621521,-2.593046188354492,0.3869670629501343
109,-3.1535682678222656,-3.9349677562713623,2.67151141166687,-0.9754290580749512,-0.2234722375869751,0.016077280044555664,1.177109718322754,-10.859719276428223,18.873125076293945,-63.31855773925781,-0.662811279296875,0.12233054637908936,-2.3086676597595215,-0.11923883110284805,0.011008983477950096,-0.7570059299468994,-0.398799866437912,1.353515625,1.5584913492202759,0.15669365227222443,-0.1970030665397644,0.3520084023475647,-2.157069206237793,0.06123931705951691
110,5.324033260345459,-1.1223201751708984,0.6603715419769287,3.329864501953125,0.010067343711853027,-0.1082301139831543,-4.800944805145264,-10.028034210205078,15.64238166809082,-48.29377746582031,4.339105606079102,0.4475359618663788,-1.484643816947937,-0.06417965143918991,-0.14688125252723694,-1.9214386940002441,-0.6987807154655457,1.4800682067871094,1.8707189559936523,0.2779490649700165,-0.30389639735221863,0.03171061724424362,-2.0752065181732178,-0.011999890208244324
111,11.70680046081543,-2.2057785987854004,1.3478407859802246,6.3261308670043945,0.11560487747192383,-0.13570213317871094,-15.114959716796875,-11.212613105773926,12.591767311096191,-47.18313980102539,7.913042068481445,1.696609377861023,-0.48636046051979065,-0.13634666800498962,-0.04247387871146202,-2.8519952297210693,-1.280653476715088,1.489112377166748,1.908921718597412,0.3219352960586548,-0.18061041831970215,-0.09862987697124481,-1.962764024734497,0.32466715574264526
112,15.478622436523438,5.820582389831543,-3.9376657009124756,2.168508529663086,0.19179415702819824,-0.0036826133728027344,-17.1021671295166,-7.702707767486572,0.6797258853912354,-21.113718032836914,20.0,4.878484725952148,0.9763418436050415,0.2323029339313507,-0.4798015058040619,-6.1646504402160645,-0.4852660596370697,2.9324097633361816,1.6544321775436401,0.48208582401275635,-0.36663615703582764,0.20088930428028107,-1.336761474609375,-0.6199564933776855
113,53.32765197753906,15.529948234558105,-17.44367027282715,-24.99397087097168,-17.53255271911621,7.523616313934326,-52.50393295288086,2.3114702701568604,-9.32214069366455,0.3105354309082031,6.117897033691406,1.8372159004211426,1.88692307472229,-0.1442197561264038,-0.12749670445919037,0.9533258676528931,-2.149190902709961,-1.186699390411377,-1.4031357765197754,-0.3336786925792694,-0.282144695520401,6.623495578765869,3.224663019180298,3.099709987640381
114,35.97024154663086,32.59228515625,-35.42053985595703,-87.74507904052734,7.0314106941223145,2.9736576080322266,-45.79695129394531,4.653167724609375,-2.4841015338897705,-8.859699249267578,-1.2464052438735962,-0.34140634536743164,1.9406800270080566,-0.40298524498939514,0.15150991082191467,-0.10209089517593384,-1.9639798402786255,0.40562859177589417,-3.2660677433013916,0.42320647835731506,1.2877243757247925,6.835543155670166,0.38916459679603577,2.0412778854370117
115,23.685440063476562,35.74492645263672,-35.72184371948242,-75.59223175048828,11.923308372497559,-0.5877336859703064,-30.23940086364746,-5.5950927734375,-0.49887609481811523,-14.64253044128418,-0.7446755170822144,-0.24406421184539795,2.3914475440979004,-0.12842610478401184,0.21149694919586182,-1.2252711057662964,-1.46196711063385,0.5548885464668274,-3.2847483158111572,0.5705529451370239,1.107790470123291,1.8532658815383911,0.9587686657905579,0.5934916734695435
116,16.866863250732422,19.227535247802734,-24.994091033935547,-54.10637664794922,20.0,-0.5575729012489319,-21.08116912841797,1.761603593826294,-4.664766311645508,-5.454592227935791,-0.47667598724365234,-0.05230510234832764,2.5784950256347656,-0.035272665321826935,0.2566835284233093,-1.8802388906478882,-1.0165009498596191,0.17324481904506683,-3.3687727451324463,0.45633238554000854,0.38099098205566406,-1.0136191844940186,1.8906362056732178,-0.5786171555519104
117,-2.0906429290771484,9.731282234191895,-20.433286666870117,-45.92811584472656,20.0,-5.3051934242248535,0.8406572341918945,-3.637026309967041,1.6665632724761963,-0.2283496856689453,-0.49996864795684814,-0.03358817100524902,3.0985910892486572,-0.3241051435470581,0.37844809889793396,-2.7398831844329834,-0.6468133330345154,0.4767497181892395,-1.9999908208847046,-0.09148768335580826,0.47189974784851074,-4.161981105804443,0.789245069026947,-1.7835605144500732
118,-17.692726135253906,3.098353385925293,-11.922309875488281,-24.858478546142578,20.0,-6.558018684387207,13.879693984985352,5.214028358459473,-5.271129131317139,11.054594039916992,0.007693827152252197,0.20860052108764648,2.917576789855957,-0.034927986562252045,0.1960347294807434,-2.3488194942474365,-0.8224905133247375,-1.4454843997955322,-1.0504491329193115,-0.17304407060146332,-0.8809624910354614,-4.105752944946289,-0.37976357340812683,-2.2655863761901855
119,-21.6907901763916,-6.214048862457275,-3.3565478324890137,-11.696017265319824,20.0,-4.80023717880249,20.734149932861328,4.902329444885254,-1.5427541732788086,12.717759132385254,0.37249040603637695,0.24504399299621582,1.652398943901062,-0.17188742756843567,0.1857050657272339,-0.209757000207901,0.3364775776863098,-1.5317795276641846,-0.4578551948070526,-0.3982977271080017,-1.2588481903076172,-2.595263957977295,-0.8182145953178406,-1.6158487796783447
120,-35.09962463378906,-3.474374771118164,2.762939214706421,-5.299394607543945,15.808005332946777,-3.594848155975342,46.702152252197266,-9.802485466003418,9.960197448730469,8.519804000854492,0.6035032272338867,0.017797470092773438,-0.991008460521698,0.05172247439622879,0.48584479093551636,5.024015426635742,3.7630207538604736,-2.4568545818328857,2.3174896240234375,-0.5141015648841858,-0.9383321404457092,-6.375793933868408,1.037656307220459,-2.1072397232055664
121,-56.15098571777344,2.896754026412964,0.19367718696594238,-11.029541015625,-1.0598430633544922,0.2314748764038086,69.1912841796875,-21.37086296081543,20.0181827545166,-7.984326362609863,-17.975217819213867,-16.684364318847656,-3.998351812362671,0.4561396539211273,0.4848995804786682,9.065655708312988,2.850820779800415,-1.6379749774932861,1.525308609008789,-0.9189112782478333,-0.5994296073913574,-0.8413416147232056,6.519857883453369,0.11343610286712646
122,-25.30267906188965,2.2520315647125244,-2.231640338897705,-16.84615707397461,-1.0821728706359863,0.25395113229751587,32.348411560058594,-17.708091735839844,27.423858642578125,-34.932857513427734,-19.191415786743164,-6.563093662261963,-4.041593074798584,0.2075863927602768,-0.4333329498767853,5.484938144683838,0.8399143815040588,-0.33546265959739685,1.2129831314086914,-0.20591239631175995,-0.1035960465669632,1.271816372871399,-1.089766025543213,1.2396537065505981
123,-14.316131591796875,-7.119871139526367,4.232985496520996,-7.277009010314941,-0.3092188835144043,0.031268179416656494,22.02648162841797,-7.941744804382324,26.082401275634766,-46.0406494140625,-9.860763549804688,-2.6172635555267334,-4.045049667358398,-0.036464348435401917,-0.17359521985054016,3.389333724975586,1.9137262105941772,0.2253088355064392,1.1671143770217896,0.04718130826950073,0.08251069486141205,1.7000237703323364,-2.826604127883911,0.3657105267047882
124,-1.2095928192138672,-5.308413028717041,4.16179084777832,-4.5275373458862305,-0.5774742364883423,-0.06621196866035461,4.12744140625,-5.849524974822998,17.254947662353516,-59.15329360961914,-6.2187933921813965,-1.4001482725143433,-3.453571081161499,-0.005384441465139389,-0.08194011449813843,0.6099562048912048,0.12619353830814362,0.11449117958545685,1.6879290342330933,0.11832632124423981,-0.1370258331298828,1.0345548391342163,-2.681262731552124,0.2818240821361542
125,3.5731887817382812,-1.8025951385498047,1.2786059379577637,-1.3009672164916992,-0.33066415786743164,0.07474398612976074,-3.4477810859680176,-14.302165031433105,16.048160552978516,-54.39429473876953,5.415332794189453,1.2299460172653198,-2.5425870418548584,0.06739167869091034,-0.11415889859199524,-2.3168697357177734,-1.2862021923065186,1.8225170373916626,2.0170257091522217,0.2994862496852875,-0.19061684608459473,0.40840691328048706,-2.4139413833618164,-0.05228103697299957
126,15.92645263671875,-2.1697497367858887,1.5516719818115234,6.839084625244141,0.18476629257202148,-0.19263768196105957,-16.510046005249023,-13.886655807495117,14.81912612915039,-54.34530258178711,9.61783218383789,0.9664254188537598,-1.0057545900344849,-0.06307443976402283,-0.03874889761209488,-4.069514751434326,-1.5290110111236572,1.4050008058547974,2.373654365539551,0.19474530220031738,-0.24575647711753845,-0.12197022140026093,-2.5440943241119385,0.4122626781463623
127,16.498228073120117,0.9304674863815308,-0.6435269713401794,10.011520385742188,0.3530573844909668,-0.08827328681945801,-20.38242530822754,-10.425185203552246,6.006309986114502,-39.52757263183594,20.0,4.991306304931641,0.11964470893144608,0.3684496283531189,-0.11050178110599518,-4.698643207550049,-1.0155097246170044,1.829882025718689,2.516313076019287,0.5218135118484497,-0.31227943301200867,-0.42454588413238525,-2.104008436203003,-0.09948700666427612
128,40.967105865478516,11.136049270629883,-8.416728973388672,9.119518280029297,0.46516427397727966,-0.03438282012939453,-44.17698669433594,-2.280607223510742,-2.8062758445739746,-14.804786682128906,16.27443504333496,4.66471004486084,2.440246820449829,0.5605956315994263,-0.6412128806114197,-8.229169845581055,-0.18418598175048828,2.442842483520508,0.016433464363217354,0.048631682991981506,-0.33395108580589294,3.33052921295166,0.7445294260978699,1.126024842262268
129,77.52490234375,20.22591781616211,-22.132078170776367,-56.23387145996094,11.191864013671875,4.857516765594482,-71.45913696289062,8.26612663269043,-8.178970336914062,-9.177223205566406,-0.5969095230102539,0.06185579299926758,1.8626080751419067,-0.5181993842124939,0.26619571447372437,0.825330376625061,-2.467949867248535,0.22726771235466003,-3.0154356956481934,-0.271499365568161,0.6317256093025208,7.136289596557617,3.146723508834839,3.424917221069336
130,30.12480354309082,33.42851257324219,-43.03849792480469,-67.36486053466797,10.489422798156738,3.0746588706970215,-34.40324020385742,-4.524320602416992,2.925215721130371,-13.475234031677246,-1.176156997680664,-0.4862995147705078,1.940168857574463,-0.17908352613449097,0.3246701657772064,-0.013071859255433083,-2.09801983833313,0.4989399015903473,-3.8891661167144775,0.963991641998291,2.3228371143341064,3.7036960124969482,1.759796380996704,1.3392361402511597
131,16.463991165161133,29.496440887451172,-38.201873779296875,-79.40858459472656,14.662960052490234,-0.27712512016296387,-17.50364112854004,-2.587491989135742,-4.5444488525390625,-6.28517484664917,-0.7917322516441345,-0.09448099136352539,2.5835390090942383,-0.11348903179168701,0.12357313930988312,-1.1692801713943481,-1.628368616104126,0.5083867311477661,-3.1886849403381348,0.2822616994380951,0.6973364353179932,-0.04370926320552826,0.30247482657432556,0.038501493632793427
132,8.421992301940918,12.953941345214844,-21.636859893798828,-52.84209442138672,20.0,-2.9651780128479004,-6.5879621505737305,0.7612078785896301,-2.4518320560455322,2.413059711456299,-0.27443230152130127,-0.00043201446533203125,3.1842315196990967,-0.36086082458496094,0.3107505738735199,-1.9437998533248901,-1.3143413066864014,0.4512379765510559,-2.600609064102173,-0.28289860486984253,0.3434530198574066,-0.8635281324386597,-0.911699652671814,-0.6350031495094299
133,-10.91727352142334,14.74946403503418,-19.97216033935547,-41.032344818115234,20.0,-4.83244514465332,5.106907844543457,-5.193180561065674,2.8232626914978027,0.5830326080322266,-0.030879080295562744,-0.02422046661376953,3.192723274230957,-0.4738466143608093,0.21238869428634644,-2.488630771636963,-0.907477855682373,0.20167115330696106,-1.5011802911758423,-0.7252649068832397,0.21535244584083557,-4.045764446258545,-0.31325462460517883,-1.6509404182434082
134,-29.898649215698242,4.817165851593018,-7.637758731842041,-17.946393966674805,20.0,-5.109907627105713,30.665184020996094,-3.019336700439453,1.684308409690857,10.880617141723633,0.26355409622192383,0.1498854160308838,2.3536601066589355,-0.07901681214570999,0.12425936758518219,-0.8116710782051086,-0.2778565585613251,-1.879060983657837,0.4615001678466797,-1.0581035614013672,-0.7231636643409729,-5.6159749031066895,-0.8016876578330994,-1.5940580368041992
135,-42.55678939819336,-2.628519296646118,5.2367634773254395,1.2642135620117188,8.243444442749023,-1.7117133140563965,53.648170471191406,-12.353811264038086,11.313350677490234,15.587093353271484,0.8822286128997803,0.02175617218017578,-1.0993883609771729,0.20814093947410583,0.4640941023826599,5.848718643188477,4.398190498352051,-2.672048807144165,3.0354697704315186,-1.618226170539856,-0.8021011352539062,-7.326426982879639,1.6764003038406372,-1.6421993970870972
136,-48.095375061035156,-0.6982250213623047,0.5399092435836792,-11.567611694335938,-1.2970876693725586,0.28514647483825684,54.616966247558594,-9.041193008422852,21.59585189819336,-17.233577728271484,-19.422039031982422,-3.22550106048584,-3.2812366485595703,0.6876090168952942,0.25661423802375793,8.424346923828125,1.2388795614242554,-1.496233582496643,2.161168098449707,-0.6739004254341125,-0.8578799366950989,-1.296001672744751,7.053798675537109,0.37448152899742126
137,-3.6594181060791016,1.2565079927444458,-2.0042309761047363,-13.982452392578125,-0.5798835754394531,0.20322740077972412,3.2496047019958496,-13.484654426574707,22.114946365356445,-48.824119567871094,-11.581504821777344,-2.740741491317749,-2.68742036819458,0.18656086921691895,-0.4643876254558563,4.00115966796875,0.5177187919616699,-0.7440296411514282,1.0982608795166016,-0.0785178393125534,-0.16698747873306274,1.8043758869171143,-2.925945281982422,0.32165461778640747
138,-4.873231887817383,-5.9368391036987305,4.16048526763916,-4.354671478271484,-0.3685445785522461,0.09665673971176147,5.438421249389648,-13.100235939025879,16.842363357543945,-62.31478500366211,-8.756319046020508,-1.0638153553009033,-2.4223783016204834,0.010392368771135807,-0.4464547336101532,1.9431560039520264,-0.6098469495773315,0.4932544529438019,1.4419012069702148,0.023731671273708344,-0.2875410318374634,1.147900938987732,-2.6353414058685303,0.28194838762283325
139,-2.4600791931152344,-1.588296890258789,1.5143123865127563,-4.9234299659729,-0.09501338005065918,-0.032109618186950684,-0.777867317199707,-17.36967658996582,18.51089096069336,-54.676841735839844,-3.337418556213379,-0.771216630935669,-1.8299589157104492,-0.002847704105079174,-0.19575783610343933,-1.5058205127716064,0.42683205008506775,0.8643234968185425,1.5430870056152344,0.1252591609954834,-0.1444120705127716,0.6332600712776184,-2.3984692096710205,0.28313273191452026
140,3.9099321365356445,-0.5983756184577942,0.3664889335632324,3.253817558288574,-0.23215138912200928,-0.02890801429748535,-5.010733604431152,-12.387845039367676,12.949094772338867,-52.01078414916992,7.175405502319336,0.7187380194664001,-1.0562076568603516,0.24684885144233704,-0.4147529900074005,-3.0417587757110596,-1.032804250717163,1.6144293546676636,1.834001898765564,0.33702048659324646,-0.38669317960739136,0.09800387173891068,-2.096111297607422,-0.04904913902282715
141,14.044140815734863,1.315408706665039,-0.9762859344482422,4.647764205932617,0.06430768966674805,-0.0969085693359375,-17.84844398498535,-7.074930191040039,6.1988701820373535,-33.84329605102539,13.574767112731934,3.029946804046631,0.2223784327507019,0.24743108451366425,-0.6735668182373047,-5.323662757873535,-1.5755774974822998,2.0013160705566406,1.9005937576293945,0.3407745361328125,-0.47033971548080444,-0.02388550341129303,-2.0938642024993896,0.028595834970474243
142,24.472808837890625,4.513088226318359,-2.6411631107330322,9.218605041503906,0.4985367953777313,-0.15129804611206055,-27.395065307617188,0.08365499973297119,-4.067757606506348,-11.031866073608398,14.226381301879883,3.9434258937835693,1.5339460372924805,0.6179521083831787,-0.5433431267738342,-6.9686055183410645,0.10269922018051147,1.848842978477478,0.051816560328006744,0.276975154876709,-0.3031024932861328,2.4563779830932617,-0.5556260943412781,0.42036688327789307
143,63.215599060058594,17.295856475830078,-20.913375854492188,-77.60581970214844,8.63170051574707,4.4372429847717285,-59.58427429199219,10.775260925292969,-9.912737846374512,-2.5741119384765625,-0.18020343780517578,0.19096660614013672,1.8967281579971313,-0.3376293182373047,0.3995036482810974,0.5630619525909424,-2.3583016395568848,0.23753473162651062,-2.4973597526550293,-0.37489211559295654,0.16272729635238647,7.837611198425293,1.6958595514297485,3.0934813022613525
144,37.52875900268555,25.843647003173828,-34.872154235839844,-78.22683715820312,14.504607200622559,1.1856625080108643,-45.90873718261719,9.89464282989502,-5.537245750427246,-14.987049102783203,-1.1425738334655762,-0.387640118598938,1.9493027925491333,-0.34691518545150757,0.2155740112066269,-0.4617040157318115,-1.7201648950576782,0.34387463331222534,-3.6437127590179443,1.336977481842041,1.518207311630249,4.760565280914307,0.4258510172367096,0.895858645439148
145,9.636150360107422,29.388051986694336,-33.889259338378906,-66.01482391357422,14.991751670837402,-0.8976321816444397,-15.257132530212402,-10.446488380432129,2.9803104400634766,-12.299850463867188,-0.562335729598999,-0.139032781124115,2.369127035140991,-0.3287142217159271,0.12202838063240051,-1.4612420797348022,-1.2517849206924438,0.48961031436920166,-2.750232458114624,0.9279503226280212,1.2139400243759155,-0.9028491973876953,1.4359779357910156,0.1661386936903
146,13.859063148498535,15.741558074951172,-20.639854431152344,-49.56351852416992,20.0,-2.7385787963867188,-16.39181900024414,0.6390244960784912,-5.608761310577393,2.175384521484375,-0.5404688715934753,0.005228519439697266,2.708569049835205,-0.3439520001411438,0.3856203556060791,-1.9763692617416382,-0.940786600112915,0.21277093887329102,-2.844278573989868,0.23560281097888947,0.06406812369823456,-1.2124627828598022,-0.3696494996547699,-1.3209025859832764
147,-24.39071273803711,10.540056228637695,-14.517077445983887,-31.64019012451172,20.0,-6.590359687805176,20.562360763549805,-9.317329406738281,5.369046211242676,2.984027862548828,-0.027858972549438477,0.038060665130615234,2.8139138221740723,-0.5373212099075317,0.281141072511673,-2.437669515609741,-0.6392714977264404,-0.0214482843875885,-1.0276740789413452,-0.5405214428901672,-0.18006327748298645,-4.37534761428833,-1.2479147911071777,-1.997524619102478
148,-32.55087661743164,-2.542106866836548,-1.7558478116989136,-9.86231803894043,20.0,-4.982822418212891,36.69084930419922,1.5784852504730225,-0.7263765335083008,12.37101936340332,0.7198073863983154,0.20395183563232422,0.6886661052703857,-0.034418538212776184,0.21808980405330658,1.4766024351119995,1.3411870002746582,-1.4801356792449951,0.960530698299408,-0.7365017533302307,-1.5356417894363403,-5.851905822753906,0.9957380890846252,-2.059340000152588
149,-42.49590301513672,-2.3618581295013428,3.2231359481811523,-16.387052536010742,10.651445388793945,-3.20986270904541,44.05144119262695,-4.748744964599609,8.823102951049805,17.079557418823242,0.5710635185241699,0.028568267822265625,-1.4652312994003296,-0.19310104846954346,0.30047154426574707,4.77099609375,3.8853304386138916,-1.514758825302124,2.599668264389038,-0.9250018000602722,-0.717631995677948,-5.927502155303955,1.8708984851837158,-2.6346232891082764
150,-47.73225402832031,1.7851636409759521,-0.4632432162761688,-9.66558837890625,-1.1282880306243896,0.1696782112121582,64.94221496582031,-14.664976119995117,17.535842895507812,-13.913909912109375,-15.726211547851562,-2.5379364490509033,-3.1181159019470215,0.8266536593437195,-0.04593239352107048,7.3734822273254395,1.5171219110488892,-0.9272881150245667,2.0251049995422363,-0.10127226263284683,-0.5744023323059082,-0.49876686930656433,4.821907043457031,0.10552127659320831
151,-21.3914794921875,-9.971485137939453,5.652504920959473,-11.010482788085938,-0.7088698148727417,0.03976309299468994,26.68090057373047,-13.917140007019043,30.67936897277832,-60.17616271972656,-7.484920024871826,-3.612321615219116,-3.390406370162964,-0.007491089403629303,-0.0022599026560783386,4.439148426055908,0.8643180727958679,-0.8428027033805847,1.278822422027588,0.021998703479766846,-0.12037890404462814,1.2131803035736084,-2.572511672973633,0.35781219601631165
152,-5.756964683532715,-6.479812145233154,4.7258806228637695,-6.8660783767700195,-0.4206966161727905,0.044619977474212646,6.645411491394043,-10.271476745605469,23.583599090576172,-58.465415954589844,-8.654176712036133,-0.3521902561187744,-2.896782398223877,-0.34641095995903015,0.4598415791988373,1.1873477697372437,0.35583198070526123,-0.3682646155357361,1.5730743408203125,-0.08521875739097595,-0.04281925410032272,0.7634071111679077,-2.4001386165618896,0.2011573612689972
153,-2.338191032409668,-2.258606433868408,0.8419156074523926,-0.7084606885910034,-0.25001829862594604,0.09078812599182129,2.288196563720703,-10.531180381774902,16.188562393188477,-53.26683044433594,-3.0523343086242676,-0.8660653829574585,-2.5725696086883545,-0.3124412000179291,0.13621824979782104,-0.3584131598472595,-0.397294282913208,0.7161778211593628,1.8417187929153442,0.14775410294532776,-0.1978834867477417,0.29987040162086487,-2.244011402130127,0.18034020066261292
154,13.370912551879883,0.3426833152770996,-0.425476610660553,4.149187088012695,0.061310648918151855,-0.05274343490600586,-17.596363067626953,-16.81308937072754,19.17634391784668,-57.64839553833008,2.063096761703491,2.1743128299713135,-1.472525954246521,-0.3853110671043396,0.0627492293715477,-1.9688009023666382,-0.946629524230957,0.7953768968582153,2.0102200508117676,0.10881762951612473,-0.2006378471851349,-0.03284013643860817,-2.0882670879364014,0.03857177495956421
155,13.127189636230469,7.766068458557129,-5.093740463256836,3.7531604766845703,0.14682316780090332,-0.006010532379150391,-15.829574584960938,-15.814142227172852,13.974956512451172,-43.728939056396484,9.872676849365234,2.205152988433838,-0.07071960717439651,0.21447502076625824,-0.3228834867477417,-4.170687675476074,-0.7654911279678345,1.0120457410812378,2.268831968307495,0.3543536067008972,-0.27396517992019653,-0.42504096031188965,-1.9538638591766357,0.2149861752986908
156,16.822118759155273,-0.9565945267677307,0.9164317846298218,11.310827255249023,0.29240334033966064,-0.07359743118286133,-27.38236427307129,-6.878775596618652,5.327279090881348,-33.16517639160156,15.29134750366211,4.328459739685059,0.25072696805000305,0.36082693934440613,-0.1528134047985077,-3.690920352935791,-0.6975126266479492,1.465401530265808,1.8174866437911987,0.33505719900131226,-0.43276870250701904,-0.30725643038749695,-1.9540337324142456,-0.08805978298187256
157,36.57544708251953,8.640264511108398,-7.471212863922119,8.461666107177734,0.47925427556037903,-0.01967144012451172,-35.97096252441406,-3.337718963623047,-3.464158773422241,-13.160343170166016,16.79718017578125,4.65626335144043,2.4591381549835205,0.7076859474182129,-0.6689712405204773,-6.366716384887695,0.16453008353710175,1.8420517444610596,-0.21132107079029083,0.20671334862709045,-0.3211800158023834,3.040290594100952,0.44707849621772766,0.9732549786567688
158,63.149532318115234,23.201929092407227,-26.608749389648438,-74.8068618774414,7.342138290405273,6.432668209075928,-56.571258544921875,7.06729793548584,-7.24637508392334,-4.041805267333984,-0.40410804748535156,0.07473564147949219,2.0531814098358154,-0.2134544402360916,0.3263632655143738,0.343718945980072,-2.2887847423553467,0.19721132516860962,-2.2741260528564453,-0.17716549336910248,0.4782642722129822,6.913733959197998,2.271059513092041,3.19335675239563
159,43.466033935546875,30.709705352783203,-40.50910949707031,-73.68407440185547,15.770164489746094,0.30360132455825806,-53.431488037109375,6.406651496887207,-5.5980377197265625,-12.749725341796875,-1.185571551322937,-0.357555627822876,1.7400530576705933,-0.08698908984661102,0.20637063682079315,-0.450544148683548,-1.7122503519058228,0.3145776391029358,-4.5003342628479,1.231282114982605,1.44413161277771,5.466487884521484,1.1206742525100708,1.408761739730835
160,35.61370849609375,30.30389404296875,-42.35448455810547,-58.76068115234375,17.822242736816406,-0.05870771408081055,-32.83641052246094,-11.12636947631836,3.6851272583007812,-13.109637260437012,-0.881761908531189,-0.24000956118106842,2.4805684089660645,-0.2421935498714447,0.20077210664749146,-1.4351441860198975,-1.2758662700653076,0.3045712113380432,-4.344812393188477,0.7498360276222229,1.682305932044983,1.4088486433029175,0.6754348278045654,0.05361786484718323
161,-4.058452606201172,17.897077560424805,-28.651371002197266,-56.08193588256836,20.0,-1.8591384887695312,3.716341018676758,-5.771724224090576,-0.2327594757080078,-3.7198753356933594,-0.3251601457595825,-0.03643512725830078,3.2076008319854736,-0.3283047080039978,0.0522482693195343,-2.5114965438842773,-0.8938249945640564,0.10611965507268906,-2.4745428562164307,-0.1677270084619522,0.7076128125190735,-3.255079984664917,0.7687903046607971,-1.1457122564315796
162,-20.64344024658203,3.6457860469818115,-12.704355239868164,-26.042972564697266,20.0,-5.643696308135986,16.48531150817871,-2.0247490406036377,-1.4135926961898804,6.4752349853515625,-0.1037290096282959,0.1230919361114502,3.12975811958313,-0.2586430013179779,0.17914091050624847,-2.5732924938201904,-0.5971848368644714,-0.006747454404830933,-1.1032651662826538,-0.8828615546226501,-0.45765408873558044,-5.249918460845947,-0.025340015068650246,-1.6587926149368286
163,-33.28261947631836,-2.3774373531341553,-4.395898818969727,-21.250221252441406,20.0,-5.3904500007629395,26.139101028442383,7.714107513427734,-3.107382297515869,15.495115280151367,0.3216097354888916,0.13176441192626953,1.9353830814361572,-0.06852373480796814,0.11903785169124603,-0.9071059226989746,-0.26449891924858093,-1.5029195547103882,-0.36230283975601196,-0.7318902611732483,-1.04190194606781,-4.19984769821167,-0.7366873621940613,-2.3897316455841064
164,-31.306964874267578,-7.946321487426758,2.6119863986968994,-8.038516998291016,20.0,-4.726554870605469,37.9815559387207,1.8396973609924316,2.8564798831939697,13.839781761169434,0.831779956817627,0.13501691818237305,-0.7172967791557312,-0.2875141501426697,0.05405431613326073,3.900453805923462,2.8366987705230713,-1.5801037549972534,1.127867341041565,-0.8255842328071594,-0.9192721843719482,-4.179423809051514,1.877541422843933,-2.875342607498169
165,-54.584503173828125,5.600664138793945,0.12398743629455566,-9.12605094909668,-0.6821322441101074,0.1014871597290039,68.08723449707031,-21.974023818969727,18.855846405029297,17.71967315673828,0.6272664070129395,0.12377142906188965,-2.978891134262085,0.8105003833770752,0.7163828015327454,7.863609790802002,4.115725517272949,-1.7701356410980225,2.344006299972534,-0.9909063577651978,-0.37701719999313354,-3.0642881393432617,9.880818367004395,6.124806880950928
166,-20.571075439453125,-3.1213531494140625,0.7245413064956665,-10.93136978149414,-1.1525280475616455,0.1886272430419922,36.060707092285156,-23.909090042114258,32.27057647705078,-54.287132263183594,-4.697335720062256,-2.3619790077209473,-3.0730397701263428,0.4312218427658081,0.166779562830925,5.937551498413086,1.0159374475479126,-1.0715738534927368,1.3811715841293335,-0.06394786387681961,-0.16868382692337036,1.5787018537521362,-2.9450347423553467,0.3659510016441345
167,-20.030847549438477,2.020993232727051,-1.7290241718292236,-11.19604206085205,-0.5965688228607178,0.15390539169311523,21.176044464111328,-17.982046127319336,28.294286727905273,-45.8329963684082,-11.502256393432617,-1.7104852199554443,-3.536069393157959,0.20586609840393066,-0.5335255861282349,3.144618511199951,0.9643179774284363,-0.5764518976211548,1.4120745658874512,-0.13334079086780548,-0.3229125142097473,1.2661759853363037,-2.653489351272583,0.3018798232078552
168,-9.233051300048828,-1.6973814964294434,0.934791088104248,-5.286413192749023,-0.4873303771018982,0.10468006134033203,12.037858963012695,-6.640864372253418,23.68803596496582,-45.244873046875,-6.975982189178467,-0.2833367586135864,-3.224303960800171,0.1957637369632721,-0.6525781750679016,0.8695216774940491,-0.13520437479019165,0.3653072416782379,1.675276517868042,0.0667649656534195,-0.29064950346946716,0.964977502822876,-2.531930685043335,0.13860675692558289
169,12.92360782623291,-5.978394031524658,3.6086318492889404,2.954265832901001,0.05541354417800903,-0.0280534029006958,-17.721023559570312,-6.242705821990967,18.392148971557617,-64.43248748779297,-5.643271446228027,0.2981588840484619,-2.205143928527832,-0.2831963002681732,-0.6857497096061707,-0.8419865369796753,-0.38878658413887024,0.8665815591812134,1.9428997039794922,0.020278334617614746,-0.2713158428668976,0.5176868438720703,-2.4676525592803955,0.047968536615371704
170,4.4281005859375,-0.059961020946502686,2.5653395652770996,0.9062080383300781,-0.14481711387634277,-0.1042625904083252,-7.465301513671875,-15.035856246948242,16.040292739868164,-52.49674987792969,11.668258666992188,1.1437246799468994,-1.273681879043579,0.22112466394901276,0.10691722482442856,-3.5856897830963135,-0.8903536796569824,1.2184640169143677,2.091052532196045,0.1333523988723755,-0.2391008734703064,0.030798695981502533,-2.198840618133545,0.3448713421821594
171,12.20728874206543,-5.921717643737793,2.645890235900879,11.078981399536133,0.29774177074432373,-0.09702062606811523,-19.698585510253906,-5.478849411010742,12.38720703125,-46.24159240722656,15.011072158813477,1.3185926675796509,-0.8195416927337646,0.0506238117814064,0.10622906684875488,-3.020939826965332,-0.635947048664093,1.5884736776351929,1.850048303604126,0.27530860900878906,-0.18323829770088196,-0.11296612024307251,-2.069870948791504,0.25957703590393066
172,21.09657096862793,3.757796287536621,-2.65596866607666,7.169589996337891,0.1518721580505371,-0.124755859375,-25.70138931274414,-9.664848327636719,6.672108173370361,-34.40733337402344,20.0,5.689986705780029,0.6569189429283142,0.3001265823841095,-0.07963182777166367,-4.958279132843018,-1.2329635620117188,1.2982975244522095,1.9074314832687378,0.3558834195137024,-0.31223398447036743,-0.46959516406059265,-2.0937421321868896,-0.21620506048202515
173,40.602378845214844,11.865554809570312,-15.476188659667969,-26.90509796142578,-18.39865493774414,6.374955654144287,-38.36171340942383,3.365574836730957,-13.217530250549316,-0.9849872589111328,15.128080368041992,4.522111415863037,1.7228667736053467,0.47814619541168213,0.162980318069458,1.7994906902313232,-2.237109661102295,1.0875662565231323,-1.0495425462722778,-0.06346170604228973,-0.22214967012405396,4.853722095489502,2.291778802871704,1.139523983001709
174,70.77173614501953,26.42414093017578,-27.643308639526367,-73.24258422851562,13.480213165283203,2.0327091217041016,-69.58415222167969,13.227014541625977,-10.523483276367188,-7.852947235107422,-1.0560276508331299,-0.012435197830200195,1.4417338371276855,-0.3505602777004242,0.25231125950813293,0.24202974140644073,-1.9348245859146118,0.0965547040104866,-4.518932819366455,0.2658388614654541,1.004577875137329,8.293553352355957,1.6334795951843262,1.8244136571884155
175,32.99109649658203,25.88766860961914,-36.75898742675781,-61.28134536743164,10.721468925476074,1.4958502054214478,-27.552467346191406,-6.571977615356445,2.187079429626465,-19.254608154296875,-0.8342728614807129,-0.23109197616577148,2.483144521713257,0.007733501493930817,0.496092826128006,-0.8814799189567566,-1.6931668519973755,0.414249449968338,-3.647599458694458,0.9742438197135925,1.889863133430481,1.4596296548843384,3.0953807830810547,1.334966778755188
176,4.879890441894531,23.999113082885742,-34.37663269042969,-66.2408447265625,14.970330238342285,-1.4824923276901245,-6.196989059448242,-7.9151291847229,1.2347097396850586,-1.7026190757751465,-0.816881537437439,-0.1439448595046997,3.027155637741089,-0.3145451247692108,0.30528968572616577,-1.8773268461227417,-1.2765520811080933,0.568889856338501,-2.5968306064605713,-0.045816898345947266,1.079951524734497,-1.2814644575119019,0.29722100496292114,0.4485570192337036
177,3.9655914306640625,10.423505783081055,-20.12054443359375,-46.40071105957031,20.0,-4.7090840339660645,-8.807990074157715,4.554497718811035,-6.033091068267822,3.7428407669067383,-0.22735407948493958,-0.031003236770629883,3.0317845344543457,-0.3761712610721588,0.31815215945243835,-2.264078140258789,-0.9695090055465698,0.41816824674606323,-2.589409589767456,-0.4722578227519989,-0.06403598934412003,-1.7909398078918457,-0.2071225345134735,-1.1067113876342773
178,-7.349743843078613,6.9613118171691895,-18.875288009643555,-35.423797607421875,20.0,-6.688971996307373,-0.21911239624023438,7.699858665466309,-4.491255760192871,5.099381446838379,-0.05486029386520386,0.08144092559814453,2.7339491844177246,-0.2583632469177246,0.059173833578825,-2.2729101181030273,-0.8117215037345886,0.30695095658302307,-2.3080155849456787,-0.00012086238712072372,-0.47351518273353577,-2.4912567138671875,-0.3865017294883728,-2.0965726375579834
179,-26.892866134643555,-4.750413417816162,-3.9543797969818115,-12.127418518066406,20.0,-5.414067268371582,33.22803497314453,-1.7156614065170288,1.6178016662597656,8.380415916442871,0.3913516700267792,0.22069263458251953,1.7153925895690918,0.003324940800666809,0.3000870943069458,0.11696822941303253,0.7990595102310181,-1.2446916103363037,-0.16900433599948883,-0.3358563482761383,-1.0637640953063965,-4.4082818031311035,0.15376999974250793,-1.4012056589126587
180,-41.711666107177734,-4.814997673034668,5.787566184997559,-3.519063949584961,10.583017349243164,-2.732694149017334,54.827003479003906,-12.117023468017578,10.896621704101562,13.642875671386719,0.7340388298034668,0.017145395278930664,-1.228773593902588,0.02041056752204895,0.18648646771907806,5.350899696350098,4.298065185546875,-2.190559148788452,2.705857276916504,-1.0436359643936157,-1.2572952508926392,-6.790512561798096,2.1648457050323486,-1.6365609169006348
181,-39.61763000488281,2.4808616638183594,1.251923680305481,-9.349761962890625,-1.1580188274383545,0.18659067153930664,43.786380767822266,-11.330881118774414,19.67725944519043,-3.5908851623535156,-13.695117950439453,-6.502275466918945,-3.2103235721588135,0.09544442594051361,0.1770971268415451,8.288565635681152,1.206835389137268,-1.8171625137329102,1.6566601991653442,-1.237073540687561,-0.809188187122345,-0.66908198595047,7.255382061004639,-0.10138654708862305
182,-16.769203186035156,3.1977477073669434,-2.108638048171997,-13.952978134155273,-0.6862300634384155,0.22086811065673828,20.783042907714844,-16.00213623046875,26.39565658569336,-42.1976318359375,-20.0,-1.796507716178894,-3.098236083984375,0.22183939814567566,-0.39051660895347595,5.104367733001709,0.35850465297698975,-1.1035566329956055,1.8612219095230103,-0.18434351682662964,0.020590350031852722,0.0606730580329895,2.1844711303710938,1.879658579826355
183,-0.18677997589111328,0.42088067531585693,-0.2854115962982178,-6.164992332458496,-0.22230589389801025,0.12922227382659912,3.490352153778076,-16.84597396850586,23.276485443115234,-58.740962982177734,-12.581586837768555,-0.805571436882019,-2.4210896492004395,0.2285061776638031,-0.4887855648994446,2.256560802459717,0.42401906847953796,-0.6072767376899719,1.3230046033859253,-0.10945440828800201,-0.08032035827636719,1.7748303413391113,-2.9211246967315674,0.24339532852172852
184,-4.378240585327148,-7.178144931793213,4.9152679443359375,-2.813000440597534,-0.19222593307495117,0.06071972846984863,-1.4847378730773926,-10.063544273376465,17.790422439575195,-63.60972595214844,-9.781719207763672,0.43147188425064087,-2.43302059173584,-0.013327071443200111,-0.18549028038978577,0.025914635509252548,0.9698101282119751,0.3675072491168976,1.268930196762085,-0.023141585290431976,-0.03260631859302521,1.201876163482666,-2.582158088684082,0.2252870798110962
185,-3.7403945922851562,-2.676576614379883,2.055238723754883,1.0912551879882812,-0.37684738636016846,-0.013436079025268555,1.0811443328857422,-17.242870330810547,22.158275604248047,-64.50416564941406,-1.088198184967041,1.0827378034591675,-2.2055017948150635,0.0752357468008995,-0.042918380349874496,-1.5835282802581787,-0.35887303948402405,1.057192087173462,1.386765480041504,0.14843860268592834,-0.054527394473552704,0.5699582099914551,-2.2313485145568848,0.11331264674663544
186,9.84124755859375,-4.585532188415527,3.4661521911621094,6.0523529052734375,0.06818675994873047,-0.10833334922790527,-1.8400249481201172,-9.834775924682617,11.20150375366211,-53.26846694946289,6.124349594116211,1.4963809251785278,-0.7195650339126587,0.03871605545282364,-0.008107549510896206,-2.6183433532714844,-0.9836687445640564,1.3751944303512573,2.2701447010040283,0.1860051155090332,-0.3307412564754486,0.030773624777793884,-2.1955745220184326,0.043004438281059265
187,9.327881813049316,1.842646837234497,-1.6436575651168823,2.926563262939453,0.02351832389831543,-0.056036949157714844,-15.085038185119629,-6.872381210327148,4.1757354736328125,-30.102008819580078,13.944690704345703,2.630155324935913,0.1223689615726471,0.26391342282295227,-0.2927132546901703,-4.788532257080078,-1.3034595251083374,2.018447160720825,2.0949134826660156,0.3720322251319885,-0.4218446910381317,-0.08783527463674545,-2.083192825317383,0.06311002373695374
188,27.551912307739258,10.19370174407959,-7.861515522003174,7.006519317626953,0.24982690811157227,-0.07525491714477539,-29.309486389160156,-4.82332181930542,-1.0806547403335571,-13.700784683227539,14.497321128845215,3.985726833343506,2.11017107963562,0.5151936411857605,-1.061402678489685,-7.811070442199707,-1.4938430786132812,2.04317307472229,0.7528707981109619,0.2715931832790375,-0.3448375463485718,2.1255805492401123,-0.6692022681236267,1.154900074005127
189,60.83521270751953,25.260570526123047,-24.81475067138672,-75.15845489501953,3.2308297157287598,4.805814743041992,-62.30159378051758,4.139819145202637,-5.845792293548584,-3.9221420288085938,-0.2529308795928955,0.032578468322753906,1.7000806331634521,-0.40839794278144836,0.26547667384147644,0.7959898114204407,-2.3699111938476562,0.2896136939525604,-2.416491746902466,-0.34058570861816406,0.6769731640815735,7.558692455291748,1.6035469770431519,3.0777337551116943
190,37.50634002685547,29.39621925354004,-37.59628677368164,-82.41283416748047,8.897072792053223,2.5671067237854004,-45.47576904296875,7.314604759216309,-5.282861709594727,-13.329757690429688,-1.0116791725158691,-0.34569740295410156,1.8255037069320679,-0.22088459134101868,0.21389175951480865,-0.2633722722530365,-1.8252437114715576,0.41217851638793945,-3.6739015579223633,1.1364061832427979,1.7944520711898804,5.041545391082764,1.064090609550476,1.4727901220321655
191,25.05620574951172,21.77071762084961,-28.389686584472656,-59.89134979248047,15.665115356445312,1.73897385597229,-22.548049926757812,-5.594250679016113,0.08001327514648438,-12.034238815307617,-0.7145566940307617,-0.22313988208770752,2.6039907932281494,-0.385800838470459,0.3700985312461853,-1.3148491382598877,-1.315622091293335,0.26485198736190796,-3.0064611434936523,0.6774165034294128,1.7544316053390503,0.6602295637130737,1.0367881059646606,-0.22073256969451904
192,0.561345100402832,12.616321563720703,-22.516036987304688,-55.15220642089844,20.0,-1.503771185874939,-4.104352951049805,0.7563563585281372,-5.4686737060546875,-2.5070676803588867,-0.4804513454437256,0.07347869873046875,3.041994094848633,-0.30761754512786865,0.35263392329216003,-2.2106595039367676,-1.0030457973480225,0.1403203159570694,-1.9394710063934326,0.04584956169128418,0.23373281955718994,-2.941610813140869,0.20116007328033447,-0.996357262134552
193,-23.28243064880371,8.871315002441406,-12.67469596862793,-37.770530700683594,20.0,-6.468940734863281,17.244199752807617,-5.493402481079102,1.9506053924560547,8.003485679626465,-0.013087034225463867,0.07776284217834473,3.154238224029541,-0.6027328968048096,0.45486947894096375,-2.7141363620758057,-0.8227116465568542,0.311529278755188,-0.6880363821983337,-0.8475978374481201,-0.27178487181663513,-4.140589714050293,-1.1547136306762695,-1.252954363822937
194,-24.757667541503906,7.153623580932617,-6.989192008972168,-24.369089126586914,20.0,-5.335238456726074,15.54876708984375,8.492796897888184,-4.930843353271484,12.84035873413086,0.47707486152648926,0.12381172180175781,2.4314491748809814,-0.32754984498023987,0.07033692300319672,-1.8873810768127441,-0.9332466125488281,-1.3232654333114624,-0.2806259095668793,-0.5231422781944275,-1.2764568328857422,-3.0906870365142822,-0.28343072533607483,-2.052542209625244
195,-28.97710609436035,-3.4102864265441895,3.6828837394714355,-0.8836956024169922,20.0,-4.359696388244629,39.67546844482422,-1.9827499389648438,4.8016886711120605,11.05882453918457,0.7217593193054199,0.10105562210083008,-0.5684143304824829,-0.0762321799993515,0.23886369168758392,3.9036383628845215,2.6856307983398438,-1.6298433542251587,1.6497478485107422,-0.4716140329837799,-1.2232939004898071,-4.240783214569092,2.0928804874420166,-2.4625954627990723
196,-44.79070281982422,-3.6050665378570557,4.398521423339844,-8.063831329345703,-0.6232590675354004,0.034897804260253906,50.18406677246094,-15.874272346496582,15.268659591674805,12.489425659179688,0.1857290267944336,0.09107184410095215,-2.6254541873931885,-0.14710961282253265,0.9869821071624756,7.044558525085449,3.6266682147979736,-2.303057909011841,3.4997832775115967,-1.0372591018676758,-0.5383428335189819,-1.9223904609680176,7.5880560874938965,2.122131824493408
197,-25.399858474731445,3.9744741916656494,-4.004428863525391,-11.34393310546875,-1.1471236944198608,0.32920312881469727,38.24399948120117,-23.625370025634766,24.12943458557129,-53.88838195800781,-7.577497482299805,-2.789719581604004,-2.961345911026001,0.3370169997215271,-0.16797523200511932,5.504560947418213,0.4718805253505707,-0.9392669796943665,1.3229944705963135,0.10022655129432678,-0.18468818068504333,1.340582251548767,-2.631770372390747,0.43021273612976074
198,-7.590780258178711,-2.934638023376465,1.181957721710205,-5.489694595336914,-0.2679705023765564,0.13321222364902496,4.047532558441162,-15.465865135192871,25.506366729736328,-53.85792922973633,-14.751609802246094,-1.1470062732696533,-3.148918867111206,-0.05690474063158035,-0.3677549958229065,4.21696662902832,0.45783326029777527,-0.004275904968380928,1.1908620595932007,0.038452520966529846,-0.12652526795864105,1.2144616842269897,-2.5639753341674805,0.2761092185974121
199,-10.264799118041992,-0.3008105158805847,1.8156886100769043,-7.962649345397949,-0.40140122175216675,-0.015674620866775513,8.253170013427734,-14.040213584899902,20.773035049438477,-51.70058822631836,-9.027236938476562,0.42862677574157715,-3.024733781814575,0.14155744016170502,0.0045265378430485725,1.2637019157409668,0.4126541316509247,0.16519533097743988,1.3106184005737305,0.07484914362430573,-0.12121022492647171,0.8740389347076416,-2.404052257537842,0.2519843578338623
200,-0.3184328079223633,-2.3395323753356934,1.2414805889129639,-0.785494327545166,-0.25261610746383667,0.017485618591308594,-0.2379608154296875,-9.560401916503906,20.455766677856445,-60.6195182800293,-3.467459201812744,0.30074840784072876,-2.315772533416748,0.08214328438043594,-0.2230197787284851,-0.7591415047645569,-0.42568889260292053,0.8072059750556946,1.7657716274261475,0.13072223961353302,-0.32300442457199097,0.3018668293952942,-2.2097771167755127,-0.009330317378044128
201,11.487159729003906,2.1942715644836426,-1.9151782989501953,3.362323760986328,0.056841135025024414,-0.03883159160614014,-20.007890701293945,-13.151630401611328,16.52254867553711,-57.2239875793457,2.7705705165863037,2.159088134765625,-1.537352204322815,0.24940818548202515,-0.6478128433227539,-2.4496848583221436,-0.6019421815872192,0.8286244869232178,1.7365217208862305,0.32091405987739563,-0.43238601088523865,-0.11963605880737305,-1.9583340883255005,-0.16791732609272003
202,16.64398765563965,2.612016201019287,-0.6510912179946899,2.1988792419433594,-0.060706377029418945,-0.013158798217773438,-14.158100128173828,-11.656290054321289,7.740359306335449,-34.634151458740234,16.985280990600586,4.571242332458496,0.739231288433075,0.5199359059333801,-0.2740117013454437,-6.230701446533203,-1.6717015504837036,1.9542726278305054,2.338749647140503,0.337328165769577,-0.37436211109161377,-0.4944431185722351,-1.939672827720642,-0.16064924001693726
203,31.997522354125977,7.705169200897217,-5.961823463439941,11.742916107177734,0.539759635925293,-0.04602241516113281,-31.553010940551758,-6.044966697692871,-2.417996406555176,-13.215250968933105,19.990371704101562,5.110905647277832,2.6708452701568604,0.761749804019928,-0.48710596561431885,-8.286398887634277,-0.41446441411972046,2.902893543243408,0.3431147634983063,-0.015925951302051544,-0.48210620880126953,2.780294895172119,0.4640893042087555,0.45957598090171814
204,86.69189453125,21.092832565307617,-21.910888671875,-52.0298957824707,8.717397689819336,5.881255149841309,-81.14036560058594,9.752335548400879,-9.789875030517578,-9.022790908813477,-0.48560285568237305,0.17046499252319336,2.1596248149871826,-0.39225107431411743,0.44368797540664673,1.391748070716858,-1.1886171102523804,0.015225589275360107,-3.291935443878174,-0.13154681026935577,0.6339846849441528,7.662139415740967,3.6135313510894775,3.311311960220337
205,31.74032974243164,32.98784255981445,-40.66336441040039,-62.813270568847656,12.480291366577148,2.9105446338653564,-36.645511627197266,-5.308598518371582,3.0803823471069336,-15.324812889099121,-1.3910713195800781,-0.45613980293273926,2.069720983505249,-0.3368583917617798,0.23769190907478333,-0.18108880519866943,-1.9077563285827637,0.22850382328033447,-4.046154975891113,0.6542066931724548,1.9161678552627563,3.923906087875366,0.926500678062439,1.4478671550750732
206,3.725353240966797,22.654415130615234,-27.69773292541504,-65.2066879272461,13.106319427490234,2.3853931427001953,-12.427972793579102,-5.7294816970825195,-0.0724935531616211,-10.219991683959961,-0.5749001502990723,-0.1748424768447876,2.231187105178833,-0.40725207328796387,0.2641744315624237,-1.130013346672058,-1.4428054094314575,0.29037731885910034,-3.550058126449585,0.18371377885341644,1.5841021537780762,-1.2361645698547363,1.6701823472976685,0.2935568392276764
207,-13.466153144836426,13.99812126159668,-21.33190155029297,-59.351043701171875,20.0,-3.579838991165161,10.551959037780762,1.3451635837554932,-4.441339492797852,4.138906478881836,-0.4659590721130371,-0.027519702911376953,2.841158390045166,-0.3900635242462158,0.08100820332765579,-1.985718846321106,-1.2121638059616089,0.16628232598304749,-1.697255253791809,-0.41017642617225647,0.14575833082199097,-3.9956798553466797,-1.0781608819961548,-1.310416579246521
208,-11.644327163696289,11.86955738067627,-12.744133949279785,-35.18656539916992,20.0,-5.588265419006348,7.899453163146973,1.4913992881774902,-2.6529645919799805,11.83047103881836,0.3760645091533661,0.15105247497558594,2.974398612976074,-0.27479109168052673,0.2957713007926941,-2.0225913524627686,-1.140281081199646,0.2555086612701416,-1.188816785812378,-0.599384605884552,-0.5796385407447815,-3.0213773250579834,-0.05477222800254822,-1.4768017530441284
209,-17.601627349853516,4.681578636169434,-5.376000881195068,-12.798172950744629,20.0,-4.582085609436035,15.535879135131836,0.006264925003051758,1.6892215013504028,8.10356330871582,0.32163405418395996,0.0891408920288086,1.7956619262695312,-0.2611338794231415,0.1334082931280136,-0.26848116517066956,-0.35115790367126465,-0.8578424453735352,-0.5674234628677368,-0.6139339804649353,-0.5722370743751526,-3.207136869430542,1.2921202182769775,-1.7138434648513794
210,-38.19255447387695,-3.786247491836548,3.573183059692383,-11.263792037963867,16.94677734375,-4.563870429992676,45.30464172363281,-3.964553117752075,4.705190658569336,11.831541061401367,0.23674672842025757,0.1315164566040039,-0.43263548612594604,-0.022722220048308372,0.1789756566286087,3.82737398147583,2.365964651107788,-1.6062694787979126,1.7764378786087036,-0.8249402046203613,-0.9589045643806458,-5.174487113952637,0.27464592456817627,-1.3352259397506714
211,-51.908897399902344,-5.637816905975342,6.573126316070557,-6.932926177978516,-0.616795539855957,-0.0006880760192871094,65.99663543701172,-19.05049705505371,20.72793197631836,-26.506671905517578,-16.944019317626953,-1.4289811849594116,-2.654919147491455,1.1081063747406006,1.13028085231781,7.39795446395874,3.873314380645752,-2.3801028728485107,1.2914656400680542,0.49061936140060425,-0.19521917402744293,1.4151872396469116,-2.5436923503875732,-0.47082456946372986
212,-31.888771057128906,-4.300588607788086,-0.09711074829101562,-13.585532188415527,-1.3086574077606201,0.38417038321495056,34.36994552612305,-15.791145324707031,31.47279930114746,-53.31056594848633,-7.844991683959961,-1.7917022705078125,-3.634324312210083,-0.29212719202041626,-0.5814222693443298,4.915104866027832,0.6932689547538757,0.1325150579214096,1.3783985376358032,0.052638545632362366,-0.39213353395462036,1.0203393697738647,-2.4813385009765625,0.08676459640264511
213,-14.421390533447266,-0.2612816095352173,1.306890606880188,-6.196938514709473,-0.3116750717163086,-0.03188034147024155,16.86571502685547,-16.974437713623047,34.39550018310547,-57.981990814208984,-9.128549575805664,-1.303128719329834,-3.7511067390441895,-0.3738406002521515,-0.2389497309923172,2.8831567764282227,1.5650897026062012,-0.03757084161043167,1.5356955528259277,0.10238748788833618,-0.1695403903722763,0.6494429707527161,-2.3213045597076416,0.0701669454574585
214,-0.36121177673339844,-2.4512507915496826,2.089315176010132,-2.181896209716797,-0.4010120630264282,0.005796551704406738,-0.29493141174316406,-7.250665664672852,22.691865921020508,-70.57821655273438,-6.602471351623535,0.48108136653900146,-3.1559929847717285,-0.07426139712333679,-0.25759968161582947,0.7243542671203613,0.45956769585609436,0.36163923144340515,2.0091865062713623,0.34268325567245483,-0.4056318998336792,-0.12441001832485199,-2.025085926055908,-0.06620978564023972
215,7.030608654022217,-4.088229656219482,3.599480152130127,2.883021593093872,-0.10191720724105835,-0.0064699649810791016,-8.243698120117188,-12.767860412597656,18.979703903198242,-62.36904525756836,0.39540863037109375,1.7624520063400269,-2.316248655319214,-0.27531808614730835,0.015122565440833569,-0.6368163824081421,-0.3093093931674957,1.5771735906600952,2.36785888671875,0.31606292724609375,-0.40742820501327515,-0.5780466794967651,-1.9218372106552124,-0.10854274034500122
216,10.043830871582031,-0.38359057903289795,0.8079531192779541,1.7826385498046875,-0.10006952285766602,-0.19226276874542236,-13.938325881958008,-12.573627471923828,14.443275451660156,-51.63771438598633,5.054637908935547,2.334258556365967,-1.0282902717590332,-0.10493399947881699,0.27131545543670654,-3.077918291091919,-1.3887120485305786,0.7984744906425476,2.5065507888793945,0.41221413016319275,-0.2998778223991394,-0.8748875856399536,-1.6844195127487183,0.1773013323545456
217,12.944109916687012,1.406370759010315,-0.3398292064666748,7.271437644958496,0.312616229057312,-0.04625129699707031,-14.528432846069336,-13.473532676696777,7.542285919189453,-28.965469360351562,16.557937622070312,5.294859409332275,0.042528215795755386,0.09228686988353729,0.5306617617607117,-3.9332873821258545,-0.7166059017181396,1.3777564764022827,2.598625659942627,0.4316909909248352,-0.2901745140552521,-0.9181773066520691,-1.6830049753189087,-0.16380053758621216
218,26.96491241455078,12.802142143249512,-10.507628440856934,5.313663482666016,0.06021881103515625,0.02837085723876953,-32.37608337402344,-10.644341468811035,0.6587018966674805,-19.434234619140625,18.828916549682617,5.211800575256348,1.8459607362747192,0.6051336526870728,-0.5454726219177246,-7.276385307312012,-1.9579883813858032,1.8917664289474487,1.3070387840270996,0.4124724864959717,-0.49260327219963074,0.8927068710327148,-0.40811657905578613,1.2587908506393433
219,65.76447296142578,19.250167846679688,-27.764835357666016,-34.818817138671875,-20.0,1.9795007705688477,-63.24604034423828,-6.546302318572998,-1.1888864040374756,-4.221321105957031,0.5888214111328125,0.14586400985717773,2.4483280181884766,1.1177031993865967,0.6355728507041931,-2.2626802921295166,8.265745162963867,2.0077579021453857,-2.1765153408050537,-0.19439592957496643,0.13269475102424622,6.763141632080078,3.826939821243286,3.9169998168945312
220,47.46868896484375,37.02199172973633,-43.709632873535156,-71.25823211669922,0.25330495834350586,4.255429267883301,-48.344520568847656,-6.2441301345825195,3.9686241149902344,-10.712512969970703,-1.4095261096954346,-0.5082812309265137,1.9526116847991943,-0.1785416156053543,0.4177231788635254,0.060132790356874466,-2.0907018184661865,0.371387243270874,-3.940347194671631,0.26569098234176636,2.6037232875823975,6.937633037567139,0.4545706510543823,2.514401912689209
221,30.041433334350586,32.95317459106445,-39.281761169433594,-60.533226013183594,10.420025825500488,1.3308758735656738,-33.803794860839844,-2.0010294914245605,-4.371490478515625,-16.865798950195312,-0.7244997024536133,-0.260927677154541,2.0048980712890625,-0.026623476296663284,-0.13541051745414734,-0.6615613102912903,-1.5935173034667969,0.21644853055477142,-4.020715236663818,0.04254726693034172,1.1200923919677734,1.1633449792861938,2.2886557579040527,0.43613097071647644
222,3.237860679626465,16.80669403076172,-28.653812408447266,-63.07823181152344,14.210380554199219,-0.1625356376171112,-4.734941482543945,-1.5846803188323975,-1.1005432605743408,-0.7185897827148438,-0.6105179786682129,-0.0715874433517456,2.6162188053131104,-0.1413259655237198,-0.006555736064910889,-1.6586982011795044,-1.2491211891174316,0.019152306020259857,-3.178694486618042,-0.5381501317024231,0.7483641505241394,-1.2879080772399902,0.5355249643325806,-0.6652573943138123
223,-22.078128814697266,5.292525768280029,-18.335243225097656,-49.76496887207031,20.0,-3.383993148803711,16.02336883544922,4.125579357147217,-3.2583961486816406,5.037319183349609,-0.21510982513427734,0.060675621032714844,2.84440016746521,-0.20689469575881958,-0.1678238809108734,-2.4588046073913574,-1.243323564529419,-0.06380873918533325,-1.6623778343200684,-0.6351136565208435,0.11388730257749557,-3.6466453075408936,-1.5888227224349976,-1.3617902994155884
224,-15.286749839782715,-1.7027732133865356,-5.232069969177246,-14.575080871582031,20.0,-5.228274345397949,13.362545013427734,5.079567909240723,-4.3229217529296875,8.768747329711914,0.3926396369934082,0.16701507568359375,2.2613065242767334,0.05166558176279068,-0.11939439177513123,-1.3786201477050781,-0.878902018070221,-1.0890443325042725,-0.8981910943984985,-0.8916154503822327,-1.132373571395874,-3.890319347381592,-0.5503804683685303,-1.687071442604065
225,-19.47314453125,-7.6073174476623535,2.9996724128723145,-8.854944229125977,20.0,-5.692651271820068,25.393320083618164,4.58311653137207,0.9111545085906982,10.669173240661621,0.3752286434173584,0.09051179885864258,1.0132091045379639,-0.14988872408866882,-0.1679411232471466,1.0420931577682495,0.7496914863586426,-0.8163619041442871,0.470763236284256,-0.7226908802986145,-0.7292863726615906,-3.910717487335205,-0.5984426140785217,-2.0650405883789062
226,-42.478179931640625,-12.86709976196289,10.705041885375977,0.5850028991699219,2.4958314895629883,-0.6819252967834473,53.912841796875,-13.400965690612793,11.926849365234375,10.525100708007812,0.7059566974639893,0.06641340255737305,-2.0454657077789307,-0.21300345659255981,1.2765233516693115,8.096351623535156,5.931436538696289,-2.591783285140991,3.119249105453491,-1.1883800029754639,-0.16848258674144745,-7.186091423034668,1.3790189027786255,-1.796747088432312
227,-39.84065246582031,3.7746224403381348,-4.517812252044678,-14.95327377319336,-1.8044567108154297,0.3818928003311157,47.132667541503906,-9.071593284606934,23.096046447753906,-35.250816345214844,-20.0,-1.839553952217102,-3.1545534133911133,0.29263824224472046,-0.37904995679855347,8.077980041503906,-0.19444216787815094,-0.9994940161705017,1.959580898284912,0.22028124332427979,-0.5441445112228394,-0.5756123065948486,5.3022027015686035,0.14363744854927063
228,-20.843822479248047,-0.7580063939094543,1.385265588760376,-15.260419845581055,-0.5229693055152893,0.11616197228431702,24.60842514038086,-16.970291137695312,27.238636016845703,-50.733524322509766,-10.124717712402344,-3.7388620376586914,-3.213339328765869,-0.08441971987485886,-0.14921298623085022,4.002902984619141,0.4819484353065491,-0.22543159127235413,1.1307103633880615,0.09644594043493271,-0.2640054225921631,1.6329822540283203,-2.8204598426818848,0.355714350938797
229,-5.816808700561523,0.5046464204788208,-0.18603312969207764,-8.074560165405273,-0.4580855667591095,0.07612133026123047,3.0904712677001953,-13.105544090270996,22.714181900024414,-60.03711700439453,-10.020315170288086,-1.2908059358596802,-2.7717273235321045,0.027442364022135735,-0.34348124265670776,0.326509028673172,-0.14469996094703674,0.6123130917549133,1.3790230751037598,0.1812480390071869,-0.41732892394065857,0.9951170682907104,-2.4731030464172363,0.09053777903318405
230,4.631345272064209,2.365029811859131,-1.4854974746704102,2.105865478515625,-0.08994102478027344,-0.038386642932891846,-5.902111530303955,-18.605478286743164,27.511571884155273,-60.2900276184082,-5.605102062225342,-0.19360142946243286,-1.9249703884124756,-0.0768873393535614,-0.5355339646339417,-1.3099391460418701,-0.8041383624076843,0.4921663701534271,1.6475026607513428,0.16534265875816345,-0.3193872570991516,0.6504188179969788,-2.342106819152832,-0.1080574244260788
231,9.905280113220215,-4.452445030212402,3.7400565147399902,6.226139068603516,0.1903393268585205,-0.06249213218688965,-13.117237091064453,-6.215198040008545,11.403643608093262,-60.543373107910156,1.848024845123291,1.3364614248275757,-1.0744202136993408,0.18439701199531555,-0.2728283107280731,-2.0010251998901367,-0.6975199580192566,0.9054887890815735,1.946518898010254,0.4125998616218567,-0.45282912254333496,0.10509432852268219,-2.1473145484924316,-0.14644315838813782
232,6.669368743896484,6.366695404052734,-3.3808040618896484,4.226462364196777,0.05185282230377197,0.003665924072265625,-11.98108959197998,-19.827369689941406,14.116401672363281,-40.12847137451172,7.962530136108398,0.1387653350830078,-0.5307110548019409,0.5204228162765503,-0.47634217143058777,-3.174663543701172,-0.8518369793891907,1.8029004335403442,1.8242627382278442,0.44583526253700256,-0.5227413177490234,0.10020291805267334,-2.117340087890625,0.2608107924461365
233,22.54770278930664,-0.11805891990661621,0.6232017278671265,7.1979217529296875,0.08752298355102539,-0.1779327392578125,-26.990278244018555,-9.290399551391602,8.871113777160645,-30.140029907226562,16.102893829345703,4.462474346160889,1.2709418535232544,0.3625771999359131,0.215851828455925,-5.449699878692627,-2.39225697517395,1.676535964012146,1.845794916152954,0.14223799109458923,-0.24203276634216309,0.22665992379188538,-2.3254706859588623,0.151332288980484
234,34.439796447753906,10.972711563110352,-15.021163940429688,-25.776615142822266,-15.924985885620117,7.241607666015625,-40.961978912353516,5.451369285583496,-11.864114761352539,-5.364633560180664,12.568013191223145,4.055395603179932,1.2203290462493896,-0.517174482345581,-0.4099879860877991,1.12913978099823,-2.5814645290374756,0.804401159286499,-1.0126934051513672,-0.2951805591583252,-0.09776856005191803,4.629199504852295,1.4426394701004028,1.0631378889083862
235,83.86388397216797,30.53852653503418,-33.23027038574219,-68.29322814941406,12.682514190673828,3.580291271209717,-80.01808166503906,13.776694297790527,-12.027994155883789,-7.235553741455078,-1.0329879522323608,0.024091243743896484,1.5296695232391357,-0.21526360511779785,0.26328662037849426,0.5189656019210815,-2.1660284996032715,0.0014803074300289154,-4.767041206359863,0.7003077268600464,1.1613117456436157,9.31218147277832,0.8029876351356506,1.9373761415481567
236,23.631946563720703,41.17464065551758,-50.4130744934082,-72.09131622314453,8.438477516174316,1.2337188720703125,-22.7022762298584,-22.020706176757812,12.544963836669922,-20.791465759277344,-0.797173023223877,-0.36208081245422363,2.6205594539642334,-0.03481995314359665,0.39739590883255005,-0.8044450283050537,-1.8346408605575562,0.6281988620758057,-3.4380898475646973,0.6885495781898499,2.4211530685424805,1.6727800369262695,1.8635174036026,1.1114492416381836
237,8.975146293640137,10.918474197387695,-28.577526092529297,-71.11727905273438,20.0,-1.4956820011138916,-13.721606254577637,8.671685218811035,-10.279560089111328,-2.0334317684173584,-0.7249131202697754,-0.05816471576690674,3.0141401290893555,-0.14546066522598267,0.09698822349309921,-1.761926293373108,-1.2999240159988403,0.31735125184059143,-2.8105170726776123,0.24427373707294464,0.593934953212738,-0.7985394597053528,-0.5590388774871826,-0.7453224062919617
238,-15.701240539550781,11.815326690673828,-20.153553009033203,-52.40937805175781,20.0,-5.605565071105957,6.10028076171875,-3.819699287414551,0.19726666808128357,0.6331901550292969,-0.04143679141998291,0.014021873474121094,3.0799622535705566,-0.22611908614635468,0.25916898250579834,-2.538832187652588,-0.8488427400588989,0.2625434100627899,-1.7593199014663696,-0.3950352668762207,0.019980231299996376,-4.281732559204102,0.2785707116127014,-2.01438307762146
239,-18.283809661865234,0.24502697587013245,-6.839138031005859,-11.966922760009766,20.0,-4.974637031555176,19.824390411376953,-2.6272311210632324,1.476011037826538,8.683883666992188,0.16562199592590332,0.16736316680908203,2.31660532951355,-0.1527881622314453,0.20425927639007568,-1.0150097608566284,-0.21454523503780365,-1.4899741411209106,-0.33362165093421936,-0.8843894004821777,-0.5548936724662781,-5.392017841339111,0.5621013045310974,-2.040407419204712
240,-40.312103271484375,-4.880895137786865,2.1435351371765137,-8.837309837341309,16.456335067749023,-4.097204208374023,46.150543212890625,-7.469672679901123,7.01309061050415,14.505813598632812,0.4251823425292969,0.13177061080932617,-0.39326930046081543,-0.23111902177333832,0.19180193543434143,3.661473035812378,3.1094589233398438,-1.7520782947540283,1.8700050115585327,-1.3861976861953735,-0.7498706579208374,-6.917722225189209,0.6747656464576721,-1.5879950523376465
241,-50.38752746582031,0.21394968032836914,2.03922700881958,-8.434318542480469,-0.8607473373413086,0.09640312194824219,63.00859069824219,-12.195493698120117,13.304682731628418,-17.629318237304688,-15.354412078857422,-9.29310417175293,-2.3247647285461426,1.0909438133239746,0.4863660931587219,6.96624231338501,2.486462116241455,-2.051093339920044,2.898947238922119,-0.9704312086105347,-0.9516716599464417,-2.236990451812744,7.346870422363281,3.7593562602996826
242,-17.009868621826172,-3.4584732055664062,1.1887836456298828,-10.694974899291992,-0.7875455617904663,0.23127901554107666,17.626522064208984,-22.945890426635742,28.098745346069336,-51.92265319824219,-8.622383117675781,-2.416081190109253,-2.8942039012908936,0.2734884023666382,0.09350191056728363,4.6604437828063965,1.2136505842208862,-0.9028531908988953,1.2602407932281494,-0.07180205732584,-0.13875393569469452,1.3558093309402466,-2.651824951171875,0.23293253779411316
243,-16.370826721191406,-9.209264755249023,5.8309221267700195,-4.646039009094238,-0.4635348320007324,0.05620718002319336,16.465829849243164,-12.173239707946777,22.795413970947266,-67.30653381347656,-11.967950820922852,-1.5009596347808838,-3.4537463188171387,-0.26543280482292175,0.13300418853759766,3.481701374053955,0.8374336957931519,-0.3437889516353607,1.4389855861663818,-0.11249751597642899,-0.22337448596954346,0.7131184339523315,-2.345607280731201,0.3983627259731293
244,1.5159721374511719,-2.527381420135498,0.3293148875236511,-4.125066757202148,-0.22857224941253662,0.07691657543182373,-2.1552534103393555,-5.761327266693115,15.614852905273438,-53.529727935791016,-10.15639877319336,-2.6369781494140625,-2.7278809547424316,-0.2913823127746582,-0.21067218482494354,1.1702282428741455,0.6030167937278748,0.2398681491613388,1.732607364654541,0.17559242248535156,-0.2653745114803314,0.3180771768093109,-2.234454393386841,0.4657805562019348
245,-1.5235319137573242,0.31335973739624023,1.5370875597000122,-3.6306042671203613,-0.4252588748931885,0.005829572677612305,-2.710519313812256,-10.776484489440918,15.009519577026367,-47.74699020385742,-3.516796588897705,-0.5109294652938843,-2.210465908050537,-0.1800936609506607,0.061512868851423264,-1.668853998184204,-0.7952145338058472,1.193184494972229,1.8344820737838745,0.10190538316965103,-0.4124200642108917,0.07726513594388962,-2.054262161254883,0.10393662005662918
246,13.875024795532227,5.27325963973999,-4.584403038024902,0.008325576782226562,-0.09029531478881836,-0.007379770278930664,-14.85472583770752,-8.828628540039062,7.533845901489258,-39.56459426879883,5.71456241607666,0.9496246576309204,-0.34946125745773315,0.12967625260353088,-0.6732560992240906,-5.308068752288818,-1.7331119775772095,1.751840591430664,2.2590348720550537,0.38754379749298096,-0.5206796526908875,-0.3081738352775574,-1.9742404222488403,0.28574642539024353
247,26.790321350097656,5.326467514038086,-4.256455421447754,8.959945678710938,0.34727001190185547,-0.1075284481048584,-36.07997512817383,-5.054698944091797,1.16130793094635,-23.458396911621094,9.883993148803711,3.2123262882232666,1.194678544998169,0.3218019902706146,-1.057031512260437,-7.5604987144470215,-1.4024776220321655,1.5370763540267944,1.4437658786773682,0.5143689513206482,-0.3088163733482361,-0.0628977119922638,-1.620597004890442,0.16713373363018036
248,36.90989685058594,1.3977842330932617,-6.801255226135254,-13.838171005249023,-15.334853172302246,3.5263757705688477,-41.632755279541016,1.0242798328399658,-8.087145805358887,-17.0618896484375,9.848512649536133,3.4651172161102295,1.6575531959533691,0.8464213609695435,-0.2647133469581604,-0.7842954993247986,5.490180015563965,-0.09636330604553223,0.06934624910354614,0.29021739959716797,-0.26434507966041565,3.040098190307617,-0.11533661931753159,1.1697869300842285
249,47.84459686279297,20.871904373168945,-24.774578094482422,-87.07601165771484,7.673274993896484,3.227353572845459,-55.087982177734375,14.930908203125,-11.617897033691406,-1.5586471557617188,-0.3874167203903198,0.05344963073730469,1.3525937795639038,-0.03522585332393646,0.274646520614624,0.5336335897445679,-2.206890821456909,0.11275501549243927,-3.1811587810516357,0.4338194727897644,0.494750052690506,7.8038859367370605,0.9945839643478394,2.2578327655792236
250,46.832275390625,25.129941940307617,-35.92605209350586,-79.30223083496094,15.709952354431152,0.03312462568283081,-47.715797424316406,8.025636672973633,-6.630196571350098,-14.761516571044922,-0.918004035949707,-0.2753666937351227,1.9919508695602417,-0.07147518545389175,0.2850356698036194,-0.721169114112854,-1.638897180557251,0.31698089838027954,-3.8947620391845703,1.3682969808578491,0.8510230779647827,4.706910133361816,1.1725517511367798,0.08952512592077255
251,16.361894607543945,25.136985778808594,-37.74755096435547,-54.61586380004883,19.528703689575195,-0.10291343927383423,-18.09963607788086,-14.031410217285156,6.790278434753418,-13.964632034301758,-0.6954731941223145,-0.0912119448184967,2.488906145095825,-0.19507953524589539,0.2954370975494385,-1.7163281440734863,-1.1504695415496826,0.40718722343444824,-3.0472545623779297,0.8646261096000671,1.2171010971069336,-1.24507737159729,2.010364294052124,-0.03220956772565842
252,8.52679443359375,11.509790420532227,-18.117372512817383,-40.546451568603516,20.0,-3.066166400909424,-7.41670036315918,-2.6244165897369385,-3.2997446060180664,2.178903579711914,-0.5262497663497925,0.018839120864868164,2.9370198249816895,-0.36519384384155273,0.5229312777519226,-2.2175776958465576,-0.8928588628768921,0.20192965865135193,-2.510006904602051,-0.1546402871608734,0.05356254428625107,-2.2772457599639893,0.27936863899230957,-1.2065811157226562
253,-19.121315002441406,6.643784523010254,-12.178068161010742,-28.273536682128906,20.0,-5.170819282531738,12.717962265014648,-1.8544094562530518,1.9257349967956543,5.815553665161133,0.030411064624786377,0.04580116271972656,2.7552781105041504,-0.6387129426002502,0.4252336323261261,-2.4303336143493652,-0.7917898893356323,0.19725605845451355,-1.6590098142623901,-0.3896591067314148,0.23862652480602264,-3.5221574306488037,0.2229495644569397,-1.7782766819000244
254,-28.84827423095703,3.8881406784057617,-8.945161819458008,-15.781318664550781,20.0,-4.883040904998779,30.953350067138672,-0.2758667469024658,-0.4220571517944336,11.5895414352417,0.2459716796875,0.19570231437683105,1.7555556297302246,-0.14886149764060974,0.20957830548286438,-0.2661813795566559,-0.06869201362133026,-1.6916077136993408,0.1845885068178177,-0.5823286771774292,-1.0007880926132202,-4.343459129333496,-0.7737852334976196,-1.5819528102874756
255,-43.58382034301758,-5.701104640960693,7.181968688964844,-4.994150161743164,13.352121353149414,-3.3649520874023438,51.656131744384766,-9.647523880004883,10.028154373168945,12.511295318603516,0.8021762371063232,-0.01432943344116211,-1.8341752290725708,-0.13970082998275757,0.4321090579032898,5.8129191398620605,4.363887786865234,-2.294971466064453,2.5932013988494873,-1.0767179727554321,-0.748471200466156,-7.13434362411499,1.937790036201477,-2.442775011062622
256,-33.7806282043457,2.088102340698242,-0.39936232566833496,-8.44790267944336,-1.072690486907959,0.20067596435546875,49.573486328125,-16.012161254882812,18.538734436035156,-25.4500732421875,-20.0,-3.123000144958496,-2.8992159366607666,0.5934275984764099,0.16873566806316376,7.931302070617676,1.7190476655960083,-2.0571155548095703,1.9206633567810059,-0.3690652549266815,-0.4721374809741974,-0.194379061460495,4.267148971557617,-0.05432942509651184
257,-19.38799285888672,-5.142338275909424,1.9261765480041504,-11.642086029052734,-0.6372857093811035,0.22972440719604492,21.591367721557617,-12.26950740814209,22.673635482788086,-58.52307891845703,-12.517250061035156,-2.004880905151367,-3.208811044692993,0.20574739575386047,-0.28018686175346375,5.452496528625488,1.5881788730621338,-1.031976580619812,1.2002264261245728,-0.009204782545566559,-0.27022939920425415,1.4251794815063477,-2.719906806945801,0.3227982819080353
258,-16.80852699279785,-6.475222587585449,4.074088096618652,-9.27002239227295,-0.591925859451294,0.1555488109588623,19.604463577270508,-13.247567176818848,23.38755989074707,-55.04444122314453,-9.814957618713379,-1.6799509525299072,-3.3008921146392822,-0.2719962000846863,-0.2823193371295929,2.604318857192993,1.3881261348724365,0.6544470191001892,1.4613842964172363,0.030677005648612976,-0.19290953874588013,0.9292103052139282,-2.5136280059814453,0.34753286838531494
259,8.70048713684082,-5.0327043533325195,3.611973762512207,-0.0746150016784668,-0.2776804268360138,-0.09513282775878906,-14.55886459350586,-11.411979675292969,19.18798828125,-70.04088592529297,-8.530177116394043,-1.326410174369812,-2.616593360900879,-0.3885197043418884,0.054730623960494995,0.7550607323646545,-0.12087508291006088,0.6025253534317017,1.6107125282287598,0.06382641196250916,-0.18392667174339294,0.3726741075515747,-2.347933292388916,0.23155850172042847
260,2.590336322784424,-2.605563163757324,3.5293045043945312,-1.2721691131591797,-0.2057344913482666,-0.10551023483276367,1.4742507934570312,-14.832022666931152,16.471330642700195,-56.92792892456055,0.9398601055145264,1.719374656677246,-1.2426307201385498,-0.24936343729496002,0.7183254957199097,-2.159670352935791,-0.9344078898429871,0.6359097361564636,2.311972141265869,0.06140623986721039,-0.20820766687393188,-0.18573850393295288,-2.111253261566162,0.057780921459198
261,8.923458099365234,0.5074567198753357,-1.4030706882476807,6.461457252502441,0.10918688774108887,-0.025860190391540527,-18.512739181518555,-13.896674156188965,16.072315216064453,-59.290931701660156,7.755967617034912,2.8296163082122803,-0.7254936099052429,-0.10201750695705414,0.361295610666275,-3.0497655868530273,-1.3411391973495483,0.8195777535438538,2.206929922103882,0.20103752613067627,-0.3416810631752014,-0.6759766936302185,-1.8418302536010742,0.343467116355896
262,3.897129535675049,5.753284931182861,-3.7551257610321045,3.797269821166992,0.05218243598937988,-0.0046024322509765625,-6.641273498535156,-10.7756929397583,8.911104202270508,-30.46640396118164,16.09617042541504,5.214818954467773,-0.0077578164637088776,0.49696817994117737,-0.07616835832595825,-4.519447326660156,-1.4912441968917847,1.3051618337631226,2.3261826038360596,0.5167880058288574,-0.6359857320785522,-0.9848852753639221,-1.586680293083191,-0.2862195074558258
263,21.206710815429688,7.771335124969482,-7.593905448913574,8.252492904663086,0.3223154544830322,0.06411218643188477,-24.9107608795166,-11.256382942199707,5.058479309082031,-14.639182090759277,16.026403427124023,3.7577662467956543,1.1974514722824097,0.36843135952949524,-1.094040870666504,-5.915974140167236,-1.2717339992523193,2.602861166000366,1.1035202741622925,0.4524763524532318,-0.475939005613327,0.9082850217819214,-0.6755584478378296,0.46730151772499084
264,53.53544616699219,16.35993766784668,-19.04325294494629,-17.426998138427734,-11.87435531616211,1.4869670867919922,-55.295711517333984,1.7769335508346558,-6.554300308227539,-1.115142822265625,5.8286895751953125,1.3383979797363281,1.5761862993240356,-0.27877339720726013,-0.2535061836242676,0.6605883836746216,-2.7034249305725098,-0.249545156955719,-2.550311803817749,-0.2947295606136322,-0.06290244311094284,7.674710750579834,5.035350322723389,2.348726987838745
265,64.6920166015625,31.209306716918945,-34.10808563232422,-57.907012939453125,8.18142318725586,5.074441432952881,-61.37091064453125,2.4110007286071777,-0.9302310943603516,-14.758472442626953,-1.792136549949646,-0.28313207626342773,1.7551167011260986,-0.48470577597618103,0.1259690523147583,0.20570442080497742,-2.037423849105835,0.10995101928710938,-4.71477746963501,1.0684789419174194,2.8081536293029785,7.710244178771973,0.8106600046157837,2.387054443359375
266,26.148906707763672,31.88993263244629,-36.946685791015625,-65.08473205566406,12.59846019744873,0.7560673356056213,-28.029109954833984,-5.800126075744629,-3.204397678375244,-18.828201293945312,-0.9400496482849121,-0.2652263343334198,2.33182692527771,-0.07855381071567535,-0.06548945605754852,-0.8194176554679871,-1.6507539749145508,0.2298128753900528,-4.0223388671875,0.6994547247886658,1.2942028045654297,0.6826115250587463,1.2671564817428589,0.06916826963424683
267,-11.794051170349121,20.806917190551758,-24.71590232849121,-65.62506866455078,20.0,-2.8627517223358154,6.0477495193481445,-8.631375312805176,1.1566674709320068,-2.2996978759765625,-0.44802725315093994,-0.03939080238342285,2.8547441959381104,-0.17243851721286774,0.15156632661819458,-2.1420180797576904,-1.1816368103027344,0.2164403349161148,-2.5255515575408936,-0.5445812940597534,0.3754616677761078,-4.060482978820801,0.8459616303443909,-1.1287726163864136
268,-2.1355056762695312,13.171646118164062,-17.28302001953125,-42.13658142089844,20.0,-7.417445182800293,-1.3277950286865234,4.046594619750977,-4.128542423248291,11.452408790588379,-0.12996172904968262,0.142411470413208,2.9490931034088135,-0.25017049908638,0.2089143991470337,-2.258495569229126,-0.9104551076889038,0.5099242925643921,-2.313250780105591,-0.8292092084884644,-0.45328792929649353,-2.597554922103882,-0.694913923740387,-1.4136013984680176
269,-16.201204299926758,2.703126907348633,-6.319030284881592,-12.302671432495117,20.0,-5.066683292388916,20.789955139160156,-1.9511361122131348,1.9716079235076904,6.698393821716309,0.2537546753883362,0.09398984909057617,2.6482224464416504,0.00831788033246994,0.1949157565832138,-1.1110038757324219,-0.8443623781204224,-2.4216246604919434,-0.642672061920166,-0.9912244081497192,-0.8428865075111389,-4.157027244567871,-0.3350645899772644,-1.7118855714797974
270,-25.17189598083496,-6.740933895111084,0.691088080406189,-10.991880416870117,20.0,-4.327385902404785,24.573253631591797,9.621435165405273,-3.1818714141845703,13.462003707885742,0.558790922164917,0.14951324462890625,0.6540208458900452,-0.12561187148094177,0.13246884942054749,2.1175966262817383,1.0675541162490845,-0.976904034614563,-0.06313467770814896,-0.6206381320953369,-1.1176865100860596,-2.8511557579040527,0.8127529621124268,-2.0188403129577637
271,-43.02365493774414,-3.7530159950256348,4.0726470947265625,-11.09756088256836,8.03445053100586,-2.553208351135254,50.808319091796875,-12.65191650390625,12.575399398803711,11.901501655578613,0.5141494274139404,0.07796406745910645,-1.463178277015686,-0.20078599452972412,0.2783379554748535,5.6308183670043945,4.2009806632995605,-1.071148157119751,2.307399034500122,-1.0891786813735962,-0.3928353190422058,-4.726614952087402,1.4039537906646729,-1.329337477684021
272,-50.2057991027832,5.167725086212158,-1.7776035070419312,-12.408882141113281,-1.3243569135665894,0.13624358177185059,61.52699661254883,-14.780104637145996,24.17296600341797,-19.501352310180664,-18.494958877563477,-13.114156723022461,-3.700906276702881,0.6940950155258179,-0.1450573205947876,7.531034469604492,1.2401601076126099,-0.5880943536758423,2.171260356903076,-0.5924279689788818,-0.5003545880317688,-0.9657929539680481,5.876584529876709,4.835753917694092
273,-18.516620635986328,-2.5338592529296875,0.9938156604766846,-11.199359893798828,-0.6164928674697876,0.06701266765594482,31.32550048828125,-19.35721778869629,34.86149597167969,-61.95244216918945,-6.949014663696289,-4.352266311645508,-3.450350046157837,0.6089339256286621,-0.19520048797130585,4.207076549530029,0.9684377312660217,-0.28535622358322144,1.2564934492111206,0.128813236951828,-0.21731948852539062,1.6712771654129028,-2.9067680835723877,0.31100815534591675
274,-14.65280532836914,-3.2098536491394043,2.8459572792053223,-7.801080703735352,-0.5863960385322571,0.04864215850830078,22.781187057495117,-16.694011688232422,25.415237426757812,-46.07984161376953,-1.0429611206054688,-3.2153611183166504,-3.399909734725952,0.2748933732509613,-0.16020634770393372,1.3249599933624268,0.04748585820198059,0.6393124461174011,1.6113932132720947,0.008958324790000916,-0.15893933176994324,1.3341844081878662,-2.8106849193573,0.3697366714477539
275,-1.6647014617919922,-3.455563545227051,1.2379459142684937,-0.8668041229248047,-0.21595454216003418,-0.024250030517578125,4.985816955566406,-10.09736156463623,21.578649520874023,-56.147762298583984,-0.26941442489624023,-2.574819803237915,-2.728682518005371,0.05435018986463547,-0.46473047137260437,-0.8259559273719788,-0.3977450430393219,1.0587172508239746,2.011733293533325,0.15918301045894623,-0.1656499207019806,0.8032987713813782,-2.5792195796966553,0.2029842585325241
276,6.366087913513184,4.438555717468262,-2.3813233375549316,1.4955072402954102,-0.13338375091552734,-0.06318950653076172,-9.350309371948242,-14.904519081115723,18.48179054260254,-51.30231475830078,5.751706123352051,0.6885561943054199,-1.8340694904327393,0.4562934935092926,-0.7162991166114807,-3.21293044090271,-1.085898995399475,1.0827544927597046,2.183190107345581,0.3308880925178528,-0.28190380334854126,0.3499041497707367,-2.357818603515625,-0.011348441243171692
277,17.187725067138672,-3.7164320945739746,3.3741064071655273,8.165203094482422,0.3051965832710266,-0.1433568000793457,-20.788557052612305,-4.912774562835693,6.386948108673096,-45.77122497558594,15.080660820007324,0.6128597259521484,-0.6315964460372925,0.5200504064559937,-0.349257230758667,-4.678144454956055,-0.07532133162021637,0.8743977546691895,2.3142759799957275,0.3069470524787903,-0.3869979977607727,0.04294644296169281,-2.3610167503356934,0.3593873083591461
278,27.52694320678711,4.881216049194336,-3.531707763671875,9.38608169555664,0.18136808276176453,-0.00832986831665039,-29.063270568847656,-9.227592468261719,2.6922812461853027,-24.347122192382812,20.0,5.9556145668029785,1.209432601928711,0.8836632370948792,0.001692444086074829,-3.685370683670044,5.071651935577393,-0.867180585861206,1.5938318967819214,0.4157801866531372,-0.12208059430122375,1.3095043897628784,-1.0575144290924072,-0.650902271270752
279,46.09223937988281,19.28694725036621,-20.927928924560547,-70.74822235107422,5.530440330505371,4.295309066772461,-50.786705017089844,11.993559837341309,-13.733559608459473,-1.5585441589355469,5.079038143157959,1.9721169471740723,2.068131685256958,-0.07064549624919891,0.16639119386672974,0.620867908000946,-2.4728424549102783,0.09200899302959442,-1.2308130264282227,-0.058747656643390656,0.05307456851005554,5.324680805206299,3.0034897327423096,2.6866583824157715
280,75.46934509277344,34.71765899658203,-40.82488250732422,-72.41291809082031,13.93503189086914,1.8506639003753662,-77.54207611083984,7.543745040893555,-7.388232707977295,-8.832077026367188,-1.4249820709228516,-0.2746262550354004,2.131516695022583,-0.2783960998058319,0.43956005573272705,-0.18782049417495728,-1.9583178758621216,0.1277225762605667,-4.904538154602051,1.034173607826233,1.6419358253479004,8.498478889465332,0.5362475514411926,1.4499471187591553
281,20.34809112548828,29.845523834228516,-45.85078811645508,-77.2332763671875,16.842966079711914,1.983150839805603,-20.556804656982422,-9.371866226196289,3.860239028930664,-21.394582748413086,-0.7284746170043945,-0.2477666735649109,3.069241523742676,-0.07945043593645096,0.13564032316207886,-1.6032073497772217,-1.3974794149398804,0.41635560989379883,-3.1964964866638184,1.2979124784469604,1.6590824127197266,-0.5203880071640015,2.578579902648926,0.28114545345306396
282,-0.35530757904052734,5.9918718338012695,-20.455015182495117,-69.00192260742188,20.0,-2.2547554969787598,-11.512885093688965,6.144102573394775,-9.096881866455078,-0.2551546096801758,-0.7631003856658936,0.025734663009643555,3.041440963745117,-0.20980782806873322,0.3167183995246887,-2.556281805038452,-0.7952298521995544,0.2950392961502075,-3.103666305541992,0.661910355091095,0.26238423585891724,-3.048354387283325,0.8383100032806396,-1.2051737308502197
283,-2.355693817138672,5.023036479949951,-12.960968017578125,-32.37261962890625,20.0,-4.67599630355835,3.2964229583740234,-3.447514772415161,-1.0044901371002197,6.338366508483887,-0.11203265190124512,0.13162660598754883,3.4455273151397705,-0.4602015018463135,0.638689398765564,-2.9268240928649902,-0.5651147365570068,0.32415515184402466,-2.181490898132324,-0.26165956258773804,-0.4014327824115753,-3.7650160789489746,0.7096605896949768,-1.5163097381591797
284,-29.300582885742188,0.47655773162841797,-7.264707565307617,-11.6260347366333,20.0,-4.9315714836120605,34.777835845947266,-7.5157012939453125,4.814640998840332,9.100116729736328,0.16138207912445068,0.08385705947875977,2.0361573696136475,-0.2690469026565552,0.37350600957870483,-0.2702409029006958,1.0401430130004883,-2.5021438598632812,0.2391962707042694,-1.0748165845870972,-1.3303941488265991,-6.3015642166137695,0.41602814197540283,-2.058631658554077
285,-51.93352127075195,-4.485891819000244,6.208739280700684,-1.4542369842529297,7.642953872680664,-1.5530118942260742,61.92230224609375,-10.486429214477539,12.029666900634766,18.620494842529297,0.9201111793518066,0.04314470291137695,-1.9230067729949951,-0.1457386314868927,0.525352954864502,6.36884069442749,6.255797863006592,-2.4069080352783203,2.9550209045410156,-1.409848690032959,-1.1273607015609741,-8.056260108947754,3.3986263275146484,-2.1964800357818604
286,-23.828453063964844,6.725717544555664,-4.591942310333252,-9.975290298461914,-1.470584511756897,0.31311511993408203,29.84315299987793,-11.753528594970703,17.887104034423828,-14.609869003295898,-18.434606552124023,-6.836701393127441,-2.7980077266693115,0.15226152539253235,-0.24253158271312714,7.400744438171387,0.7170804142951965,-1.2799811363220215,1.5174274444580078,-0.8836832046508789,-0.34421733021736145,0.6797516345977783,2.3749101161956787,0.8157568573951721
287,-20.324941635131836,-2.014967918395996,1.9505563974380493,-13.121232032775879,-0.5582436323165894,0.10289478302001953,19.58182144165039,-12.182324409484863,16.544099807739258,-42.79600524902344,-17.71533966064453,-2.996330738067627,-3.2487711906433105,0.3694511651992798,-0.27123507857322693,4.798436641693115,0.8949695229530334,-1.1312036514282227,1.2551219463348389,-0.04413697496056557,0.08298366516828537,1.077751636505127,0.8114449977874756,0.16089963912963867
288,-6.833141326904297,-7.827950954437256,5.275443077087402,-8.300966262817383,-0.4776666760444641,0.09873005747795105,5.916049003601074,-5.111011028289795,16.57382583618164,-57.30448532104492,-20.0,-1.3497653007507324,-2.792924642562866,-0.07025856524705887,0.021538525819778442,1.3967386484146118,0.26163288950920105,-0.2242351919412613,1.4302040338516235,-0.16835176944732666,0.06160890311002731,0.6309494376182556,0.645262598991394,0.5355812311172485
289,8.194084167480469,-5.672756671905518,3.1441428661346436,0.8917829394340515,-0.03549535572528839,0.018385976552963257,-10.453834533691406,-7.702184200286865,10.065773010253906,-67.73318481445312,-15.253286361694336,0.5671831965446472,-1.9861230850219727,-0.121490478515625,-0.1944466382265091,-0.29710087180137634,0.053456876426935196,0.14579302072525024,1.5231359004974365,0.09044422954320908,-0.12445485591888428,1.038002848625183,-2.676849365234375,0.345941960811615
290,8.024824142456055,-2.360032558441162,2.0678513050079346,2.0200443267822266,-0.12008893489837646,-0.010219216346740723,-11.047822952270508,-17.091360092163086,11.842133522033691,-61.707740783691406,-7.977359771728516,1.8819934129714966,-0.954644501209259,-0.03687943145632744,-0.0005869496962986887,-2.2742514610290527,-1.027261734008789,0.6282391548156738,1.8202866315841675,0.21322771906852722,-0.17250941693782806,0.5421220064163208,-2.4377481937408447,0.20557385683059692
291,9.248586654663086,-4.832205772399902,3.2538223266601562,9.308928489685059,0.21728873252868652,-0.06837821006774902,-17.661212921142578,-11.533858299255371,12.681717872619629,-62.15187072753906,-4.738615989685059,3.174130439758301,-0.5236161351203918,-0.0909985601902008,0.26563769578933716,-1.8329490423202515,-1.5658180713653564,1.069740653038025,1.7739981412887573,0.24292591214179993,-0.250827431678772,0.246113121509552,-2.241945505142212,0.0499747097492218
292,0.8974794149398804,4.974222660064697,-3.56377911567688,4.13120174407959,0.23205560445785522,-0.031294822692871094,-6.960080146789551,-18.721609115600586,16.267536163330078,-50.59026336669922,1.167191743850708,2.6777539253234863,-0.1794918328523636,0.100533127784729,-0.36541131138801575,-2.7286674976348877,-0.36881542205810547,1.312228798866272,1.8022315502166748,0.37195467948913574,-0.44602930545806885,-0.03735829144716263,-1.963141679763794,0.03851489722728729
293,8.003427505493164,4.068639278411865,-2.5165791511535645,3.7197303771972656,-0.036222219467163086,-0.039125919342041016,-12.33047103881836,-12.045719146728516,9.199605941772461,-27.976346969604492,11.157666206359863,5.522927761077881,0.776516854763031,0.2421303391456604,-0.5324186682701111,-4.621180057525635,-1.0587552785873413,2.056340217590332,1.7651846408843994,0.40434277057647705,-0.4204680025577545,-0.0373656302690506,-1.993493914604187,-0.11905038356781006
294,32.6602897644043,7.568060398101807,-5.389870643615723,9.52724838256836,0.3981109857559204,-0.11594867706298828,-39.42840576171875,-1.4396190643310547,-0.8545886278152466,-18.066757202148438,12.346978187561035,4.018129348754883,2.312857151031494,0.6166516542434692,-0.7535188794136047,-5.518219947814941,1.250948429107666,2.77541184425354,-0.07429436594247818,0.29135411977767944,-0.20425529778003693,2.459657907485962,-0.6915286183357239,1.4253301620483398
295,83.1285629272461,22.989450454711914,-28.85218048095703,-75.11566925048828,10.796306610107422,3.992424249649048,-77.44746398925781,12.641368865966797,-11.465808868408203,-1.8528900146484375,-0.24733209609985352,0.029361248016357422,1.5372893810272217,-0.3315843939781189,0.36257344484329224,0.6813536882400513,-2.3631317615509033,0.43025723099708557,-3.896707057952881,0.04615690931677818,0.7877271175384521,10.242688179016113,2.1266698837280273,2.920654535293579
296,27.89545440673828,31.742834091186523,-41.12671661376953,-79.67484283447266,6.481899738311768,4.008050918579102,-35.14000701904297,-3.198256015777588,2.225667953491211,-20.472566604614258,-1.1651325225830078,-0.4330688714981079,1.9428908824920654,-0.14326155185699463,0.3167577087879181,-0.4758082628250122,-1.7871440649032593,0.4273330569267273,-3.949329137802124,1.4106050729751587,2.361342191696167,4.238217353820801,1.9460231065750122,1.0526750087738037
297,24.184051513671875,23.812105178833008,-31.819364547729492,-61.72746658325195,17.81208038330078,0.014935731887817383,-24.526620864868164,-4.843723773956299,-3.7257330417633057,-10.935635566711426,-0.9969018697738647,-0.08449357748031616,2.530167818069458,-0.09111043810844421,0.31996574997901917,-1.4103858470916748,-1.3370739221572876,0.35419827699661255,-3.4906721115112305,0.5676636099815369,0.8902808427810669,-0.04836041107773781,0.31620171666145325,-0.32827693223953247
298,7.191147804260254,7.433560371398926,-22.609107971191406,-48.35877227783203,20.0,-3.7465736865997314,-6.122184753417969,-1.952956199645996,-2.4158706665039062,-2.4554996490478516,-0.46738922595977783,0.013054132461547852,3.1576321125030518,-0.29435402154922485,0.42209574580192566,-2.2551658153533936,-0.9691368341445923,0.4718981981277466,-2.2812225818634033,-0.4551127254962921,-0.19014254212379456,-3.2878687381744385,-0.8578283786773682,-1.7261693477630615
299,-36.93388366699219,2.9646568298339844,-12.28354263305664,-31.82066535949707,20.0,-5.72482967376709,32.17356872558594,-6.1897430419921875,4.341330528259277,7.272321701049805,0.1857757568359375,0.0976266860961914,2.997271776199341,-0.3306165933609009,0.22650569677352905,-2.2456607818603516,-0.8820825815200806,-1.9417824745178223,0.07608011364936829,-1.1194530725479126,-0.6186319589614868,-6.59966516494751,-1.4122172594070435,-2.1417064666748047
300,-43.306514739990234,-4.490523815155029,0.5290034413337708,-12.342863082885742,19.566511154174805,-4.710785388946533,43.86745834350586,6.054497718811035,-1.3642759323120117,20.2168025970459,0.9981689453125,0.22434329986572266,0.17499801516532898,0.03993840888142586,0.08354969322681427,2.4374194145202637,2.1127336025238037,-1.4038186073303223,1.6701570749282837,-0.9458246827125549,-1.7177422046661377,-5.840988636016846,1.0917006731033325,-1.8376555442810059
301,-50.297401428222656,1.4658560752868652,2.26517915725708,-7.238002777099609,-0.48523521423339844,-0.024804115295410156,56.565677642822266,-18.381855010986328,17.89408302307129,17.4366397857666,0.5583314895629883,-0.011656522750854492,-2.236001491546631,0.26844900846481323,0.79146409034729,6.13819694519043,3.9945907592773438,-3.001370668411255,3.7683608531951904,-1.6069514751434326,-0.8827114105224609,-3.311764717102051,6.8440351486206055,1.0837600231170654
302,-28.349689483642578,0.9990570545196533,-1.9270923137664795,-10.471416473388672,-1.198850393295288,0.44402235746383667,32.5855598449707,-17.292043685913086,23.944374084472656,-28.258474349975586,-17.470401763916016,-3.359551429748535,-3.3286070823669434,0.378622829914093,-0.1567470282316208,6.1375250816345215,0.23102174699306488,-0.2354513257741928,0.8564667105674744,0.041621506214141846,-0.05199578404426575,1.8367969989776611,-2.8350584506988525,0.5443872213363647
303,-11.071484565734863,-5.443713665008545,3.814821720123291,-8.524541854858398,-0.4678705930709839,-0.01664668321609497,17.704605102539062,-11.834748268127441,25.396953582763672,-56.45016098022461,-8.319214820861816,-1.4665069580078125,-2.8152406215667725,-0.00852871686220169,-0.08080709725618362,3.221266984939575,-0.7801038026809692,-0.30834031105041504,1.4694406986236572,-0.11725662648677826,-0.14987148344516754,1.2556818723678589,-2.6727406978607178,0.30152395367622375
304,0.3709592819213867,-6.26893424987793,4.235806465148926,-1.3877677917480469,0.09675711393356323,0.000621989369392395,-6.722033500671387,-8.868256568908691,18.894332885742188,-67.21809387207031,-10.828420639038086,-1.1733548641204834,-2.7875828742980957,-0.24084800481796265,0.0576225183904171,1.7588908672332764,0.472227543592453,-0.0313335657119751,1.504094123840332,-0.10877323150634766,-0.2584021985530853,0.7408075928688049,-2.445305824279785,0.3647992014884949
305,1.3595209121704102,0.7790341377258301,-2.232858180999756,-2.8281452655792236,-0.21444031596183777,0.12419748306274414,-4.718916416168213,-7.607034683227539,16.521841049194336,-49.46638870239258,-7.8039937019348145,-0.5889009833335876,-2.0351288318634033,-0.04776845872402191,-0.5725858807563782,-0.44985610246658325,-0.08644617348909378,1.3022701740264893,1.695664882659912,0.345553994178772,-0.264019250869751,0.36495476961135864,-2.2505152225494385,0.28572577238082886
306,4.264490127563477,4.956786632537842,-2.300323724746704,-1.9445533752441406,-0.22037804126739502,-0.05296206474304199,-9.08865737915039,-13.137845993041992,15.484966278076172,-42.72794723510742,3.138275146484375,0.5592776536941528,-1.1057385206222534,0.20023031532764435,-0.8119770288467407,-3.7008421421051025,-0.7303551435470581,1.8511971235275269,1.8054388761520386,0.37475326657295227,-0.39024874567985535,0.06400022655725479,-2.0831332206726074,-0.0423203706741333
307,18.0290470123291,0.2093057632446289,0.960205078125,7.980289459228516,0.1625831127166748,-0.1775519847869873,-21.864540100097656,-11.267822265625,8.795101165771484,-30.086471557617188,11.849581718444824,2.7787866592407227,0.23821888864040375,0.19453465938568115,-0.2783941924571991,-5.017455577850342,-1.1936620473861694,1.78773832321167,1.7049356698989868,0.24786609411239624,-0.1291186809539795,0.31239455938339233,-2.261078357696533,0.1565084159374237
308,34.33332443237305,10.891509056091309,-7.272574424743652,6.067211151123047,0.4870579242706299,-0.0749201774597168,-35.70344161987305,5.959123134613037,-9.635147094726562,-5.522314071655273,12.158588409423828,3.920778751373291,2.2840609550476074,1.3038625717163086,0.14971625804901123,-2.546992778778076,10.447469711303711,-0.26499485969543457,-0.5134018659591675,0.32051384449005127,-0.14033293724060059,3.9861629009246826,0.6384726166725159,0.7167561054229736
309,49.059913635253906,25.557870864868164,-28.17719078063965,-85.7015380859375,8.694772720336914,3.411125659942627,-51.01421356201172,11.255146980285645,-9.085920333862305,-2.7325515747070312,-0.49590110778808594,0.11042356491088867,1.7564977407455444,-0.2628486454486847,0.12357928603887558,0.6158432364463806,-2.368103265762329,0.21265725791454315,-2.6357336044311523,0.039104532450437546,0.39197078347206116,7.611245155334473,1.0623152256011963,2.7746355533599854
310,49.526023864746094,30.431987762451172,-37.32609176635742,-71.68305206298828,9.906980514526367,2.302337884902954,-54.70264434814453,-0.11712169647216797,-1.3949165344238281,-18.02079963684082,-1.1164807081222534,-0.3675658702850342,2.180452585220337,-0.09104695916175842,0.34561920166015625,-0.44091829657554626,-1.8736340999603271,0.21700431406497955,-3.963369607925415,1.3888639211654663,2.0929291248321533,4.015496730804443,0.9955981373786926,1.1926692724227905
311,4.952956199645996,23.479822158813477,-33.846927642822266,-80.5667724609375,16.796411514282227,-0.4537540078163147,-14.509662628173828,-3.453500270843506,-2.6940126419067383,-9.698580741882324,-0.5467987060546875,-0.1499314308166504,2.4951417446136475,-0.16685929894447327,0.1625175178050995,-1.6544568538665771,-1.2621252536773682,0.430124431848526,-3.166884183883667,0.7734366655349731,0.9252079725265503,-1.3399593830108643,2.0430986881256104,-0.6187694072723389
312,2.073436737060547,12.670109748840332,-23.020174026489258,-61.357601165771484,20.0,-4.798440933227539,-3.6639881134033203,0.023744285106658936,-4.259898662567139,4.731467247009277,-0.5383080244064331,0.11155486106872559,3.2349090576171875,-0.25479811429977417,0.38141968846321106,-2.5412819385528564,-0.8957751989364624,0.4578331708908081,-2.208503246307373,0.012118595652282238,-0.15984028577804565,-2.256085157394409,-0.7030656337738037,-1.0872503519058228
313,-30.52743911743164,10.58240795135498,-19.133398056030273,-39.36744689941406,20.0,-7.837483882904053,20.626129150390625,-7.796334266662598,4.735616683959961,6.09422492980957,0.11623287200927734,0.0522921085357666,3.1739563941955566,-0.4101513624191284,0.25476405024528503,-3.057399034500122,-0.6190388202667236,-0.15545253455638885,-0.6590260863304138,-0.7813145518302917,-0.5807022452354431,-4.64536714553833,-1.1377344131469727,-1.3728914260864258
314,-18.22747802734375,-2.543790578842163,1.14864182472229,-3.9734697341918945,20.0,-4.788652420043945,23.156204223632812,3.2642924785614014,-0.7207751274108887,14.122591018676758,0.7358441352844238,0.12260603904724121,1.5169413089752197,-0.25959473848342896,0.4319700598716736,0.49332618713378906,1.0727708339691162,-1.1665685176849365,0.09145931154489517,-0.7974621653556824,-0.9748924970626831,-2.866999864578247,0.9055734276771545,-1.5131181478500366
315,-39.2275276184082,-5.163488388061523,6.472519874572754,-0.5328826904296875,6.044516563415527,-1.5435729026794434,49.39820098876953,-13.549068450927734,12.837625503540039,8.154277801513672,0.35359668731689453,-0.017680644989013672,-1.4061492681503296,-0.035342562943696976,1.1640044450759888,6.128702640533447,5.329962253570557,-2.6282100677490234,2.7004551887512207,-1.1765824556350708,-0.44712087512016296,-6.412385940551758,1.4394043684005737,-1.8631194829940796
316,-55.27272033691406,-0.037159740924835205,0.8959100246429443,-13.928730010986328,-1.5637409687042236,0.28025221824645996,65.91203308105469,-7.308811187744141,22.78780746459961,-20.232851028442383,-19.385610580444336,-0.761526346206665,-3.6665120124816895,0.2932550013065338,0.52399742603302,7.755714416503906,1.7670329809188843,-1.4506453275680542,2.195148468017578,-0.3793361186981201,-0.33132413029670715,-1.2414389848709106,7.127387046813965,0.23388946056365967
317,-14.563650131225586,1.0061134099960327,-2.6181693077087402,-13.03365707397461,-0.7883089184761047,0.1953585147857666,18.955686569213867,-16.517637252807617,27.436193466186523,-55.43144989013672,-9.818154335021973,-1.3930524587631226,-3.5316238403320312,-0.15560489892959595,-0.5295498371124268,4.008540153503418,0.3520399332046509,-1.1720670461654663,1.2925416231155396,0.005941659212112427,-0.0033162981271743774,1.2762356996536255,-2.6519248485565186,0.24976417422294617
318,-1.5929489135742188,-4.823886394500732,3.3101439476013184,-5.683860778808594,-0.2576623558998108,0.15465548634529114,1.8501176834106445,-6.679322719573975,15.446372985839844,-60.59666061401367,-9.073125839233398,-0.47780904173851013,-2.9241693019866943,-0.11787599325180054,-0.7226327061653137,1.1091800928115845,0.3000842332839966,0.21149908006191254,1.8097944259643555,0.17516280710697174,-0.26810362935066223,0.5599152445793152,-2.471780300140381,0.2604978382587433
319,-4.228864669799805,1.5684762001037598,1.3078073263168335,-1.4164907932281494,-0.3293600082397461,0.0286407470703125,3.566539764404297,-22.041645050048828,19.545949935913086,-46.51626968383789,-0.5701675415039062,0.8774442672729492,-2.6857988834381104,0.26254886388778687,-0.13126085698604584,-0.641586422920227,-0.7983972430229187,1.612356424331665,1.8325854539871216,0.2669948935508728,-0.17745310068130493,0.3799160122871399,-2.290529727935791,0.02057810127735138
320,7.20304012298584,-4.175589084625244,3.0281007289886475,2.5306549072265625,0.020952820777893066,-0.2071847915649414,-8.005231857299805,-9.388753890991211,14.290046691894531,-46.086551666259766,3.9496376514434814,1.909350037574768,-1.7357250452041626,-0.13357068598270416,0.057614825665950775,-2.515866756439209,-0.9749101996421814,0.8686012625694275,2.0357911586761475,0.010686233639717102,-0.21877071261405945,0.23722988367080688,-2.2588911056518555,0.06291043758392334
321,9.248807907104492,1.0110669136047363,-1.594725489616394,6.187352180480957,0.2117452621459961,-0.028795957565307617,-14.167564392089844,-9.311698913574219,11.023232460021973,-45.02245330810547,11.838409423828125,2.220141649246216,-0.9835991859436035,0.2622365951538086,-0.3195064663887024,-3.3983218669891357,-0.29041165113449097,1.198965072631836,2.064758539199829,0.4183120131492615,-0.2661426067352295,-0.16379335522651672,-2.08626127243042,0.2264908105134964
322,16.09242057800293,-1.7070374488830566,1.1349267959594727,8.695807456970215,0.1672002673149109,-0.07142472267150879,-19.510650634765625,-7.810693740844727,7.175014495849609,-31.96351432800293,18.884775161743164,4.031007289886475,0.1386895775794983,0.32675430178642273,-0.07651998102664948,-4.130932331085205,-0.48824062943458557,1.9696071147918701,2.0851757526397705,0.47394832968711853,-0.19506382942199707,-0.21548378467559814,-2.0560600757598877,-0.07233154773712158
323,34.65943908691406,13.124265670776367,-9.106804847717285,6.713386535644531,0.34146547317504883,-0.08927655220031738,-32.313968658447266,-5.171121120452881,-3.7218334674835205,-5.641193389892578,17.01059341430664,4.017086982727051,2.2102434635162354,1.12820303440094,0.22871294617652893,-2.0954158306121826,8.55499267578125,-1.9586501121520996,-0.21027104556560516,0.23198263347148895,-0.20834821462631226,3.9207448959350586,0.9074541330337524,1.123693823814392
324,61.318260192871094,30.393705368041992,-33.10361862182617,-76.02943420410156,4.437216281890869,4.9238457679748535,-61.054359436035156,8.227118492126465,-7.420190811157227,-3.7377281188964844,-0.512275218963623,0.03776121139526367,1.6880134344100952,-0.1953113079071045,0.10071984678506851,0.8903555870056152,-2.5229194164276123,0.12576240301132202,-3.260951042175293,0.10368118435144424,0.5108767747879028,8.70954418182373,2.535541296005249,2.87448787689209
325,50.774742126464844,34.0520133972168,-42.515769958496094,-69.74906158447266,7.810965538024902,1.9194567203521729,-51.44276809692383,-7.582383155822754,2.463961601257324,-20.26199722290039,-1.407028317451477,-0.392439603805542,2.3074607849121094,-0.20582830905914307,0.2738071084022522,-0.3332333266735077,-2.002544641494751,0.4308687150478363,-4.005645275115967,0.40406498312950134,1.5762637853622437,4.036945343017578,1.2492873668670654,1.1982163190841675
326,8.394160270690918,18.835102081298828,-31.593217849731445,-78.91027069091797,16.88094139099121,0.42117583751678467,-16.944992065429688,1.4140267372131348,-4.045322418212891,-9.634781837463379,-0.6801574230194092,-0.11623156070709229,2.639955997467041,-0.2879834771156311,0.21276143193244934,-1.6223161220550537,-1.3532894849777222,0.42155903577804565,-3.5760583877563477,0.23379191756248474,1.0219690799713135,-1.084863543510437,1.5278687477111816,0.09134979546070099
327,7.888031005859375,16.614004135131836,-23.537965774536133,-49.39651107788086,20.0,-4.819860935211182,-8.897960662841797,-2.02341890335083,-2.219027519226074,1.0793752670288086,-0.5017892122268677,-0.0804753303527832,3.082568645477295,-0.25001177191734314,0.41047486662864685,-2.25028920173645,-1.0165698528289795,0.4497283697128296,-2.950798511505127,-0.17094403505325317,0.38213685154914856,-3.2265982627868652,0.7935803532600403,-2.122633934020996
328,-5.797275543212891,4.902191638946533,-15.83702278137207,-38.162567138671875,20.0,-7.141854286193848,-0.5656623840332031,9.205777168273926,-8.044065475463867,8.255874633789062,-0.1780969500541687,0.3067052364349365,3.0010986328125,-0.16123902797698975,0.3304310441017151,-2.359840154647827,-0.9038422107696533,0.37976449728012085,-2.621459722518921,-0.18079252541065216,-0.9457283020019531,-3.200885534286499,-0.11865243315696716,-1.7374695539474487
329,-28.111705780029297,3.3918793201446533,-13.021597862243652,-21.122406005859375,20.0,-5.105108261108398,26.101337432861328,-1.8390023708343506,4.318281650543213,10.371654510498047,0.19134855270385742,0.11252284049987793,2.479780435562134,-0.18264032900333405,-0.026981018483638763,-1.5346344709396362,-0.7467147707939148,-1.749108910560608,-1.1214019060134888,-0.18744121491909027,-0.5607216954231262,-3.8223378658294678,-1.1671942472457886,-1.3451740741729736
330,-36.90406036376953,-5.912572383880615,0.7338846325874329,-13.381828308105469,20.0,-5.180143356323242,41.044559478759766,-2.2959444522857666,4.046694755554199,13.117897033691406,0.6691914796829224,0.04984712600708008,0.33770856261253357,-0.19652199745178223,0.10320413112640381,2.0817956924438477,1.7047736644744873,-1.7842787504196167,0.6910752654075623,-0.466494083404541,-0.5093328356742859,-4.789263725280762,-0.025934338569641113,-1.8367809057235718
331,-51.23796844482422,-3.283392906188965,5.51555871963501,-2.917896270751953,-0.05939483642578125,-0.030567169189453125,66.51830291748047,-19.844417572021484,16.84107780456543,16.576894760131836,0.8291225433349609,0.03811931610107422,-2.6248464584350586,0.07086755335330963,1.0058358907699585,8.600133895874023,5.542344093322754,-3.1634716987609863,3.9770514965057373,-1.2845921516418457,-0.04149521514773369,-7.360502243041992,1.4934180974960327,-1.017199158668518
332,-39.01779556274414,7.301383972167969,-7.2730607986450195,-15.988229751586914,-1.655578374862671,0.5135174989700317,45.16068649291992,-13.437650680541992,28.575559616088867,-28.409099578857422,-20.0,-3.2176854610443115,-4.068410873413086,0.42454084753990173,-0.9690495133399963,8.09599494934082,0.8944315314292908,-0.7473195791244507,1.4066641330718994,-0.2833046019077301,-0.6859269142150879,-0.030622810125350952,4.595335483551025,0.16966518759727478
333,-9.257837295532227,-1.723202109336853,2.17693829536438,-13.949467658996582,-0.5130376815795898,0.06622147560119629,15.987340927124023,-14.968886375427246,30.63020896911621,-43.21232986450195,-19.95737075805664,-5.434032440185547,-3.220632553100586,-0.21775420010089874,-0.7080636024475098,3.4474387168884277,1.2318832874298096,-0.4760984778404236,1.3913332223892212,-0.16427049040794373,0.19183000922203064,0.9218405485153198,0.4739534854888916,1.381157398223877
334,5.297150611877441,-8.683478355407715,6.5292253494262695,-0.313507080078125,-0.22239285707473755,-0.03285682201385498,-8.261201858520508,-7.126880645751953,20.16956901550293,-76.20851135253906,-16.18682098388672,-1.728956699371338,-2.9912636280059814,-0.2699962258338928,-0.05313268303871155,1.9934803247451782,0.4217461049556732,-0.5050271153450012,0.9055324792861938,-0.1438218355178833,0.02617974579334259,1.5657892227172852,-2.673950433731079,0.42491453886032104
335,0.828038215637207,0.6735056042671204,-0.028280258178710938,-4.511040687561035,-0.2750598192214966,0.13465094566345215,-1.2661051750183105,-13.144163131713867,17.471826553344727,-59.05097961425781,-12.689359664916992,-0.26829180121421814,-2.238164186477661,0.00013913773000240326,-0.24088914692401886,-1.173317790031433,0.2857297956943512,1.0825062990188599,1.321081519126892,0.0235581174492836,-0.17655497789382935,0.9501944780349731,-2.5265934467315674,0.24382251501083374
336,10.708181381225586,-2.592381238937378,1.65189528465271,4.343770980834961,-0.17275428771972656,-0.08701252937316895,-10.175583839416504,-7.107708930969238,10.87180233001709,-60.68693161010742,-4.323272705078125,0.6360615491867065,-0.9842085242271423,0.32718712091445923,-0.2873852849006653,-2.555961847305298,-1.9099969863891602,1.4044857025146484,1.8107539415359497,0.33960095047950745,-0.3794454336166382,0.3062971234321594,-2.261855125427246,0.03839007019996643
337,6.149051666259766,-4.150205135345459,3.6408073902130127,4.751821517944336,0.13446855545043945,-0.13140320777893066,-4.660220146179199,-13.7203950881958,12.56003189086914,-53.88715362548828,7.751011371612549,2.418658971786499,0.24436290562152863,0.09281295537948608,0.03646998852491379,-4.6613006591796875,-1.9320582151412964,1.9119648933410645,2.2642617225646973,0.21108625829219818,-0.40014728903770447,-0.14158308506011963,-2.1306562423706055,0.3790309727191925
338,11.83981704711914,-0.1071852445602417,-0.5882855653762817,11.043632507324219,0.3165309429168701,-0.14710736274719238,-15.416292190551758,-12.132234573364258,9.39361572265625,-42.17597961425781,11.850652694702148,3.191556453704834,1.0454270839691162,0.1208249032497406,-0.32190170884132385,-4.649601459503174,-2.0790863037109375,1.8151994943618774,2.3414711952209473,0.36704808473587036,-0.5032647252082825,-0.37947502732276917,-2.0168213844299316,0.09917506575584412
339,15.922297477722168,3.3331947326660156,-1.675489068031311,7.486135482788086,0.4292621612548828,-0.1323683261871338,-23.014842987060547,-2.9482836723327637,-2.1623740196228027,-9.906486511230469,12.742618560791016,3.45076847076416,1.6146758794784546,0.40202596783638,-0.10357651114463806,-5.862089157104492,-0.7590504288673401,1.9490176439285278,0.5628864765167236,0.1586153358221054,-0.44630321860313416,1.9285647869110107,-0.7639514207839966,0.7716969847679138
340,63.899208068847656,25.486583709716797,-19.37226104736328,-61.01935577392578,10.725703239440918,2.647623062133789,-56.9769287109375,7.725090980529785,-7.744631290435791,-1.7201766967773438,-0.14495885372161865,0.08874750137329102,1.757465124130249,-0.30406299233436584,0.012357380241155624,0.9000176787376404,-2.41055965423584,0.15686430037021637,-2.094271421432495,-0.0871114656329155,0.352692186832428,8.312149047851562,0.8413198590278625,2.861637592315674
341,26.8593807220459,31.85249137878418,-35.50605773925781,-80.05419921875,6.774205207824707,1.8254659175872803,-37.913719177246094,-2.2961950302124023,0.8883428573608398,-14.910965919494629,-0.867900013923645,-0.35299062728881836,2.0139412879943848,-0.19048509001731873,0.2529447078704834,-0.2538447380065918,-1.943530559539795,0.5301584601402283,-2.9464364051818848,1.0452874898910522,2.0957038402557373,4.99722957611084,0.9790972471237183,1.9493986368179321
342,25.778461456298828,24.67637062072754,-31.265850067138672,-64.35582733154297,15.149862289428711,0.503392219543457,-32.766056060791016,-4.319538116455078,-2.4937314987182617,-11.977582931518555,-0.8701806664466858,-0.1943354606628418,2.222844123840332,-0.3586934506893158,0.23885197937488556,-1.1645779609680176,-1.3320786952972412,0.2858806848526001,-3.2791433334350586,0.3697265088558197,1.3862718343734741,1.5740257501602173,0.202891543507576,0.6660996675491333
343,-2.2700653076171875,19.36807632446289,-27.97479248046875,-73.59943389892578,20.0,-3.191046714782715,-8.587666511535645,2.7775259017944336,-5.9456706047058105,-4.601169586181641,-0.3411586284637451,-0.040004730224609375,2.527876138687134,-0.14486686885356903,0.16801831126213074,-2.2904205322265625,-0.8626772165298462,0.4924984276294708,-2.443443775177002,0.2448275238275528,0.08675074577331543,-2.9661662578582764,1.2398138046264648,-0.6990638375282288
344,-2.4030380249023438,12.221946716308594,-17.945701599121094,-37.50635528564453,20.0,-4.724621772766113,0.3561229705810547,-2.335569143295288,1.300903081893921,8.444995880126953,-0.18661844730377197,0.012959480285644531,2.794647693634033,-0.5323125720024109,0.28901392221450806,-2.635037660598755,-0.606417179107666,0.381367027759552,-2.0289697647094727,-0.28211653232574463,0.36843767762184143,-2.0056393146514893,-0.502173900604248,-1.3342591524124146
345,-10.663003921508789,7.958133697509766,-13.350709915161133,-14.846803665161133,20.0,-4.903801441192627,8.474200248718262,-0.5330848693847656,-1.6670706272125244,2.3263282775878906,-0.07415688037872314,0.12448549270629883,2.3847718238830566,-0.007284432649612427,0.06737452745437622,-1.9030485153198242,-0.8239519000053406,-2.165503740310669,-0.8902076482772827,-0.39088571071624756,-0.9130963087081909,-4.666723251342773,-0.765430212020874,-2.014291286468506
346,-27.428312301635742,-4.449875831604004,0.0840916633605957,-7.090837478637695,20.0,-4.243650913238525,35.377376556396484,-0.6700177192687988,2.741659641265869,14.369020462036133,0.7266404628753662,0.13370609283447266,0.4422082304954529,-0.206959530711174,0.28183966875076294,2.0312788486480713,1.634006142616272,-1.6406583786010742,0.6832946538925171,-0.7879946827888489,-1.1066995859146118,-4.270061492919922,0.8337585926055908,-2.240741491317749
347,-44.25211715698242,-3.1463546752929688,4.179332733154297,-9.397262573242188,7.94134521484375,-2.3572521209716797,55.512821197509766,-6.602583408355713,8.942649841308594,16.389320373535156,0.5178551077842712,0.06467533111572266,-1.6997740268707275,0.19749349355697632,0.4695257842540741,5.996160984039307,4.6215314865112305,-2.2917842864990234,3.369161605834961,-0.6310683488845825,-0.6726863384246826,-5.546571254730225,0.26209911704063416,-2.7413971424102783
348,-44.1220703125,-0.5498847961425781,1.298924446105957,-10.534065246582031,-1.325810432434082,0.23165678977966309,59.23097229003906,-17.444671630859375,24.560325622558594,-18.08599090576172,-18.130626678466797,-3.7039566040039062,-3.736401319503784,0.5033097863197327,0.6231015920639038,8.160378456115723,1.3039487600326538,-1.054585337638855,1.5296684503555298,-1.0103123188018799,-0.6873165369033813,-0.09527575969696045,4.562708377838135,0.5451827049255371
349,-16.00638198852539,-0.030037641525268555,-0.41579392552375793,-14.010669708251953,-0.6379951238632202,0.1268618106842041,19.728740692138672,-12.91720962524414,23.150487899780273,-43.28631591796875,-20.0,-4.089700698852539,-3.679187059402466,0.3353530168533325,-0.09594571590423584,4.702264308929443,1.0785841941833496,-0.6694949269294739,1.0219637155532837,-0.021952345967292786,-0.09806173294782639,2.0073373317718506,-3.027188777923584,0.29278576374053955
350,-9.575508117675781,-2.8591721057891846,0.6571309566497803,-7.571315765380859,-0.45498597621917725,0.16237890720367432,12.181983947753906,-12.860107421875,22.086883544921875,-55.40153121948242,-13.108938217163086,-3.124525785446167,-3.4203379154205322,0.038867250084877014,-0.62712162733078,1.8486335277557373,0.8392946720123291,0.8780035376548767,1.4231165647506714,0.040327295660972595,-0.19920837879180908,1.4585102796554565,-2.9095730781555176,0.4980465769767761
351,1.8265800476074219,-2.6781771183013916,2.6699941158294678,0.16298484802246094,-0.28061380982398987,-0.12303727865219116,-3.9151501655578613,-15.708125114440918,21.234651565551758,-65.35043334960938,-4.458268642425537,-1.0967295169830322,-3.035114049911499,0.20286910235881805,-0.3552621901035309,0.20989030599594116,-0.27717822790145874,0.5176498889923096,1.5958210229873657,0.19867685437202454,-0.24283692240715027,0.8635886311531067,-2.585693836212158,0.09396463632583618
352,1.0072383880615234,-3.4643092155456543,3.1813037395477295,-0.9608259201049805,-0.26171088218688965,-0.02722001075744629,2.293825149536133,-12.746888160705566,17.463985443115234,-53.49018859863281,6.508840084075928,0.19864244759082794,-1.8919676542282104,0.20488689839839935,0.050462476909160614,-2.7348058223724365,-1.288482427597046,1.506065845489502,2.1118521690368652,0.24004140496253967,-0.218141108751297,0.3127054274082184,-2.3629112243652344,-0.01722361147403717
353,12.125348091125488,-2.2530336380004883,1.7409738302230835,6.8524980545043945,0.19150543212890625,-0.16619110107421875,-15.785359382629395,-11.785770416259766,12.885771751403809,-53.154266357421875,15.441537857055664,4.094310283660889,-0.7514830231666565,0.24414749443531036,0.22180238366127014,-4.367748737335205,-0.9978576898574829,1.2066580057144165,2.371305227279663,0.24529831111431122,-0.3215635418891907,-0.23046302795410156,-2.1987709999084473,0.0875290036201477
354,17.652889251708984,-1.641406536102295,-0.3443714380264282,11.2518949508667,0.25696825981140137,-0.04539775848388672,-22.356382369995117,-7.664246559143066,5.996675968170166,-40.32435607910156,19.954700469970703,4.676239967346191,0.2543882131576538,0.07007870078086853,-0.3652594983577728,-4.594551086425781,-1.2716819047927856,1.8441658020019531,2.472100257873535,0.3687334656715393,-0.5367328524589539,-0.5122193098068237,-2.078375816345215,-0.12704426050186157
355,28.37152671813965,8.536860466003418,-5.826735973358154,9.031063079833984,0.497062087059021,-0.06296730041503906,-32.38949203491211,-11.885948181152344,3.379894256591797,-18.559213638305664,20.0,4.809235572814941,1.9204217195510864,0.5729919075965881,0.008181393146514893,-3.3064303398132324,5.731179237365723,0.31273341178894043,0.7056633830070496,0.32668042182922363,-0.08877062797546387,2.3174479007720947,0.1673334538936615,0.3672199249267578
356,70.4201431274414,22.179264068603516,-21.246763229370117,-60.777374267578125,9.26445484161377,5.851232051849365,-69.61467742919922,12.049088478088379,-10.970846176147461,-4.577632904052734,0.05353260040283203,0.22485923767089844,1.5575913190841675,-0.42115330696105957,0.3178008794784546,0.5869371294975281,-2.240579128265381,0.149968221783638,-3.1256465911865234,0.062423303723335266,0.6474334597587585,7.657243728637695,4.465328216552734,2.9260144233703613
357,53.04967498779297,34.58144760131836,-39.58462142944336,-69.38333129882812,8.71583366394043,4.673049449920654,-52.270511627197266,1.2764768600463867,-2.2500576972961426,-14.392513275146484,-1.5467135906219482,-0.34875011444091797,1.9158093929290771,-0.430938720703125,0.36578547954559326,-0.318437784910202,-1.7782708406448364,0.11937203258275986,-4.619019031524658,1.1344348192214966,1.9876219034194946,5.828312397003174,1.8424779176712036,1.6770691871643066
358,24.678884506225586,33.43656921386719,-41.678558349609375,-72.61451721191406,13.552907943725586,-0.5719645023345947,-22.9365177154541,-11.311151504516602,1.8475847244262695,-15.327180862426758,-1.0073261260986328,-0.20953720808029175,2.829726219177246,-0.3047083914279938,0.29675018787384033,-1.6250152587890625,-1.3374160528182983,0.6092697381973267,-3.504796266555786,0.5426279306411743,1.2759054899215698,-0.8135013580322266,1.4731721878051758,0.3530471622943878
359,-10.319036483764648,22.853757858276367,-34.14512634277344,-67.71791076660156,20.0,-3.152749538421631,3.8192977905273438,-4.49738883972168,-0.12008285522460938,3.6556396484375,-0.3896980583667755,-0.027507543563842773,3.2368338108062744,-0.29279953241348267,0.14993169903755188,-2.6694939136505127,-0.9786851406097412,0.35467004776000977,-2.3036062717437744,-0.09999611973762512,0.4511227011680603,-3.3337278366088867,0.08350256830453873,-0.23119282722473145
360,0.4836721420288086,10.823637962341309,-17.313547134399414,-32.54580307006836,20.0,-5.617992401123047,-3.455831527709961,5.298517227172852,-6.42555570602417,8.184730529785156,-0.025768131017684937,0.06199479103088379,3.142989158630371,-0.19396154582500458,0.06859001517295837,-2.5443825721740723,-0.74726402759552,0.2263108491897583,-2.0921640396118164,-0.4703822433948517,-1.0716978311538696,-2.8472366333007812,-0.07772737741470337,-1.4340499639511108
361,-19.923110961914062,2.441028594970703,-9.463493347167969,-18.0301513671875,20.0,-5.240201950073242,16.065021514892578,-1.9985337257385254,4.212984085083008,6.913238525390625,-0.022324562072753906,0.04085564613342285,2.6133694648742676,-0.36891573667526245,-0.017585963010787964,-1.8934123516082764,-0.5054283142089844,-1.3845065832138062,-1.1808860301971436,-0.5559011697769165,-0.41805335879325867,-3.7092220783233643,-1.5527167320251465,-1.8146016597747803
362,-31.064476013183594,-5.578524589538574,-0.8549492955207825,-10.167634963989258,20.0,-4.869812965393066,36.056190490722656,2.144430637359619,0.5901341438293457,12.557220458984375,0.8256121873855591,0.15008807182312012,0.6591435074806213,-0.13803087174892426,0.008972834795713425,1.5989859104156494,1.5155304670333862,-1.50141179561615,0.5471500754356384,-0.5858802199363708,-0.8997774124145508,-4.452375411987305,1.03400719165802,-1.9334555864334106
363,-47.33048629760742,-0.8448445200920105,4.223029613494873,-2.3992691040039062,1.8122367858886719,-0.41545915603637695,62.34913635253906,-22.801156997680664,19.040328979492188,15.26803970336914,0.6358850002288818,-0.013490438461303711,-2.283262252807617,-0.013201316818594933,0.9300352334976196,7.807565212249756,6.546157360076904,-3.332454204559326,3.5100555419921875,-1.5874825716018677,-0.059274353086948395,-6.461227893829346,1.7363088130950928,-1.6456859111785889
364,-42.3215446472168,5.346419334411621,-5.479365825653076,-16.180774688720703,-1.9198275804519653,0.5088982582092285,52.41122055053711,-9.39787483215332,21.20121192932129,-12.525161743164062,-17.857276916503906,-4.88746452331543,-3.7201690673828125,0.635275661945343,-0.2427206039428711,8.053719520568848,-0.035769157111644745,-0.6128537058830261,1.474534511566162,-0.5304493308067322,-0.733695924282074,0.054990336298942566,4.110911846160889,0.40842002630233765
365,-6.665822982788086,0.15916717052459717,0.3528263568878174,-12.556621551513672,-0.3275754451751709,0.05217278003692627,7.2153096199035645,-15.26181411743164,29.247711181640625,-49.72740936279297,-20.0,-2.3558902740478516,-3.2833659648895264,0.06421566009521484,-0.4379454553127289,3.921387195587158,0.9044080376625061,-0.658278226852417,1.116100788116455,-0.4157603085041046,-0.18214285373687744,1.3200502395629883,-0.3096773624420166,0.645134449005127
366,-0.053481101989746094,-2.9100213050842285,2.7118139266967773,-5.027807235717773,-0.4039373993873596,0.04424464702606201,0.9350357055664062,-18.371631622314453,25.9852237701416,-68.5411376953125,-12.664796829223633,-1.7181127071380615,-2.5438506603240967,0.05219677835702896,0.020745927467942238,0.6650416254997253,-0.060184527188539505,-0.2680552899837494,1.1506563425064087,-0.21860367059707642,0.09316883981227875,1.532963752746582,-2.83127760887146,0.360808789730072
367,-1.6308221817016602,-4.6865434646606445,2.3281726837158203,2.1486239433288574,-0.15104329586029053,0.07864022254943848,1.9406347274780273,-9.733115196228027,19.074369430541992,-71.75733947753906,-3.7456884384155273,1.4804041385650635,-2.24277925491333,0.3095873296260834,-0.24218010902404785,-0.38696545362472534,-0.833210825920105,0.9859938621520996,1.5876367092132568,0.16715219616889954,-0.23445869982242584,0.5523189902305603,-2.319878578186035,0.07983942329883575
368,7.609607696533203,-5.676071643829346,2.728715181350708,4.599113941192627,0.06614446640014648,-0.052834272384643555,-6.430944442749023,-10.521997451782227,17.679641723632812,-61.18722152709961,0.44222259521484375,0.9289594888687134,-1.2085238695144653,-0.040463440120220184,-0.4375878572463989,-1.445996880531311,-1.5645818710327148,1.7333096265792847,2.0377886295318604,0.29505595564842224,-0.21193066239356995,0.0289267897605896,-2.148970365524292,0.05471529811620712
369,3.390758991241455,-0.689431369304657,2.4138343334198,2.601846694946289,0.17762339115142822,-0.2181854248046875,-4.926279067993164,-12.175840377807617,11.602688789367676,-44.16543197631836,6.946140766143799,1.9054036140441895,-0.483488529920578,0.2204718440771103,0.05966826155781746,-3.2210280895233154,-0.6049771308898926,1.15109384059906,2.159135341644287,0.2808176279067993,-0.2810831367969513,-0.18761005997657776,-2.009859323501587,0.34754478931427
370,8.886693000793457,1.512080192565918,-1.6085875034332275,8.035063743591309,0.09051036834716797,-0.07137179374694824,-14.338079452514648,-9.807210922241211,13.82367992401123,-38.53483963012695,12.2350435256958,4.193233489990234,0.1143384501338005,0.38155004382133484,-0.14520785212516785,-3.4106760025024414,-1.320252537727356,1.2032864093780518,2.085052728652954,0.3956071138381958,-0.34217697381973267,-0.33989688754081726,-1.9102908372879028,0.001422584056854248
371,21.308826446533203,9.858736991882324,-7.045835494995117,2.4156494140625,0.22859960794448853,-0.00015473365783691406,-23.903635025024414,-9.318830490112305,1.9035578966140747,-11.062005996704102,16.02945899963379,3.75077486038208,1.7901701927185059,0.38248980045318604,-0.6277053356170654,-7.637351989746094,-0.3605532646179199,1.7411202192306519,0.43569305539131165,0.06640616059303284,-0.24431212246418,1.8839919567108154,-0.6549509763717651,0.9206809997558594
372,75.2748031616211,28.57427978515625,-26.167510986328125,-70.52384185791016,-2.4819483757019043,10.408958435058594,-62.64439392089844,5.534541606903076,-6.546333312988281,-3.462360382080078,-0.09300756454467773,0.05989980697631836,1.9675158262252808,-0.5041823387145996,0.11218096315860748,0.6466519832611084,-2.322056293487549,-0.8018315434455872,-2.586146831512451,-0.18438690900802612,0.7701066136360168,8.616528511047363,2.081939458847046,2.9865775108337402
373,43.77156066894531,32.051513671875,-37.92898941040039,-72.01296997070312,5.655819892883301,4.348530292510986,-50.61041259765625,4.81072473526001,-4.286166191101074,-15.465343475341797,-1.1675976514816284,-0.30889463424682617,1.8725721836090088,-0.21583086252212524,0.22607046365737915,-0.001345376018434763,-1.9655308723449707,0.15112616121768951,-4.155828952789307,1.1932255029678345,1.8593883514404297,6.390674591064453,1.3565349578857422,2.0582895278930664
374,16.447370529174805,25.017772674560547,-33.551841735839844,-55.45989990234375,10.783912658691406,3.4656503200531006,-19.999500274658203,-11.032360076904297,3.8665218353271484,-18.276037216186523,-0.935499906539917,-0.302207887172699,2.2521228790283203,-0.17208895087242126,0.22750286757946014,-0.937182605266571,-1.5111329555511475,0.2922104001045227,-3.342977523803711,0.8374624848365784,1.8827424049377441,-0.6579506397247314,1.5895864963531494,0.5397550463676453
375,10.061841011047363,18.854583740234375,-27.47286605834961,-51.058807373046875,20.0,-2.8519463539123535,-7.510445594787598,-6.559922218322754,-2.0396862030029297,0.8762607574462891,-0.6265579462051392,-0.029522180557250977,2.9642748832702637,-0.27906087040901184,0.2815479636192322,-1.7182793617248535,-1.2867841720581055,0.4858745038509369,-2.3159291744232178,-0.5959454774856567,0.1775573194026947,-2.7133123874664307,-0.8692411780357361,-0.7739386558532715
376,-25.58466339111328,5.974791049957275,-16.779197692871094,-49.832008361816406,20.0,-6.228145122528076,14.705101013183594,8.00611686706543,-6.604165077209473,10.578232765197754,0.19491910934448242,0.10193276405334473,2.9291539192199707,-0.11360373347997665,0.1782924234867096,-2.170328378677368,-1.1849548816680908,0.22405590116977692,-1.4690899848937988,-0.6344577074050903,-1.2080882787704468,-3.0205237865448,-1.5721534490585327,-1.9195631742477417
377,-23.389713287353516,-5.538485050201416,-3.5685901641845703,-16.129404067993164,20.0,-5.5095319747924805,19.98868751525879,6.025712490081787,-0.5137805938720703,7.271967887878418,0.458285927772522,0.11605310440063477,1.980299711227417,-0.08012028783559799,0.06275942921638489,-0.8469359278678894,-0.572237491607666,-1.2330331802368164,-0.34497860074043274,-0.2476624846458435,-0.9391699433326721,-4.356564998626709,-0.014010291546583176,-2.488867998123169
378,-38.44790267944336,-3.3714005947113037,3.4221253395080566,-11.950248718261719,20.0,-5.105016708374023,45.880859375,-4.205158233642578,5.504856586456299,14.878178596496582,0.6579105854034424,0.19199562072753906,-0.42609262466430664,-0.19006171822547913,0.0825858861207962,3.3790910243988037,2.296255588531494,-1.4732716083526611,1.7322282791137695,-0.7671970725059509,-1.065995454788208,-5.029834270477295,0.9868296980857849,-1.929383635520935
379,-46.08394241333008,-2.4707136154174805,5.5274434089660645,-5.267005920410156,-0.5641617774963379,-0.017726898193359375,58.23676300048828,-14.905085563659668,18.574874877929688,-7.489058494567871,-14.732551574707031,-6.433707237243652,-2.576456308364868,0.28856348991394043,1.0984939336776733,8.328897476196289,2.8782219886779785,-2.5320792198181152,2.0607779026031494,-1.279613971710205,-0.87980055809021,-0.7845108509063721,7.63726806640625,-1.2571048736572266
380,-37.86463928222656,4.046175003051758,-3.4466333389282227,-17.679088592529297,-1.2577050924301147,0.3986138701438904,44.511627197265625,-17.68214225769043,28.992990493774414,-37.12846755981445,-19.98655128479004,-1.5040041208267212,-3.2966482639312744,0.30212530493736267,-0.38092708587646484,5.436869144439697,0.3512941896915436,-0.25321412086486816,1.3632798194885254,0.17389720678329468,-0.2067389339208603,1.6124951839447021,-2.8688297271728516,-0.05854851007461548
381,-1.2953872680664062,-4.731268405914307,2.049170970916748,-5.445944786071777,-0.18266475200653076,0.03297506272792816,-5.501850605010986,-10.941864967346191,25.444808959960938,-62.86713790893555,-12.53722095489502,0.39080360531806946,-3.3588006496429443,-0.29637736082077026,-0.6024964451789856,3.2122600078582764,0.7824695110321045,-0.05138188228011131,1.0935821533203125,-0.09243133664131165,-0.2424549013376236,1.3295080661773682,-2.6260690689086914,0.037649303674697876
382,-2.2357311248779297,-0.709963321685791,2.248262405395508,-2.8817200660705566,-0.22248315811157227,-0.013187766075134277,4.264017105102539,-17.144718170166016,24.71087646484375,-61.3777961730957,-9.591447830200195,-0.023418933153152466,-2.754891872406006,-0.031262412667274475,-0.05306775122880936,1.0989348888397217,0.8412337899208069,0.27448782324790955,1.5015246868133545,0.032932206988334656,-0.1525866985321045,0.8487701416015625,-2.501180648803711,0.1837221384048462
383,-0.39499473571777344,1.1201344728469849,0.05556833744049072,-1.0203948020935059,-0.3245064616203308,-0.005138278007507324,1.6624479293823242,-16.406232833862305,20.312131881713867,-61.46925354003906,-1.583622932434082,1.7395251989364624,-1.9840022325515747,0.27363383769989014,-0.09222288429737091,-1.1802548170089722,-0.1730181872844696,0.6962568759918213,2.0169546604156494,0.15652011334896088,-0.37150049209594727,0.16777069866657257,-2.2137060165405273,-0.0023264437913894653
384,10.93856430053711,-4.65972375869751,2.0773823261260986,3.515599250793457,-0.09172749519348145,-0.015864133834838867,-14.792585372924805,-9.256146430969238,16.097171783447266,-56.56538391113281,6.0536394119262695,1.9008500576019287,-0.7071128487586975,-0.0054627954959869385,-0.04092695564031601,-3.3475325107574463,-1.4547189474105835,1.6809959411621094,2.1879639625549316,0.20514200627803802,-0.25092756748199463,-0.2200612723827362,-1.9869667291641235,0.11189229041337967
385,5.381305694580078,-0.4011119604110718,0.24105635285377502,6.372363090515137,0.1939866542816162,-0.14958596229553223,-13.679082870483398,-5.702813148498535,9.919612884521484,-40.63550567626953,13.808354377746582,2.7173266410827637,-0.36261364817619324,0.38836726546287537,-0.07112400233745575,-4.130048751831055,-0.8830748200416565,1.5310271978378296,1.9615288972854614,0.5021120309829712,-0.34191709756851196,-0.49619174003601074,-1.7946566343307495,0.05125027894973755
386,21.758079528808594,5.275979042053223,-4.476393699645996,7.362682342529297,0.2717198133468628,-0.04611778259277344,-21.16613006591797,-5.137212753295898,2.6137497425079346,-16.248411178588867,18.358078002929688,5.811880111694336,1.2506263256072998,0.5034593939781189,-0.5760893225669861,-6.0678558349609375,-0.5429170727729797,2.0400311946868896,1.317455768585205,0.4629736840724945,-0.4624704122543335,0.7511197328567505,-0.7624459266662598,-0.8222341537475586
387,53.83013153076172,13.155807495117188,-16.95048713684082,-32.764793395996094,-18.14557647705078,11.400880813598633,-51.545310974121094,0.5811312794685364,-5.497314453125,-2.091463088989258,4.426660060882568,1.3521513938903809,1.7266039848327637,-0.382232666015625,0.0937098041176796,0.9875087141990662,-2.7894787788391113,1.498041033744812,-1.6173455715179443,-0.37954241037368774,0.19944404065608978,6.302337169647217,3.0456607341766357,3.0214576721191406
388,53.95290756225586,32.88431930541992,-38.52109146118164,-79.67938995361328,8.049469947814941,2.454322338104248,-58.94350051879883,6.205461025238037,-5.062644004821777,-9.207386016845703,-1.3464034795761108,-0.31415510177612305,1.7416837215423584,-0.3609122335910797,0.21634802222251892,0.12148793041706085,-2.013805389404297,0.33458411693573,-4.160145282745361,0.6079884171485901,1.69944167137146,7.67103385925293,0.0717562884092331,2.074305772781372
389,35.52920150756836,29.209461212158203,-40.992149353027344,-75.8387451171875,13.153902053833008,1.602271556854248,-36.623199462890625,-2.8704309463500977,-1.8360519409179688,-18.071796417236328,-0.8464308977127075,-0.23677337169647217,2.5579028129577637,-0.0636199563741684,0.21955570578575134,-1.1854524612426758,-1.4718074798583984,0.25644779205322266,-3.8786048889160156,1.103335976600647,1.7619836330413818,1.5335299968719482,0.8300423622131348,0.8922661542892456
390,2.8679656982421875,24.65461540222168,-29.6787166595459,-52.38187026977539,15.203657150268555,0.1074373722076416,-6.250896453857422,-12.3710355758667,3.3559250831604004,-3.911221504211426,-0.3993178606033325,-0.14982980489730835,2.8903541564941406,-0.3496747314929962,0.16558989882469177,-1.914530634880066,-1.1273573637008667,0.3292303681373596,-3.0821094512939453,-0.20802094042301178,1.0681174993515015,-1.7489491701126099,0.8718315362930298,-0.4809110462665558
391,-19.43585205078125,6.498220443725586,-18.134178161621094,-58.1572380065918,20.0,-3.8313353061676025,11.302098274230957,5.513881206512451,-6.170315742492676,5.622312545776367,-0.14661604166030884,0.062203407287597656,3.254894733428955,-0.2208603173494339,0.3011183738708496,-2.8187673091888428,-0.7831164598464966,0.110782690346241,-1.7027080059051514,-0.44582676887512207,-0.07476542890071869,-4.071671009063721,0.2292058914899826,-1.7394239902496338
392,-13.115012168884277,1.8855912685394287,-6.9975762367248535,-12.252443313598633,20.0,-4.758723258972168,11.186656951904297,4.935816764831543,-3.947927474975586,9.569304466247559,0.03973829746246338,0.19963479042053223,2.570495843887329,-0.1331106424331665,0.019601769745349884,-1.7915866374969482,-0.6884790658950806,-0.808284342288971,-1.0379105806350708,-0.5792406797409058,-1.2146661281585693,-3.799344062805176,-0.6413552761077881,-1.902846097946167
393,-25.445632934570312,-0.09194362163543701,-3.319169521331787,-13.698712348937988,20.0,-5.014509677886963,26.888385772705078,-2.969460964202881,4.54664421081543,10.479437828063965,0.483404278755188,0.10493278503417969,1.2891407012939453,-0.17599865794181824,0.07469111680984497,0.522082507610321,0.7641333341598511,-1.5493263006210327,0.29142165184020996,-0.8247057795524597,-1.0059030055999756,-4.472567081451416,0.6747264862060547,-2.002121925354004
394,-43.88311767578125,-3.8623061180114746,5.734499931335449,-6.091798782348633,11.156410217285156,-2.711482048034668,55.578304290771484,-9.506488800048828,10.375533103942871,15.756052017211914,0.6255452632904053,0.06732797622680664,-1.7203106880187988,0.013327108696103096,0.2728959918022156,5.990654468536377,4.598729133605957,-2.136505365371704,2.876680850982666,-1.0911262035369873,-0.6860785484313965,-5.974847316741943,1.408941388130188,-1.9260807037353516
395,-44.741180419921875,0.9668073654174805,0.40983152389526367,-11.659660339355469,-1.397334337234497,0.221946120262146,58.0601806640625,-16.616382598876953,23.55806541442871,-14.059820175170898,-16.772279739379883,-3.335707664489746,-3.497978687286377,0.5716115236282349,0.5133700966835022,7.8387227058410645,0.584893524646759,-1.016252875328064,1.6887450218200684,-1.05455482006073,-0.7740296125411987,-0.44535085558891296,5.809571266174316,0.5517699122428894
396,-7.283668518066406,-1.581883192062378,-1.286818027496338,-9.854902267456055,-0.3158071041107178,0.15072762966156006,5.381112575531006,-11.020845413208008,27.289287567138672,-52.28624725341797,-20.0,-3.1316349506378174,-3.5075247287750244,0.012209203094244003,-0.6221417188644409,5.277078151702881,1.2032884359359741,-0.6226730346679688,0.731069028377533,-0.09330432116985321,-0.13557524979114532,2.0094003677368164,-2.861891984939575,0.27927398681640625
397,-5.78470516204834,-10.841548919677734,8.435165405273438,-6.200813293457031,-0.45155858993530273,-0.023222744464874268,9.732675552368164,-8.716901779174805,19.53444480895996,-70.09130859375,-17.741744995117188,-0.5368754863739014,-2.867144823074341,-0.20619533956050873,0.22991923987865448,2.44299054145813,0.36866796016693115,-0.3076027035713196,1.3540011644363403,0.01614697277545929,0.0005093961954116821,1.2632380723953247,-2.70565128326416,0.4824391007423401
398,-5.4176836013793945,-7.009384632110596,4.869378089904785,-0.8441200256347656,-0.14679574966430664,0.004355907440185547,4.447807312011719,-6.62644100189209,16.78689193725586,-60.748321533203125,-12.374088287353516,-1.6940221786499023,-2.9570605754852295,-0.24291567504405975,0.5289731025695801,1.5168867111206055,0.5940645933151245,0.2629612982273102,1.5073633193969727,0.12425608932971954,-0.15426397323608398,0.832360029220581,-2.509340524673462,0.45935118198394775
399,10.565483093261719,2.023346424102783,-2.1076316833496094,-1.0669546127319336,-0.22710955142974854,0.008348524570465088,-14.702062606811523,-17.073328018188477,20.573814392089844,-65.97254943847656,-6.247190952301025,1.3487238883972168,-1.76738703250885,-0.3117862641811371,0.15378226339817047,-1.3758777379989624,-0.7058927416801453,0.31814759969711304,1.8464213609695435,0.13360929489135742,-0.2436777949333191,0.236027792096138,-2.262483835220337,-0.005860567092895508
400,6.004824161529541,-4.887860298156738,2.974858522415161,5.431407928466797,0.11231184005737305,-0.023568391799926758,-9.779478073120117,-10.861895561218262,15.056488037109375,-64.83850860595703,4.331620216369629,2.737539052963257,-1.011222004890442,-0.3350667357444763,0.1663731038570404,-2.4625041484832764,-0.6198539733886719,0.9012553095817566,2.110290050506592,0.32944241166114807,-0.33547186851501465,-0.44270753860473633,-1.9064009189605713,-0.06804783642292023
401,6.176984786987305,1.575799822807312,-0.6738013029098511,6.052070617675781,0.04200482368469238,-0.029671192169189453,-9.465364456176758,-15.07589340209961,13.771885871887207,-47.38134765625,11.489453315734863,3.147000789642334,-0.21074040234088898,0.09395584464073181,0.1772441864013672,-3.2834277153015137,-1.2405873537063599,1.7354998588562012,2.2239837646484375,0.569890022277832,-0.3587706685066223,-0.7647832632064819,-1.6823575496673584,0.19669485092163086
402,19.211889266967773,10.642716407775879,-8.106915473937988,4.22882080078125,0.20852375030517578,-0.03673553466796875,-25.201770782470703,-15.151223182678223,7.249528884887695,-21.112016677856445,16.736557006835938,4.131205081939697,1.1234346628189087,0.3607681393623352,-0.4976637065410614,-6.030659198760986,-0.9985416531562805,2.108745813369751,1.537540316581726,0.5732802748680115,-0.31228867173194885,-0.04342835396528244,-1.1037217378616333,-0.2201680839061737
403,38.0841064453125,13.855978012084961,-9.620323181152344,10.989154815673828,0.46538472175598145,-0.08954000473022461,-40.82286834716797,-4.00635290145874,-5.050747394561768,-5.488048553466797,10.741201400756836,3.033714532852173,2.9020280838012695,1.0073063373565674,-0.6782559752464294,-5.675532341003418,4.486484527587891,3.7780637741088867,-1.3313716650009155,0.06762462109327316,-0.4111833870410919,4.622600078582764,1.9222955703735352,1.4788188934326172
404,75.35790252685547,26.41001319885254,-32.80491638183594,-75.39322662353516,9.381641387939453,5.22367525100708,-65.6905746459961,10.416298866271973,-6.820762634277344,-5.285457611083984,-0.9733232855796814,-0.054793357849121094,1.702614188194275,-0.40704211592674255,0.21760812401771545,0.42633292078971863,-2.157992362976074,0.18894265592098236,-4.124466896057129,0.34396126866340637,1.7503244876861572,9.680782318115234,0.15955707430839539,2.9784576892852783
405,39.270896911621094,28.341411590576172,-39.139892578125,-57.54686737060547,15.308884620666504,2.10959529876709,-38.89131164550781,-2.3331422805786133,-0.7975263595581055,-23.2447509765625,-0.9024710655212402,-0.3715684413909912,2.185314655303955,-0.07278205454349518,0.05454880744218826,-0.582793653011322,-1.6844433546066284,0.1342962384223938,-3.9411232471466064,1.3126482963562012,2.263526678085327,2.4134445190429688,1.7873306274414062,1.3201416730880737
406,10.692047119140625,23.770612716674805,-34.11527633666992,-56.795005798339844,17.48573875427246,-0.032617926597595215,-11.279144287109375,-9.757122039794922,0.8864784240722656,-6.672090530395508,-0.7039555311203003,-0.16149258613586426,2.7046287059783936,-0.18853461742401123,0.003397144377231598,-1.5289331674575806,-1.316023349761963,0.35150009393692017,-2.9941792488098145,0.1315821409225464,1.21882164478302,-1.7945650815963745,0.9095749855041504,-0.11494206637144089
407,-0.8870697021484375,7.263256072998047,-16.855382919311523,-48.53282165527344,20.0,-5.209211349487305,-3.790132522583008,6.530550956726074,-8.391512870788574,4.460997581481934,-0.31569474935531616,0.047408342361450195,2.881680488586426,-0.09899759292602539,0.2071041762828827,-2.042243719100952,-1.038051962852478,0.3398206830024719,-2.591510772705078,-0.3367002308368683,-0.3521924614906311,-2.9536874294281006,0.006090568378567696,-1.7767937183380127
408,-22.920543670654297,4.242886543273926,-14.618244171142578,-38.32675552368164,20.0,-7.305720329284668,16.26097869873047,5.075498104095459,-2.750850200653076,9.081515312194824,0.14917069673538208,0.1614999771118164,2.8248484134674072,-0.08514432609081268,0.08593162894248962,-2.2996273040771484,-0.8878606557846069,0.0837365984916687,-1.4633281230926514,-0.2655225992202759,-0.8558975458145142,-3.8688650131225586,0.019113603979349136,-2.1653378009796143
409,-12.053808212280273,-4.414175510406494,-1.4532759189605713,-2.161895751953125,20.0,-4.9465107917785645,20.185989379882812,-1.6185345649719238,1.925262451171875,9.237895965576172,0.2707364857196808,0.17438411712646484,1.489084243774414,-0.14947718381881714,0.10391929745674133,0.6444112658500671,0.15395712852478027,-2.654378890991211,-0.229976624250412,-0.7835082411766052,-1.1867157220840454,-3.910560131072998,0.18687312304973602,-2.1224217414855957
410,-42.566410064697266,-4.087863445281982,2.942996025085449,-9.169775009155273,15.447096824645996,-3.671201229095459,53.931549072265625,-11.662516593933105,11.82614803314209,12.95068359375,0.564568281173706,0.05664873123168945,-1.3893892765045166,-0.3588974177837372,0.05148075893521309,5.648922443389893,4.251582145690918,-2.5228054523468018,2.580212116241455,-1.2723963260650635,-0.6712650656700134,-6.656614303588867,0.9824525117874146,-2.1373777389526367
411,-42.71786880493164,7.740414619445801,-2.795929431915283,-9.275859832763672,-1.1385769844055176,0.2761685848236084,55.305267333984375,-21.880393981933594,25.267427444458008,-7.459308624267578,-15.893281936645508,-14.693979263305664,-3.3985347747802734,0.6641952395439148,0.3445112109184265,9.155588150024414,1.4371616840362549,-1.5069347620010376,1.9506961107254028,-1.2232664823532104,-0.44601473212242126,-0.6779757142066956,5.184542179107666,5.296576499938965
412,-22.443532943725586,1.424574375152588,-1.418393850326538,-16.176950454711914,-0.8136589527130127,0.20628273487091064,25.282730102539062,-17.480270385742188,31.11784553527832,-42.60602569580078,-20.0,-4.159721374511719,-3.6397411823272705,0.43666064739227295,-0.24232307076454163,5.514403820037842,0.6985347867012024,-0.5649139881134033,1.3700377941131592,-0.3176165819168091,-0.0620492659509182,0.5273584723472595,2.3461551666259766,0.7461439371109009
413,8.321378707885742,-3.0281968116760254,0.6110755205154419,-4.56095027923584,-0.12204563617706299,0.050830841064453125,-8.837656021118164,-12.29804801940918,25.420719146728516,-72.35676574707031,-17.67557144165039,-3.6928532123565674,-2.7883081436157227,0.02162802964448929,-0.45743927359580994,2.6906304359436035,0.9120174646377563,-0.6253384351730347,0.9841822385787964,-0.25463610887527466,0.22310462594032288,1.9420613050460815,-3.0822441577911377,0.5875064134597778
414,-3.9600563049316406,-7.483846664428711,6.494225978851318,-4.421811103820801,-0.3621330261230469,0.04453933238983154,5.994021892547607,-5.270798683166504,8.876916885375977,-60.27923583984375,-11.146883010864258,-2.0991554260253906,-2.2648651599884033,0.3117179274559021,0.13634879887104034,0.09439541399478912,0.37996962666511536,0.6144441962242126,1.4279749393463135,-0.045426495373249054,-0.004835549741983414,1.2972904443740845,-2.7224342823028564,0.6245444416999817
415,-2.390676498413086,-4.293709754943848,2.8224036693573,0.06227874755859375,-0.33796656131744385,-0.043004512786865234,2.592538833618164,-10.251494407653809,11.88593578338623,-57.720458984375,-3.0818448066711426,-0.08931434154510498,-1.7841830253601074,0.23471781611442566,0.07847407460212708,-1.788872480392456,-1.0467807054519653,1.2117716073989868,1.816129446029663,0.0035380348563194275,-0.3007284998893738,0.6824625730514526,-2.448904275894165,0.23655346035957336
416,5.555605888366699,-1.3069639205932617,-0.04475277662277222,2.4713611602783203,0.039522647857666016,-0.07680010795593262,-5.40394401550293,-8.445682525634766,10.752007484436035,-51.578575134277344,3.1366021633148193,2.7406442165374756,-0.5674359798431396,0.3894217014312744,-0.19498911499977112,-4.059932708740234,-0.9266303181648254,1.4437828063964844,2.2221813201904297,0.2691093683242798,-0.44671913981437683,0.14577731490135193,-2.131476879119873,0.12390735000371933
417,9.582853317260742,0.6294106245040894,-1.02644944190979,8.054618835449219,0.06442022323608398,-0.07340860366821289,-12.294729232788086,-13.819180488586426,9.28593635559082,-43.63916015625,12.314908027648926,2.758172035217285,0.42882925271987915,0.16312344372272491,-0.746130108833313,-5.152462959289551,-1.578326940536499,1.846186876296997,2.5024361610412598,0.2701978385448456,-0.606785237789154,-0.1907375156879425,-2.150320053100586,0.19677072763442993
418,28.6617374420166,2.709398031234741,-2.7340831756591797,10.995927810668945,0.349639892578125,-0.0660562515258789,-36.80256652832031,3.342914581298828,-3.7108922004699707,-19.62169647216797,11.90127182006836,3.807361364364624,1.7800567150115967,0.4958634674549103,-1.0066131353378296,-6.180975437164307,-2.23823881149292,2.6945724487304688,1.163598895072937,0.699813723564148,-0.15511080622673035,1.0345276594161987,-1.3102291822433472,1.0627020597457886
419,64.50672912597656,22.7064208984375,-29.528709411621094,-86.9734115600586,-0.8759844303131104,7.20688009262085,-65.06037902832031,8.670955657958984,-10.53750228881836,-0.3296318054199219,-0.04311251640319824,0.1289811134338379,1.6993165016174316,0.31192630529403687,0.4607466459274292,1.1120703220367432,-2.8773279190063477,2.0505099296569824,-2.438610553741455,0.09540706872940063,-0.12737786769866943,8.5796480178833,1.2808173894882202,3.2363202571868896
420,42.81643295288086,23.9633846282959,-32.15980529785156,-79.40388488769531,10.110713958740234,4.852705478668213,-50.81706237792969,8.468750953674316,-4.379209041595459,-14.926164627075195,-1.0270365476608276,-0.39673495292663574,1.7675976753234863,-0.20077601075172424,0.28062117099761963,-0.004150388762354851,-1.914600133895874,0.1534620076417923,-4.2334184646606445,1.6010332107543945,1.8857659101486206,6.818143844604492,0.9859393239021301,1.4890754222869873
421,18.961214065551758,26.536115646362305,-38.159297943115234,-69.06849670410156,13.092917442321777,1.5228586196899414,-22.545272827148438,-11.562845230102539,3.35007381439209,-18.22148323059082,-0.8403422832489014,-0.24120816588401794,2.3946049213409424,-0.19922517240047455,0.2503677010536194,-1.2121219635009766,-1.3969488143920898,0.5011553168296814,-3.2533679008483887,1.1063607931137085,1.5718938112258911,-0.2636655271053314,1.8216294050216675,0.061916109174489975
422,-0.6920604705810547,20.061269760131836,-25.443647384643555,-66.84474182128906,19.061012268066406,-4.005914688110352,-4.633975028991699,-2.5046517848968506,-3.216524600982666,1.6232824325561523,-0.6202297210693359,-0.022223472595214844,2.8586344718933105,-0.3604322373867035,0.17758920788764954,-2.177537441253662,-1.0296075344085693,0.46494221687316895,-2.3878555297851562,0.17433032393455505,0.2885991632938385,-2.2674002647399902,-0.8592948317527771,-1.6648292541503906
423,-26.136520385742188,11.316489219665527,-16.806440353393555,-50.58717346191406,20.0,-7.652524471282959,19.168027877807617,-5.241418838500977,0.6326298713684082,7.391963005065918,0.1860513687133789,0.16394829750061035,3.1728782653808594,-0.41568830609321594,0.2936747968196869,-2.947031021118164,-0.7570345401763916,0.4252455234527588,-0.7521789073944092,-0.747147262096405,-0.6935620307922363,-4.233938217163086,-1.0807216167449951,-1.8763501644134521
424,-23.48944854736328,-5.34878396987915,0.11891841888427734,-8.415094375610352,20.0,-5.416683197021484,24.43767547607422,3.688157081604004,-0.7018575668334961,9.250823974609375,0.4625777006149292,0.11526632308959961,1.4223397970199585,-0.20490604639053345,0.18804898858070374,-0.022386804223060608,0.6970292329788208,-1.3234527111053467,0.6102562546730042,-0.7327249646186829,-1.2020485401153564,-5.445292949676514,0.2602798342704773,-2.854374885559082
425,-40.777225494384766,-6.841296195983887,9.235761642456055,-3.2584266662597656,8.194463729858398,-2.454017162322998,51.58305740356445,-6.8567657470703125,8.500927925109863,16.896738052368164,0.700998067855835,0.18752431869506836,-1.2079187631607056,-0.10505501180887222,0.6572552919387817,4.955718517303467,4.238513946533203,-2.3169121742248535,2.850388288497925,-0.9310973286628723,-0.7477093935012817,-5.76231050491333,1.022323727607727,-2.1073784828186035
426,-37.298309326171875,3.5207607746124268,-0.04178440570831299,-8.23291015625,-1.0968594551086426,0.20406460762023926,35.65125274658203,-9.486221313476562,16.35110092163086,-19.371864318847656,-16.876644134521484,-6.564700126647949,-3.5836548805236816,0.35776466131210327,0.4044736921787262,8.222984313964844,1.3698312044143677,-1.9291781187057495,1.9025193452835083,-0.8478273749351501,-0.17133286595344543,-0.6907340884208679,5.451048851013184,1.9033162593841553
427,-14.835315704345703,-8.573495864868164,5.362218856811523,-12.888992309570312,-0.6634964942932129,0.17206919193267822,19.646394729614258,-9.278342247009277,17.946468353271484,-43.67213821411133,-20.0,-5.936923503875732,-3.0233168601989746,-0.015352712012827396,0.5768018960952759,4.906300067901611,0.4900262951850891,-0.8267770409584045,1.131892442703247,-0.046160317957401276,0.29944267868995667,1.6221065521240234,-3.117441415786743,1.0520020723342896
428,-6.724126815795898,-3.9254376888275146,0.6952782869338989,-7.008052825927734,-0.3082469701766968,0.14763572812080383,5.445680141448975,-9.788914680480957,19.901901245117188,-61.865562438964844,-11.876874923706055,-1.7773644924163818,-2.7281131744384766,-0.2965616285800934,-0.010080195963382721,2.1904354095458984,0.6491265892982483,0.24616128206253052,1.37070631980896,-0.0028580278158187866,-0.0007665529847145081,1.050171136856079,-2.513805627822876,0.4569026827812195
429,-5.224647521972656,-2.017096757888794,1.870307207107544,-4.810014247894287,-0.44823992252349854,0.013530731201171875,3.696925640106201,-8.624515533447266,11.843683242797852,-52.43696212768555,-3.786923408508301,-0.6816818714141846,-2.3513200283050537,-0.035995014011859894,-0.08276067674160004,-0.42589467763900757,-0.6283714175224304,1.1297130584716797,1.6697765588760376,0.2539671063423157,-0.2266617864370346,0.4781574010848999,-2.2467947006225586,0.2199142575263977
430,4.115475654602051,-0.07243931293487549,0.3411462903022766,2.077983856201172,-0.025685906410217285,-0.09555268287658691,-8.656076431274414,-15.302128791809082,18.81691551208496,-55.79788589477539,2.211108684539795,0.7655192613601685,-1.722193956375122,-0.09599639475345612,-0.1573970764875412,-2.198376178741455,-0.8163618445396423,1.1541073322296143,1.7911170721054077,0.21763688325881958,-0.31368961930274963,0.06760799884796143,-2.0578882694244385,-0.07006695866584778
431,11.759833335876465,3.4647908210754395,-2.1196999549865723,3.035125732421875,-0.07626867294311523,-0.04276275634765625,-15.367532730102539,-15.041446685791016,11.882634162902832,-44.930301666259766,9.241720199584961,1.968828797340393,-0.2895130515098572,0.08796458691358566,-0.2918340265750885,-4.8954644203186035,-2.051262378692627,1.7694708108901978,1.9851099252700806,0.28160908818244934,-0.2712126076221466,-0.22823286056518555,-1.9582165479660034,0.3534870743751526
432,21.377445220947266,5.043218612670898,-3.9846062660217285,8.144805908203125,0.4663432836532593,-0.05963897705078125,-25.288774490356445,-5.144575595855713,-3.707472324371338,-17.425464630126953,14.596397399902344,4.404998302459717,0.9308869242668152,0.3660690188407898,-0.869886040687561,-6.463191986083984,-0.6670369505882263,2.463369369506836,1.2199500799179077,0.3723675012588501,-0.5126453042030334,0.8467307686805725,-1.146924376487732,-0.3362976908683777
433,41.52914810180664,11.267965316772461,-16.58521842956543,-26.8153076171875,-18.870019912719727,4.483827590942383,-43.484222412109375,-4.784297466278076,-4.816269874572754,-9.47357177734375,8.520308494567871,2.626613140106201,2.1006276607513428,0.7785636782646179,0.1978122889995575,-1.5511165857315063,8.561880111694336,-0.015616357326507568,-0.6708293557167053,-0.13730724155902863,-0.29894697666168213,4.553768634796143,1.28267502784729,2.077617645263672
434,41.835079193115234,22.399370193481445,-26.274595260620117,-82.02393341064453,4.083244323730469,4.776151657104492,-48.52742385864258,9.967019081115723,-6.733904838562012,-4.952156066894531,-0.7790992259979248,-0.11552190780639648,1.5091606378555298,-0.2364341765642166,0.35534244775772095,0.5066103935241699,-2.1903650760650635,0.2475077509880066,-3.270603895187378,0.3373619616031647,1.412579894065857,7.274545669555664,0.21452824771404266,2.822751760482788
435,32.374664306640625,38.3342170715332,-43.17232131958008,-74.98101043701172,6.5334153175354,3.449838161468506,-34.677040100097656,-7.06387186050415,2.103398323059082,-14.463357925415039,-0.5222253799438477,-0.4070615768432617,2.1386590003967285,-0.16078488528728485,0.2790246605873108,-0.5826651453971863,-1.741368055343628,0.4053348898887634,-3.2595767974853516,0.6751915812492371,1.9186887741088867,2.958359479904175,2.732849597930908,0.5446374416351318
436,26.95025634765625,18.81123161315918,-31.173927307128906,-67.14887237548828,20.0,-1.0725053548812866,-29.42623519897461,6.069202423095703,-8.79413890838623,-5.424938201904297,-1.0889339447021484,0.030277907848358154,2.5321531295776367,-0.1959366500377655,0.19660413265228271,-1.456889271736145,-1.2752610445022583,0.3591054677963257,-3.546004295349121,0.33227506279945374,0.4856530427932739,1.0648010969161987,-0.5634528994560242,-0.25258007645606995
437,-15.474846839904785,17.694517135620117,-26.51910972595215,-65.64437103271484,19.461963653564453,-2.1281421184539795,5.903042793273926,-4.274234771728516,0.5286546349525452,-3.3917922973632812,-0.036211252212524414,-0.011905431747436523,2.9180808067321777,-0.1360446661710739,0.197495698928833,-2.6673972606658936,-0.8382734060287476,0.12769657373428345,-2.0171165466308594,-0.11225180327892303,-0.1871846318244934,-4.118204593658447,1.4718005657196045,-1.1600375175476074
438,-17.485429763793945,5.999220371246338,-12.812520027160645,-28.357398986816406,20.0,-7.642241477966309,16.88036346435547,-2.1425938606262207,0.9297993183135986,11.452131271362305,-0.19803166389465332,0.12452423572540283,3.1227705478668213,-0.4388269782066345,0.0047904253005981445,-2.872349500656128,-0.8488413691520691,-0.19438911974430084,-0.6521589159965515,-0.8876628279685974,-0.826565146446228,-3.7293031215667725,-1.8754140138626099,-0.9693275690078735
439,-20.117408752441406,-1.2213306427001953,-3.267350196838379,-10.768232345581055,20.0,-5.004923343658447,15.816106796264648,6.213733673095703,-2.012449264526367,9.066346168518066,0.5920447111129761,0.04278421401977539,1.5527042150497437,-0.036375463008880615,0.13818565011024475,-0.44709882140159607,0.23350277543067932,-0.9878836870193481,-0.17168651521205902,-0.40352046489715576,-1.132634162902832,-4.0694098472595215,0.6417140960693359,-2.0246267318725586
440,-27.13644790649414,-3.5136778354644775,4.949113845825195,-2.8329410552978516,18.017375946044922,-4.359339714050293,40.82167434692383,-10.239521026611328,10.122701644897461,12.027091979980469,0.49797654151916504,0.06308746337890625,-0.7901060581207275,-0.27558624744415283,0.4832148253917694,4.469358444213867,3.594226121902466,-1.607474684715271,1.9066708087921143,-1.0411715507507324,-0.5130380988121033,-4.942490577697754,1.4598177671432495,-1.9927438497543335
441,-40.60731506347656,1.8486589193344116,1.981794834136963,-6.8021392822265625,-0.8794558048248291,0.054457664489746094,46.76668167114258,-12.932295799255371,17.340984344482422,-6.719749450683594,-12.722847938537598,-5.87352180480957,-3.035546064376831,0.43104737997055054,0.8689404129981995,8.778767585754395,2.1122374534606934,-2.4301438331604004,1.8166358470916748,-1.265790343284607,-0.776492714881897,-1.4661428928375244,8.332938194274902,0.051799893379211426
442,-16.52249526977539,2.864455461502075,-3.3481998443603516,-13.726272583007812,-0.791297197341919,0.2912750244140625,12.446935653686523,-16.201406478881836,26.1076602935791,-40.808372497558594,-20.0,-6.20609188079834,-3.419743299484253,0.2377663552761078,-0.17110787332057953,6.234844207763672,0.999715268611908,-1.801187515258789,0.5749087333679199,0.027756191790103912,0.17822635173797607,1.8564422130584717,-2.906083345413208,0.4247024357318878
443,-7.063543319702148,-2.5192008018493652,1.3621350526809692,-11.70357608795166,-0.49237751960754395,0.24477139115333557,14.099921226501465,-8.292201042175293,16.32864761352539,-45.318172454833984,-15.221366882324219,-3.999674081802368,-2.3139827251434326,-0.014366167597472668,-0.5272833108901978,2.1398394107818604,0.6792355179786682,-0.1734260469675064,1.278793215751648,-0.09958188980817795,-0.010803017765283585,1.5738497972488403,-2.8530051708221436,0.7195780277252197
444,-9.464893341064453,-4.22726583480835,4.10774040222168,-3.5742135047912598,-0.45209556818008423,0.03663897514343262,4.002167701721191,-12.335280418395996,17.213212966918945,-57.91206359863281,-9.640945434570312,-1.2602221965789795,-2.5822768211364746,-0.003080216236412525,-0.15481258928775787,0.27717071771621704,-0.4960317313671112,1.0401781797409058,1.25276517868042,-0.055574819445610046,-0.1015269011259079,1.1119728088378906,-2.6151206493377686,0.41708964109420776
445,7.309501647949219,-3.7963438034057617,0.7895865440368652,2.695040225982666,0.11758598685264587,-0.07280981540679932,-9.723505020141602,-2.2495832443237305,14.242615699768066,-62.08666229248047,-7.730538368225098,-1.489967703819275,-1.6661139726638794,0.05447456240653992,-0.7368810772895813,-0.9040533304214478,-0.219624325633049,0.973371684551239,1.6661477088928223,0.2988662123680115,-0.32620108127593994,0.5187014937400818,-2.374645471572876,0.2573831081390381
446,4.294094562530518,-5.033986568450928,5.208005428314209,4.418364524841309,-0.05146777629852295,-0.13771414756774902,-13.953882217407227,-11.919790267944336,14.167760848999023,-62.842803955078125,0.557544469833374,0.9053784608840942,-1.5029670000076294,0.03694865480065346,-0.13865038752555847,-1.8037844896316528,-0.9220046997070312,1.1635569334030151,1.5247490406036377,0.28807058930397034,-0.3835548758506775,0.12107206881046295,-2.132272958755493,0.018633157014846802
447,7.428597450256348,-3.917501211166382,3.1023757457733154,3.836915969848633,0.050592899322509766,-0.07883262634277344,-6.684453010559082,-7.882373809814453,9.440564155578613,-50.56492233276367,13.866348266601562,1.9017317295074463,-0.19146494567394257,0.032814353704452515,0.028240015730261803,-3.8351809978485107,-1.2032971382141113,2.116880416870117,2.0388920307159424,0.34624576568603516,-0.5069414377212524,-0.389165461063385,-1.9336856603622437,0.33206790685653687
448,22.83945083618164,6.034964084625244,-4.623546600341797,7.555454254150391,0.26348280906677246,-0.15300941467285156,-29.162134170532227,-12.981204986572266,9.048309326171875,-26.6151065826416,14.959512710571289,3.3521885871887207,1.441713571548462,0.09595456719398499,-0.14538808166980743,-5.94519567489624,-1.4138941764831543,1.6954630613327026,1.7959675788879395,0.28814756870269775,-0.17973268032073975,0.02073320932686329,-2.088155508041382,1.117472767829895
449,33.05785369873047,11.280466079711914,-12.889799118041992,-15.852649688720703,-14.406472206115723,6.569236755371094,-36.386138916015625,7.505739212036133,-13.623266220092773,0.6796436309814453,11.914965629577637,3.2717888355255127,0.8769136667251587,0.19555792212486267,-0.466894268989563,1.3398778438568115,-2.126399278640747,-1.2654931545257568,-1.3986634016036987,0.1670832633972168,-0.20270179212093353,4.898686408996582,2.258737802505493,0.3239026367664337
450,75.95328521728516,25.28096580505371,-34.40010070800781,-82.63605499267578,16.576875686645508,2.7906551361083984,-72.3955078125,16.84823989868164,-12.839151382446289,-5.6327972412109375,-1.0797094106674194,0.1287059783935547,1.5676686763763428,-0.1553429365158081,0.13652150332927704,0.1775800883769989,-2.0429115295410156,0.1338738203048706,-4.610678672790527,1.0240483283996582,1.079938530921936,9.194755554199219,1.0234514474868774,1.91594660282135
451,28.556346893310547,25.057538986206055,-36.47505569458008,-66.34211730957031,15.268280029296875,1.5640196800231934,-30.798320770263672,-7.063083648681641,3.664902687072754,-22.170167922973633,-0.8947055339813232,-0.3054145574569702,2.1506521701812744,-0.15211930871009827,0.1552448570728302,-1.05547297000885,-1.4482674598693848,0.22795788943767548,-4.095914363861084,1.5222505331039429,2.0766587257385254,1.8053590059280396,2.3193323612213135,0.8071720600128174
452,18.51410675048828,16.772716522216797,-27.343801498413086,-59.33510971069336,20.0,-2.031304359436035,-17.35426902770996,-4.675065994262695,-4.349318504333496,-7.272394180297852,-0.7726337909698486,-0.043134093284606934,2.908637285232544,-0.10326920449733734,0.3923470377922058,-2.1312029361724854,-1.001747488975525,0.298370897769928,-3.2368059158325195,0.4372050166130066,0.46999257802963257,-2.625264883041382,2.167032480239868,-0.5574986934661865
453,-4.487130165100098,9.442281723022461,-18.532649993896484,-42.37225341796875,20.0,-4.546736717224121,1.6776542663574219,-0.625204861164093,-1.97670578956604,6.26548957824707,-0.3853018283843994,0.025956392288208008,3.167780876159668,-0.33755409717559814,0.46975934505462646,-2.646458864212036,-0.7944707870483398,0.4521124064922333,-2.4975123405456543,-0.22455774247646332,-0.2526393234729767,-3.356050968170166,0.6363799571990967,-1.8168444633483887
454,-23.252365112304688,6.258425235748291,-13.112902641296387,-21.08397102355957,20.0,-5.051772117614746,18.21200180053711,-0.37212955951690674,0.31067848205566406,8.222824096679688,-0.04323381185531616,0.14973735809326172,2.6038856506347656,-0.0794791579246521,0.17507001757621765,-1.9398614168167114,-0.84967041015625,-1.9908522367477417,-1.3036497831344604,-0.30102860927581787,-0.9074211120605469,-4.75626277923584,-0.3454231023788452,-2.104969024658203
455,-34.957122802734375,-8.920110702514648,1.2580828666687012,-9.854324340820312,20.0,-4.497453689575195,41.30607604980469,-1.6157536506652832,3.674923896789551,15.190217018127441,0.7332932949066162,0.13280582427978516,0.3754235804080963,-0.5459606051445007,0.32978466153144836,2.2397565841674805,1.922823190689087,-1.931198000907898,0.3802075982093811,-0.954095721244812,-0.9946074485778809,-4.580222129821777,1.2010043859481812,-2.3177106380462646
456,-54.561553955078125,0.5436321496963501,2.806903839111328,-6.113142013549805,2.377385139465332,-0.5156302452087402,72.36482238769531,-18.519351959228516,17.182579040527344,19.188186645507812,0.8292288780212402,0.03321075439453125,-2.265471935272217,-0.03354603797197342,0.9417597055435181,7.299482345581055,6.495503902435303,-2.4362094402313232,4.008574962615967,-1.472811222076416,-0.40216076374053955,-6.453335762023926,2.1711695194244385,-2.1757185459136963
457,-41.763397216796875,10.132160186767578,-6.897342205047607,-15.62828254699707,-1.7912483215332031,0.392956018447876,46.10572052001953,-16.08918571472168,21.87061882019043,-19.13536834716797,-16.936609268188477,-11.139885902404785,-4.058695316314697,1.1333473920822144,-0.7582891583442688,7.32596492767334,1.2482606172561646,-0.7050306797027588,1.0739465951919556,0.4458431005477905,-0.4533471465110779,1.748253345489502,-2.852644920349121,-0.16162005066871643
458,-16.29954719543457,-7.58191442489624,5.691915035247803,-11.581475257873535,-0.6876763105392456,0.05335678160190582,27.530662536621094,-20.078018188476562,30.096147537231445,-43.79848861694336,-6.071852684020996,-3.098344087600708,-3.7257323265075684,0.07124903798103333,-0.33929443359375,3.6512155532836914,0.36759549379348755,0.1168183907866478,1.3772176504135132,-0.11123092472553253,-0.08304911851882935,1.6672580242156982,-2.946268081665039,0.3895542025566101
459,-7.506568908691406,1.5119105577468872,-0.09489178657531738,-6.695550918579102,-0.385812371969223,-0.0016039013862609863,10.764641761779785,-17.569948196411133,23.335559844970703,-48.022735595703125,-4.789594650268555,-0.9481934309005737,-3.4547879695892334,0.3190824091434479,-0.274534672498703,0.6456331014633179,0.16230857372283936,0.2667542099952698,1.6465091705322266,-0.0334605872631073,-0.1384163498878479,1.2219932079315186,-2.792410135269165,0.2255614995956421
460,9.65533447265625,-5.654447078704834,2.810145139694214,3.4532833099365234,0.07134723663330078,-0.0024400949478149414,-10.699958801269531,-8.114590644836426,19.222665786743164,-58.87261199951172,-1.279458999633789,-1.4525902271270752,-2.6820554733276367,-0.016320057213306427,-0.3442806005477905,-0.6159397959709167,0.5176498889923096,0.910641074180603,1.8403079509735107,-0.01010073721408844,-0.15159904956817627,0.8268671035766602,-2.648913860321045,0.10169843584299088
461,17.40241241455078,-0.026181340217590332,0.5356333255767822,2.177043914794922,-0.19058632850646973,-0.08527421951293945,-19.28582000732422,-8.269973754882812,12.332324981689453,-59.38778305053711,6.2566375732421875,1.2985984086990356,-0.9153702855110168,0.31442025303840637,-0.28804606199264526,-3.6566061973571777,-1.2481670379638672,0.9355889558792114,2.3625614643096924,0.18046200275421143,-0.2951427698135376,0.06990350782871246,-2.3857271671295166,-0.015648290514945984
462,10.456095695495605,-1.836012840270996,1.1462626457214355,8.074012756347656,0.20502972602844238,-0.060328006744384766,-16.499223709106445,-10.343469619750977,9.081206321716309,-44.35987854003906,15.477960586547852,2.5559537410736084,-0.1931922286748886,0.44239041209220886,-0.2350747138261795,-4.546014785766602,-1.008143663406372,1.4275543689727783,2.2609970569610596,0.35906025767326355,-0.3185422420501709,-0.2110237330198288,-2.1845765113830566,0.1264890730381012
463,21.074420928955078,5.550471305847168,-4.1413068771362305,9.594579696655273,0.21273326873779297,-0.02798938751220703,-23.464834213256836,-12.761699676513672,4.470391273498535,-24.07857322692871,20.0,5.215090274810791,1.1245914697647095,0.540860116481781,-0.637588620185852,-5.738735675811768,-1.5793505907058716,2.1572394371032715,1.848971962928772,0.3590254783630371,-0.3574969172477722,0.4565849006175995,-1.7257144451141357,-0.0406358540058136
464,60.17428207397461,21.38865089416504,-16.422719955444336,-58.03544235229492,9.495077133178711,1.5345206260681152,-56.20318603515625,9.245786666870117,-13.998575210571289,-3.486104965209961,9.662847518920898,3.2248668670654297,1.897212028503418,-0.10746807605028152,0.07562217116355896,0.8121625185012817,-2.430215358734131,0.04688912630081177,-1.3349944353103638,-0.4484606087207794,-0.0690518468618393,5.735595703125,3.264287233352661,1.7464110851287842
465,61.60807800292969,35.0334358215332,-33.990169525146484,-70.96343994140625,13.239458084106445,2.4389078617095947,-62.94939422607422,5.434866905212402,-6.477622032165527,-9.293771743774414,-1.3606901168823242,-0.09221887588500977,2.1435160636901855,-0.11508999764919281,0.48991072177886963,-0.11752840876579285,-2.050036668777466,0.13252514600753784,-4.288923740386963,0.6350993514060974,1.4672133922576904,7.526141166687012,0.7667384147644043,2.439185857772827
466,39.48059844970703,36.42560958862305,-42.894325256347656,-62.8511962890625,13.429220199584961,0.4363785982131958,-37.905731201171875,-13.35518741607666,5.473690032958984,-17.36514663696289,-0.8468501567840576,-0.3764970302581787,2.708428144454956,-0.2613564133644104,0.40782496333122253,-1.152664065361023,-1.5965991020202637,0.4705030918121338,-4.320291996002197,0.3315170705318451,1.940268635749817,2.587812900543213,1.667087197303772,0.6484768390655518
467,2.7192115783691406,16.8189697265625,-28.38501739501953,-64.198974609375,19.93245506286621,-0.6272867321968079,-5.979211807250977,-2.053628444671631,-1.7151036262512207,-6.164968013763428,-0.6078630685806274,-0.10460543632507324,3.186422824859619,-0.4069333076477051,0.27209359407424927,-2.208705425262451,-1.091909408569336,0.4032033681869507,-3.1652743816375732,-0.15311141312122345,1.3663806915283203,-1.9969013929367065,1.1613925695419312,-0.7636356949806213
468,-14.473857879638672,2.0495834350585938,-17.22620391845703,-53.109676361083984,20.0,-5.4329705238342285,5.899960041046143,12.027036666870117,-11.010933876037598,5.54307746887207,-0.26205605268478394,0.14717411994934082,3.2454137802124023,-0.009381085634231567,0.2862410545349121,-2.7077906131744385,-0.7120091915130615,0.07795539498329163,-2.162667751312256,0.14481985569000244,-0.22525139153003693,-4.0427632331848145,0.26729410886764526,-1.8398065567016602
469,-14.49862289428711,-2.758716583251953,-7.324509143829346,-19.093563079833984,20.0,-5.993672847747803,13.84101676940918,1.8645026683807373,-2.8761239051818848,9.307597160339355,0.1313982605934143,0.2182941436767578,3.1992454528808594,-0.036916881799697876,0.3336830139160156,-2.4360504150390625,-0.7622801065444946,-1.0546104907989502,-1.1079378128051758,-0.3733927309513092,-1.2715989351272583,-4.4286112785339355,0.3872177004814148,-1.7871692180633545
470,-34.727020263671875,-3.527935743331909,1.9194567203521729,-12.437323570251465,20.0,-5.4452056884765625,40.151512145996094,-4.491128444671631,6.608752250671387,13.77401065826416,0.3547245264053345,0.06327390670776367,1.6751537322998047,-0.32345080375671387,0.37881213426589966,0.5709431171417236,1.1766438484191895,-1.7480968236923218,0.9409475922584534,-0.7596777677536011,-0.6473684310913086,-4.937916278839111,-0.5640674829483032,-1.920722484588623
471,-55.032554626464844,-5.488925933837891,6.856306552886963,-5.260734558105469,6.250025749206543,-1.4765310287475586,62.90591812133789,-9.808943748474121,9.781414031982422,19.649032592773438,1.1381964683532715,0.1151275634765625,-2.1391701698303223,0.15021830797195435,0.952889621257782,6.634707927703857,5.756044864654541,-2.1118643283843994,3.213843584060669,-1.2347272634506226,-0.8550447821617126,-5.479661464691162,2.501211166381836,-1.2119159698486328
472,-37.538021087646484,2.131321907043457,-2.5388052463531494,-11.126747131347656,-1.5790011882781982,0.2548379898071289,49.27197265625,-16.89079475402832,22.473344802856445,-14.222718238830566,-17.10799789428711,-15.518794059753418,-3.907334804534912,0.20529265701770782,0.2458786964416504,8.292431831359863,0.443536639213562,-1.2286009788513184,1.4954687356948853,-1.0941132307052612,-0.5181183218955994,-0.3146675229072571,6.218579292297363,-0.08319985866546631
473,-11.499883651733398,-2.40983510017395,0.7337058782577515,-13.715832710266113,-0.3867814540863037,0.13449335098266602,19.203521728515625,-6.4509382247924805,18.77451515197754,-39.90036392211914,-19.92719078063965,-6.136083602905273,-3.2146100997924805,0.03010942041873932,-0.3364967703819275,4.451108455657959,1.3124840259552002,-0.9491596817970276,1.1529858112335205,-0.08392691612243652,0.07992102950811386,2.13651967048645,-3.335322380065918,0.9487721920013428
474,-14.176671981811523,-3.4245526790618896,2.9259755611419678,-6.701208114624023,-0.6281421184539795,0.13169413805007935,17.47758674621582,-17.770095825195312,23.847822189331055,-55.37969970703125,-7.9520440101623535,-1.2690589427947998,-3.539365291595459,-0.12438970804214478,-0.24703918397426605,2.2263033390045166,-0.06188816949725151,0.4410936236381531,1.2787423133850098,-0.07784426957368851,-0.022285453975200653,1.6050254106521606,-2.851749897003174,0.3559231460094452
475,4.229864120483398,-10.811203002929688,7.372547149658203,-0.8186330795288086,-0.11222660541534424,-0.1256791055202484,-4.853207588195801,-3.2389867305755615,17.04385757446289,-67.35470581054688,-7.939936637878418,-0.3864665627479553,-2.754075288772583,-0.5161252021789551,0.44198599457740784,-0.21073223650455475,-0.2843868136405945,0.20210151374340057,1.5921440124511719,-0.09908437728881836,0.05579407513141632,0.9644525051116943,-2.6160857677459717,0.2967981696128845
476,6.876561641693115,3.2863149642944336,-3.4036481380462646,2.3737096786499023,0.07324248552322388,0.10946202278137207,-10.579174041748047,-9.872160911560059,14.459672927856445,-57.38033676147461,-2.8816423416137695,-0.2232109159231186,-2.149939775466919,-0.13343919813632965,-0.5123229622840881,-1.5779378414154053,0.25905558466911316,1.5396931171417236,1.8281641006469727,0.28323355317115784,-0.3173718750476837,0.3726873993873596,-2.3170411586761475,0.02408657968044281
477,15.138266563415527,-0.4281628727912903,2.1898388862609863,6.787505149841309,0.033565521240234375,-0.19957828521728516,-14.339405059814453,-11.852201461791992,13.965106964111328,-54.87619400024414,3.868342399597168,1.0507991313934326,-0.6842367649078369,0.048575010150671005,-0.03982086107134819,-2.6578361988067627,-0.7810637354850769,1.0285305976867676,2.3728432655334473,0.21210813522338867,-0.42224010825157166,-0.04606051743030548,-2.2957820892333984,-0.042844176292419434
478,9.64256763458252,1.1250154972076416,-1.1851880550384521,5.392209053039551,0.07255220413208008,-0.006969451904296875,-14.48678207397461,-9.852935791015625,4.932074069976807,-36.90309524536133,15.878796577453613,3.9206125736236572,0.09145301580429077,0.43741345405578613,-0.27149537205696106,-3.8195056915283203,-1.3028446435928345,2.145875930786133,2.2905821800231934,0.5803849101066589,-0.47388797998428345,-0.31884971261024475,-2.046729803085327,-0.015747517347335815
479,19.19896697998047,1.785599946975708,-1.1296699047088623,8.225566864013672,0.3693227767944336,-0.23822247982025146,-25.978187561035156,-3.7256827354431152,-1.178368091583252,-19.40334701538086,13.99614143371582,4.594070911407471,0.8594081401824951,0.7263396382331848,-0.1564646065235138,-4.5890607833862305,-0.659559965133667,0.9417153596878052,1.4699060916900635,0.5742745399475098,-0.5688929557800293,0.6471142172813416,-1.4849811792373657,-0.5960041880607605
480,40.96190643310547,10.251311302185059,-13.733065605163574,-15.270122528076172,-13.61623477935791,6.372976303100586,-45.615413665771484,-1.4472157955169678,-7.404541015625,-7.955408096313477,8.448715209960938,2.9017767906188965,2.031127452850342,0.8471507430076599,0.12716072797775269,-1.8191627264022827,10.28498649597168,0.9854123592376709,-1.2097193002700806,0.07724553346633911,-0.32911455631256104,4.929605484008789,1.6485298871994019,1.1155892610549927
481,57.728294372558594,27.143827438354492,-33.96918869018555,-84.14082336425781,8.696131706237793,4.423686504364014,-55.67546081542969,7.229945182800293,-4.7989983558654785,-6.131916046142578,-0.8141531944274902,-0.0329585075378418,1.4621199369430542,-0.15052619576454163,0.32127952575683594,0.6161757707595825,-2.2603344917297363,0.1797339767217636,-3.603501796722412,0.5470566749572754,1.7240045070648193,7.470832347869873,1.390476942062378,2.6184000968933105
482,41.14928436279297,26.021608352661133,-40.01872253417969,-77.30321502685547,12.688641548156738,-0.2670202851295471,-37.30651092529297,-0.07714557647705078,-3.3736748695373535,-14.182188034057617,-1.0087051391601562,-0.29578351974487305,2.4007821083068848,-0.1505526304244995,0.3365097939968109,-0.685053825378418,-1.825479507446289,0.5947710275650024,-3.4607961177825928,0.7383508086204529,1.5657494068145752,3.5006496906280518,0.24456200003623962,0.793389081954956
483,10.038107872009277,26.978187561035156,-35.27956771850586,-66.4813003540039,16.540075302124023,-0.11285638809204102,-10.958593368530273,-9.242364883422852,1.3291754722595215,-9.315567016601562,-0.3145103454589844,-0.11058467626571655,3.085670232772827,-0.07353748381137848,0.2937537133693695,-1.8322402238845825,-1.3298627138137817,0.4098716378211975,-2.2441463470458984,0.005389247555285692,0.6614657640457153,-2.036757469177246,2.4615845680236816,-0.34736573696136475
484,-2.1942787170410156,14.417065620422363,-22.89581298828125,-48.64030456542969,20.0,-4.100374221801758,-1.4619054794311523,0.29451584815979004,-2.2096641063690186,5.981606483459473,-0.536392331123352,0.029271364212036133,3.3044424057006836,-0.2013530135154724,0.18772143125534058,-2.37562894821167,-1.044999599456787,0.11233112215995789,-1.6368680000305176,-0.531653881072998,-0.22418342530727386,-2.494767189025879,-0.4453202784061432,-1.2472784519195557
485,-28.436859130859375,6.000214576721191,-10.371353149414062,-26.10035514831543,20.0,-5.424271106719971,18.90032386779785,-5.196689128875732,4.492799282073975,6.330609321594238,0.04002642631530762,0.04296612739562988,2.5178487300872803,-0.3342759609222412,0.10446047782897949,-1.9429035186767578,-0.7938743233680725,-1.2156294584274292,-0.8165128231048584,-0.9997654557228088,-0.12743346393108368,-3.9714348316192627,-1.5363534688949585,-1.5662761926651
486,-25.78877067565918,-8.955764770507812,-1.3790464401245117,-15.174171447753906,20.0,-5.529098033905029,23.698301315307617,8.874998092651367,-4.453201770782471,11.181097030639648,0.589754045009613,0.18539142608642578,1.2138303518295288,-0.18845033645629883,0.0731048658490181,0.24013182520866394,0.45176270604133606,-0.848038375377655,0.24428990483283997,-0.882900595664978,-1.032444715499878,-4.190145015716553,-0.04968101531267166,-1.5643304586410522
487,-37.55730056762695,-7.443772315979004,6.499455451965332,-7.250333786010742,12.17251205444336,-3.284716844558716,45.14945983886719,1.6755352020263672,2.603391647338867,14.171433448791504,0.7261190414428711,0.09211063385009766,-1.3764920234680176,0.1313214898109436,0.021900301799178123,4.889157295227051,3.3845410346984863,-1.6674866676330566,2.326338291168213,-0.5742855072021484,-1.3436795473098755,-5.275720119476318,1.867695927619934,-1.8756928443908691
488,-36.85912322998047,-2.0655360221862793,3.8286423683166504,-7.605434417724609,-0.9544773101806641,0.07200121879577637,49.28450393676758,-11.68397045135498,15.141091346740723,-9.730716705322266,-10.244829177856445,-5.746384620666504,-2.7544682025909424,0.6245055794715881,0.4068405330181122,7.58376407623291,1.0334984064102173,-1.838746190071106,2.335881233215332,-0.20647671818733215,-0.6117371916770935,-1.1589436531066895,7.167037487030029,0.9274542331695557
489,-7.27610969543457,-4.9450483322143555,0.9204000234603882,-8.523096084594727,-0.44849348068237305,0.19444894790649414,5.475768089294434,-19.56454086303711,28.425018310546875,-63.32373046875,-9.843463897705078,-3.7221739292144775,-2.763601779937744,-0.34908872842788696,-0.011993742547929287,5.138038158416748,0.622438907623291,-1.2910008430480957,0.9024814963340759,-0.2015034705400467,-0.12942567467689514,1.560211420059204,-2.7547736167907715,0.35229936242103577
490,-10.824793815612793,2.1785776615142822,-1.2927470207214355,-10.918401718139648,-0.45019829273223877,0.22541546821594238,12.44311237335205,-18.52581214904785,22.700336456298828,-52.607948303222656,-9.048227310180664,-3.6664838790893555,-2.1344597339630127,-0.163849875330925,-0.19111983478069305,1.0892516374588013,0.7135140895843506,0.4234831929206848,1.3602228164672852,-0.01974213868379593,-0.16675439476966858,0.9677538275718689,-2.5612168312072754,0.5263102054595947
491,-8.44438648223877,-3.095477819442749,2.961122989654541,1.6270451545715332,-0.28066885471343994,-0.02336430549621582,12.00261402130127,-17.365482330322266,24.231691360473633,-60.86034393310547,-0.11570310592651367,-1.0321502685546875,-2.0310914516448975,-0.13127543032169342,0.03787004202604294,0.6385099291801453,-0.2270662486553192,1.2626118659973145,1.7845780849456787,0.048408254981040955,-0.3062198758125305,0.4141184389591217,-2.2499635219573975,0.09140507131814957
492,-6.480129241943359,1.3461307287216187,-1.244240641593933,-2.357821464538574,-0.26302385330200195,-0.04176139831542969,1.6415033340454102,-12.96574878692627,21.89065170288086,-49.35963821411133,5.06601095199585,0.3240453600883484,-1.8933204412460327,-0.021936984732747078,-0.26836639642715454,-1.5805304050445557,-0.6597338914871216,1.962306261062622,1.7407729625701904,0.21981310844421387,-0.3577232360839844,0.0034682564437389374,-1.9439549446105957,-0.08793242275714874
493,10.105703353881836,-1.6919611692428589,0.8428818583488464,3.8205642700195312,0.043384552001953125,-0.20392870903015137,-15.72314453125,-8.792963027954102,13.548747062683105,-46.92140579223633,10.980501174926758,0.5573514699935913,-1.020485758781433,-0.05976151302456856,-0.3475256562232971,-3.3828258514404297,-0.9558858275413513,1.2742359638214111,1.6805670261383057,0.3254925608634949,-0.26682037115097046,-0.24194221198558807,-1.8771120309829712,0.34005069732666016
494,20.66461944580078,3.2536072731018066,-1.990461826324463,3.6159095764160156,0.20865601301193237,-0.022922992706298828,-18.57404327392578,1.8067119121551514,-0.08800387382507324,-18.36579704284668,20.0,4.683701992034912,1.0504053831100464,0.3452852964401245,-0.46416473388671875,-6.7860918045043945,-0.36404919624328613,2.5211575031280518,1.6427356004714966,0.47046422958374023,-0.4108503758907318,0.18117865920066833,-1.217787504196167,-0.6306219100952148
495,49.93095397949219,12.85963249206543,-17.067289352416992,-37.31202697753906,8.409509658813477,15.947299003601074,-52.95323181152344,5.28411865234375,-11.344547271728516,-1.6284923553466797,6.644976615905762,2.1159706115722656,1.300579309463501,0.238206148147583,0.05998695641756058,1.148031234741211,-2.7065682411193848,1.4363181591033936,-1.930037021636963,0.08507169783115387,-0.13352583348751068,6.103444576263428,3.1113853454589844,2.276841640472412
496,61.8653678894043,34.869171142578125,-33.31096267700195,-81.35313415527344,11.661821365356445,3.463986396789551,-60.41744613647461,4.508508205413818,-3.9288620948791504,-7.813529968261719,-1.282900094985962,-0.2607154846191406,1.8791707754135132,-0.5443374514579773,0.2741723954677582,-0.0844215527176857,-1.860329270362854,0.09615842998027802,-4.42966365814209,0.4901309311389923,1.8877604007720947,8.767178535461426,0.3010220229625702,1.4496525526046753
497,39.16802215576172,33.49528121948242,-38.149314880371094,-59.36391830444336,14.664579391479492,2.372180700302124,-39.667808532714844,-1.4722261428833008,-3.873554229736328,-21.17437744140625,-0.8651723861694336,-0.12087666988372803,2.3930914402008057,0.1385485976934433,0.07303457707166672,-0.8995410799980164,-1.5726850032806396,-0.08895067870616913,-4.364664077758789,1.3993502855300903,1.338607668876648,2.0525879859924316,2.068653106689453,0.8976463675498962
498,11.02928638458252,23.077774047851562,-31.18549156188965,-58.03953170776367,20.0,-2.7715904712677,-9.472566604614258,-12.112778663635254,3.614391803741455,-6.649079322814941,-0.7826075553894043,-0.1814640760421753,3.1931045055389404,-0.12488597631454468,0.20122680068016052,-2.0598392486572266,-1.1499521732330322,0.43682846426963806,-3.0736987590789795,0.13944143056869507,0.8054019212722778,-2.439714193344116,0.6817350387573242,-0.9117382168769836
499,-13.682392120361328,10.805030822753906,-17.396535873413086,-40.32347869873047,20.0,-7.420651912689209,7.732662677764893,-2.4998984336853027,-1.3084042072296143,6.469489097595215,-0.19614577293395996,0.08489298820495605,3.2005510330200195,-0.2578579783439636,0.17593981325626373,-2.45029878616333,-0.9171614050865173,0.49014103412628174,-2.1871535778045654,-0.7479367256164551,-0.3042387366294861,-3.560175657272339,-0.6830883622169495,-1.715694546699524
500,-37.64578628540039,1.4798787832260132,-9.27233600616455,-28.382049560546875,20.0,-5.8217363357543945,31.232410430908203,-2.269054889678955,3.5625252723693848,9.414459228515625,0.38609760999679565,0.09129667282104492,2.934293031692505,-0.24667561054229736,0.1699821650981903,-2.32088303565979,-0.6992534399032593,-0.9509825110435486,-0.2642313539981842,-0.8075914978981018,-0.10749795287847519,-5.871747016906738,0.2869603633880615,-1.9104893207550049
501,-49.144439697265625,-11.005273818969727,7.2259392738342285,-6.576877593994141,20.0,-4.927705764770508,54.799072265625,0.5447125434875488,1.461188793182373,18.092323303222656,0.8500289916992188,0.1593489646911621,-1.1496034860610962,-0.014172129333019257,0.24307017028331757,4.6925177574157715,3.8156495094299316,-1.594648838043213,1.9318592548370361,-1.215656042098999,-1.3591251373291016,-7.0139665603637695,2.841296434402466,-2.113316297531128
502,-54.24238586425781,-2.0502851009368896,4.663799285888672,-9.21487808227539,-0.9281129837036133,0.028966903686523438,67.88038635253906,-12.631690979003906,20.797096252441406,5.761880874633789,-11.302915573120117,-5.755189418792725,-3.5704267024993896,0.3406129479408264,1.008451223373413,9.184586524963379,3.5423929691314697,-2.287018299102783,2.338141918182373,-1.2774015665054321,-0.6613348722457886,-2.0770411491394043,8.312850952148438,3.752640724182129
503,-12.200971603393555,4.583917617797852,-5.22490119934082,-15.379362106323242,-1.0485248565673828,0.30426025390625,19.693153381347656,-16.70008087158203,24.965530395507812,-42.743438720703125,-12.013429641723633,-5.423828125,-3.3022468090057373,0.23500564694404602,-0.28171077370643616,5.472501754760742,1.0242323875427246,-1.5020148754119873,0.9888701438903809,-0.0156121626496315,-0.1488269865512848,1.9793583154678345,-3.018815517425537,0.33838093280792236
504,-17.650352478027344,-4.772424697875977,4.050897121429443,-11.313692092895508,-0.6507859826087952,0.1649896204471588,24.310564041137695,-15.29610824584961,21.01860809326172,-46.03960418701172,-6.828382968902588,-1.6016244888305664,-3.1357686519622803,0.15792159736156464,0.2854011654853821,1.7576464414596558,0.3508366644382477,0.016133086755871773,1.2843191623687744,0.00899854302406311,-0.050428733229637146,1.4777681827545166,-2.679241180419922,0.2429232895374298
505,0.2613811492919922,-5.436502456665039,2.571063280105591,0.32697248458862305,-0.1743549257516861,0.014528751373291016,2.356821060180664,-8.675054550170898,20.96576690673828,-57.13565444946289,-5.126911640167236,-2.5410170555114746,-2.7852108478546143,-0.4453185796737671,-0.04739789664745331,0.35062432289123535,-0.14129048585891724,0.506867527961731,1.608898401260376,-0.19164472818374634,-0.1940912902355194,1.0601675510406494,-2.632631540298462,0.30477374792099
506,0.9441070556640625,-1.236642837524414,0.8274655342102051,3.981142997741699,0.054551899433135986,-0.012018203735351562,0.4814319610595703,-16.173627853393555,23.591175079345703,-56.264686584472656,1.661548137664795,-2.7224533557891846,-2.4664270877838135,-0.37963995337486267,0.02317468449473381,-0.03515820577740669,0.2708478569984436,1.178021788597107,1.7671605348587036,0.022061467170715332,-0.09013357758522034,0.6747929453849792,-2.4431025981903076,0.29104548692703247
507,12.760906219482422,5.611971855163574,-4.139224052429199,-0.9519977569580078,-0.2013031244277954,-0.019494056701660156,-15.727363586425781,-12.227912902832031,14.078731536865234,-47.054840087890625,5.862236022949219,-0.500779390335083,-1.0044314861297607,-0.015666496008634567,-0.49445217847824097,-3.360647439956665,-0.9568657279014587,1.737197756767273,2.0306754112243652,0.22262153029441833,-0.184456005692482,0.2014138102531433,-2.257699728012085,0.04055342078208923
508,14.916969299316406,6.9208855628967285,-2.9172282218933105,4.746959686279297,0.109710693359375,-0.15517115592956543,-16.26828384399414,-8.999610900878906,3.3820242881774902,-31.485652923583984,15.836347579956055,1.3028814792633057,0.4068145751953125,0.797075092792511,-0.45442086458206177,-5.657139301300049,-1.0497844219207764,1.330956220626831,2.2637107372283936,0.37492963671684265,-0.4773733913898468,-0.046717897057533264,-2.2054903507232666,0.08744317293167114
509,29.177690505981445,5.747049808502197,-5.273737907409668,8.181488037109375,0.3672972023487091,0.022658824920654297,-31.63580322265625,5.243965148925781,-7.555278778076172,-7.443996429443359,14.476398468017578,4.114738464355469,2.1271679401397705,0.8777223825454712,-0.9260076880455017,-8.288089752197266,0.557211697101593,2.3709473609924316,-0.07827821373939514,0.2359009087085724,-0.4306022524833679,3.3233847618103027,0.7110104560852051,-0.4102797210216522
510,65.08514404296875,11.442636489868164,-17.50851058959961,-69.45913696289062,12.168764114379883,4.19683837890625,-62.71978759765625,14.048956871032715,-10.40927505493164,-8.436609268188477,-0.6490650177001953,0.2790970802307129,2.054835319519043,-0.3997911810874939,0.32556453347206116,0.5409808158874512,-2.3563075065612793,0.2657213807106018,-2.3053340911865234,0.011435143649578094,0.5016551613807678,5.682199954986572,1.7391188144683838,2.8626644611358643
511,28.48153305053711,30.363502502441406,-29.614673614501953,-71.73825073242188,11.002049446105957,0.8911857604980469,-34.903465270996094,2.9293558597564697,-3.7123262882232666,-9.611525535583496,-0.864434003829956,-0.32877862453460693,2.1378679275512695,-0.34934788942337036,0.44130873680114746,-0.3054507076740265,-1.8871779441833496,0.4160134792327881,-3.385524272918701,0.6848666071891785,0.9638067483901978,3.8591904640197754,0.9464910626411438,0.8566680550575256
512,29.16537094116211,25.247337341308594,-32.693214416503906,-65.88739013671875,20.0,-1.5604642629623413,-28.471092224121094,0.12196063995361328,-2.559340238571167,-9.080945014953613,-0.8035558462142944,-0.12959063053131104,2.7905423641204834,-0.3761892318725586,0.40442588925361633,-1.3009357452392578,-1.4557398557662964,0.46367621421813965,-3.1511423587799072,0.8198249936103821,0.7970260381698608,0.4303896427154541,-0.14980612695217133,-0.5817533135414124
513,-5.805872917175293,18.486635208129883,-29.878572463989258,-60.88218307495117,20.0,-4.068811893463135,-3.3496599197387695,-1.9150205850601196,-1.4744006395339966,-1.0262632369995117,-0.13178253173828125,0.03681516647338867,2.877451181411743,-0.2320425808429718,0.2916908264160156,-2.101395845413208,-1.0921642780303955,0.43583664298057556,-2.358187437057495,0.6433943510055542,0.03371916711330414,-3.098419427871704,1.3086111545562744,-1.4439328908920288
514,-14.746685028076172,11.3262300491333,-19.94480323791504,-45.196868896484375,20.0,-7.922061920166016,8.586504936218262,-3.8779516220092773,0.5486934185028076,8.259756088256836,-0.2744128704071045,0.16425299644470215,3.0659098625183105,-0.3771663010120392,0.4243130683898926,-2.5690979957580566,-0.8075376749038696,0.6379221677780151,-1.3722901344299316,-0.047756217420101166,-0.5393902659416199,-3.78283953666687,-0.9126204252243042,-1.10032320022583
515,-17.68820571899414,2.7047414779663086,-5.930629730224609,-12.62514591217041,20.0,-5.146084308624268,19.712717056274414,-0.2711613178253174,1.4870238304138184,11.745266914367676,0.5027867555618286,0.0331263542175293,2.36923885345459,-0.4435551166534424,0.1486518383026123,-1.0247374773025513,-0.4957226812839508,-2.0284106731414795,-0.4170551300048828,-0.4093438684940338,-0.7466992139816284,-2.715695381164551,-0.14868168532848358,-1.976165771484375
516,-31.819854736328125,-4.09589958190918,2.422977924346924,-6.944931983947754,18.684120178222656,-4.239884376525879,35.970001220703125,-2.69217848777771,3.793215751647949,10.093013763427734,0.5202231407165527,0.1286792755126953,-0.3708251416683197,-0.2784644067287445,0.4840560555458069,3.629730701446533,2.7555994987487793,-1.6786408424377441,1.0336304903030396,-0.583966076374054,-0.9846478700637817,-3.9484636783599854,1.2012592554092407,-2.172452688217163
517,-47.96330261230469,1.0464489459991455,1.5049731731414795,-8.954151153564453,-0.6503777503967285,0.09449911117553711,56.261329650878906,-16.60576629638672,15.712705612182617,14.4873046875,0.421333909034729,0.061237335205078125,-2.4091873168945312,-0.15962864458560944,0.5680006742477417,6.2418341636657715,4.0253472328186035,-2.186107873916626,1.7283759117126465,-0.8566458225250244,-0.03494354337453842,-1.401444435119629,8.960573196411133,0.9780888557434082
518,-21.655254364013672,5.381372928619385,-3.572087049484253,-7.520351409912109,-1.0170719623565674,0.300268292427063,26.520862579345703,-20.960508346557617,26.396713256835938,-43.161529541015625,-20.0,-1.8244646787643433,-3.316835880279541,0.3097117245197296,-0.47367390990257263,6.54480504989624,1.155252456665039,-0.9632185101509094,0.930375874042511,0.25656959414482117,0.10752694308757782,1.8755568265914917,-2.9867002964019775,0.26477864384651184
519,-21.36739730834961,-3.3353447914123535,3.8697409629821777,-12.00965690612793,-0.6554195880889893,0.08868846297264099,28.35824203491211,-17.450294494628906,25.017536163330078,-48.84889221191406,-12.802908897399902,-2.049067497253418,-3.3161613941192627,0.3175109326839447,0.10768242180347443,3.247648000717163,0.9079315066337585,-0.0161362886428833,1.1790118217468262,-0.026340272277593613,0.03067123517394066,1.6009633541107178,-2.7105965614318848,0.4291093349456787
520,-3.3294239044189453,-2.93985652923584,0.7967816591262817,-2.193756103515625,-0.22825396060943604,0.02169668674468994,5.086838722229004,-9.366578102111816,22.21649932861328,-64.93091583251953,-13.490789413452148,-1.6175175905227661,-3.0086352825164795,0.1513439565896988,-0.5349011421203613,1.677126407623291,0.941046953201294,0.10729708522558212,1.6720216274261475,0.0376981645822525,-0.25774437189102173,0.9585270881652832,-2.6061599254608154,0.33682864904403687
521,11.394550323486328,-4.718335151672363,3.4193153381347656,0.13534998893737793,-0.25266897678375244,0.004241824150085449,-16.939136505126953,-10.13789176940918,17.04068946838379,-70.6930160522461,-7.497342586517334,-1.3554840087890625,-1.9574123620986938,0.05218037962913513,-0.3826304078102112,-0.7879191637039185,-0.6784535646438599,0.9694205522537231,1.9688042402267456,0.08437235653400421,-0.3302061855792999,0.29791539907455444,-2.378129243850708,0.22580403089523315
522,9.78078556060791,-1.9365835189819336,2.3907389640808105,5.245235443115234,0.13026034832000732,-0.13339900970458984,-16.573017120361328,-17.805084228515625,16.5152530670166,-66.06106567382812,-3.5689597129821777,1.6077967882156372,-1.1764780282974243,0.2590410113334656,0.07437419146299362,-1.8179144859313965,-0.8572026491165161,0.7135701179504395,2.0516324043273926,0.20181886851787567,-0.3179313540458679,-0.14856399595737457,-2.0922281742095947,0.018795639276504517
523,6.15785026550293,0.5250899791717529,-1.1268969774246216,4.560433387756348,0.05460548400878906,0.012485742568969727,-12.777093887329102,-13.286815643310547,12.517111778259277,-48.713958740234375,4.638537406921387,1.8151062726974487,-0.6071592569351196,0.43387168645858765,-0.20120365917682648,-2.7844016551971436,-1.345425009727478,1.669669270515442,1.9028434753417969,0.38478997349739075,-0.3894757330417633,-0.3042859733104706,-1.799530029296875,0.17608331143856049
524,18.84463119506836,7.107701778411865,-5.156824111938477,0.7401580810546875,0.05956244468688965,-0.09511303901672363,-25.772672653198242,-8.517705917358398,5.103514671325684,-20.689849853515625,12.332176208496094,2.8666138648986816,1.1341029405593872,0.609220027923584,-0.3837936520576477,-7.023753643035889,-1.647290587425232,1.5960546731948853,1.666115403175354,0.23413661122322083,-0.2964904308319092,-0.07645795494318008,-1.919349193572998,1.0274388790130615
525,37.60694122314453,7.894467353820801,-6.481108665466309,15.236228942871094,0.6804486513137817,-0.013547897338867188,-37.59051513671875,-1.8857026100158691,-2.4422993659973145,-9.943187713623047,12.376916885375977,3.2986607551574707,3.07649827003479,0.7040634751319885,-0.2582656145095825,-4.835622787475586,3.478984832763672,0.6263175010681152,-0.36209404468536377,-0.10417833924293518,-0.22417911887168884,3.641822099685669,0.49259376525878906,1.4431242942810059
526,54.48558807373047,24.65563201904297,-29.15314292907715,-81.86178588867188,8.445745468139648,4.146020889282227,-53.09455490112305,11.937920570373535,-10.128899574279785,-3.507671356201172,-0.49154067039489746,0.03568267822265625,1.844354271888733,-0.28022128343582153,0.20469407737255096,0.30077216029167175,-2.106945037841797,0.13246488571166992,-2.4639499187469482,0.027898216620087624,0.37612348794937134,6.7601141929626465,1.3348747491836548,3.005436658859253
527,37.681732177734375,31.501619338989258,-40.32012939453125,-78.67760467529297,11.953583717346191,2.6599173545837402,-43.164180755615234,4.494170188903809,-3.838836908340454,-10.670181274414062,-0.8652386665344238,-0.35794949531555176,2.1083006858825684,-0.16807380318641663,0.20012670755386353,-0.6594898700714111,-1.6362260580062866,0.2796698808670044,-3.71469783782959,1.2797768115997314,1.438185691833496,5.087088108062744,1.0368590354919434,1.220616102218628
528,17.40607452392578,29.10633087158203,-39.41364288330078,-60.374149322509766,13.856146812438965,-1.5565075874328613,-18.870670318603516,-15.282243728637695,7.012749671936035,-12.793708801269531,-0.7331918478012085,-0.23763218522071838,2.8612570762634277,-0.3212661147117615,0.22232986986637115,-1.7981688976287842,-1.2484921216964722,0.4222654700279236,-2.8115322589874268,0.6400782465934753,1.8812322616577148,0.03522270917892456,0.7970194220542908,0.218708336353302
529,6.299309730529785,18.767295837402344,-23.836458206176758,-48.78490447998047,20.0,-3.744999885559082,-12.6034574508667,0.19988612830638885,-5.459259033203125,-1.2928905487060547,-0.4878808259963989,0.001500844955444336,2.809269905090332,-0.33361855149269104,-0.012855924665927887,-2.1962294578552246,-0.8579553961753845,0.3371235132217407,-2.561681032180786,-0.10567764937877655,0.22670580446720123,-2.196139335632324,-0.07067438215017319,-1.2430517673492432
530,-24.02210807800293,10.867362022399902,-16.990095138549805,-43.20079040527344,20.0,-6.381106376647949,17.222816467285156,-5.633145809173584,2.128326892852783,4.699037551879883,0.0011353492736816406,0.0692448616027832,3.077153205871582,-0.3220377564430237,0.17781496047973633,-2.9360456466674805,-0.5948505401611328,0.18415312469005585,-0.8913591504096985,-0.758486807346344,-0.2500593066215515,-5.16084098815918,-0.21298302710056305,-1.9616053104400635
531,-28.651151657104492,-3.6084766387939453,-0.32816874980926514,-7.2024922370910645,20.0,-5.048748970031738,30.864582061767578,-1.3746328353881836,2.529419183731079,12.41444206237793,0.460888147354126,0.12775659561157227,0.724915087223053,-0.29865050315856934,0.2652677595615387,1.1313729286193848,1.5514193773269653,-1.9452284574508667,0.434413343667984,-1.1887404918670654,-0.5750595927238464,-5.626034736633301,0.7644815444946289,-2.2570395469665527
532,-50.06138610839844,1.7084391117095947,0.6934691667556763,-5.308038711547852,4.173745155334473,-0.744532585144043,64.37850952148438,-10.561197280883789,10.259580612182617,20.049230575561523,0.7832589149475098,0.08705377578735352,-1.8608068227767944,0.3564502000808716,0.20208972692489624,6.073510646820068,4.9957098960876465,-2.9214026927948,3.65997314453125,-1.423626184463501,-1.1619583368301392,-6.665668964385986,1.4160572290420532,-2.5304458141326904
533,-31.34973907470703,-1.7341015338897705,0.7554760575294495,-9.356098175048828,-1.3544632196426392,0.32572126388549805,36.784149169921875,-8.943389892578125,20.041500091552734,-26.32262420654297,-19.968387603759766,-0.7234089374542236,-3.460965156555176,0.7333352565765381,-0.0985618308186531,7.752336025238037,0.312320351600647,-1.338059663772583,1.7403191328048706,-0.15248093008995056,-0.5557748675346375,-0.5774098038673401,3.3389015197753906,0.6492963433265686
534,-8.132400512695312,0.2769129276275635,0.07543635368347168,-11.794236183166504,-0.42756566405296326,0.14860641956329346,7.77519416809082,-17.588008880615234,23.728946685791016,-50.560916900634766,-20.0,-1.1393282413482666,-2.9462740421295166,0.26075810194015503,-0.42349812388420105,4.203629970550537,0.15450258553028107,-0.8352256417274475,1.3271708488464355,0.1218215823173523,-0.07502508163452148,1.3190116882324219,-3.0459418296813965,0.6432138085365295
535,-10.437129020690918,-6.340549468994141,5.338579177856445,-8.031367301940918,-0.31076812744140625,0.06302551925182343,9.896085739135742,-11.634037017822266,17.725576400756836,-52.890316009521484,-8.99378776550293,0.14721980690956116,-2.7309117317199707,0.19330182671546936,0.3205404281616211,0.9442152976989746,0.7872629761695862,0.14029459655284882,1.3128255605697632,0.0643782690167427,-0.02295755222439766,1.0548533201217651,-2.5024802684783936,0.3371686339378357
536,2.5590734481811523,-7.096484661102295,2.7974302768707275,0.5654006004333496,-0.33921241760253906,0.035244107246398926,-5.397190570831299,-0.2150762677192688,12.096234321594238,-67.53021240234375,-5.617162704467773,1.1732263565063477,-2.1182589530944824,-0.10312993824481964,-0.5542551279067993,-0.7594403028488159,-1.1075196266174316,0.9881420135498047,1.8821629285812378,0.21259066462516785,-0.5959433913230896,0.17051804065704346,-2.1763763427734375,0.02097415365278721
537,11.303525924682617,-0.7223485708236694,0.7312287092208862,4.015782356262207,0.1545248031616211,-0.06537938117980957,-15.46137809753418,-16.969894409179688,18.725187301635742,-56.74747085571289,0.9814419746398926,2.353142738342285,-0.8705707788467407,-0.039767272770404816,-0.28889328241348267,-2.4922244548797607,-1.1851541996002197,1.4415498971939087,2.065833568572998,0.43511563539505005,-0.3127634823322296,-0.18865099549293518,-1.9515838623046875,-0.1261672079563141
538,8.26440143585205,-1.1573251485824585,1.5563302040100098,4.786762237548828,0.052660465240478516,-0.1198418140411377,-14.166756629943848,-11.99082088470459,9.206722259521484,-43.983680725097656,11.21116828918457,3.4562387466430664,-0.013908027671277523,0.016919683665037155,-0.14914311468601227,-4.200652599334717,-1.7164974212646484,1.8063853979110718,2.105394124984741,0.43790629506111145,-0.36120879650115967,-0.4496638774871826,-1.8718540668487549,0.1350841224193573
539,14.310909271240234,4.79310417175293,-2.9328927993774414,7.6970977783203125,0.4131150245666504,-0.1498863697052002,-21.084531784057617,-12.178956985473633,2.329174518585205,-18.220985412597656,16.26689338684082,3.990302324295044,0.45822328329086304,0.3384004533290863,-0.22218117117881775,-4.9981536865234375,-0.18137291073799133,1.3133381605148315,1.0704190731048584,0.485900342464447,-0.29524609446525574,0.7435703277587891,-1.3638495206832886,0.40728893876075745
540,53.199005126953125,17.040294647216797,-20.534305572509766,-31.853656768798828,-19.130369186401367,4.7582221031188965,-54.65814971923828,0.7835334539413452,-8.676589012145996,-1.7090568542480469,4.774781703948975,1.322397232055664,2.6864395141601562,-0.5065117478370667,-0.10726094245910645,-0.49231958389282227,-5.688597679138184,3.1771602630615234,-2.032456874847412,-0.3185807466506958,-0.29490670561790466,6.792819023132324,3.27864670753479,2.8394293785095215
541,70.1907958984375,28.962200164794922,-32.728363037109375,-66.30216979980469,6.743391036987305,3.466963291168213,-67.75765228271484,5.430798530578613,-4.036918640136719,-11.248966217041016,-1.3777000904083252,-0.34435462951660156,1.6418726444244385,-0.5136058330535889,0.24967455863952637,0.3639454245567322,-2.084606885910034,0.14662526547908783,-4.836838722229004,0.5524725914001465,1.9433789253234863,9.174174308776855,0.8110941648483276,1.6194919347763062
542,17.975608825683594,30.30846405029297,-36.89295196533203,-55.53366470336914,6.769291877746582,3.3752434253692627,-21.61008644104004,-14.322633743286133,5.900818824768066,-23.831697463989258,-0.9097757339477539,-0.2549002170562744,2.1680116653442383,-0.11991944909095764,0.27702152729034424,-0.5407178401947021,-1.791136622428894,0.34596720337867737,-3.8111751079559326,0.8405243754386902,2.4755172729492188,0.44618940353393555,2.341360092163086,0.9458298087120056
543,2.979153633117676,10.647745132446289,-23.0009765625,-68.66168212890625,20.0,-1.38433837890625,-7.338314056396484,2.9038925170898438,-8.460966110229492,-1.5450010299682617,-0.7532168030738831,-0.03909409046173096,2.750061511993408,-0.2153671234846115,0.3802292048931122,-1.72579026222229,-1.3222497701644897,0.22607354819774628,-2.833881139755249,-0.2311173379421234,0.4812582731246948,-2.8711211681365967,0.3081510066986084,-0.9417237639427185
544,-1.6225261688232422,13.360422134399414,-20.444414138793945,-47.298973083496094,20.0,-6.594879627227783,0.42995262145996094,4.201387405395508,-5.787232398986816,8.710172653198242,-0.005601674318313599,0.13340973854064941,3.1608262062072754,-0.09771208465099335,0.4132269620895386,-2.057957887649536,-1.1454790830612183,0.4718417227268219,-2.0462934970855713,-0.49952268600463867,-0.9417227506637573,-2.9047460556030273,0.15738824009895325,-1.7852513790130615
545,-28.01174545288086,5.492795467376709,-13.324356079101562,-35.498634338378906,20.0,-7.30417537689209,18.57419776916504,0.17652082443237305,2.265723705291748,8.784621238708496,-0.03148651123046875,0.12926030158996582,2.7804501056671143,-0.17656826972961426,0.17051970958709717,-2.0498032569885254,-1.0110031366348267,-1.1320579051971436,-0.9821287989616394,-0.49456900358200073,-0.7988826632499695,-3.8635663986206055,-1.6793831586837769,-1.6229461431503296
546,-29.05914306640625,-6.523716926574707,3.2763123512268066,-4.260185718536377,20.0,-4.592254638671875,35.84446716308594,-2.367560863494873,4.138912200927734,11.195351600646973,0.8541595935821533,0.0759572982788086,0.15284363925457,-0.2743726372718811,0.34131747484207153,2.8030927181243896,1.9582209587097168,-2.140079975128174,0.6123074889183044,-0.8288566470146179,-0.8051501512527466,-4.8233771324157715,1.4511100053787231,-2.011876344680786
547,-50.344200134277344,1.2204031944274902,1.9056251049041748,-6.263446807861328,0.3818693161010742,-0.031003475189208984,62.917144775390625,-17.10007095336914,15.488429069519043,16.94345474243164,0.5301418304443359,0.03317856788635254,-2.4461185932159424,0.2559394836425781,0.7712060809135437,7.454257965087891,5.945537567138672,-3.0200748443603516,3.7175240516662598,-1.349725365638733,-0.6019918918609619,-6.843535423278809,1.249065637588501,-1.7522224187850952
548,-41.32935333251953,4.524612903594971,-4.104641914367676,-16.786605834960938,-1.7697432041168213,0.4523885250091553,50.47980499267578,-15.114633560180664,26.0602970123291,-27.604015350341797,-20.0,-3.629624128341675,-3.3653268814086914,0.6129013299942017,-0.765571653842926,5.8797383308410645,0.8034166693687439,-0.6855463981628418,2.0730228424072266,-0.004319619387388229,-0.49568068981170654,-0.5290675759315491,4.172447681427002,0.9537291526794434
549,3.2464914321899414,-6.566125869750977,4.0287675857543945,-4.161777496337891,-0.19738352298736572,0.01040792465209961,-4.339980602264404,-9.986979484558105,26.728036880493164,-70.96605682373047,-16.949020385742188,-1.5754659175872803,-2.8909287452697754,0.09827756881713867,-0.6395508646965027,3.5709972381591797,0.8601125478744507,-0.9893861413002014,1.3009366989135742,-0.03315374255180359,-0.30472561717033386,1.5086729526519775,-2.8874568939208984,0.1477929949760437
550,-9.205987930297852,-9.563416481018066,8.464618682861328,-3.6182641983032227,-0.40939387679100037,0.03879672288894653,11.884455680847168,-10.616510391235352,17.693355560302734,-60.81211853027344,-11.414139747619629,-1.0433907508850098,-2.8670949935913086,0.11553376913070679,0.45204925537109375,1.9539387226104736,-0.06793487817049026,0.1597849726676941,1.5261883735656738,0.08735337108373642,-0.19174456596374512,1.0750513076782227,-2.6526191234588623,0.39273372292518616
551,2.4279537200927734,-3.253359317779541,1.3427250385284424,-2.676501750946045,-0.20458686351776123,0.009778261184692383,-6.985233783721924,-15.66099739074707,22.74149513244629,-61.66956329345703,-4.805920600891113,0.0938500314950943,-2.2060189247131348,-0.3861123323440552,0.5067588686943054,-1.0383659601211548,-0.4626835882663727,0.6918823719024658,1.619213581085205,-0.06900796294212341,-0.07394914329051971,0.6338207721710205,-2.441829204559326,0.22118163108825684
552,-6.637386322021484,-1.1406276226043701,-0.9990318417549133,3.3127713203430176,-0.028793344274163246,0.039392948150634766,6.796808242797852,-13.051704406738281,21.476280212402344,-54.813720703125,3.6176743507385254,-0.3068770468235016,-2.1689188480377197,-0.31246790289878845,-0.25410494208335876,-1.5483887195587158,0.013117481023073196,1.8183921575546265,1.7701966762542725,0.34966039657592773,-0.2110908031463623,0.1116911917924881,-2.056703567504883,0.06580750644207001
553,8.183944702148438,6.0442376136779785,-2.785555839538574,1.4534492492675781,-0.27939820289611816,-0.13653349876403809,-6.707582473754883,-14.682950019836426,16.629690170288086,-39.928401947021484,9.483211517333984,0.5410839319229126,-0.7587050199508667,0.019888751208782196,-0.2956942915916443,-4.254561424255371,-1.952434778213501,1.7487081289291382,2.099459409713745,0.3459097743034363,-0.19298382103443146,-0.11205512285232544,-2.039560079574585,0.37056273221969604
554,16.92864990234375,8.24882984161377,-5.185341835021973,5.590898513793945,0.23852014541625977,-0.057704925537109375,-14.628186225891113,-7.658875465393066,2.728745937347412,-17.08823585510254,17.5153751373291,4.881769180297852,0.9962188601493835,0.5164799690246582,-0.7673524618148804,-6.67451810836792,-1.7816884517669678,2.3765792846679688,2.3583736419677734,0.4958959221839905,-0.43456965684890747,-0.07233615964651108,-1.8789725303649902,-0.5722981095314026
555,51.8043212890625,14.586771011352539,-19.026111602783203,-28.006826400756836,-15.983471870422363,5.633111000061035,-57.635414123535156,2.261107921600342,-10.322638511657715,-1.4023914337158203,8.079471588134766,2.4726722240448,2.0813562870025635,-0.5085595846176147,-0.49670907855033875,0.9200135469436646,-2.876312255859375,-0.6417651176452637,-1.3915849924087524,-0.14868757128715515,0.024883899837732315,5.947567462921143,2.97275710105896,1.9637179374694824
556,54.79092788696289,36.86967468261719,-37.211124420166016,-86.89376831054688,9.332588195800781,0.9961931109428406,-62.07748031616211,4.935805320739746,-4.527054786682129,-7.25732421875,-1.3452091217041016,-0.1981182098388672,1.8158881664276123,-0.4031360149383545,0.15815968811511993,0.20631800591945648,-2.116084337234497,0.4661373198032379,-4.489680767059326,0.5702493786811829,1.683890700340271,8.782501220703125,-0.3555101752281189,1.7282119989395142
557,15.031241416931152,25.41683006286621,-31.07093048095703,-70.5667495727539,9.593111991882324,2.2211904525756836,-20.662471771240234,-5.114407539367676,0.2339181900024414,-21.503684997558594,-0.5328378677368164,-0.1737980842590332,2.3466951847076416,-0.06315844506025314,0.2071569561958313,-0.987760066986084,-1.580056071281433,0.3614340126514435,-3.5156049728393555,0.9899999499320984,1.8148488998413086,0.37274038791656494,2.9029884338378906,1.5284010171890259
558,5.746517181396484,12.109691619873047,-20.046525955200195,-65.6927490234375,18.96064567565918,-1.1515812873840332,-10.825418472290039,3.1781840324401855,-6.86017370223999,-1.688471794128418,-0.8147432804107666,-0.14596343040466309,2.7315056324005127,-0.28592514991760254,0.3153740167617798,-2.000983715057373,-1.0933066606521606,0.2060248702764511,-2.9394798278808594,0.17354154586791992,0.523837149143219,-2.302558183670044,0.7401440739631653,-0.7209838032722473
559,-3.9791059494018555,11.629278182983398,-21.366336822509766,-47.484352111816406,20.0,-6.30700159072876,2.602123260498047,0.15542912483215332,-3.0145950317382812,7.114652633666992,-0.2745358943939209,0.10573506355285645,3.096669912338257,-0.2815609276294708,0.31193387508392334,-2.422856569290161,-0.906495988368988,0.5334923267364502,-1.9732352495193481,-0.39805591106414795,-0.6364012360572815,-2.799978494644165,-1.5432968139648438,-1.1923028230667114
560,-31.175710678100586,4.937965393066406,-7.807289123535156,-19.704071044921875,20.0,-5.311660289764404,31.679615020751953,-7.943624019622803,6.965423583984375,6.913799285888672,0.4373185634613037,-0.012241363525390625,2.3149054050445557,-0.20178711414337158,0.1870589256286621,-1.1132452487945557,-0.1670016348361969,-2.1500086784362793,0.21315070986747742,-0.8236063718795776,-0.5178950428962708,-5.715130805969238,-0.5140681266784668,-2.045229196548462
561,-31.683713912963867,-4.060285568237305,7.191221714019775,-2.154447555541992,16.121572494506836,-3.820467472076416,40.97508239746094,-5.366556167602539,5.7456254959106445,15.443527221679688,0.7701916694641113,0.1254405975341797,-0.5282106995582581,-0.1961684226989746,0.6403509974479675,4.170341968536377,3.491983652114868,-2.4898290634155273,1.8983899354934692,-1.3234038352966309,-0.6442289352416992,-5.884861469268799,1.6912788152694702,-1.924959659576416
562,-40.8235969543457,5.9096174240112305,-1.035080075263977,-7.54364013671875,-0.916440486907959,0.2003331184387207,45.81275939941406,-13.654650688171387,19.218168258666992,-16.248451232910156,-18.709901809692383,-8.233473777770996,-2.5567681789398193,0.5114961266517639,0.5656293630599976,7.604914665222168,1.7484958171844482,-2.535433769226074,1.9311020374298096,-1.5692344903945923,-0.9530116319656372,-0.838736891746521,7.934016704559326,-0.22404275834560394
563,-25.616741180419922,-0.09213757514953613,-1.412180781364441,-15.07056713104248,-0.8167417049407959,0.37832289934158325,28.839651107788086,-13.65431022644043,23.41813850402832,-39.31145095825195,-20.0,-2.2197141647338867,-2.8984951972961426,0.2008916586637497,-0.5457580089569092,4.6571760177612305,0.9195024967193604,-0.3431878983974457,1.7508183717727661,0.002127900719642639,0.23733454942703247,0.24554136395454407,2.8554012775421143,0.25505802035331726
564,-6.6593017578125,-1.2985426187515259,1.073479175567627,-6.5029754638671875,-0.35550642013549805,0.04086768627166748,9.944838523864746,-18.109474182128906,23.495784759521484,-50.879878997802734,-11.369715690612793,-1.680370569229126,-2.5804944038391113,0.006047043949365616,-0.3804941177368164,2.279716730117798,0.721358060836792,-0.04962616413831711,1.0928860902786255,-0.08777539432048798,0.2755785286426544,1.7291589975357056,-2.7949702739715576,0.43564751744270325
565,6.8830389976501465,-2.081153154373169,1.1174721717834473,-0.9812750816345215,-0.1334722638130188,0.03555607795715332,-11.309325218200684,-8.300509452819824,13.861867904663086,-60.02699661254883,-11.552106857299805,-1.2110594511032104,-1.9779976606369019,0.11790647357702255,-0.6469151377677917,0.4736834764480591,0.31845754384994507,0.5178269743919373,1.284881591796875,0.02688431739807129,0.036233022809028625,1.2330200672149658,-2.6412770748138428,0.37918031215667725
566,3.6827449798583984,-1.0825979709625244,2.1271817684173584,-1.2719106674194336,-0.30603766441345215,-0.0735883116722107,-7.121264457702637,-9.371230125427246,9.336742401123047,-64.37693786621094,-8.612935066223145,0.785223126411438,-0.9956606030464172,0.5964400172233582,-0.5306633710861206,-2.341989040374756,-1.149941086769104,0.45569896697998047,1.7967276573181152,0.22113747894763947,-0.32610848546028137,0.44639289379119873,-2.314197063446045,0.2019614279270172
567,9.209086418151855,-7.013119220733643,4.565181255340576,6.450709342956543,0.17032265663146973,-0.03319883346557617,-15.451831817626953,-8.616880416870117,8.561691284179688,-58.17435836791992,-0.3260979652404785,1.7129220962524414,-0.173628568649292,0.3487530052661896,-0.34471213817596436,-3.425251007080078,-1.1524957418441772,1.2953741550445557,1.9587184190750122,0.25197190046310425,-0.4241897463798523,0.037114351987838745,-2.1569628715515137,0.06608498096466064
568,12.536898612976074,-5.0971808433532715,3.013458251953125,10.021207809448242,0.26334524154663086,-0.13944530487060547,-22.186859130859375,-8.489550590515137,7.771200180053711,-53.59867477416992,5.747306823730469,1.4183275699615479,0.3236635625362396,0.2797571122646332,-0.21642455458641052,-3.364888906478882,-1.2361719608306885,1.1847580671310425,1.6678835153579712,0.3979150950908661,-0.37963157892227173,-0.07988306879997253,-1.9251329898834229,0.29232457280158997
569,20.853851318359375,4.599147319793701,-3.361445188522339,2.5225067138671875,0.1961592435836792,0.0021567344665527344,-24.25949478149414,2.0865306854248047,-4.5805344581604,-6.860757827758789,10.312448501586914,2.9811959266662598,2.0149543285369873,0.342034250497818,-0.33956265449523926,-7.158939361572266,-0.947267472743988,2.3210153579711914,0.12175819277763367,0.24153636395931244,-0.18721866607666016,2.128593683242798,-0.6466532945632935,0.5368238687515259
570,45.989131927490234,15.554126739501953,-17.70374298095703,-74.29598236083984,7.805373191833496,4.462376594543457,-39.660491943359375,11.264415740966797,-9.385499954223633,0.2702140808105469,0.15277481079101562,0.18724536895751953,2.068654775619507,0.02995827980339527,0.25933849811553955,0.47128236293792725,-2.3092477321624756,-0.15600796043872833,-1.1309666633605957,-0.25443053245544434,-0.49502214789390564,6.280018329620361,1.8161959648132324,2.7751882076263428
571,52.67806625366211,15.443389892578125,-23.747404098510742,-64.54471588134766,14.591769218444824,1.9863667488098145,-63.92536163330078,17.126556396484375,-11.05562973022461,-11.537616729736328,-1.2942618131637573,-0.24583148956298828,1.6634376049041748,-0.262115478515625,0.46805936098098755,-0.11145107448101044,-1.830897569656372,0.1664072722196579,-4.2959771156311035,1.3449132442474365,1.0602233409881592,7.593627452850342,-0.9483306407928467,1.6306244134902954
572,19.97780990600586,29.575965881347656,-41.153587341308594,-68.015380859375,13.83292007446289,-0.7639116048812866,-24.012588500976562,-14.451399803161621,6.929427623748779,-20.00489044189453,-0.6252583265304565,-0.320281058549881,2.3675529956817627,-0.3163436949253082,0.28924596309661865,-1.342015266418457,-1.3325355052947998,0.6882821321487427,-3.1433510780334473,1.0952889919281006,1.3033851385116577,0.03278220444917679,0.6745911836624146,-0.12988202273845673
573,17.578350067138672,21.328994750976562,-26.82124137878418,-44.78450393676758,19.71358299255371,-3.4731216430664062,-18.969158172607422,-7.983711242675781,0.28358030319213867,-1.277350902557373,-0.5037879347801208,-0.004703998565673828,2.7372665405273438,-0.4836145341396332,0.373467355966568,-1.8362243175506592,-1.031847596168518,0.5937778949737549,-3.127216339111328,0.20138294994831085,0.7340044975280762,-1.1734776496887207,-0.26577144861221313,-0.9415310025215149
574,-17.77802276611328,10.922537803649902,-22.333087921142578,-46.04729461669922,20.0,-3.8928136825561523,9.189507484436035,-3.3758456707000732,-0.06571676582098007,1.2551460266113281,-0.033789992332458496,0.052152395248413086,2.8511428833007812,-0.3900940418243408,0.2910078167915344,-2.4624626636505127,-0.7890033721923828,0.36802780628204346,-1.6615099906921387,-0.30021822452545166,-0.08269989490509033,-4.8596014976501465,0.6234869956970215,-1.925182819366455
575,-29.73667335510254,1.6663200855255127,-10.175272941589355,-26.645435333251953,20.0,-5.8233466148376465,24.603567123413086,1.5797616243362427,-0.9620614051818848,12.877801895141602,0.18651968240737915,0.16015148162841797,2.6641523838043213,-0.26909586787223816,0.2530762553215027,-2.14792537689209,-0.7831135988235474,-1.2451657056808472,-0.22406403720378876,-0.48520365357398987,-0.6929686069488525,-5.295637607574463,0.1589372307062149,-2.413691759109497
576,-37.11571502685547,-4.566910743713379,7.009763717651367,-2.651517868041992,20.0,-4.508123397827148,48.973052978515625,-6.447865009307861,6.511645317077637,16.113187789916992,0.7216529846191406,0.1817460060119629,-0.5586095452308655,-0.29728230834007263,0.4225415885448456,4.260049343109131,3.2839319705963135,-2.047395944595337,1.9779354333877563,-0.9815505743026733,-0.8588549494743347,-6.1701273918151855,1.8475040197372437,-1.7861042022705078
577,-53.35491943359375,-2.2534446716308594,3.7898712158203125,-7.261562347412109,-0.8462815284729004,0.11714029312133789,70.79124450683594,-18.306068420410156,18.44266700744629,-13.056559562683105,-19.297698974609375,-5.984677791595459,-3.629711151123047,0.311566025018692,0.9244430065155029,9.733880996704102,3.2767281532287598,-1.8799196481704712,1.7547950744628906,-1.0854072570800781,-0.5533562302589417,-1.2688251733779907,7.94744348526001,0.6427810192108154
578,-19.075387954711914,4.708148956298828,-6.444287300109863,-16.75586700439453,-1.0071861743927002,0.28766632080078125,26.030942916870117,-14.80185317993164,25.388309478759766,-54.9599723815918,-16.782047271728516,-2.804936170578003,-3.4022858142852783,0.45769059658050537,-0.7393532991409302,5.826746940612793,1.7085827589035034,-1.38629150390625,1.1620756387710571,0.09432712942361832,-0.3185216188430786,1.4885740280151367,-2.883169174194336,0.7352927923202515
579,-12.062179565429688,-9.082345962524414,7.776517868041992,-8.853668212890625,-0.5494122505187988,0.06029987335205078,13.564970970153809,-15.167638778686523,22.295564651489258,-57.2320442199707,-16.891403198242188,-1.836755394935608,-3.392613410949707,-0.02411401830613613,0.2943466603755951,2.812739133834839,1.5113836526870728,-0.7567052841186523,1.1923909187316895,-0.06177235767245293,-0.008353698998689651,1.2224905490875244,-2.6317594051361084,0.5201108455657959
580,-4.481954574584961,-4.356914520263672,2.068328619003296,-2.944279670715332,-0.3741856813430786,0.10059881955385208,6.918869972229004,-10.691222190856934,21.913326263427734,-60.60913848876953,-13.149779319763184,-0.6260502934455872,-2.9555187225341797,-0.3091076910495758,0.07681858539581299,0.7471046447753906,1.0635071992874146,0.07201023399829865,1.6403124332427979,-0.07290001958608627,-0.18769875168800354,0.7237749099731445,-2.428034782409668,0.2785016894340515
581,2.850583076477051,-5.603152275085449,2.9269442558288574,1.9592564105987549,-0.21292412281036377,0.03009819984436035,-7.140635013580322,-4.460247039794922,14.72144603729248,-63.493751525878906,-8.06480884552002,-0.5107402205467224,-2.6546356678009033,-0.2401590496301651,-0.06477205455303192,-0.22532051801681519,0.1297702193260193,1.0814133882522583,1.7660404443740845,0.25419336557388306,-0.37622812390327454,0.15227724611759186,-2.162365436553955,0.1433679312467575
582,1.9225621223449707,-1.384630560874939,2.1895196437835693,-1.833817481994629,-0.4141848087310791,-0.07447290420532227,0.7103567123413086,-9.563047409057617,12.609840393066406,-44.55588150024414,3.477153778076172,2.755889892578125,-1.4360332489013672,-0.20607256889343262,0.2041739523410797,-3.3639280796051025,-1.869862675666809,1.9127777814865112,2.2315518856048584,0.26990997791290283,-0.4416133463382721,-0.21263663470745087,-1.9680014848709106,-0.10363943129777908
583,7.374014854431152,8.249472618103027,-5.388111114501953,4.402225494384766,0.18256711959838867,-0.11518430709838867,-11.909444808959961,-21.9265193939209,18.363929748535156,-39.09119415283203,12.639572143554688,3.4668807983398438,-0.4248448312282562,0.19352543354034424,-0.08253999799489975,-5.617763042449951,-0.9555901885032654,1.7513779401779175,2.197255849838257,0.40010032057762146,-0.34377890825271606,-0.4587382674217224,-1.8723064661026,-0.02866610884666443
584,16.7266902923584,4.687405109405518,-3.587111234664917,12.034461975097656,0.3273822069168091,-0.07991790771484375,-17.224655151367188,-10.572539329528809,7.528400421142578,-17.956483840942383,19.388837814331055,5.752372741699219,0.44665613770484924,0.3524611294269562,-0.3468449115753174,-5.399639129638672,-0.48283615708351135,2.21565842628479,1.541538953781128,0.3345928192138672,-0.4474976062774658,0.5737906098365784,-1.1977835893630981,-0.901293158531189
585,44.20689010620117,16.92589569091797,-12.385467529296875,7.289970397949219,-2.8199234008789062,1.3221783638000488,-44.99360275268555,-5.622374057769775,0.5293285846710205,-14.055108070373535,10.087696075439453,3.2700724601745605,2.9006824493408203,1.0126333236694336,0.19749826192855835,-2.217575788497925,5.323416709899902,2.2840065956115723,-0.19379721581935883,0.06151594966650009,-0.19855156540870667,4.06244421005249,0.5531706809997559,2.8075597286224365
586,61.29412841796875,31.819087982177734,-31.672710418701172,-72.14292907714844,3.876229763031006,5.27930212020874,-61.623443603515625,3.658010482788086,-3.9521005153656006,-5.326560974121094,-0.6474624872207642,-0.24146509170532227,1.6924402713775635,-0.4409625232219696,0.1457304060459137,0.7043987512588501,-2.2691304683685303,0.04671056196093559,-3.3022212982177734,-0.035018548369407654,1.4744056463241577,8.442225456237793,0.8879632353782654,3.012860059738159
587,22.952966690063477,36.67104721069336,-39.24107360839844,-77.33389282226562,4.037836074829102,4.153131008148193,-29.465635299682617,-5.8076019287109375,0.8501348495483398,-16.607471466064453,-0.8070838451385498,-0.37472105026245117,2.0854432582855225,-0.11040224134922028,0.18485179543495178,-0.3852071762084961,-1.846281886100769,0.374839186668396,-3.268925428390503,0.4864763021469116,1.8959660530090332,3.041003942489624,1.5831443071365356,1.2790908813476562
588,21.156646728515625,20.221084594726562,-29.720806121826172,-74.63661193847656,15.624364852905273,2.0030198097229004,-26.437786102294922,6.177166938781738,-8.211214065551758,-6.566548824310303,-0.7141880989074707,-0.09018081426620483,2.488020896911621,-0.1325438916683197,0.16058188676834106,-1.4541096687316895,-1.2437580823898315,0.19902148842811584,-3.345679759979248,0.3180589973926544,0.8467310070991516,0.01283216755837202,1.328788161277771,-0.19377095997333527
589,9.674731254577637,12.616515159606934,-22.151784896850586,-43.7370719909668,20.0,-2.3406825065612793,-11.900697708129883,2.5332984924316406,-4.829221725463867,-1.2428607940673828,-0.5841766595840454,0.04214310646057129,2.685898780822754,0.015577666461467743,0.2847558259963989,-1.9370996952056885,-1.008622407913208,0.12178964912891388,-3.0955138206481934,0.18972113728523254,-0.02365216054022312,-2.2155492305755615,0.05713925510644913,-1.0762945413589478
590,-14.168174743652344,6.954206943511963,-14.112382888793945,-31.886903762817383,20.0,-7.869051933288574,16.302488327026367,-4.082503318786621,2.1306748390197754,6.440587043762207,0.0363314151763916,0.0389707088470459,3.149707555770874,-0.3050684928894043,0.24879062175750732,-2.4233627319335938,-0.8889410495758057,0.14938098192214966,-1.3978338241577148,-0.5214955806732178,-0.3115402162075043,-3.639841079711914,-0.7279139161109924,-1.9013267755508423
591,-37.729225158691406,-0.3398153781890869,-6.951495170593262,-18.506046295166016,20.0,-5.408363342285156,36.219974517822266,-4.462868690490723,4.81356143951416,8.9122314453125,0.39214155077934265,0.10607385635375977,1.5090458393096924,-0.18125692009925842,-0.1776578426361084,-0.15099480748176575,0.5608184337615967,-1.7729767560958862,0.8107406497001648,-0.8689977526664734,-0.5807669162750244,-6.541626930236816,-0.0689459815621376,-2.096710681915283
592,-46.17868423461914,-6.261521339416504,8.3996000289917,-5.634830474853516,7.425868511199951,-2.1625547409057617,52.968238830566406,-6.438228130340576,7.113187789916992,19.431396484375,0.7247422933578491,0.12780475616455078,-1.3878754377365112,-0.006272565573453903,0.4442887008190155,5.169746398925781,3.859041213989258,-2.527421474456787,2.8145251274108887,-1.180220127105713,-0.5300688147544861,-6.527163028717041,0.5162683725357056,-1.6526278257369995
593,-35.98486328125,-4.537028789520264,2.5702476501464844,-6.65191650390625,-0.9521617889404297,0.24557042121887207,44.25115966796875,-11.672416687011719,19.077991485595703,-23.100008010864258,-17.35807991027832,-1.8287489414215088,-3.482783794403076,0.07413546741008759,0.31218305230140686,8.676321029663086,1.7161179780960083,-1.4683607816696167,1.2800542116165161,-0.8326125144958496,-0.5189438462257385,-0.27244094014167786,5.00250768661499,0.8048838973045349
594,-9.3594970703125,-1.8873292207717896,1.3370566368103027,-11.576845169067383,-0.6143635511398315,0.13216233253479004,11.504830360412598,-13.975504875183105,20.899335861206055,-50.01539611816406,-20.0,-3.9417288303375244,-3.1289634704589844,-0.20293641090393066,0.05442233756184578,5.842213153839111,1.0120184421539307,-1.0924805402755737,1.485381841659546,-0.3321097493171692,0.08004025369882584,0.4825560450553894,3.430161476135254,0.6995549201965332
595,2.99251651763916,-5.032255172729492,2.687612533569336,-5.282100677490234,-0.27121853828430176,0.06391024589538574,0.7613911628723145,-10.481361389160156,19.531415939331055,-76.92172241210938,-18.61322784423828,-1.0999373197555542,-1.9374933242797852,-0.14493578672409058,0.12742979824543,3.0072667598724365,0.5643390417098999,-1.2220884561538696,1.628151297569275,0.02638217806816101,-0.17261286079883575,0.9513748288154602,-2.6329076290130615,0.43180346488952637
596,1.843245506286621,-7.808475971221924,5.429286003112793,-3.5933408737182617,-0.301790714263916,0.10843285918235779,-8.486547470092773,-9.34459114074707,12.882342338562012,-73.3047103881836,-16.231033325195312,-0.2517218589782715,-1.25858473777771,-0.2755238711833954,0.5561482310295105,0.28228849172592163,-0.4990740418434143,-0.057049065828323364,1.9290964603424072,0.11791586130857468,-0.24243725836277008,0.21704915165901184,-2.3368165493011475,0.49200135469436646
597,-2.2632431983947754,1.3080581426620483,-1.863314151763916,-1.3231658935546875,-0.10855123400688171,0.11723160743713379,-10.05788516998291,-18.13014030456543,15.79195785522461,-56.90116882324219,-7.07792329788208,1.9150421619415283,-1.397419810295105,-0.2746877074241638,0.024637296795845032,-1.7490603923797607,-0.23798178136348724,1.34176504611969,1.5635310411453247,0.2784803807735443,-0.362734854221344,-0.16034379601478577,-1.8826723098754883,0.04045763611793518
598,3.4816784858703613,1.4167327880859375,-1.0570743083953857,5.505030632019043,0.011301994323730469,-0.05141925811767578,-1.939779281616211,-18.831302642822266,17.037940979003906,-50.32291793823242,0.5581612586975098,-0.42877569794654846,-0.5110502243041992,-0.18634189665317535,-0.3492479622364044,-2.2620649337768555,-0.8778829574584961,2.138838291168213,2.0343713760375977,0.3934907913208008,-0.4821203351020813,-0.4944612383842468,-1.8252400159835815,0.049001723527908325
599,-2.4243991374969482,4.993254661560059,-1.5975258350372314,2.346332550048828,-0.09988093376159668,-0.2023310661315918,-4.651279926300049,-23.317155838012695,20.25796890258789,-37.629024505615234,9.903677940368652,1.071628212928772,-0.3438180983066559,-0.007782700937241316,-0.03219155967235565,-3.971824884414673,-1.1651008129119873,1.6286883354187012,1.620214819908142,0.23760828375816345,-0.31662166118621826,-0.40472400188446045,-1.679347276687622,0.23747925460338593
600,10.683504104614258,7.508234024047852,-4.819761276245117,7.194345474243164,0.0628962516784668,-0.06199979782104492,-12.752313613891602,-14.351222038269043,12.0147123336792,-25.91463851928711,15.903450965881348,5.335879325866699,0.6568804383277893,0.3317442238330841,-0.32326608896255493,-4.966509819030762,-2.2744827270507812,2.1113626956939697,1.6785194873809814,0.24113401770591736,-0.4019245207309723,-0.3417174220085144,-1.8098220825195312,0.18073999881744385
601,26.7119140625,10.258962631225586,-7.719998359680176,9.245538711547852,0.7212166786193848,-0.0809926986694336,-25.930240631103516,-6.708302021026611,0.12677860260009766,-10.562142372131348,18.673057556152344,4.470548629760742,2.172804355621338,0.7936078906059265,-0.8563677072525024,-6.842453479766846,0.6202076077461243,2.3248488903045654,-0.21166332066059113,0.12301690131425858,-0.47587907314300537,2.531998634338379,0.24974378943443298,0.6342676281929016
602,65.28810119628906,25.38410186767578,-27.90610694885254,-58.56098556518555,7.37221097946167,-4.2584381103515625,-60.3625602722168,9.50272274017334,-8.358901977539062,-3.5529441833496094,-0.3140549659729004,0.15238380432128906,1.4583414793014526,-0.4073050916194916,-0.059022173285484314,0.649408221244812,-2.570064067840576,1.3214590549468994,-3.087268590927124,-0.08449020236730576,0.2306492179632187,8.369680404663086,2.2014319896698,3.5888288021087646
603,39.17979431152344,32.22161102294922,-36.14104080200195,-71.15243530273438,6.444380760192871,2.2435526847839355,-41.9313850402832,-0.4700601100921631,-0.16675472259521484,-14.975757598876953,-1.139153003692627,-0.46603822708129883,1.8788474798202515,-0.34640687704086304,0.06453444808721542,-0.30226418375968933,-1.7694191932678223,0.30974552035331726,-3.884084701538086,0.9071601033210754,1.812180757522583,5.607576370239258,0.8992999196052551,1.483838438987732
604,14.47751235961914,23.343528747558594,-28.59665298461914,-61.92123031616211,14.480246543884277,-0.04681265354156494,-19.591997146606445,-3.1241767406463623,-0.7383623123168945,-13.298225402832031,-0.8041564226150513,-0.20865654945373535,2.2840487957000732,-0.3787764608860016,0.051322922110557556,-1.3192230463027954,-1.2455788850784302,0.3729255795478821,-3.3374440670013428,0.8360887765884399,1.797105073928833,0.4136294424533844,0.25155213475227356,0.07251238822937012
605,3.2895898818969727,14.416407585144043,-19.84014320373535,-49.90635681152344,20.0,-6.758081436157227,-8.011274337768555,0.5113691687583923,-7.012725830078125,-3.4763755798339844,-0.43791255354881287,0.018914461135864258,2.6052658557891846,-0.14574351906776428,0.20091404020786285,-2.07883358001709,-0.9069103002548218,0.5138694047927856,-2.5309202671051025,0.008786122314631939,-0.25048771500587463,-3.4488799571990967,0.09429098665714264,-1.870921015739441
606,-3.2361154556274414,7.975025653839111,-11.875838279724121,-27.39376449584961,20.0,-8.933107376098633,0.4435005187988281,1.5640217065811157,-1.370295763015747,7.970186233520508,-0.10442018508911133,0.1385040283203125,2.5397398471832275,-0.4572030305862427,0.1684916466474533,-2.0996158123016357,-0.7105159759521484,0.12432387471199036,-2.2652833461761475,-0.4678889811038971,-0.5639355778694153,-2.8587429523468018,-1.1090667247772217,-2.6005988121032715
607,-19.41958236694336,-2.3223624229431152,-5.338284015655518,-6.477393627166748,20.0,-4.638515472412109,27.702180862426758,-2.0329642295837402,1.3426289558410645,6.97327995300293,0.49665987491607666,0.25464963912963867,1.4045906066894531,0.026582475751638412,0.38302573561668396,0.8449651598930359,0.15569749474525452,-3.119636058807373,-0.21750856935977936,-0.5837170481681824,-1.3543213605880737,-5.250334739685059,1.0072332620620728,-2.175737142562866
